v 0.505994 0.509498 -0.626363
v 0.509166 0.504844 -0.620845
v 0.532988 0.503893 -0.620724
v 0.529224 0.508471 -0.625917
v 0.554782 0.503047 -0.621718
v 0.550498 0.507500 -0.626445
v 0.512508 0.500608 -0.616177
v 0.536876 0.499738 -0.616409
v 0.559153 0.499006 -0.617873
v 0.525881 0.513359 -0.632063
v 0.503217 0.514473 -0.632789
v 0.523253 0.518444 -0.639237
v 0.501060 0.519673 -0.640181
v 0.546677 0.512243 -0.632160
v 0.543697 0.517151 -0.638969
v 0.479112 0.515557 -0.633915
v 0.481281 0.510513 -0.627319
v 0.453992 0.516584 -0.635020
v 0.455559 0.511447 -0.628320
v 0.477483 0.520859 -0.641431
v 0.452883 0.522019 -0.642615
v 0.483824 0.505801 -0.621589
v 0.486573 0.501496 -0.616675
v 0.457467 0.506663 -0.622464
v 0.459600 0.502285 -0.617398
v 0.518684 0.493541 -0.609190
v 0.543802 0.492908 -0.610114
v 0.540596 0.496121 -0.612895
v 0.515792 0.496884 -0.612301
v 0.566687 0.492403 -0.612403
v 0.563234 0.495501 -0.614804
v 0.489362 0.497672 -0.612524
v 0.491876 0.494198 -0.609154
v 0.461844 0.498366 -0.613069
v 0.463921 0.494776 -0.609525
v 0.493805 0.490947 -0.606581
v 0.520848 0.490449 -0.606821
v 0.494834 0.487787 -0.604823
v 0.521948 0.487476 -0.605167
v 0.465556 0.491384 -0.606817
v 0.466474 0.488058 -0.604994
v 0.546150 0.489968 -0.607995
v 0.569177 0.489583 -0.610563
v 0.547298 0.487169 -0.606470
v 0.570364 0.486913 -0.609177
v 0.604177 0.491990 -0.622330
v 0.600424 0.494956 -0.623888
v 0.583167 0.495141 -0.618524
v 0.586799 0.492128 -0.616536
v 0.595856 0.498251 -0.625879
v 0.578810 0.498529 -0.621075
v 0.589391 0.489371 -0.614983
v 0.606836 0.489249 -0.621067
v 0.590627 0.486753 -0.613734
v 0.608120 0.486630 -0.619959
v 0.621553 0.489137 -0.628627
v 0.618859 0.491895 -0.629601
v 0.633584 0.488951 -0.637476
v 0.630886 0.491750 -0.638166
v 0.622879 0.486484 -0.627673
v 0.634937 0.486256 -0.636696
v 0.615030 0.494857 -0.630731
v 0.610299 0.498119 -0.632152
v 0.627015 0.494757 -0.638886
v 0.622146 0.498075 -0.639760
v 0.585648 0.506007 -0.631756
v 0.569343 0.506655 -0.628411
v 0.574044 0.502407 -0.624319
v 0.590755 0.501981 -0.628442
v 0.604897 0.501779 -0.634000
v 0.599305 0.505628 -0.636422
v 0.616452 0.501807 -0.640909
v 0.610264 0.505668 -0.642416
v 0.594001 0.509458 -0.639563
v 0.581063 0.510189 -0.636000
v 0.590472 0.513123 -0.643865
v 0.577779 0.514405 -0.641427
v 0.603912 0.509371 -0.644364
v 0.598734 0.512133 -0.646259
v 0.565180 0.511151 -0.633502
v 0.562030 0.515776 -0.639747
v 0.520260 0.481376 -0.603984
v 0.518088 0.478015 -0.604568
v 0.542816 0.478297 -0.605412
v 0.545296 0.481466 -0.605084
v 0.565463 0.478486 -0.607618
v 0.568166 0.481501 -0.607576
v 0.515441 0.474288 -0.606010
v 0.539799 0.474741 -0.606547
v 0.562149 0.475082 -0.608394
v 0.546902 0.484379 -0.605468
v 0.521650 0.484491 -0.604202
v 0.569913 0.484265 -0.608138
v 0.494651 0.484590 -0.603897
v 0.493522 0.481257 -0.603822
v 0.466400 0.484667 -0.604106
v 0.465545 0.481132 -0.604145
v 0.491712 0.477690 -0.604620
v 0.489486 0.473790 -0.606312
v 0.464124 0.477375 -0.605106
v 0.462349 0.473316 -0.606979
v 0.509991 0.465414 -0.611867
v 0.533550 0.466108 -0.611778
v 0.536579 0.470667 -0.608584
v 0.512627 0.470079 -0.608368
v 0.555164 0.466742 -0.612827
v 0.558565 0.471154 -0.610033
v 0.487111 0.469459 -0.608916
v 0.484887 0.464717 -0.612637
v 0.460434 0.468876 -0.609760
v 0.458634 0.464072 -0.613632
v 0.483117 0.459584 -0.617678
v 0.507880 0.460322 -0.616734
v 0.482104 0.454081 -0.624240
v 0.506637 0.454829 -0.623196
v 0.457207 0.458919 -0.618780
v 0.456406 0.453435 -0.625387
v 0.531105 0.461101 -0.616385
v 0.552403 0.461889 -0.617066
v 0.529638 0.455680 -0.622661
v 0.550735 0.456636 -0.623041
v 0.591229 0.467561 -0.619663
v 0.595357 0.471561 -0.617997
v 0.578180 0.471471 -0.613185
v 0.574437 0.467260 -0.615470
v 0.599527 0.475208 -0.617360
v 0.582078 0.475242 -0.612023
v 0.571385 0.462655 -0.619213
v 0.587712 0.463281 -0.622707
v 0.569560 0.457699 -0.624746
v 0.585647 0.458773 -0.627561
v 0.601048 0.463651 -0.627431
v 0.605403 0.467540 -0.625361
v 0.611423 0.463313 -0.633477
v 0.616912 0.467012 -0.632572
v 0.598530 0.459763 -0.631276
v 0.606873 0.460495 -0.634783
v 0.610028 0.471365 -0.624429
v 0.614441 0.474965 -0.624332
v 0.622125 0.470825 -0.632438
v 0.626761 0.474500 -0.632865
v 0.606006 0.481330 -0.617961
v 0.588406 0.481459 -0.611914
v 0.585594 0.478529 -0.611650
v 0.603171 0.478427 -0.617403
v 0.618159 0.478178 -0.624770
v 0.620955 0.481103 -0.625582
v 0.630522 0.477782 -0.633646
v 0.633245 0.480770 -0.634639
v 0.622604 0.483839 -0.626604
v 0.607749 0.484027 -0.618869
v 0.634770 0.483562 -0.635703
v 0.590191 0.484158 -0.612659
v 0.296393 0.511808 -0.627380
v 0.295401 0.506701 -0.622404
v 0.321889 0.507366 -0.622662
v 0.322527 0.512559 -0.628000
v 0.348867 0.507817 -0.622974
v 0.349116 0.513031 -0.628618
v 0.294404 0.502202 -0.618170
v 0.321292 0.502761 -0.618109
v 0.348707 0.503160 -0.618144
v 0.323138 0.518401 -0.634276
v 0.297283 0.517628 -0.633286
v 0.323652 0.524954 -0.641641
v 0.297975 0.524265 -0.640308
v 0.349415 0.518822 -0.635192
v 0.349721 0.525213 -0.642816
v 0.272147 0.516646 -0.632514
v 0.270980 0.510912 -0.626987
v 0.248025 0.515597 -0.632251
v 0.246552 0.510006 -0.627047
v 0.273010 0.523277 -0.639169
v 0.249080 0.522124 -0.638574
v 0.269633 0.505937 -0.622369
v 0.268233 0.501580 -0.618444
v 0.244815 0.505189 -0.622726
v 0.242971 0.500989 -0.619053
v 0.292761 0.494547 -0.611420
v 0.320455 0.494958 -0.610958
v 0.320807 0.498685 -0.614189
v 0.293498 0.498210 -0.614489
v 0.348740 0.495278 -0.610622
v 0.348677 0.499039 -0.614008
v 0.266903 0.497702 -0.614994
v 0.265773 0.494128 -0.612076
v 0.241174 0.497246 -0.615793
v 0.239608 0.493786 -0.612994
v 0.264971 0.490681 -0.609745
v 0.292267 0.491035 -0.609021
v 0.264626 0.487187 -0.608059
v 0.292092 0.487497 -0.607350
v 0.238455 0.490431 -0.610702
v 0.237898 0.487006 -0.608965
v 0.320258 0.491405 -0.608473
v 0.348860 0.491704 -0.608042
v 0.320237 0.487846 -0.606788
v 0.349003 0.488143 -0.606323
v 0.406462 0.495386 -0.610087
v 0.405401 0.499122 -0.613683
v 0.376954 0.499185 -0.613856
v 0.377499 0.495421 -0.610342
v 0.404330 0.503197 -0.618074
v 0.376457 0.503302 -0.618153
v 0.377991 0.491848 -0.607672
v 0.407350 0.491839 -0.607352
v 0.378332 0.488299 -0.605906
v 0.407902 0.488328 -0.605541
v 0.436638 0.491683 -0.607070
v 0.435359 0.495172 -0.609826
v 0.437390 0.488243 -0.605236
v 0.433777 0.498849 -0.613438
v 0.432116 0.502855 -0.617843
v 0.402684 0.512801 -0.629117
v 0.375896 0.513090 -0.629006
v 0.376107 0.507939 -0.623172
v 0.403415 0.507765 -0.623194
v 0.430599 0.507329 -0.622979
v 0.429299 0.512232 -0.628904
v 0.428284 0.517526 -0.635679
v 0.402166 0.518282 -0.635915
v 0.427625 0.523174 -0.643365
v 0.401890 0.524184 -0.643660
v 0.375817 0.518748 -0.635745
v 0.375861 0.524910 -0.643483
v 0.292812 0.479799 -0.606407
v 0.293474 0.475613 -0.607222
v 0.321093 0.475983 -0.606963
v 0.320723 0.480157 -0.606012
v 0.349283 0.476359 -0.606681
v 0.349231 0.480503 -0.605641
v 0.294183 0.471186 -0.608953
v 0.321457 0.471559 -0.608834
v 0.349272 0.471955 -0.608645
v 0.320415 0.484104 -0.605961
v 0.292312 0.483756 -0.606464
v 0.349132 0.484420 -0.605522
v 0.264866 0.483469 -0.607073
v 0.265531 0.479522 -0.606858
v 0.238118 0.483337 -0.607832
v 0.238915 0.479420 -0.607400
v 0.266460 0.475340 -0.607482
v 0.267492 0.470918 -0.609015
v 0.240085 0.475255 -0.607768
v 0.241428 0.470838 -0.609036
v 0.295286 0.461631 -0.615373
v 0.321909 0.461944 -0.615505
v 0.321746 0.466862 -0.611647
v 0.294821 0.466503 -0.611642
v 0.349018 0.462310 -0.615481
v 0.349182 0.467258 -0.611536
v 0.268466 0.466250 -0.611526
v 0.269230 0.461420 -0.615086
v 0.242740 0.466169 -0.611303
v 0.243819 0.461359 -0.614642
v 0.269628 0.456512 -0.619765
v 0.295474 0.456633 -0.620230
v 0.269508 0.451610 -0.625634
v 0.295280 0.451572 -0.626296
v 0.244464 0.456521 -0.619126
v 0.244472 0.451769 -0.624829
v 0.321895 0.456855 -0.620513
v 0.348788 0.457149 -0.620606
v 0.321655 0.451645 -0.626777
v 0.348499 0.451818 -0.627038
v 0.404169 0.463079 -0.614945
v 0.405112 0.467992 -0.610942
v 0.377071 0.467624 -0.611306
v 0.376535 0.462679 -0.615300
v 0.406082 0.472604 -0.608004
v 0.377586 0.472291 -0.608370
v 0.376047 0.457488 -0.620498
v 0.403390 0.457886 -0.620170
v 0.375678 0.452081 -0.627042
v 0.402911 0.452437 -0.626776
v 0.430537 0.458358 -0.619604
v 0.431632 0.463534 -0.614395
v 0.429914 0.452887 -0.626228
v 0.433000 0.468399 -0.610431
v 0.434442 0.472933 -0.607542
v 0.407600 0.480906 -0.604874
v 0.378302 0.480742 -0.605257
v 0.378010 0.476650 -0.606350
v 0.406944 0.476891 -0.605974
v 0.435758 0.477121 -0.605558
v 0.436793 0.481026 -0.604499
v 0.437389 0.484712 -0.604385
v 0.407952 0.484701 -0.604722
v 0.378422 0.484612 -0.605105
v 0.129294 0.510617 -0.638666
v 0.123997 0.507506 -0.634867
v 0.140271 0.505948 -0.631763
v 0.144858 0.509465 -0.635708
v 0.158263 0.504777 -0.629180
v 0.162191 0.508682 -0.633172
v 0.118441 0.504478 -0.631562
v 0.135361 0.502692 -0.628378
v 0.154022 0.501277 -0.625762
v 0.148603 0.513336 -0.640314
v 0.133706 0.513899 -0.642969
v 0.150986 0.517656 -0.645684
v 0.136409 0.517467 -0.647917
v 0.165409 0.513084 -0.637887
v 0.167523 0.518072 -0.643475
v 0.121012 0.514639 -0.645805
v 0.115677 0.511957 -0.642160
v 0.110763 0.515674 -0.649327
v 0.104176 0.513365 -0.646441
v 0.124151 0.517401 -0.649970
v 0.115777 0.517380 -0.651525
v 0.109609 0.509204 -0.638682
v 0.103461 0.506331 -0.635535
v 0.097273 0.510792 -0.643396
v 0.090621 0.507948 -0.640517
v 0.108774 0.498347 -0.626347
v 0.126509 0.496574 -0.622922
v 0.130650 0.499604 -0.625449
v 0.113248 0.501443 -0.628740
v 0.146158 0.495071 -0.620160
v 0.149865 0.498092 -0.622772
v 0.097885 0.503291 -0.632886
v 0.093201 0.500084 -0.630688
v 0.084789 0.504830 -0.638131
v 0.080035 0.501478 -0.636201
v 0.089726 0.496708 -0.628894
v 0.105378 0.495136 -0.624329
v 0.087781 0.493162 -0.627459
v 0.103417 0.491755 -0.622633
v 0.076617 0.497933 -0.634691
v 0.074796 0.494236 -0.633565
v 0.123313 0.493494 -0.620742
v 0.143269 0.492060 -0.617881
v 0.121434 0.490257 -0.618854
v 0.141564 0.488910 -0.615887
v 0.190277 0.493690 -0.615839
v 0.192914 0.496883 -0.618531
v 0.170667 0.497228 -0.620464
v 0.167475 0.494144 -0.617805
v 0.195856 0.500331 -0.621605
v 0.174224 0.500535 -0.623496
v 0.164985 0.491111 -0.615492
v 0.188238 0.490572 -0.613530
v 0.163537 0.487954 -0.613498
v 0.187091 0.487347 -0.611602
v 0.212803 0.490370 -0.611948
v 0.214382 0.493605 -0.614241
v 0.211966 0.487045 -0.610119
v 0.216464 0.496931 -0.616973
v 0.218808 0.500528 -0.620115
v 0.201533 0.508668 -0.629119
v 0.181110 0.508453 -0.630944
v 0.177807 0.504242 -0.626927
v 0.198809 0.504216 -0.625062
v 0.221176 0.504574 -0.623642
v 0.223375 0.509222 -0.627789
v 0.225215 0.514625 -0.632788
v 0.203791 0.513820 -0.633993
v 0.226503 0.520935 -0.638874
v 0.205344 0.519803 -0.639903
v 0.183831 0.513276 -0.635737
v 0.185663 0.518818 -0.641492
v 0.104556 0.484305 -0.620156
v 0.107032 0.480205 -0.619594
v 0.124665 0.478886 -0.615228
v 0.122430 0.482969 -0.615943
v 0.144497 0.477641 -0.612055
v 0.142494 0.481717 -0.612795
v 0.110361 0.475834 -0.619630
v 0.127632 0.474489 -0.615212
v 0.147105 0.473222 -0.612092
v 0.121247 0.486754 -0.617203
v 0.103247 0.488150 -0.621205
v 0.141411 0.485468 -0.614132
v 0.087684 0.489445 -0.626335
v 0.089139 0.485537 -0.625577
v 0.074829 0.490428 -0.632788
v 0.076446 0.486476 -0.632354
v 0.091850 0.481418 -0.625241
v 0.095522 0.477068 -0.625380
v 0.079376 0.482346 -0.632258
v 0.083349 0.478004 -0.632495
v 0.118071 0.466518 -0.622092
v 0.134272 0.464977 -0.618013
v 0.131011 0.469761 -0.616049
v 0.114230 0.471175 -0.620375
v 0.152744 0.463575 -0.615272
v 0.150000 0.468445 -0.613086
v 0.099857 0.472467 -0.626049
v 0.104363 0.467949 -0.627415
v 0.088091 0.473417 -0.633058
v 0.093291 0.468946 -0.633983
v 0.108547 0.463846 -0.629642
v 0.121315 0.462147 -0.625045
v 0.110933 0.460440 -0.633381
v 0.123147 0.458339 -0.629619
v 0.098634 0.464951 -0.635303
v 0.103001 0.462146 -0.636678
v 0.136886 0.460409 -0.621377
v 0.154896 0.458876 -0.618883
v 0.138324 0.456331 -0.626415
v 0.156017 0.454615 -0.624156
v 0.195506 0.461882 -0.613683
v 0.193675 0.466748 -0.610920
v 0.170999 0.467447 -0.611500
v 0.173266 0.462559 -0.613960
v 0.191629 0.471492 -0.609325
v 0.168545 0.472223 -0.610237
v 0.174981 0.457794 -0.617807
v 0.196819 0.457089 -0.617752
v 0.175778 0.453391 -0.623226
v 0.197307 0.452569 -0.623267
v 0.220087 0.456690 -0.618323
v 0.219135 0.461497 -0.614042
v 0.220305 0.452058 -0.623921
v 0.217699 0.466329 -0.610978
v 0.216032 0.471030 -0.609032
v 0.188084 0.480027 -0.609054
v 0.164481 0.480736 -0.610565
v 0.166273 0.476648 -0.609986
v 0.189674 0.475916 -0.608757
v 0.214384 0.475449 -0.608105
v 0.212997 0.479589 -0.608066
v 0.212111 0.483453 -0.608781
v 0.187131 0.483835 -0.610057
v 0.163469 0.484500 -0.611795
v 0.570402 0.468933 -0.967316
v 0.567225 0.464689 -0.966811
v 0.548429 0.464887 -0.968367
v 0.551107 0.469109 -0.968923
v 0.528456 0.465083 -0.969196
v 0.530667 0.469290 -0.969788
v 0.563621 0.460738 -0.965726
v 0.545467 0.460922 -0.967197
v 0.526071 0.461099 -0.967969
v 0.553197 0.473450 -0.968845
v 0.572816 0.473327 -0.967200
v 0.554399 0.477771 -0.968113
v 0.574130 0.477729 -0.966426
v 0.532440 0.473589 -0.969739
v 0.533509 0.477847 -0.969043
v 0.591025 0.473234 -0.964457
v 0.588332 0.468776 -0.964626
v 0.607557 0.473187 -0.960267
v 0.604676 0.468655 -0.960515
v 0.592393 0.477727 -0.963638
v 0.608879 0.477774 -0.959402
v 0.584672 0.464497 -0.964204
v 0.580406 0.460539 -0.963248
v 0.600601 0.464318 -0.960219
v 0.595699 0.460314 -0.959453
v 0.556648 0.454084 -0.961887
v 0.540043 0.454103 -0.963033
v 0.542523 0.457351 -0.965432
v 0.559927 0.457223 -0.964097
v 0.521924 0.454134 -0.963601
v 0.523777 0.457473 -0.966112
v 0.575895 0.457047 -0.961815
v 0.571599 0.454013 -0.959908
v 0.590335 0.456783 -0.958292
v 0.584832 0.453766 -0.956790
v 0.567977 0.451429 -0.957529
v 0.554291 0.451264 -0.959058
v 0.566552 0.449186 -0.954488
v 0.553627 0.448680 -0.955524
v 0.579512 0.451304 -0.955001
v 0.575407 0.449666 -0.953363
v 0.538477 0.451106 -0.959962
v 0.520865 0.451017 -0.960412
v 0.538273 0.448290 -0.956178
v 0.520949 0.448051 -0.956522
v 0.481740 0.454421 -0.963875
v 0.482688 0.457823 -0.966506
v 0.503784 0.457630 -0.966430
v 0.502432 0.454244 -0.963847
v 0.484040 0.461478 -0.968471
v 0.505558 0.461281 -0.968351
v 0.501783 0.451057 -0.960585
v 0.481423 0.451201 -0.960569
v 0.502115 0.447999 -0.956629
v 0.481962 0.448092 -0.956578
v 0.459975 0.451423 -0.960456
v 0.460022 0.454655 -0.963790
v 0.437631 0.451697 -0.960336
v 0.437452 0.454934 -0.963697
v 0.460678 0.448288 -0.956446
v 0.438454 0.448544 -0.956312
v 0.460635 0.458056 -0.966456
v 0.461628 0.461701 -0.968459
v 0.437768 0.458330 -0.966398
v 0.438435 0.461961 -0.968443
v 0.487076 0.469630 -0.970443
v 0.509305 0.469459 -0.970249
v 0.507476 0.465267 -0.969623
v 0.485570 0.465455 -0.969783
v 0.462819 0.465662 -0.969809
v 0.464034 0.469817 -0.970504
v 0.439304 0.465903 -0.969835
v 0.440235 0.470034 -0.970570
v 0.465101 0.474043 -0.970544
v 0.488355 0.473878 -0.970451
v 0.465846 0.478216 -0.969928
v 0.489207 0.478072 -0.969811
v 0.441086 0.474232 -0.970644
v 0.441713 0.478377 -0.970054
v 0.510814 0.473729 -0.970229
v 0.511770 0.477948 -0.969563
v 0.489152 0.486087 -0.966645
v 0.488504 0.490235 -0.964227
v 0.510538 0.490102 -0.963941
v 0.511482 0.485992 -0.966358
v 0.531613 0.490041 -0.963323
v 0.532921 0.485959 -0.965765
v 0.487615 0.494695 -0.961326
v 0.509264 0.494461 -0.961061
v 0.529863 0.494295 -0.960439
v 0.511943 0.481988 -0.968253
v 0.489430 0.482087 -0.968524
v 0.533612 0.481932 -0.967695
v 0.466098 0.482212 -0.968656
v 0.465967 0.486210 -0.966779
v 0.441975 0.482346 -0.968794
v 0.441960 0.486325 -0.966916
v 0.465560 0.490386 -0.964348
v 0.464989 0.494919 -0.961414
v 0.441758 0.490499 -0.964471
v 0.441456 0.495052 -0.961508
v 0.485623 0.504818 -0.954104
v 0.506348 0.504150 -0.953971
v 0.507808 0.499213 -0.957779
v 0.486615 0.499631 -0.957995
v 0.525816 0.503478 -0.953440
v 0.527845 0.498833 -0.957182
v 0.464361 0.499985 -0.958029
v 0.463759 0.505355 -0.954054
v 0.441143 0.500171 -0.958078
v 0.440872 0.505632 -0.954037
v 0.463260 0.510799 -0.949351
v 0.484759 0.510035 -0.949520
v 0.462945 0.516088 -0.943779
v 0.484141 0.515058 -0.944112
v 0.440696 0.511212 -0.949237
v 0.440667 0.516689 -0.943534
v 0.505060 0.509069 -0.949514
v 0.524033 0.508049 -0.949098
v 0.504121 0.513763 -0.944284
v 0.522752 0.512368 -0.944044
v 0.560284 0.502546 -0.950436
v 0.563857 0.498522 -0.954067
v 0.546630 0.498596 -0.956008
v 0.543909 0.502928 -0.952297
v 0.567375 0.494393 -0.957345
v 0.549341 0.494273 -0.959277
v 0.541544 0.507124 -0.948042
v 0.557096 0.506336 -0.946402
v 0.539900 0.511036 -0.943143
v 0.554989 0.509783 -0.941810
v 0.570192 0.505727 -0.944236
v 0.574598 0.502374 -0.947753
v 0.580586 0.505604 -0.941134
v 0.586572 0.502524 -0.944026
v 0.567441 0.508626 -0.940272
v 0.575726 0.507737 -0.938939
v 0.579222 0.498632 -0.951171
v 0.583641 0.494648 -0.954409
v 0.592419 0.498949 -0.947130
v 0.597817 0.495034 -0.950239
v 0.572685 0.486171 -0.962887
v 0.553435 0.486022 -0.964710
v 0.551677 0.490108 -0.962205
v 0.570396 0.490289 -0.960317
v 0.587433 0.490569 -0.957386
v 0.590331 0.486391 -0.959991
v 0.602453 0.490933 -0.953142
v 0.606035 0.486673 -0.955718
v 0.592073 0.482112 -0.962112
v 0.574008 0.481997 -0.964956
v 0.608274 0.482278 -0.957845
v 0.554410 0.481936 -0.966707
v 0.291744 0.457893 -0.968500
v 0.290012 0.461323 -0.971252
v 0.315362 0.460653 -0.969518
v 0.316659 0.457223 -0.966704
v 0.340596 0.460010 -0.968150
v 0.341503 0.456584 -0.965302
v 0.288297 0.464814 -0.973358
v 0.314138 0.464192 -0.971686
v 0.339821 0.463589 -0.970352
v 0.317933 0.453854 -0.963254
v 0.293337 0.454487 -0.965099
v 0.319088 0.450498 -0.959178
v 0.294634 0.451069 -0.961044
v 0.342503 0.453251 -0.961824
v 0.343556 0.449953 -0.957733
v 0.268874 0.455075 -0.967235
v 0.266918 0.458518 -0.970583
v 0.244703 0.455542 -0.969541
v 0.242342 0.459019 -0.972844
v 0.270357 0.451591 -0.963193
v 0.246419 0.451995 -0.965490
v 0.264710 0.461946 -0.973261
v 0.262467 0.465385 -0.975292
v 0.239618 0.462445 -0.975451
v 0.236815 0.465837 -0.977411
v 0.285486 0.472009 -0.975634
v 0.312247 0.471650 -0.974044
v 0.313080 0.467889 -0.973197
v 0.286753 0.468403 -0.974821
v 0.338791 0.471274 -0.972756
v 0.339215 0.467379 -0.971890
v 0.260406 0.468863 -0.976701
v 0.258685 0.472314 -0.977479
v 0.234214 0.469215 -0.978775
v 0.232023 0.472528 -0.979535
v 0.257458 0.475674 -0.977620
v 0.284601 0.475554 -0.975787
v 0.256882 0.478878 -0.977113
v 0.284204 0.478956 -0.975274
v 0.230451 0.475727 -0.979683
v 0.229705 0.478764 -0.979211
v 0.311696 0.475380 -0.974217
v 0.338559 0.475169 -0.972942
v 0.311483 0.478987 -0.973710
v 0.338531 0.478961 -0.972439
v 0.390611 0.470590 -0.971175
v 0.390308 0.466533 -0.970350
v 0.364984 0.466927 -0.970962
v 0.364937 0.470919 -0.971817
v 0.390123 0.462638 -0.968858
v 0.365178 0.463074 -0.969434
v 0.365006 0.474935 -0.971992
v 0.390961 0.474692 -0.971323
v 0.365160 0.478865 -0.971479
v 0.391288 0.478723 -0.970788
v 0.416347 0.474453 -0.970889
v 0.415736 0.470293 -0.970776
v 0.416833 0.478553 -0.970327
v 0.415108 0.466192 -0.969995
v 0.414571 0.462270 -0.968552
v 0.390387 0.455615 -0.963902
v 0.366116 0.456054 -0.964402
v 0.365551 0.459472 -0.967242
v 0.390129 0.459023 -0.966705
v 0.414234 0.458647 -0.966452
v 0.414203 0.455248 -0.963701
v 0.414582 0.451997 -0.960300
v 0.390957 0.452343 -0.960460
v 0.415478 0.448820 -0.956253
v 0.391903 0.449133 -0.956390
v 0.366888 0.452754 -0.960930
v 0.367878 0.449505 -0.956843
v 0.285055 0.485295 -0.972277
v 0.286039 0.488637 -0.969903
v 0.312896 0.489272 -0.968286
v 0.312163 0.485739 -0.970686
v 0.339603 0.489820 -0.966984
v 0.339086 0.486100 -0.969402
v 0.287219 0.492365 -0.967020
v 0.313784 0.493166 -0.965374
v 0.340233 0.493890 -0.964047
v 0.311665 0.482375 -0.972513
v 0.284399 0.482135 -0.974085
v 0.338718 0.482542 -0.971239
v 0.257112 0.481860 -0.975952
v 0.257959 0.484832 -0.974182
v 0.229995 0.481589 -0.978109
v 0.231072 0.484414 -0.976407
v 0.259236 0.488003 -0.971849
v 0.260753 0.491584 -0.968998
v 0.232690 0.487454 -0.974134
v 0.234602 0.490922 -0.971319
v 0.289738 0.501545 -0.959705
v 0.315769 0.502560 -0.958005
v 0.314747 0.497616 -0.962007
v 0.288462 0.496680 -0.963682
v 0.341730 0.503544 -0.956611
v 0.340944 0.498495 -0.960647
v 0.262322 0.495785 -0.965675
v 0.263891 0.500586 -0.961699
v 0.236560 0.495031 -0.967990
v 0.238485 0.499770 -0.963975
v 0.265410 0.505966 -0.956888
v 0.291014 0.506922 -0.954907
v 0.266828 0.511905 -0.951060
v 0.292261 0.512775 -0.949103
v 0.240298 0.505131 -0.959100
v 0.241920 0.511103 -0.953190
v 0.316832 0.507937 -0.953187
v 0.342585 0.508946 -0.951763
v 0.317919 0.513686 -0.947374
v 0.343503 0.514609 -0.945928
v 0.392531 0.505093 -0.954759
v 0.392235 0.499759 -0.958838
v 0.366819 0.499219 -0.959599
v 0.367366 0.504411 -0.955535
v 0.392011 0.494814 -0.962284
v 0.366351 0.494439 -0.963027
v 0.367996 0.509885 -0.950665
v 0.392916 0.510648 -0.949885
v 0.368714 0.515514 -0.944822
v 0.393407 0.516259 -0.944055
v 0.417199 0.511126 -0.949412
v 0.417081 0.505522 -0.954266
v 0.417439 0.516698 -0.943626
v 0.417055 0.500086 -0.958340
v 0.417088 0.495018 -0.961787
v 0.391690 0.486403 -0.967700
v 0.365629 0.486312 -0.968418
v 0.365956 0.490198 -0.965985
v 0.391842 0.490424 -0.965256
v 0.417147 0.490518 -0.964762
v 0.417168 0.486398 -0.967211
v 0.417084 0.482472 -0.969083
v 0.391518 0.482564 -0.969562
v 0.365366 0.482596 -0.970268
v 0.115884 0.461391 -0.971159
v 0.110786 0.464574 -0.972246
v 0.127731 0.463949 -0.976847
v 0.132649 0.460674 -0.975199
v 0.146973 0.463447 -0.979657
v 0.151652 0.460097 -0.977591
v 0.105725 0.467783 -0.972827
v 0.122724 0.467185 -0.977914
v 0.142161 0.466717 -0.981111
v 0.136833 0.457410 -0.972668
v 0.120354 0.458335 -0.969213
v 0.139637 0.454205 -0.968950
v 0.123254 0.455487 -0.965975
v 0.155639 0.456685 -0.974679
v 0.158373 0.453228 -0.970692
v 0.106834 0.459358 -0.964641
v 0.101771 0.462157 -0.965751
v 0.096499 0.460114 -0.959139
v 0.090627 0.462815 -0.959222
v 0.109996 0.456961 -0.962160
v 0.101443 0.458192 -0.958716
v 0.096469 0.465245 -0.966156
v 0.091462 0.468447 -0.966198
v 0.085111 0.465885 -0.958875
v 0.080236 0.469110 -0.958373
v 0.097931 0.473990 -0.973511
v 0.114674 0.473397 -0.979205
v 0.118274 0.470334 -0.978704
v 0.101363 0.470921 -0.973254
v 0.134152 0.472959 -0.982864
v 0.137777 0.469889 -0.982184
v 0.087287 0.471589 -0.966220
v 0.084103 0.474674 -0.966201
v 0.076289 0.472276 -0.957988
v 0.073370 0.475385 -0.957688
v 0.082067 0.477704 -0.966119
v 0.095655 0.476992 -0.973585
v 0.081340 0.480682 -0.965954
v 0.094765 0.479929 -0.973460
v 0.071577 0.478440 -0.957441
v 0.071011 0.481442 -0.957213
v 0.112215 0.476375 -0.979404
v 0.131621 0.475925 -0.983139
v 0.111189 0.479267 -0.979290
v 0.130517 0.478783 -0.982998
v 0.180214 0.472654 -0.983486
v 0.183319 0.469514 -0.982701
v 0.159627 0.469646 -0.983309
v 0.156185 0.472741 -0.984073
v 0.187003 0.466271 -0.981388
v 0.163737 0.466444 -0.982074
v 0.153748 0.475717 -0.984355
v 0.177996 0.475668 -0.983731
v 0.152650 0.478563 -0.984144
v 0.176971 0.478535 -0.983427
v 0.203763 0.475699 -0.981947
v 0.205680 0.472612 -0.981755
v 0.202863 0.478626 -0.981549
v 0.208350 0.469401 -0.980983
v 0.211512 0.466100 -0.979638
v 0.194767 0.459528 -0.977078
v 0.172476 0.459751 -0.978050
v 0.168181 0.463146 -0.980378
v 0.190956 0.462945 -0.979554
v 0.214901 0.462745 -0.977730
v 0.218174 0.459320 -0.975176
v 0.220983 0.455813 -0.971893
v 0.198025 0.456010 -0.973837
v 0.222982 0.452208 -0.967798
v 0.200316 0.452382 -0.969706
v 0.176140 0.456260 -0.974917
v 0.178689 0.452671 -0.970808
v 0.097509 0.485688 -0.972455
v 0.100507 0.488655 -0.971339
v 0.116993 0.487877 -0.976561
v 0.113948 0.484910 -0.977976
v 0.136176 0.487270 -0.979658
v 0.133191 0.484311 -0.981345
v 0.104164 0.491777 -0.969659
v 0.120657 0.491087 -0.974498
v 0.139729 0.490553 -0.977279
v 0.111890 0.482076 -0.978849
v 0.095489 0.482804 -0.973123
v 0.131173 0.481530 -0.982430
v 0.082080 0.483611 -0.965685
v 0.084029 0.486531 -0.965197
v 0.071772 0.484394 -0.956971
v 0.073661 0.487322 -0.956615
v 0.086932 0.489487 -0.964374
v 0.090529 0.492520 -0.963102
v 0.076480 0.490252 -0.956046
v 0.080031 0.493212 -0.955163
v 0.112188 0.498645 -0.964122
v 0.128405 0.498529 -0.967961
v 0.124569 0.494648 -0.971679
v 0.108162 0.495126 -0.967297
v 0.147075 0.498503 -0.970057
v 0.143452 0.494305 -0.974120
v 0.094565 0.495674 -0.961264
v 0.098876 0.498840 -0.958817
v 0.084116 0.496226 -0.953866
v 0.088788 0.499161 -0.952221
v 0.103297 0.501910 -0.955718
v 0.115928 0.502278 -0.960003
v 0.106456 0.504823 -0.951448
v 0.118769 0.505979 -0.954691
v 0.094103 0.501884 -0.950290
v 0.098847 0.503941 -0.948547
v 0.131837 0.502696 -0.963201
v 0.150324 0.503127 -0.964962
v 0.134538 0.507118 -0.957257
v 0.152927 0.508153 -0.958709
v 0.190086 0.498801 -0.968765
v 0.187255 0.494229 -0.972958
v 0.164475 0.494162 -0.974334
v 0.167744 0.498584 -0.970134
v 0.184334 0.490259 -0.976339
v 0.161102 0.490281 -0.977663
v 0.170691 0.503533 -0.964936
v 0.192661 0.503968 -0.963619
v 0.173100 0.508997 -0.958612
v 0.194816 0.509722 -0.957382
v 0.215956 0.504483 -0.961509
v 0.213775 0.499186 -0.966521
v 0.217836 0.510400 -0.955436
v 0.211410 0.494515 -0.970631
v 0.208981 0.490477 -0.973995
v 0.179075 0.483956 -0.981114
v 0.155088 0.484009 -0.982151
v 0.157843 0.486955 -0.980249
v 0.181488 0.486900 -0.979049
v 0.206606 0.487077 -0.976772
v 0.204590 0.484107 -0.978959
v 0.203240 0.481359 -0.980552
v 0.177450 0.481233 -0.982564
v 0.153227 0.481269 -0.983429
v 0.507563 0.443157 -0.641361
v 0.509268 0.437842 -0.652619
v 0.532350 0.438873 -0.652052
v 0.530538 0.444135 -0.640740
v 0.553651 0.440393 -0.652101
v 0.551701 0.445472 -0.640818
v 0.511492 0.433453 -0.665032
v 0.534702 0.434526 -0.664552
v 0.556124 0.436203 -0.664635
v 0.529541 0.449881 -0.630861
v 0.506609 0.448963 -0.631479
v 0.529638 0.455680 -0.622661
v 0.506637 0.454829 -0.623196
v 0.550615 0.451025 -0.631045
v 0.550735 0.456636 -0.623041
v 0.482148 0.448228 -0.632528
v 0.483056 0.442450 -0.642348
v 0.456489 0.447634 -0.633638
v 0.457300 0.441931 -0.643369
v 0.482104 0.454081 -0.624240
v 0.456406 0.453435 -0.625387
v 0.484634 0.437173 -0.653506
v 0.486686 0.432822 -0.665808
v 0.458680 0.436737 -0.654416
v 0.460475 0.432466 -0.666615
v 0.516531 0.428470 -0.692824
v 0.539898 0.429594 -0.692558
v 0.537314 0.431524 -0.677994
v 0.514005 0.430422 -0.678376
v 0.561337 0.431476 -0.692844
v 0.558778 0.433320 -0.678162
v 0.489020 0.429821 -0.679061
v 0.491392 0.427892 -0.693411
v 0.462528 0.429530 -0.679801
v 0.464637 0.427648 -0.694087
v 0.493557 0.426754 -0.709002
v 0.518796 0.427319 -0.708545
v 0.495273 0.426125 -0.725981
v 0.520525 0.426691 -0.725711
v 0.466599 0.426540 -0.709584
v 0.468213 0.425924 -0.726403
v 0.542167 0.428461 -0.708423
v 0.563522 0.430404 -0.708845
v 0.543832 0.427851 -0.725769
v 0.565057 0.429838 -0.726330
v 0.597888 0.438030 -0.695598
v 0.595590 0.439490 -0.680722
v 0.578231 0.436001 -0.679126
v 0.580690 0.434326 -0.693914
v 0.592953 0.441831 -0.667101
v 0.575569 0.438650 -0.665546
v 0.582712 0.433371 -0.710023
v 0.599680 0.437214 -0.711776
v 0.584063 0.432881 -0.727568
v 0.600801 0.436808 -0.729303
v 0.614369 0.441784 -0.713923
v 0.612859 0.442469 -0.697727
v 0.626721 0.446932 -0.716285
v 0.625533 0.447528 -0.700131
v 0.615221 0.441444 -0.731353
v 0.627275 0.446616 -0.733538
v 0.610773 0.443707 -0.682784
v 0.608194 0.445710 -0.669115
v 0.623699 0.448576 -0.685147
v 0.621209 0.450253 -0.671403
v 0.587628 0.449497 -0.643777
v 0.570770 0.447251 -0.641927
v 0.572937 0.442528 -0.653061
v 0.590143 0.445290 -0.654688
v 0.605203 0.448687 -0.656740
v 0.602158 0.452233 -0.646076
v 0.618049 0.452731 -0.658972
v 0.614376 0.455585 -0.648338
v 0.599417 0.455941 -0.637540
v 0.585874 0.454085 -0.634660
v 0.598530 0.459763 -0.631276
v 0.585647 0.458773 -0.627561
v 0.610344 0.458389 -0.639986
v 0.606873 0.460495 -0.634783
v 0.569500 0.452436 -0.632403
v 0.569560 0.457699 -0.624746
v 0.521622 0.426110 -0.764454
v 0.521132 0.426049 -0.785153
v 0.543848 0.427240 -0.785829
v 0.544578 0.427309 -0.764960
v 0.564528 0.429253 -0.786601
v 0.565451 0.429343 -0.765723
v 0.520044 0.426068 -0.806153
v 0.542509 0.427216 -0.806898
v 0.563002 0.429163 -0.807578
v 0.544604 0.427490 -0.744777
v 0.521443 0.426306 -0.744494
v 0.565663 0.429511 -0.745461
v 0.496296 0.425726 -0.744493
v 0.496669 0.425516 -0.764158
v 0.469277 0.425520 -0.744656
v 0.469804 0.425297 -0.764021
v 0.496434 0.425453 -0.784596
v 0.495634 0.425497 -0.805428
v 0.469810 0.425227 -0.784180
v 0.469309 0.425280 -0.804809
v 0.516266 0.426322 -0.847204
v 0.538262 0.427254 -0.847701
v 0.540656 0.427169 -0.827681
v 0.518430 0.426113 -0.827014
v 0.558440 0.428911 -0.847880
v 0.560982 0.428991 -0.828140
v 0.494312 0.425605 -0.826273
v 0.492449 0.425902 -0.846550
v 0.468314 0.425427 -0.825590
v 0.466808 0.425779 -0.845901
v 0.490024 0.426510 -0.865677
v 0.513530 0.426835 -0.866189
v 0.487018 0.427553 -0.883070
v 0.510199 0.427789 -0.883437
v 0.464774 0.426448 -0.865123
v 0.462195 0.427545 -0.882635
v 0.535302 0.427628 -0.866487
v 0.555350 0.429097 -0.866394
v 0.531749 0.428447 -0.883562
v 0.551684 0.429722 -0.883275
v 0.593300 0.434922 -0.846914
v 0.595834 0.435439 -0.828105
v 0.579397 0.431798 -0.828260
v 0.576804 0.431507 -0.847579
v 0.597902 0.435943 -0.808486
v 0.581492 0.432130 -0.808105
v 0.573686 0.431448 -0.865736
v 0.590275 0.434595 -0.864664
v 0.570018 0.431811 -0.882401
v 0.586728 0.434657 -0.881105
v 0.605085 0.438449 -0.863327
v 0.607880 0.439035 -0.845998
v 0.618082 0.442923 -0.861877
v 0.620491 0.443725 -0.844948
v 0.601796 0.438206 -0.879551
v 0.615199 0.442403 -0.877904
v 0.610222 0.439762 -0.827739
v 0.612151 0.440427 -0.808725
v 0.622494 0.444617 -0.827228
v 0.624161 0.445406 -0.808829
v 0.600627 0.436415 -0.768058
v 0.584156 0.432443 -0.766793
v 0.583115 0.432316 -0.787445
v 0.599533 0.436237 -0.788307
v 0.613707 0.440828 -0.789131
v 0.614799 0.441065 -0.769406
v 0.625561 0.445900 -0.789862
v 0.626606 0.446200 -0.770725
v 0.615334 0.441237 -0.749997
v 0.601083 0.436573 -0.748227
v 0.627207 0.446406 -0.751817
v 0.584508 0.432602 -0.746663
v 0.558944 0.443957 -0.945816
v 0.563428 0.441796 -0.939106
v 0.546905 0.440548 -0.939456
v 0.542890 0.442997 -0.946140
v 0.529014 0.439726 -0.939699
v 0.525313 0.442389 -0.946363
v 0.568387 0.439793 -0.930870
v 0.551520 0.438250 -0.931374
v 0.533343 0.437195 -0.931713
v 0.539878 0.445582 -0.951642
v 0.555427 0.446248 -0.951200
v 0.538273 0.448290 -0.956178
v 0.553627 0.448680 -0.955524
v 0.522528 0.445170 -0.951905
v 0.520949 0.448051 -0.956522
v 0.568843 0.447175 -0.950598
v 0.573336 0.445314 -0.945476
v 0.580025 0.448559 -0.950384
v 0.585988 0.447159 -0.945336
v 0.566552 0.449186 -0.954488
v 0.575407 0.449666 -0.953363
v 0.578515 0.443517 -0.938738
v 0.583888 0.441859 -0.930279
v 0.592101 0.445761 -0.938442
v 0.597965 0.444486 -0.929679
v 0.578123 0.436449 -0.909270
v 0.561148 0.434256 -0.910321
v 0.556332 0.436115 -0.921680
v 0.573330 0.437977 -0.920911
v 0.542779 0.432696 -0.911052
v 0.538009 0.434813 -0.922207
v 0.588960 0.440417 -0.919995
v 0.593675 0.439273 -0.908021
v 0.603181 0.443455 -0.919024
v 0.607774 0.442726 -0.906697
v 0.597973 0.438508 -0.894494
v 0.582633 0.435308 -0.895987
v 0.611772 0.442356 -0.892917
v 0.565774 0.432784 -0.897245
v 0.547416 0.430961 -0.898117
v 0.501939 0.431330 -0.911320
v 0.497523 0.433703 -0.922362
v 0.518405 0.434052 -0.922399
v 0.523046 0.431773 -0.911340
v 0.493258 0.436334 -0.931742
v 0.513912 0.436592 -0.931807
v 0.527579 0.429866 -0.898454
v 0.506249 0.429323 -0.898412
v 0.483413 0.429154 -0.898148
v 0.479448 0.431214 -0.911122
v 0.459054 0.429183 -0.897818
v 0.455564 0.431269 -0.910879
v 0.475367 0.433633 -0.922202
v 0.471412 0.436312 -0.931600
v 0.451943 0.433712 -0.922026
v 0.448404 0.436417 -0.931465
v 0.486119 0.442022 -0.946315
v 0.506349 0.442088 -0.946399
v 0.509822 0.439278 -0.939744
v 0.489401 0.439116 -0.939663
v 0.467823 0.439151 -0.939526
v 0.464744 0.442117 -0.946178
v 0.445163 0.439294 -0.939405
v 0.442342 0.442302 -0.946055
v 0.462315 0.445174 -0.951752
v 0.483584 0.445023 -0.951890
v 0.460678 0.448288 -0.956446
v 0.481962 0.448092 -0.956578
v 0.440065 0.445399 -0.951621
v 0.438454 0.448544 -0.956312
v 0.503709 0.445003 -0.951964
v 0.502115 0.447999 -0.956629
v 0.293574 0.441726 -0.642317
v 0.292330 0.437471 -0.652302
v 0.319647 0.436820 -0.653644
v 0.320435 0.441323 -0.643361
v 0.347514 0.436391 -0.654716
v 0.347810 0.441102 -0.644150
v 0.291005 0.434017 -0.663624
v 0.318869 0.433163 -0.665229
v 0.347319 0.432560 -0.666544
v 0.321136 0.446366 -0.634399
v 0.294602 0.446515 -0.633653
v 0.321655 0.451645 -0.626777
v 0.295280 0.451572 -0.626296
v 0.348155 0.446357 -0.634905
v 0.348499 0.451818 -0.627038
v 0.268716 0.446798 -0.632763
v 0.267421 0.442297 -0.641187
v 0.243640 0.447213 -0.631825
v 0.242169 0.443023 -0.640140
v 0.269508 0.451610 -0.625634
v 0.244472 0.451769 -0.624829
v 0.265791 0.438326 -0.650939
v 0.263994 0.435105 -0.662053
v 0.240257 0.439365 -0.649804
v 0.238104 0.436407 -0.660842
v 0.288601 0.430052 -0.690328
v 0.317667 0.429031 -0.692248
v 0.318196 0.430656 -0.678095
v 0.289734 0.431630 -0.676296
v 0.347371 0.428279 -0.693828
v 0.347275 0.429948 -0.679580
v 0.262201 0.432855 -0.674564
v 0.260536 0.431336 -0.688492
v 0.235909 0.434315 -0.673284
v 0.233830 0.432874 -0.687161
v 0.259125 0.430307 -0.703859
v 0.287691 0.429028 -0.705732
v 0.258093 0.429530 -0.720685
v 0.287088 0.428301 -0.722517
v 0.232026 0.431867 -0.702508
v 0.230654 0.431079 -0.719357
v 0.317317 0.428022 -0.707691
v 0.347594 0.427280 -0.709297
v 0.317184 0.427361 -0.724428
v 0.347930 0.426675 -0.725991
v 0.407184 0.427565 -0.694861
v 0.405936 0.429339 -0.680581
v 0.376659 0.429523 -0.680366
v 0.377355 0.427803 -0.694648
v 0.404792 0.432130 -0.667429
v 0.376088 0.432229 -0.667246
v 0.378114 0.426792 -0.710113
v 0.408424 0.426527 -0.710316
v 0.378873 0.426210 -0.726784
v 0.409546 0.425944 -0.726991
v 0.438070 0.426454 -0.710080
v 0.436422 0.427526 -0.694622
v 0.439482 0.425856 -0.726802
v 0.434696 0.429355 -0.680350
v 0.433050 0.432222 -0.667187
v 0.403202 0.441220 -0.644484
v 0.375507 0.441075 -0.644514
v 0.375704 0.436201 -0.655266
v 0.403863 0.436218 -0.655358
v 0.431639 0.436407 -0.655054
v 0.430574 0.441513 -0.644091
v 0.429963 0.447139 -0.634436
v 0.402867 0.446754 -0.634918
v 0.429914 0.452887 -0.626228
v 0.402911 0.452437 -0.626776
v 0.375498 0.446490 -0.635076
v 0.375678 0.452081 -0.627042
v 0.286983 0.427022 -0.760035
v 0.287337 0.426575 -0.780312
v 0.318048 0.425988 -0.781589
v 0.317616 0.426311 -0.761587
v 0.349319 0.425626 -0.782670
v 0.348850 0.425837 -0.762879
v 0.287866 0.426326 -0.801297
v 0.318536 0.425841 -0.802259
v 0.349716 0.425569 -0.803090
v 0.317306 0.426780 -0.742463
v 0.286876 0.427615 -0.740694
v 0.348368 0.426190 -0.743919
v 0.257567 0.428763 -0.738993
v 0.257472 0.428072 -0.758536
v 0.229872 0.430291 -0.737741
v 0.229607 0.429565 -0.757406
v 0.257733 0.427521 -0.779071
v 0.258274 0.427174 -0.800350
v 0.229783 0.428959 -0.778099
v 0.230326 0.428533 -0.799565
v 0.289249 0.426652 -0.844002
v 0.319479 0.426258 -0.844276
v 0.319012 0.425905 -0.823388
v 0.288499 0.426330 -0.822764
v 0.350114 0.426041 -0.844530
v 0.349985 0.425676 -0.823939
v 0.259023 0.427096 -0.822131
v 0.260002 0.427345 -0.843697
v 0.231160 0.428347 -0.821553
v 0.232317 0.428462 -0.843350
v 0.261238 0.427980 -0.864336
v 0.290129 0.427357 -0.864302
v 0.262756 0.429060 -0.883331
v 0.291154 0.428514 -0.882956
v 0.233824 0.428942 -0.864248
v 0.235712 0.429848 -0.883537
v 0.319935 0.426980 -0.864224
v 0.350093 0.426756 -0.864177
v 0.320382 0.428153 -0.882535
v 0.349911 0.427916 -0.882195
v 0.410459 0.425774 -0.845057
v 0.411139 0.425388 -0.824711
v 0.380840 0.425499 -0.824353
v 0.380579 0.425877 -0.844776
v 0.411454 0.425229 -0.804034
v 0.380842 0.425359 -0.803642
v 0.380043 0.426592 -0.864237
v 0.409397 0.426487 -0.864410
v 0.379215 0.427746 -0.882060
v 0.407935 0.427633 -0.882105
v 0.437770 0.426439 -0.864703
v 0.439340 0.425738 -0.845418
v 0.435715 0.427569 -0.882305
v 0.440443 0.425360 -0.825096
v 0.441096 0.425197 -0.804384
v 0.411075 0.425290 -0.763913
v 0.380162 0.425495 -0.763597
v 0.380601 0.425356 -0.783321
v 0.411424 0.425192 -0.783690
v 0.441317 0.425144 -0.783927
v 0.441115 0.425223 -0.763997
v 0.440500 0.425453 -0.744865
v 0.410440 0.425536 -0.744935
v 0.379571 0.425779 -0.744682
v 0.293541 0.432318 -0.913341
v 0.294624 0.434843 -0.925368
v 0.321417 0.434555 -0.924073
v 0.321186 0.432013 -0.912304
v 0.348382 0.434297 -0.923008
v 0.349042 0.431768 -0.911447
v 0.295448 0.437703 -0.935481
v 0.321450 0.437406 -0.933972
v 0.347589 0.437120 -0.932744
v 0.320820 0.429855 -0.898510
v 0.292338 0.430188 -0.899253
v 0.349556 0.429614 -0.897897
v 0.264579 0.430642 -0.899971
v 0.266504 0.432683 -0.914388
v 0.238011 0.431244 -0.900507
v 0.240472 0.433109 -0.915272
v 0.268327 0.435141 -0.926718
v 0.269843 0.437971 -0.937097
v 0.242849 0.435424 -0.927947
v 0.244894 0.438168 -0.938647
v 0.295890 0.444162 -0.950686
v 0.320744 0.443751 -0.948905
v 0.321221 0.440494 -0.942158
v 0.295875 0.440836 -0.943828
v 0.345677 0.443347 -0.947496
v 0.346676 0.440156 -0.940817
v 0.270849 0.441130 -0.945660
v 0.271300 0.444520 -0.952680
v 0.246361 0.441321 -0.947485
v 0.247162 0.444760 -0.954728
v 0.271151 0.448040 -0.958433
v 0.295481 0.447600 -0.956332
v 0.270357 0.451591 -0.963193
v 0.294634 0.451069 -0.961044
v 0.247210 0.448360 -0.960641
v 0.246419 0.451995 -0.965490
v 0.320029 0.447108 -0.954487
v 0.344626 0.446632 -0.953045
v 0.319088 0.450498 -0.959178
v 0.343556 0.449953 -0.957733
v 0.395022 0.442737 -0.946162
v 0.397037 0.439648 -0.939527
v 0.372023 0.439878 -0.939975
v 0.370503 0.443013 -0.946620
v 0.399249 0.436697 -0.931559
v 0.373606 0.436886 -0.931970
v 0.369102 0.446240 -0.952158
v 0.393284 0.445915 -0.951704
v 0.367878 0.449505 -0.956843
v 0.391903 0.449133 -0.956390
v 0.416996 0.445640 -0.951565
v 0.419035 0.442504 -0.946012
v 0.415478 0.448820 -0.956253
v 0.421492 0.439456 -0.939371
v 0.424266 0.436543 -0.931421
v 0.403892 0.431443 -0.910723
v 0.376712 0.431581 -0.910942
v 0.375195 0.434092 -0.922350
v 0.401579 0.433933 -0.922020
v 0.427254 0.433809 -0.921938
v 0.430278 0.431342 -0.910724
v 0.433158 0.429233 -0.897579
v 0.406056 0.429314 -0.897481
v 0.378078 0.429437 -0.897570
v 0.120898 0.453096 -0.644588
v 0.118355 0.451399 -0.654596
v 0.134237 0.448392 -0.652407
v 0.136540 0.450392 -0.642131
v 0.152029 0.445854 -0.650596
v 0.154213 0.448152 -0.640200
v 0.115612 0.450222 -0.665992
v 0.131607 0.446945 -0.664026
v 0.149485 0.444115 -0.662326
v 0.138055 0.453015 -0.633400
v 0.122751 0.455366 -0.636198
v 0.138324 0.456331 -0.626415
v 0.123147 0.458339 -0.629619
v 0.155665 0.451056 -0.631324
v 0.156017 0.454615 -0.624156
v 0.110047 0.458009 -0.639280
v 0.107381 0.456263 -0.647160
v 0.099740 0.461128 -0.641613
v 0.095959 0.459963 -0.649286
v 0.110933 0.460440 -0.633381
v 0.103001 0.462146 -0.636678
v 0.104427 0.454910 -0.656842
v 0.101563 0.453978 -0.668011
v 0.092501 0.458961 -0.658823
v 0.089524 0.458242 -0.669869
v 0.110972 0.449224 -0.692289
v 0.126804 0.445432 -0.690723
v 0.129110 0.445980 -0.676787
v 0.113158 0.449515 -0.678549
v 0.144557 0.442081 -0.689266
v 0.146952 0.442885 -0.675202
v 0.099163 0.453497 -0.680355
v 0.097120 0.453423 -0.693885
v 0.087188 0.457931 -0.682070
v 0.085306 0.457993 -0.695432
v 0.095324 0.453715 -0.708610
v 0.109031 0.449299 -0.707231
v 0.093666 0.454330 -0.724540
v 0.107312 0.449686 -0.723396
v 0.083691 0.458396 -0.709959
v 0.082156 0.459108 -0.725657
v 0.124753 0.445237 -0.705867
v 0.142428 0.441618 -0.704561
v 0.123015 0.445329 -0.722252
v 0.140694 0.441412 -0.721132
v 0.185612 0.436752 -0.687098
v 0.188051 0.437946 -0.673096
v 0.166622 0.440225 -0.673928
v 0.164172 0.439207 -0.687996
v 0.190589 0.439649 -0.660420
v 0.169182 0.441701 -0.661107
v 0.161998 0.438532 -0.703358
v 0.183458 0.435919 -0.702472
v 0.160269 0.438088 -0.720064
v 0.181769 0.435298 -0.719265
v 0.206802 0.433718 -0.702117
v 0.208844 0.434661 -0.686759
v 0.205222 0.432982 -0.718957
v 0.211169 0.435994 -0.672838
v 0.213599 0.437903 -0.660315
v 0.195159 0.444982 -0.638979
v 0.173822 0.446376 -0.639206
v 0.171685 0.443749 -0.649487
v 0.193046 0.442010 -0.649022
v 0.215956 0.440571 -0.649146
v 0.218011 0.443891 -0.639347
v 0.219537 0.447756 -0.630934
v 0.196666 0.448517 -0.630368
v 0.220305 0.452058 -0.623921
v 0.197307 0.452569 -0.623267
v 0.175289 0.449587 -0.630406
v 0.175778 0.453391 -0.623226
v 0.104606 0.451018 -0.759277
v 0.103875 0.451516 -0.778626
v 0.120290 0.446209 -0.778326
v 0.120723 0.445998 -0.758662
v 0.138619 0.441307 -0.778010
v 0.138789 0.441387 -0.758042
v 0.103732 0.451603 -0.798671
v 0.120411 0.446094 -0.798721
v 0.138969 0.441007 -0.798738
v 0.121652 0.445644 -0.739910
v 0.105795 0.450333 -0.740806
v 0.139481 0.441379 -0.739021
v 0.092039 0.455225 -0.741687
v 0.090634 0.456154 -0.759862
v 0.080515 0.460097 -0.742532
v 0.079005 0.461116 -0.760395
v 0.089644 0.456872 -0.778880
v 0.089261 0.457130 -0.798553
v 0.077864 0.461922 -0.779058
v 0.077329 0.462268 -0.798334
v 0.105446 0.450113 -0.839733
v 0.122400 0.444555 -0.840579
v 0.121148 0.445469 -0.819668
v 0.104304 0.451057 -0.819229
v 0.141174 0.439550 -0.841309
v 0.139839 0.440358 -0.820040
v 0.089677 0.456684 -0.818694
v 0.090707 0.455768 -0.838755
v 0.077639 0.461911 -0.818033
v 0.078578 0.461066 -0.837628
v 0.092165 0.454619 -0.858187
v 0.107014 0.449006 -0.859618
v 0.093862 0.453472 -0.876441
v 0.108861 0.447972 -0.878318
v 0.079932 0.459949 -0.856586
v 0.081486 0.458779 -0.874379
v 0.124070 0.443572 -0.860872
v 0.142922 0.438777 -0.861938
v 0.126058 0.442739 -0.879960
v 0.145027 0.438231 -0.881320
v 0.183181 0.432451 -0.842483
v 0.181831 0.432808 -0.820714
v 0.160007 0.436161 -0.820376
v 0.161376 0.435554 -0.841940
v 0.180891 0.433280 -0.798844
v 0.159073 0.436750 -0.798753
v 0.163160 0.435085 -0.862810
v 0.184948 0.432326 -0.863485
v 0.165343 0.434909 -0.882348
v 0.187140 0.432552 -0.883055
v 0.208448 0.430334 -0.863965
v 0.206769 0.430125 -0.842949
v 0.210552 0.430939 -0.883448
v 0.205489 0.430227 -0.821093
v 0.204586 0.430555 -0.799089
v 0.180279 0.434229 -0.757024
v 0.158606 0.437477 -0.757441
v 0.158593 0.437164 -0.777707
v 0.180353 0.433748 -0.777539
v 0.204036 0.431024 -0.777629
v 0.203911 0.431605 -0.756957
v 0.204282 0.432267 -0.737318
v 0.180730 0.434740 -0.737524
v 0.159152 0.437761 -0.738159
v 0.112962 0.446906 -0.910479
v 0.115218 0.447026 -0.923977
v 0.133052 0.442805 -0.926487
v 0.130621 0.442270 -0.912768
v 0.152590 0.439446 -0.928317
v 0.150003 0.438482 -0.914513
v 0.117614 0.447682 -0.935778
v 0.135485 0.443965 -0.938413
v 0.155053 0.441083 -0.940254
v 0.128266 0.442277 -0.897259
v 0.110843 0.447247 -0.895265
v 0.147435 0.438105 -0.898846
v 0.095614 0.452562 -0.892969
v 0.097491 0.451953 -0.907817
v 0.083025 0.457771 -0.890476
v 0.084673 0.456975 -0.904958
v 0.099562 0.451706 -0.921035
v 0.101899 0.451885 -0.932669
v 0.086556 0.456442 -0.917907
v 0.088797 0.456224 -0.929405
v 0.122327 0.450735 -0.954320
v 0.139656 0.448267 -0.956965
v 0.137850 0.445836 -0.948548
v 0.120152 0.448951 -0.945901
v 0.158792 0.446427 -0.958652
v 0.157249 0.443475 -0.950318
v 0.104570 0.452552 -0.942766
v 0.107246 0.453640 -0.951150
v 0.091522 0.456369 -0.939532
v 0.094687 0.456822 -0.948021
v 0.109594 0.455082 -0.957638
v 0.123636 0.452934 -0.961011
v 0.109996 0.456961 -0.962160
v 0.123254 0.455487 -0.965975
v 0.098252 0.457527 -0.954605
v 0.101443 0.458192 -0.958716
v 0.140415 0.451107 -0.963740
v 0.159295 0.449743 -0.965396
v 0.139637 0.454205 -0.968950
v 0.158373 0.453228 -0.970692
v 0.200976 0.444954 -0.958184
v 0.199769 0.441530 -0.950340
v 0.177933 0.442138 -0.950825
v 0.179293 0.445406 -0.958952
v 0.197821 0.438551 -0.940806
v 0.175859 0.439386 -0.940978
v 0.179642 0.448985 -0.965549
v 0.201229 0.448634 -0.964564
v 0.178689 0.452671 -0.970808
v 0.200316 0.452382 -0.969706
v 0.223827 0.448492 -0.962806
v 0.223659 0.444822 -0.956669
v 0.222982 0.452208 -0.967798
v 0.222623 0.441356 -0.949136
v 0.220860 0.438253 -0.939956
v 0.192578 0.434450 -0.915945
v 0.170644 0.435977 -0.915540
v 0.173362 0.437355 -0.929221
v 0.195344 0.436205 -0.929356
v 0.218514 0.435670 -0.928879
v 0.215842 0.433596 -0.915823
v 0.213102 0.432023 -0.900707
v 0.189763 0.433246 -0.900526
v 0.167904 0.435184 -0.899920
v 0.484011 0.523895 -0.930461
v 0.484518 0.527795 -0.922280
v 0.504328 0.525483 -0.923254
v 0.503786 0.521915 -0.931145
v 0.523066 0.522969 -0.923828
v 0.522368 0.519768 -0.931431
v 0.485417 0.531408 -0.913237
v 0.505303 0.528783 -0.914496
v 0.524226 0.525917 -0.915329
v 0.503706 0.518027 -0.938158
v 0.483889 0.519663 -0.937749
v 0.522230 0.516254 -0.938162
v 0.462893 0.520992 -0.937202
v 0.463133 0.525535 -0.929663
v 0.440837 0.521841 -0.936782
v 0.441238 0.526665 -0.929030
v 0.463690 0.529742 -0.921205
v 0.464593 0.533638 -0.911875
v 0.441899 0.531159 -0.920330
v 0.442853 0.535322 -0.910732
v 0.488263 0.537929 -0.892524
v 0.508301 0.534772 -0.894245
v 0.506678 0.531872 -0.904879
v 0.486718 0.534775 -0.903363
v 0.527491 0.531255 -0.895419
v 0.525749 0.528671 -0.905912
v 0.465869 0.537247 -0.901715
v 0.467360 0.540613 -0.890631
v 0.444129 0.539152 -0.900285
v 0.445575 0.542714 -0.888940
v 0.468908 0.543782 -0.878526
v 0.489892 0.540898 -0.880583
v 0.470357 0.546798 -0.865306
v 0.491447 0.543713 -0.867407
v 0.447038 0.546073 -0.876648
v 0.448367 0.549294 -0.863359
v 0.510017 0.537506 -0.882434
v 0.529312 0.533693 -0.883693
v 0.511672 0.540098 -0.869289
v 0.531069 0.536009 -0.870578
v 0.563221 0.523498 -0.895351
v 0.561091 0.521765 -0.905820
v 0.543930 0.525307 -0.906111
v 0.545850 0.527490 -0.895672
v 0.559011 0.519869 -0.915099
v 0.542166 0.522961 -0.915413
v 0.547804 0.529545 -0.883976
v 0.565311 0.525119 -0.883629
v 0.549673 0.531505 -0.870902
v 0.567269 0.526676 -0.870589
v 0.581649 0.520470 -0.883001
v 0.579450 0.519299 -0.894806
v 0.596635 0.515655 -0.882439
v 0.594380 0.514915 -0.894385
v 0.583642 0.521613 -0.869970
v 0.598576 0.516406 -0.869372
v 0.577100 0.518031 -0.905385
v 0.574654 0.516595 -0.914735
v 0.591825 0.514092 -0.905149
v 0.588983 0.513093 -0.914672
v 0.555538 0.515409 -0.930358
v 0.539670 0.517625 -0.931040
v 0.540678 0.520420 -0.923701
v 0.557075 0.517762 -0.923250
v 0.572168 0.514921 -0.922855
v 0.569818 0.513046 -0.929773
v 0.585869 0.511826 -0.922894
v 0.582490 0.510400 -0.929785
v 0.567779 0.511007 -0.935515
v 0.554656 0.512778 -0.936503
v 0.578857 0.508929 -0.935316
v 0.539343 0.514516 -0.937498
v 0.493919 0.548846 -0.837209
v 0.494956 0.550906 -0.820723
v 0.515522 0.546717 -0.822136
v 0.514381 0.544813 -0.838828
v 0.535229 0.541996 -0.823292
v 0.533996 0.540253 -0.840041
v 0.495940 0.552456 -0.803670
v 0.516579 0.548173 -0.804886
v 0.536350 0.543365 -0.806002
v 0.513112 0.542570 -0.854649
v 0.492769 0.546406 -0.852860
v 0.532620 0.538226 -0.855915
v 0.471549 0.549706 -0.850875
v 0.472560 0.552353 -0.835450
v 0.449408 0.552443 -0.849024
v 0.450255 0.555336 -0.833813
v 0.473470 0.554588 -0.819246
v 0.474354 0.556259 -0.802481
v 0.451003 0.557792 -0.817897
v 0.451745 0.559626 -0.801448
v 0.497846 0.553611 -0.768978
v 0.518519 0.549383 -0.769919
v 0.517595 0.549070 -0.787388
v 0.496931 0.553369 -0.786316
v 0.538322 0.544674 -0.771034
v 0.537390 0.544265 -0.788508
v 0.475292 0.557213 -0.785371
v 0.476174 0.557416 -0.768259
v 0.452575 0.560656 -0.784634
v 0.453370 0.560855 -0.767809
v 0.476892 0.556835 -0.751489
v 0.498604 0.553152 -0.751973
v 0.477338 0.555436 -0.735403
v 0.499123 0.551960 -0.735617
v 0.454006 0.560195 -0.751321
v 0.454362 0.558648 -0.735522
v 0.519296 0.549084 -0.752753
v 0.539121 0.544566 -0.753805
v 0.519876 0.548146 -0.736165
v 0.539758 0.543920 -0.737046
v 0.575327 0.533740 -0.773506
v 0.574301 0.533106 -0.790582
v 0.556418 0.538899 -0.789594
v 0.557388 0.539426 -0.772277
v 0.573161 0.532193 -0.807576
v 0.555330 0.537986 -0.806891
v 0.558230 0.539538 -0.755109
v 0.576231 0.534057 -0.756471
v 0.558930 0.539206 -0.738260
v 0.577003 0.534021 -0.739595
v 0.592734 0.528181 -0.757695
v 0.591750 0.527714 -0.774580
v 0.607345 0.521970 -0.758589
v 0.606266 0.521448 -0.775357
v 0.593589 0.528382 -0.740836
v 0.608303 0.522305 -0.741770
v 0.590659 0.527020 -0.791405
v 0.589483 0.526138 -0.808081
v 0.605115 0.520773 -0.791997
v 0.603938 0.519977 -0.808431
v 0.570542 0.529692 -0.840665
v 0.552814 0.535164 -0.840585
v 0.554137 0.536717 -0.823997
v 0.571918 0.531036 -0.824368
v 0.588243 0.525109 -0.824524
v 0.586889 0.523980 -0.840484
v 0.602783 0.519095 -0.824579
v 0.601563 0.518174 -0.840248
v 0.585372 0.522799 -0.855715
v 0.569002 0.528220 -0.856170
v 0.600190 0.517262 -0.855243
v 0.551334 0.533403 -0.856329
v 0.499296 0.547321 -0.705809
v 0.499152 0.543954 -0.692374
v 0.520401 0.541337 -0.691798
v 0.520357 0.544275 -0.705618
v 0.540678 0.538422 -0.691539
v 0.540505 0.540891 -0.705760
v 0.498988 0.539941 -0.679927
v 0.520411 0.537727 -0.679038
v 0.540761 0.535256 -0.678469
v 0.520206 0.546544 -0.720430
v 0.499320 0.550003 -0.720227
v 0.540209 0.542709 -0.720980
v 0.477405 0.553185 -0.720345
v 0.477208 0.550155 -0.706282
v 0.454313 0.556186 -0.720763
v 0.453981 0.552900 -0.706985
v 0.476868 0.546419 -0.693180
v 0.476500 0.542053 -0.681005
v 0.453488 0.548880 -0.694130
v 0.452956 0.544216 -0.682141
v 0.499096 0.530282 -0.658032
v 0.520785 0.528675 -0.656903
v 0.520458 0.533443 -0.667409
v 0.498906 0.535322 -0.668478
v 0.541070 0.526901 -0.656215
v 0.540785 0.531351 -0.666703
v 0.476224 0.537127 -0.669723
v 0.476193 0.531830 -0.659354
v 0.452507 0.538998 -0.670959
v 0.452263 0.533426 -0.660621
v 0.476561 0.526345 -0.649917
v 0.499751 0.525005 -0.648598
v 0.452348 0.527700 -0.651161
v 0.521635 0.523613 -0.647515
v 0.541935 0.522102 -0.646978
v 0.576672 0.522441 -0.656707
v 0.577287 0.525998 -0.666789
v 0.559794 0.528904 -0.666546
v 0.559764 0.524850 -0.656214
v 0.577946 0.528983 -0.678581
v 0.560030 0.532374 -0.678351
v 0.560367 0.520408 -0.647299
v 0.576576 0.518533 -0.648291
v 0.590202 0.516479 -0.649769
v 0.591598 0.519591 -0.657500
v 0.601497 0.513874 -0.650831
v 0.604500 0.516126 -0.658222
v 0.593066 0.522525 -0.667284
v 0.594239 0.524989 -0.679056
v 0.606934 0.518379 -0.667884
v 0.608637 0.520294 -0.679671
v 0.578046 0.532682 -0.707055
v 0.559854 0.537045 -0.706288
v 0.560044 0.535062 -0.691686
v 0.578175 0.531178 -0.692126
v 0.594749 0.526693 -0.692748
v 0.594725 0.527751 -0.707911
v 0.609443 0.521529 -0.693442
v 0.609534 0.522199 -0.708708
v 0.594296 0.528277 -0.724091
v 0.577632 0.533597 -0.723001
v 0.609093 0.522420 -0.724981
v 0.559477 0.538400 -0.721900
v 0.294568 0.525495 -0.933942
v 0.295622 0.531761 -0.924605
v 0.321198 0.531826 -0.922955
v 0.320110 0.525874 -0.932237
v 0.346591 0.531882 -0.921579
v 0.345510 0.526260 -0.930806
v 0.296606 0.537566 -0.914114
v 0.322273 0.537360 -0.912558
v 0.347719 0.537123 -0.911284
v 0.319014 0.519746 -0.940384
v 0.293447 0.519066 -0.942111
v 0.344479 0.520441 -0.938932
v 0.268094 0.518382 -0.944034
v 0.269218 0.525053 -0.935814
v 0.243271 0.517677 -0.946073
v 0.244390 0.524480 -0.937749
v 0.270211 0.531572 -0.926403
v 0.271086 0.537593 -0.915805
v 0.245314 0.531141 -0.928221
v 0.246081 0.537290 -0.917489
v 0.298300 0.547163 -0.889814
v 0.324281 0.546676 -0.888589
v 0.323326 0.542231 -0.901067
v 0.297515 0.542609 -0.902477
v 0.350004 0.546107 -0.887671
v 0.348891 0.541800 -0.899951
v 0.271852 0.542772 -0.904025
v 0.272480 0.547403 -0.891183
v 0.246729 0.542555 -0.905554
v 0.247240 0.547232 -0.892538
v 0.272939 0.551782 -0.877403
v 0.298907 0.551498 -0.876242
v 0.273199 0.556203 -0.862806
v 0.299286 0.555889 -0.861879
v 0.247596 0.551618 -0.878560
v 0.247779 0.556007 -0.863742
v 0.325061 0.550930 -0.875232
v 0.350958 0.550239 -0.874533
v 0.325588 0.555230 -0.861104
v 0.351651 0.554390 -0.860628
v 0.399365 0.545023 -0.887262
v 0.398040 0.541066 -0.899100
v 0.373816 0.541479 -0.899286
v 0.375051 0.545621 -0.887219
v 0.396768 0.536802 -0.910041
v 0.372576 0.537005 -0.910435
v 0.376159 0.549587 -0.874301
v 0.400609 0.548796 -0.874559
v 0.377021 0.553535 -0.860594
v 0.401638 0.552505 -0.861024
v 0.424254 0.547684 -0.875334
v 0.422891 0.544119 -0.887826
v 0.425440 0.551144 -0.861939
v 0.421498 0.540358 -0.899423
v 0.420219 0.536309 -0.910130
v 0.394776 0.527069 -0.929092
v 0.370436 0.526721 -0.929751
v 0.371451 0.532043 -0.920604
v 0.395686 0.532110 -0.920054
v 0.419200 0.531882 -0.919955
v 0.418414 0.527113 -0.928846
v 0.417836 0.522040 -0.936753
v 0.394022 0.521759 -0.937108
v 0.369526 0.521169 -0.937838
v 0.299292 0.565205 -0.831263
v 0.299089 0.569244 -0.815265
v 0.325601 0.568167 -0.815244
v 0.325757 0.564261 -0.830984
v 0.351999 0.566652 -0.815350
v 0.352059 0.562966 -0.830910
v 0.298864 0.572279 -0.798977
v 0.325418 0.571118 -0.799221
v 0.351913 0.569444 -0.799490
v 0.325787 0.559811 -0.846312
v 0.299386 0.560605 -0.846843
v 0.351980 0.558756 -0.846045
v 0.273230 0.560960 -0.847515
v 0.273102 0.565600 -0.831657
v 0.247770 0.560696 -0.848204
v 0.247627 0.565246 -0.832075
v 0.272884 0.569666 -0.815361
v 0.272647 0.572703 -0.798756
v 0.247405 0.569215 -0.815484
v 0.247162 0.572164 -0.798561
v 0.298594 0.574156 -0.766147
v 0.325245 0.573038 -0.766933
v 0.325309 0.572699 -0.783041
v 0.298703 0.573866 -0.782526
v 0.351945 0.571334 -0.767486
v 0.351912 0.570974 -0.783455
v 0.272461 0.574257 -0.781970
v 0.272337 0.574487 -0.765254
v 0.246953 0.573652 -0.781432
v 0.246819 0.573830 -0.764376
v 0.272289 0.573555 -0.748857
v 0.298528 0.573300 -0.750073
v 0.272329 0.571621 -0.733030
v 0.298494 0.571449 -0.734537
v 0.246802 0.572847 -0.747668
v 0.246942 0.570854 -0.731586
v 0.325192 0.572261 -0.751125
v 0.351957 0.570617 -0.751820
v 0.325121 0.570494 -0.735847
v 0.351896 0.568916 -0.736697
v 0.404216 0.566788 -0.767688
v 0.403798 0.566502 -0.783916
v 0.378143 0.568909 -0.783710
v 0.378349 0.569244 -0.767681
v 0.403384 0.565212 -0.800163
v 0.377956 0.567484 -0.799782
v 0.378495 0.568547 -0.751964
v 0.404533 0.566092 -0.751781
v 0.378504 0.566874 -0.736826
v 0.404648 0.564435 -0.736497
v 0.429795 0.563294 -0.751493
v 0.429303 0.563986 -0.767675
v 0.430033 0.561671 -0.735975
v 0.428676 0.563752 -0.784187
v 0.428034 0.562602 -0.800696
v 0.402756 0.559826 -0.831678
v 0.377758 0.561519 -0.831134
v 0.377866 0.564914 -0.815632
v 0.403074 0.562897 -0.816127
v 0.427496 0.560542 -0.816869
v 0.426955 0.557796 -0.832563
v 0.426305 0.554589 -0.847634
v 0.402315 0.556272 -0.846687
v 0.377515 0.557618 -0.846163
v 0.298488 0.565112 -0.705795
v 0.298509 0.560427 -0.692619
v 0.324682 0.559735 -0.694531
v 0.324847 0.564299 -0.707557
v 0.351122 0.558354 -0.695894
v 0.351438 0.562813 -0.708765
v 0.298540 0.554599 -0.680258
v 0.324523 0.554100 -0.682240
v 0.350802 0.552920 -0.683711
v 0.325000 0.567863 -0.721327
v 0.298482 0.568752 -0.719773
v 0.351709 0.566324 -0.722356
v 0.272470 0.568847 -0.718023
v 0.272681 0.565117 -0.703866
v 0.247279 0.568000 -0.716404
v 0.247749 0.564181 -0.702157
v 0.272933 0.560318 -0.690590
v 0.273194 0.554336 -0.678223
v 0.248287 0.559293 -0.688875
v 0.248827 0.553231 -0.676592
v 0.298546 0.539756 -0.658148
v 0.324229 0.539894 -0.659970
v 0.324388 0.547328 -0.670677
v 0.298577 0.547529 -0.668729
v 0.350256 0.539449 -0.661440
v 0.350519 0.546484 -0.672183
v 0.273434 0.547058 -0.666797
v 0.273552 0.539067 -0.656411
v 0.249304 0.545889 -0.665340
v 0.249591 0.537863 -0.655199
v 0.273445 0.530945 -0.647168
v 0.298371 0.531821 -0.648635
v 0.249559 0.529743 -0.646250
v 0.324000 0.532277 -0.650249
v 0.349996 0.532224 -0.651608
v 0.402099 0.536898 -0.662125
v 0.402479 0.543151 -0.672668
v 0.376626 0.545023 -0.672788
v 0.376283 0.538386 -0.662117
v 0.402973 0.548962 -0.683968
v 0.377036 0.551140 -0.684212
v 0.376022 0.531569 -0.652311
v 0.401885 0.530482 -0.652426
v 0.427391 0.529136 -0.652020
v 0.427495 0.535181 -0.661585
v 0.427849 0.541075 -0.671999
v 0.428363 0.546587 -0.683203
v 0.404054 0.558360 -0.708639
v 0.377937 0.560785 -0.709033
v 0.377495 0.556399 -0.696276
v 0.403529 0.554049 -0.695937
v 0.428951 0.551483 -0.695135
v 0.429499 0.555684 -0.707863
v 0.429897 0.559107 -0.721454
v 0.404458 0.561840 -0.722138
v 0.378295 0.564281 -0.722532
v 0.120453 0.513337 -0.939789
v 0.120398 0.516766 -0.930306
v 0.137336 0.520917 -0.931632
v 0.137029 0.516429 -0.941429
v 0.156134 0.524495 -0.932388
v 0.155606 0.519094 -0.942388
v 0.120116 0.519832 -0.919576
v 0.137362 0.525027 -0.920639
v 0.156423 0.529508 -0.921208
v 0.136183 0.511763 -0.949985
v 0.120093 0.509704 -0.947935
v 0.154613 0.513561 -0.951173
v 0.106976 0.507520 -0.945488
v 0.106233 0.510026 -0.937904
v 0.096542 0.505140 -0.943709
v 0.094496 0.506654 -0.936360
v 0.105602 0.512371 -0.928762
v 0.105002 0.514401 -0.918270
v 0.093231 0.508062 -0.927352
v 0.092341 0.509213 -0.916977
v 0.119397 0.524552 -0.894687
v 0.137307 0.531653 -0.895259
v 0.137367 0.528557 -0.908493
v 0.119793 0.522374 -0.907687
v 0.156913 0.537747 -0.895490
v 0.156698 0.533876 -0.908882
v 0.104352 0.515961 -0.906638
v 0.103625 0.517229 -0.893890
v 0.091418 0.509953 -0.905523
v 0.090433 0.510469 -0.892984
v 0.102795 0.518380 -0.880050
v 0.118895 0.526524 -0.880625
v 0.101835 0.519590 -0.865141
v 0.118253 0.528449 -0.865549
v 0.089356 0.510947 -0.879350
v 0.088157 0.511573 -0.864613
v 0.137142 0.534460 -0.881004
v 0.157021 0.541268 -0.881112
v 0.136828 0.537122 -0.865792
v 0.156975 0.544587 -0.865828
v 0.199823 0.544859 -0.894648
v 0.199397 0.540256 -0.907985
v 0.177412 0.537696 -0.908678
v 0.177773 0.542047 -0.895262
v 0.198874 0.535070 -0.920249
v 0.176977 0.532796 -0.921028
v 0.178020 0.546028 -0.880876
v 0.200123 0.549100 -0.880342
v 0.178111 0.549818 -0.865612
v 0.200268 0.553205 -0.865174
v 0.223320 0.550844 -0.879555
v 0.223000 0.546486 -0.893716
v 0.223479 0.555138 -0.864541
v 0.222540 0.541796 -0.906909
v 0.221959 0.536509 -0.919020
v 0.197498 0.522623 -0.941227
v 0.175828 0.521122 -0.942231
v 0.176510 0.527169 -0.932221
v 0.198284 0.529077 -0.931334
v 0.221279 0.530355 -0.929933
v 0.220418 0.523706 -0.939643
v 0.219297 0.516931 -0.948146
v 0.196385 0.516056 -0.949914
v 0.174752 0.514963 -0.951036
v 0.116610 0.532551 -0.832715
v 0.115926 0.534568 -0.815397
v 0.135209 0.544636 -0.815552
v 0.135745 0.542330 -0.832883
v 0.155951 0.553527 -0.815645
v 0.156359 0.550889 -0.832939
v 0.115545 0.536452 -0.797772
v 0.134833 0.546583 -0.797885
v 0.155584 0.555591 -0.797991
v 0.136324 0.539786 -0.849690
v 0.117439 0.530485 -0.849505
v 0.156728 0.547852 -0.849719
v 0.100718 0.521037 -0.849188
v 0.099644 0.522668 -0.832448
v 0.086807 0.512532 -0.848764
v 0.085535 0.513797 -0.832095
v 0.098810 0.524431 -0.815178
v 0.098415 0.526274 -0.797636
v 0.084569 0.515337 -0.814897
v 0.084138 0.517126 -0.797462
v 0.116184 0.539435 -0.762568
v 0.134989 0.548931 -0.762435
v 0.134731 0.548052 -0.780063
v 0.115624 0.538124 -0.780059
v 0.155337 0.557421 -0.762440
v 0.155337 0.556910 -0.780134
v 0.098657 0.528145 -0.780079
v 0.099485 0.529869 -0.762767
v 0.084471 0.519134 -0.780081
v 0.085450 0.521172 -0.762960
v 0.100845 0.531272 -0.745959
v 0.117245 0.540236 -0.745609
v 0.102687 0.532179 -0.729917
v 0.118827 0.540378 -0.729492
v 0.086956 0.523051 -0.746305
v 0.088871 0.524582 -0.730322
v 0.135689 0.549109 -0.745350
v 0.155709 0.557060 -0.745279
v 0.136916 0.548475 -0.729155
v 0.156578 0.555765 -0.729017
v 0.199011 0.568758 -0.763059
v 0.199184 0.568583 -0.780596
v 0.176801 0.563681 -0.780314
v 0.176670 0.563967 -0.762654
v 0.199479 0.567265 -0.798240
v 0.177103 0.562401 -0.798109
v 0.176838 0.563256 -0.745490
v 0.199069 0.567851 -0.745970
v 0.177438 0.561545 -0.729187
v 0.199470 0.565919 -0.729669
v 0.222393 0.570997 -0.746701
v 0.222386 0.571983 -0.763639
v 0.222647 0.568987 -0.730467
v 0.222548 0.571833 -0.780972
v 0.222802 0.570435 -0.798390
v 0.200049 0.561350 -0.832697
v 0.177764 0.557114 -0.832873
v 0.177443 0.560131 -0.815675
v 0.199783 0.564747 -0.815651
v 0.223071 0.567675 -0.815584
v 0.223306 0.563945 -0.832427
v 0.223459 0.559635 -0.848788
v 0.200227 0.557395 -0.849249
v 0.178006 0.553595 -0.849565
v 0.123489 0.538271 -0.700818
v 0.126325 0.536078 -0.688473
v 0.143540 0.541268 -0.688154
v 0.141020 0.544494 -0.700519
v 0.162099 0.546170 -0.687811
v 0.159978 0.550252 -0.700291
v 0.129334 0.533164 -0.677595
v 0.146131 0.537299 -0.677141
v 0.164229 0.541297 -0.676576
v 0.138753 0.546916 -0.714199
v 0.120949 0.539714 -0.714527
v 0.158069 0.553473 -0.714024
v 0.104958 0.532416 -0.714901
v 0.107618 0.531971 -0.701091
v 0.091077 0.525576 -0.715216
v 0.093640 0.525986 -0.701238
v 0.110630 0.530833 -0.688668
v 0.113954 0.528989 -0.677813
v 0.096627 0.525766 -0.688638
v 0.100106 0.524869 -0.677667
v 0.134982 0.525552 -0.660371
v 0.150548 0.527618 -0.659155
v 0.148615 0.532647 -0.667518
v 0.132394 0.529558 -0.668291
v 0.167574 0.529731 -0.657767
v 0.166163 0.535700 -0.666580
v 0.117552 0.526428 -0.668706
v 0.120940 0.523460 -0.661165
v 0.104144 0.523247 -0.668575
v 0.108402 0.521211 -0.661192
v 0.123634 0.520396 -0.655005
v 0.136578 0.521436 -0.653649
v 0.112545 0.519069 -0.655348
v 0.151486 0.522519 -0.651921
v 0.168136 0.523738 -0.650084
v 0.205808 0.534160 -0.655442
v 0.205101 0.541549 -0.665002
v 0.184984 0.538726 -0.665665
v 0.185995 0.531961 -0.656455
v 0.204021 0.548421 -0.675706
v 0.183515 0.545062 -0.676027
v 0.186303 0.525186 -0.648398
v 0.205953 0.526747 -0.647064
v 0.227050 0.528305 -0.646282
v 0.227008 0.536177 -0.654950
v 0.226534 0.543995 -0.664817
v 0.225780 0.551201 -0.675824
v 0.201474 0.559146 -0.700449
v 0.180129 0.555154 -0.700231
v 0.181832 0.550551 -0.687543
v 0.202759 0.554283 -0.687520
v 0.224903 0.557239 -0.687908
v 0.224014 0.562173 -0.701054
v 0.223224 0.566067 -0.715246
v 0.200324 0.563021 -0.714497
v 0.178599 0.558832 -0.714106
v 0.631449 0.451318 -0.904235
v 0.627188 0.451224 -0.917226
v 0.636828 0.455651 -0.916443
v 0.640871 0.456064 -0.903188
v 0.644794 0.460236 -0.915770
v 0.648581 0.460849 -0.902324
v 0.621646 0.451414 -0.928677
v 0.631183 0.455498 -0.928250
v 0.639138 0.459849 -0.927859
v 0.643605 0.456699 -0.888816
v 0.634637 0.451685 -0.890018
v 0.645323 0.457520 -0.873660
v 0.636958 0.452317 -0.874890
v 0.650866 0.461636 -0.887857
v 0.652018 0.462543 -0.872706
v 0.624009 0.446826 -0.891405
v 0.620391 0.446806 -0.905420
v 0.611772 0.442356 -0.892917
v 0.607774 0.442726 -0.906697
v 0.626919 0.447192 -0.876327
v 0.615199 0.442403 -0.877904
v 0.615947 0.447108 -0.918094
v 0.610562 0.447707 -0.929149
v 0.603181 0.443455 -0.919024
v 0.597965 0.444486 -0.929679
v 0.606146 0.452540 -0.946098
v 0.614276 0.455974 -0.946585
v 0.623643 0.455641 -0.938277
v 0.614616 0.451895 -0.938274
v 0.621273 0.459837 -0.946974
v 0.631247 0.459743 -0.938254
v 0.604119 0.448578 -0.938308
v 0.596821 0.449584 -0.945613
v 0.592101 0.445761 -0.938442
v 0.585988 0.447159 -0.945336
v 0.588873 0.450591 -0.951103
v 0.596283 0.453219 -0.952229
v 0.579512 0.451304 -0.955001
v 0.584832 0.453766 -0.956790
v 0.580025 0.448559 -0.950384
v 0.575407 0.449666 -0.953363
v 0.603151 0.456390 -0.953236
v 0.609372 0.460054 -0.954034
v 0.590335 0.456783 -0.958292
v 0.595699 0.460314 -0.959453
v 0.631745 0.468597 -0.947068
v 0.642074 0.468719 -0.937850
v 0.637476 0.464129 -0.938143
v 0.627198 0.464081 -0.947165
v 0.650002 0.468982 -0.927047
v 0.645479 0.464359 -0.927490
v 0.614842 0.464161 -0.954531
v 0.619213 0.468586 -0.954643
v 0.600601 0.464318 -0.960219
v 0.604676 0.468655 -0.960515
v 0.622141 0.473200 -0.954284
v 0.634606 0.473280 -0.946594
v 0.623279 0.477878 -0.953372
v 0.635474 0.478023 -0.945652
v 0.607557 0.473187 -0.960267
v 0.608879 0.477774 -0.959402
v 0.644783 0.473435 -0.937282
v 0.652502 0.473671 -0.926433
v 0.645345 0.478196 -0.936345
v 0.652775 0.478381 -0.925552
v 0.658522 0.469984 -0.901176
v 0.654502 0.465477 -0.901689
v 0.651013 0.464826 -0.915229
v 0.655330 0.469415 -0.914717
v 0.657592 0.473997 -0.914134
v 0.660531 0.474405 -0.900678
v 0.657643 0.478565 -0.913377
v 0.660416 0.478774 -0.900087
v 0.661796 0.474887 -0.886360
v 0.660041 0.470654 -0.886739
v 0.661865 0.475437 -0.871473
v 0.660349 0.471391 -0.871722
v 0.661558 0.479036 -0.885952
v 0.661535 0.479378 -0.871240
v 0.656371 0.466262 -0.887202
v 0.657046 0.467130 -0.872097
v 0.659070 0.472918 -0.840860
v 0.658177 0.473620 -0.824953
v 0.655790 0.469725 -0.824966
v 0.656422 0.468911 -0.841000
v 0.652085 0.465403 -0.825128
v 0.652323 0.464493 -0.841349
v 0.657576 0.474221 -0.808687
v 0.655389 0.470421 -0.808580
v 0.651992 0.466181 -0.808535
v 0.656952 0.468030 -0.856703
v 0.659910 0.472161 -0.856440
v 0.652402 0.463518 -0.857206
v 0.661216 0.476047 -0.856312
v 0.660199 0.476670 -0.840840
v 0.660812 0.479826 -0.856218
v 0.659743 0.480320 -0.840849
v 0.659166 0.477256 -0.825020
v 0.658468 0.477758 -0.808814
v 0.658681 0.480802 -0.825095
v 0.657981 0.481209 -0.808918
v 0.658109 0.475057 -0.775218
v 0.656108 0.471384 -0.774915
v 0.655553 0.470949 -0.791820
v 0.657615 0.474677 -0.792029
v 0.652995 0.467221 -0.774446
v 0.652348 0.466761 -0.791563
v 0.658456 0.478128 -0.792185
v 0.658935 0.478430 -0.775385
v 0.657997 0.481484 -0.792280
v 0.658523 0.481692 -0.775450
v 0.659710 0.478732 -0.758666
v 0.658873 0.475430 -0.758489
v 0.660586 0.479098 -0.742280
v 0.659722 0.475863 -0.742080
v 0.659353 0.481901 -0.758696
v 0.660280 0.482177 -0.742288
v 0.656881 0.471799 -0.758097
v 0.653774 0.467643 -0.757421
v 0.657699 0.472266 -0.741593
v 0.654528 0.468106 -0.740723
v 0.643279 0.457100 -0.772925
v 0.642414 0.456684 -0.790902
v 0.648080 0.461928 -0.791266
v 0.648834 0.462379 -0.773778
v 0.641521 0.456089 -0.808706
v 0.647469 0.461326 -0.808597
v 0.649593 0.462767 -0.756394
v 0.643998 0.457429 -0.755077
v 0.650220 0.463179 -0.739375
v 0.644455 0.457766 -0.737656
v 0.636649 0.451889 -0.753531
v 0.635985 0.451626 -0.771903
v 0.627207 0.446406 -0.751817
v 0.626606 0.446200 -0.770725
v 0.636913 0.452151 -0.735674
v 0.627275 0.446616 -0.733538
v 0.635019 0.451263 -0.790443
v 0.633851 0.450704 -0.808803
v 0.625561 0.445900 -0.789862
v 0.624161 0.445406 -0.808829
v 0.639811 0.454218 -0.842868
v 0.646839 0.459511 -0.841999
v 0.647139 0.460489 -0.825511
v 0.640716 0.455223 -0.826039
v 0.632579 0.449852 -0.826637
v 0.631081 0.448871 -0.843878
v 0.622494 0.444617 -0.827228
v 0.620491 0.443725 -0.844948
v 0.629235 0.447929 -0.860463
v 0.638621 0.453205 -0.859162
v 0.618082 0.442923 -0.861877
v 0.646317 0.458489 -0.858051
v 0.660758 0.477075 -0.710962
v 0.660218 0.477774 -0.696314
v 0.657960 0.474298 -0.695496
v 0.658594 0.473549 -0.710256
v 0.654371 0.470173 -0.694204
v 0.655154 0.469383 -0.709066
v 0.658489 0.478481 -0.682313
v 0.656130 0.475075 -0.681390
v 0.652419 0.471047 -0.680053
v 0.658389 0.472861 -0.725634
v 0.660472 0.476425 -0.726228
v 0.655097 0.468690 -0.724588
v 0.661368 0.479596 -0.726478
v 0.661696 0.480184 -0.711290
v 0.661099 0.482587 -0.726493
v 0.661459 0.483097 -0.711348
v 0.661213 0.480824 -0.696748
v 0.659557 0.481475 -0.682880
v 0.661008 0.483669 -0.696888
v 0.659396 0.484269 -0.683149
v 0.650091 0.479774 -0.656499
v 0.647539 0.476581 -0.655425
v 0.652749 0.475848 -0.667973
v 0.655206 0.479154 -0.668989
v 0.643738 0.472937 -0.654212
v 0.648971 0.471995 -0.666662
v 0.656371 0.482097 -0.669718
v 0.651368 0.482668 -0.657385
v 0.656271 0.484861 -0.670168
v 0.651345 0.485412 -0.658037
v 0.644263 0.483164 -0.646005
v 0.642863 0.480320 -0.644997
v 0.634770 0.483562 -0.635703
v 0.633245 0.480770 -0.634639
v 0.644330 0.485888 -0.646848
v 0.634937 0.486256 -0.636696
v 0.640222 0.477237 -0.643924
v 0.636431 0.473798 -0.642886
v 0.630522 0.477782 -0.633646
v 0.626761 0.474500 -0.632865
v 0.632291 0.464167 -0.651520
v 0.637138 0.462439 -0.663185
v 0.643845 0.467409 -0.665045
v 0.638713 0.468693 -0.652905
v 0.640536 0.460856 -0.676109
v 0.647296 0.466186 -0.678246
v 0.631580 0.469883 -0.641982
v 0.625712 0.465790 -0.641304
v 0.622125 0.470825 -0.632438
v 0.616912 0.467012 -0.632572
v 0.618871 0.461815 -0.640939
v 0.624300 0.459681 -0.650075
v 0.610344 0.458389 -0.639986
v 0.614376 0.455585 -0.648338
v 0.611423 0.463313 -0.633477
v 0.606873 0.460495 -0.634783
v 0.628617 0.457430 -0.661140
v 0.631914 0.455423 -0.673781
v 0.618049 0.452731 -0.658972
v 0.621209 0.450253 -0.671403
v 0.644037 0.458813 -0.705084
v 0.650389 0.464358 -0.707283
v 0.649386 0.465177 -0.692349
v 0.642770 0.459672 -0.690104
v 0.634286 0.454018 -0.687645
v 0.635839 0.453089 -0.702642
v 0.623699 0.448576 -0.685147
v 0.625533 0.447528 -0.700131
v 0.636679 0.452509 -0.718681
v 0.644533 0.458202 -0.720963
v 0.626721 0.446932 -0.716285
v 0.650576 0.463700 -0.722982
v 0.603192 0.503899 -0.932762
v 0.608913 0.504685 -0.925202
v 0.618428 0.500709 -0.927070
v 0.611707 0.500127 -0.935064
v 0.626720 0.496508 -0.929146
v 0.619141 0.496073 -0.937552
v 0.613421 0.505307 -0.916348
v 0.623619 0.501102 -0.917790
v 0.632530 0.496743 -0.919438
v 0.603142 0.499494 -0.941756
v 0.595924 0.503105 -0.939032
v 0.592419 0.498949 -0.947130
v 0.586572 0.502524 -0.944026
v 0.609578 0.495545 -0.944601
v 0.597817 0.495034 -0.950239
v 0.588034 0.506273 -0.936687
v 0.593534 0.507337 -0.930891
v 0.580586 0.505604 -0.941134
v 0.598089 0.508402 -0.923743
v 0.601891 0.509317 -0.915259
v 0.619893 0.505720 -0.894858
v 0.630503 0.501052 -0.895559
v 0.627596 0.501167 -0.907239
v 0.617053 0.505607 -0.906192
v 0.639700 0.496429 -0.896440
v 0.636786 0.496668 -0.908483
v 0.605136 0.509933 -0.905457
v 0.607857 0.510365 -0.894434
v 0.610086 0.510731 -0.882290
v 0.622027 0.505784 -0.882470
v 0.611857 0.511147 -0.869124
v 0.623541 0.505934 -0.869151
v 0.632484 0.500902 -0.882891
v 0.641484 0.496173 -0.883468
v 0.633685 0.500867 -0.869376
v 0.642347 0.496047 -0.869725
v 0.653691 0.487501 -0.898380
v 0.650911 0.487644 -0.911125
v 0.644644 0.492161 -0.909808
v 0.647500 0.491923 -0.897404
v 0.646326 0.487702 -0.922802
v 0.640198 0.492269 -0.921144
v 0.649051 0.491684 -0.884114
v 0.655025 0.487373 -0.884778
v 0.649583 0.491573 -0.870121
v 0.655273 0.487361 -0.870529
v 0.659248 0.483178 -0.885408
v 0.658067 0.483129 -0.899298
v 0.659298 0.483324 -0.870914
v 0.655330 0.483113 -0.912344
v 0.650617 0.483065 -0.924306
v 0.630628 0.487324 -0.942221
v 0.625555 0.491790 -0.939979
v 0.633874 0.492118 -0.931229
v 0.639574 0.487576 -0.933201
v 0.643503 0.482922 -0.934945
v 0.634041 0.482719 -0.944153
v 0.622281 0.482493 -0.951822
v 0.619458 0.487003 -0.949760
v 0.608274 0.482278 -0.957845
v 0.606035 0.486673 -0.955718
v 0.615120 0.491368 -0.947311
v 0.602453 0.490933 -0.953142
v 0.625182 0.506817 -0.840186
v 0.625746 0.507387 -0.824735
v 0.634614 0.501923 -0.824825
v 0.634464 0.501479 -0.840287
v 0.642037 0.496871 -0.824917
v 0.642285 0.496509 -0.840427
v 0.626428 0.507934 -0.808769
v 0.634984 0.502324 -0.808828
v 0.642094 0.497169 -0.808863
v 0.634250 0.501093 -0.855156
v 0.624520 0.506305 -0.855024
v 0.642501 0.496197 -0.855370
v 0.613203 0.511729 -0.855033
v 0.614271 0.512418 -0.840161
v 0.615210 0.513150 -0.824651
v 0.616166 0.513864 -0.808648
v 0.628666 0.508728 -0.775733
v 0.637059 0.502738 -0.775605
v 0.635860 0.502579 -0.792353
v 0.627448 0.508375 -0.792384
v 0.643919 0.497305 -0.775448
v 0.642794 0.497290 -0.792289
v 0.617288 0.514498 -0.792295
v 0.618487 0.515042 -0.775696
v 0.619672 0.515482 -0.758957
v 0.629946 0.509010 -0.758969
v 0.620755 0.515807 -0.742183
v 0.631149 0.509239 -0.742243
v 0.638396 0.502846 -0.758791
v 0.645251 0.497284 -0.758592
v 0.639686 0.502952 -0.742118
v 0.646571 0.497298 -0.741975
v 0.653800 0.488630 -0.775412
v 0.652985 0.488614 -0.792297
v 0.648516 0.492684 -0.792281
v 0.649502 0.492662 -0.775398
v 0.652687 0.488508 -0.808946
v 0.648018 0.492605 -0.808909
v 0.650742 0.492616 -0.758539
v 0.654901 0.488635 -0.758577
v 0.652006 0.492628 -0.741982
v 0.656057 0.488707 -0.742077
v 0.657761 0.485132 -0.758648
v 0.656810 0.485033 -0.775444
v 0.658793 0.485302 -0.742200
v 0.656160 0.484930 -0.792307
v 0.656031 0.484751 -0.808955
v 0.653960 0.487887 -0.840697
v 0.648814 0.492013 -0.840569
v 0.648238 0.492345 -0.825004
v 0.653134 0.488233 -0.825072
v 0.656643 0.484423 -0.825107
v 0.657633 0.484024 -0.840796
v 0.658638 0.483632 -0.856054
v 0.654796 0.487564 -0.855842
v 0.649383 0.491720 -0.855607
v 0.632640 0.509507 -0.709739
v 0.632387 0.509374 -0.694706
v 0.640971 0.503286 -0.695268
v 0.641276 0.503236 -0.710085
v 0.647851 0.497790 -0.695778
v 0.648196 0.497597 -0.710392
v 0.631109 0.508952 -0.680983
v 0.639529 0.503188 -0.681613
v 0.646299 0.497949 -0.682182
v 0.640747 0.503104 -0.725792
v 0.632137 0.509433 -0.725709
v 0.647661 0.497418 -0.725850
v 0.621646 0.516005 -0.725479
v 0.622115 0.515972 -0.709299
v 0.621933 0.515606 -0.694096
v 0.620870 0.514801 -0.680325
v 0.624410 0.507192 -0.658544
v 0.632035 0.502470 -0.658563
v 0.636647 0.502878 -0.669392
v 0.628536 0.508154 -0.668943
v 0.638341 0.498058 -0.658576
v 0.643218 0.498029 -0.669781
v 0.618695 0.513455 -0.668438
v 0.615334 0.511869 -0.658501
v 0.610715 0.510341 -0.650576
v 0.618476 0.506276 -0.649746
v 0.603912 0.509371 -0.644364
v 0.610264 0.505668 -0.642416
v 0.625401 0.502075 -0.649082
v 0.631405 0.498064 -0.648568
v 0.616452 0.501807 -0.640909
v 0.622146 0.498075 -0.639760
v 0.647356 0.491067 -0.658572
v 0.652333 0.490611 -0.670310
v 0.648437 0.494008 -0.670104
v 0.643460 0.494313 -0.658604
v 0.655492 0.490131 -0.683001
v 0.651595 0.493676 -0.682657
v 0.636405 0.494569 -0.648187
v 0.640296 0.491461 -0.647840
v 0.627015 0.494757 -0.638886
v 0.630886 0.491750 -0.638166
v 0.642973 0.488610 -0.647427
v 0.649996 0.488156 -0.658408
v 0.633584 0.488951 -0.637476
v 0.654934 0.487630 -0.670348
v 0.658066 0.487075 -0.683177
v 0.657500 0.489256 -0.711016
v 0.653569 0.493024 -0.710718
v 0.653193 0.493336 -0.696232
v 0.657099 0.489669 -0.696593
v 0.659671 0.486532 -0.696824
v 0.660095 0.486034 -0.711241
v 0.659687 0.485613 -0.726382
v 0.657038 0.488925 -0.726201
v 0.653061 0.492776 -0.726004
v 0.059628 0.487016 -0.650274
v 0.054689 0.486824 -0.661140
v 0.058036 0.482759 -0.661460
v 0.062892 0.482912 -0.650519
v 0.062494 0.478376 -0.661648
v 0.067265 0.478536 -0.650773
v 0.051521 0.486462 -0.673093
v 0.054875 0.482456 -0.673407
v 0.059328 0.478095 -0.673489
v 0.069864 0.482809 -0.640735
v 0.066745 0.486934 -0.640633
v 0.079376 0.482346 -0.632258
v 0.076446 0.486476 -0.632354
v 0.074073 0.478452 -0.641007
v 0.083349 0.478004 -0.632495
v 0.064954 0.490890 -0.640763
v 0.057678 0.490942 -0.650149
v 0.064730 0.494737 -0.641189
v 0.057245 0.494784 -0.650257
v 0.074829 0.490428 -0.632788
v 0.074796 0.494236 -0.633565
v 0.052621 0.490694 -0.660836
v 0.049404 0.490258 -0.672716
v 0.052002 0.494495 -0.660699
v 0.048664 0.493990 -0.672444
v 0.048882 0.485549 -0.699769
v 0.052001 0.481728 -0.699834
v 0.052987 0.482107 -0.686208
v 0.049717 0.486033 -0.685996
v 0.056179 0.477553 -0.699634
v 0.057337 0.477815 -0.686149
v 0.047646 0.489743 -0.685678
v 0.046922 0.489156 -0.699587
v 0.046891 0.493388 -0.685421
v 0.046226 0.492690 -0.699436
v 0.046807 0.488501 -0.714309
v 0.048618 0.485019 -0.714334
v 0.046874 0.487785 -0.729709
v 0.048529 0.484455 -0.729611
v 0.046210 0.491901 -0.714298
v 0.046386 0.491021 -0.729815
v 0.051549 0.481333 -0.714253
v 0.055509 0.477324 -0.713947
v 0.051262 0.480940 -0.729434
v 0.054983 0.477144 -0.729089
v 0.067688 0.467931 -0.698072
v 0.069213 0.467930 -0.684772
v 0.062653 0.473009 -0.685653
v 0.061313 0.472885 -0.699023
v 0.071392 0.468130 -0.672455
v 0.064741 0.473233 -0.673169
v 0.060402 0.472871 -0.713296
v 0.066531 0.468129 -0.712370
v 0.059605 0.472974 -0.728488
v 0.065454 0.468519 -0.727682
v 0.074194 0.463252 -0.711235
v 0.075591 0.462898 -0.696851
v 0.083691 0.458396 -0.709959
v 0.085306 0.457993 -0.695432
v 0.072862 0.463868 -0.726721
v 0.082156 0.459108 -0.725657
v 0.077298 0.462823 -0.683560
v 0.079560 0.463047 -0.671353
v 0.087188 0.457931 -0.682070
v 0.089524 0.458242 -0.669869
v 0.078925 0.468951 -0.650843
v 0.072545 0.473795 -0.650923
v 0.067893 0.473550 -0.661555
v 0.074509 0.468535 -0.661104
v 0.082620 0.463587 -0.660218
v 0.086602 0.464267 -0.650406
v 0.092501 0.458961 -0.658823
v 0.095959 0.459963 -0.649286
v 0.091630 0.464906 -0.642162
v 0.084999 0.469184 -0.641797
v 0.098634 0.464951 -0.635303
v 0.093291 0.468946 -0.633983
v 0.099740 0.461128 -0.641613
v 0.103001 0.462146 -0.636678
v 0.079132 0.473805 -0.641387
v 0.088091 0.473417 -0.633058
v 0.047873 0.483280 -0.761980
v 0.047675 0.482714 -0.778897
v 0.049927 0.479823 -0.778938
v 0.050261 0.480194 -0.761885
v 0.053026 0.476796 -0.779002
v 0.053540 0.476930 -0.761747
v 0.047808 0.482191 -0.796185
v 0.049958 0.479443 -0.796397
v 0.052921 0.476577 -0.796701
v 0.050769 0.480563 -0.745348
v 0.048219 0.483868 -0.745522
v 0.054260 0.477030 -0.745066
v 0.046699 0.487011 -0.745650
v 0.046466 0.486227 -0.762067
v 0.046297 0.490054 -0.745793
v 0.046131 0.489068 -0.762185
v 0.046361 0.485479 -0.778893
v 0.046568 0.484815 -0.796059
v 0.046080 0.488131 -0.778941
v 0.046333 0.487313 -0.796011
v 0.049451 0.481307 -0.831207
v 0.051500 0.478611 -0.831785
v 0.050542 0.479045 -0.814153
v 0.048459 0.481734 -0.813759
v 0.054353 0.475750 -0.832601
v 0.053426 0.476224 -0.814714
v 0.047272 0.484282 -0.813500
v 0.048301 0.483834 -0.830814
v 0.047080 0.486681 -0.813347
v 0.048145 0.486186 -0.830555
v 0.049480 0.483427 -0.847601
v 0.050610 0.480876 -0.848118
v 0.050636 0.483016 -0.863458
v 0.051762 0.480405 -0.864082
v 0.049353 0.485780 -0.847243
v 0.050526 0.485414 -0.863017
v 0.052651 0.478126 -0.848868
v 0.055508 0.475172 -0.849924
v 0.053814 0.477571 -0.864979
v 0.056704 0.474504 -0.866242
v 0.062754 0.469382 -0.834990
v 0.061871 0.470029 -0.816333
v 0.057015 0.473278 -0.815470
v 0.057913 0.472728 -0.833707
v 0.061537 0.470332 -0.797551
v 0.056601 0.473597 -0.797105
v 0.059090 0.472012 -0.851358
v 0.063970 0.468511 -0.853037
v 0.060340 0.471194 -0.867962
v 0.065300 0.467538 -0.869991
v 0.070725 0.464535 -0.854824
v 0.069451 0.465549 -0.836335
v 0.079932 0.459949 -0.856586
v 0.078578 0.461066 -0.837628
v 0.072156 0.463433 -0.872179
v 0.081486 0.458779 -0.874379
v 0.068557 0.466300 -0.817217
v 0.068267 0.466612 -0.797980
v 0.077639 0.461911 -0.818033
v 0.077329 0.462268 -0.798334
v 0.062932 0.469703 -0.761229
v 0.057618 0.473455 -0.761528
v 0.056877 0.473621 -0.779074
v 0.061972 0.470168 -0.779127
v 0.068804 0.466311 -0.779131
v 0.069916 0.465611 -0.760851
v 0.077864 0.461922 -0.779058
v 0.079005 0.461116 -0.760395
v 0.071352 0.464725 -0.743320
v 0.064174 0.469098 -0.744024
v 0.080515 0.460097 -0.742532
v 0.058602 0.473204 -0.744616
v 0.053679 0.479257 -0.892144
v 0.054768 0.478623 -0.904659
v 0.056953 0.475526 -0.905749
v 0.055801 0.476238 -0.893219
v 0.060051 0.472217 -0.907291
v 0.058808 0.472986 -0.894738
v 0.056157 0.477978 -0.916442
v 0.058428 0.474827 -0.917488
v 0.061644 0.471496 -0.918967
v 0.054810 0.476931 -0.879696
v 0.052731 0.479858 -0.878688
v 0.057748 0.473762 -0.881117
v 0.051596 0.482556 -0.877986
v 0.052520 0.482055 -0.891396
v 0.051490 0.485039 -0.877484
v 0.052402 0.484646 -0.890859
v 0.053567 0.481520 -0.903902
v 0.054895 0.480958 -0.915716
v 0.053422 0.484227 -0.903358
v 0.054707 0.483774 -0.915194
v 0.061026 0.476708 -0.938374
v 0.063549 0.473547 -0.939141
v 0.060391 0.474175 -0.928637
v 0.058009 0.477344 -0.927702
v 0.067087 0.470280 -0.940210
v 0.063755 0.470863 -0.929953
v 0.056665 0.480377 -0.927051
v 0.059571 0.479768 -0.937833
v 0.056416 0.483278 -0.926585
v 0.059242 0.482730 -0.937442
v 0.064310 0.479125 -0.947988
v 0.065912 0.476059 -0.948391
v 0.071577 0.478440 -0.957441
v 0.073370 0.475385 -0.957688
v 0.063876 0.482122 -0.947680
v 0.071011 0.481442 -0.957213
v 0.068613 0.472921 -0.948943
v 0.072346 0.469708 -0.949696
v 0.076289 0.472276 -0.957988
v 0.080236 0.469110 -0.958373
v 0.077406 0.463491 -0.943437
v 0.073764 0.463818 -0.933975
v 0.068044 0.467402 -0.931749
v 0.071583 0.466903 -0.941657
v 0.071267 0.464262 -0.923472
v 0.065741 0.467976 -0.920993
v 0.077044 0.466418 -0.950704
v 0.082766 0.463209 -0.951818
v 0.085111 0.465885 -0.958875
v 0.090627 0.462815 -0.959222
v 0.089572 0.460240 -0.952891
v 0.084924 0.460118 -0.945504
v 0.098252 0.457527 -0.954605
v 0.094687 0.456822 -0.948021
v 0.096499 0.460114 -0.959139
v 0.101443 0.458192 -0.958716
v 0.081421 0.460132 -0.936586
v 0.078769 0.460347 -0.926307
v 0.091522 0.456369 -0.939532
v 0.088797 0.456224 -0.929405
v 0.067816 0.465688 -0.899312
v 0.062620 0.469487 -0.896817
v 0.063990 0.468686 -0.909406
v 0.069340 0.464901 -0.911965
v 0.076672 0.460830 -0.914841
v 0.074975 0.461535 -0.902074
v 0.086556 0.456442 -0.917907
v 0.084673 0.456975 -0.904958
v 0.073521 0.462418 -0.887891
v 0.066526 0.466582 -0.885368
v 0.083025 0.457771 -0.890476
v 0.061460 0.470338 -0.883059
v 0.087632 0.515880 -0.658331
v 0.081806 0.516694 -0.666368
v 0.072917 0.513271 -0.664826
v 0.079092 0.512860 -0.656280
v 0.065575 0.509720 -0.663347
v 0.071821 0.509605 -0.654295
v 0.077357 0.517035 -0.676091
v 0.068467 0.513221 -0.675024
v 0.061243 0.509407 -0.674014
v 0.087155 0.512022 -0.649199
v 0.094958 0.514722 -0.651760
v 0.097273 0.510792 -0.643396
v 0.104176 0.513365 -0.646441
v 0.080122 0.509027 -0.646728
v 0.090621 0.507948 -0.640517
v 0.103204 0.517124 -0.654038
v 0.097351 0.518674 -0.660108
v 0.110763 0.515674 -0.649327
v 0.092222 0.520011 -0.667707
v 0.087905 0.520901 -0.677033
v 0.071901 0.515986 -0.700929
v 0.063822 0.511684 -0.700598
v 0.065577 0.512674 -0.687063
v 0.074160 0.516778 -0.687722
v 0.057390 0.507655 -0.700233
v 0.058681 0.508706 -0.686422
v 0.084490 0.521112 -0.688285
v 0.081787 0.520706 -0.701163
v 0.079606 0.519744 -0.715367
v 0.070266 0.514720 -0.715381
v 0.077756 0.518290 -0.730596
v 0.068940 0.513044 -0.730746
v 0.062780 0.510304 -0.715284
v 0.056868 0.506295 -0.715105
v 0.062027 0.508588 -0.730778
v 0.056616 0.504664 -0.730697
v 0.048956 0.499975 -0.699628
v 0.049725 0.500917 -0.685562
v 0.053414 0.504784 -0.685914
v 0.052444 0.503758 -0.699897
v 0.051767 0.501666 -0.672716
v 0.055689 0.505545 -0.673241
v 0.052252 0.502492 -0.714869
v 0.048936 0.498854 -0.714625
v 0.052308 0.501013 -0.730509
v 0.049141 0.497568 -0.730266
v 0.046921 0.495338 -0.714419
v 0.046893 0.496291 -0.699462
v 0.047155 0.494260 -0.730017
v 0.047567 0.497115 -0.685390
v 0.049438 0.497804 -0.672448
v 0.061451 0.502429 -0.651525
v 0.065911 0.506107 -0.652715
v 0.059800 0.506014 -0.662199
v 0.055604 0.502207 -0.661377
v 0.053001 0.498350 -0.660879
v 0.058533 0.498634 -0.650711
v 0.066312 0.498535 -0.641973
v 0.069523 0.502223 -0.643140
v 0.076617 0.497933 -0.634691
v 0.080035 0.501478 -0.636201
v 0.074186 0.505741 -0.644716
v 0.084789 0.504830 -0.638131
v 0.066466 0.508835 -0.763119
v 0.065706 0.506675 -0.779914
v 0.059802 0.502440 -0.779767
v 0.060327 0.504483 -0.763087
v 0.055333 0.499011 -0.779593
v 0.055632 0.500866 -0.762982
v 0.065524 0.504725 -0.796972
v 0.059774 0.500634 -0.796707
v 0.055452 0.497392 -0.796464
v 0.061139 0.506590 -0.746735
v 0.067609 0.511021 -0.746695
v 0.056132 0.502803 -0.746669
v 0.076046 0.516404 -0.746551
v 0.074642 0.514279 -0.763077
v 0.073708 0.512108 -0.780022
v 0.073410 0.510082 -0.797232
v 0.067237 0.502003 -0.831222
v 0.061609 0.498225 -0.830814
v 0.060453 0.499240 -0.813840
v 0.066115 0.503173 -0.814187
v 0.057369 0.495288 -0.830499
v 0.056203 0.496166 -0.813553
v 0.073912 0.508395 -0.814553
v 0.074972 0.507051 -0.831668
v 0.076350 0.506058 -0.848259
v 0.068650 0.501203 -0.847741
v 0.077803 0.505421 -0.864009
v 0.070113 0.500758 -0.863406
v 0.063010 0.497559 -0.847278
v 0.058732 0.494716 -0.846939
v 0.064423 0.497212 -0.862881
v 0.060074 0.494405 -0.862513
v 0.050999 0.490503 -0.830297
v 0.049864 0.491153 -0.813274
v 0.052640 0.493519 -0.813366
v 0.053797 0.492763 -0.830332
v 0.049069 0.492054 -0.796121
v 0.051852 0.494579 -0.796266
v 0.055119 0.492262 -0.846793
v 0.052280 0.490052 -0.846812
v 0.056402 0.491964 -0.862378
v 0.053516 0.489747 -0.862441
v 0.050322 0.487940 -0.846971
v 0.049080 0.488360 -0.830377
v 0.051522 0.487610 -0.862666
v 0.047977 0.488922 -0.813269
v 0.047198 0.489679 -0.796034
v 0.048870 0.494657 -0.762588
v 0.051787 0.497628 -0.762804
v 0.051639 0.495994 -0.779403
v 0.048807 0.493260 -0.779217
v 0.046924 0.490682 -0.779056
v 0.046958 0.491841 -0.762371
v 0.047101 0.493064 -0.746013
v 0.049050 0.496131 -0.746262
v 0.052081 0.499347 -0.746497
v 0.072543 0.500741 -0.891267
v 0.073667 0.500866 -0.903665
v 0.067790 0.497412 -0.903011
v 0.066704 0.497258 -0.890601
v 0.063207 0.494433 -0.902601
v 0.062175 0.494352 -0.890159
v 0.074834 0.500880 -0.915176
v 0.068986 0.497494 -0.914653
v 0.064408 0.494468 -0.914369
v 0.065618 0.497151 -0.877273
v 0.071384 0.500655 -0.877881
v 0.061176 0.494314 -0.876858
v 0.079091 0.505146 -0.878600
v 0.080262 0.505059 -0.892085
v 0.081366 0.504984 -0.904517
v 0.082452 0.504746 -0.915948
v 0.078326 0.500196 -0.935720
v 0.072849 0.497113 -0.935957
v 0.070400 0.497383 -0.925673
v 0.076122 0.500629 -0.925902
v 0.068500 0.494130 -0.936298
v 0.065913 0.494369 -0.925647
v 0.083568 0.504169 -0.926431
v 0.085368 0.503377 -0.935743
v 0.088503 0.502494 -0.943664
v 0.082244 0.499660 -0.944507
v 0.094103 0.501884 -0.950290
v 0.088788 0.499161 -0.952221
v 0.077149 0.496716 -0.945393
v 0.072947 0.493746 -0.946182
v 0.084116 0.496226 -0.953866
v 0.080031 0.493212 -0.955163
v 0.061999 0.488422 -0.936849
v 0.059270 0.488778 -0.925919
v 0.062169 0.491525 -0.925731
v 0.064843 0.491249 -0.936584
v 0.057651 0.489037 -0.914460
v 0.060599 0.491682 -0.914316
v 0.069365 0.490833 -0.946736
v 0.066557 0.487944 -0.947124
v 0.076480 0.490252 -0.956046
v 0.073661 0.487322 -0.956615
v 0.064676 0.485051 -0.947415
v 0.060091 0.485599 -0.937125
v 0.071772 0.484394 -0.956971
v 0.057318 0.486054 -0.926206
v 0.055656 0.486434 -0.914764
v 0.055430 0.489373 -0.890118
v 0.058385 0.491767 -0.890015
v 0.059388 0.491742 -0.902480
v 0.056423 0.489221 -0.902598
v 0.054404 0.486755 -0.902907
v 0.053404 0.487042 -0.890416
v 0.052496 0.487319 -0.877075
v 0.054513 0.489534 -0.876804
v 0.057441 0.491820 -0.876717
vn 0.015300 0.780700 0.624700
vn 0.018000 0.757200 0.652900
vn 0.042500 0.751000 0.658900
vn 0.036500 0.776900 0.628500
vn 0.085400 0.747900 0.658200
vn 0.074900 0.775100 0.627400
vn 0.022100 0.738000 0.674400
vn 0.050100 0.730800 0.680700
vn 0.097300 0.727700 0.679000
vn 0.033500 0.806000 0.590900
vn 0.015000 0.806500 0.591100
vn 0.034900 0.836000 0.547600
vn 0.018300 0.832900 0.553100
vn 0.067800 0.806400 0.587400
vn 0.065900 0.839000 0.540100
vn 0.008200 0.806100 0.591600
vn 0.006400 0.783700 0.621100
vn 0.010900 0.803400 0.595300
vn 0.007200 0.783700 0.621000
vn 0.012800 0.828900 0.559300
vn 0.016800 0.823000 0.567700
vn 0.006600 0.762700 0.646600
vn 0.008100 0.744800 0.667200
vn 0.005200 0.765000 0.644000
vn 0.004400 0.748400 0.663200
vn 0.030200 0.656200 0.754000
vn 0.066500 0.651800 0.755400
vn 0.058100 0.704300 0.707500
vn 0.026500 0.711000 0.702700
vn 0.125100 0.651800 0.748000
vn 0.110000 0.702000 0.703500
vn 0.009600 0.717700 0.696200
vn 0.010100 0.660700 0.750500
vn 0.003800 0.721400 0.692400
vn 0.002300 0.662800 0.748700
vn 0.009400 0.555800 0.831200
vn 0.033400 0.557500 0.829500
vn 0.007300 0.385600 0.922600
vn 0.035200 0.401300 0.915300
vn -0.000200 0.552600 0.833400
vn -0.004000 0.370100 0.929000
vn 0.075700 0.558900 0.825700
vn 0.143200 0.562200 0.814500
vn 0.084100 0.414200 0.906200
vn 0.162300 0.420600 0.892500
vn 0.290200 0.659800 0.693100
vn 0.259000 0.709700 0.655100
vn 0.179300 0.704600 0.686600
vn 0.202100 0.655200 0.727900
vn 0.235200 0.733200 0.638000
vn 0.161000 0.729100 0.665200
vn 0.231000 0.565000 0.792000
vn 0.331200 0.565200 0.755500
vn 0.262500 0.417800 0.869800
vn 0.376900 0.405000 0.833000
vn 0.442400 0.564000 0.697200
vn 0.387200 0.667000 0.636500
vn 0.559200 0.561600 0.609800
vn 0.487500 0.676700 0.551700
vn 0.504600 0.382700 0.773900
vn 0.639900 0.351500 0.683400
vn 0.347100 0.718900 0.602200
vn 0.318400 0.741100 0.591000
vn 0.438300 0.731600 0.522000
vn 0.406200 0.752600 0.518200
vn 0.189200 0.775500 0.602300
vn 0.127400 0.774900 0.619000
vn 0.144000 0.748300 0.647600
vn 0.212700 0.750400 0.625800
vn 0.291300 0.755800 0.586400
vn 0.260200 0.778900 0.570500
vn 0.375700 0.765400 0.522500
vn 0.336300 0.786700 0.517600
vn 0.229700 0.808400 0.541900
vn 0.168200 0.807000 0.566000
vn 0.209800 0.839500 0.501200
vn 0.155500 0.841400 0.517500
vn 0.292800 0.813900 0.501800
vn 0.256700 0.836400 0.484300
vn 0.114200 0.807100 0.579200
vn 0.107500 0.841200 0.530000
vn 0.025600 -0.061100 0.997800
vn 0.018400 -0.276200 0.960900
vn 0.065300 -0.252000 0.965500
vn 0.076900 -0.033500 0.996500
vn 0.142300 -0.243500 0.959400
vn 0.160200 -0.025300 0.986800
vn 0.012300 -0.430900 0.902300
vn 0.053400 -0.411700 0.909700
vn 0.122400 -0.403300 0.906800
vn 0.084500 0.208900 0.974200
vn 0.032200 0.184600 0.982300
vn 0.168600 0.216400 0.961600
vn 0.002800 0.154500 0.988000
vn -0.002100 -0.094100 0.995500
vn -0.008300 0.126600 0.991900
vn -0.011400 -0.123200 0.992300
vn -0.005800 -0.303800 0.952700
vn -0.008100 -0.451900 0.892000
vn -0.012500 -0.327300 0.944800
vn -0.012500 -0.469500 0.882800
vn 0.005200 -0.647500 0.762000
vn 0.035300 -0.638400 0.768900
vn 0.043100 -0.533400 0.844800
vn 0.007700 -0.547700 0.836600
vn 0.087500 -0.633000 0.769200
vn 0.103500 -0.525700 0.844400
vn -0.009100 -0.562900 0.826400
vn -0.008600 -0.657200 0.753600
vn -0.011600 -0.575600 0.817600
vn -0.009700 -0.665400 0.746400
vn -0.006900 -0.733100 0.680100
vn 0.004900 -0.727900 0.685600
vn -0.004300 -0.792000 0.610400
vn 0.006700 -0.790100 0.612900
vn -0.007400 -0.737700 0.675100
vn -0.004800 -0.794100 0.607700
vn 0.031100 -0.723400 0.689700
vn 0.076800 -0.721100 0.688600
vn 0.030900 -0.789000 0.613500
vn 0.072800 -0.789000 0.610000
vn 0.240700 -0.633800 0.735000
vn 0.279100 -0.535400 0.797100
vn 0.185100 -0.526400 0.829800
vn 0.158200 -0.631400 0.759100
vn 0.318300 -0.427400 0.846200
vn 0.214400 -0.408700 0.887100
vn 0.137900 -0.720100 0.679900
vn 0.208500 -0.719900 0.662000
vn 0.127800 -0.789300 0.600500
vn 0.190100 -0.788100 0.585300
vn 0.285700 -0.723900 0.627900
vn 0.331600 -0.646700 0.686900
vn 0.359500 -0.736600 0.572800
vn 0.420200 -0.671200 0.610600
vn 0.258200 -0.784500 0.563700
vn 0.313500 -0.779400 0.542400
vn 0.381000 -0.559400 0.736100
vn 0.428400 -0.465000 0.774700
vn 0.479900 -0.598200 0.641700
vn 0.533300 -0.519500 0.667500
vn 0.389800 -0.071600 0.918100
vn 0.268300 -0.038400 0.962500
vn 0.243800 -0.253600 0.936100
vn 0.357200 -0.281300 0.890700
vn 0.476600 -0.331900 0.814000
vn 0.519800 -0.128900 0.844500
vn 0.589700 -0.403200 0.699800
vn 0.647200 -0.208300 0.733200
vn 0.535300 0.130100 0.834600
vn 0.399700 0.177600 0.899300
vn 0.675100 0.064500 0.734900
vn 0.276700 0.205900 0.938600
vn -0.008300 0.706600 0.707500
vn -0.014600 0.694000 0.719800
vn -0.006900 0.710500 0.703600
vn -0.000100 0.724500 0.689300
vn -0.000800 0.726900 0.686700
vn 0.005700 0.741900 0.670400
vn -0.019500 0.684600 0.728600
vn -0.012300 0.699000 0.715000
vn -0.006100 0.713900 0.700200
vn 0.008300 0.739300 0.673300
vn -0.000400 0.720500 0.693500
vn 0.018800 0.753900 0.656700
vn 0.009400 0.734300 0.678700
vn 0.013900 0.757500 0.652600
vn 0.023800 0.772900 0.634100
vn -0.013900 0.704200 0.709800
vn -0.020000 0.691300 0.722300
vn -0.034200 0.695000 0.718200
vn -0.036600 0.683200 0.729200
vn -0.006400 0.717400 0.696600
vn -0.031200 0.707200 0.706300
vn -0.024800 0.680300 0.732500
vn -0.028400 0.673500 0.738600
vn -0.038300 0.673900 0.737800
vn -0.039300 0.669800 0.741500
vn -0.025200 0.607400 0.794000
vn -0.019000 0.616300 0.787300
vn -0.016300 0.675500 0.737100
vn -0.023000 0.663600 0.747700
vn -0.013300 0.628100 0.778000
vn -0.010200 0.688800 0.724800
vn -0.030700 0.655800 0.754300
vn -0.032000 0.603800 0.796400
vn -0.039500 0.655500 0.754100
vn -0.039400 0.608800 0.792300
vn -0.032300 0.504500 0.862800
vn -0.026200 0.500400 0.865400
vn -0.030500 0.350700 0.936000
vn -0.025000 0.333000 0.942600
vn -0.038800 0.518900 0.853900
vn -0.036500 0.380900 0.923900
vn -0.020600 0.503700 0.863600
vn -0.015600 0.512300 0.858700
vn -0.020300 0.325400 0.945300
vn -0.016500 0.325800 0.945300
vn -0.003900 0.651800 0.758400
vn -0.000800 0.712500 0.701700
vn -0.004900 0.701700 0.712500
vn -0.008100 0.640600 0.767800
vn 0.002400 0.738900 0.673800
vn -0.001100 0.727600 0.685900
vn -0.011000 0.523500 0.851900
vn -0.007000 0.535400 0.844500
vn -0.013200 0.332000 0.943200
vn -0.010100 0.342400 0.939500
vn -0.003400 0.545900 0.837800
vn -0.000400 0.659900 0.751300
vn -0.007100 0.355500 0.934600
vn 0.002100 0.719700 0.694200
vn 0.004300 0.746400 0.665500
vn 0.011500 0.769900 0.638100
vn 0.009700 0.757300 0.653000
vn 0.003700 0.741600 0.670800
vn 0.006400 0.753600 0.657200
vn 0.007000 0.761900 0.647600
vn 0.010800 0.779100 0.626800
vn 0.016100 0.796900 0.603900
vn 0.018000 0.786600 0.617100
vn 0.023300 0.814400 0.579700
vn 0.026100 0.803200 0.595200
vn 0.017100 0.773400 0.633600
vn 0.026100 0.789400 0.613300
vn -0.013900 -0.087500 0.996100
vn -0.005800 -0.277000 0.960800
vn -0.005100 -0.305400 0.952200
vn -0.011800 -0.116600 0.993100
vn -0.006300 -0.325100 0.945600
vn -0.011400 -0.135800 0.990700
vn 0.001900 -0.430200 0.902700
vn 0.001100 -0.451300 0.892400
vn -0.001400 -0.465900 0.884800
vn -0.017300 0.103700 0.994400
vn -0.020800 0.124700 0.992000
vn -0.015100 0.092400 0.995600
vn -0.025600 0.157700 0.987200
vn -0.017700 -0.046000 0.998800
vn -0.031100 0.204900 0.978300
vn -0.022500 0.010600 0.999700
vn -0.008200 -0.237100 0.971400
vn 0.001000 -0.399400 0.916800
vn -0.011900 -0.182300 0.983200
vn -0.001100 -0.355100 0.934800
vn 0.012200 -0.652400 0.757800
vn 0.009600 -0.659800 0.751300
vn 0.006000 -0.565500 0.824700
vn 0.008000 -0.552300 0.833600
vn 0.006000 -0.664900 0.746800
vn 0.002700 -0.574400 0.818500
vn 0.008600 -0.532000 0.846700
vn 0.013700 -0.641000 0.767400
vn 0.008200 -0.501400 0.865100
vn 0.014500 -0.624000 0.781200
vn 0.015600 -0.729600 0.683700
vn 0.014100 -0.733200 0.679800
vn 0.013100 -0.800200 0.599500
vn 0.013100 -0.797600 0.603000
vn 0.016100 -0.724900 0.688600
vn 0.011600 -0.805500 0.592500
vn 0.011600 -0.736000 0.676800
vn 0.008300 -0.738300 0.674400
vn 0.011700 -0.796700 0.604200
vn 0.009200 -0.796600 0.604400
vn -0.001800 -0.670600 0.741800
vn -0.004600 -0.583800 0.811900
vn -0.001100 -0.580600 0.814100
vn 0.002000 -0.668700 0.743500
vn -0.007400 -0.480800 0.876800
vn -0.004600 -0.475800 0.879500
vn 0.004500 -0.740000 0.672500
vn 0.000800 -0.740900 0.671600
vn 0.005900 -0.796600 0.604400
vn 0.002600 -0.796300 0.604800
vn -0.003100 -0.740300 0.672200
vn -0.005600 -0.669900 0.742400
vn -0.000900 -0.795600 0.605800
vn -0.008000 -0.582700 0.812600
vn -0.009900 -0.479300 0.877600
vn -0.011900 -0.149300 0.988700
vn -0.011700 -0.146800 0.989100
vn -0.008300 -0.338100 0.941100
vn -0.010000 -0.343800 0.939000
vn -0.011400 -0.341000 0.940000
vn -0.011800 -0.142100 0.989700
vn -0.010300 0.105800 0.994300
vn -0.012100 0.093600 0.995500
vn -0.013600 0.089100 0.995900
vn -0.058500 0.812000 0.580600
vn -0.053700 0.791300 0.609000
vn -0.047200 0.762000 0.645800
vn -0.058300 0.780300 0.622600
vn -0.054300 0.736200 0.674600
vn -0.066300 0.749000 0.659200
vn -0.060800 0.758500 0.648800
vn -0.045000 0.737400 0.673900
vn -0.047600 0.722000 0.690200
vn -0.077100 0.790400 0.607700
vn -0.073500 0.822700 0.563600
vn -0.101000 0.789900 0.604800
vn -0.097800 0.820700 0.562800
vn -0.082900 0.757600 0.647400
vn -0.102400 0.760000 0.641800
vn -0.078100 0.849300 0.522000
vn -0.073100 0.841000 0.536100
vn -0.099900 0.871200 0.480500
vn -0.108600 0.868400 0.483800
vn -0.096500 0.847600 0.521700
vn -0.100700 0.866000 0.489800
vn -0.079000 0.822300 0.563500
vn -0.100300 0.786200 0.609700
vn -0.129200 0.854700 0.502700
vn -0.169800 0.820100 0.546400
vn -0.109000 0.652100 0.750200
vn -0.068400 0.654300 0.753100
vn -0.052300 0.703300 0.708900
vn -0.079900 0.712700 0.696800
vn -0.054500 0.658600 0.750500
vn -0.047600 0.699500 0.713000
vn -0.136300 0.732100 0.667300
vn -0.183400 0.658900 0.729500
vn -0.228200 0.762400 0.605500
vn -0.300800 0.676400 0.672300
vn -0.243400 0.549400 0.799300
vn -0.147800 0.565200 0.811600
vn -0.315100 0.376700 0.871100
vn -0.195900 0.435700 0.878500
vn -0.390500 0.536500 0.748100
vn -0.488400 0.304100 0.817900
vn -0.092300 0.582300 0.807700
vn -0.067100 0.593300 0.802100
vn -0.122500 0.478700 0.869400
vn -0.083700 0.499600 0.862200
vn -0.050500 0.640900 0.765900
vn -0.051400 0.678600 0.732700
vn -0.051500 0.692500 0.719600
vn -0.052900 0.655400 0.753400
vn -0.054900 0.689700 0.722000
vn -0.054700 0.706800 0.705200
vn -0.058100 0.589600 0.805600
vn -0.051500 0.569800 0.820200
vn -0.064900 0.493300 0.867400
vn -0.052700 0.463500 0.884500
vn -0.045300 0.542900 0.838500
vn -0.046000 0.622900 0.780900
vn -0.043600 0.421700 0.905700
vn -0.047200 0.664300 0.746000
vn -0.049300 0.675800 0.735400
vn -0.066100 0.699200 0.711800
vn -0.071100 0.721300 0.689000
vn -0.061600 0.712900 0.698600
vn -0.060000 0.692100 0.719300
vn -0.051700 0.678100 0.733100
vn -0.053900 0.685900 0.725700
vn -0.056200 0.696200 0.715600
vn -0.073200 0.708100 0.702300
vn -0.059100 0.706900 0.704800
vn -0.081600 0.716600 0.692700
vn -0.083000 0.729200 0.679200
vn -0.096800 0.734800 0.671300
vn -0.280100 0.053200 0.958500
vn -0.302100 -0.148800 0.941600
vn -0.203200 -0.044900 0.978100
vn -0.182900 0.153800 0.971000
vn -0.127300 0.005200 0.991800
vn -0.116900 0.200200 0.972700
vn -0.309700 -0.320000 0.895400
vn -0.212700 -0.232900 0.948900
vn -0.130400 -0.190500 0.973000
vn -0.154200 0.335300 0.929400
vn -0.243000 0.258800 0.934800
vn -0.101200 0.369900 0.923600
vn -0.375100 0.146300 0.915400
vn -0.408400 -0.090100 0.908300
vn -0.546700 0.009200 0.837200
vn -0.553500 -0.251600 0.793900
vn -0.418100 -0.289300 0.861100
vn -0.414200 -0.434100 0.800000
vn -0.535000 -0.435400 0.724000
vn -0.512500 -0.547200 0.661700
vn -0.291200 -0.604400 0.741500
vn -0.203900 -0.573300 0.793500
vn -0.212200 -0.407000 0.888400
vn -0.305600 -0.466100 0.830300
vn -0.120500 -0.557200 0.821500
vn -0.127300 -0.378200 0.916900
vn -0.401000 -0.545200 0.736100
vn -0.377700 -0.649200 0.660200
vn -0.487400 -0.624800 0.609900
vn -0.451800 -0.699100 0.554100
vn -0.345700 -0.745700 0.569600
vn -0.269700 -0.732000 0.625600
vn -0.316700 -0.828900 0.461000
vn -0.248800 -0.836700 0.487800
vn -0.407800 -0.769200 0.491900
vn -0.367900 -0.820300 0.437900
vn -0.191600 -0.722600 0.664100
vn -0.114100 -0.715500 0.689100
vn -0.180300 -0.840000 0.511700
vn -0.111900 -0.838400 0.533400
vn -0.013100 -0.577500 0.816200
vn -0.020800 -0.417500 0.908400
vn -0.061500 -0.384400 0.921100
vn -0.054000 -0.559600 0.827000
vn -0.030900 -0.239800 0.970300
vn -0.069200 -0.196800 0.978000
vn -0.050800 -0.712800 0.699500
vn -0.011300 -0.714800 0.699200
vn -0.054900 -0.832200 0.551700
vn -0.018000 -0.823100 0.567600
vn 0.009700 -0.719500 0.694400
vn 0.008200 -0.601400 0.798900
vn 0.003300 -0.813600 0.581400
vn 0.001000 -0.460700 0.887500
vn -0.009500 -0.298300 0.954400
vn -0.047700 0.146700 0.988000
vn -0.074300 0.193500 0.978300
vn -0.073900 -0.000200 0.997300
vn -0.040500 -0.047500 0.998000
vn -0.020900 -0.114600 0.993200
vn -0.031300 0.079500 0.996300
vn -0.039100 0.263700 0.963800
vn -0.051700 0.321400 0.945500
vn -0.070800 0.362000 0.929500
vn 0.114800 -0.119700 -0.986100
vn 0.107800 -0.275000 -0.955400
vn 0.057600 -0.244500 -0.967900
vn 0.062100 -0.091000 -0.993900
vn 0.027900 -0.232400 -0.972200
vn 0.031400 -0.079000 -0.996400
vn 0.097300 -0.422500 -0.901100
vn 0.051000 -0.397200 -0.916300
vn 0.023200 -0.388500 -0.921100
vn 0.064800 0.067600 -0.995600
vn 0.118700 0.048700 -0.991700
vn 0.065500 0.234600 -0.969800
vn 0.118400 0.232300 -0.965400
vn 0.033700 0.075200 -0.996600
vn 0.035000 0.233500 -0.971700
vn 0.201000 0.016000 -0.979400
vn 0.193600 -0.169000 -0.966400
vn 0.317900 -0.029800 -0.947600
vn 0.301000 -0.239000 -0.923200
vn 0.199800 0.226300 -0.953300
vn 0.316900 0.219100 -0.922800
vn 0.180800 -0.328700 -0.927000
vn 0.163300 -0.469500 -0.867700
vn 0.275900 -0.405300 -0.871500
vn 0.246300 -0.538400 -0.805900
vn 0.069900 -0.679300 -0.730500
vn 0.035500 -0.668800 -0.742600
vn 0.042700 -0.543500 -0.838300
vn 0.083600 -0.560000 -0.824200
vn 0.013800 -0.664000 -0.747600
vn 0.017900 -0.538200 -0.842600
vn 0.141600 -0.593600 -0.792200
vn 0.118400 -0.700200 -0.704000
vn 0.212900 -0.647300 -0.731900
vn 0.177100 -0.736300 -0.653000
vn 0.098200 -0.783800 -0.613100
vn 0.060300 -0.772000 -0.632700
vn 0.090300 -0.839900 -0.535200
vn 0.058800 -0.834700 -0.547600
vn 0.142700 -0.804300 -0.576700
vn 0.118700 -0.842400 -0.525500
vn 0.031800 -0.763800 -0.644700
vn 0.012300 -0.757900 -0.652200
vn 0.033200 -0.828000 -0.559700
vn 0.013800 -0.821700 -0.569700
vn -0.007300 -0.665200 -0.746600
vn -0.004800 -0.543700 -0.839200
vn 0.003500 -0.539300 -0.842100
vn 0.000500 -0.663200 -0.748400
vn -0.001500 -0.394700 -0.918800
vn 0.007500 -0.389300 -0.921000
vn -0.000700 -0.754800 -0.655900
vn -0.008400 -0.754100 -0.656700
vn 0.000200 -0.817300 -0.576200
vn -0.008000 -0.814500 -0.580100
vn -0.011800 -0.754500 -0.656100
vn -0.010500 -0.668700 -0.743500
vn -0.011500 -0.755400 -0.655100
vn -0.009900 -0.673000 -0.739500
vn -0.011700 -0.812600 -0.582800
vn -0.011700 -0.810700 -0.585300
vn -0.008100 -0.550200 -0.834900
vn -0.004800 -0.402900 -0.915200
vn -0.007000 -0.558300 -0.829600
vn -0.003200 -0.413500 -0.910500
vn 0.005000 -0.080900 -0.996700
vn 0.014500 -0.077400 -0.996900
vn 0.011400 -0.231500 -0.972700
vn 0.002000 -0.236200 -0.971700
vn -0.001300 -0.244500 -0.969600
vn 0.001900 -0.088100 -0.996100
vn 0.000900 -0.255600 -0.966800
vn 0.004500 -0.097800 -0.995200
vn 0.004400 0.067600 -0.997700
vn 0.007400 0.072800 -0.997300
vn 0.006300 0.225000 -0.974300
vn 0.009200 0.227900 -0.973600
vn 0.007300 0.060700 -0.998100
vn 0.009100 0.221800 -0.975000
vn 0.016900 0.075700 -0.997000
vn 0.018500 0.230800 -0.972800
vn 0.010600 0.466500 -0.884500
vn 0.011300 0.527000 -0.849800
vn 0.020600 0.534300 -0.845000
vn 0.019500 0.471200 -0.881800
vn 0.035900 0.548100 -0.835700
vn 0.034800 0.480700 -0.876200
vn 0.012700 0.555400 -0.831400
vn 0.023300 0.566100 -0.824000
vn 0.039700 0.585200 -0.809900
vn 0.019100 0.369900 -0.928900
vn 0.010100 0.366500 -0.930300
vn 0.034900 0.376200 -0.925900
vn 0.007200 0.365200 -0.930900
vn 0.007400 0.465500 -0.885000
vn 0.009800 0.365500 -0.930700
vn 0.009500 0.467400 -0.884000
vn 0.007500 0.524900 -0.851100
vn 0.007700 0.551300 -0.834300
vn 0.008600 0.526800 -0.849900
vn 0.007600 0.552400 -0.833500
vn 0.019800 0.634000 -0.773100
vn 0.034600 0.648400 -0.760500
vn 0.027900 0.596700 -0.802000
vn 0.015400 0.583300 -0.812100
vn 0.055100 0.671900 -0.738500
vn 0.046200 0.619600 -0.783500
vn 0.008500 0.577400 -0.816400
vn 0.010500 0.626800 -0.779100
vn 0.006600 0.577400 -0.816400
vn 0.006000 0.625400 -0.780300
vn 0.014300 0.692000 -0.721700
vn 0.026600 0.700200 -0.713400
vn 0.020800 0.765800 -0.642800
vn 0.036400 0.774300 -0.631700
vn 0.006300 0.688700 -0.725000
vn 0.008800 0.760100 -0.649700
vn 0.043900 0.714200 -0.698500
vn 0.066300 0.735400 -0.674300
vn 0.055900 0.786400 -0.615100
vn 0.079400 0.802600 -0.591200
vn 0.110800 0.740300 -0.663000
vn 0.105200 0.693000 -0.713200
vn 0.071400 0.652600 -0.754300
vn 0.080400 0.704000 -0.705600
vn 0.101200 0.651100 -0.752200
vn 0.064500 0.613900 -0.786700
vn 0.091400 0.762700 -0.640200
vn 0.117800 0.791700 -0.599400
vn 0.103900 0.822200 -0.559600
vn 0.127400 0.841900 -0.524300
vn 0.147400 0.819600 -0.553600
vn 0.148100 0.779300 -0.608800
vn 0.179600 0.849300 -0.496400
vn 0.191000 0.819900 -0.539600
vn 0.151400 0.858000 -0.490800
vn 0.171100 0.868500 -0.465300
vn 0.148800 0.737900 -0.658300
vn 0.151200 0.694400 -0.703500
vn 0.202300 0.784800 -0.585800
vn 0.215700 0.742000 -0.634700
vn 0.105500 0.518800 -0.848300
vn 0.061400 0.496400 -0.865900
vn 0.061100 0.569800 -0.819500
vn 0.101000 0.599400 -0.794100
vn 0.158400 0.636500 -0.754800
vn 0.171000 0.548700 -0.818400
vn 0.234900 0.681500 -0.693000
vn 0.261000 0.588000 -0.765600
vn 0.186600 0.416300 -0.889800
vn 0.112500 0.398900 -0.910000
vn 0.291400 0.441100 -0.848800
vn 0.063600 0.385900 -0.920300
vn 0.041700 -0.655000 -0.754500
vn 0.047300 -0.555000 -0.830500
vn 0.035700 -0.569400 -0.821200
vn 0.030200 -0.668600 -0.743000
vn 0.023600 -0.577700 -0.815900
vn 0.018300 -0.677700 -0.735100
vn 0.053400 -0.426900 -0.902700
vn 0.042100 -0.439500 -0.897200
vn 0.029900 -0.445400 -0.894800
vn 0.026100 -0.739600 -0.672500
vn 0.037100 -0.728600 -0.683900
vn 0.023400 -0.788800 -0.614200
vn 0.033400 -0.781300 -0.623200
vn 0.014800 -0.748200 -0.663300
vn 0.012800 -0.795800 -0.605400
vn 0.047600 -0.716500 -0.695900
vn 0.052800 -0.638300 -0.768000
vn 0.057400 -0.704900 -0.707000
vn 0.063200 -0.620300 -0.781800
vn 0.042800 -0.774400 -0.631200
vn 0.051200 -0.769400 -0.636700
vn 0.058300 -0.535900 -0.842200
vn 0.063800 -0.409400 -0.910100
vn 0.068500 -0.514000 -0.855000
vn 0.073200 -0.389200 -0.918200
vn 0.062300 -0.113200 -0.991600
vn 0.051800 -0.123100 -0.991000
vn 0.047900 -0.287600 -0.956500
vn 0.058800 -0.277600 -0.958900
vn 0.040000 -0.127900 -0.991000
vn 0.035800 -0.291500 -0.955900
vn 0.068600 -0.263700 -0.962100
vn 0.071700 -0.101300 -0.992200
vn 0.077200 -0.249000 -0.965400
vn 0.079900 -0.091400 -0.992600
vn 0.072100 0.075500 -0.994500
vn 0.062900 0.064500 -0.995900
vn 0.069000 0.261800 -0.962600
vn 0.059800 0.251900 -0.965900
vn 0.080500 0.080400 -0.993500
vn 0.078600 0.260100 -0.962300
vn 0.052900 0.052800 -0.997200
vn 0.041900 0.045100 -0.998100
vn 0.050500 0.238100 -0.969900
vn 0.040800 0.226400 -0.973200
vn 0.018700 -0.118900 -0.992700
vn 0.014300 -0.279800 -0.959900
vn 0.024000 -0.288500 -0.957200
vn 0.028500 -0.126100 -0.991600
vn 0.009000 -0.436200 -0.899800
vn 0.018300 -0.443700 -0.896000
vn 0.031000 0.043400 -0.998600
vn 0.021600 0.046800 -0.998700
vn 0.031300 0.219800 -0.975000
vn 0.022800 0.217900 -0.975700
vn 0.013700 0.053200 -0.998500
vn 0.010700 -0.108800 -0.994000
vn 0.015400 0.219100 -0.975600
vn 0.006600 -0.268000 -0.963400
vn 0.001800 -0.425300 -0.905100
vn -0.000500 -0.680800 -0.732400
vn 0.007600 -0.681400 -0.731800
vn 0.012400 -0.578900 -0.815300
vn 0.003700 -0.574600 -0.818400
vn -0.002800 -0.567000 -0.823700
vn -0.006300 -0.677500 -0.735500
vn -0.008400 -0.756100 -0.654400
vn -0.003100 -0.755700 -0.654900
vn -0.008900 -0.808500 -0.588500
vn -0.004000 -0.805400 -0.592600
vn 0.004600 -0.753400 -0.657500
vn 0.003100 -0.801400 -0.598100
vn 0.045900 0.528700 -0.847600
vn 0.039900 0.586100 -0.809200
vn 0.031900 0.575300 -0.817300
vn 0.037800 0.515100 -0.856300
vn 0.025900 0.562700 -0.826200
vn 0.031200 0.500400 -0.865200
vn 0.036500 0.603900 -0.796200
vn 0.027900 0.596400 -0.802200
vn 0.021900 0.586900 -0.809400
vn 0.044800 0.402900 -0.914100
vn 0.053300 0.417700 -0.907000
vn 0.036700 0.388400 -0.920700
vn 0.062700 0.426300 -0.902400
vn 0.055800 0.536100 -0.842200
vn 0.073900 0.420700 -0.904200
vn 0.068700 0.531000 -0.844600
vn 0.050700 0.592000 -0.804300
vn 0.047900 0.608400 -0.792200
vn 0.065000 0.588900 -0.805600
vn 0.063000 0.608400 -0.791100
vn 0.030100 0.645000 -0.763600
vn 0.021000 0.645400 -0.763600
vn 0.024700 0.612400 -0.790100
vn 0.033700 0.616200 -0.786800
vn 0.013900 0.644100 -0.764800
vn 0.018200 0.606600 -0.794800
vn 0.045400 0.619000 -0.784100
vn 0.041300 0.645300 -0.762700
vn 0.060100 0.621600 -0.781000
vn 0.054600 0.648600 -0.759100
vn 0.036800 0.679400 -0.732800
vn 0.026900 0.682200 -0.730600
vn 0.033200 0.715800 -0.697500
vn 0.025400 0.722200 -0.691200
vn 0.047500 0.681800 -0.729900
vn 0.040100 0.716300 -0.696600
vn 0.017900 0.687200 -0.726200
vn 0.009900 0.691200 -0.722600
vn 0.016900 0.732000 -0.681100
vn 0.008000 0.741700 -0.670600
vn 0.005700 0.633900 -0.773400
vn 0.010000 0.589800 -0.807500
vn 0.013500 0.598600 -0.800900
vn 0.008700 0.639900 -0.768400
vn 0.013500 0.566200 -0.824200
vn 0.017400 0.576300 -0.817000
vn 0.004100 0.692100 -0.721800
vn 0.001400 0.690600 -0.723200
vn 0.001100 0.748700 -0.662900
vn -0.001200 0.753000 -0.658000
vn 0.002100 0.688800 -0.724900
vn 0.004700 0.628300 -0.777900
vn 0.001100 0.756300 -0.654200
vn 0.007700 0.582100 -0.813000
vn 0.010200 0.557800 -0.829900
vn 0.019500 0.478500 -0.877800
vn 0.025200 0.488000 -0.872500
vn 0.021100 0.550700 -0.834400
vn 0.016500 0.540300 -0.841300
vn 0.012400 0.532200 -0.846500
vn 0.014300 0.471800 -0.881600
vn 0.015500 0.367200 -0.930000
vn 0.021900 0.371000 -0.928400
vn 0.029000 0.377600 -0.925500
vn -0.241200 -0.697700 -0.674600
vn -0.276500 -0.625800 -0.729300
vn -0.179100 -0.592400 -0.785500
vn -0.154300 -0.671200 -0.725000
vn -0.082600 -0.549700 -0.831300
vn -0.068500 -0.641200 -0.764300
vn -0.309500 -0.573000 -0.758900
vn -0.203200 -0.530500 -0.822900
vn -0.097200 -0.470700 -0.876900
vn -0.134500 -0.755800 -0.640800
vn -0.209500 -0.777500 -0.592900
vn -0.126600 -0.828800 -0.544900
vn -0.191600 -0.846900 -0.495900
vn -0.059300 -0.731500 -0.679200
vn -0.058700 -0.807100 -0.587400
vn -0.281400 -0.802000 -0.526900
vn -0.327100 -0.730000 -0.600100
vn -0.341200 -0.830600 -0.440000
vn -0.405900 -0.768500 -0.494600
vn -0.253200 -0.859500 -0.444000
vn -0.298200 -0.866100 -0.401200
vn -0.375400 -0.660200 -0.650500
vn -0.418200 -0.608100 -0.674800
vn -0.470600 -0.703000 -0.533200
vn -0.525500 -0.647100 -0.552400
vn -0.378500 -0.389800 -0.839500
vn -0.247700 -0.341300 -0.906700
vn -0.225200 -0.459000 -0.859400
vn -0.342000 -0.507200 -0.791000
vn -0.120200 -0.263500 -0.957100
vn -0.109400 -0.385600 -0.916100
vn -0.462300 -0.540100 -0.703200
vn -0.514200 -0.416800 -0.749500
vn -0.582900 -0.571800 -0.577300
vn -0.651700 -0.437400 -0.619600
vn -0.561600 -0.215000 -0.798900
vn -0.411300 -0.200000 -0.889300
vn -0.572800 0.063300 -0.817200
vn -0.418300 0.061900 -0.906200
vn -0.714100 -0.219000 -0.664800
vn -0.728100 0.078600 -0.681000
vn -0.266700 -0.162000 -0.950000
vn -0.128600 -0.096700 -0.987000
vn -0.269600 0.078300 -0.959800
vn -0.129100 0.112700 -0.985200
vn 0.045000 -0.123500 -0.991300
vn 0.044600 -0.263800 -0.963500
vn -0.013900 -0.310300 -0.950500
vn -0.016800 -0.179800 -0.983600
vn 0.044800 -0.383100 -0.922600
vn -0.009300 -0.413600 -0.910400
vn -0.018100 -0.021200 -0.999600
vn 0.045700 0.035200 -0.998300
vn -0.016800 0.159100 -0.987100
vn 0.046500 0.204700 -0.977700
vn 0.076100 0.069000 -0.994700
vn 0.075300 -0.095200 -0.992600
vn 0.075500 0.240600 -0.967700
vn 0.073300 -0.245000 -0.966700
vn 0.070900 -0.376600 -0.923600
vn 0.044600 -0.604300 -0.795500
vn 0.001800 -0.615300 -0.788300
vn -0.003100 -0.511800 -0.859100
vn 0.045400 -0.495400 -0.867500
vn 0.068100 -0.497300 -0.864900
vn 0.064000 -0.606600 -0.792400
vn 0.058400 -0.697600 -0.714100
vn 0.041200 -0.699100 -0.713900
vn 0.051400 -0.768500 -0.637800
vn 0.034600 -0.774300 -0.631800
vn 0.003100 -0.710300 -0.703900
vn -0.001200 -0.787500 -0.616300
vn -0.319400 0.507600 -0.800200
vn -0.267800 0.622600 -0.735300
vn -0.160500 0.604600 -0.780200
vn -0.195900 0.494900 -0.846600
vn -0.061300 0.583200 -0.810000
vn -0.081600 0.482000 -0.872400
vn -0.228400 0.692000 -0.684700
vn -0.134600 0.670200 -0.729800
vn -0.047600 0.643800 -0.763700
vn -0.237600 0.319600 -0.917300
vn -0.377300 0.322100 -0.868300
vn -0.107200 0.323800 -0.940000
vn -0.523200 0.335100 -0.783500
vn -0.450200 0.525700 -0.721700
vn -0.667800 0.362800 -0.649900
vn -0.579600 0.557000 -0.594800
vn -0.383600 0.643300 -0.662600
vn -0.331300 0.714500 -0.616200
vn -0.500100 0.674200 -0.543300
vn -0.438600 0.743700 -0.504600
vn -0.176700 0.787200 -0.590800
vn -0.106600 0.761500 -0.639400
vn -0.116900 0.717500 -0.686600
vn -0.198700 0.741800 -0.640400
vn -0.039100 0.731100 -0.681100
vn -0.040200 0.688300 -0.724300
vn -0.289200 0.765900 -0.574200
vn -0.252500 0.812900 -0.524800
vn -0.385900 0.794100 -0.469600
vn -0.331800 0.839900 -0.429500
vn -0.226300 0.852000 -0.472000
vn -0.166000 0.828000 -0.535600
vn -0.223100 0.879600 -0.420100
vn -0.172400 0.860300 -0.479800
vn -0.285100 0.874800 -0.391800
vn -0.260300 0.890500 -0.373100
vn -0.106300 0.801100 -0.588900
vn -0.045700 0.770200 -0.636100
vn -0.118700 0.833900 -0.538900
vn -0.060900 0.803400 -0.592300
vn 0.048300 0.675700 -0.735600
vn 0.055000 0.639800 -0.766500
vn 0.020500 0.659900 -0.751000
vn 0.016000 0.700400 -0.713600
vn 0.057300 0.609800 -0.790500
vn 0.019800 0.621000 -0.783600
vn 0.006000 0.738800 -0.673900
vn 0.037500 0.712200 -0.700900
vn -0.009700 0.772700 -0.634600
vn 0.023200 0.746200 -0.665300
vn 0.050900 0.692500 -0.719600
vn 0.060500 0.658100 -0.750500
vn 0.039300 0.726600 -0.686000
vn 0.067400 0.627200 -0.775900
vn 0.070400 0.606900 -0.791600
vn 0.054000 0.492300 -0.868700
vn 0.006000 0.478300 -0.878200
vn 0.014600 0.568500 -0.822500
vn 0.056400 0.569400 -0.820100
vn 0.071400 0.578800 -0.812300
vn 0.072700 0.513500 -0.855000
vn 0.074400 0.398600 -0.914100
vn 0.050500 0.367400 -0.928700
vn -0.005700 0.338500 -0.940900
vn 0.015700 -0.883600 0.467900
vn 0.021400 -0.923700 0.382500
vn 0.049000 -0.923200 0.381300
vn 0.041200 -0.883900 0.465700
vn 0.093300 -0.921800 0.376300
vn 0.083200 -0.884100 0.459800
vn 0.026800 -0.959200 0.281300
vn 0.056800 -0.957700 0.281900
vn 0.103900 -0.954600 0.279200
vn 0.034800 -0.840300 0.540900
vn 0.010600 -0.839900 0.542600
vn 0.030900 -0.789000 0.613500
vn 0.006700 -0.790100 0.612900
vn 0.075700 -0.841100 0.535400
vn 0.072800 -0.789000 0.610000
vn -0.000900 -0.840300 0.542100
vn 0.002800 -0.884000 0.467500
vn -0.002200 -0.841300 0.540600
vn 0.000200 -0.884900 0.465600
vn -0.004300 -0.792000 0.610400
vn -0.004800 -0.794100 0.607700
vn 0.006600 -0.924500 0.381100
vn 0.009900 -0.960400 0.278400
vn 0.002100 -0.925700 0.378200
vn 0.003600 -0.961600 0.274400
vn 0.033500 -0.993600 0.108100
vn 0.067400 -0.991500 0.111000
vn 0.063100 -0.980700 0.184700
vn 0.031000 -0.982700 0.182300
vn 0.119400 -0.986400 0.112300
vn 0.112800 -0.976300 0.184500
vn 0.012300 -0.983800 0.178600
vn 0.013600 -0.994400 0.104700
vn 0.004400 -0.984600 0.174400
vn 0.004600 -0.994800 0.101400
vn 0.014200 -0.998300 0.056400
vn 0.035100 -0.997700 0.058700
vn 0.014800 -0.999400 0.030200
vn 0.036200 -0.998800 0.031000
vn 0.004600 -0.998500 0.054300
vn 0.004600 -0.999500 0.029600
vn 0.070200 -0.995700 0.060900
vn 0.124000 -0.990300 0.062400
vn 0.072200 -0.996900 0.031600
vn 0.127300 -0.991300 0.031700
vn 0.257200 -0.960600 0.105000
vn 0.246500 -0.953900 0.171000
vn 0.175700 -0.967900 0.179800
vn 0.184700 -0.976600 0.110400
vn 0.232600 -0.937500 0.258600
vn 0.164100 -0.948400 0.271200
vn 0.191100 -0.979600 0.061600
vn 0.264900 -0.962500 0.058400
vn 0.195600 -0.980200 0.030500
vn 0.270100 -0.962400 0.027700
vn 0.347900 -0.935900 0.053700
vn 0.339800 -0.935300 0.098100
vn 0.444500 -0.894400 0.048500
vn 0.437000 -0.894800 0.091000
vn 0.353200 -0.935200 0.024100
vn 0.449200 -0.893200 0.019900
vn 0.328300 -0.930800 0.160400
vn 0.312900 -0.917800 0.244100
vn 0.426000 -0.892100 0.150600
vn 0.410200 -0.882400 0.230500
vn 0.199500 -0.879600 0.431800
vn 0.137500 -0.883200 0.448200
vn 0.150500 -0.918400 0.365800
vn 0.215800 -0.911400 0.350300
vn 0.293200 -0.896200 0.332700
vn 0.273000 -0.868300 0.414200
vn 0.388200 -0.865100 0.317600
vn 0.362300 -0.841200 0.401300
vn 0.258700 -0.830600 0.493000
vn 0.189200 -0.839600 0.509200
vn 0.258200 -0.784500 0.563700
vn 0.190100 -0.788100 0.585300
vn 0.335900 -0.808300 0.483400
vn 0.313500 -0.779400 0.542400
vn 0.128800 -0.841600 0.524500
vn 0.127800 -0.789300 0.600500
vn 0.038000 -0.999200 0.006100
vn 0.038000 -0.999300 -0.000300
vn 0.074300 -0.997200 -0.001300
vn 0.074600 -0.997200 0.004800
vn 0.129300 -0.991600 -0.003000
vn 0.130300 -0.991500 0.002800
vn 0.036700 -0.999300 -0.003700
vn 0.072200 -0.997400 -0.003500
vn 0.125900 -0.992000 -0.004000
vn 0.073700 -0.997100 0.015300
vn 0.037300 -0.999100 0.016100
vn 0.129400 -0.991500 0.013900
vn 0.015400 -0.999700 0.016600
vn 0.016000 -0.999800 0.006900
vn 0.004900 -0.999800 0.016900
vn 0.005400 -0.999900 0.007500
vn 0.016100 -0.999800 0.000200
vn 0.015400 -0.999800 -0.004200
vn 0.005600 -1.000000 0.000400
vn 0.005300 -1.000000 -0.004800
vn 0.029400 -0.999300 -0.021900
vn 0.061700 -0.997900 -0.020000
vn 0.067900 -0.997700 -0.007600
vn 0.033800 -0.999400 -0.009000
vn 0.110900 -0.993700 -0.018600
vn 0.119600 -0.992800 -0.006800
vn 0.013500 -0.999800 -0.010600
vn 0.010600 -0.999600 -0.023900
vn 0.004200 -0.999900 -0.012100
vn 0.002500 -0.999600 -0.025900
vn 0.007300 -0.998900 -0.046400
vn 0.024500 -0.998700 -0.044600
vn 0.004100 -0.996500 -0.083100
vn 0.019700 -0.996400 -0.082400
vn 0.000500 -0.998800 -0.048300
vn -0.001400 -0.996400 -0.084400
vn 0.054700 -0.997600 -0.043100
vn 0.101000 -0.994000 -0.041800
vn 0.047700 -0.995500 -0.081900
vn 0.090900 -0.992500 -0.081300
vn 0.237300 -0.971300 -0.013400
vn 0.251600 -0.967800 -0.004000
vn 0.183100 -0.983100 -0.005800
vn 0.171500 -0.985000 -0.016600
vn 0.262500 -0.964900 -0.004600
vn 0.191700 -0.981400 -0.004600
vn 0.158500 -0.986600 -0.039300
vn 0.221200 -0.974600 -0.034800
vn 0.144800 -0.986300 -0.078300
vn 0.203800 -0.976300 -0.072000
vn 0.290700 -0.956400 -0.028800
vn 0.310200 -0.950600 -0.009300
vn 0.369100 -0.929100 -0.021500
vn 0.392700 -0.919600 -0.004500
vn 0.269400 -0.960900 -0.063100
vn 0.343200 -0.937800 -0.052200
vn 0.327300 -0.944900 -0.001800
vn 0.340900 -0.940100 -0.004300
vn 0.413700 -0.910400 0.000900
vn 0.430800 -0.902400 -0.003800
vn 0.272600 -0.962100 -0.002200
vn 0.198700 -0.980000 0.000300
vn 0.196800 -0.980400 -0.005000
vn 0.269400 -0.963000 -0.006600
vn 0.349900 -0.936700 -0.008000
vn 0.354500 -0.935000 -0.004700
vn 0.442500 -0.896700 -0.009300
vn 0.448800 -0.893600 -0.007300
vn 0.355400 -0.934700 0.005700
vn 0.272700 -0.962100 0.008800
vn 0.450800 -0.892600 0.002200
vn 0.198200 -0.980100 0.011600
vn 0.079900 -0.915600 -0.394000
vn 0.097300 -0.940500 -0.325600
vn 0.063200 -0.938300 -0.339900
vn 0.050000 -0.911700 -0.407800
vn 0.035300 -0.935400 -0.351800
vn 0.026000 -0.907100 -0.420100
vn 0.117700 -0.956800 -0.266000
vn 0.078900 -0.956500 -0.280800
vn 0.046100 -0.955400 -0.291800
vn 0.039700 -0.874600 -0.483200
vn 0.066700 -0.879700 -0.470700
vn 0.033200 -0.828000 -0.559700
vn 0.058800 -0.834700 -0.547600
vn 0.018700 -0.868900 -0.494600
vn 0.013800 -0.821700 -0.569700
vn 0.100500 -0.880700 -0.462900
vn 0.118000 -0.915700 -0.384100
vn 0.140000 -0.872600 -0.468000
vn 0.166500 -0.906500 -0.387900
vn 0.090300 -0.839900 -0.535200
vn 0.118700 -0.842400 -0.525500
vn 0.139700 -0.939200 -0.313600
vn 0.164400 -0.953800 -0.251200
vn 0.193300 -0.930400 -0.311400
vn 0.221600 -0.944800 -0.241500
vn 0.162700 -0.972800 -0.164600
vn 0.113400 -0.977700 -0.176700
vn 0.096000 -0.969000 -0.227500
vn 0.139900 -0.967000 -0.212900
vn 0.069400 -0.980600 -0.183400
vn 0.057700 -0.969800 -0.236900
vn 0.191000 -0.961700 -0.196300
vn 0.218600 -0.964300 -0.149400
vn 0.251700 -0.950700 -0.181200
vn 0.283200 -0.949700 -0.133300
vn 0.245300 -0.963700 -0.105800
vn 0.184400 -0.975700 -0.118200
vn 0.314300 -0.944900 -0.091300
vn 0.129900 -0.983300 -0.127200
vn 0.080500 -0.988000 -0.131400
vn 0.012000 -0.982600 -0.185100
vn 0.008500 -0.970200 -0.242300
vn 0.027800 -0.970100 -0.241000
vn 0.034500 -0.982100 -0.185200
vn 0.004800 -0.953400 -0.301600
vn 0.020900 -0.954300 -0.298100
vn 0.041100 -0.990400 -0.132000
vn 0.015600 -0.991200 -0.131500
vn 0.001600 -0.991300 -0.131200
vn -0.000300 -0.982800 -0.184500
vn -0.003000 -0.991300 -0.131700
vn -0.004000 -0.982800 -0.184700
vn -0.002000 -0.970200 -0.242400
vn -0.003800 -0.952800 -0.303600
vn -0.004900 -0.969900 -0.243200
vn -0.006000 -0.952000 -0.306000
vn -0.002800 -0.900100 -0.435600
vn 0.008200 -0.903200 -0.429000
vn 0.014200 -0.932900 -0.359800
vn 0.000900 -0.930900 -0.365300
vn -0.006000 -0.929200 -0.369500
vn -0.008300 -0.897500 -0.441000
vn -0.007500 -0.927400 -0.373900
vn -0.009200 -0.894700 -0.446500
vn -0.010400 -0.857600 -0.514100
vn -0.006000 -0.860600 -0.509100
vn -0.011700 -0.812600 -0.582800
vn -0.008000 -0.814500 -0.580100
vn -0.010800 -0.854600 -0.519200
vn -0.011700 -0.810700 -0.585300
vn 0.003300 -0.864200 -0.503100
vn 0.000200 -0.817300 -0.576200
vn 0.001100 -0.899400 0.437000
vn -0.009000 -0.939600 0.342100
vn -0.003100 -0.936300 0.351000
vn 0.004400 -0.895400 0.445200
vn -0.000100 -0.933800 0.357700
vn 0.005100 -0.892600 0.450800
vn -0.020100 -0.970500 0.240100
vn -0.012000 -0.969000 0.246700
vn -0.006800 -0.967600 0.252400
vn 0.009500 -0.848400 0.529300
vn 0.008800 -0.851700 0.523900
vn 0.011700 -0.796700 0.604200
vn 0.013100 -0.797600 0.603000
vn 0.008200 -0.846500 0.532300
vn 0.009200 -0.796600 0.604400
vn 0.006000 -0.857800 0.513800
vn -0.005200 -0.905800 0.423600
vn 0.000600 -0.867900 0.496600
vn -0.014700 -0.915200 0.402600
vn 0.013100 -0.800200 0.599500
vn 0.011600 -0.805500 0.592500
vn -0.018300 -0.944100 0.329200
vn -0.031100 -0.972400 0.231300
vn -0.031200 -0.950100 0.310300
vn -0.045600 -0.974600 0.219000
vn -0.033800 -0.995200 0.091200
vn -0.024300 -0.995600 0.090400
vn -0.019800 -0.987900 0.153400
vn -0.028900 -0.988200 0.150700
vn -0.016500 -0.995800 0.090400
vn -0.012800 -0.987600 0.156400
vn -0.040600 -0.988300 0.147300
vn -0.045700 -0.994700 0.091900
vn -0.055400 -0.988300 0.142400
vn -0.060700 -0.993900 0.091600
vn -0.047300 -0.997100 0.059600
vn -0.035200 -0.997800 0.056300
vn -0.046800 -0.997900 0.045400
vn -0.034000 -0.998600 0.041100
vn -0.063100 -0.996100 0.061500
vn -0.064100 -0.996800 0.047600
vn -0.025700 -0.998300 0.052900
vn -0.017900 -0.998600 0.050400
vn -0.024400 -0.999000 0.036000
vn -0.017200 -0.999300 0.031800
vn -0.004500 -0.995500 0.094800
vn -0.002700 -0.986200 0.165100
vn -0.007300 -0.987000 0.160400
vn -0.010000 -0.995700 0.092000
vn -0.000400 -0.964400 0.264200
vn -0.003200 -0.966000 0.258300
vn -0.011300 -0.998700 0.049800
vn -0.005400 -0.998700 0.050700
vn -0.011100 -0.999500 0.029400
vn -0.005600 -0.999500 0.028700
vn -0.000200 -0.998600 0.052400
vn 0.000300 -0.995100 0.098100
vn -0.000400 -0.999600 0.029000
vn 0.001100 -0.985400 0.170000
vn 0.001800 -0.962900 0.269700
vn 0.003300 -0.888100 0.459600
vn 0.004400 -0.890200 0.455500
vn 0.001100 -0.931400 0.363900
vn 0.001800 -0.929200 0.369500
vn 0.002100 -0.927300 0.374300
vn 0.001900 -0.886300 0.463000
vn 0.000800 -0.842400 0.538800
vn 0.003500 -0.843600 0.536900
vn -0.000900 -0.795600 0.605800
vn 0.002600 -0.796300 0.604800
vn 0.006000 -0.845000 0.534700
vn 0.005900 -0.796600 0.604400
vn -0.028100 -0.999300 0.025700
vn -0.025000 -0.999500 0.016200
vn -0.015000 -0.999800 0.011400
vn -0.018300 -0.999600 0.020100
vn -0.010000 -0.999900 0.006900
vn -0.012500 -0.999800 0.014800
vn -0.022300 -0.999700 0.005300
vn -0.012500 -0.999900 0.001900
vn -0.008000 -0.999900 -0.001100
vn -0.021600 -0.999400 0.028200
vn -0.031200 -0.998900 0.034000
vn -0.015100 -0.999600 0.023000
vn -0.045100 -0.998200 0.038600
vn -0.043100 -0.998600 0.030200
vn -0.064800 -0.997100 0.040400
vn -0.065200 -0.997300 0.032100
vn -0.040900 -0.998900 0.020400
vn -0.038300 -0.999200 0.008800
vn -0.064700 -0.997600 0.022800
vn -0.062600 -0.998000 0.012200
vn -0.018600 -0.999500 -0.025100
vn -0.010300 -0.999600 -0.026500
vn -0.011000 -0.999900 -0.010000
vn -0.020200 -0.999800 -0.008000
vn -0.006500 -0.999600 -0.027100
vn -0.006900 -0.999900 -0.011400
vn -0.035400 -0.999400 -0.004900
vn -0.032100 -0.999200 -0.022000
vn -0.058500 -0.998300 -0.000400
vn -0.052500 -0.998500 -0.016200
vn -0.028100 -0.998600 -0.044600
vn -0.016900 -0.998700 -0.048400
vn -0.023000 -0.996800 -0.076500
vn -0.014400 -0.996500 -0.082100
vn -0.044800 -0.998300 -0.037200
vn -0.035700 -0.997100 -0.066700
vn -0.009900 -0.998700 -0.049900
vn -0.006400 -0.998700 -0.050300
vn -0.008900 -0.996400 -0.084700
vn -0.006100 -0.996300 -0.085700
vn -0.002700 -0.999600 -0.027600
vn -0.002500 -0.999900 -0.013100
vn -0.004900 -0.999900 -0.012500
vn -0.004700 -0.999600 -0.027400
vn -0.002800 -1.000000 -0.004500
vn -0.005700 -1.000000 -0.003200
vn -0.004700 -0.998700 -0.050400
vn -0.003000 -0.998700 -0.050400
vn -0.004700 -0.996200 -0.086100
vn -0.003400 -0.996300 -0.086100
vn -0.001300 -0.998700 -0.049800
vn -0.000300 -0.999600 -0.027200
vn -0.002400 -0.996300 -0.085600
vn 0.000400 -0.999900 -0.013000
vn 0.000700 -1.000000 -0.005000
vn -0.004300 -0.999900 0.009100
vn -0.008500 -0.999900 0.011100
vn -0.007000 -0.999900 0.003700
vn -0.003500 -1.000000 0.001700
vn 0.000600 -1.000000 0.000800
vn 0.000200 -0.999900 0.008100
vn -0.000200 -0.999800 0.017200
vn -0.005100 -0.999800 0.017900
vn -0.010000 -0.999800 0.019600
vn -0.005300 -0.984200 -0.176900
vn 0.000900 -0.971300 -0.237700
vn 0.000700 -0.970000 -0.243200
vn -0.003500 -0.983200 -0.182200
vn -0.000600 -0.969300 -0.245700
vn -0.003100 -0.982800 -0.184900
vn 0.008000 -0.950500 -0.310500
vn 0.005600 -0.949300 -0.314300
vn 0.002300 -0.949000 -0.315100
vn -0.006800 -0.991500 -0.129800
vn -0.010500 -0.992000 -0.125600
vn -0.005000 -0.991200 -0.131800
vn -0.016500 -0.992900 -0.118000
vn -0.008600 -0.985800 -0.167500
vn -0.025100 -0.994100 -0.105400
vn -0.013600 -0.988100 -0.153000
vn 0.000200 -0.973700 -0.227900
vn 0.009700 -0.953100 -0.302600
vn -0.001500 -0.977100 -0.212700
vn 0.010700 -0.957100 -0.289500
vn 0.022500 -0.877900 -0.478300
vn 0.015800 -0.879300 -0.476000
vn 0.010700 -0.919100 -0.393800
vn 0.015400 -0.919400 -0.393000
vn 0.008400 -0.881900 -0.471300
vn 0.005400 -0.920000 -0.391900
vn 0.019200 -0.921300 -0.388400
vn 0.028400 -0.878200 -0.477400
vn 0.022500 -0.925000 -0.379200
vn 0.033500 -0.880700 -0.472400
vn 0.036700 -0.826500 -0.561700
vn 0.028900 -0.829000 -0.558500
vn 0.042800 -0.774400 -0.631200
vn 0.033400 -0.781300 -0.623200
vn 0.043400 -0.826400 -0.561400
vn 0.051200 -0.769400 -0.636700
vn 0.020300 -0.833100 -0.552700
vn 0.011000 -0.837900 -0.545600
vn 0.023400 -0.788800 -0.614200
vn 0.012800 -0.795800 -0.605400
vn -0.003600 -0.888400 -0.459000
vn -0.003300 -0.923400 -0.383800
vn 0.000400 -0.921500 -0.388300
vn 0.001500 -0.885100 -0.465400
vn -0.003300 -0.950100 -0.311800
vn -0.000800 -0.949400 -0.314100
vn 0.002400 -0.842700 -0.538300
vn -0.004000 -0.847100 -0.531400
vn 0.003100 -0.801400 -0.598100
vn -0.004000 -0.805400 -0.592600
vn -0.008300 -0.851100 -0.524900
vn -0.007200 -0.891700 -0.452600
vn -0.008900 -0.808500 -0.588500
vn -0.006000 -0.925400 -0.378800
vn -0.005000 -0.951000 -0.309000
vn -0.003700 -0.982500 -0.186100
vn -0.003400 -0.982500 -0.186000
vn -0.002200 -0.969100 -0.246300
vn -0.003400 -0.969300 -0.245900
vn -0.004400 -0.969600 -0.244600
vn -0.003900 -0.982600 -0.185600
vn -0.003200 -0.991100 -0.132600
vn -0.003700 -0.991100 -0.133000
vn -0.004200 -0.991100 -0.132800
vn -0.235800 -0.935600 0.262600
vn -0.238700 -0.952400 0.189800
vn -0.183400 -0.963200 0.196400
vn -0.177500 -0.946100 0.270900
vn -0.137200 -0.968000 0.210000
vn -0.125900 -0.949600 0.286800
vn -0.245000 -0.960600 0.130800
vn -0.191800 -0.971600 0.138400
vn -0.148600 -0.977400 0.150500
vn -0.175800 -0.911300 0.372300
vn -0.238200 -0.902300 0.359200
vn -0.180300 -0.840000 0.511700
vn -0.248800 -0.836700 0.487800
vn -0.116700 -0.913000 0.390900
vn -0.111900 -0.838400 0.533400
vn -0.306600 -0.883800 0.353500
vn -0.305200 -0.915000 0.263700
vn -0.378000 -0.851400 0.363600
vn -0.386500 -0.879900 0.276400
vn -0.316700 -0.828900 0.461000
vn -0.367900 -0.820300 0.437900
vn -0.307300 -0.932300 0.190700
vn -0.312400 -0.941200 0.128700
vn -0.393000 -0.897500 0.200000
vn -0.399100 -0.907100 0.133400
vn -0.266300 -0.962700 0.046800
vn -0.214100 -0.975100 0.057400
vn -0.202000 -0.975000 0.092500
vn -0.254200 -0.963600 0.082900
vn -0.169800 -0.983100 0.068300
vn -0.159200 -0.981700 0.103700
vn -0.319900 -0.944300 0.077200
vn -0.330000 -0.943100 0.039400
vn -0.404700 -0.911100 0.078000
vn -0.410400 -0.911100 0.038700
vn -0.341200 -0.939900 0.012500
vn -0.280300 -0.959700 0.019800
vn -0.351900 -0.936000 -0.005900
vn -0.294700 -0.955600 0.000100
vn -0.415500 -0.909500 0.012100
vn -0.418700 -0.908100 -0.004400
vn -0.227900 -0.973200 0.030900
vn -0.181000 -0.982500 0.042000
vn -0.242800 -0.970000 0.010900
vn -0.193600 -0.980800 0.022900
vn -0.103400 -0.991000 0.084500
vn -0.096400 -0.987400 0.125700
vn -0.124300 -0.985500 0.115000
vn -0.132800 -0.988100 0.077500
vn -0.086000 -0.979100 0.184400
vn -0.113600 -0.979500 0.166200
vn -0.140900 -0.988700 0.051100
vn -0.109000 -0.992400 0.057400
vn -0.150100 -0.988100 0.033500
vn -0.115000 -0.992500 0.041500
vn -0.083400 -0.994600 0.060900
vn -0.079700 -0.992800 0.089200
vn -0.086700 -0.995100 0.046400
vn -0.073900 -0.988100 0.135000
vn -0.063700 -0.977100 0.202800
vn -0.052000 -0.938400 0.341500
vn -0.083100 -0.946800 0.310800
vn -0.099500 -0.967900 0.230900
vn -0.070700 -0.963700 0.257200
vn -0.048300 -0.957200 0.285100
vn -0.029600 -0.927000 0.373900
vn -0.011000 -0.881500 0.471900
vn -0.033000 -0.895800 0.443200
vn 0.003300 -0.813600 0.581400
vn -0.018000 -0.823100 0.567600
vn -0.067000 -0.907400 0.414800
vn -0.054900 -0.832200 0.551700
vn -0.320300 -0.947200 -0.012500
vn -0.329300 -0.944200 -0.006300
vn -0.282100 -0.959300 -0.000100
vn -0.271600 -0.962400 -0.004300
vn -0.229800 -0.973200 0.007600
vn -0.220100 -0.975400 0.006200
vn -0.334600 -0.942300 0.007000
vn -0.287900 -0.957600 0.010900
vn -0.234300 -0.972000 0.014500
vn -0.257900 -0.966200 -0.001200
vn -0.308500 -0.951100 -0.011000
vn -0.207300 -0.978200 0.010900
vn -0.361000 -0.932400 -0.015500
vn -0.368000 -0.929700 -0.016100
vn -0.419300 -0.907700 -0.012400
vn -0.417700 -0.908400 -0.013400
vn -0.373000 -0.927800 -0.009300
vn -0.376300 -0.926500 0.004200
vn -0.415800 -0.909400 -0.008100
vn -0.415100 -0.909800 0.003000
vn -0.332700 -0.942700 0.024900
vn -0.282700 -0.958900 0.023400
vn -0.287900 -0.957400 0.021000
vn -0.335700 -0.941700 0.019800
vn -0.224300 -0.974300 0.019400
vn -0.232200 -0.972400 0.020500
vn -0.377700 -0.925700 0.017500
vn -0.377000 -0.925900 0.024000
vn -0.416400 -0.909100 0.014300
vn -0.418500 -0.908000 0.020600
vn -0.373200 -0.927400 0.024400
vn -0.326000 -0.945100 0.022700
vn -0.365700 -0.930500 0.017500
vn -0.315600 -0.948800 0.011700
vn -0.419000 -0.907700 0.022300
vn -0.415700 -0.909300 0.019200
vn -0.273200 -0.961800 0.018100
vn -0.211900 -0.977200 0.010800
vn -0.260300 -0.965500 0.003100
vn -0.196400 -0.980500 -0.007400
vn -0.118600 -0.992900 0.002700
vn -0.128800 -0.991600 0.012100
vn -0.176200 -0.984200 0.017500
vn -0.166200 -0.986000 0.012300
vn -0.134100 -0.990800 0.016700
vn -0.180400 -0.983400 0.016700
vn -0.152000 -0.988400 0.000400
vn -0.104800 -0.994400 -0.012600
vn -0.135000 -0.990600 -0.020600
vn -0.088700 -0.995400 -0.036500
vn -0.069600 -0.997200 -0.025900
vn -0.081100 -0.996700 -0.007500
vn -0.056200 -0.997000 -0.052700
vn -0.089800 -0.995900 0.005600
vn -0.095000 -0.995400 0.015000
vn -0.129100 -0.991300 0.025000
vn -0.170800 -0.985200 0.016600
vn -0.178200 -0.983900 0.014700
vn -0.133800 -0.990800 0.019900
vn -0.096100 -0.995100 0.022700
vn -0.094100 -0.995100 0.030400
vn -0.090500 -0.995100 0.038200
vn -0.122100 -0.992000 0.032000
vn -0.160600 -0.986800 0.022600
vn -0.286300 -0.957400 -0.037900
vn -0.269100 -0.959700 -0.081000
vn -0.210000 -0.971900 -0.106100
vn -0.227900 -0.972000 -0.056500
vn -0.142100 -0.981400 -0.129000
vn -0.160600 -0.984200 -0.074500
vn -0.250800 -0.957400 -0.143100
vn -0.191700 -0.965400 -0.176900
vn -0.123700 -0.970600 -0.206400
vn -0.244900 -0.969300 -0.021500
vn -0.302100 -0.953200 -0.008300
vn -0.179000 -0.983200 -0.035600
vn -0.354400 -0.935100 0.002800
vn -0.340100 -0.940100 -0.021000
vn -0.407800 -0.913000 0.009600
vn -0.396100 -0.918100 -0.008700
vn -0.323800 -0.944400 -0.057100
vn -0.306000 -0.945600 -0.110100
vn -0.381900 -0.923300 -0.038800
vn -0.365700 -0.926900 -0.084200
vn -0.210500 -0.929900 -0.301400
vn -0.151400 -0.924000 -0.351100
vn -0.171700 -0.949700 -0.261800
vn -0.230400 -0.948200 -0.218500
vn -0.085800 -0.914800 -0.394800
vn -0.104600 -0.948500 -0.298900
vn -0.285900 -0.941800 -0.176500
vn -0.267700 -0.928800 -0.256100
vn -0.347500 -0.926500 -0.144600
vn -0.329700 -0.917100 -0.224200
vn -0.255500 -0.901200 -0.349900
vn -0.195700 -0.897600 -0.394800
vn -0.253200 -0.859500 -0.444000
vn -0.191600 -0.846900 -0.495900
vn -0.313800 -0.893300 -0.321700
vn -0.298200 -0.866100 -0.401200
vn -0.134600 -0.884600 -0.446500
vn -0.069300 -0.867500 -0.492400
vn -0.126600 -0.828800 -0.544900
vn -0.058700 -0.807100 -0.587400
vn 0.011000 -0.893800 -0.448400
vn -0.003700 -0.937100 -0.348900
vn -0.043800 -0.943900 -0.327100
vn -0.027000 -0.904000 -0.426500
vn -0.019500 -0.967300 -0.252600
vn -0.061200 -0.971100 -0.230800
vn -0.012100 -0.851000 -0.525000
vn 0.024300 -0.837900 -0.545200
vn -0.001200 -0.787500 -0.616300
vn 0.034600 -0.774300 -0.631800
vn 0.042100 -0.829800 -0.556500
vn 0.030500 -0.885800 -0.463000
vn 0.051400 -0.768500 -0.637800
vn 0.017700 -0.930400 -0.365900
vn 0.003800 -0.962200 -0.272300
vn -0.053600 -0.992100 -0.113200
vn -0.097700 -0.990800 -0.092900
vn -0.079200 -0.985500 -0.150200
vn -0.036200 -0.984400 -0.171800
vn -0.011000 -0.981100 -0.193200
vn -0.026300 -0.990600 -0.133900
vn -0.041600 -0.995200 -0.088500
vn -0.071400 -0.995000 -0.069700
vn -0.116600 -0.991800 -0.051500
vn 0.061800 0.881900 -0.467300
vn 0.075300 0.911400 -0.404500
vn 0.099300 0.916300 -0.387800
vn 0.084500 0.889100 -0.449800
vn 0.124100 0.921800 -0.367200
vn 0.108600 0.897100 -0.428300
vn 0.088200 0.931100 -0.354000
vn 0.114000 0.933800 -0.339200
vn 0.140400 0.937300 -0.319100
vn 0.069900 0.847700 -0.525900
vn 0.048600 0.838000 -0.543400
vn 0.093700 0.858900 -0.503400
vn 0.030000 0.829900 -0.557000
vn 0.040900 0.875200 -0.482000
vn 0.014200 0.823000 -0.567800
vn 0.022100 0.868700 -0.494800
vn 0.052600 0.906800 -0.418300
vn 0.063800 0.928700 -0.365200
vn 0.031500 0.901900 -0.430600
vn 0.040800 0.926200 -0.374700
vn 0.112700 0.955500 -0.272400
vn 0.143400 0.954700 -0.260500
vn 0.128600 0.945800 -0.298200
vn 0.100500 0.945000 -0.311200
vn 0.175700 0.954000 -0.243000
vn 0.157800 0.947200 -0.279100
vn 0.074100 0.944500 -0.320000
vn 0.084100 0.956100 -0.280700
vn 0.049500 0.943700 -0.326900
vn 0.057800 0.956000 -0.287600
vn 0.094600 0.964400 -0.247100
vn 0.125100 0.963200 -0.237800
vn 0.106200 0.970000 -0.218500
vn 0.137900 0.968500 -0.207100
vn 0.067000 0.964300 -0.256000
vn 0.077900 0.969800 -0.231100
vn 0.158100 0.961100 -0.226300
vn 0.193200 0.958300 -0.210600
vn 0.172500 0.965400 -0.195300
vn 0.209400 0.960800 -0.181600
vn 0.237500 0.952800 -0.189300
vn 0.214400 0.951400 -0.221200
vn 0.186600 0.949400 -0.252600
vn 0.207500 0.953500 -0.218600
vn 0.192300 0.945500 -0.262900
vn 0.166500 0.941500 -0.292900
vn 0.227600 0.955100 -0.189600
vn 0.259800 0.951500 -0.164400
vn 0.245800 0.955200 -0.164500
vn 0.279900 0.949100 -0.144600
vn 0.291600 0.946600 -0.137400
vn 0.267600 0.950400 -0.158500
vn 0.325600 0.939000 -0.110800
vn 0.300700 0.944900 -0.129600
vn 0.313600 0.941600 -0.122800
vn 0.349300 0.931600 -0.100300
vn 0.243200 0.951400 -0.188800
vn 0.219800 0.947300 -0.232900
vn 0.275800 0.947800 -0.160200
vn 0.251600 0.945200 -0.208000
vn 0.155500 0.913700 -0.375400
vn 0.132400 0.905700 -0.402800
vn 0.148500 0.927900 -0.342100
vn 0.172600 0.933500 -0.314300
vn 0.198600 0.936800 -0.288000
vn 0.180200 0.918900 -0.350900
vn 0.229100 0.935500 -0.268900
vn 0.208000 0.918300 -0.336600
vn 0.163900 0.892200 -0.420700
vn 0.140400 0.883800 -0.446300
vn 0.187600 0.893500 -0.407900
vn 0.117600 0.871600 -0.475800
vn 0.163700 0.975200 -0.148500
vn 0.174600 0.977700 -0.116500
vn 0.207500 0.972000 -0.110200
vn 0.197900 0.970300 -0.139000
vn 0.243900 0.964000 -0.105300
vn 0.235300 0.963100 -0.130400
vn 0.182300 0.979900 -0.081100
vn 0.213800 0.973700 -0.079100
vn 0.248800 0.965300 -0.078800
vn 0.185900 0.968300 -0.166900
vn 0.151000 0.972300 -0.178300
vn 0.223600 0.962200 -0.155300
vn 0.119300 0.974300 -0.190900
vn 0.133000 0.978100 -0.160000
vn 0.091200 0.974300 -0.206100
vn 0.105900 0.978900 -0.174800
vn 0.145300 0.981400 -0.125100
vn 0.154600 0.984300 -0.085300
vn 0.119800 0.983300 -0.136900
vn 0.130700 0.987100 -0.092000
vn 0.185400 0.982600 -0.003000
vn 0.214100 0.976700 -0.011100
vn 0.216200 0.975200 -0.046100
vn 0.186100 0.981600 -0.043200
vn 0.245900 0.969000 -0.021000
vn 0.249600 0.967000 -0.050700
vn 0.159700 0.986200 -0.042100
vn 0.160100 0.987100 0.003300
vn 0.136900 0.989600 -0.043100
vn 0.138200 0.990400 0.007600
vn 0.155700 0.986300 0.053900
vn 0.179900 0.982800 0.041700
vn 0.146200 0.982800 0.112700
vn 0.168600 0.981200 0.093600
vn 0.135100 0.988800 0.063300
vn 0.127700 0.983600 0.127400
vn 0.207300 0.977900 0.027500
vn 0.237600 0.971300 0.011400
vn 0.194600 0.978200 0.071600
vn 0.224000 0.973400 0.048000
vn 0.319300 0.946600 -0.043900
vn 0.323700 0.944000 -0.063000
vn 0.285300 0.956700 -0.056700
vn 0.280500 0.959300 -0.032400
vn 0.323600 0.942700 -0.080200
vn 0.285600 0.955000 -0.079500
vn 0.271300 0.962500 -0.005700
vn 0.310800 0.950200 -0.022500
vn 0.257500 0.966000 0.024000
vn 0.297900 0.954600 0.001600
vn 0.360100 0.932200 -0.036900
vn 0.366200 0.929000 -0.053400
vn 0.425600 0.903700 -0.047200
vn 0.426700 0.902400 -0.059200
vn 0.349900 0.936600 -0.017600
vn 0.420100 0.906900 -0.032400
vn 0.368100 0.927300 -0.067500
vn 0.365700 0.927300 -0.079300
vn 0.423600 0.903200 -0.068400
vn 0.416200 0.906200 -0.075000
vn 0.309800 0.944200 -0.111800
vn 0.273100 0.954300 -0.121500
vn 0.281400 0.954200 -0.101000
vn 0.318900 0.942900 -0.096200
vn 0.358700 0.929100 -0.089900
vn 0.347500 0.932300 -0.100500
vn 0.404500 0.910900 -0.080700
vn 0.389100 0.917100 -0.086900
vn 0.332300 0.936600 -0.111400
vn 0.296700 0.946400 -0.127600
vn 0.370600 0.924100 -0.093500
vn 0.261100 0.954700 -0.142300
vn 0.128500 0.969000 0.211100
vn 0.103400 0.956200 0.273800
vn 0.124100 0.963300 0.237900
vn 0.151200 0.972600 0.176400
vn 0.153100 0.967700 0.200000
vn 0.180300 0.973600 0.140200
vn 0.078200 0.937300 0.339700
vn 0.096900 0.946700 0.307300
vn 0.125800 0.953700 0.273100
vn 0.175600 0.976900 0.121400
vn 0.151000 0.976900 0.151100
vn 0.204500 0.974700 0.090300
vn 0.131300 0.975400 0.176900
vn 0.112200 0.963900 0.241300
vn 0.116500 0.973600 0.196400
vn 0.102100 0.959000 0.264500
vn 0.090700 0.947800 0.305500
vn 0.069000 0.926900 0.368700
vn 0.085700 0.939900 0.330400
vn 0.068500 0.917000 0.392900
vn 0.038500 0.887000 0.460200
vn 0.054400 0.895700 0.441300
vn 0.073000 0.923000 0.377700
vn 0.056100 0.913200 0.403500
vn 0.082900 0.903100 0.421300
vn 0.101400 0.931000 0.350500
vn 0.049400 0.902700 0.427400
vn 0.033300 0.877500 0.478400
vn 0.052000 0.892000 0.448900
vn 0.037400 0.867300 0.496300
vn 0.021100 0.852500 0.522300
vn 0.025900 0.859700 0.510100
vn 0.025600 0.844000 0.535700
vn 0.041700 0.866100 0.498100
vn 0.070900 0.871600 0.485000
vn 0.168400 0.910600 0.377200
vn 0.188500 0.936900 0.294300
vn 0.140000 0.936100 0.322500
vn 0.121400 0.908400 0.400000
vn 0.212700 0.955100 0.206000
vn 0.164100 0.957100 0.238800
vn 0.110100 0.875600 0.470200
vn 0.156200 0.877200 0.454000
vn 0.212200 0.874000 0.437100
vn 0.229200 0.906600 0.354400
vn 0.280700 0.860200 0.425700
vn 0.309800 0.889000 0.337100
vn 0.252100 0.930100 0.267300
vn 0.276500 0.944600 0.176600
vn 0.337800 0.908700 0.245200
vn 0.362800 0.919300 0.152500
vn 0.260500 0.962700 0.072700
vn 0.215900 0.970800 0.104800
vn 0.190300 0.968100 0.162800
vn 0.237300 0.962900 0.128400
vn 0.299000 0.949100 0.098500
vn 0.318900 0.946700 0.045200
vn 0.382600 0.920800 0.075000
vn 0.398400 0.916900 0.023600
vn 0.336000 0.941800 0.008000
vn 0.281000 0.959200 0.031800
vn 0.410900 0.911600 -0.010600
vn 0.238700 0.969200 0.059700
vn 0.028400 0.807600 -0.588900
vn 0.030600 0.852400 -0.521900
vn 0.027600 0.861700 -0.506700
vn 0.023000 0.819800 -0.572200
vn 0.018800 0.872000 -0.489200
vn 0.013500 0.832800 -0.553400
vn 0.031300 0.896300 -0.442200
vn 0.030800 0.901300 -0.432000
vn 0.023200 0.907400 -0.419700
vn 0.018800 0.776500 -0.629800
vn 0.026200 0.763800 -0.644900
vn 0.009300 0.789700 -0.613300
vn 0.030900 0.755300 -0.654600
vn 0.029300 0.799500 -0.600000
vn 0.032700 0.754300 -0.655700
vn 0.025100 0.798100 -0.602000
vn 0.027500 0.846400 -0.531900
vn 0.024500 0.893300 -0.448700
vn 0.017400 0.845300 -0.534000
vn 0.009500 0.893100 -0.449700
vn 0.029100 0.946300 -0.322100
vn 0.032400 0.946600 -0.320700
vn 0.032000 0.930600 -0.364600
vn 0.030400 0.928900 -0.369200
vn 0.028100 0.948100 -0.316800
vn 0.026000 0.933300 -0.358000
vn 0.021000 0.928300 -0.371300
vn 0.018000 0.946800 -0.321200
vn 0.002900 0.928900 -0.370400
vn -0.001800 0.948000 -0.318300
vn 0.015200 0.955000 -0.296000
vn 0.028000 0.954000 -0.298400
vn 0.012500 0.956200 -0.292400
vn 0.027500 0.955100 -0.295000
vn -0.006200 0.956700 -0.290900
vn -0.011600 0.958400 -0.285200
vn 0.033000 0.954000 -0.297800
vn 0.030800 0.955400 -0.293700
vn 0.034900 0.955500 -0.293000
vn 0.035200 0.957500 -0.286200
vn 0.026400 0.952600 -0.303000
vn 0.021000 0.939500 -0.342000
vn 0.019800 0.936500 -0.350100
vn 0.023600 0.950300 -0.310500
vn 0.015500 0.918400 -0.395200
vn 0.015600 0.913300 -0.407000
vn 0.028300 0.957700 -0.286200
vn 0.032800 0.960400 -0.276500
vn 0.035100 0.960800 -0.275000
vn 0.041600 0.964500 -0.260800
vn 0.045400 0.962900 -0.266000
vn 0.037500 0.954700 -0.295000
vn 0.055600 0.967800 -0.245500
vn 0.030600 0.942000 -0.334100
vn 0.023600 0.922800 -0.384500
vn 0.003200 0.853800 -0.520600
vn 0.005100 0.844400 -0.535700
vn 0.010400 0.881500 -0.472100
vn 0.009200 0.889500 -0.456900
vn 0.015900 0.896300 -0.443200
vn 0.008600 0.861700 -0.507200
vn 0.003300 0.816400 -0.577500
vn -0.000700 0.809400 -0.587300
vn 0.001400 0.800800 -0.598900
vn 0.027800 0.964700 -0.262000
vn 0.028000 0.976800 -0.212100
vn 0.047200 0.976800 -0.208800
vn 0.042700 0.965200 -0.257800
vn 0.059000 0.978000 -0.200000
vn 0.050400 0.967600 -0.247500
vn 0.028100 0.990000 -0.138300
vn 0.050800 0.989200 -0.137600
vn 0.066000 0.988900 -0.132700
vn 0.038300 0.957500 -0.285800
vn 0.027600 0.956700 -0.289600
vn 0.041900 0.960100 -0.276300
vn 0.009000 0.957800 -0.287300
vn 0.004600 0.965700 -0.259700
vn -0.019200 0.960200 -0.278500
vn -0.028700 0.967700 -0.250500
vn 0.000200 0.977800 -0.209500
vn -0.003400 0.990800 -0.135300
vn -0.038300 0.978800 -0.201000
vn -0.045700 0.990600 -0.128800
vn 0.027800 0.999500 0.017800
vn 0.053000 0.998500 0.014400
vn 0.052700 0.996900 -0.058300
vn 0.028000 0.998000 -0.056300
vn 0.071100 0.997400 0.011800
vn 0.070000 0.995800 -0.058000
vn -0.005300 0.998600 -0.052900
vn -0.005700 0.999800 0.021200
vn -0.049300 0.997600 -0.049000
vn -0.049500 0.998500 0.023400
vn -0.004800 0.996000 0.088700
vn 0.028000 0.995900 0.085600
vn -0.003100 0.988400 0.151600
vn 0.029100 0.988400 0.149000
vn -0.047700 0.994800 0.090500
vn -0.045400 0.986900 0.154500
vn 0.052700 0.995200 0.082100
vn 0.070600 0.994400 0.078800
vn 0.053100 0.987700 0.146700
vn 0.070000 0.986900 0.145000
vn 0.102100 0.994700 0.010600
vn 0.100100 0.993700 -0.050600
vn 0.084400 0.994900 -0.055100
vn 0.086200 0.996200 0.010900
vn 0.093300 0.989200 -0.112800
vn 0.078600 0.989200 -0.123900
vn 0.085400 0.993400 0.076300
vn 0.100800 0.992200 0.073600
vn 0.083700 0.986100 0.143800
vn 0.097400 0.985100 0.141600
vn 0.117200 0.990700 0.069700
vn 0.119300 0.992800 0.009900
vn 0.112000 0.984300 0.136700
vn 0.117300 0.992000 -0.046200
vn 0.110400 0.988600 -0.101600
vn 0.067700 0.974700 -0.212800
vn 0.056700 0.971100 -0.231900
vn 0.068800 0.980100 -0.186200
vn 0.081800 0.982100 -0.169400
vn 0.098700 0.983400 -0.152200
vn 0.083900 0.977600 -0.192900
vn 0.068700 0.972100 -0.224100
vn 0.053500 0.968400 -0.243400
vn 0.044800 0.964100 -0.261500
vn 0.035200 0.955300 0.293600
vn 0.038500 0.923900 0.380600
vn 0.058900 0.925600 0.373900
vn 0.057300 0.955000 0.290900
vn 0.070000 0.927100 0.368100
vn 0.070900 0.954600 0.289400
vn 0.039900 0.879500 0.474100
vn 0.057700 0.885500 0.461000
vn 0.066000 0.891400 0.448200
vn 0.054900 0.975100 0.214700
vn 0.031700 0.975900 0.216000
vn 0.070300 0.974200 0.214500
vn -0.000400 0.975800 0.218800
vn 0.003300 0.954600 0.297900
vn -0.043200 0.973700 0.223500
vn -0.040700 0.951700 0.304200
vn 0.007300 0.921600 0.387900
vn 0.010700 0.873800 0.486100
vn -0.037400 0.917600 0.395700
vn -0.032900 0.868100 0.495200
vn 0.030000 0.787600 0.615400
vn 0.042400 0.803700 0.593500
vn 0.052100 0.841500 0.537600
vn 0.037200 0.830000 0.556500
vn 0.047300 0.819500 0.571000
vn 0.058100 0.853100 0.518500
vn 0.011300 0.819900 0.572400
vn 0.007700 0.773700 0.633400
vn -0.029100 0.812300 0.582500
vn -0.027800 0.764500 0.644000
vn 0.001300 0.738500 0.674200
vn 0.020100 0.754900 0.655500
vn -0.028700 0.728200 0.684700
vn 0.030700 0.773800 0.632600
vn 0.035400 0.792400 0.609000
vn 0.047500 0.845500 0.531800
vn 0.059500 0.872600 0.484700
vn 0.059600 0.863300 0.501100
vn 0.048300 0.833400 0.550500
vn 0.071000 0.902200 0.425300
vn 0.069300 0.896800 0.436900
vn 0.036700 0.808400 0.587500
vn 0.036000 0.822000 0.568300
vn 0.032600 0.833800 0.551000
vn 0.044100 0.856700 0.513900
vn 0.057200 0.882000 0.467800
vn 0.070900 0.908700 0.411400
vn 0.087600 0.954200 0.286100
vn 0.079700 0.954100 0.288600
vn 0.075900 0.928600 0.363300
vn 0.080500 0.930500 0.357200
vn 0.083800 0.934000 0.347100
vn 0.095000 0.955600 0.278900
vn 0.104500 0.972500 0.208200
vn 0.093100 0.972400 0.213600
vn 0.081900 0.973200 0.214900
vn -0.232600 0.902300 -0.362800
vn -0.274900 0.913100 -0.300900
vn -0.217900 0.902900 -0.370500
vn -0.178400 0.884100 -0.431800
vn -0.149200 0.890100 -0.430600
vn -0.115400 0.862600 -0.492500
vn -0.319000 0.917300 -0.238000
vn -0.258500 0.917400 -0.302600
vn -0.183400 0.915200 -0.358800
vn -0.144000 0.861000 -0.487700
vn -0.196800 0.884500 -0.423000
vn -0.085000 0.833400 -0.546000
vn -0.245500 0.899500 -0.361400
vn -0.280000 0.913900 -0.293800
vn -0.288000 0.905400 -0.311900
vn -0.324000 0.916300 -0.235200
vn -0.322200 0.918400 -0.229600
vn -0.366200 0.914200 -0.173300
vn -0.363400 0.916300 -0.168200
vn -0.401900 0.908000 -0.118400
vn -0.394300 0.906100 -0.153300
vn -0.329000 0.922800 -0.200700
vn -0.296100 0.924100 -0.241700
vn -0.359500 0.914500 -0.185400
vn -0.241600 0.938900 -0.244900
vn -0.214500 0.932000 -0.292100
vn -0.406000 0.904400 -0.131100
vn -0.439900 0.891400 -0.109300
vn -0.436100 0.895700 -0.086600
vn -0.465000 0.882200 -0.073800
vn -0.467400 0.878000 -0.102900
vn -0.423100 0.895600 -0.137400
vn -0.488800 0.865600 -0.108500
vn -0.445900 0.884900 -0.134400
vn -0.489100 0.868900 -0.075300
vn -0.508400 0.856600 -0.087900
vn -0.357100 0.917300 -0.176200
vn -0.265600 0.939800 -0.214700
vn -0.380400 0.909900 -0.165200
vn -0.287500 0.936900 -0.198800
vn -0.083800 0.950100 -0.300300
vn -0.071300 0.933000 -0.352600
vn -0.133200 0.934700 -0.329400
vn -0.152500 0.948100 -0.278800
vn -0.055100 0.902100 -0.428000
vn -0.110100 0.909500 -0.400700
vn -0.170100 0.954100 -0.246500
vn -0.095400 0.958500 -0.268500
vn -0.188000 0.954900 -0.229800
vn -0.108500 0.960900 -0.254700
vn -0.041400 0.958300 -0.282500
vn -0.034300 0.949400 -0.312200
vn -0.050100 0.960700 -0.272900
vn -0.026700 0.930600 -0.365100
vn -0.016000 0.896100 -0.443500
vn -0.014600 0.820100 -0.572100
vn -0.056400 0.840200 -0.539200
vn -0.083600 0.875400 -0.476100
vn -0.035400 0.861100 -0.507200
vn -0.002500 0.850400 -0.526100
vn 0.012000 0.805200 -0.592900
vn 0.026200 0.763100 -0.645700
vn 0.005500 0.781200 -0.624300
vn -0.031000 0.805600 -0.591700
vn -0.475500 0.870600 -0.126200
vn -0.482900 0.868400 -0.112300
vn -0.424700 0.897200 -0.121100
vn -0.414700 0.898700 -0.142400
vn -0.339900 0.930800 -0.134300
vn -0.326100 0.931000 -0.163800
vn -0.485200 0.869600 -0.091900
vn -0.428700 0.898600 -0.092900
vn -0.347000 0.932900 -0.096000
vn -0.399700 0.903100 -0.157100
vn -0.463100 0.876100 -0.133600
vn -0.308000 0.933200 -0.185300
vn -0.504400 0.855700 -0.115100
vn -0.515100 0.849500 -0.114200
vn -0.523200 0.846200 -0.100600
vn -0.533700 0.839100 -0.104900
vn -0.521100 0.846800 -0.106400
vn -0.522600 0.847600 -0.091900
vn -0.539900 0.835500 -0.101900
vn -0.541800 0.835400 -0.092300
vn -0.472000 0.881000 -0.031400
vn -0.416600 0.908900 -0.016100
vn -0.426100 0.902800 -0.058000
vn -0.481700 0.873900 -0.065100
vn -0.338400 0.941000 -0.001100
vn -0.346400 0.936600 -0.051300
vn -0.518900 0.851800 -0.071600
vn -0.509300 0.859300 -0.045500
vn -0.538400 0.839100 -0.077500
vn -0.528900 0.846600 -0.058500
vn -0.492200 0.870400 -0.012400
vn -0.455000 0.890400 0.011400
vn -0.465300 0.884600 0.030000
vn -0.429000 0.900800 0.066600
vn -0.511600 0.858500 -0.034900
vn -0.484400 0.874800 -0.005000
vn -0.400200 0.915700 0.035600
vn -0.324100 0.944200 0.057600
vn -0.376100 0.921000 0.101200
vn -0.304800 0.943600 0.129200
vn -0.172200 0.984900 0.019500
vn -0.175000 0.983600 -0.044600
vn -0.256100 0.965500 -0.046500
vn -0.250600 0.968000 0.011300
vn -0.171100 0.979000 -0.110500
vn -0.254100 0.961800 -0.102100
vn -0.240200 0.967900 0.074500
vn -0.165500 0.982500 0.085000
vn -0.227100 0.962700 0.147000
vn -0.157900 0.975200 0.155200
vn -0.101300 0.990800 0.089800
vn -0.105000 0.994200 0.023300
vn -0.097400 0.982800 0.156500
vn -0.105700 0.993300 -0.045800
vn -0.101300 0.987600 -0.120000
vn -0.143000 0.966500 -0.213000
vn -0.227200 0.955400 -0.188500
vn -0.243900 0.957900 -0.151200
vn -0.159700 0.972400 -0.169700
vn -0.090900 0.978100 -0.187100
vn -0.076700 0.969100 -0.234400
vn -0.062100 0.962800 -0.263100
vn -0.124800 0.962300 -0.241400
vn -0.207500 0.954300 -0.214800
vn -0.347100 0.916400 0.199300
vn -0.295700 0.914700 0.275500
vn -0.262600 0.905400 0.333700
vn -0.305400 0.918000 0.252800
vn -0.224400 0.899400 0.375100
vn -0.253900 0.922300 0.291200
vn -0.242600 0.899100 0.364200
vn -0.219400 0.880400 0.420500
vn -0.194200 0.865900 0.461000
vn -0.344100 0.922300 0.175800
vn -0.392600 0.910400 0.130600
vn -0.281000 0.936600 0.209200
vn -0.427000 0.900600 0.080800
vn -0.378700 0.915000 0.138800
vn -0.446300 0.894300 0.032700
vn -0.398900 0.913400 0.080400
vn -0.323200 0.923100 0.208500
vn -0.264300 0.917500 0.297000
vn -0.344600 0.927800 0.142900
vn -0.285200 0.930800 0.228500
vn -0.155600 0.843000 0.514800
vn -0.150400 0.815600 0.558700
vn -0.181000 0.846800 0.500200
vn -0.194300 0.871500 0.450200
vn -0.142600 0.792800 0.592500
vn -0.166200 0.827000 0.537000
vn -0.207900 0.897800 0.388200
vn -0.160600 0.873700 0.459200
vn -0.224800 0.919700 0.321700
vn -0.170700 0.901200 0.398400
vn -0.124700 0.852500 0.507600
vn -0.125300 0.823000 0.554000
vn -0.127800 0.880200 0.457000
vn -0.125300 0.794300 0.594400
vn -0.122300 0.768600 0.627900
vn -0.102000 0.765500 0.635300
vn -0.114100 0.808300 0.577500
vn -0.145000 0.814200 0.562100
vn -0.127500 0.775900 0.617800
vn -0.126500 0.858500 0.496900
vn -0.164000 0.858800 0.485300
vn -0.111700 0.747900 0.654300
vn -0.091200 0.733500 0.673600
vn -0.062900 0.726500 0.684300
vn -0.068200 0.761500 0.644500
vn -0.074900 0.808000 0.584300
vn -0.082400 0.862500 0.499300
vn -0.144600 0.937800 0.315500
vn -0.198500 0.929500 0.310900
vn -0.182300 0.899300 0.397400
vn -0.136900 0.904200 0.404400
vn -0.088500 0.911200 0.402300
vn -0.092000 0.945800 0.311300
vn -0.094500 0.968800 0.229100
vn -0.151000 0.960900 0.232100
vn -0.213100 0.950200 0.227200
vn 0.422900 -0.900400 -0.101900
vn 0.389700 -0.906500 -0.162600
vn 0.466400 -0.869200 -0.164100
vn 0.497100 -0.862800 -0.091200
vn 0.552600 -0.814600 -0.176300
vn 0.579300 -0.810300 -0.088000
vn 0.358000 -0.900200 -0.247900
vn 0.435500 -0.859200 -0.268600
vn 0.521000 -0.798300 -0.302100
vn 0.530200 -0.846900 -0.039300
vn 0.458100 -0.887100 -0.056400
vn 0.564800 -0.825200 -0.002400
vn 0.493300 -0.869600 -0.020900
vn 0.607100 -0.794100 -0.026900
vn 0.637100 -0.770700 0.013900
vn 0.386800 -0.919100 -0.074600
vn 0.352500 -0.928500 -0.117000
vn 0.314300 -0.944900 -0.091300
vn 0.283200 -0.949700 -0.133300
vn 0.419800 -0.906800 -0.038200
vn 0.343200 -0.937800 -0.052200
vn 0.318900 -0.932500 -0.169400
vn 0.287100 -0.927400 -0.239700
vn 0.251700 -0.950700 -0.181200
vn 0.221600 -0.944800 -0.241500
vn 0.285800 -0.839000 -0.462800
vn 0.348900 -0.777800 -0.522700
vn 0.397900 -0.828000 -0.395000
vn 0.324600 -0.877700 -0.352500
vn 0.412600 -0.694100 -0.589900
vn 0.475300 -0.756600 -0.448900
vn 0.256300 -0.910600 -0.324300
vn 0.224400 -0.881500 -0.415400
vn 0.193300 -0.930400 -0.311400
vn 0.166500 -0.906500 -0.387900
vn 0.186600 -0.841900 -0.506400
vn 0.236600 -0.787600 -0.568900
vn 0.142700 -0.804300 -0.576700
vn 0.177100 -0.736300 -0.653000
vn 0.140000 -0.872600 -0.468000
vn 0.118700 -0.842400 -0.525500
vn 0.286100 -0.713900 -0.639100
vn 0.334100 -0.618100 -0.711500
vn 0.212900 -0.647300 -0.731900
vn 0.246300 -0.538400 -0.805900
vn 0.549500 -0.390500 -0.738600
vn 0.663800 -0.455000 -0.593500
vn 0.563200 -0.644900 -0.516500
vn 0.479400 -0.574300 -0.663500
vn 0.755400 -0.504400 -0.418200
vn 0.625800 -0.695600 -0.352700
vn 0.380700 -0.491800 -0.783000
vn 0.425100 -0.316800 -0.847900
vn 0.275900 -0.405300 -0.871500
vn 0.301000 -0.239000 -0.923200
vn 0.457800 -0.077000 -0.885700
vn 0.604400 -0.117200 -0.788000
vn 0.456800 0.218300 -0.862400
vn 0.601800 0.227000 -0.765600
vn 0.317900 -0.029800 -0.947600
vn 0.316900 0.219100 -0.922800
vn 0.746300 -0.149300 -0.648600
vn 0.865700 -0.173400 -0.469500
vn 0.739400 0.241400 -0.628400
vn 0.853500 0.254200 -0.454800
vn 0.839700 -0.529700 -0.119800
vn 0.689100 -0.718100 -0.097200
vn 0.664300 -0.718900 -0.204500
vn 0.811100 -0.529400 -0.248700
vn 0.939900 -0.184300 -0.287400
vn 0.973300 -0.179600 -0.142800
vn 0.923100 0.263100 -0.280300
vn 0.952000 0.271300 -0.141900
vn 0.985800 -0.162800 -0.040700
vn 0.857400 -0.513700 -0.029900
vn 0.990100 -0.138500 0.023300
vn 0.872600 -0.487700 0.027100
vn 0.958600 0.281000 -0.044800
vn 0.956100 0.292600 0.014600
vn 0.711100 -0.702700 -0.023400
vn 0.734000 -0.678700 0.024300
vn 0.902400 -0.425300 0.068500
vn 0.915700 -0.397500 0.057800
vn 0.805700 -0.590000 0.052100
vn 0.782700 -0.619300 0.060700
vn 0.729500 -0.682600 0.041200
vn 0.699700 -0.712900 0.047500
vn 0.925600 -0.377400 0.027300
vn 0.824000 -0.565900 0.026000
vn 0.754100 -0.656400 0.019700
vn 0.758200 -0.649900 0.051400
vn 0.887600 -0.456800 0.058500
vn 0.668200 -0.742900 0.038300
vn 0.992200 -0.110900 0.057300
vn 0.994000 -0.085200 0.067400
vn 0.951400 0.304600 0.045200
vn 0.947900 0.313900 0.053900
vn 0.996300 -0.065600 0.055300
vn 0.998200 -0.054800 0.022600
vn 0.947000 0.318200 0.042600
vn 0.948600 0.316300 0.012800
vn 0.930700 -0.364700 -0.027000
vn 0.839100 -0.543600 -0.019700
vn 0.835000 -0.550100 -0.002700
vn 0.930400 -0.366600 -0.006200
vn 0.777000 -0.629200 -0.016400
vn 0.770000 -0.638000 -0.003800
vn 0.998400 -0.053700 -0.013300
vn 0.997500 -0.059600 -0.036500
vn 0.951400 0.307300 -0.020200
vn 0.954600 0.294800 -0.042500
vn 0.996400 -0.070000 -0.048300
vn 0.928300 -0.370000 -0.036300
vn 0.995400 -0.082300 -0.048800
vn 0.924100 -0.380500 -0.033800
vn 0.958000 0.281200 -0.055000
vn 0.961300 0.269100 -0.057800
vn 0.837900 -0.545200 -0.025600
vn 0.777100 -0.629100 -0.018800
vn 0.832900 -0.553100 -0.020400
vn 0.772100 -0.635400 -0.010600
vn 0.642700 -0.766000 -0.012500
vn 0.633800 -0.773400 -0.009200
vn 0.712700 -0.701400 -0.006900
vn 0.721300 -0.692400 -0.014800
vn 0.616400 -0.787400 0.003300
vn 0.694500 -0.719400 0.011000
vn 0.722300 -0.691400 -0.013100
vn 0.644700 -0.764300 -0.007100
vn 0.718000 -0.696000 -0.001600
vn 0.641800 -0.766800 0.007300
vn 0.551700 -0.834000 -0.002000
vn 0.549200 -0.835600 -0.010000
vn 0.450800 -0.892600 0.002200
vn 0.448800 -0.893600 -0.007300
vn 0.549900 -0.835100 0.014600
vn 0.449200 -0.893200 0.019900
vn 0.541100 -0.840800 -0.010000
vn 0.526300 -0.850200 -0.001700
vn 0.442500 -0.896700 -0.009300
vn 0.430800 -0.902400 -0.003800
vn 0.560300 -0.828100 0.015400
vn 0.634400 -0.772300 0.031100
vn 0.667200 -0.744300 0.027600
vn 0.590900 -0.806600 0.015000
vn 0.504900 -0.863100 0.006000
vn 0.478900 -0.877800 0.003200
vn 0.413700 -0.910400 0.000900
vn 0.392700 -0.919600 -0.004500
vn 0.450400 -0.892700 -0.011000
vn 0.527400 -0.849600 0.003600
vn 0.369100 -0.929100 -0.021500
vn 0.599800 -0.799900 0.021100
vn 0.913700 -0.405400 0.026400
vn 0.905500 -0.414100 0.092400
vn 0.807700 -0.581000 0.100400
vn 0.817600 -0.574400 0.039500
vn 0.745400 -0.657600 0.109000
vn 0.755600 -0.653100 0.050600
vn 0.891400 -0.413800 0.184800
vn 0.794000 -0.579400 0.184100
vn 0.731700 -0.655100 0.188200
vn 0.825800 -0.563900 -0.000100
vn 0.919400 -0.393000 -0.014900
vn 0.764400 -0.644600 0.011400
vn 0.995100 -0.094000 -0.031900
vn 0.994400 -0.104700 0.010000
vn 0.964400 0.260500 -0.044000
vn 0.966900 0.254800 -0.005600
vn 0.990400 -0.112700 0.079700
vn 0.977200 -0.113600 0.179400
vn 0.965900 0.251700 0.060700
vn 0.954600 0.252900 0.157400
vn 0.822900 -0.358000 0.441100
vn 0.736800 -0.531900 0.417300
vn 0.772400 -0.564900 0.290300
vn 0.866300 -0.397600 0.302400
vn 0.674000 -0.617400 0.405500
vn 0.709800 -0.642900 0.287800
vn 0.946700 -0.100200 0.306200
vn 0.889700 -0.064900 0.451800
vn 0.923200 0.262300 0.280900
vn 0.861600 0.283500 0.420900
vn 0.798800 -0.006600 0.601600
vn 0.751700 -0.291900 0.591300
vn 0.675100 0.064500 0.734900
vn 0.647200 -0.208300 0.733200
vn 0.765000 0.315500 0.561400
vn 0.639900 0.351500 0.683400
vn 0.678500 -0.476400 0.559100
vn 0.617100 -0.575500 0.536500
vn 0.589700 -0.403200 0.699800
vn 0.533300 -0.519500 0.667500
vn 0.545800 -0.736300 0.400000
vn 0.580100 -0.757700 0.298800
vn 0.655000 -0.696600 0.292800
vn 0.618100 -0.674900 0.403000
vn 0.603300 -0.770100 0.207300
vn 0.677900 -0.708200 0.197200
vn 0.561200 -0.641000 0.523500
vn 0.494300 -0.704800 0.508800
vn 0.479900 -0.598200 0.641700
vn 0.420200 -0.671200 0.610600
vn 0.417300 -0.764400 0.491400
vn 0.458800 -0.794500 0.397700
vn 0.335900 -0.808300 0.483400
vn 0.362300 -0.841200 0.401300
vn 0.359500 -0.736600 0.572800
vn 0.313500 -0.779400 0.542400
vn 0.489500 -0.816300 0.306700
vn 0.512400 -0.830400 0.218500
vn 0.388200 -0.865100 0.317600
vn 0.410200 -0.882400 0.230500
vn 0.628200 -0.774600 0.073500
vn 0.702200 -0.709200 0.062200
vn 0.692200 -0.711700 0.119700
vn 0.618200 -0.775000 0.130700
vn 0.527900 -0.837500 0.141100
vn 0.538100 -0.838700 0.083300
vn 0.426000 -0.892100 0.150600
vn 0.437000 -0.894800 0.091000
vn 0.545200 -0.837200 0.042000
vn 0.635900 -0.771100 0.033200
vn 0.444500 -0.894400 0.048500
vn 0.710700 -0.703100 0.022400
vn 0.273500 0.891000 -0.362300
vn 0.304800 0.912700 -0.272000
vn 0.347900 0.890400 -0.293500
vn 0.308800 0.865000 -0.395400
vn 0.394300 0.859100 -0.326300
vn 0.346900 0.829100 -0.438400
vn 0.331300 0.924200 -0.190100
vn 0.377700 0.904300 -0.198900
vn 0.428200 0.876800 -0.218600
vn 0.259000 0.828900 -0.495800
vn 0.235000 0.859000 -0.454900
vn 0.202300 0.784800 -0.585800
vn 0.191000 0.819900 -0.539600
vn 0.285500 0.788900 -0.544200
vn 0.215700 0.742000 -0.634700
vn 0.211200 0.881500 -0.422300
vn 0.239600 0.909000 -0.341000
vn 0.179600 0.849300 -0.496400
vn 0.264800 0.927700 -0.263200
vn 0.289000 0.937600 -0.193100
vn 0.377900 0.921700 -0.087500
vn 0.421700 0.903500 -0.076400
vn 0.401000 0.907500 -0.124500
vn 0.355100 0.926100 -0.127000
vn 0.469500 0.879900 -0.072600
vn 0.451600 0.882500 -0.131200
vn 0.313200 0.939400 -0.139100
vn 0.337600 0.935300 -0.105500
vn 0.362500 0.927900 -0.086400
vn 0.401700 0.913400 -0.065300
vn 0.387400 0.918600 -0.077800
vn 0.426500 0.902700 -0.056100
vn 0.443100 0.895100 -0.048600
vn 0.487100 0.872600 -0.037200
vn 0.466300 0.883800 -0.036300
vn 0.506500 0.862000 -0.020100
vn 0.636400 0.765700 -0.092800
vn 0.619700 0.763300 -0.182200
vn 0.518500 0.841900 -0.149400
vn 0.534500 0.841600 -0.077600
vn 0.586700 0.750100 -0.305100
vn 0.492800 0.832800 -0.252100
vn 0.547700 0.836000 -0.032300
vn 0.646300 0.762300 -0.033900
vn 0.561900 0.827100 -0.008600
vn 0.655000 0.755600 -0.000700
vn 0.795600 0.604400 -0.039800
vn 0.788400 0.603900 -0.117100
vn 0.797800 0.602900 0.006100
vn 0.767100 0.598700 -0.230500
vn 0.718300 0.583100 -0.379300
vn 0.455000 0.680800 -0.574000
vn 0.393400 0.774300 -0.495600
vn 0.451800 0.809900 -0.374100
vn 0.531200 0.721600 -0.443800
vn 0.636800 0.553400 -0.536900
vn 0.531900 0.514200 -0.672700
vn 0.412900 0.474600 -0.777300
vn 0.361900 0.634100 -0.683300
vn 0.291400 0.441100 -0.848800
vn 0.261000 0.588000 -0.765600
vn 0.318800 0.729800 -0.604800
vn 0.234900 0.681500 -0.693000
vn 0.476700 0.877600 -0.050600
vn 0.500700 0.864100 -0.050400
vn 0.542600 0.839400 -0.032100
vn 0.517000 0.855400 -0.030100
vn 0.575400 0.817700 -0.014800
vn 0.551700 0.834000 -0.011200
vn 0.522200 0.851200 -0.053300
vn 0.565900 0.823500 -0.038900
vn 0.597200 0.801700 -0.025300
vn 0.491100 0.870500 -0.032000
vn 0.451600 0.890600 -0.052800
vn 0.528200 0.849000 -0.013400
vn 0.411100 0.908600 -0.073800
vn 0.433400 0.898400 -0.070100
vn 0.453700 0.888600 -0.067400
vn 0.471000 0.879600 -0.066100
vn 0.552300 0.831700 -0.056700
vn 0.599500 0.798700 -0.051800
vn 0.585300 0.809500 -0.047000
vn 0.539700 0.840000 -0.056500
vn 0.628800 0.776200 -0.046300
vn 0.615300 0.787300 -0.037700
vn 0.484300 0.872500 -0.064400
vn 0.493100 0.867900 -0.059900
vn 0.497200 0.866000 -0.052500
vn 0.559800 0.826900 -0.053700
vn 0.496700 0.866900 -0.041800
vn 0.562300 0.825600 -0.047000
vn 0.608600 0.791700 -0.052800
vn 0.637500 0.768700 -0.050600
vn 0.612700 0.788800 -0.049600
vn 0.641600 0.765300 -0.050400
vn 0.725200 0.687200 -0.041800
vn 0.715600 0.698000 -0.026700
vn 0.649100 0.760100 -0.030700
vn 0.660500 0.749600 -0.042500
vn 0.703500 0.710600 -0.005700
vn 0.633900 0.773200 -0.014300
vn 0.668100 0.742500 -0.049500
vn 0.732200 0.679100 -0.051200
vn 0.671700 0.739000 -0.051500
vn 0.736200 0.674500 -0.054500
vn 0.839000 0.541300 -0.054300
vn 0.832200 0.552800 -0.043000
vn 0.844100 0.532900 -0.058000
vn 0.824300 0.565600 -0.024200
vn 0.816000 0.578000 0.002600
vn 0.677000 0.735700 0.019500
vn 0.596900 0.802300 0.004800
vn 0.616100 0.787700 -0.000300
vn 0.690300 0.723300 0.012600
vn 0.808600 0.587800 0.026400
vn 0.802800 0.595200 0.035500
vn 0.799400 0.600100 0.029000
vn 0.665000 0.746700 0.015000
vn 0.578400 0.815700 0.001800
vn 0.555300 0.831600 -0.001700
vn 0.546700 0.836000 0.047100
vn 0.602300 0.797200 0.039900
vn 0.609100 0.793100 -0.008300
vn 0.632600 0.773600 0.034000
vn 0.638800 0.769200 -0.012900
vn 0.532200 0.837700 0.122300
vn 0.589600 0.799700 0.113500
vn 0.620600 0.777100 0.105200
vn 0.612500 0.789600 -0.036900
vn 0.560600 0.827500 -0.031800
vn 0.641700 0.765800 -0.040000
vn 0.492000 0.870200 -0.023600
vn 0.483800 0.875100 0.008300
vn 0.472200 0.879600 0.058200
vn 0.455100 0.880200 0.134700
vn 0.467700 0.821500 0.326300
vn 0.521300 0.791000 0.320100
vn 0.564600 0.798100 0.210300
vn 0.507100 0.833500 0.219200
vn 0.553300 0.773900 0.308100
vn 0.596200 0.777700 0.199300
vn 0.429900 0.873100 0.229800
vn 0.396000 0.857000 0.329600
vn 0.350400 0.833200 0.427800
vn 0.409700 0.802900 0.432900
vn 0.292800 0.813900 0.501800
vn 0.336300 0.786700 0.517600
vn 0.456600 0.778700 0.430200
vn 0.488500 0.764900 0.419800
vn 0.375700 0.765400 0.522500
vn 0.406200 0.752600 0.518200
vn 0.649400 0.689200 0.321400
vn 0.695100 0.688700 0.206000
vn 0.627900 0.753700 0.193900
vn 0.585800 0.751600 0.303200
vn 0.720100 0.685500 0.107300
vn 0.651600 0.751800 0.100800
vn 0.521600 0.743900 0.417600
vn 0.579000 0.685200 0.441800
vn 0.438300 0.731600 0.522000
vn 0.487500 0.676700 0.551700
vn 0.667600 0.556200 0.494900
vn 0.752100 0.548400 0.365500
vn 0.559200 0.561600 0.609800
vn 0.806900 0.540400 0.238500
vn 0.835500 0.534300 0.127900
vn 0.736000 0.676700 -0.017700
vn 0.669100 0.742900 -0.016300
vn 0.663400 0.747700 0.030400
vn 0.731400 0.681100 0.032300
vn 0.846700 0.530400 0.042500
vn 0.848900 0.528300 -0.015000
vn 0.847400 0.528700 -0.047500
vn 0.737300 0.674000 -0.045700
vn 0.671800 0.739500 -0.042600
vn -0.749200 -0.488600 0.447200
vn -0.786900 -0.541700 0.295600
vn -0.706100 -0.657400 0.263000
vn -0.677900 -0.621400 0.392900
vn -0.662300 -0.707100 0.247400
vn -0.635000 -0.682000 0.362800
vn -0.806200 -0.563400 0.180500
vn -0.721900 -0.671700 0.166000
vn -0.677700 -0.717700 0.159900
vn -0.625000 -0.551000 0.553000
vn -0.675200 -0.392800 0.624300
vn -0.535000 -0.435400 0.724000
vn -0.553500 -0.251600 0.793900
vn -0.587800 -0.632200 0.504700
vn -0.512500 -0.547200 0.661700
vn -0.711700 -0.127500 0.690800
vn -0.826400 -0.237900 0.510300
vn -0.678800 0.217400 0.701400
vn -0.833900 0.127400 0.537000
vn -0.546700 0.009200 0.837200
vn -0.488400 0.304100 0.817900
vn -0.888700 -0.309800 0.337800
vn -0.917600 -0.344000 0.199000
vn -0.931400 0.051700 0.360200
vn -0.978600 0.004800 0.205600
vn -0.829300 -0.556300 0.052100
vn -0.741300 -0.668800 0.056200
vn -0.732800 -0.673300 0.098400
vn -0.818900 -0.564900 0.100800
vn -0.691100 -0.720500 0.057800
vn -0.686300 -0.720700 0.097600
vn -0.931600 -0.349100 0.101400
vn -0.940100 -0.338100 0.042700
vn -0.995600 -0.010100 0.092900
vn -0.999700 -0.003100 0.024900
vn -0.947100 -0.320500 0.016100
vn -0.838400 -0.544100 0.029600
vn -0.953100 -0.302200 0.017300
vn -0.845600 -0.532900 0.030100
vn -0.999800 0.015800 -0.006100
vn -0.999100 0.040300 -0.005700
vn -0.748100 -0.662600 0.035900
vn -0.693200 -0.719700 0.037400
vn -0.752300 -0.657900 0.034500
vn -0.692300 -0.720800 0.033700
vn -0.579700 -0.813200 0.051100
vn -0.579600 -0.809800 0.091100
vn -0.645000 -0.758000 0.096200
vn -0.646400 -0.760900 0.056500
vn -0.574700 -0.804400 0.150400
vn -0.638700 -0.753300 0.156700
vn -0.644400 -0.763800 0.034700
vn -0.576400 -0.816600 0.027500
vn -0.638700 -0.768900 0.027800
vn -0.569200 -0.822000 0.017100
vn -0.497600 -0.867200 0.018500
vn -0.498600 -0.865700 0.044000
vn -0.415500 -0.909500 0.012100
vn -0.410400 -0.911100 0.038700
vn -0.493400 -0.869800 0.004700
vn -0.418700 -0.908100 -0.004400
vn -0.497100 -0.863600 0.084100
vn -0.492500 -0.858600 0.142000
vn -0.404700 -0.911100 0.078000
vn -0.399100 -0.907100 0.133400
vn -0.542600 -0.775300 0.323200
vn -0.598100 -0.723500 0.344600
vn -0.624300 -0.743500 0.239400
vn -0.563200 -0.794200 0.228100
vn -0.484100 -0.848400 0.214300
vn -0.470400 -0.830300 0.298700
vn -0.393000 -0.897500 0.200000
vn -0.386500 -0.879900 0.276400
vn -0.447200 -0.802100 0.395800
vn -0.507300 -0.743600 0.435500
vn -0.407800 -0.769200 0.491900
vn -0.451800 -0.699100 0.554100
vn -0.378000 -0.851400 0.363600
vn -0.367900 -0.820300 0.437900
vn -0.554200 -0.686100 0.471300
vn -0.487400 -0.624800 0.609900
vn -0.851100 -0.524000 0.031700
vn -0.851200 -0.524500 0.018200
vn -0.746000 -0.665600 0.020800
vn -0.749700 -0.660800 0.032900
vn -0.669300 -0.742800 0.019000
vn -0.678100 -0.734400 0.029100
vn -0.852300 -0.523100 -0.004400
vn -0.745000 -0.667000 0.001700
vn -0.665700 -0.746200 0.004400
vn -0.752700 -0.657200 0.037700
vn -0.849800 -0.525800 0.035900
vn -0.687000 -0.725900 0.034300
vn -0.957500 -0.287400 0.025500
vn -0.960400 -0.277800 0.022200
vn -0.997900 0.063900 0.003300
vn -0.996300 0.085100 0.000900
vn -0.962500 -0.271100 0.008100
vn -0.964600 -0.263200 -0.016400
vn -0.994300 0.105500 -0.011900
vn -0.991300 0.126900 -0.034400
vn -0.861200 -0.506500 -0.041200
vn -0.757400 -0.652300 -0.028600
vn -0.749200 -0.662100 -0.017000
vn -0.855600 -0.516800 -0.027100
vn -0.681500 -0.731600 -0.018300
vn -0.670300 -0.742000 -0.009600
vn -0.967000 -0.251400 -0.041200
vn -0.969800 -0.237100 -0.056900
vn -0.986900 0.150500 -0.056900
vn -0.982400 0.172900 -0.070600
vn -0.972600 -0.223400 -0.063900
vn -0.867600 -0.494900 -0.047300
vn -0.975000 -0.213400 -0.061500
vn -0.873200 -0.485200 -0.044200
vn -0.978900 0.189600 -0.076200
vn -0.977600 0.197100 -0.073500
vn -0.766900 -0.640900 -0.033200
vn -0.694200 -0.719400 -0.021600
vn -0.774600 -0.631700 -0.029500
vn -0.703700 -0.710300 -0.018000
vn -0.533500 -0.845800 0.004100
vn -0.523900 -0.851800 0.004200
vn -0.598800 -0.800900 -0.002700
vn -0.610900 -0.791600 -0.007500
vn -0.521500 -0.853200 0.004500
vn -0.594700 -0.803900 0.005100
vn -0.624700 -0.780800 -0.009300
vn -0.544400 -0.838800 0.004300
vn -0.634200 -0.773100 -0.006400
vn -0.551000 -0.834400 0.006000
vn -0.473600 -0.880600 0.015600
vn -0.467700 -0.883700 0.013900
vn -0.419000 -0.907700 0.022300
vn -0.418500 -0.908000 0.020600
vn -0.475400 -0.879600 0.015400
vn -0.415700 -0.909300 0.019200
vn -0.462000 -0.886800 0.010000
vn -0.460600 -0.887600 0.003400
vn -0.416400 -0.909100 0.014300
vn -0.415100 -0.909800 0.003000
vn -0.542600 -0.839900 0.008600
vn -0.614400 -0.788700 0.020800
vn -0.601100 -0.799000 0.013700
vn -0.528800 -0.848700 0.005800
vn -0.465600 -0.884900 -0.002500
vn -0.475200 -0.879800 -0.004200
vn -0.415800 -0.909400 -0.008100
vn -0.417700 -0.908400 -0.013400
vn -0.485500 -0.874200 -0.001800
vn -0.557600 -0.830000 0.012700
vn -0.419300 -0.907700 -0.012400
vn -0.628300 -0.777500 0.025800
vn -0.880600 -0.471500 -0.046800
vn -0.881200 -0.468100 -0.065600
vn -0.783000 -0.620100 -0.049300
vn -0.782800 -0.621500 -0.031300
vn -0.708000 -0.705000 -0.040300
vn -0.710000 -0.703800 -0.021400
vn -0.877700 -0.469000 -0.097900
vn -0.778300 -0.622500 -0.080900
vn -0.701000 -0.709400 -0.073100
vn -0.779700 -0.625500 -0.025400
vn -0.877600 -0.477600 -0.040400
vn -0.708500 -0.705500 -0.014800
vn -0.976500 -0.207500 -0.058400
vn -0.976700 -0.204300 -0.065800
vn -0.978300 0.194700 -0.070600
vn -0.979500 0.185800 -0.078100
vn -0.975100 -0.204300 -0.085800
vn -0.970700 -0.208700 -0.119400
vn -0.980100 0.172600 -0.098100
vn -0.978900 0.156200 -0.131600
vn -0.835900 -0.466200 -0.289700
vn -0.740700 -0.618500 -0.262200
vn -0.767400 -0.624300 -0.145800
vn -0.866800 -0.470100 -0.165900
vn -0.663700 -0.705500 -0.248500
vn -0.688400 -0.712200 -0.137000
vn -0.958100 -0.213900 -0.190600
vn -0.921800 -0.217200 -0.320900
vn -0.969400 0.138500 -0.202500
vn -0.935100 0.120700 -0.333200
vn -0.842400 -0.219200 -0.492200
vn -0.766200 -0.455300 -0.453400
vn -0.714100 -0.219000 -0.664800
vn -0.651700 -0.437400 -0.619600
vn -0.856800 0.100100 -0.505800
vn -0.728100 0.078600 -0.681000
vn -0.681700 -0.600900 -0.417400
vn -0.612000 -0.683700 -0.397300
vn -0.582900 -0.571800 -0.577300
vn -0.525500 -0.647100 -0.552400
vn -0.498300 -0.836900 -0.226400
vn -0.515300 -0.847200 -0.128800
vn -0.609800 -0.781100 -0.133800
vn -0.588100 -0.772200 -0.240400
vn -0.528600 -0.846200 -0.066600
vn -0.623000 -0.779100 -0.069600
vn -0.545100 -0.745800 -0.383100
vn -0.465900 -0.809200 -0.357900
vn -0.470600 -0.703000 -0.533200
vn -0.405900 -0.768500 -0.494600
vn -0.383000 -0.863300 -0.328600
vn -0.407700 -0.887200 -0.215800
vn -0.313800 -0.893300 -0.321700
vn -0.329700 -0.917100 -0.224200
vn -0.341200 -0.830600 -0.440000
vn -0.298200 -0.866100 -0.401200
vn -0.424100 -0.896300 -0.129600
vn -0.439300 -0.895600 -0.069900
vn -0.347500 -0.926500 -0.144600
vn -0.365700 -0.926900 -0.084200
vn -0.547500 -0.836800 -0.006300
vn -0.637000 -0.770700 -0.013600
vn -0.632400 -0.773900 -0.034500
vn -0.539900 -0.841200 -0.029200
vn -0.453000 -0.891000 -0.029500
vn -0.463900 -0.885800 -0.003700
vn -0.381900 -0.923300 -0.038800
vn -0.396100 -0.918100 -0.008700
vn -0.471900 -0.881600 0.010300
vn -0.551600 -0.834100 0.004500
vn -0.407800 -0.913000 0.009600
vn -0.637800 -0.770100 -0.005200
vn -0.228300 0.916300 0.329000
vn -0.294100 0.927000 0.232800
vn -0.355100 0.908500 0.220300
vn -0.280600 0.902500 0.326500
vn -0.441800 0.867200 0.229700
vn -0.357800 0.866400 0.348300
vn -0.355000 0.925100 0.134700
vn -0.416500 0.901600 0.116600
vn -0.504900 0.855300 0.116400
vn -0.201300 0.883700 0.422500
vn -0.163900 0.895200 0.414400
vn -0.129200 0.854700 0.502700
vn -0.108600 0.868400 0.483800
vn -0.262100 0.850200 0.456600
vn -0.169800 0.820100 0.546400
vn -0.140800 0.894200 0.424800
vn -0.192800 0.915700 0.352500
vn -0.099900 0.871200 0.480500
vn -0.251700 0.930300 0.266900
vn -0.312600 0.934200 0.172000
vn -0.450500 0.892800 -0.000200
vn -0.501200 0.865100 -0.020500
vn -0.463400 0.885500 0.033800
vn -0.406400 0.912100 0.054000
vn -0.576100 0.816800 -0.029600
vn -0.547000 0.836700 0.027300
vn -0.368500 0.925200 0.089900
vn -0.418100 0.907800 0.032800
vn -0.462100 0.886800 -0.007000
vn -0.489700 0.871200 -0.035000
vn -0.498500 0.866200 -0.034100
vn -0.522800 0.850700 -0.054400
vn -0.533900 0.843900 -0.052700
vn -0.598300 0.798900 -0.060900
vn -0.561100 0.825000 -0.066400
vn -0.614700 0.785600 -0.070600
vn -0.808300 0.588400 -0.017800
vn -0.798700 0.599800 0.048500
vn -0.659900 0.750600 0.032700
vn -0.678900 0.733600 -0.028600
vn -0.766700 0.622800 0.155900
vn -0.622700 0.771400 0.130500
vn -0.688300 0.722900 -0.059900
vn -0.807300 0.588000 -0.049800
vn -0.691300 0.719400 -0.066500
vn -0.800300 0.597100 -0.053700
vn -0.934500 0.354600 -0.030900
vn -0.939400 0.342700 0.001600
vn -0.926100 0.375900 -0.032400
vn -0.935700 0.345300 0.071600
vn -0.910900 0.368100 0.186400
vn -0.585900 0.679300 0.441800
vn -0.459900 0.798500 0.388300
vn -0.556300 0.790500 0.256000
vn -0.697000 0.653600 0.295000
vn -0.845700 0.412900 0.338100
vn -0.728300 0.466800 0.501600
vn -0.566700 0.511500 0.645900
vn -0.445700 0.687800 0.572900
vn -0.390500 0.536500 0.748100
vn -0.300800 0.676400 0.672300
vn -0.344400 0.789000 0.508700
vn -0.228200 0.762400 0.605500
vn -0.562800 0.823200 -0.074700
vn -0.569700 0.817600 -0.082900
vn -0.594000 0.800300 -0.081100
vn -0.591400 0.802700 -0.076000
vn -0.619800 0.781000 -0.076800
vn -0.625600 0.776700 -0.073100
vn -0.569500 0.817000 -0.089800
vn -0.589300 0.803200 -0.086200
vn -0.608000 0.789800 -0.081000
vn -0.580700 0.810900 -0.071300
vn -0.547500 0.834300 -0.065500
vn -0.624100 0.778000 -0.071000
vn -0.525300 0.849200 -0.053400
vn -0.542300 0.837300 -0.068900
vn -0.551300 0.830300 -0.081600
vn -0.553500 0.827800 -0.091900
vn -0.553200 0.828100 -0.090400
vn -0.565600 0.820300 -0.084400
vn -0.579100 0.810400 -0.088100
vn -0.563500 0.820900 -0.093100
vn -0.575500 0.814000 -0.078900
vn -0.592300 0.801500 -0.082500
vn -0.550100 0.829300 -0.097800
vn -0.542300 0.834600 -0.097100
vn -0.530800 0.842700 -0.089300
vn -0.540500 0.837500 -0.080900
vn -0.516600 0.853100 -0.073100
vn -0.527100 0.847400 -0.063800
vn -0.551600 0.830700 -0.074800
vn -0.560900 0.824900 -0.070300
vn -0.539900 0.839700 -0.058700
vn -0.551700 0.832100 -0.056500
vn -0.688700 0.721300 -0.073400
vn -0.708900 0.701600 -0.071800
vn -0.623900 0.777700 -0.076800
vn -0.604400 0.793100 -0.074700
vn -0.732200 0.678000 -0.064400
vn -0.645000 0.760600 -0.073900
vn -0.590000 0.804500 -0.068200
vn -0.675300 0.734200 -0.070300
vn -0.583800 0.809800 -0.057400
vn -0.671600 0.738300 -0.062800
vn -0.830000 0.552700 -0.075600
vn -0.840400 0.536900 -0.074200
vn -0.827400 0.557100 -0.071000
vn -0.856000 0.512600 -0.066700
vn -0.873600 0.483800 -0.051800
vn -0.774000 0.631200 -0.049000
vn -0.679200 0.731100 -0.064600
vn -0.664200 0.744400 -0.068500
vn -0.754600 0.653900 -0.055000
vn -0.889800 0.454800 -0.035800
vn -0.903900 0.426900 -0.026200
vn -0.915900 0.400600 -0.024600
vn -0.789400 0.612000 -0.048100
vn -0.688500 0.722400 -0.063600
vn -0.503400 0.863100 -0.039500
vn -0.492500 0.869100 -0.045000
vn -0.529000 0.847500 -0.043700
vn -0.529500 0.847400 -0.037500
vn -0.562300 0.825400 -0.048900
vn -0.554200 0.831300 -0.040700
vn -0.480200 0.874700 -0.066000
vn -0.528500 0.846500 -0.064200
vn -0.571100 0.817800 -0.070500
vn -0.532600 0.845200 -0.043300
vn -0.514700 0.856100 -0.046700
vn -0.549900 0.834100 -0.043900
vn -0.500100 0.864100 -0.056700
vn -0.481600 0.874900 -0.050600
vn -0.460900 0.885600 -0.057900
vn -0.436700 0.895800 -0.082300
vn -0.441900 0.875600 -0.194700
vn -0.508900 0.836100 -0.204600
vn -0.524800 0.843700 -0.113000
vn -0.464900 0.878200 -0.112300
vn -0.565900 0.794500 -0.220200
vn -0.576100 0.808300 -0.121900
vn -0.408900 0.903500 -0.128500
vn -0.376900 0.904100 -0.201400
vn -0.336800 0.894000 -0.295400
vn -0.399900 0.863000 -0.308600
vn -0.285100 0.874800 -0.391800
vn -0.331800 0.839900 -0.429500
vn -0.465500 0.820000 -0.332800
vn -0.523400 0.773300 -0.357900
vn -0.385900 0.794100 -0.469600
vn -0.438600 0.743700 -0.504600
vn -0.727000 0.629200 -0.274700
vn -0.736700 0.656600 -0.161600
vn -0.637400 0.758100 -0.137600
vn -0.630800 0.737300 -0.242000
vn -0.725700 0.680500 -0.101600
vn -0.626800 0.774700 -0.082900
vn -0.588800 0.709100 -0.387800
vn -0.678300 0.595300 -0.430700
vn -0.500100 0.674200 -0.543300
vn -0.579600 0.557000 -0.594800
vn -0.782600 0.398700 -0.478100
vn -0.846200 0.432100 -0.311700
vn -0.667800 0.362800 -0.649900
vn -0.867500 0.460500 -0.188300
vn -0.864800 0.487000 -0.122100
vn -0.691700 0.719600 -0.060100
vn -0.597400 0.800500 -0.048100
vn -0.611700 0.788800 -0.059100
vn -0.708700 0.701500 -0.074500
vn -0.854400 0.511500 -0.091200
vn -0.842900 0.533100 -0.073400
vn -0.832800 0.549400 -0.067400
vn -0.678100 0.732700 -0.056800
vn -0.587000 0.808100 -0.048200
vt 0.973300 -0.527200
vt 0.986200 -0.559600
vt 1.068400 -0.561200
vt 1.054000 -0.528900
vt 1.150200 -0.563200
vt 1.134900 -0.531500
vt 0.999400 -0.591600
vt 1.082900 -0.592900
vt 1.165500 -0.594400
vt 1.040800 -0.496100
vt 0.961600 -0.494200
vt 1.030100 -0.462800
vt 0.952300 -0.460900
vt 1.120700 -0.499200
vt 1.108600 -0.465900
vt 0.882200 -0.493000
vt 0.892200 -0.525900
vt 0.802200 -0.492000
vt 0.810000 -0.524800
vt 0.874600 -0.459800
vt 0.796200 -0.459000
vt 0.903300 -0.558400
vt 0.914600 -0.590400
vt 0.819000 -0.557200
vt 0.828200 -0.589100
vt 1.021200 -0.653500
vt 1.107200 -0.654600
vt 1.096300 -0.624100
vt 1.011400 -0.622900
vt 1.191600 -0.655600
vt 1.179900 -0.625200
vt 0.925000 -0.621700
vt 0.933500 -0.652400
vt 0.836600 -0.620400
vt 0.843500 -0.651000
vt 0.938900 -0.682100
vt 1.027600 -0.683300
vt 0.940400 -0.711000
vt 1.029200 -0.712100
vt 0.848000 -0.680800
vt 0.849100 -0.709700
vt 1.114200 -0.684300
vt 1.199200 -0.685200
vt 1.116000 -0.713100
vt 1.201100 -0.713900
vt 1.357300 -0.657300
vt 1.344500 -0.627700
vt 1.262500 -0.626400
vt 1.274900 -0.656400
vt 1.329500 -0.598200
vt 1.247700 -0.596100
vt 1.282900 -0.685900
vt 1.365600 -0.686600
vt 1.284800 -0.714600
vt 1.367400 -0.715300
vt 1.447600 -0.687200
vt 1.439000 -0.658100
vt 1.529300 -0.687800
vt 1.520500 -0.658900
vt 1.449400 -0.715800
vt 1.531000 -0.716400
vt 1.426100 -0.628900
vt 1.411000 -0.600300
vt 1.507300 -0.630200
vt 1.492500 -0.602600
vt 1.299400 -0.540300
vt 1.216600 -0.535300
vt 1.232100 -0.565900
vt 1.314200 -0.569200
vt 1.396300 -0.572900
vt 1.383400 -0.546500
vt 1.478500 -0.576700
vt 1.468100 -0.553300
vt 1.373900 -0.521100
vt 1.285800 -0.510700
vt 1.361200 -0.491300
vt 1.272100 -0.478700
vt 1.464000 -0.533000
vt 1.468800 -0.516700
vt 1.201900 -0.503700
vt 1.188600 -0.470700
vt 1.015600 -0.766600
vt 1.001700 -0.792600
vt 1.084800 -0.793300
vt 1.100500 -0.767400
vt 1.166300 -0.793900
vt 1.183700 -0.768100
vt 0.984200 -0.817900
vt 1.065000 -0.818500
vt 1.144300 -0.819000
vt 1.111200 -0.740700
vt 1.025000 -0.739800
vt 1.195600 -0.741500
vt 0.936700 -0.738800
vt 0.928600 -0.765600
vt 0.846000 -0.737500
vt 0.839200 -0.764500
vt 0.916600 -0.791700
vt 0.901500 -0.817100
vt 0.829200 -0.790600
vt 0.816700 -0.816200
vt 0.941000 -0.867000
vt 1.016200 -0.867400
vt 1.041900 -0.843100
vt 0.963700 -0.842600
vt 1.090300 -0.867700
vt 1.118700 -0.843500
vt 0.883800 -0.842000
vt 0.864200 -0.866500
vt 0.802000 -0.841200
vt 0.785700 -0.865800
vt 0.843300 -0.890700
vt 0.916800 -0.891000
vt 0.821800 -0.914800
vt 0.891800 -0.915000
vt 0.768400 -0.890200
vt 0.750600 -0.914500
vt 0.988900 -0.891300
vt 1.060100 -0.891500
vt 0.960800 -0.915100
vt 1.028900 -0.915200
vt 1.235700 -0.868100
vt 1.269300 -0.844200
vt 1.194400 -0.843900
vt 1.163400 -0.867900
vt 1.299700 -0.819800
vt 1.222500 -0.819400
vt 1.130400 -0.891600
vt 1.200000 -0.891700
vt 1.096400 -0.915200
vt 1.163300 -0.915200
vt 1.269300 -0.891800
vt 1.307600 -0.868200
vt 1.338300 -0.891900
vt 1.379200 -0.868400
vt 1.229800 -0.915200
vt 1.296200 -0.915200
vt 1.343600 -0.844400
vt 1.376200 -0.820100
vt 1.417700 -0.844600
vt 1.452500 -0.820400
vt 1.346400 -0.769200
vt 1.265600 -0.768700
vt 1.246500 -0.794400
vt 1.325700 -0.794900
vt 1.404300 -0.795300
vt 1.426500 -0.769700
vt 1.482500 -0.795600
vt 1.506300 -0.770100
vt 1.442000 -0.743300
vt 1.360700 -0.742700
vt 1.522900 -0.743800
vt 1.278700 -0.742200
vt 0.298100 -0.514100
vt 0.291500 -0.546000
vt 0.379800 -0.548300
vt 0.383700 -0.516300
vt 0.468500 -0.550400
vt 0.469800 -0.518400
vt 0.284900 -0.577400
vt 0.375900 -0.579800
vt 0.467400 -0.582000
vt 0.387400 -0.484000
vt 0.304100 -0.481800
vt 0.390500 -0.451400
vt 0.309100 -0.449300
vt 0.471000 -0.486000
vt 0.472300 -0.453400
vt 0.221500 -0.479500
vt 0.213200 -0.511700
vt 0.140100 -0.476900
vt 0.129600 -0.509100
vt 0.228400 -0.446900
vt 0.148800 -0.444300
vt 0.204100 -0.543500
vt 0.194900 -0.574900
vt 0.118000 -0.540900
vt 0.106400 -0.572300
vt 0.273300 -0.638700
vt 0.368900 -0.641200
vt 0.372200 -0.610800
vt 0.278700 -0.608300
vt 0.465100 -0.643500
vt 0.466200 -0.613000
vt 0.186300 -0.605800
vt 0.178900 -0.636100
vt 0.095500 -0.603100
vt 0.086300 -0.633300
vt 0.173500 -0.665700
vt 0.269300 -0.668400
vt 0.170600 -0.694700
vt 0.267000 -0.697400
vt 0.079600 -0.662900
vt 0.076300 -0.691900
vt 0.366400 -0.670900
vt 0.464100 -0.673300
vt 0.364700 -0.699900
vt 0.463000 -0.702200
vt 0.656800 -0.647600
vt 0.653700 -0.617100
vt 0.560300 -0.615100
vt 0.561300 -0.645600
vt 0.649800 -0.585900
vt 0.558800 -0.584000
vt 0.561700 -0.675400
vt 0.658700 -0.677400
vt 0.561300 -0.704400
vt 0.658900 -0.706400
vt 0.754300 -0.679200
vt 0.751100 -0.649400
vt 0.755000 -0.708100
vt 0.746000 -0.618800
vt 0.739700 -0.587600
vt 0.641500 -0.521900
vt 0.555800 -0.520300
vt 0.557300 -0.552400
vt 0.645600 -0.554100
vt 0.733000 -0.555700
vt 0.726400 -0.523400
vt 0.720600 -0.490800
vt 0.638000 -0.489400
vt 0.716400 -0.457900
vt 0.635600 -0.456600
vt 0.554700 -0.487800
vt 0.554200 -0.455100
vt 0.268900 -0.753100
vt 0.272400 -0.780100
vt 0.365900 -0.782300
vt 0.364600 -0.755500
vt 0.460000 -0.784400
vt 0.461000 -0.757700
vt 0.277400 -0.806500
vt 0.367900 -0.808600
vt 0.459000 -0.810600
vt 0.364200 -0.728100
vt 0.267000 -0.725600
vt 0.462000 -0.730300
vt 0.171100 -0.723000
vt 0.174400 -0.750500
vt 0.077200 -0.720100
vt 0.081900 -0.747800
vt 0.180200 -0.777600
vt 0.188000 -0.804100
vt 0.089800 -0.774800
vt 0.100300 -0.801500
vt 0.290400 -0.858300
vt 0.373500 -0.860100
vt 0.370500 -0.834500
vt 0.283500 -0.832500
vt 0.457000 -0.861700
vt 0.458000 -0.836300
vt 0.197400 -0.830300
vt 0.208100 -0.856200
vt 0.113000 -0.827700
vt 0.127200 -0.853700
vt 0.219600 -0.881900
vt 0.297900 -0.883900
vt 0.231500 -0.907500
vt 0.305600 -0.909300
vt 0.142500 -0.879600
vt 0.158400 -0.905300
vt 0.376800 -0.885500
vt 0.456100 -0.886900
vt 0.380200 -0.910800
vt 0.455100 -0.912000
vt 0.623400 -0.864200
vt 0.632300 -0.839100
vt 0.545500 -0.837800
vt 0.540500 -0.863000
vt 0.640300 -0.813800
vt 0.550000 -0.812300
vt 0.535300 -0.888000
vt 0.614000 -0.888900
vt 0.529900 -0.912900
vt 0.604300 -0.913600
vt 0.691900 -0.889600
vt 0.705300 -0.865100
vt 0.678000 -0.914100
vt 0.718000 -0.840300
vt 0.729400 -0.815100
vt 0.652900 -0.761500
vt 0.557300 -0.759700
vt 0.554000 -0.786300
vt 0.647300 -0.787900
vt 0.739300 -0.789400
vt 0.747100 -0.763100
vt 0.752500 -0.736000
vt 0.656800 -0.734300
vt 0.559800 -0.732400
vt -0.360400 -0.500900
vt -0.378000 -0.529100
vt -0.295600 -0.529800
vt -0.277300 -0.500100
vt -0.213500 -0.531100
vt -0.195300 -0.500300
vt -0.396000 -0.557200
vt -0.314000 -0.559200
vt -0.231500 -0.561400
vt -0.259600 -0.469400
vt -0.343900 -0.472200
vt -0.243200 -0.437200
vt -0.327200 -0.441000
vt -0.178200 -0.468800
vt -0.163100 -0.436300
vt -0.432700 -0.478000
vt -0.444900 -0.502900
vt -0.523700 -0.485400
vt -0.530100 -0.505500
vt -0.417100 -0.449000
vt -0.526700 -0.468700
vt -0.460400 -0.528700
vt -0.477900 -0.555400
vt -0.542900 -0.528400
vt -0.559700 -0.553700
vt -0.429500 -0.615000
vt -0.346700 -0.618100
vt -0.331600 -0.588700
vt -0.413900 -0.586000
vt -0.263000 -0.621300
vt -0.248600 -0.591500
vt -0.495800 -0.583300
vt -0.511700 -0.611800
vt -0.577500 -0.580600
vt -0.593600 -0.608700
vt -0.523200 -0.640600
vt -0.440600 -0.644000
vt -0.527800 -0.669200
vt -0.445200 -0.672600
vt -0.605400 -0.637200
vt -0.610100 -0.665700
vt -0.357400 -0.647300
vt -0.273300 -0.650600
vt -0.361900 -0.676000
vt -0.277600 -0.679400
vt -0.091900 -0.627400
vt -0.079600 -0.597300
vt -0.164700 -0.594400
vt -0.178200 -0.624400
vt -0.065000 -0.566700
vt -0.148700 -0.563900
vt -0.187800 -0.653800
vt -0.100700 -0.657000
vt -0.192000 -0.682700
vt -0.104700 -0.685800
vt -0.011700 -0.660000
vt -0.003900 -0.630400
vt -0.015400 -0.688900
vt 0.007000 -0.600200
vt 0.019900 -0.569500
vt -0.033600 -0.503800
vt -0.114300 -0.501700
vt -0.131500 -0.533100
vt -0.049300 -0.535500
vt 0.033700 -0.538200
vt 0.047500 -0.506400
vt 0.060200 -0.474200
vt -0.019100 -0.471600
vt 0.070600 -0.441500
vt -0.006900 -0.438900
vt -0.098300 -0.469700
vt -0.084600 -0.437100
vt -0.429400 -0.728000
vt -0.411100 -0.754900
vt -0.331000 -0.758500
vt -0.347700 -0.731500
vt -0.250000 -0.762100
vt -0.265100 -0.735000
vt -0.387500 -0.781400
vt -0.309300 -0.785100
vt -0.230300 -0.788700
vt -0.358400 -0.704100
vt -0.441100 -0.700600
vt -0.274600 -0.707500
vt -0.523100 -0.697100
vt -0.510400 -0.724400
vt -0.604900 -0.693500
vt -0.591000 -0.720800
vt -0.490600 -0.751200
vt -0.465100 -0.777600
vt -0.569800 -0.747500
vt -0.542400 -0.773900
vt -0.328200 -0.833500
vt -0.254700 -0.837300
vt -0.283500 -0.811300
vt -0.359500 -0.807600
vt -0.180600 -0.841000
vt -0.206800 -0.815000
vt -0.434900 -0.803700
vt -0.401200 -0.829600
vt -0.510000 -0.799900
vt -0.474000 -0.825600
vt -0.365200 -0.855200
vt -0.294800 -0.859200
vt -0.328000 -0.880800
vt -0.260200 -0.884900
vt -0.435400 -0.851200
vt -0.395700 -0.876700
vt -0.223900 -0.863100
vt -0.152600 -0.866900
vt -0.192100 -0.888900
vt -0.123600 -0.892700
vt -0.029400 -0.847900
vt -0.050100 -0.821800
vt -0.129100 -0.818500
vt -0.105600 -0.844600
vt -0.068500 -0.795500
vt -0.150100 -0.792200
vt -0.080400 -0.870500
vt -0.007300 -0.873800
vt -0.054400 -0.896300
vt 0.015600 -0.899700
vt 0.067000 -0.876900
vt 0.048100 -0.851000
vt 0.086400 -0.902700
vt 0.030500 -0.824900
vt 0.014900 -0.798600
vt -0.095500 -0.741700
vt -0.181100 -0.738400
vt -0.167700 -0.765500
vt -0.083900 -0.768800
vt 0.001900 -0.771900
vt -0.008000 -0.744800
vt -0.013900 -0.717200
vt -0.102700 -0.714100
vt -0.189500 -0.710800
vt 1.415600 0.739600
vt 1.396700 0.766700
vt 1.315800 0.769800
vt 1.333100 0.742700
vt 1.234000 0.772700
vt 1.249700 0.745500
vt 1.372400 0.793400
vt 1.293500 0.796500
vt 1.213700 0.799400
vt 1.344200 0.714900
vt 1.427800 0.712000
vt 1.348100 0.686600
vt 1.432300 0.683700
vt 1.259600 0.717800
vt 1.263000 0.689400
vt 1.510700 0.708900
vt 1.497400 0.736600
vt 1.593300 0.705900
vt 1.579000 0.733400
vt 1.515800 0.680700
vt 1.599000 0.677700
vt 1.477100 0.763600
vt 1.450800 0.790200
vt 1.557100 0.760400
vt 1.528900 0.787000
vt 1.311600 0.845600
vt 1.237400 0.848800
vt 1.267000 0.822800
vt 1.343700 0.819700
vt 1.162600 0.851800
vt 1.189600 0.825700
vt 1.419800 0.816400
vt 1.385300 0.842400
vt 1.495700 0.813100
vt 1.458800 0.839000
vt 1.348500 0.868100
vt 1.277300 0.871400
vt 1.310400 0.893800
vt 1.241900 0.897200
vt 1.419400 0.864800
vt 1.378800 0.890400
vt 1.205800 0.874600
vt 1.133800 0.877600
vt 1.173200 0.900400
vt 1.104000 0.903400
vt 1.010200 0.857000
vt 1.031500 0.831000
vt 1.111200 0.828500
vt 1.086900 0.854600
vt 1.050500 0.804700
vt 1.132800 0.802200
vt 1.061000 0.880400
vt 0.987300 0.882900
vt 1.034200 0.906200
vt 0.963700 0.908600
vt 0.912600 0.885000
vt 0.932100 0.859200
vt 0.836500 0.886700
vt 0.852500 0.861000
vt 0.892400 0.910700
vt 0.820000 0.912300
vt 0.950400 0.833200
vt 0.966600 0.806900
vt 0.867500 0.835000
vt 0.880700 0.808800
vt 1.078700 0.750800
vt 1.165000 0.748300
vt 1.151000 0.775400
vt 1.066500 0.778000
vt 0.980200 0.780200
vt 0.990500 0.753000
vt 0.891800 0.782100
vt 0.900100 0.755000
vt 0.996900 0.725300
vt 1.086300 0.723000
vt 0.998600 0.696800
vt 1.088600 0.694600
vt 0.905200 0.727300
vt 0.906400 0.698900
vt 1.173800 0.720500
vt 1.176600 0.692100
vt 1.076000 0.635400
vt 1.063700 0.604800
vt 1.149600 0.602500
vt 1.163100 0.633000
vt 1.234300 0.600200
vt 1.248700 0.630500
vt 1.049000 0.573700
vt 1.133500 0.571500
vt 1.217200 0.569600
vt 1.172600 0.662900
vt 1.084700 0.665300
vt 1.258800 0.660200
vt 0.995100 0.667600
vt 0.987300 0.637700
vt 0.903200 0.669700
vt 0.896600 0.639700
vt 0.976400 0.607100
vt 0.963400 0.575800
vt 0.887300 0.609100
vt 0.876400 0.577900
vt 1.017400 0.509800
vt 1.098900 0.508200
vt 1.116200 0.540100
vt 1.033200 0.542000
vt 1.180800 0.507300
vt 1.199000 0.538700
vt 0.949500 0.544100
vt 0.935600 0.511800
vt 0.864600 0.546200
vt 0.853000 0.514000
vt 0.922900 0.479200
vt 1.002800 0.477100
vt 0.912500 0.446100
vt 0.990700 0.444000
vt 0.842400 0.481400
vt 0.833700 0.448500
vt 1.082800 0.475700
vt 1.163600 0.475300
vt 1.069100 0.442600
vt 1.148500 0.442300
vt 1.347800 0.508900
vt 1.365500 0.537600
vt 1.282100 0.537900
vt 1.263700 0.507600
vt 1.383600 0.566300
vt 1.300500 0.567800
vt 1.246000 0.476300
vt 1.331300 0.479600
vt 1.229600 0.443600
vt 1.314600 0.447900
vt 1.421300 0.486000
vt 1.433400 0.511400
vt 1.513500 0.493900
vt 1.519700 0.514500
vt 1.405600 0.456400
vt 1.516600 0.476900
vt 1.448900 0.537700
vt 1.466400 0.565000
vt 1.532500 0.537900
vt 1.549200 0.563700
vt 1.417000 0.625200
vt 1.333200 0.627800
vt 1.318200 0.597900
vt 1.401400 0.595600
vt 1.484300 0.593400
vt 1.500100 0.622400
vt 1.566900 0.591100
vt 1.583000 0.619700
vt 1.511400 0.651700
vt 1.428000 0.654600
vt 1.594600 0.648800
vt 1.343900 0.657500
vt 0.355300 0.863900
vt 0.347100 0.838800
vt 0.433900 0.838800
vt 0.438200 0.864100
vt 0.521400 0.838600
vt 0.521700 0.864100
vt 0.339700 0.813400
vt 0.429900 0.813200
vt 0.521000 0.812900
vt 0.442800 0.889200
vt 0.364100 0.888800
vt 0.447400 0.914100
vt 0.373100 0.913600
vt 0.522000 0.889300
vt 0.522300 0.914400
vt 0.286400 0.888300
vt 0.273600 0.863600
vt 0.210000 0.887800
vt 0.193400 0.863200
vt 0.299500 0.912900
vt 0.227100 0.912200
vt 0.261600 0.838700
vt 0.250800 0.813400
vt 0.177800 0.838500
vt 0.163800 0.813300
vt 0.328100 0.761000
vt 0.423600 0.760600
vt 0.426500 0.787200
vt 0.333300 0.787500
vt 0.520000 0.759900
vt 0.520500 0.786700
vt 0.241500 0.787700
vt 0.234100 0.761400
vt 0.151800 0.787700
vt 0.142300 0.761600
vt 0.229200 0.734400
vt 0.324600 0.733900
vt 0.226900 0.706500
vt 0.322800 0.706000
vt 0.136000 0.734700
vt 0.133200 0.707000
vt 0.421500 0.733300
vt 0.519300 0.732600
vt 0.420300 0.705300
vt 0.518500 0.704400
vt 0.712400 0.758000
vt 0.708400 0.785000
vt 0.614700 0.785900
vt 0.616400 0.759100
vt 0.702900 0.811400
vt 0.612200 0.812300
vt 0.617300 0.731600
vt 0.714700 0.730400
vt 0.617000 0.703400
vt 0.714900 0.702100
vt 0.810900 0.729000
vt 0.807200 0.756700
vt 0.811600 0.700600
vt 0.801000 0.783700
vt 0.792600 0.810300
vt 0.688700 0.863200
vt 0.605300 0.863800
vt 0.609000 0.838200
vt 0.696200 0.837500
vt 0.782600 0.836400
vt 0.771200 0.862300
vt 0.759100 0.887900
vt 0.680600 0.888700
vt 0.746500 0.913500
vt 0.672100 0.914100
vt 0.601400 0.889200
vt 0.597300 0.914400
vt 0.325100 0.647500
vt 0.328200 0.617200
vt 0.421500 0.616300
vt 0.420500 0.646700
vt 0.515500 0.615200
vt 0.516600 0.645700
vt 0.332000 0.586200
vt 0.422800 0.585200
vt 0.514300 0.584100
vt 0.420000 0.676400
vt 0.323100 0.677200
vt 0.517600 0.675400
vt 0.227700 0.677800
vt 0.231000 0.648200
vt 0.134500 0.678300
vt 0.139000 0.648800
vt 0.236100 0.617900
vt 0.242400 0.587000
vt 0.145900 0.618600
vt 0.154300 0.587700
vt 0.340200 0.522700
vt 0.425700 0.521700
vt 0.424300 0.553700
vt 0.336200 0.554700
vt 0.511800 0.520500
vt 0.513000 0.552600
vt 0.249100 0.555500
vt 0.255600 0.523500
vt 0.163400 0.556100
vt 0.172400 0.524200
vt 0.261300 0.491100
vt 0.343700 0.490300
vt 0.265600 0.458500
vt 0.346100 0.457700
vt 0.180200 0.491800
vt 0.186200 0.459100
vt 0.426800 0.489400
vt 0.510500 0.488200
vt 0.427400 0.456700
vt 0.509200 0.455500
vt 0.683800 0.517700
vt 0.690400 0.549800
vt 0.601900 0.551200
vt 0.597900 0.519200
vt 0.697100 0.581400
vt 0.605900 0.582900
vt 0.594200 0.486800
vt 0.677700 0.485200
vt 0.591000 0.454100
vt 0.672600 0.452400
vt 0.760500 0.483400
vt 0.768900 0.515900
vt 0.753700 0.450600
vt 0.778100 0.548100
vt 0.787400 0.579800
vt 0.708700 0.643100
vt 0.612900 0.644500
vt 0.609600 0.614000
vt 0.703400 0.612600
vt 0.796100 0.610900
vt 0.803500 0.641500
vt 0.808900 0.671400
vt 0.712800 0.673000
vt 0.615400 0.674300
vt -0.253500 0.860000
vt -0.286200 0.836100
vt -0.212000 0.836600
vt -0.181800 0.860600
vt -0.136900 0.837000
vt -0.109300 0.861200
vt -0.315800 0.811800
vt -0.239300 0.812100
vt -0.161900 0.812500
vt -0.149600 0.884400
vt -0.218700 0.883700
vt -0.116500 0.908100
vt -0.182800 0.907200
vt -0.079900 0.885100
vt -0.049600 0.909000
vt -0.287300 0.883000
vt -0.324700 0.859400
vt -0.355700 0.882200
vt -0.395700 0.858800
vt -0.248800 0.906400
vt -0.314600 0.905500
vt -0.359900 0.835600
vt -0.391600 0.811400
vt -0.433200 0.835100
vt -0.467200 0.811100
vt -0.361100 0.761500
vt -0.281100 0.761600
vt -0.262600 0.787200
vt -0.341100 0.786900
vt -0.200000 0.761700
vt -0.183200 0.787400
vt -0.418900 0.786700
vt -0.440500 0.761300
vt -0.496300 0.786400
vt -0.519400 0.761100
vt -0.455300 0.735100
vt -0.374800 0.735200
vt -0.462200 0.708000
vt -0.381100 0.708000
vt -0.535400 0.735100
vt -0.542900 0.708000
vt -0.293600 0.735200
vt -0.211400 0.735200
vt -0.299300 0.708000
vt -0.216400 0.707900
vt -0.033100 0.761700
vt -0.019800 0.787700
vt -0.102300 0.787600
vt -0.117400 0.761700
vt -0.002800 0.813000
vt -0.083100 0.812700
vt -0.127600 0.735200
vt -0.042100 0.735100
vt -0.132100 0.707800
vt -0.046000 0.707600
vt 0.045700 0.734900
vt 0.053400 0.761700
vt 0.042300 0.707300
vt 0.064800 0.787700
vt 0.079400 0.813200
vt 0.039000 0.862300
vt -0.035800 0.861800
vt -0.060700 0.837400
vt 0.017000 0.837800
vt 0.096400 0.838200
vt 0.115300 0.862800
vt 0.135400 0.887100
vt 0.062400 0.886500
vt 0.156200 0.911400
vt 0.086600 0.910600
vt -0.009300 0.885800
vt 0.018000 0.909800
vt -0.370500 0.650900
vt -0.357600 0.621800
vt -0.276500 0.621100
vt -0.289000 0.650600
vt -0.194700 0.620500
vt -0.206600 0.650400
vt -0.342500 0.592900
vt -0.261600 0.591400
vt -0.180300 0.590200
vt -0.297200 0.679700
vt -0.379000 0.679800
vt -0.214300 0.679500
vt -0.460100 0.679900
vt -0.451300 0.651200
vt -0.540900 0.679900
vt -0.531900 0.651500
vt -0.438200 0.622600
vt -0.423100 0.594500
vt -0.518500 0.623300
vt -0.503500 0.596200
vt -0.312300 0.536100
vt -0.230500 0.531700
vt -0.246000 0.561800
vt -0.327100 0.564500
vt -0.149700 0.528500
vt -0.165000 0.559600
vt -0.408300 0.567600
vt -0.395300 0.541800
vt -0.489400 0.570900
vt -0.478900 0.548000
vt -0.385600 0.516900
vt -0.298700 0.507200
vt -0.372900 0.487700
vt -0.285000 0.475700
vt -0.474600 0.528200
vt -0.479200 0.512300
vt -0.215800 0.500800
vt -0.135500 0.496700
vt -0.202500 0.468300
vt -0.123400 0.464000
vt 0.010300 0.525300
vt -0.002600 0.557300
vt -0.084000 0.558200
vt -0.069600 0.526500
vt -0.015700 0.588700
vt -0.098500 0.589400
vt -0.056500 0.494300
vt 0.022000 0.492900
vt -0.045800 0.461400
vt 0.031300 0.460000
vt 0.100700 0.492200
vt 0.090800 0.524700
vt 0.108300 0.459400
vt 0.079700 0.556700
vt 0.068400 0.588200
vt -0.037600 0.649700
vt -0.122900 0.650100
vt -0.111900 0.620000
vt -0.027800 0.619600
vt 0.058000 0.619100
vt 0.049500 0.649300
vt 0.044000 0.678700
vt -0.044100 0.679100
vt -0.130100 0.679300
vt 0.065400 1.767100
vt 0.077600 1.735500
vt 0.145100 1.730000
vt 0.132700 1.761800
vt 0.210500 1.724000
vt 0.198200 1.756000
vt 0.089100 1.702900
vt 0.157000 1.697300
vt 0.222300 1.691200
vt 0.119900 1.793100
vt 0.052900 1.798100
vt 0.106800 1.824100
vt 0.040200 1.828800
vt 0.185500 1.787600
vt 0.172500 1.818900
vt -0.015700 1.802500
vt -0.003900 1.771800
vt -0.086200 1.806200
vt -0.075800 1.775600
vt -0.027600 1.833000
vt -0.096700 1.836400
vt 0.007400 1.740300
vt 0.018200 1.707800
vt -0.065800 1.744300
vt -0.056200 1.711900
vt 0.109600 1.633800
vt 0.178000 1.628400
vt 0.168000 1.663600
vt 0.099900 1.669100
vt 0.243100 1.622500
vt 0.233200 1.657500
vt 0.028300 1.674000
vt 0.037400 1.638500
vt -0.047300 1.678100
vt -0.039300 1.642400
vt 0.045400 1.601000
vt 0.118200 1.596600
vt 0.052200 1.561000
vt 0.125400 1.557200
vt -0.032200 1.604600
vt -0.026300 1.564300
vt 0.186700 1.591600
vt 0.251800 1.586100
vt 0.194100 1.552800
vt 0.259100 1.548000
vt 0.366300 1.609500
vt 0.357300 1.644000
vt 0.296100 1.650900
vt 0.305700 1.616200
vt 0.347300 1.677600
vt 0.285500 1.684600
vt 0.314100 1.580200
vt 0.374300 1.574000
vt 0.321100 1.542800
vt 0.380900 1.537400
vt 0.433000 1.567600
vt 0.425700 1.602600
vt 0.491100 1.561100
vt 0.484400 1.595600
vt 0.439200 1.531800
vt 0.496800 1.526000
vt 0.417300 1.636800
vt 0.408000 1.670500
vt 0.476700 1.629600
vt 0.468200 1.663200
vt 0.325300 1.743200
vt 0.262300 1.749800
vt 0.274200 1.717500
vt 0.336600 1.710700
vt 0.398100 1.703600
vt 0.387600 1.736400
vt 0.459100 1.696400
vt 0.449600 1.729500
vt 0.376800 1.768900
vt 0.313700 1.775400
vt 0.365800 1.801400
vt 0.301800 1.807400
vt 0.439700 1.762400
vt 0.429600 1.795200
vt 0.250000 1.781600
vt 0.237500 1.813300
vt 0.134900 1.471600
vt 0.137300 1.426700
vt 0.206300 1.425400
vt 0.203900 1.469200
vt 0.271200 1.424000
vt 0.268800 1.466500
vt 0.138100 1.381100
vt 0.207100 1.381100
vt 0.272000 1.381100
vt 0.199800 1.511800
vt 0.130900 1.515400
vt 0.264800 1.508000
vt 0.057400 1.518400
vt 0.061100 1.473800
vt -0.021600 1.521000
vt -0.018300 1.475600
vt 0.063300 1.427800
vt 0.064100 1.381100
vt -0.016400 1.428700
vt -0.015700 1.381100
vt 0.134900 1.290600
vt 0.203900 1.293000
vt 0.206300 1.336800
vt 0.137300 1.335500
vt 0.268800 1.295700
vt 0.271200 1.338200
vt 0.063300 1.334400
vt 0.061100 1.288400
vt -0.016400 1.333500
vt -0.018300 1.286600
vt 0.057400 1.243800
vt 0.130900 1.246900
vt 0.052200 1.201200
vt 0.125400 1.205000
vt -0.021600 1.241200
vt -0.026300 1.198000
vt 0.199800 1.250400
vt 0.264800 1.254200
vt 0.194100 1.209400
vt 0.259100 1.214200
vt 0.389800 1.301700
vt 0.392000 1.341200
vt 0.332800 1.339700
vt 0.330500 1.298600
vt 0.392700 1.381100
vt 0.333600 1.381100
vt 0.326600 1.258400
vt 0.386100 1.262800
vt 0.321100 1.219400
vt 0.380900 1.224800
vt 0.444000 1.267300
vt 0.447400 1.304800
vt 0.501200 1.271800
vt 0.504300 1.308000
vt 0.439200 1.230500
vt 0.496800 1.236200
vt 0.449500 1.342800
vt 0.450200 1.381100
vt 0.506200 1.344500
vt 0.506800 1.381100
vt 0.389800 1.460600
vt 0.330500 1.463600
vt 0.332800 1.422600
vt 0.392000 1.421000
vt 0.449500 1.419400
vt 0.447400 1.457400
vt 0.506200 1.417700
vt 0.504300 1.454200
vt 0.444000 1.495000
vt 0.386100 1.499500
vt 0.501200 1.490400
vt 0.326600 1.503800
vt 0.325300 1.019000
vt 0.336600 1.051600
vt 0.274200 1.044700
vt 0.262300 1.012500
vt 0.210500 1.038200
vt 0.198200 1.006200
vt 0.347300 1.084600
vt 0.285500 1.077600
vt 0.222300 1.071000
vt 0.250000 0.980600
vt 0.313700 0.986800
vt 0.237500 0.948900
vt 0.301800 0.954800
vt 0.185500 0.974600
vt 0.172500 0.943300
vt 0.376800 0.993300
vt 0.387600 1.025800
vt 0.439700 0.999800
vt 0.449600 1.032700
vt 0.365800 0.960900
vt 0.429600 0.967000
vt 0.398100 1.058600
vt 0.408000 1.091800
vt 0.459100 1.065800
vt 0.468200 1.099000
vt 0.366300 1.152700
vt 0.305700 1.146100
vt 0.296100 1.111300
vt 0.357300 1.118200
vt 0.243100 1.139700
vt 0.233200 1.104800
vt 0.417300 1.125400
vt 0.425700 1.159600
vt 0.476700 1.132700
vt 0.484400 1.166700
vt 0.433000 1.194600
vt 0.374300 1.188200
vt 0.491100 1.201100
vt 0.314100 1.182000
vt 0.251800 1.176100
vt 0.109600 1.128400
vt 0.099900 1.093100
vt 0.168000 1.098600
vt 0.178000 1.133800
vt 0.089100 1.059300
vt 0.157000 1.064900
vt 0.186700 1.170600
vt 0.118200 1.165600
vt 0.045400 1.161300
vt 0.037400 1.123700
vt -0.032200 1.157600
vt -0.039300 1.119800
vt 0.028300 1.088200
vt 0.018200 1.054400
vt -0.047300 1.084100
vt -0.056200 1.050300
vt 0.065400 0.995100
vt 0.132700 1.000400
vt 0.145100 1.032200
vt 0.077600 1.026700
vt 0.007400 1.021900
vt -0.003900 0.990500
vt -0.065800 1.017900
vt -0.075800 0.986600
vt -0.015700 0.959700
vt 0.052900 0.964100
vt -0.027600 0.929200
vt 0.040200 0.933400
vt -0.086200 0.956000
vt -0.096700 0.925800
vt 0.119900 0.969100
vt 0.106800 0.938100
vt -0.541800 1.780800
vt -0.547400 1.749700
vt -0.466400 1.751000
vt -0.463500 1.782100
vt -0.384600 1.751500
vt -0.384600 1.782500
vt -0.552800 1.717400
vt -0.469200 1.718800
vt -0.384600 1.719200
vt -0.460500 1.812400
vt -0.535900 1.811100
vt -0.457500 1.842200
vt -0.530000 1.841100
vt -0.384600 1.812800
vt -0.384600 1.842600
vt -0.610300 1.809100
vt -0.618600 1.778700
vt -0.682900 1.806200
vt -0.693300 1.775600
vt -0.601800 1.839100
vt -0.672400 1.836400
vt -0.626700 1.747500
vt -0.634400 1.715100
vt -0.703400 1.744300
vt -0.712900 1.711900
vt -0.562400 1.647700
vt -0.474100 1.649000
vt -0.471800 1.684900
vt -0.557800 1.683500
vt -0.384600 1.649500
vt -0.384600 1.685400
vt -0.641500 1.681300
vt -0.648000 1.645500
vt -0.721800 1.678100
vt -0.729900 1.642400
vt -0.653700 1.607500
vt -0.566300 1.609500
vt -0.658500 1.566800
vt -0.569700 1.568500
vt -0.737000 1.604600
vt -0.742900 1.564300
vt -0.476200 1.610700
vt -0.384600 1.611100
vt -0.477900 1.569600
vt -0.384600 1.570000
vt -0.206800 1.647700
vt -0.211300 1.683500
vt -0.297400 1.684900
vt -0.295000 1.649000
vt -0.216300 1.717400
vt -0.299900 1.718800
vt -0.293000 1.610700
vt -0.202800 1.609500
vt -0.291300 1.569600
vt -0.199500 1.568500
vt -0.115400 1.607500
vt -0.121100 1.645500
vt -0.110600 1.566800
vt -0.127600 1.681300
vt -0.134800 1.715100
vt -0.227400 1.780800
vt -0.305600 1.782100
vt -0.302700 1.751000
vt -0.221700 1.749700
vt -0.142400 1.747500
vt -0.150500 1.778700
vt -0.158900 1.809100
vt -0.233200 1.811100
vt -0.167400 1.839100
vt -0.239100 1.841100
vt -0.308600 1.812400
vt -0.311700 1.842200
vt -0.574100 1.478000
vt -0.575200 1.429900
vt -0.480700 1.430200
vt -0.480200 1.478600
vt -0.384600 1.430300
vt -0.384600 1.478800
vt -0.575600 1.381100
vt -0.480900 1.381100
vt -0.384600 1.381100
vt -0.479200 1.525300
vt -0.572300 1.524400
vt -0.384600 1.525600
vt -0.662200 1.523000
vt -0.664900 1.477000
vt -0.747500 1.521000
vt -0.750800 1.475600
vt -0.666500 1.429400
vt -0.667000 1.381100
vt -0.752800 1.428700
vt -0.753400 1.381100
vt -0.574100 1.284200
vt -0.480200 1.283600
vt -0.480700 1.332000
vt -0.575200 1.332300
vt -0.384600 1.283400
vt -0.384600 1.331900
vt -0.666500 1.332800
vt -0.664900 1.285200
vt -0.752800 1.333500
vt -0.750800 1.286600
vt -0.662200 1.239200
vt -0.572300 1.237800
vt -0.658500 1.195500
vt -0.569700 1.193700
vt -0.747500 1.241200
vt -0.742900 1.198000
vt -0.479200 1.236900
vt -0.384600 1.236600
vt -0.477900 1.192600
vt -0.384600 1.192200
vt -0.195000 1.284200
vt -0.193900 1.332300
vt -0.288400 1.332000
vt -0.289000 1.283600
vt -0.193500 1.381100
vt -0.288200 1.381100
vt -0.289900 1.236900
vt -0.196900 1.237800
vt -0.291300 1.192600
vt -0.199500 1.193700
vt -0.106900 1.239200
vt -0.104300 1.285200
vt -0.110600 1.195500
vt -0.102700 1.332800
vt -0.102100 1.381100
vt -0.195000 1.478000
vt -0.289000 1.478600
vt -0.288400 1.430200
vt -0.193900 1.429900
vt -0.102700 1.429400
vt -0.104300 1.477000
vt -0.106900 1.523000
vt -0.196900 1.524400
vt -0.289900 1.525300
vt -0.562400 1.114500
vt -0.557800 1.078700
vt -0.471800 1.077300
vt -0.474100 1.113200
vt -0.384600 1.076900
vt -0.384600 1.112800
vt -0.552800 1.044800
vt -0.469200 1.043400
vt -0.384600 1.043000
vt -0.476200 1.151500
vt -0.566300 1.152700
vt -0.384600 1.151100
vt -0.653700 1.154700
vt -0.648000 1.116700
vt -0.737000 1.157600
vt -0.729900 1.119800
vt -0.641500 1.080900
vt -0.634400 1.047100
vt -0.721800 1.084100
vt -0.712900 1.050300
vt -0.541800 0.981400
vt -0.463500 0.980100
vt -0.466400 1.011200
vt -0.547400 1.012500
vt -0.384600 0.979700
vt -0.384600 1.010700
vt -0.626700 1.014800
vt -0.618600 0.983600
vt -0.703400 1.017900
vt -0.693300 0.986600
vt -0.610300 0.953100
vt -0.535900 0.951100
vt -0.601800 0.923100
vt -0.530000 0.921200
vt -0.682900 0.956000
vt -0.672400 0.925800
vt -0.460500 0.949900
vt -0.384600 0.949400
vt -0.457500 0.920000
vt -0.384600 0.919600
vt -0.227400 0.981400
vt -0.221700 1.012500
vt -0.302700 1.011200
vt -0.305600 0.980100
vt -0.216300 1.044800
vt -0.299900 1.043400
vt -0.308600 0.949900
vt -0.233200 0.951100
vt -0.311700 0.920000
vt -0.239100 0.921200
vt -0.158900 0.953100
vt -0.150500 0.983600
vt -0.167400 0.923100
vt -0.142400 1.014800
vt -0.134800 1.047100
vt -0.206800 1.114500
vt -0.295000 1.113200
vt -0.297400 1.077300
vt -0.211300 1.078700
vt -0.127600 1.080900
vt -0.121100 1.116700
vt -0.115400 1.154700
vt -0.202800 1.152700
vt -0.293000 1.151500
vt -1.094400 1.743200
vt -1.105700 1.710700
vt -1.043300 1.717500
vt -1.031400 1.749800
vt -0.979700 1.724000
vt -0.967300 1.756000
vt -1.116400 1.677600
vt -1.054700 1.684600
vt -0.991400 1.691200
vt -1.019100 1.781600
vt -1.082800 1.775400
vt -1.006600 1.813300
vt -1.071000 1.807400
vt -0.954600 1.787600
vt -0.941700 1.818900
vt -1.145900 1.768900
vt -1.156700 1.736400
vt -1.208800 1.762400
vt -1.218700 1.729500
vt -1.135000 1.801400
vt -1.198800 1.795200
vt -1.167200 1.703600
vt -1.177100 1.670500
vt -1.228300 1.696400
vt -1.237400 1.663200
vt -1.135400 1.609500
vt -1.074800 1.616200
vt -1.065200 1.650900
vt -1.126400 1.644000
vt -1.012200 1.622500
vt -1.002300 1.657500
vt -1.186400 1.636800
vt -1.194800 1.602600
vt -1.245800 1.629600
vt -1.253500 1.595600
vt -1.202200 1.567600
vt -1.143400 1.574000
vt -1.208300 1.531800
vt -1.150000 1.537400
vt -1.260300 1.561100
vt -1.265900 1.526000
vt -1.083200 1.580200
vt -1.020900 1.586100
vt -1.090200 1.542800
vt -1.028200 1.548000
vt -0.878800 1.633800
vt -0.869000 1.669100
vt -0.937100 1.663600
vt -0.947100 1.628400
vt -0.858300 1.702900
vt -0.926100 1.697400
vt -0.955900 1.591600
vt -0.887300 1.596600
vt -0.963200 1.552800
vt -0.894500 1.557200
vt -0.814600 1.601000
vt -0.806600 1.638500
vt -0.821300 1.561000
vt -0.797400 1.674000
vt -0.787400 1.707800
vt -0.834600 1.767100
vt -0.901800 1.761800
vt -0.914300 1.730000
vt -0.846700 1.735500
vt -0.776600 1.740300
vt -0.765200 1.771800
vt -0.753400 1.802500
vt -0.822000 1.798100
vt -0.741500 1.833000
vt -0.809300 1.828800
vt -0.889000 1.793100
vt -0.875900 1.824100
vt -1.158900 1.460600
vt -1.161100 1.421000
vt -1.102000 1.422600
vt -1.099600 1.463600
vt -1.040400 1.424000
vt -1.037900 1.466500
vt -1.161900 1.381100
vt -1.102800 1.381100
vt -1.041200 1.381100
vt -1.095700 1.503800
vt -1.155200 1.499500
vt -1.033900 1.508000
vt -1.213100 1.495000
vt -1.216600 1.457400
vt -1.270300 1.490400
vt -1.273400 1.454200
vt -1.218600 1.419400
vt -1.219300 1.381100
vt -1.275300 1.417700
vt -1.275900 1.381100
vt -1.158900 1.301700
vt -1.099600 1.298600
vt -1.102000 1.339700
vt -1.161100 1.341200
vt -1.037900 1.295700
vt -1.040400 1.338200
vt -1.218600 1.342800
vt -1.216600 1.304800
vt -1.275300 1.344500
vt -1.273400 1.308000
vt -1.213100 1.267300
vt -1.155200 1.262800
vt -1.208300 1.230500
vt -1.150000 1.224800
vt -1.270300 1.271800
vt -1.265900 1.236200
vt -1.095700 1.258400
vt -1.033900 1.254200
vt -1.090200 1.219400
vt -1.028200 1.214200
vt -0.904000 1.290600
vt -0.906400 1.335500
vt -0.975400 1.336800
vt -0.973000 1.293000
vt -0.907200 1.381100
vt -0.976300 1.381100
vt -0.968900 1.250400
vt -0.900100 1.246900
vt -0.963200 1.209400
vt -0.894500 1.205000
vt -0.826500 1.243800
vt -0.830200 1.288400
vt -0.821300 1.201200
vt -0.832500 1.334400
vt -0.833200 1.381100
vt -0.904000 1.471600
vt -0.973000 1.469200
vt -0.975400 1.425400
vt -0.906400 1.426700
vt -0.832500 1.427800
vt -0.830200 1.473800
vt -0.826500 1.518400
vt -0.900100 1.515400
vt -0.968900 1.511800
vt -1.135400 1.152700
vt -1.126400 1.118200
vt -1.065200 1.111300
vt -1.074800 1.146100
vt -1.002300 1.104800
vt -1.012200 1.139700
vt -1.116400 1.084600
vt -1.054700 1.077600
vt -0.991400 1.071000
vt -1.083200 1.182000
vt -1.143400 1.188200
vt -1.020900 1.176100
vt -1.202200 1.194600
vt -1.194800 1.159600
vt -1.260300 1.201100
vt -1.253500 1.166700
vt -1.186400 1.125400
vt -1.177100 1.091800
vt -1.245800 1.132600
vt -1.237400 1.099000
vt -1.094400 1.019000
vt -1.031400 1.012500
vt -1.043300 1.044700
vt -1.105700 1.051600
vt -0.967300 1.006200
vt -0.979700 1.038200
vt -1.167200 1.058600
vt -1.156700 1.025800
vt -1.228300 1.065800
vt -1.218700 1.032700
vt -1.145900 0.993300
vt -1.082800 0.986800
vt -1.135000 0.960900
vt -1.071000 0.954800
vt -1.208800 0.999800
vt -1.198800 0.967000
vt -1.019100 0.980600
vt -0.954600 0.974600
vt -1.006600 0.948900
vt -0.941700 0.943300
vt -0.834600 0.995100
vt -0.846700 1.026700
vt -0.914300 1.032200
vt -0.901800 1.000400
vt -0.858300 1.059300
vt -0.926100 1.064900
vt -0.889000 0.969100
vt -0.822000 0.964100
vt -0.875900 0.938100
vt -0.809300 0.933400
vt -0.753400 0.959700
vt -0.765200 0.990500
vt -0.741500 0.929200
vt -0.776600 1.021900
vt -0.787400 1.054400
vt -0.878800 1.128400
vt -0.947100 1.133800
vt -0.937100 1.098600
vt -0.869000 1.093100
vt -0.797400 1.088200
vt -0.806600 1.123700
vt -0.814600 1.161300
vt -0.887300 1.165600
vt -0.955900 1.170600
vt 0.976600 0.376300
vt 0.973700 0.341700
vt 1.047500 0.339000
vt 1.051900 0.374200
vt 1.120900 0.336900
vt 1.127200 0.372900
vt 0.972800 0.306300
vt 1.045500 0.303200
vt 1.117100 0.300400
vt 1.058900 0.408700
vt 0.982100 0.410400
vt 1.136400 0.408100
vt 0.905300 0.412700
vt 0.900900 0.378900
vt 0.827800 0.415200
vt 0.824300 0.381600
vt 0.898800 0.344600
vt 0.898500 0.309500
vt 0.822700 0.347400
vt 0.822500 0.312500
vt 0.975000 0.233200
vt 1.046600 0.229600
vt 1.045500 0.266800
vt 0.973400 0.270200
vt 1.116400 0.226100
vt 1.115900 0.263500
vt 0.899400 0.273500
vt 0.901100 0.236600
vt 0.823400 0.276700
vt 0.825000 0.239900
vt 0.903100 0.198600
vt 0.976900 0.195200
vt 0.904700 0.159400
vt 0.978700 0.156100
vt 0.826600 0.201800
vt 0.828000 0.162500
vt 1.048400 0.191700
vt 1.117700 0.188100
vt 1.050100 0.152700
vt 1.119200 0.149300
vt 1.250600 0.219500
vt 1.252200 0.257700
vt 1.184800 0.260400
vt 1.184300 0.222700
vt 1.256900 0.296000
vt 1.187800 0.298000
vt 1.185100 0.184600
vt 1.250700 0.181400
vt 1.186200 0.146000
vt 1.251500 0.142900
vt 1.314800 0.178400
vt 1.315300 0.216700
vt 1.377600 0.175900
vt 1.378500 0.214200
vt 1.315300 0.140000
vt 1.377700 0.137500
vt 1.317800 0.255200
vt 1.323900 0.294100
vt 1.381600 0.253000
vt 1.388200 0.292400
vt 1.278800 0.373500
vt 1.203300 0.372700
vt 1.194000 0.335600
vt 1.265700 0.334700
vt 1.334800 0.334000
vt 1.352600 0.375000
vt 1.399900 0.332900
vt 1.420100 0.375600
vt 1.379500 0.417600
vt 1.296100 0.411900
vt 1.452500 0.421400
vt 1.215200 0.408900
vt 0.979800 0.074500
vt 0.979200 0.032700
vt 1.050500 0.030600
vt 1.051100 0.071900
vt 1.119300 0.028500
vt 1.119900 0.069300
vt 0.977900 -0.009400
vt 1.049100 -0.011000
vt 1.117900 -0.012500
vt 1.051000 0.112700
vt 0.979600 0.115800
vt 1.119900 0.109600
vt 0.905600 0.118800
vt 0.905800 0.077100
vt 0.828700 0.121600
vt 0.828700 0.079600
vt 0.905100 0.034800
vt 0.903800 -0.007800
vt 0.827900 0.036900
vt 0.826500 -0.006100
vt 0.972900 -0.093300
vt 1.044200 -0.093800
vt 1.047100 -0.052600
vt 0.975800 -0.051500
vt 1.113000 -0.094200
vt 1.115800 -0.053500
vt 0.901700 -0.050400
vt 0.898800 -0.092700
vt 0.824500 -0.049200
vt 0.821700 -0.091800
vt 0.895300 -0.134200
vt 0.969400 -0.134400
vt 0.891100 -0.174600
vt 0.965000 -0.174500
vt 0.818300 -0.133700
vt 0.814300 -0.174400
vt 1.040700 -0.134500
vt 1.109600 -0.134400
vt 1.036400 -0.174300
vt 1.105500 -0.173900
vt 1.244300 -0.095000
vt 1.246900 -0.055300
vt 1.182300 -0.054400
vt 1.179700 -0.094600
vt 1.249000 -0.015400
vt 1.184400 -0.014000
vt 1.176400 -0.134400
vt 1.241200 -0.134400
vt 1.172400 -0.173600
vt 1.237500 -0.173300
vt 1.304400 -0.134500
vt 1.307400 -0.095500
vt 1.366100 -0.134800
vt 1.369000 -0.096100
vt 1.300900 -0.173200
vt 1.362900 -0.173400
vt 1.309900 -0.056200
vt 1.311900 -0.016700
vt 1.371500 -0.057100
vt 1.373600 -0.018000
vt 1.251400 0.064300
vt 1.186600 0.066700
vt 1.185800 0.026500
vt 1.250500 0.024500
vt 1.313500 0.022700
vt 1.314600 0.062100
vt 1.375300 0.021000
vt 1.376500 0.060000
vt 1.315200 0.101200
vt 1.251700 0.103800
vt 1.377300 0.098900
vt 1.186700 0.106700
vt 0.954900 -0.251100
vt 0.950100 -0.287800
vt 1.022100 -0.287500
vt 1.026500 -0.250700
vt 1.092300 -0.287300
vt 1.096100 -0.250200
vt 0.946400 -0.323600
vt 1.019000 -0.323700
vt 1.090300 -0.324000
vt 1.031500 -0.213000
vt 0.960000 -0.213400
vt 1.100700 -0.212500
vt 0.886200 -0.213600
vt 0.881100 -0.251300
vt 0.809700 -0.213500
vt 0.804900 -0.251300
vt 0.876300 -0.288000
vt 0.872300 -0.323600
vt 0.800300 -0.287900
vt 0.796400 -0.323500
vt 0.944200 -0.393300
vt 1.019000 -0.394400
vt 1.017800 -0.359300
vt 0.944300 -0.358800
vt 1.093800 -0.396300
vt 1.090700 -0.360400
vt 0.869600 -0.358500
vt 0.868800 -0.392700
vt 0.793600 -0.358200
vt 0.792400 -0.392200
vt 0.870300 -0.426400
vt 0.946700 -0.427300
vt 0.793100 -0.425800
vt 1.023000 -0.428900
vt 1.099700 -0.431500
vt 1.243600 -0.403600
vt 1.234200 -0.364600
vt 1.163200 -0.362300
vt 1.169000 -0.399500
vt 1.229000 -0.325700
vt 1.160400 -0.324700
vt 1.177600 -0.435800
vt 1.257100 -0.442400
vt 1.338900 -0.451800
vt 1.316300 -0.408400
vt 1.410600 -0.458900
vt 1.382800 -0.412000
vt 1.302400 -0.366900
vt 1.295300 -0.326900
vt 1.366700 -0.368800
vt 1.359000 -0.328000
vt 1.229700 -0.249500
vt 1.163800 -0.249800
vt 1.160900 -0.287300
vt 1.227900 -0.287500
vt 1.292900 -0.287900
vt 1.293900 -0.249500
vt 1.356000 -0.288500
vt 1.356500 -0.249800
vt 1.297000 -0.211400
vt 1.233300 -0.211600
vt 1.359200 -0.211500
vt 1.167900 -0.212000
vt 0.346700 0.391800
vt 0.345400 0.358100
vt 0.425100 0.357100
vt 0.426400 0.390800
vt 0.505400 0.355800
vt 0.506600 0.389500
vt 0.343300 0.323600
vt 0.423400 0.322600
vt 0.504100 0.321300
vt 0.427200 0.424000
vt 0.347000 0.424900
vt 0.507900 0.422700
vt 0.267600 0.425700
vt 0.267900 0.392500
vt 0.189400 0.426200
vt 0.190300 0.392900
vt 0.266600 0.358700
vt 0.264200 0.324200
vt 0.189300 0.359000
vt 0.186700 0.324500
vt 0.337500 0.251700
vt 0.419100 0.250700
vt 0.421400 0.287200
vt 0.340500 0.288200
vt 0.501500 0.249200
vt 0.502800 0.285800
vt 0.260900 0.288800
vt 0.257100 0.252300
vt 0.183100 0.289000
vt 0.178800 0.252600
vt 0.253100 0.214600
vt 0.334200 0.213900
vt 0.249200 0.175400
vt 0.331000 0.174600
vt 0.174200 0.214900
vt 0.169800 0.175900
vt 0.416800 0.212800
vt 0.500100 0.211300
vt 0.414400 0.173400
vt 0.498600 0.171800
vt 0.665700 0.245300
vt 0.665300 0.282000
vt 0.584300 0.284100
vt 0.583900 0.247400
vt 0.665200 0.317600
vt 0.584900 0.319600
vt 0.583400 0.209500
vt 0.666100 0.207300
vt 0.582800 0.170000
vt 0.666300 0.167800
vt 0.747400 0.204700
vt 0.746300 0.242700
vt 0.748300 0.165300
vt 0.745200 0.279500
vt 0.744600 0.315200
vt 0.666900 0.386200
vt 0.586900 0.388000
vt 0.585700 0.354200
vt 0.665700 0.352200
vt 0.744800 0.350000
vt 0.746100 0.384000
vt 0.749000 0.417500
vt 0.669100 0.419500
vt 0.588600 0.421200
vt 0.325500 0.091300
vt 0.323300 0.048200
vt 0.408000 0.046600
vt 0.410000 0.089800
vt 0.493600 0.044800
vt 0.495300 0.088200
vt 0.321300 0.004700
vt 0.406200 0.002900
vt 0.491900 0.001000
vt 0.412100 0.132300
vt 0.328100 0.133600
vt 0.497000 0.130600
vt 0.245800 0.134600
vt 0.242800 0.092600
vt 0.165900 0.135300
vt 0.162700 0.093600
vt 0.240300 0.049700
vt 0.238300 0.006500
vt 0.160000 0.051100
vt 0.158000 0.008200
vt 0.318500 -0.082000
vt 0.403000 -0.084100
vt 0.404500 -0.040800
vt 0.319800 -0.038900
vt 0.488300 -0.086100
vt 0.490100 -0.042700
vt 0.236800 -0.036800
vt 0.235800 -0.079700
vt 0.156500 -0.034700
vt 0.155700 -0.077300
vt 0.235400 -0.121800
vt 0.317700 -0.124300
vt 0.235500 -0.162800
vt 0.317200 -0.165400
vt 0.155600 -0.119100
vt 0.156100 -0.159800
vt 0.401700 -0.126600
vt 0.486500 -0.128600
vt 0.400600 -0.167700
vt 0.484800 -0.169700
vt 0.658300 -0.089400
vt 0.660600 -0.046200
vt 0.575800 -0.044500
vt 0.573700 -0.087800
vt 0.662600 -0.002600
vt 0.577700 -0.000800
vt 0.571400 -0.130300
vt 0.655600 -0.131700
vt 0.569000 -0.171400
vt 0.652500 -0.172800
vt 0.738200 -0.132800
vt 0.741300 -0.090700
vt 0.734600 -0.173700
vt 0.743800 -0.047800
vt 0.745900 -0.004400
vt 0.665300 0.084200
vt 0.580700 0.086300
vt 0.579300 0.043000
vt 0.664200 0.041000
vt 0.747300 0.039000
vt 0.748200 0.082000
vt 0.748600 0.124200
vt 0.666000 0.126600
vt 0.581900 0.128800
vt 0.317400 -0.242800
vt 0.317500 -0.279400
vt 0.398300 -0.281700
vt 0.399000 -0.245100
vt 0.479800 -0.283700
vt 0.481400 -0.247100
vt 0.317300 -0.314900
vt 0.397400 -0.317200
vt 0.478200 -0.319200
vt 0.399800 -0.207200
vt 0.317200 -0.204800
vt 0.483100 -0.209200
vt 0.236100 -0.202100
vt 0.237000 -0.240000
vt 0.157300 -0.199100
vt 0.158700 -0.237000
vt 0.237800 -0.276700
vt 0.238200 -0.312300
vt 0.160000 -0.273700
vt 0.160600 -0.309300
vt 0.315200 -0.383300
vt 0.394900 -0.385500
vt 0.396400 -0.351700
vt 0.316600 -0.349500
vt 0.475100 -0.387400
vt 0.476600 -0.353700
vt 0.237700 -0.346900
vt 0.236200 -0.380800
vt 0.160300 -0.344100
vt 0.158500 -0.378000
vt 0.233200 -0.414100
vt 0.312700 -0.416500
vt 0.154800 -0.411400
vt 0.393000 -0.418700
vt 0.473700 -0.420600
vt 0.635300 -0.390400
vt 0.636800 -0.356600
vt 0.556900 -0.355300
vt 0.555400 -0.389000
vt 0.639200 -0.322000
vt 0.558900 -0.320800
vt 0.554400 -0.422200
vt 0.634800 -0.423700
vt 0.714500 -0.424800
vt 0.714400 -0.391400
vt 0.715900 -0.357500
vt 0.718600 -0.322900
vt 0.645600 -0.250000
vt 0.563800 -0.248800
vt 0.561300 -0.285300
vt 0.642200 -0.286600
vt 0.722100 -0.287400
vt 0.726200 -0.250800
vt 0.730400 -0.213000
vt 0.649100 -0.212100
vt 0.566400 -0.210900
vt -0.256400 0.401800
vt -0.247000 0.363300
vt -0.176900 0.361300
vt -0.182800 0.398100
vt -0.105200 0.359800
vt -0.108400 0.395300
vt -0.241800 0.324900
vt -0.174000 0.324200
vt -0.104600 0.323800
vt -0.191400 0.433900
vt -0.270000 0.440000
vt -0.114500 0.430100
vt -0.350700 0.448900
vt -0.328200 0.406200
vt -0.421500 0.455600
vt -0.393900 0.409500
vt -0.314400 0.365300
vt -0.307300 0.325800
vt -0.377900 0.367000
vt -0.370100 0.326700
vt -0.242200 0.249500
vt -0.177100 0.250000
vt -0.174400 0.287100
vt -0.240500 0.287100
vt -0.110100 0.250600
vt -0.106500 0.287400
vt -0.304800 0.287300
vt -0.305700 0.249300
vt -0.367100 0.287700
vt -0.367500 0.249400
vt -0.308700 0.211600
vt -0.245700 0.211900
vt -0.312500 0.173700
vt -0.249800 0.174000
vt -0.370200 0.211600
vt -0.373700 0.173800
vt -0.181100 0.212400
vt -0.114600 0.213100
vt -0.185500 0.174400
vt -0.119200 0.174900
vt 0.029800 0.251900
vt 0.034300 0.288400
vt -0.037000 0.287900
vt -0.041200 0.251300
vt 0.037800 0.324000
vt -0.034100 0.323800
vt -0.046000 0.213800
vt 0.024900 0.214400
vt -0.050800 0.175400
vt 0.020000 0.175700
vt 0.098200 0.214800
vt 0.103100 0.252400
vt 0.093500 0.176000
vt 0.107600 0.288900
vt 0.111400 0.324300
vt 0.039700 0.393100
vt -0.034500 0.393800
vt -0.033100 0.359100
vt 0.039800 0.358900
vt 0.113800 0.359000
vt 0.114400 0.393000
vt 0.112800 0.426400
vt 0.037000 0.426800
vt -0.038500 0.427900
vt -0.256500 0.096300
vt -0.259100 0.056900
vt -0.195200 0.056100
vt -0.192500 0.096000
vt -0.129300 0.055200
vt -0.126600 0.095700
vt -0.261100 0.017400
vt -0.197200 0.016000
vt -0.131300 0.014500
vt -0.189300 0.135500
vt -0.253400 0.135400
vt -0.123200 0.135600
vt -0.315900 0.135400
vt -0.318800 0.096700
vt -0.377000 0.135700
vt -0.379800 0.097300
vt -0.321300 0.057800
vt -0.323400 0.018700
vt -0.382300 0.058700
vt -0.384300 0.020000
vt -0.263600 -0.061700
vt -0.199500 -0.064100
vt -0.198600 -0.024200
vt -0.262600 -0.022200
vt -0.133500 -0.066700
vt -0.132700 -0.026200
vt -0.325000 -0.020400
vt -0.326100 -0.059400
vt -0.386000 -0.018700
vt -0.387300 -0.057300
vt -0.326700 -0.098200
vt -0.264000 -0.100800
vt -0.326900 -0.136600
vt -0.263900 -0.139600
vt -0.388200 -0.095800
vt -0.388600 -0.134000
vt -0.199700 -0.103800
vt -0.133500 -0.106800
vt -0.199300 -0.142800
vt -0.132900 -0.146200
vt 0.005500 -0.072100
vt 0.006100 -0.030400
vt -0.064600 -0.028300
vt -0.065300 -0.069400
vt 0.007500 0.011500
vt -0.063200 0.013000
vt -0.065200 -0.110000
vt 0.005600 -0.113100
vt -0.064400 -0.149700
vt 0.006400 -0.153200
vt 0.079100 -0.116200
vt 0.079000 -0.074700
vt 0.079800 -0.156600
vt 0.079700 -0.032600
vt 0.081100 0.009900
vt 0.012400 0.094900
vt -0.058400 0.095300
vt -0.061100 0.054300
vt 0.009600 0.053400
vt 0.083200 0.052300
vt 0.086000 0.094300
vt 0.089400 0.135700
vt 0.015900 0.135800
vt -0.054900 0.135800
vt -0.263100 -0.215500
vt -0.264900 -0.253300
vt -0.198300 -0.256300
vt -0.197600 -0.218900
vt -0.130100 -0.259500
vt -0.130400 -0.222500
vt -0.269600 -0.291200
vt -0.201300 -0.293500
vt -0.131500 -0.296100
vt -0.198300 -0.181100
vt -0.263200 -0.177700
vt -0.131600 -0.184700
vt -0.326600 -0.174700
vt -0.327100 -0.212500
vt -0.388600 -0.172000
vt -0.389500 -0.209900
vt -0.329700 -0.250600
vt -0.335800 -0.289100
vt -0.392700 -0.248200
vt -0.399400 -0.287200
vt -0.291500 -0.367800
vt -0.216900 -0.367300
vt -0.207600 -0.330600
vt -0.278500 -0.329500
vt -0.141800 -0.367800
vt -0.135300 -0.332300
vt -0.346700 -0.328400
vt -0.364400 -0.368900
vt -0.411000 -0.327200
vt -0.431000 -0.369200
vt -0.391100 -0.410800
vt -0.308800 -0.405500
vt -0.463200 -0.414200
vt -0.228900 -0.403000
vt -0.151000 -0.402600
vt 0.007300 -0.372000
vt 0.010400 -0.337700
vt -0.062800 -0.334700
vt -0.067200 -0.369500
vt 0.011500 -0.302600
vt -0.060600 -0.299200
vt -0.074400 -0.403700
vt 0.001700 -0.405800
vt 0.077800 -0.408500
vt 0.082400 -0.375000
vt 0.084600 -0.340900
vt 0.085200 -0.306000
vt 0.009700 -0.229900
vt -0.061400 -0.226200
vt -0.060400 -0.263100
vt 0.011100 -0.266700
vt 0.084500 -0.270300
vt 0.083000 -0.233500
vt 0.081300 -0.195700
vt 0.007900 -0.192100
vt -0.062900 -0.188400
vt 2.171900 0.205400
vt 2.171900 0.243800
vt 2.118600 0.244400
vt 2.118500 0.205800
vt 2.065000 0.244900
vt 2.064900 0.206100
vt 2.171800 0.282000
vt 2.118500 0.282700
vt 2.065000 0.283500
vt 2.118300 0.166900
vt 2.171900 0.166600
vt 2.117900 0.127700
vt 2.171600 0.127400
vt 2.064600 0.167200
vt 2.064000 0.128000
vt 2.225200 0.166300
vt 2.225200 0.205000
vt 2.278600 0.166000
vt 2.278400 0.204600
vt 2.225200 0.127100
vt 2.278700 0.126900
vt 2.225100 0.243200
vt 2.225000 0.281100
vt 2.278200 0.242600
vt 2.278000 0.280300
vt 2.171400 0.357600
vt 2.118200 0.359000
vt 2.118400 0.320900
vt 2.171700 0.319800
vt 2.064700 0.360300
vt 2.064900 0.321900
vt 2.224800 0.318700
vt 2.224500 0.356100
vt 2.277800 0.317500
vt 2.277600 0.354500
vt 2.224300 0.393300
vt 2.171200 0.395200
vt 2.224000 0.430500
vt 2.170900 0.432700
vt 2.277300 0.391400
vt 2.277100 0.428100
vt 2.117900 0.396900
vt 2.064400 0.398500
vt 2.117600 0.434800
vt 2.064000 0.436700
vt 1.956700 0.362300
vt 1.956900 0.323500
vt 2.011100 0.322800
vt 2.010900 0.361400
vt 1.957000 0.284700
vt 2.011200 0.284100
vt 2.010500 0.399900
vt 1.956300 0.401100
vt 2.010200 0.438400
vt 1.956000 0.439800
vt 1.901700 0.401900
vt 1.902000 0.363000
vt 1.846500 0.402400
vt 1.846800 0.363400
vt 1.901300 0.440800
vt 1.846100 0.441400
vt 1.902200 0.324100
vt 1.902300 0.285100
vt 1.847000 0.324400
vt 1.847100 0.285400
vt 1.956700 0.206800
vt 2.011000 0.206500
vt 2.011200 0.245400
vt 1.956900 0.245800
vt 1.902200 0.246100
vt 1.901900 0.207100
vt 1.847000 0.246400
vt 1.846700 0.207300
vt 1.901400 0.168000
vt 1.956200 0.167700
vt 1.900500 0.128900
vt 1.955400 0.128600
vt 1.846100 0.168300
vt 1.845100 0.129300
vt 2.010500 0.167500
vt 2.009900 0.128300
vt 1.952800 0.049900
vt 1.951000 0.010400
vt 2.006100 0.009600
vt 2.007600 0.049300
vt 2.060900 0.008900
vt 2.062200 0.048800
vt 1.949000 -0.029100
vt 2.004300 -0.030100
vt 2.059300 -0.031100
vt 2.008900 0.088900
vt 1.954200 0.089300
vt 2.063200 0.088500
vt 1.899200 0.089700
vt 1.897600 0.050500
vt 1.843700 0.090200
vt 1.842100 0.051100
vt 1.895700 0.011200
vt 1.893500 -0.028100
vt 1.840100 0.012000
vt 1.837800 -0.027100
vt 1.944300 -0.108300
vt 2.000000 -0.109800
vt 2.002200 -0.070000
vt 1.946800 -0.068700
vt 2.055500 -0.111300
vt 2.057500 -0.071200
vt 1.891200 -0.067500
vt 1.888600 -0.106900
vt 1.835300 -0.066200
vt 1.832600 -0.105400
vt 1.885800 -0.146300
vt 1.941700 -0.148000
vt 1.882900 -0.185700
vt 1.938900 -0.187600
vt 1.829800 -0.144700
vt 1.826800 -0.183900
vt 1.997500 -0.149600
vt 2.053200 -0.151300
vt 1.994800 -0.189400
vt 2.050700 -0.191200
vt 2.166300 -0.114200
vt 2.167800 -0.073700
vt 2.112700 -0.072400
vt 2.110900 -0.112700
vt 2.169000 -0.033100
vt 2.114200 -0.032100
vt 2.108800 -0.153000
vt 2.164400 -0.154600
vt 2.106500 -0.193000
vt 2.162300 -0.194800
vt 2.220000 -0.156300
vt 2.221600 -0.115700
vt 2.275500 -0.158000
vt 2.276900 -0.117200
vt 2.218000 -0.196600
vt 2.273700 -0.198500
vt 2.222800 -0.074900
vt 2.223700 -0.034100
vt 2.277800 -0.076200
vt 2.278400 -0.035100
vt 2.170700 0.047700
vt 2.116500 0.048200
vt 2.115500 0.008100
vt 2.170000 0.007400
vt 2.224400 0.006600
vt 2.224800 0.047200
vt 2.278800 0.005900
vt 2.278900 0.046700
vt 2.225100 0.087400
vt 2.171300 0.087700
vt 2.278800 0.087000
vt 2.117300 0.088100
vt 1.932900 -0.266700
vt 1.929700 -0.306200
vt 1.985700 -0.308200
vt 1.988900 -0.268600
vt 2.041700 -0.310000
vt 2.044900 -0.270500
vt 1.926400 -0.345700
vt 1.982400 -0.347600
vt 2.038400 -0.349400
vt 1.991900 -0.229000
vt 1.935900 -0.227100
vt 2.047900 -0.230900
vt 1.879900 -0.225200
vt 1.876800 -0.264700
vt 1.823700 -0.223300
vt 1.820600 -0.262600
vt 1.873600 -0.304200
vt 1.870300 -0.343700
vt 1.817400 -0.302100
vt 1.814200 -0.341500
vt 1.919700 -0.424700
vt 1.975600 -0.426400
vt 1.979000 -0.387100
vt 1.923100 -0.385200
vt 2.031400 -0.427900
vt 2.035000 -0.388700
vt 1.867000 -0.383200
vt 1.863700 -0.422700
vt 1.810900 -0.381000
vt 1.807500 -0.420500
vt 1.860300 -0.462300
vt 1.916300 -0.464200
vt 1.856900 -0.501800
vt 1.912800 -0.503700
vt 1.804200 -0.460000
vt 1.800800 -0.499500
vt 1.972100 -0.465800
vt 2.027800 -0.467100
vt 1.968600 -0.505200
vt 2.024200 -0.506300
vt 2.142900 -0.430500
vt 2.146600 -0.391700
vt 2.090800 -0.390200
vt 2.087200 -0.429300
vt 2.150200 -0.352700
vt 2.094300 -0.351100
vt 2.083400 -0.468300
vt 2.139000 -0.469300
vt 2.079700 -0.507200
vt 2.135100 -0.508000
vt 2.194600 -0.470100
vt 2.198500 -0.431600
vt 2.250100 -0.470900
vt 2.254200 -0.432700
vt 2.190500 -0.508600
vt 2.245900 -0.509100
vt 2.202400 -0.393000
vt 2.206100 -0.354300
vt 2.258100 -0.394400
vt 2.261900 -0.355800
vt 2.156800 -0.274300
vt 2.100900 -0.272400
vt 2.097700 -0.311800
vt 2.153600 -0.313600
vt 2.209500 -0.315300
vt 2.212700 -0.276100
vt 2.265400 -0.317000
vt 2.268600 -0.277900
vt 2.215600 -0.236600
vt 2.159700 -0.234700
vt 2.271400 -0.238400
vt 2.103800 -0.232800
vt 1.527400 0.370400
vt 1.516200 0.329300
vt 1.570500 0.327300
vt 1.577100 0.367500
vt 1.624400 0.325800
vt 1.627600 0.365200
vt 1.508200 0.289000
vt 1.565400 0.287600
vt 1.621900 0.286500
vt 1.584700 0.407900
vt 1.541900 0.412400
vt 1.592800 0.448500
vt 1.557900 0.454800
vt 1.631300 0.404900
vt 1.635100 0.444600
vt 1.502200 0.418200
vt 1.476700 0.373500
vt 1.532000 0.464100
vt 1.459800 0.331200
vt 1.449400 0.290700
vt 1.501000 0.210700
vt 1.560600 0.209500
vt 1.562300 0.248300
vt 1.503400 0.249600
vt 1.619300 0.208700
vt 1.620300 0.247500
vt 1.443300 0.251100
vt 1.440400 0.212200
vt 1.439300 0.173800
vt 1.500000 0.172200
vt 1.439100 0.135500
vt 1.499500 0.133800
vt 1.559700 0.171000
vt 1.618500 0.170100
vt 1.559000 0.132500
vt 1.617700 0.131500
vt 1.734300 0.207800
vt 1.734800 0.246700
vt 1.677800 0.247000
vt 1.677200 0.208100
vt 1.735000 0.285600
vt 1.678500 0.285900
vt 1.676500 0.169400
vt 1.733700 0.168900
vt 1.675600 0.130700
vt 1.732700 0.130100
vt 1.790200 0.168600
vt 1.790800 0.207500
vt 1.789200 0.129600
vt 1.791200 0.246500
vt 1.791300 0.285500
vt 1.735300 0.363600
vt 1.680600 0.364100
vt 1.679500 0.324900
vt 1.735200 0.324600
vt 1.791200 0.324500
vt 1.791000 0.363500
vt 1.790700 0.402500
vt 1.735400 0.402600
vt 1.790300 0.441500
vt 1.735400 0.441700
vt 1.681900 0.403300
vt 1.683200 0.442500
vt 1.497400 0.056800
vt 1.495900 0.018100
vt 1.554900 0.016900
vt 1.556600 0.055500
vt 1.613100 0.015800
vt 1.615000 0.054300
vt 1.493900 -0.020500
vt 1.552800 -0.021700
vt 1.611000 -0.022800
vt 1.558000 0.094000
vt 1.498700 0.095300
vt 1.616500 0.092900
vt 1.438500 0.096900
vt 1.437400 0.058300
vt 1.436000 0.019500
vt 1.434200 -0.019300
vt 1.489200 -0.097700
vt 1.547900 -0.098800
vt 1.550500 -0.060200
vt 1.491700 -0.059100
vt 1.605900 -0.100000
vt 1.608500 -0.061400
vt 1.432100 -0.058100
vt 1.429600 -0.096800
vt 1.426800 -0.135400
vt 1.486400 -0.136300
vt 1.423600 -0.173900
vt 1.483300 -0.174700
vt 1.545100 -0.137300
vt 1.603100 -0.138600
vt 1.542100 -0.175800
vt 1.600100 -0.177200
vt 1.720100 -0.102600
vt 1.722800 -0.063800
vt 1.665900 -0.062600
vt 1.663300 -0.101300
vt 1.725300 -0.025000
vt 1.668400 -0.023900
vt 1.660400 -0.140000
vt 1.717200 -0.141500
vt 1.657400 -0.178700
vt 1.714200 -0.180400
vt 1.773600 -0.143000
vt 1.776500 -0.104000
vt 1.770600 -0.182100
vt 1.779200 -0.065000
vt 1.781800 -0.026000
vt 1.729600 0.052500
vt 1.672600 0.053400
vt 1.670700 0.014700
vt 1.727600 0.013800
vt 1.784100 0.012900
vt 1.786100 0.051800
vt 1.787800 0.090700
vt 1.731400 0.091300
vt 1.674300 0.092000
vt 1.477300 -0.251500
vt 1.476100 -0.290400
vt 1.534100 -0.291800
vt 1.536000 -0.252900
vt 1.591300 -0.293400
vt 1.593900 -0.254500
vt 1.477200 -0.330000
vt 1.533600 -0.331100
vt 1.589400 -0.332500
vt 1.538900 -0.214300
vt 1.480000 -0.213100
vt 1.596900 -0.215800
vt 1.420200 -0.212100
vt 1.417600 -0.250500
vt 1.416900 -0.289300
vt 1.419300 -0.329000
vt 1.489000 -0.412000
vt 1.538300 -0.411500
vt 1.535200 -0.371100
vt 1.481500 -0.370500
vt 1.588400 -0.411700
vt 1.588500 -0.372000
vt 1.425900 -0.369900
vt 1.438800 -0.412700
vt 1.459900 -0.458200
vt 1.499600 -0.454400
vt 1.485200 -0.505100
vt 1.511700 -0.497400
vt 1.542300 -0.452200
vt 1.588700 -0.451600
vt 1.546900 -0.493100
vt 1.589300 -0.491600
vt 1.695500 -0.415300
vt 1.698600 -0.376000
vt 1.643100 -0.373700
vt 1.641000 -0.413100
vt 1.701600 -0.336700
vt 1.645400 -0.334500
vt 1.639100 -0.452600
vt 1.692500 -0.454600
vt 1.637300 -0.492000
vt 1.689600 -0.494000
vt 1.747900 -0.457200
vt 1.751300 -0.417900
vt 1.744600 -0.496600
vt 1.754600 -0.378500
vt 1.757900 -0.339100
vt 1.707900 -0.258400
vt 1.651200 -0.256400
vt 1.648200 -0.295400
vt 1.704800 -0.297500
vt 1.761200 -0.299800
vt 1.764400 -0.260500
vt 1.767500 -0.221300
vt 1.711100 -0.219400
vt 1.654300 -0.217500
vt -0.960900 -0.355600
vt -0.961100 -0.317300
vt -1.014700 -0.316500
vt -1.014500 -0.354600
vt -1.067800 -0.315600
vt -1.067600 -0.353500
vt -0.961200 -0.278900
vt -1.014700 -0.278300
vt -1.067900 -0.277700
vt -1.014200 -0.392700
vt -0.960700 -0.393900
vt -1.013900 -0.430700
vt -0.960300 -0.432100
vt -1.067400 -0.391300
vt -1.067100 -0.429000
vt -0.906700 -0.394700
vt -0.906900 -0.356300
vt -0.852100 -0.395200
vt -0.852400 -0.356700
vt -0.906300 -0.433200
vt -0.851800 -0.433800
vt -0.907100 -0.317800
vt -0.907200 -0.279400
vt -0.852600 -0.318200
vt -0.852600 -0.279700
vt -0.960800 -0.202000
vt -1.014400 -0.201600
vt -1.014700 -0.240000
vt -0.961100 -0.240500
vt -1.067700 -0.201300
vt -1.067900 -0.239600
vt -0.907100 -0.240800
vt -0.906700 -0.202300
vt -0.852500 -0.241100
vt -0.852100 -0.202600
vt -0.906100 -0.163700
vt -0.960200 -0.163400
vt -0.905200 -0.125100
vt -0.959400 -0.124700
vt -0.851500 -0.164000
vt -0.850500 -0.125400
vt -1.014000 -0.163100
vt -1.067300 -0.162800
vt -1.013200 -0.124400
vt -1.066800 -0.124000
vt -1.173400 -0.200500
vt -1.173500 -0.238400
vt -1.120800 -0.239000
vt -1.120700 -0.200900
vt -1.173400 -0.276100
vt -1.120800 -0.276900
vt -1.120400 -0.162500
vt -1.173300 -0.162200
vt -1.120000 -0.123700
vt -1.173100 -0.123500
vt -1.226000 -0.161900
vt -1.226000 -0.200100
vt -1.278700 -0.161600
vt -1.278600 -0.199600
vt -1.226000 -0.123200
vt -1.278800 -0.122900
vt -1.226000 -0.237800
vt -1.225900 -0.275200
vt -1.278400 -0.237200
vt -1.278300 -0.274400
vt -1.173100 -0.350800
vt -1.120500 -0.352200
vt -1.120600 -0.314600
vt -1.173300 -0.313500
vt -1.225700 -0.312400
vt -1.225500 -0.349300
vt -1.278100 -0.311200
vt -1.277900 -0.347700
vt -1.225300 -0.386100
vt -1.172800 -0.387900
vt -1.225100 -0.422700
vt -1.172600 -0.425000
vt -1.277700 -0.384100
vt -1.277500 -0.420400
vt -1.120200 -0.389700
vt -1.120000 -0.427100
vt -0.956800 -0.047000
vt -0.955000 -0.007900
vt -1.009400 -0.007200
vt -1.010900 -0.046400
vt -1.063500 -0.006400
vt -1.064900 -0.045800
vt -0.953000 0.031100
vt -1.007600 0.032100
vt -1.062000 0.033100
vt -1.012200 -0.085400
vt -0.958200 -0.085900
vt -1.065900 -0.085000
vt -0.903900 -0.086300
vt -0.902300 -0.047600
vt -0.849100 -0.086800
vt -0.847400 -0.048200
vt -0.900400 -0.008800
vt -0.898200 0.030100
vt -0.845400 -0.009600
vt -0.843100 0.029100
vt -0.948300 0.109400
vt -1.003300 0.110800
vt -1.005600 0.071500
vt -0.950800 0.070200
vt -1.058100 0.112300
vt -1.060200 0.072700
vt -0.895800 0.069000
vt -0.893200 0.107900
vt -0.840700 0.067800
vt -0.838000 0.106500
vt -0.890500 0.146900
vt -0.945700 0.148500
vt -0.887600 0.185800
vt -0.942900 0.187600
vt -0.835100 0.145200
vt -0.832200 0.184000
vt -1.000800 0.150200
vt -1.055800 0.151800
vt -0.998100 0.189400
vt -1.053300 0.191200
vt -1.167600 0.115300
vt -1.169100 0.075200
vt -1.114700 0.074000
vt -1.112900 0.113800
vt -1.170300 0.035100
vt -1.116200 0.034100
vt -1.110800 0.153500
vt -1.165700 0.155200
vt -1.108500 0.193100
vt -1.163500 0.194900
vt -1.220600 0.156800
vt -1.222200 0.116700
vt -1.275500 0.158500
vt -1.276800 0.118200
vt -1.218600 0.196700
vt -1.273600 0.198500
vt -1.223400 0.076500
vt -1.224400 0.036100
vt -1.277800 0.077700
vt -1.278400 0.037100
vt -1.172100 -0.044700
vt -1.118600 -0.045200
vt -1.117500 -0.005600
vt -1.171300 -0.004900
vt -1.225100 -0.004100
vt -1.225500 -0.044200
vt -1.278800 -0.003400
vt -1.278900 -0.043600
vt -1.225800 -0.083900
vt -1.172700 -0.084300
vt -1.278900 -0.083500
vt -1.119400 -0.084600
vt -0.936900 0.265800
vt -0.933800 0.304800
vt -0.989100 0.306800
vt -0.992300 0.267700
vt -1.044400 0.308600
vt -1.047600 0.269600
vt -0.930500 0.343800
vt -0.985900 0.345700
vt -1.041100 0.347500
vt -0.995300 0.228600
vt -0.940000 0.226700
vt -1.050600 0.230500
vt -0.884600 0.224800
vt -0.881500 0.263800
vt -0.829200 0.222900
vt -0.826000 0.261800
vt -0.878400 0.302800
vt -0.875200 0.341800
vt -0.822900 0.300700
vt -0.819700 0.339700
vt -0.923900 0.421800
vt -0.979100 0.423500
vt -0.982500 0.384600
vt -0.927200 0.382800
vt -1.034200 0.425000
vt -1.037700 0.386300
vt -0.871900 0.380800
vt -0.868600 0.419900
vt -0.816400 0.378600
vt -0.813200 0.417600
vt -0.865300 0.458900
vt -0.920500 0.460800
vt -0.861900 0.497900
vt -0.917100 0.499800
vt -0.809900 0.456600
vt -0.806500 0.495600
vt -0.975600 0.462400
vt -1.030700 0.463700
vt -0.972100 0.501200
vt -1.027100 0.502400
vt -1.144300 0.427600
vt -1.148000 0.389200
vt -1.092900 0.387800
vt -1.089300 0.426400
vt -1.151600 0.350800
vt -1.096400 0.349200
vt -1.085600 0.464900
vt -1.140500 0.465800
vt -1.081900 0.503300
vt -1.136600 0.504100
vt -1.195300 0.466700
vt -1.199200 0.428700
vt -1.250100 0.467500
vt -1.254200 0.429800
vt -1.191300 0.504700
vt -1.246000 0.505200
vt -1.203100 0.390600
vt -1.206700 0.352300
vt -1.258100 0.391900
vt -1.261900 0.353900
vt -1.158100 0.273300
vt -1.102900 0.271500
vt -1.099700 0.310400
vt -1.154900 0.312100
vt -1.210200 0.313900
vt -1.213300 0.275100
vt -1.265400 0.315600
vt -1.268500 0.276900
vt -1.216200 0.236100
vt -1.161000 0.234200
vt -1.271300 0.237900
vt -1.105800 0.232400
vt -0.537000 -0.363800
vt -0.525800 -0.323300
vt -0.579500 -0.321300
vt -0.586100 -0.360900
vt -0.632700 -0.319700
vt -0.635900 -0.358700
vt -0.517800 -0.283600
vt -0.574300 -0.282000
vt -0.630100 -0.280900
vt -0.593700 -0.400800
vt -0.551300 -0.405200
vt -0.601700 -0.440800
vt -0.567300 -0.447000
vt -0.639600 -0.397800
vt -0.643500 -0.437000
vt -0.512200 -0.411000
vt -0.486900 -0.367000
vt -0.541800 -0.456100
vt -0.470100 -0.325400
vt -0.459800 -0.285300
vt -0.510600 -0.206200
vt -0.569500 -0.205000
vt -0.571200 -0.243300
vt -0.513000 -0.244600
vt -0.627400 -0.204100
vt -0.628500 -0.242400
vt -0.453700 -0.246200
vt -0.450700 -0.207900
vt -0.449600 -0.169800
vt -0.509500 -0.168200
vt -0.449300 -0.131900
vt -0.509000 -0.130200
vt -0.568500 -0.166900
vt -0.626600 -0.165900
vt -0.567800 -0.128800
vt -0.625800 -0.127800
vt -0.741100 -0.203100
vt -0.741600 -0.241500
vt -0.685300 -0.241800
vt -0.684600 -0.203500
vt -0.741900 -0.280000
vt -0.686100 -0.280300
vt -0.683900 -0.165200
vt -0.740400 -0.164700
vt -0.683000 -0.127000
vt -0.739400 -0.126300
vt -0.796300 -0.164300
vt -0.796900 -0.202800
vt -0.795200 -0.125800
vt -0.797300 -0.241300
vt -0.797500 -0.279800
vt -0.742300 -0.357000
vt -0.688200 -0.357500
vt -0.687100 -0.318800
vt -0.742100 -0.318400
vt -0.797400 -0.318300
vt -0.797300 -0.356800
vt -0.797000 -0.395400
vt -0.742400 -0.395500
vt -0.796700 -0.433900
vt -0.742500 -0.434100
vt -0.689600 -0.396200
vt -0.690900 -0.434900
vt -0.506800 -0.054000
vt -0.505200 -0.015800
vt -0.563600 -0.014500
vt -0.565300 -0.052700
vt -0.621100 -0.013400
vt -0.623000 -0.051500
vt -0.503300 0.022500
vt -0.561500 0.023600
vt -0.619000 0.024800
vt -0.566700 -0.090800
vt -0.508100 -0.092100
vt -0.624600 -0.089700
vt -0.448600 -0.093800
vt -0.447500 -0.055500
vt -0.446100 -0.017200
vt -0.444300 0.021300
vt -0.498600 0.098900
vt -0.556600 0.099900
vt -0.559200 0.061800
vt -0.501100 0.060700
vt -0.613900 0.101100
vt -0.616600 0.062900
vt -0.442100 0.059700
vt -0.439700 0.098000
vt -0.436900 0.136200
vt -0.495800 0.137000
vt -0.433800 0.174300
vt -0.492800 0.175000
vt -0.553800 0.138000
vt -0.611100 0.139200
vt -0.550900 0.176100
vt -0.608200 0.177400
vt -0.726800 0.103700
vt -0.729500 0.065300
vt -0.673300 0.064100
vt -0.670600 0.102300
vt -0.732000 0.027000
vt -0.675800 0.025900
vt -0.667800 0.140600
vt -0.723900 0.142100
vt -0.664800 0.178900
vt -0.720900 0.180500
vt -0.779700 0.143600
vt -0.782500 0.105100
vt -0.776700 0.182300
vt -0.785200 0.066500
vt -0.787800 0.028000
vt -0.736300 -0.049700
vt -0.680000 -0.050500
vt -0.678000 -0.012300
vt -0.734300 -0.011400
vt -0.790100 -0.010500
vt -0.792100 -0.048900
vt -0.793900 -0.087400
vt -0.738100 -0.088000
vt -0.681600 -0.088700
vt -0.486900 0.251000
vt -0.485800 0.289400
vt -0.543000 0.290600
vt -0.544900 0.252200
vt -0.599500 0.292200
vt -0.602100 0.253800
vt -0.486900 0.328400
vt -0.542600 0.329500
vt -0.597700 0.330800
vt -0.547700 0.214100
vt -0.489500 0.212900
vt -0.605000 0.215600
vt -0.430400 0.212100
vt -0.427900 0.250000
vt -0.427300 0.288400
vt -0.429700 0.327600
vt -0.498700 0.409300
vt -0.547300 0.408800
vt -0.544200 0.368900
vt -0.491200 0.368400
vt -0.596700 0.409000
vt -0.596900 0.369800
vt -0.436300 0.367900
vt -0.449100 0.410000
vt -0.470100 0.454800
vt -0.509200 0.451100
vt -0.495200 0.500900
vt -0.521300 0.493400
vt -0.551400 0.448900
vt -0.597100 0.448300
vt -0.555900 0.489300
vt -0.597700 0.487800
vt -0.702500 0.412500
vt -0.705500 0.373700
vt -0.650700 0.371500
vt -0.648700 0.410400
vt -0.708500 0.334900
vt -0.653000 0.332700
vt -0.646900 0.449300
vt -0.699600 0.451300
vt -0.645100 0.488300
vt -0.696700 0.490200
vt -0.754300 0.453900
vt -0.757600 0.415000
vt -0.751000 0.492800
vt -0.760900 0.376200
vt -0.764100 0.337300
vt -0.714700 0.257600
vt -0.658600 0.255600
vt -0.655700 0.294100
vt -0.711600 0.296200
vt -0.767300 0.298500
vt -0.770500 0.259700
vt -0.773600 0.221000
vt -0.717900 0.219000
vt -0.661700 0.217200
f 1/1/1 2/2/2 3/3/3
f 1/1/1 3/3/3 4/4/4
f 4/4/4 3/3/3 5/5/5
f 4/4/4 5/5/5 6/6/6
f 2/2/2 7/7/7 8/8/8
f 2/2/2 8/8/8 3/3/3
f 3/3/3 8/8/8 9/9/9
f 3/3/3 9/9/9 5/5/5
f 1/1/1 4/4/4 10/10/10
f 1/1/1 10/10/10 11/11/11
f 11/11/11 10/10/10 12/12/12
f 11/11/11 12/12/12 13/13/13
f 4/4/4 6/6/6 14/14/14
f 4/4/4 14/14/14 10/10/10
f 10/10/10 14/14/14 15/15/15
f 10/10/10 15/15/15 12/12/12
f 1/1/1 11/11/11 16/16/16
f 1/1/1 16/16/16 17/17/17
f 17/17/17 16/16/16 18/18/18
f 17/17/17 18/18/18 19/19/19
f 11/11/11 13/13/13 20/20/20
f 11/11/11 20/20/20 16/16/16
f 16/16/16 20/20/20 21/21/21
f 16/16/16 21/21/21 18/18/18
f 1/1/1 17/17/17 22/22/22
f 1/1/1 22/22/22 2/2/2
f 2/2/2 22/22/22 23/23/23
f 2/2/2 23/23/23 7/7/7
f 17/17/17 19/19/19 24/24/24
f 17/17/17 24/24/24 22/22/22
f 22/22/22 24/24/24 25/25/25
f 22/22/22 25/25/25 23/23/23
f 26/26/26 27/27/27 28/28/28
f 26/26/26 28/28/28 29/29/29
f 29/29/29 28/28/28 8/8/8
f 29/29/29 8/8/8 7/7/7
f 27/27/27 30/30/30 31/31/31
f 27/27/27 31/31/31 28/28/28
f 28/28/28 31/31/31 9/9/9
f 28/28/28 9/9/9 8/8/8
f 26/26/26 29/29/29 32/32/32
f 26/26/26 32/32/32 33/33/33
f 33/33/33 32/32/32 34/34/34
f 33/33/33 34/34/34 35/35/35
f 29/29/29 7/7/7 23/23/23
f 29/29/29 23/23/23 32/32/32
f 32/32/32 23/23/23 25/25/25
f 32/32/32 25/25/25 34/34/34
f 26/26/26 33/33/33 36/36/36
f 26/26/26 36/36/36 37/37/37
f 37/37/37 36/36/36 38/38/38
f 37/37/37 38/38/38 39/39/39
f 33/33/33 35/35/35 40/40/40
f 33/33/33 40/40/40 36/36/36
f 36/36/36 40/40/40 41/41/41
f 36/36/36 41/41/41 38/38/38
f 26/26/26 37/37/37 42/42/42
f 26/26/26 42/42/42 27/27/27
f 27/27/27 42/42/42 43/43/43
f 27/27/27 43/43/43 30/30/30
f 37/37/37 39/39/39 44/44/44
f 37/37/37 44/44/44 42/42/42
f 42/42/42 44/44/44 45/45/45
f 42/42/42 45/45/45 43/43/43
f 46/46/46 47/47/47 48/48/48
f 46/46/46 48/48/48 49/49/49
f 49/49/49 48/48/48 31/31/31
f 49/49/49 31/31/31 30/30/30
f 47/47/47 50/50/50 51/51/51
f 47/47/47 51/51/51 48/48/48
f 48/48/48 51/51/51 9/9/9
f 48/48/48 9/9/9 31/31/31
f 46/46/46 49/49/49 52/52/52
f 46/46/46 52/52/52 53/53/53
f 53/53/53 52/52/52 54/54/54
f 53/53/53 54/54/54 55/55/55
f 49/49/49 30/30/30 43/43/43
f 49/49/49 43/43/43 52/52/52
f 52/52/52 43/43/43 45/45/45
f 52/52/52 45/45/45 54/54/54
f 46/46/46 53/53/53 56/56/56
f 46/46/46 56/56/56 57/57/57
f 57/57/57 56/56/56 58/58/58
f 57/57/57 58/58/58 59/59/59
f 53/53/53 55/55/55 60/60/60
f 53/53/53 60/60/60 56/56/56
f 56/56/56 60/60/60 61/61/61
f 56/56/56 61/61/61 58/58/58
f 46/46/46 57/57/57 62/62/62
f 46/46/46 62/62/62 47/47/47
f 47/47/47 62/62/62 63/63/63
f 47/47/47 63/63/63 50/50/50
f 57/57/57 59/59/59 64/64/64
f 57/57/57 64/64/64 62/62/62
f 62/62/62 64/64/64 65/65/65
f 62/62/62 65/65/65 63/63/63
f 66/66/66 67/67/67 68/68/68
f 66/66/66 68/68/68 69/69/69
f 69/69/69 68/68/68 51/51/51
f 69/69/69 51/51/51 50/50/50
f 67/67/67 6/6/6 5/5/5
f 67/67/67 5/5/5 68/68/68
f 68/68/68 5/5/5 9/9/9
f 68/68/68 9/9/9 51/51/51
f 66/66/66 69/69/69 70/70/70
f 66/66/66 70/70/70 71/71/71
f 71/71/71 70/70/70 72/72/72
f 71/71/71 72/72/72 73/73/73
f 69/69/69 50/50/50 63/63/63
f 69/69/69 63/63/63 70/70/70
f 70/70/70 63/63/63 65/65/65
f 70/70/70 65/65/65 72/72/72
f 66/66/66 71/71/71 74/74/74
f 66/66/66 74/74/74 75/75/75
f 75/75/75 74/74/74 76/76/76
f 75/75/75 76/76/76 77/77/77
f 71/71/71 73/73/73 78/78/78
f 71/71/71 78/78/78 74/74/74
f 74/74/74 78/78/78 79/79/79
f 74/74/74 79/79/79 76/76/76
f 66/66/66 75/75/75 80/80/80
f 66/66/66 80/80/80 67/67/67
f 67/67/67 80/80/80 14/14/14
f 67/67/67 14/14/14 6/6/6
f 75/75/75 77/77/77 81/81/81
f 75/75/75 81/81/81 80/80/80
f 80/80/80 81/81/81 15/15/15
f 80/80/80 15/15/15 14/14/14
f 82/82/82 83/83/83 84/84/84
f 82/82/82 84/84/84 85/85/85
f 85/85/85 84/84/84 86/86/86
f 85/85/85 86/86/86 87/87/87
f 83/83/83 88/88/88 89/89/89
f 83/83/83 89/89/89 84/84/84
f 84/84/84 89/89/89 90/90/90
f 84/84/84 90/90/90 86/86/86
f 82/82/82 85/85/85 91/91/91
f 82/82/82 91/91/91 92/92/92
f 92/92/92 91/91/91 44/44/44
f 92/92/92 44/44/44 39/39/39
f 85/85/85 87/87/87 93/93/93
f 85/85/85 93/93/93 91/91/91
f 91/91/91 93/93/93 45/45/45
f 91/91/91 45/45/45 44/44/44
f 82/82/82 92/92/92 94/94/94
f 82/82/82 94/94/94 95/95/95
f 95/95/95 94/94/94 96/96/96
f 95/95/95 96/96/96 97/97/97
f 92/92/92 39/39/39 38/38/38
f 92/92/92 38/38/38 94/94/94
f 94/94/94 38/38/38 41/41/41
f 94/94/94 41/41/41 96/96/96
f 82/82/82 95/95/95 98/98/98
f 82/82/82 98/98/98 83/83/83
f 83/83/83 98/98/98 99/99/99
f 83/83/83 99/99/99 88/88/88
f 95/95/95 97/97/97 100/100/100
f 95/95/95 100/100/100 98/98/98
f 98/98/98 100/100/100 101/101/101
f 98/98/98 101/101/101 99/99/99
f 102/102/102 103/103/103 104/104/104
f 102/102/102 104/104/104 105/105/105
f 105/105/105 104/104/104 89/89/89
f 105/105/105 89/89/89 88/88/88
f 103/103/103 106/106/106 107/107/107
f 103/103/103 107/107/107 104/104/104
f 104/104/104 107/107/107 90/90/90
f 104/104/104 90/90/90 89/89/89
f 102/102/102 105/105/105 108/108/108
f 102/102/102 108/108/108 109/109/109
f 109/109/109 108/108/108 110/110/110
f 109/109/109 110/110/110 111/111/111
f 105/105/105 88/88/88 99/99/99
f 105/105/105 99/99/99 108/108/108
f 108/108/108 99/99/99 101/101/101
f 108/108/108 101/101/101 110/110/110
f 102/102/102 109/109/109 112/112/112
f 102/102/102 112/112/112 113/113/113
f 113/113/113 112/112/112 114/114/114
f 113/113/113 114/114/114 115/115/115
f 109/109/109 111/111/111 116/116/116
f 109/109/109 116/116/116 112/112/112
f 112/112/112 116/116/116 117/117/117
f 112/112/112 117/117/117 114/114/114
f 102/102/102 113/113/113 118/118/118
f 102/102/102 118/118/118 103/103/103
f 103/103/103 118/118/118 119/119/119
f 103/103/103 119/119/119 106/106/106
f 113/113/113 115/115/115 120/120/120
f 113/113/113 120/120/120 118/118/118
f 118/118/118 120/120/120 121/121/121
f 118/118/118 121/121/121 119/119/119
f 122/122/122 123/123/123 124/124/124
f 122/122/122 124/124/124 125/125/125
f 125/125/125 124/124/124 107/107/107
f 125/125/125 107/107/107 106/106/106
f 123/123/123 126/126/126 127/127/127
f 123/123/123 127/127/127 124/124/124
f 124/124/124 127/127/127 90/90/90
f 124/124/124 90/90/90 107/107/107
f 122/122/122 125/125/125 128/128/128
f 122/122/122 128/128/128 129/129/129
f 129/129/129 128/128/128 130/130/130
f 129/129/129 130/130/130 131/131/131
f 125/125/125 106/106/106 119/119/119
f 125/125/125 119/119/119 128/128/128
f 128/128/128 119/119/119 121/121/121
f 128/128/128 121/121/121 130/130/130
f 122/122/122 129/129/129 132/132/132
f 122/122/122 132/132/132 133/133/133
f 133/133/133 132/132/132 134/134/134
f 133/133/133 134/134/134 135/135/135
f 129/129/129 131/131/131 136/136/136
f 129/129/129 136/136/136 132/132/132
f 132/132/132 136/136/136 137/137/137
f 132/132/132 137/137/137 134/134/134
f 122/122/122 133/133/133 138/138/138
f 122/122/122 138/138/138 123/123/123
f 123/123/123 138/138/138 139/139/139
f 123/123/123 139/139/139 126/126/126
f 133/133/133 135/135/135 140/140/140
f 133/133/133 140/140/140 138/138/138
f 138/138/138 140/140/140 141/141/141
f 138/138/138 141/141/141 139/139/139
f 142/142/142 143/143/143 144/144/144
f 142/142/142 144/144/144 145/145/145
f 145/145/145 144/144/144 127/127/127
f 145/145/145 127/127/127 126/126/126
f 143/143/143 87/87/87 86/86/86
f 143/143/143 86/86/86 144/144/144
f 144/144/144 86/86/86 90/90/90
f 144/144/144 90/90/90 127/127/127
f 142/142/142 145/145/145 146/146/146
f 142/142/142 146/146/146 147/147/147
f 147/147/147 146/146/146 148/148/148
f 147/147/147 148/148/148 149/149/149
f 145/145/145 126/126/126 139/139/139
f 145/145/145 139/139/139 146/146/146
f 146/146/146 139/139/139 141/141/141
f 146/146/146 141/141/141 148/148/148
f 142/142/142 147/147/147 150/150/150
f 142/142/142 150/150/150 151/151/151
f 151/151/151 150/150/150 60/60/60
f 151/151/151 60/60/60 55/55/55
f 147/147/147 149/149/149 152/152/152
f 147/147/147 152/152/152 150/150/150
f 150/150/150 152/152/152 61/61/61
f 150/150/150 61/61/61 60/60/60
f 142/142/142 151/151/151 153/153/153
f 142/142/142 153/153/153 143/143/143
f 143/143/143 153/153/153 93/93/93
f 143/143/143 93/93/93 87/87/87
f 151/151/151 55/55/55 54/54/54
f 151/151/151 54/54/54 153/153/153
f 153/153/153 54/54/54 45/45/45
f 153/153/153 45/45/45 93/93/93
f 154/154/154 155/155/155 156/156/156
f 154/154/154 156/156/156 157/157/157
f 157/157/157 156/156/156 158/158/158
f 157/157/157 158/158/158 159/159/159
f 155/155/155 160/160/160 161/161/161
f 155/155/155 161/161/161 156/156/156
f 156/156/156 161/161/161 162/162/162
f 156/156/156 162/162/162 158/158/158
f 154/154/154 157/157/157 163/163/163
f 154/154/154 163/163/163 164/164/164
f 164/164/164 163/163/163 165/165/165
f 164/164/164 165/165/165 166/166/166
f 157/157/157 159/159/159 167/167/167
f 157/157/157 167/167/167 163/163/163
f 163/163/163 167/167/167 168/168/168
f 163/163/163 168/168/168 165/165/165
f 154/154/154 164/164/164 169/169/169
f 154/154/154 169/169/169 170/170/170
f 170/170/170 169/169/169 171/171/171
f 170/170/170 171/171/171 172/172/172
f 164/164/164 166/166/166 173/173/173
f 164/164/164 173/173/173 169/169/169
f 169/169/169 173/173/173 174/174/174
f 169/169/169 174/174/174 171/171/171
f 154/154/154 170/170/170 175/175/175
f 154/154/154 175/175/175 155/155/155
f 155/155/155 175/175/175 176/176/176
f 155/155/155 176/176/176 160/160/160
f 170/170/170 172/172/172 177/177/177
f 170/170/170 177/177/177 175/175/175
f 175/175/175 177/177/177 178/178/178
f 175/175/175 178/178/178 176/176/176
f 179/179/179 180/180/180 181/181/181
f 179/179/179 181/181/181 182/182/182
f 182/182/182 181/181/181 161/161/161
f 182/182/182 161/161/161 160/160/160
f 180/180/180 183/183/183 184/184/184
f 180/180/180 184/184/184 181/181/181
f 181/181/181 184/184/184 162/162/162
f 181/181/181 162/162/162 161/161/161
f 179/179/179 182/182/182 185/185/185
f 179/179/179 185/185/185 186/186/186
f 186/186/186 185/185/185 187/187/187
f 186/186/186 187/187/187 188/188/188
f 182/182/182 160/160/160 176/176/176
f 182/182/182 176/176/176 185/185/185
f 185/185/185 176/176/176 178/178/178
f 185/185/185 178/178/178 187/187/187
f 179/179/179 186/186/186 189/189/189
f 179/179/179 189/189/189 190/190/190
f 190/190/190 189/189/189 191/191/191
f 190/190/190 191/191/191 192/192/192
f 186/186/186 188/188/188 193/193/193
f 186/186/186 193/193/193 189/189/189
f 189/189/189 193/193/193 194/194/194
f 189/189/189 194/194/194 191/191/191
f 179/179/179 190/190/190 195/195/195
f 179/179/179 195/195/195 180/180/180
f 180/180/180 195/195/195 196/196/196
f 180/180/180 196/196/196 183/183/183
f 190/190/190 192/192/192 197/197/197
f 190/190/190 197/197/197 195/195/195
f 195/195/195 197/197/197 198/198/198
f 195/195/195 198/198/198 196/196/196
f 199/199/199 200/200/200 201/201/201
f 199/199/199 201/201/201 202/202/202
f 202/202/202 201/201/201 184/184/184
f 202/202/202 184/184/184 183/183/183
f 200/200/200 203/203/203 204/204/204
f 200/200/200 204/204/204 201/201/201
f 201/201/201 204/204/204 162/162/162
f 201/201/201 162/162/162 184/184/184
f 199/199/199 202/202/202 205/205/205
f 199/199/199 205/205/205 206/206/206
f 206/206/206 205/205/205 207/207/207
f 206/206/206 207/207/207 208/208/208
f 202/202/202 183/183/183 196/196/196
f 202/202/202 196/196/196 205/205/205
f 205/205/205 196/196/196 198/198/198
f 205/205/205 198/198/198 207/207/207
f 199/199/199 206/206/206 209/209/209
f 199/199/199 209/209/209 210/210/210
f 210/210/210 209/209/209 40/40/40
f 210/210/210 40/40/40 35/35/35
f 206/206/206 208/208/208 211/211/211
f 206/206/206 211/211/211 209/209/209
f 209/209/209 211/211/211 41/41/41
f 209/209/209 41/41/41 40/40/40
f 199/199/199 210/210/210 212/212/212
f 199/199/199 212/212/212 200/200/200
f 200/200/200 212/212/212 213/213/213
f 200/200/200 213/213/213 203/203/203
f 210/210/210 35/35/35 34/34/34
f 210/210/210 34/34/34 212/212/212
f 212/212/212 34/34/34 25/25/25
f 212/212/212 25/25/25 213/213/213
f 214/214/214 215/215/215 216/216/216
f 214/214/214 216/216/216 217/217/217
f 217/217/217 216/216/216 204/204/204
f 217/217/217 204/204/204 203/203/203
f 215/215/215 159/159/159 158/158/158
f 215/215/215 158/158/158 216/216/216
f 216/216/216 158/158/158 162/162/162
f 216/216/216 162/162/162 204/204/204
f 214/214/214 217/217/217 218/218/218
f 214/214/214 218/218/218 219/219/219
f 219/219/219 218/218/218 24/24/24
f 219/219/219 24/24/24 19/19/19
f 217/217/217 203/203/203 213/213/213
f 217/217/217 213/213/213 218/218/218
f 218/218/218 213/213/213 25/25/25
f 218/218/218 25/25/25 24/24/24
f 214/214/214 219/219/219 220/220/220
f 214/214/214 220/220/220 221/221/221
f 221/221/221 220/220/220 222/222/222
f 221/221/221 222/222/222 223/223/223
f 219/219/219 19/19/19 18/18/18
f 219/219/219 18/18/18 220/220/220
f 220/220/220 18/18/18 21/21/21
f 220/220/220 21/21/21 222/222/222
f 214/214/214 221/221/221 224/224/224
f 214/214/214 224/224/224 215/215/215
f 215/215/215 224/224/224 167/167/167
f 215/215/215 167/167/167 159/159/159
f 221/221/221 223/223/223 225/225/225
f 221/221/221 225/225/225 224/224/224
f 224/224/224 225/225/225 168/168/168
f 224/224/224 168/168/168 167/167/167
f 226/226/226 227/227/227 228/228/228
f 226/226/226 228/228/228 229/229/229
f 229/229/229 228/228/228 230/230/230
f 229/229/229 230/230/230 231/231/231
f 227/227/227 232/232/232 233/233/233
f 227/227/227 233/233/233 228/228/228
f 228/228/228 233/233/233 234/234/234
f 228/228/228 234/234/234 230/230/230
f 226/226/226 229/229/229 235/235/235
f 226/226/226 235/235/235 236/236/236
f 236/236/236 235/235/235 197/197/197
f 236/236/236 197/197/197 192/192/192
f 229/229/229 231/231/231 237/237/237
f 229/229/229 237/237/237 235/235/235
f 235/235/235 237/237/237 198/198/198
f 235/235/235 198/198/198 197/197/197
f 226/226/226 236/236/236 238/238/238
f 226/226/226 238/238/238 239/239/239
f 239/239/239 238/238/238 240/240/240
f 239/239/239 240/240/240 241/241/241
f 236/236/236 192/192/192 191/191/191
f 236/236/236 191/191/191 238/238/238
f 238/238/238 191/191/191 194/194/194
f 238/238/238 194/194/194 240/240/240
f 226/226/226 239/239/239 242/242/242
f 226/226/226 242/242/242 227/227/227
f 227/227/227 242/242/242 243/243/243
f 227/227/227 243/243/243 232/232/232
f 239/239/239 241/241/241 244/244/244
f 239/239/239 244/244/244 242/242/242
f 242/242/242 244/244/244 245/245/245
f 242/242/242 245/245/245 243/243/243
f 246/246/246 247/247/247 248/248/248
f 246/246/246 248/248/248 249/249/249
f 249/249/249 248/248/248 233/233/233
f 249/249/249 233/233/233 232/232/232
f 247/247/247 250/250/250 251/251/251
f 247/247/247 251/251/251 248/248/248
f 248/248/248 251/251/251 234/234/234
f 248/248/248 234/234/234 233/233/233
f 246/246/246 249/249/249 252/252/252
f 246/246/246 252/252/252 253/253/253
f 253/253/253 252/252/252 254/254/254
f 253/253/253 254/254/254 255/255/255
f 249/249/249 232/232/232 243/243/243
f 249/249/249 243/243/243 252/252/252
f 252/252/252 243/243/243 245/245/245
f 252/252/252 245/245/245 254/254/254
f 246/246/246 253/253/253 256/256/256
f 246/246/246 256/256/256 257/257/257
f 257/257/257 256/256/256 258/258/258
f 257/257/257 258/258/258 259/259/259
f 253/253/253 255/255/255 260/260/260
f 253/253/253 260/260/260 256/256/256
f 256/256/256 260/260/260 261/261/261
f 256/256/256 261/261/261 258/258/258
f 246/246/246 257/257/257 262/262/262
f 246/246/246 262/262/262 247/247/247
f 247/247/247 262/262/262 263/263/263
f 247/247/247 263/263/263 250/250/250
f 257/257/257 259/259/259 264/264/264
f 257/257/257 264/264/264 262/262/262
f 262/262/262 264/264/264 265/265/265
f 262/262/262 265/265/265 263/263/263
f 266/266/266 267/267/267 268/268/268
f 266/266/266 268/268/268 269/269/269
f 269/269/269 268/268/268 251/251/251
f 269/269/269 251/251/251 250/250/250
f 267/267/267 270/270/270 271/271/271
f 267/267/267 271/271/271 268/268/268
f 268/268/268 271/271/271 234/234/234
f 268/268/268 234/234/234 251/251/251
f 266/266/266 269/269/269 272/272/272
f 266/266/266 272/272/272 273/273/273
f 273/273/273 272/272/272 274/274/274
f 273/273/273 274/274/274 275/275/275
f 269/269/269 250/250/250 263/263/263
f 269/269/269 263/263/263 272/272/272
f 272/272/272 263/263/263 265/265/265
f 272/272/272 265/265/265 274/274/274
f 266/266/266 273/273/273 276/276/276
f 266/266/266 276/276/276 277/277/277
f 277/277/277 276/276/276 116/116/116
f 277/277/277 116/116/116 111/111/111
f 273/273/273 275/275/275 278/278/278
f 273/273/273 278/278/278 276/276/276
f 276/276/276 278/278/278 117/117/117
f 276/276/276 117/117/117 116/116/116
f 266/266/266 277/277/277 279/279/279
f 266/266/266 279/279/279 267/267/267
f 267/267/267 279/279/279 280/280/280
f 267/267/267 280/280/280 270/270/270
f 277/277/277 111/111/111 110/110/110
f 277/277/277 110/110/110 279/279/279
f 279/279/279 110/110/110 101/101/101
f 279/279/279 101/101/101 280/280/280
f 281/281/281 282/282/282 283/283/283
f 281/281/281 283/283/283 284/284/284
f 284/284/284 283/283/283 271/271/271
f 284/284/284 271/271/271 270/270/270
f 282/282/282 231/231/231 230/230/230
f 282/282/282 230/230/230 283/283/283
f 283/283/283 230/230/230 234/234/234
f 283/283/283 234/234/234 271/271/271
f 281/281/281 284/284/284 285/285/285
f 281/281/281 285/285/285 286/286/286
f 286/286/286 285/285/285 100/100/100
f 286/286/286 100/100/100 97/97/97
f 284/284/284 270/270/270 280/280/280
f 284/284/284 280/280/280 285/285/285
f 285/285/285 280/280/280 101/101/101
f 285/285/285 101/101/101 100/100/100
f 281/281/281 286/286/286 287/287/287
f 281/281/281 287/287/287 288/288/288
f 288/288/288 287/287/287 211/211/211
f 288/288/288 211/211/211 208/208/208
f 286/286/286 97/97/97 96/96/96
f 286/286/286 96/96/96 287/287/287
f 287/287/287 96/96/96 41/41/41
f 287/287/287 41/41/41 211/211/211
f 281/281/281 288/288/288 289/289/289
f 281/281/281 289/289/289 282/282/282
f 282/282/282 289/289/289 237/237/237
f 282/282/282 237/237/237 231/231/231
f 288/288/288 208/208/208 207/207/207
f 288/288/288 207/207/207 289/289/289
f 289/289/289 207/207/207 198/198/198
f 289/289/289 198/198/198 237/237/237
f 290/290/290 291/291/291 292/292/292
f 290/290/290 292/292/292 293/293/293
f 293/293/293 292/292/292 294/294/294
f 293/293/293 294/294/294 295/295/295
f 291/291/291 296/296/296 297/297/297
f 291/291/291 297/297/297 292/292/292
f 292/292/292 297/297/297 298/298/298
f 292/292/292 298/298/298 294/294/294
f 290/290/290 293/293/293 299/299/299
f 290/290/290 299/299/299 300/300/300
f 300/300/300 299/299/299 301/301/301
f 300/300/300 301/301/301 302/302/302
f 293/293/293 295/295/295 303/303/303
f 293/293/293 303/303/303 299/299/299
f 299/299/299 303/303/303 304/304/304
f 299/299/299 304/304/304 301/301/301
f 290/290/290 300/300/300 305/305/305
f 290/290/290 305/305/305 306/306/306
f 306/306/306 305/305/305 307/307/307
f 306/306/306 307/307/307 308/308/308
f 300/300/300 302/302/302 309/309/309
f 300/300/300 309/309/309 305/305/305
f 305/305/305 309/309/309 310/310/310
f 305/305/305 310/310/310 307/307/307
f 290/290/290 306/306/306 311/311/311
f 290/290/290 311/311/311 291/291/291
f 291/291/291 311/311/311 312/312/312
f 291/291/291 312/312/312 296/296/296
f 306/306/306 308/308/308 313/313/313
f 306/306/306 313/313/313 311/311/311
f 311/311/311 313/313/313 314/314/314
f 311/311/311 314/314/314 312/312/312
f 315/315/315 316/316/316 317/317/317
f 315/315/315 317/317/317 318/318/318
f 318/318/318 317/317/317 297/297/297
f 318/318/318 297/297/297 296/296/296
f 316/316/316 319/319/319 320/320/320
f 316/316/316 320/320/320 317/317/317
f 317/317/317 320/320/320 298/298/298
f 317/317/317 298/298/298 297/297/297
f 315/315/315 318/318/318 321/321/321
f 315/315/315 321/321/321 322/322/322
f 322/322/322 321/321/321 323/323/323
f 322/322/322 323/323/323 324/324/324
f 318/318/318 296/296/296 312/312/312
f 318/318/318 312/312/312 321/321/321
f 321/321/321 312/312/312 314/314/314
f 321/321/321 314/314/314 323/323/323
f 315/315/315 322/322/322 325/325/325
f 315/315/315 325/325/325 326/326/326
f 326/326/326 325/325/325 327/327/327
f 326/326/326 327/327/327 328/328/328
f 322/322/322 324/324/324 329/329/329
f 322/322/322 329/329/329 325/325/325
f 325/325/325 329/329/329 330/330/330
f 325/325/325 330/330/330 327/327/327
f 315/315/315 326/326/326 331/331/331
f 315/315/315 331/331/331 316/316/316
f 316/316/316 331/331/331 332/332/332
f 316/316/316 332/332/332 319/319/319
f 326/326/326 328/328/328 333/333/333
f 326/326/326 333/333/333 331/331/331
f 331/331/331 333/333/333 334/334/334
f 331/331/331 334/334/334 332/332/332
f 335/335/335 336/336/336 337/337/337
f 335/335/335 337/337/337 338/338/338
f 338/338/338 337/337/337 320/320/320
f 338/338/338 320/320/320 319/319/319
f 336/336/336 339/339/339 340/340/340
f 336/336/336 340/340/340 337/337/337
f 337/337/337 340/340/340 298/298/298
f 337/337/337 298/298/298 320/320/320
f 335/335/335 338/338/338 341/341/341
f 335/335/335 341/341/341 342/342/342
f 342/342/342 341/341/341 343/343/343
f 342/342/342 343/343/343 344/344/344
f 338/338/338 319/319/319 332/332/332
f 338/338/338 332/332/332 341/341/341
f 341/341/341 332/332/332 334/334/334
f 341/341/341 334/334/334 343/343/343
f 335/335/335 342/342/342 345/345/345
f 335/335/335 345/345/345 346/346/346
f 346/346/346 345/345/345 193/193/193
f 346/346/346 193/193/193 188/188/188
f 342/342/342 344/344/344 347/347/347
f 342/342/342 347/347/347 345/345/345
f 345/345/345 347/347/347 194/194/194
f 345/345/345 194/194/194 193/193/193
f 335/335/335 346/346/346 348/348/348
f 335/335/335 348/348/348 336/336/336
f 336/336/336 348/348/348 349/349/349
f 336/336/336 349/349/349 339/339/339
f 346/346/346 188/188/188 187/187/187
f 346/346/346 187/187/187 348/348/348
f 348/348/348 187/187/187 178/178/178
f 348/348/348 178/178/178 349/349/349
f 350/350/350 351/351/351 352/352/352
f 350/350/350 352/352/352 353/353/353
f 353/353/353 352/352/352 340/340/340
f 353/353/353 340/340/340 339/339/339
f 351/351/351 295/295/295 294/294/294
f 351/351/351 294/294/294 352/352/352
f 352/352/352 294/294/294 298/298/298
f 352/352/352 298/298/298 340/340/340
f 350/350/350 353/353/353 354/354/354
f 350/350/350 354/354/354 355/355/355
f 355/355/355 354/354/354 177/177/177
f 355/355/355 177/177/177 172/172/172
f 353/353/353 339/339/339 349/349/349
f 353/353/353 349/349/349 354/354/354
f 354/354/354 349/349/349 178/178/178
f 354/354/354 178/178/178 177/177/177
f 350/350/350 355/355/355 356/356/356
f 350/350/350 356/356/356 357/357/357
f 357/357/357 356/356/356 358/358/358
f 357/357/357 358/358/358 359/359/359
f 355/355/355 172/172/172 171/171/171
f 355/355/355 171/171/171 356/356/356
f 356/356/356 171/171/171 174/174/174
f 356/356/356 174/174/174 358/358/358
f 350/350/350 357/357/357 360/360/360
f 350/350/350 360/360/360 351/351/351
f 351/351/351 360/360/360 303/303/303
f 351/351/351 303/303/303 295/295/295
f 357/357/357 359/359/359 361/361/361
f 357/357/357 361/361/361 360/360/360
f 360/360/360 361/361/361 304/304/304
f 360/360/360 304/304/304 303/303/303
f 362/362/362 363/363/363 364/364/364
f 362/362/362 364/364/364 365/365/365
f 365/365/365 364/364/364 366/366/366
f 365/365/365 366/366/366 367/367/367
f 363/363/363 368/368/368 369/369/369
f 363/363/363 369/369/369 364/364/364
f 364/364/364 369/369/369 370/370/370
f 364/364/364 370/370/370 366/366/366
f 362/362/362 365/365/365 371/371/371
f 362/362/362 371/371/371 372/372/372
f 372/372/372 371/371/371 333/333/333
f 372/372/372 333/333/333 328/328/328
f 365/365/365 367/367/367 373/373/373
f 365/365/365 373/373/373 371/371/371
f 371/371/371 373/373/373 334/334/334
f 371/371/371 334/334/334 333/333/333
f 362/362/362 372/372/372 374/374/374
f 362/362/362 374/374/374 375/375/375
f 375/375/375 374/374/374 376/376/376
f 375/375/375 376/376/376 377/377/377
f 372/372/372 328/328/328 327/327/327
f 372/372/372 327/327/327 374/374/374
f 374/374/374 327/327/327 330/330/330
f 374/374/374 330/330/330 376/376/376
f 362/362/362 375/375/375 378/378/378
f 362/362/362 378/378/378 363/363/363
f 363/363/363 378/378/378 379/379/379
f 363/363/363 379/379/379 368/368/368
f 375/375/375 377/377/377 380/380/380
f 375/375/375 380/380/380 378/378/378
f 378/378/378 380/380/380 381/381/381
f 378/378/378 381/381/381 379/379/379
f 382/382/382 383/383/383 384/384/384
f 382/382/382 384/384/384 385/385/385
f 385/385/385 384/384/384 369/369/369
f 385/385/385 369/369/369 368/368/368
f 383/383/383 386/386/386 387/387/387
f 383/383/383 387/387/387 384/384/384
f 384/384/384 387/387/387 370/370/370
f 384/384/384 370/370/370 369/369/369
f 382/382/382 385/385/385 388/388/388
f 382/382/382 388/388/388 389/389/389
f 389/389/389 388/388/388 390/390/390
f 389/389/389 390/390/390 391/391/391
f 385/385/385 368/368/368 379/379/379
f 385/385/385 379/379/379 388/388/388
f 388/388/388 379/379/379 381/381/381
f 388/388/388 381/381/381 390/390/390
f 382/382/382 389/389/389 392/392/392
f 382/382/382 392/392/392 393/393/393
f 393/393/393 392/392/392 394/394/394
f 393/393/393 394/394/394 395/395/395
f 389/389/389 391/391/391 396/396/396
f 389/389/389 396/396/396 392/392/392
f 392/392/392 396/396/396 397/397/397
f 392/392/392 397/397/397 394/394/394
f 382/382/382 393/393/393 398/398/398
f 382/382/382 398/398/398 383/383/383
f 383/383/383 398/398/398 399/399/399
f 383/383/383 399/399/399 386/386/386
f 393/393/393 395/395/395 400/400/400
f 393/393/393 400/400/400 398/398/398
f 398/398/398 400/400/400 401/401/401
f 398/398/398 401/401/401 399/399/399
f 402/402/402 403/403/403 404/404/404
f 402/402/402 404/404/404 405/405/405
f 405/405/405 404/404/404 387/387/387
f 405/405/405 387/387/387 386/386/386
f 403/403/403 406/406/406 407/407/407
f 403/403/403 407/407/407 404/404/404
f 404/404/404 407/407/407 370/370/370
f 404/404/404 370/370/370 387/387/387
f 402/402/402 405/405/405 408/408/408
f 402/402/402 408/408/408 409/409/409
f 409/409/409 408/408/408 410/410/410
f 409/409/409 410/410/410 411/411/411
f 405/405/405 386/386/386 399/399/399
f 405/405/405 399/399/399 408/408/408
f 408/408/408 399/399/399 401/401/401
f 408/408/408 401/401/401 410/410/410
f 402/402/402 409/409/409 412/412/412
f 402/402/402 412/412/412 413/413/413
f 413/413/413 412/412/412 260/260/260
f 413/413/413 260/260/260 255/255/255
f 409/409/409 411/411/411 414/414/414
f 409/409/409 414/414/414 412/412/412
f 412/412/412 414/414/414 261/261/261
f 412/412/412 261/261/261 260/260/260
f 402/402/402 413/413/413 415/415/415
f 402/402/402 415/415/415 403/403/403
f 403/403/403 415/415/415 416/416/416
f 403/403/403 416/416/416 406/406/406
f 413/413/413 255/255/255 254/254/254
f 413/413/413 254/254/254 415/415/415
f 415/415/415 254/254/254 245/245/245
f 415/415/415 245/245/245 416/416/416
f 417/417/417 418/418/418 419/419/419
f 417/417/417 419/419/419 420/420/420
f 420/420/420 419/419/419 407/407/407
f 420/420/420 407/407/407 406/406/406
f 418/418/418 367/367/367 366/366/366
f 418/418/418 366/366/366 419/419/419
f 419/419/419 366/366/366 370/370/370
f 419/419/419 370/370/370 407/407/407
f 417/417/417 420/420/420 421/421/421
f 417/417/417 421/421/421 422/422/422
f 422/422/422 421/421/421 244/244/244
f 422/422/422 244/244/244 241/241/241
f 420/420/420 406/406/406 416/416/416
f 420/420/420 416/416/416 421/421/421
f 421/421/421 416/416/416 245/245/245
f 421/421/421 245/245/245 244/244/244
f 417/417/417 422/422/422 423/423/423
f 417/417/417 423/423/423 424/424/424
f 424/424/424 423/423/423 347/347/347
f 424/424/424 347/347/347 344/344/344
f 422/422/422 241/241/241 240/240/240
f 422/422/422 240/240/240 423/423/423
f 423/423/423 240/240/240 194/194/194
f 423/423/423 194/194/194 347/347/347
f 417/417/417 424/424/424 425/425/425
f 417/417/417 425/425/425 418/418/418
f 418/418/418 425/425/425 373/373/373
f 418/418/418 373/373/373 367/367/367
f 424/424/424 344/344/344 343/343/343
f 424/424/424 343/343/343 425/425/425
f 425/425/425 343/343/343 334/334/334
f 425/425/425 334/334/334 373/373/373
f 426/426/426 427/427/427 428/428/428
f 426/426/426 428/428/428 429/429/429
f 429/429/429 428/428/428 430/430/430
f 429/429/429 430/430/430 431/431/431
f 427/427/427 432/432/432 433/433/433
f 427/427/427 433/433/433 428/428/428
f 428/428/428 433/433/433 434/434/434
f 428/428/428 434/434/434 430/430/430
f 426/426/426 429/429/429 435/435/435
f 426/426/426 435/435/435 436/436/436
f 436/436/436 435/435/435 437/437/437
f 436/436/436 437/437/437 438/438/438
f 429/429/429 431/431/431 439/439/439
f 429/429/429 439/439/439 435/435/435
f 435/435/435 439/439/439 440/440/440
f 435/435/435 440/440/440 437/437/437
f 426/426/426 436/436/436 441/441/441
f 426/426/426 441/441/441 442/442/442
f 442/442/442 441/441/441 443/443/443
f 442/442/442 443/443/443 444/444/444
f 436/436/436 438/438/438 445/445/445
f 436/436/436 445/445/445 441/441/441
f 441/441/441 445/445/445 446/446/446
f 441/441/441 446/446/446 443/443/443
f 426/426/426 442/442/442 447/447/447
f 426/426/426 447/447/447 427/427/427
f 427/427/427 447/447/447 448/448/448
f 427/427/427 448/448/448 432/432/432
f 442/442/442 444/444/444 449/449/449
f 442/442/442 449/449/449 447/447/447
f 447/447/447 449/449/449 450/450/450
f 447/447/447 450/450/450 448/448/448
f 451/451/451 452/452/452 453/453/453
f 451/451/451 453/453/453 454/454/454
f 454/454/454 453/453/453 433/433/433
f 454/454/454 433/433/433 432/432/432
f 452/452/452 455/455/455 456/456/456
f 452/452/452 456/456/456 453/453/453
f 453/453/453 456/456/456 434/434/434
f 453/453/453 434/434/434 433/433/433
f 451/451/451 454/454/454 457/457/457
f 451/451/451 457/457/457 458/458/458
f 458/458/458 457/457/457 459/459/459
f 458/458/458 459/459/459 460/460/460
f 454/454/454 432/432/432 448/448/448
f 454/454/454 448/448/448 457/457/457
f 457/457/457 448/448/448 450/450/450
f 457/457/457 450/450/450 459/459/459
f 451/451/451 458/458/458 461/461/461
f 451/451/451 461/461/461 462/462/462
f 462/462/462 461/461/461 463/463/463
f 462/462/462 463/463/463 464/464/464
f 458/458/458 460/460/460 465/465/465
f 458/458/458 465/465/465 461/461/461
f 461/461/461 465/465/465 466/466/466
f 461/461/461 466/466/466 463/463/463
f 451/451/451 462/462/462 467/467/467
f 451/451/451 467/467/467 452/452/452
f 452/452/452 467/467/467 468/468/468
f 452/452/452 468/468/468 455/455/455
f 462/462/462 464/464/464 469/469/469
f 462/462/462 469/469/469 467/467/467
f 467/467/467 469/469/469 470/470/470
f 467/467/467 470/470/470 468/468/468
f 471/471/471 472/472/472 473/473/473
f 471/471/471 473/473/473 474/474/474
f 474/474/474 473/473/473 456/456/456
f 474/474/474 456/456/456 455/455/455
f 472/472/472 475/475/475 476/476/476
f 472/472/472 476/476/476 473/473/473
f 473/473/473 476/476/476 434/434/434
f 473/473/473 434/434/434 456/456/456
f 471/471/471 474/474/474 477/477/477
f 471/471/471 477/477/477 478/478/478
f 478/478/478 477/477/477 479/479/479
f 478/478/478 479/479/479 480/480/480
f 474/474/474 455/455/455 468/468/468
f 474/474/474 468/468/468 477/477/477
f 477/477/477 468/468/468 470/470/470
f 477/477/477 470/470/470 479/479/479
f 471/471/471 478/478/478 481/481/481
f 471/471/471 481/481/481 482/482/482
f 482/482/482 481/481/481 483/483/483
f 482/482/482 483/483/483 484/484/484
f 478/478/478 480/480/480 485/485/485
f 478/478/478 485/485/485 481/481/481
f 481/481/481 485/485/485 486/486/486
f 481/481/481 486/486/486 483/483/483
f 471/471/471 482/482/482 487/487/487
f 471/471/471 487/487/487 472/472/472
f 472/472/472 487/487/487 488/488/488
f 472/472/472 488/488/488 475/475/475
f 482/482/482 484/484/484 489/489/489
f 482/482/482 489/489/489 487/487/487
f 487/487/487 489/489/489 490/490/490
f 487/487/487 490/490/490 488/488/488
f 491/491/491 492/492/492 493/493/493
f 491/491/491 493/493/493 494/494/494
f 494/494/494 493/493/493 476/476/476
f 494/494/494 476/476/476 475/475/475
f 492/492/492 431/431/431 430/430/430
f 492/492/492 430/430/430 493/493/493
f 493/493/493 430/430/430 434/434/434
f 493/493/493 434/434/434 476/476/476
f 491/491/491 494/494/494 495/495/495
f 491/491/491 495/495/495 496/496/496
f 496/496/496 495/495/495 497/497/497
f 496/496/496 497/497/497 498/498/498
f 494/494/494 475/475/475 488/488/488
f 494/494/494 488/488/488 495/495/495
f 495/495/495 488/488/488 490/490/490
f 495/495/495 490/490/490 497/497/497
f 491/491/491 496/496/496 499/499/499
f 491/491/491 499/499/499 500/500/500
f 500/500/500 499/499/499 501/501/501
f 500/500/500 501/501/501 502/502/502
f 496/496/496 498/498/498 503/503/503
f 496/496/496 503/503/503 499/499/499
f 499/499/499 503/503/503 504/504/504
f 499/499/499 504/504/504 501/501/501
f 491/491/491 500/500/500 505/505/505
f 491/491/491 505/505/505 492/492/492
f 492/492/492 505/505/505 439/439/439
f 492/492/492 439/439/439 431/431/431
f 500/500/500 502/502/502 506/506/506
f 500/500/500 506/506/506 505/505/505
f 505/505/505 506/506/506 440/440/440
f 505/505/505 440/440/440 439/439/439
f 507/507/507 508/508/508 509/509/509
f 507/507/507 509/509/509 510/510/510
f 510/510/510 509/509/509 511/511/511
f 510/510/510 511/511/511 512/512/512
f 508/508/508 513/513/513 514/514/514
f 508/508/508 514/514/514 509/509/509
f 509/509/509 514/514/514 515/515/515
f 509/509/509 515/515/515 511/511/511
f 507/507/507 510/510/510 516/516/516
f 507/507/507 516/516/516 517/517/517
f 517/517/517 516/516/516 506/506/506
f 517/517/517 506/506/506 502/502/502
f 510/510/510 512/512/512 518/518/518
f 510/510/510 518/518/518 516/516/516
f 516/516/516 518/518/518 440/440/440
f 516/516/516 440/440/440 506/506/506
f 507/507/507 517/517/517 519/519/519
f 507/507/507 519/519/519 520/520/520
f 520/520/520 519/519/519 521/521/521
f 520/520/520 521/521/521 522/522/522
f 517/517/517 502/502/502 501/501/501
f 517/517/517 501/501/501 519/519/519
f 519/519/519 501/501/501 504/504/504
f 519/519/519 504/504/504 521/521/521
f 507/507/507 520/520/520 523/523/523
f 507/507/507 523/523/523 508/508/508
f 508/508/508 523/523/523 524/524/524
f 508/508/508 524/524/524 513/513/513
f 520/520/520 522/522/522 525/525/525
f 520/520/520 525/525/525 523/523/523
f 523/523/523 525/525/525 526/526/526
f 523/523/523 526/526/526 524/524/524
f 527/527/527 528/528/528 529/529/529
f 527/527/527 529/529/529 530/530/530
f 530/530/530 529/529/529 514/514/514
f 530/530/530 514/514/514 513/513/513
f 528/528/528 531/531/531 532/532/532
f 528/528/528 532/532/532 529/529/529
f 529/529/529 532/532/532 515/515/515
f 529/529/529 515/515/515 514/514/514
f 527/527/527 530/530/530 533/533/533
f 527/527/527 533/533/533 534/534/534
f 534/534/534 533/533/533 535/535/535
f 534/534/534 535/535/535 536/536/536
f 530/530/530 513/513/513 524/524/524
f 530/530/530 524/524/524 533/533/533
f 533/533/533 524/524/524 526/526/526
f 533/533/533 526/526/526 535/535/535
f 527/527/527 534/534/534 537/537/537
f 527/527/527 537/537/537 538/538/538
f 538/538/538 537/537/537 539/539/539
f 538/538/538 539/539/539 540/540/540
f 534/534/534 536/536/536 541/541/541
f 534/534/534 541/541/541 537/537/537
f 537/537/537 541/541/541 542/542/542
f 537/537/537 542/542/542 539/539/539
f 527/527/527 538/538/538 543/543/543
f 527/527/527 543/543/543 528/528/528
f 528/528/528 543/543/543 544/544/544
f 528/528/528 544/544/544 531/531/531
f 538/538/538 540/540/540 545/545/545
f 538/538/538 545/545/545 543/543/543
f 543/543/543 545/545/545 546/546/546
f 543/543/543 546/546/546 544/544/544
f 547/547/547 548/548/548 549/549/549
f 547/547/547 549/549/549 550/550/550
f 550/550/550 549/549/549 532/532/532
f 550/550/550 532/532/532 531/531/531
f 548/548/548 551/551/551 552/552/552
f 548/548/548 552/552/552 549/549/549
f 549/549/549 552/552/552 515/515/515
f 549/549/549 515/515/515 532/532/532
f 547/547/547 550/550/550 553/553/553
f 547/547/547 553/553/553 554/554/554
f 554/554/554 553/553/553 555/555/555
f 554/554/554 555/555/555 556/556/556
f 550/550/550 531/531/531 544/544/544
f 550/550/550 544/544/544 553/553/553
f 553/553/553 544/544/544 546/546/546
f 553/553/553 546/546/546 555/555/555
f 547/547/547 554/554/554 557/557/557
f 547/547/547 557/557/557 558/558/558
f 558/558/558 557/557/557 559/559/559
f 558/558/558 559/559/559 560/560/560
f 554/554/554 556/556/556 561/561/561
f 554/554/554 561/561/561 557/557/557
f 557/557/557 561/561/561 562/562/562
f 557/557/557 562/562/562 559/559/559
f 547/547/547 558/558/558 563/563/563
f 547/547/547 563/563/563 548/548/548
f 548/548/548 563/563/563 564/564/564
f 548/548/548 564/564/564 551/551/551
f 558/558/558 560/560/560 565/565/565
f 558/558/558 565/565/565 563/563/563
f 563/563/563 565/565/565 566/566/566
f 563/563/563 566/566/566 564/564/564
f 567/567/567 568/568/568 569/569/569
f 567/567/567 569/569/569 570/570/570
f 570/570/570 569/569/569 552/552/552
f 570/570/570 552/552/552 551/551/551
f 568/568/568 512/512/512 511/511/511
f 568/568/568 511/511/511 569/569/569
f 569/569/569 511/511/511 515/515/515
f 569/569/569 515/515/515 552/552/552
f 567/567/567 570/570/570 571/571/571
f 567/567/567 571/571/571 572/572/572
f 572/572/572 571/571/571 573/573/573
f 572/572/572 573/573/573 574/574/574
f 570/570/570 551/551/551 564/564/564
f 570/570/570 564/564/564 571/571/571
f 571/571/571 564/564/564 566/566/566
f 571/571/571 566/566/566 573/573/573
f 567/567/567 572/572/572 575/575/575
f 567/567/567 575/575/575 576/576/576
f 576/576/576 575/575/575 445/445/445
f 576/576/576 445/445/445 438/438/438
f 572/572/572 574/574/574 577/577/577
f 572/572/572 577/577/577 575/575/575
f 575/575/575 577/577/577 446/446/446
f 575/575/575 446/446/446 445/445/445
f 567/567/567 576/576/576 578/578/578
f 567/567/567 578/578/578 568/568/568
f 568/568/568 578/578/578 518/518/518
f 568/568/568 518/518/518 512/512/512
f 576/576/576 438/438/438 437/437/437
f 576/576/576 437/437/437 578/578/578
f 578/578/578 437/437/437 440/440/440
f 578/578/578 440/440/440 518/518/518
f 579/579/579 580/580/580 581/581/581
f 579/579/579 581/581/581 582/582/582
f 582/582/582 581/581/581 583/583/583
f 582/582/582 583/583/583 584/584/584
f 580/580/580 585/585/585 586/586/586
f 580/580/580 586/586/586 581/581/581
f 581/581/581 586/586/586 587/587/587
f 581/581/581 587/587/587 583/583/583
f 579/579/579 582/582/582 588/588/588
f 579/579/579 588/588/588 589/589/589
f 589/589/589 588/588/588 590/590/590
f 589/589/589 590/590/590 591/591/591
f 582/582/582 584/584/584 592/592/592
f 582/582/582 592/592/592 588/588/588
f 588/588/588 592/592/592 593/593/593
f 588/588/588 593/593/593 590/590/590
f 579/579/579 589/589/589 594/594/594
f 579/579/579 594/594/594 595/595/595
f 595/595/595 594/594/594 596/596/596
f 595/595/595 596/596/596 597/597/597
f 589/589/589 591/591/591 598/598/598
f 589/589/589 598/598/598 594/594/594
f 594/594/594 598/598/598 599/599/599
f 594/594/594 599/599/599 596/596/596
f 579/579/579 595/595/595 600/600/600
f 579/579/579 600/600/600 580/580/580
f 580/580/580 600/600/600 601/601/601
f 580/580/580 601/601/601 585/585/585
f 595/595/595 597/597/597 602/602/602
f 595/595/595 602/602/602 600/600/600
f 600/600/600 602/602/602 603/603/603
f 600/600/600 603/603/603 601/601/601
f 604/604/604 605/605/605 606/606/606
f 604/604/604 606/606/606 607/607/607
f 607/607/607 606/606/606 586/586/586
f 607/607/607 586/586/586 585/585/585
f 605/605/605 608/608/608 609/609/609
f 605/605/605 609/609/609 606/606/606
f 606/606/606 609/609/609 587/587/587
f 606/606/606 587/587/587 586/586/586
f 604/604/604 607/607/607 610/610/610
f 604/604/604 610/610/610 611/611/611
f 611/611/611 610/610/610 612/612/612
f 611/611/611 612/612/612 613/613/613
f 607/607/607 585/585/585 601/601/601
f 607/607/607 601/601/601 610/610/610
f 610/610/610 601/601/601 603/603/603
f 610/610/610 603/603/603 612/612/612
f 604/604/604 611/611/611 614/614/614
f 604/604/604 614/614/614 615/615/615
f 615/615/615 614/614/614 616/616/616
f 615/615/615 616/616/616 617/617/617
f 611/611/611 613/613/613 618/618/618
f 611/611/611 618/618/618 614/614/614
f 614/614/614 618/618/618 619/619/619
f 614/614/614 619/619/619 616/616/616
f 604/604/604 615/615/615 620/620/620
f 604/604/604 620/620/620 605/605/605
f 605/605/605 620/620/620 621/621/621
f 605/605/605 621/621/621 608/608/608
f 615/615/615 617/617/617 622/622/622
f 615/615/615 622/622/622 620/620/620
f 620/620/620 622/622/622 623/623/623
f 620/620/620 623/623/623 621/621/621
f 624/624/624 625/625/625 626/626/626
f 624/624/624 626/626/626 627/627/627
f 627/627/627 626/626/626 609/609/609
f 627/627/627 609/609/609 608/608/608
f 625/625/625 628/628/628 629/629/629
f 625/625/625 629/629/629 626/626/626
f 626/626/626 629/629/629 587/587/587
f 626/626/626 587/587/587 609/609/609
f 624/624/624 627/627/627 630/630/630
f 624/624/624 630/630/630 631/631/631
f 631/631/631 630/630/630 632/632/632
f 631/631/631 632/632/632 633/633/633
f 627/627/627 608/608/608 621/621/621
f 627/627/627 621/621/621 630/630/630
f 630/630/630 621/621/621 623/623/623
f 630/630/630 623/623/623 632/632/632
f 624/624/624 631/631/631 634/634/634
f 624/624/624 634/634/634 635/635/635
f 635/635/635 634/634/634 503/503/503
f 635/635/635 503/503/503 498/498/498
f 631/631/631 633/633/633 636/636/636
f 631/631/631 636/636/636 634/634/634
f 634/634/634 636/636/636 504/504/504
f 634/634/634 504/504/504 503/503/503
f 624/624/624 635/635/635 637/637/637
f 624/624/624 637/637/637 625/625/625
f 625/625/625 637/637/637 638/638/638
f 625/625/625 638/638/638 628/628/628
f 635/635/635 498/498/498 497/497/497
f 635/635/635 497/497/497 637/637/637
f 637/637/637 497/497/497 490/490/490
f 637/637/637 490/490/490 638/638/638
f 639/639/639 640/640/640 641/641/641
f 639/639/639 641/641/641 642/642/642
f 642/642/642 641/641/641 629/629/629
f 642/642/642 629/629/629 628/628/628
f 640/640/640 584/584/584 583/583/583
f 640/640/640 583/583/583 641/641/641
f 641/641/641 583/583/583 587/587/587
f 641/641/641 587/587/587 629/629/629
f 639/639/639 642/642/642 643/643/643
f 639/639/639 643/643/643 644/644/644
f 644/644/644 643/643/643 489/489/489
f 644/644/644 489/489/489 484/484/484
f 642/642/642 628/628/628 638/638/638
f 642/642/642 638/638/638 643/643/643
f 643/643/643 638/638/638 490/490/490
f 643/643/643 490/490/490 489/489/489
f 639/639/639 644/644/644 645/645/645
f 639/639/639 645/645/645 646/646/646
f 646/646/646 645/645/645 647/647/647
f 646/646/646 647/647/647 648/648/648
f 644/644/644 484/484/484 483/483/483
f 644/644/644 483/483/483 645/645/645
f 645/645/645 483/483/483 486/486/486
f 645/645/645 486/486/486 647/647/647
f 639/639/639 646/646/646 649/649/649
f 639/639/639 649/649/649 640/640/640
f 640/640/640 649/649/649 592/592/592
f 640/640/640 592/592/592 584/584/584
f 646/646/646 648/648/648 650/650/650
f 646/646/646 650/650/650 649/649/649
f 649/649/649 650/650/650 593/593/593
f 649/649/649 593/593/593 592/592/592
f 651/651/651 652/652/652 653/653/653
f 651/651/651 653/653/653 654/654/654
f 654/654/654 653/653/653 655/655/655
f 654/654/654 655/655/655 656/656/656
f 652/652/652 657/657/657 658/658/658
f 652/652/652 658/658/658 653/653/653
f 653/653/653 658/658/658 659/659/659
f 653/653/653 659/659/659 655/655/655
f 651/651/651 654/654/654 660/660/660
f 651/651/651 660/660/660 661/661/661
f 661/661/661 660/660/660 622/622/622
f 661/661/661 622/622/622 617/617/617
f 654/654/654 656/656/656 662/662/662
f 654/654/654 662/662/662 660/660/660
f 660/660/660 662/662/662 623/623/623
f 660/660/660 623/623/623 622/622/622
f 651/651/651 661/661/661 663/663/663
f 651/651/651 663/663/663 664/664/664
f 664/664/664 663/663/663 665/665/665
f 664/664/664 665/665/665 666/666/666
f 661/661/661 617/617/617 616/616/616
f 661/661/661 616/616/616 663/663/663
f 663/663/663 616/616/616 619/619/619
f 663/663/663 619/619/619 665/665/665
f 651/651/651 664/664/664 667/667/667
f 651/651/651 667/667/667 652/652/652
f 652/652/652 667/667/667 668/668/668
f 652/652/652 668/668/668 657/657/657
f 664/664/664 666/666/666 669/669/669
f 664/664/664 669/669/669 667/667/667
f 667/667/667 669/669/669 670/670/670
f 667/667/667 670/670/670 668/668/668
f 671/671/671 672/672/672 673/673/673
f 671/671/671 673/673/673 674/674/674
f 674/674/674 673/673/673 658/658/658
f 674/674/674 658/658/658 657/657/657
f 672/672/672 675/675/675 676/676/676
f 672/672/672 676/676/676 673/673/673
f 673/673/673 676/676/676 659/659/659
f 673/673/673 659/659/659 658/658/658
f 671/671/671 674/674/674 677/677/677
f 671/671/671 677/677/677 678/678/678
f 678/678/678 677/677/677 679/679/679
f 678/678/678 679/679/679 680/680/680
f 674/674/674 657/657/657 668/668/668
f 674/674/674 668/668/668 677/677/677
f 677/677/677 668/668/668 670/670/670
f 677/677/677 670/670/670 679/679/679
f 671/671/671 678/678/678 681/681/681
f 671/671/671 681/681/681 682/682/682
f 682/682/682 681/681/681 683/683/683
f 682/682/682 683/683/683 684/684/684
f 678/678/678 680/680/680 685/685/685
f 678/678/678 685/685/685 681/681/681
f 681/681/681 685/685/685 686/686/686
f 681/681/681 686/686/686 683/683/683
f 671/671/671 682/682/682 687/687/687
f 671/671/671 687/687/687 672/672/672
f 672/672/672 687/687/687 688/688/688
f 672/672/672 688/688/688 675/675/675
f 682/682/682 684/684/684 689/689/689
f 682/682/682 689/689/689 687/687/687
f 687/687/687 689/689/689 690/690/690
f 687/687/687 690/690/690 688/688/688
f 691/691/691 692/692/692 693/693/693
f 691/691/691 693/693/693 694/694/694
f 694/694/694 693/693/693 676/676/676
f 694/694/694 676/676/676 675/675/675
f 692/692/692 695/695/695 696/696/696
f 692/692/692 696/696/696 693/693/693
f 693/693/693 696/696/696 659/659/659
f 693/693/693 659/659/659 676/676/676
f 691/691/691 694/694/694 697/697/697
f 691/691/691 697/697/697 698/698/698
f 698/698/698 697/697/697 699/699/699
f 698/698/698 699/699/699 700/700/700
f 694/694/694 675/675/675 688/688/688
f 694/694/694 688/688/688 697/697/697
f 697/697/697 688/688/688 690/690/690
f 697/697/697 690/690/690 699/699/699
f 691/691/691 698/698/698 701/701/701
f 691/691/691 701/701/701 702/702/702
f 702/702/702 701/701/701 541/541/541
f 702/702/702 541/541/541 536/536/536
f 698/698/698 700/700/700 703/703/703
f 698/698/698 703/703/703 701/701/701
f 701/701/701 703/703/703 542/542/542
f 701/701/701 542/542/542 541/541/541
f 691/691/691 702/702/702 704/704/704
f 691/691/691 704/704/704 692/692/692
f 692/692/692 704/704/704 705/705/705
f 692/692/692 705/705/705 695/695/695
f 702/702/702 536/536/536 535/535/535
f 702/702/702 535/535/535 704/704/704
f 704/704/704 535/535/535 526/526/526
f 704/704/704 526/526/526 705/705/705
f 706/706/706 707/707/707 708/708/708
f 706/706/706 708/708/708 709/709/709
f 709/709/709 708/708/708 696/696/696
f 709/709/709 696/696/696 695/695/695
f 707/707/707 656/656/656 655/655/655
f 707/707/707 655/655/655 708/708/708
f 708/708/708 655/655/655 659/659/659
f 708/708/708 659/659/659 696/696/696
f 706/706/706 709/709/709 710/710/710
f 706/706/706 710/710/710 711/711/711
f 711/711/711 710/710/710 525/525/525
f 711/711/711 525/525/525 522/522/522
f 709/709/709 695/695/695 705/705/705
f 709/709/709 705/705/705 710/710/710
f 710/710/710 705/705/705 526/526/526
f 710/710/710 526/526/526 525/525/525
f 706/706/706 711/711/711 712/712/712
f 706/706/706 712/712/712 713/713/713
f 713/713/713 712/712/712 636/636/636
f 713/713/713 636/636/636 633/633/633
f 711/711/711 522/522/522 521/521/521
f 711/711/711 521/521/521 712/712/712
f 712/712/712 521/521/521 504/504/504
f 712/712/712 504/504/504 636/636/636
f 706/706/706 713/713/713 714/714/714
f 706/706/706 714/714/714 707/707/707
f 707/707/707 714/714/714 662/662/662
f 707/707/707 662/662/662 656/656/656
f 713/713/713 633/633/633 632/632/632
f 713/713/713 632/632/632 714/714/714
f 714/714/714 632/632/632 623/623/623
f 714/714/714 623/623/623 662/662/662
f 715/715/715 716/716/716 717/717/717
f 715/715/715 717/717/717 718/718/718
f 718/718/718 717/717/717 719/719/719
f 718/718/718 719/719/719 720/720/720
f 716/716/716 721/721/721 722/722/722
f 716/716/716 722/722/722 717/717/717
f 717/717/717 722/722/722 723/723/723
f 717/717/717 723/723/723 719/719/719
f 715/715/715 718/718/718 724/724/724
f 715/715/715 724/724/724 725/725/725
f 725/725/725 724/724/724 726/726/726
f 725/725/725 726/726/726 727/727/727
f 718/718/718 720/720/720 728/728/728
f 718/718/718 728/728/728 724/724/724
f 724/724/724 728/728/728 729/729/729
f 724/724/724 729/729/729 726/726/726
f 715/715/715 725/725/725 730/730/730
f 715/715/715 730/730/730 731/731/731
f 731/731/731 730/730/730 732/732/732
f 731/731/731 732/732/732 733/733/733
f 725/725/725 727/727/727 734/734/734
f 725/725/725 734/734/734 730/730/730
f 730/730/730 734/734/734 735/735/735
f 730/730/730 735/735/735 732/732/732
f 715/715/715 731/731/731 736/736/736
f 715/715/715 736/736/736 716/716/716
f 716/716/716 736/736/736 737/737/737
f 716/716/716 737/737/737 721/721/721
f 731/731/731 733/733/733 738/738/738
f 731/731/731 738/738/738 736/736/736
f 736/736/736 738/738/738 739/739/739
f 736/736/736 739/739/739 737/737/737
f 740/740/740 741/741/741 742/742/742
f 740/740/740 742/742/742 743/743/743
f 743/743/743 742/742/742 722/722/722
f 743/743/743 722/722/722 721/721/721
f 741/741/741 744/744/744 745/745/745
f 741/741/741 745/745/745 742/742/742
f 742/742/742 745/745/745 723/723/723
f 742/742/742 723/723/723 722/722/722
f 740/740/740 743/743/743 746/746/746
f 740/740/740 746/746/746 747/747/747
f 747/747/747 746/746/746 748/748/748
f 747/747/747 748/748/748 749/749/749
f 743/743/743 721/721/721 737/737/737
f 743/743/743 737/737/737 746/746/746
f 746/746/746 737/737/737 739/739/739
f 746/746/746 739/739/739 748/748/748
f 740/740/740 747/747/747 750/750/750
f 740/740/740 750/750/750 751/751/751
f 751/751/751 750/750/750 752/752/752
f 751/751/751 752/752/752 753/753/753
f 747/747/747 749/749/749 754/754/754
f 747/747/747 754/754/754 750/750/750
f 750/750/750 754/754/754 755/755/755
f 750/750/750 755/755/755 752/752/752
f 740/740/740 751/751/751 756/756/756
f 740/740/740 756/756/756 741/741/741
f 741/741/741 756/756/756 757/757/757
f 741/741/741 757/757/757 744/744/744
f 751/751/751 753/753/753 758/758/758
f 751/751/751 758/758/758 756/756/756
f 756/756/756 758/758/758 759/759/759
f 756/756/756 759/759/759 757/757/757
f 760/760/760 761/761/761 762/762/762
f 760/760/760 762/762/762 763/763/763
f 763/763/763 762/762/762 745/745/745
f 763/763/763 745/745/745 744/744/744
f 761/761/761 764/764/764 765/765/765
f 761/761/761 765/765/765 762/762/762
f 762/762/762 765/765/765 723/723/723
f 762/762/762 723/723/723 745/745/745
f 760/760/760 763/763/763 766/766/766
f 760/760/760 766/766/766 767/767/767
f 767/767/767 766/766/766 768/768/768
f 767/767/767 768/768/768 769/769/769
f 763/763/763 744/744/744 757/757/757
f 763/763/763 757/757/757 766/766/766
f 766/766/766 757/757/757 759/759/759
f 766/766/766 759/759/759 768/768/768
f 760/760/760 767/767/767 770/770/770
f 760/760/760 770/770/770 771/771/771
f 771/771/771 770/770/770 618/618/618
f 771/771/771 618/618/618 613/613/613
f 767/767/767 769/769/769 772/772/772
f 767/767/767 772/772/772 770/770/770
f 770/770/770 772/772/772 619/619/619
f 770/770/770 619/619/619 618/618/618
f 760/760/760 771/771/771 773/773/773
f 760/760/760 773/773/773 761/761/761
f 761/761/761 773/773/773 774/774/774
f 761/761/761 774/774/774 764/764/764
f 771/771/771 613/613/613 612/612/612
f 771/771/771 612/612/612 773/773/773
f 773/773/773 612/612/612 603/603/603
f 773/773/773 603/603/603 774/774/774
f 775/775/775 776/776/776 777/777/777
f 775/775/775 777/777/777 778/778/778
f 778/778/778 777/777/777 765/765/765
f 778/778/778 765/765/765 764/764/764
f 776/776/776 720/720/720 719/719/719
f 776/776/776 719/719/719 777/777/777
f 777/777/777 719/719/719 723/723/723
f 777/777/777 723/723/723 765/765/765
f 775/775/775 778/778/778 779/779/779
f 775/775/775 779/779/779 780/780/780
f 780/780/780 779/779/779 602/602/602
f 780/780/780 602/602/602 597/597/597
f 778/778/778 764/764/764 774/774/774
f 778/778/778 774/774/774 779/779/779
f 779/779/779 774/774/774 603/603/603
f 779/779/779 603/603/603 602/602/602
f 775/775/775 780/780/780 781/781/781
f 775/775/775 781/781/781 782/782/782
f 782/782/782 781/781/781 783/783/783
f 782/782/782 783/783/783 784/784/784
f 780/780/780 597/597/597 596/596/596
f 780/780/780 596/596/596 781/781/781
f 781/781/781 596/596/596 599/599/599
f 781/781/781 599/599/599 783/783/783
f 775/775/775 782/782/782 785/785/785
f 775/775/775 785/785/785 776/776/776
f 776/776/776 785/785/785 728/728/728
f 776/776/776 728/728/728 720/720/720
f 782/782/782 784/784/784 786/786/786
f 782/782/782 786/786/786 785/785/785
f 785/785/785 786/786/786 729/729/729
f 785/785/785 729/729/729 728/728/728
f 787/787/787 788/788/788 789/789/789
f 787/787/787 789/789/789 790/790/790
f 790/790/790 789/789/789 791/791/791
f 790/790/790 791/791/791 792/792/792
f 788/788/788 793/793/793 794/794/794
f 788/788/788 794/794/794 789/789/789
f 789/789/789 794/794/794 795/795/795
f 789/789/789 795/795/795 791/791/791
f 787/787/787 790/790/790 796/796/796
f 787/787/787 796/796/796 797/797/797
f 797/797/797 796/796/796 758/758/758
f 797/797/797 758/758/758 753/753/753
f 790/790/790 792/792/792 798/798/798
f 790/790/790 798/798/798 796/796/796
f 796/796/796 798/798/798 759/759/759
f 796/796/796 759/759/759 758/758/758
f 787/787/787 797/797/797 799/799/799
f 787/787/787 799/799/799 800/800/800
f 800/800/800 799/799/799 801/801/801
f 800/800/800 801/801/801 802/802/802
f 797/797/797 753/753/753 752/752/752
f 797/797/797 752/752/752 799/799/799
f 799/799/799 752/752/752 755/755/755
f 799/799/799 755/755/755 801/801/801
f 787/787/787 800/800/800 803/803/803
f 787/787/787 803/803/803 788/788/788
f 788/788/788 803/803/803 804/804/804
f 788/788/788 804/804/804 793/793/793
f 800/800/800 802/802/802 805/805/805
f 800/800/800 805/805/805 803/803/803
f 803/803/803 805/805/805 806/806/806
f 803/803/803 806/806/806 804/804/804
f 807/807/807 808/808/808 809/809/809
f 807/807/807 809/809/809 810/810/810
f 810/810/810 809/809/809 794/794/794
f 810/810/810 794/794/794 793/793/793
f 808/808/808 811/811/811 812/812/812
f 808/808/808 812/812/812 809/809/809
f 809/809/809 812/812/812 795/795/795
f 809/809/809 795/795/795 794/794/794
f 807/807/807 810/810/810 813/813/813
f 807/807/807 813/813/813 814/814/814
f 814/814/814 813/813/813 815/815/815
f 814/814/814 815/815/815 816/816/816
f 810/810/810 793/793/793 804/804/804
f 810/810/810 804/804/804 813/813/813
f 813/813/813 804/804/804 806/806/806
f 813/813/813 806/806/806 815/815/815
f 807/807/807 814/814/814 817/817/817
f 807/807/807 817/817/817 818/818/818
f 818/818/818 817/817/817 819/819/819
f 818/818/818 819/819/819 820/820/820
f 814/814/814 816/816/816 821/821/821
f 814/814/814 821/821/821 817/817/817
f 817/817/817 821/821/821 822/822/822
f 817/817/817 822/822/822 819/819/819
f 807/807/807 818/818/818 823/823/823
f 807/807/807 823/823/823 808/808/808
f 808/808/808 823/823/823 824/824/824
f 808/808/808 824/824/824 811/811/811
f 818/818/818 820/820/820 825/825/825
f 818/818/818 825/825/825 823/823/823
f 823/823/823 825/825/825 826/826/826
f 823/823/823 826/826/826 824/824/824
f 827/827/827 828/828/828 829/829/829
f 827/827/827 829/829/829 830/830/830
f 830/830/830 829/829/829 812/812/812
f 830/830/830 812/812/812 811/811/811
f 828/828/828 831/831/831 832/832/832
f 828/828/828 832/832/832 829/829/829
f 829/829/829 832/832/832 795/795/795
f 829/829/829 795/795/795 812/812/812
f 827/827/827 830/830/830 833/833/833
f 827/827/827 833/833/833 834/834/834
f 834/834/834 833/833/833 835/835/835
f 834/834/834 835/835/835 836/836/836
f 830/830/830 811/811/811 824/824/824
f 830/830/830 824/824/824 833/833/833
f 833/833/833 824/824/824 826/826/826
f 833/833/833 826/826/826 835/835/835
f 827/827/827 834/834/834 837/837/837
f 827/827/827 837/837/837 838/838/838
f 838/838/838 837/837/837 685/685/685
f 838/838/838 685/685/685 680/680/680
f 834/834/834 836/836/836 839/839/839
f 834/834/834 839/839/839 837/837/837
f 837/837/837 839/839/839 686/686/686
f 837/837/837 686/686/686 685/685/685
f 827/827/827 838/838/838 840/840/840
f 827/827/827 840/840/840 828/828/828
f 828/828/828 840/840/840 841/841/841
f 828/828/828 841/841/841 831/831/831
f 838/838/838 680/680/680 679/679/679
f 838/838/838 679/679/679 840/840/840
f 840/840/840 679/679/679 670/670/670
f 840/840/840 670/670/670 841/841/841
f 842/842/842 843/843/843 844/844/844
f 842/842/842 844/844/844 845/845/845
f 845/845/845 844/844/844 832/832/832
f 845/845/845 832/832/832 831/831/831
f 843/843/843 792/792/792 791/791/791
f 843/843/843 791/791/791 844/844/844
f 844/844/844 791/791/791 795/795/795
f 844/844/844 795/795/795 832/832/832
f 842/842/842 845/845/845 846/846/846
f 842/842/842 846/846/846 847/847/847
f 847/847/847 846/846/846 669/669/669
f 847/847/847 669/669/669 666/666/666
f 845/845/845 831/831/831 841/841/841
f 845/845/845 841/841/841 846/846/846
f 846/846/846 841/841/841 670/670/670
f 846/846/846 670/670/670 669/669/669
f 842/842/842 847/847/847 848/848/848
f 842/842/842 848/848/848 849/849/849
f 849/849/849 848/848/848 772/772/772
f 849/849/849 772/772/772 769/769/769
f 847/847/847 666/666/666 665/665/665
f 847/847/847 665/665/665 848/848/848
f 848/848/848 665/665/665 619/619/619
f 848/848/848 619/619/619 772/772/772
f 842/842/842 849/849/849 850/850/850
f 842/842/842 850/850/850 843/843/843
f 843/843/843 850/850/850 798/798/798
f 843/843/843 798/798/798 792/792/792
f 849/849/849 769/769/769 768/768/768
f 849/849/849 768/768/768 850/850/850
f 850/850/850 768/768/768 759/759/759
f 850/850/850 759/759/759 798/798/798
f 851/851/851 852/852/852 853/853/853
f 851/851/851 853/853/853 854/854/854
f 854/854/854 853/853/853 855/855/855
f 854/854/854 855/855/855 856/856/856
f 852/852/852 857/857/857 858/858/858
f 852/852/852 858/858/858 853/853/853
f 853/853/853 858/858/858 859/859/859
f 853/853/853 859/859/859 855/855/855
f 851/851/851 854/854/854 860/860/860
f 851/851/851 860/860/860 861/861/861
f 861/861/861 860/860/860 862/862/862
f 861/861/861 862/862/862 863/863/863
f 854/854/854 856/856/856 864/864/864
f 854/854/854 864/864/864 860/860/860
f 860/860/860 864/864/864 865/865/865
f 860/860/860 865/865/865 862/862/862
f 851/851/851 861/861/861 866/866/866
f 851/851/851 866/866/866 867/867/867
f 867/867/867 866/866/866 868/868/868
f 867/867/867 868/868/868 869/869/869
f 861/861/861 863/863/863 870/870/870
f 861/861/861 870/870/870 866/866/866
f 866/866/866 870/870/870 871/871/871
f 866/866/866 871/871/871 868/868/868
f 851/851/851 867/867/867 872/872/872
f 851/851/851 872/872/872 852/852/852
f 852/852/852 872/872/872 873/873/873
f 852/852/852 873/873/873 857/857/857
f 867/867/867 869/869/869 874/874/874
f 867/867/867 874/874/874 872/872/872
f 872/872/872 874/874/874 875/875/875
f 872/872/872 875/875/875 873/873/873
f 876/876/876 877/877/877 878/878/878
f 876/876/876 878/878/878 879/879/879
f 879/879/879 878/878/878 858/858/858
f 879/879/879 858/858/858 857/857/857
f 877/877/877 880/880/880 881/881/881
f 877/877/877 881/881/881 878/878/878
f 878/878/878 881/881/881 859/859/859
f 878/878/878 859/859/859 858/858/858
f 876/876/876 879/879/879 882/882/882
f 876/876/876 882/882/882 883/883/883
f 883/883/883 882/882/882 884/884/884
f 883/883/883 884/884/884 885/885/885
f 879/879/879 857/857/857 873/873/873
f 879/879/879 873/873/873 882/882/882
f 882/882/882 873/873/873 875/875/875
f 882/882/882 875/875/875 884/884/884
f 876/876/876 883/883/883 886/886/886
f 876/876/876 886/886/886 887/887/887
f 887/887/887 886/886/886 888/888/888
f 887/887/887 888/888/888 889/889/889
f 883/883/883 885/885/885 890/890/890
f 883/883/883 890/890/890 886/886/886
f 886/886/886 890/890/890 891/891/891
f 886/886/886 891/891/891 888/888/888
f 876/876/876 887/887/887 892/892/892
f 876/876/876 892/892/892 877/877/877
f 877/877/877 892/892/892 893/893/893
f 877/877/877 893/893/893 880/880/880
f 887/887/887 889/889/889 894/894/894
f 887/887/887 894/894/894 892/892/892
f 892/892/892 894/894/894 895/895/895
f 892/892/892 895/895/895 893/893/893
f 896/896/896 897/897/897 898/898/898
f 896/896/896 898/898/898 899/899/899
f 899/899/899 898/898/898 881/881/881
f 899/899/899 881/881/881 880/880/880
f 897/897/897 900/900/900 901/901/901
f 897/897/897 901/901/901 898/898/898
f 898/898/898 901/901/901 859/859/859
f 898/898/898 859/859/859 881/881/881
f 896/896/896 899/899/899 902/902/902
f 896/896/896 902/902/902 903/903/903
f 903/903/903 902/902/902 904/904/904
f 903/903/903 904/904/904 905/905/905
f 899/899/899 880/880/880 893/893/893
f 899/899/899 893/893/893 902/902/902
f 902/902/902 893/893/893 895/895/895
f 902/902/902 895/895/895 904/904/904
f 896/896/896 903/903/903 906/906/906
f 896/896/896 906/906/906 907/907/907
f 907/907/907 906/906/906 908/908/908
f 907/907/907 908/908/908 909/909/909
f 903/903/903 905/905/905 910/910/910
f 903/903/903 910/910/910 906/906/906
f 906/906/906 910/910/910 911/911/911
f 906/906/906 911/911/911 908/908/908
f 896/896/896 907/907/907 912/912/912
f 896/896/896 912/912/912 897/897/897
f 897/897/897 912/912/912 913/913/913
f 897/897/897 913/913/913 900/900/900
f 907/907/907 909/909/909 914/914/914
f 907/907/907 914/914/914 912/912/912
f 912/912/912 914/914/914 915/915/915
f 912/912/912 915/915/915 913/913/913
f 916/916/916 917/917/917 918/918/918
f 916/916/916 918/918/918 919/919/919
f 919/919/919 918/918/918 901/901/901
f 919/919/919 901/901/901 900/900/900
f 917/917/917 856/856/856 855/855/855
f 917/917/917 855/855/855 918/918/918
f 918/918/918 855/855/855 859/859/859
f 918/918/918 859/859/859 901/901/901
f 916/916/916 919/919/919 920/920/920
f 916/916/916 920/920/920 921/921/921
f 921/921/921 920/920/920 922/922/922
f 921/921/921 922/922/922 923/923/923
f 919/919/919 900/900/900 913/913/913
f 919/919/919 913/913/913 920/920/920
f 920/920/920 913/913/913 915/915/915
f 920/920/920 915/915/915 922/922/922
f 916/916/916 921/921/921 924/924/924
f 916/916/916 924/924/924 925/925/925
f 925/925/925 924/924/924 926/926/926
f 925/925/925 926/926/926 927/927/927
f 921/921/921 923/923/923 928/928/928
f 921/921/921 928/928/928 924/924/924
f 924/924/924 928/928/928 929/929/929
f 924/924/924 929/929/929 926/926/926
f 916/916/916 925/925/925 930/930/930
f 916/916/916 930/930/930 917/917/917
f 917/917/917 930/930/930 864/864/864
f 917/917/917 864/864/864 856/856/856
f 925/925/925 927/927/927 931/931/931
f 925/925/925 931/931/931 930/930/930
f 930/930/930 931/931/931 865/865/865
f 930/930/930 865/865/865 864/864/864
f 932/932/932 933/933/933 934/934/934
f 932/932/932 934/934/934 935/935/935
f 935/935/935 934/934/934 936/936/936
f 935/935/935 936/936/936 937/937/937
f 933/933/933 938/938/938 939/939/939
f 933/933/933 939/939/939 934/934/934
f 934/934/934 939/939/939 940/940/940
f 934/934/934 940/940/940 936/936/936
f 932/932/932 935/935/935 941/941/941
f 932/932/932 941/941/941 942/942/942
f 942/942/942 941/941/941 894/894/894
f 942/942/942 894/894/894 889/889/889
f 935/935/935 937/937/937 943/943/943
f 935/935/935 943/943/943 941/941/941
f 941/941/941 943/943/943 895/895/895
f 941/941/941 895/895/895 894/894/894
f 932/932/932 942/942/942 944/944/944
f 932/932/932 944/944/944 945/945/945
f 945/945/945 944/944/944 946/946/946
f 945/945/945 946/946/946 947/947/947
f 942/942/942 889/889/889 888/888/888
f 942/942/942 888/888/888 944/944/944
f 944/944/944 888/888/888 891/891/891
f 944/944/944 891/891/891 946/946/946
f 932/932/932 945/945/945 948/948/948
f 932/932/932 948/948/948 933/933/933
f 933/933/933 948/948/948 949/949/949
f 933/933/933 949/949/949 938/938/938
f 945/945/945 947/947/947 950/950/950
f 945/945/945 950/950/950 948/948/948
f 948/948/948 950/950/950 951/951/951
f 948/948/948 951/951/951 949/949/949
f 952/952/952 953/953/953 954/954/954
f 952/952/952 954/954/954 955/955/955
f 955/955/955 954/954/954 939/939/939
f 955/955/955 939/939/939 938/938/938
f 953/953/953 956/956/956 957/957/957
f 953/953/953 957/957/957 954/954/954
f 954/954/954 957/957/957 940/940/940
f 954/954/954 940/940/940 939/939/939
f 952/952/952 955/955/955 958/958/958
f 952/952/952 958/958/958 959/959/959
f 959/959/959 958/958/958 960/960/960
f 959/959/959 960/960/960 961/961/961
f 955/955/955 938/938/938 949/949/949
f 955/955/955 949/949/949 958/958/958
f 958/958/958 949/949/949 951/951/951
f 958/958/958 951/951/951 960/960/960
f 952/952/952 959/959/959 962/962/962
f 952/952/952 962/962/962 963/963/963
f 963/963/963 962/962/962 964/964/964
f 963/963/963 964/964/964 965/965/965
f 959/959/959 961/961/961 966/966/966
f 959/959/959 966/966/966 962/962/962
f 962/962/962 966/966/966 967/967/967
f 962/962/962 967/967/967 964/964/964
f 952/952/952 963/963/963 968/968/968
f 952/952/952 968/968/968 953/953/953
f 953/953/953 968/968/968 969/969/969
f 953/953/953 969/969/969 956/956/956
f 963/963/963 965/965/965 970/970/970
f 963/963/963 970/970/970 968/968/968
f 968/968/968 970/970/970 971/971/971
f 968/968/968 971/971/971 969/969/969
f 972/972/972 973/973/973 974/974/974
f 972/972/972 974/974/974 975/975/975
f 975/975/975 974/974/974 957/957/957
f 975/975/975 957/957/957 956/956/956
f 973/973/973 976/976/976 977/977/977
f 973/973/973 977/977/977 974/974/974
f 974/974/974 977/977/977 940/940/940
f 974/974/974 940/940/940 957/957/957
f 972/972/972 975/975/975 978/978/978
f 972/972/972 978/978/978 979/979/979
f 979/979/979 978/978/978 980/980/980
f 979/979/979 980/980/980 981/981/981
f 975/975/975 956/956/956 969/969/969
f 975/975/975 969/969/969 978/978/978
f 978/978/978 969/969/969 971/971/971
f 978/978/978 971/971/971 980/980/980
f 972/972/972 979/979/979 982/982/982
f 972/972/972 982/982/982 983/983/983
f 983/983/983 982/982/982 984/984/984
f 983/983/983 984/984/984 985/985/985
f 979/979/979 981/981/981 986/986/986
f 979/979/979 986/986/986 982/982/982
f 982/982/982 986/986/986 987/987/987
f 982/982/982 987/987/987 984/984/984
f 972/972/972 983/983/983 988/988/988
f 972/972/972 988/988/988 973/973/973
f 973/973/973 988/988/988 989/989/989
f 973/973/973 989/989/989 976/976/976
f 983/983/983 985/985/985 990/990/990
f 983/983/983 990/990/990 988/988/988
f 988/988/988 990/990/990 991/991/991
f 988/988/988 991/991/991 989/989/989
f 992/992/992 993/993/993 994/994/994
f 992/992/992 994/994/994 995/995/995
f 995/995/995 994/994/994 977/977/977
f 995/995/995 977/977/977 976/976/976
f 993/993/993 937/937/937 936/936/936
f 993/993/993 936/936/936 994/994/994
f 994/994/994 936/936/936 940/940/940
f 994/994/994 940/940/940 977/977/977
f 992/992/992 995/995/995 996/996/996
f 992/992/992 996/996/996 997/997/997
f 997/997/997 996/996/996 998/998/998
f 997/997/997 998/998/998 999/999/999
f 995/995/995 976/976/976 989/989/989
f 995/995/995 989/989/989 996/996/996
f 996/996/996 989/989/989 991/991/991
f 996/996/996 991/991/991 998/998/998
f 992/992/992 997/997/997 1000/1000/1000
f 992/992/992 1000/1000/1000 1001/1001/1001
f 1001/1001/1001 1000/1000/1000 910/910/910
f 1001/1001/1001 910/910/910 905/905/905
f 997/997/997 999/999/999 1002/1002/1002
f 997/997/997 1002/1002/1002 1000/1000/1000
f 1000/1000/1000 1002/1002/1002 911/911/911
f 1000/1000/1000 911/911/911 910/910/910
f 992/992/992 1001/1001/1001 1003/1003/1003
f 992/992/992 1003/1003/1003 993/993/993
f 993/993/993 1003/1003/1003 943/943/943
f 993/993/993 943/943/943 937/937/937
f 1001/1001/1001 905/905/905 904/904/904
f 1001/1001/1001 904/904/904 1003/1003/1003
f 1003/1003/1003 904/904/904 895/895/895
f 1003/1003/1003 895/895/895 943/943/943
f 1004/1004/1004 1005/1005/1005 1006/1006/1006
f 1004/1004/1004 1006/1006/1006 1007/1007/1007
f 1007/1007/1007 1006/1006/1006 1008/1008/1008
f 1007/1007/1007 1008/1008/1008 1009/1009/1009
f 1005/1005/1005 1010/1010/1010 1011/1011/1011
f 1005/1005/1005 1011/1011/1011 1006/1006/1006
f 1006/1006/1006 1011/1011/1011 1012/1012/1012
f 1006/1006/1006 1012/1012/1012 1008/1008/1008
f 1004/1004/1004 1007/1007/1007 1013/1013/1013
f 1004/1004/1004 1013/1013/1013 1014/1014/1014
f 1014/1014/1014 1013/1013/1013 1015/1015/1015
f 1014/1014/1014 1015/1015/1015 1016/1016/1016
f 1007/1007/1007 1009/1009/1009 1017/1017/1017
f 1007/1007/1007 1017/1017/1017 1013/1013/1013
f 1013/1013/1013 1017/1017/1017 1018/1018/1018
f 1013/1013/1013 1018/1018/1018 1015/1015/1015
f 1004/1004/1004 1014/1014/1014 1019/1019/1019
f 1004/1004/1004 1019/1019/1019 1020/1020/1020
f 1020/1020/1020 1019/1019/1019 1021/1021/1021
f 1020/1020/1020 1021/1021/1021 1022/1022/1022
f 1014/1014/1014 1016/1016/1016 1023/1023/1023
f 1014/1014/1014 1023/1023/1023 1019/1019/1019
f 1019/1019/1019 1023/1023/1023 1024/1024/1024
f 1019/1019/1019 1024/1024/1024 1021/1021/1021
f 1004/1004/1004 1020/1020/1020 1025/1025/1025
f 1004/1004/1004 1025/1025/1025 1005/1005/1005
f 1005/1005/1005 1025/1025/1025 1026/1026/1026
f 1005/1005/1005 1026/1026/1026 1010/1010/1010
f 1020/1020/1020 1022/1022/1022 1027/1027/1027
f 1020/1020/1020 1027/1027/1027 1025/1025/1025
f 1025/1025/1025 1027/1027/1027 1028/1028/1028
f 1025/1025/1025 1028/1028/1028 1026/1026/1026
f 1029/1029/1029 1030/1030/1030 1031/1031/1031
f 1029/1029/1029 1031/1031/1031 1032/1032/1032
f 1032/1032/1032 1031/1031/1031 1011/1011/1011
f 1032/1032/1032 1011/1011/1011 1010/1010/1010
f 1030/1030/1030 1033/1033/1033 1034/1034/1034
f 1030/1030/1030 1034/1034/1034 1031/1031/1031
f 1031/1031/1031 1034/1034/1034 1012/1012/1012
f 1031/1031/1031 1012/1012/1012 1011/1011/1011
f 1029/1029/1029 1032/1032/1032 1035/1035/1035
f 1029/1029/1029 1035/1035/1035 1036/1036/1036
f 1036/1036/1036 1035/1035/1035 1037/1037/1037
f 1036/1036/1036 1037/1037/1037 1038/1038/1038
f 1032/1032/1032 1010/1010/1010 1026/1026/1026
f 1032/1032/1032 1026/1026/1026 1035/1035/1035
f 1035/1035/1035 1026/1026/1026 1028/1028/1028
f 1035/1035/1035 1028/1028/1028 1037/1037/1037
f 1029/1029/1029 1036/1036/1036 1039/1039/1039
f 1029/1029/1029 1039/1039/1039 1040/1040/1040
f 1040/1040/1040 1039/1039/1039 986/986/986
f 1040/1040/1040 986/986/986 981/981/981
f 1036/1036/1036 1038/1038/1038 1041/1041/1041
f 1036/1036/1036 1041/1041/1041 1039/1039/1039
f 1039/1039/1039 1041/1041/1041 987/987/987
f 1039/1039/1039 987/987/987 986/986/986
f 1029/1029/1029 1040/1040/1040 1042/1042/1042
f 1029/1029/1029 1042/1042/1042 1030/1030/1030
f 1030/1030/1030 1042/1042/1042 1043/1043/1043
f 1030/1030/1030 1043/1043/1043 1033/1033/1033
f 1040/1040/1040 981/981/981 980/980/980
f 1040/1040/1040 980/980/980 1042/1042/1042
f 1042/1042/1042 980/980/980 971/971/971
f 1042/1042/1042 971/971/971 1043/1043/1043
f 1044/1044/1044 1045/1045/1045 1046/1046/1046
f 1044/1044/1044 1046/1046/1046 1047/1047/1047
f 1047/1047/1047 1046/1046/1046 1034/1034/1034
f 1047/1047/1047 1034/1034/1034 1033/1033/1033
f 1045/1045/1045 1048/1048/1048 1049/1049/1049
f 1045/1045/1045 1049/1049/1049 1046/1046/1046
f 1046/1046/1046 1049/1049/1049 1012/1012/1012
f 1046/1046/1046 1012/1012/1012 1034/1034/1034
f 1044/1044/1044 1047/1047/1047 1050/1050/1050
f 1044/1044/1044 1050/1050/1050 1051/1051/1051
f 1051/1051/1051 1050/1050/1050 970/970/970
f 1051/1051/1051 970/970/970 965/965/965
f 1047/1047/1047 1033/1033/1033 1043/1043/1043
f 1047/1047/1047 1043/1043/1043 1050/1050/1050
f 1050/1050/1050 1043/1043/1043 971/971/971
f 1050/1050/1050 971/971/971 970/970/970
f 1044/1044/1044 1051/1051/1051 1052/1052/1052
f 1044/1044/1044 1052/1052/1052 1053/1053/1053
f 1053/1053/1053 1052/1052/1052 1054/1054/1054
f 1053/1053/1053 1054/1054/1054 1055/1055/1055
f 1051/1051/1051 965/965/965 964/964/964
f 1051/1051/1051 964/964/964 1052/1052/1052
f 1052/1052/1052 964/964/964 967/967/967
f 1052/1052/1052 967/967/967 1054/1054/1054
f 1044/1044/1044 1053/1053/1053 1056/1056/1056
f 1044/1044/1044 1056/1056/1056 1045/1045/1045
f 1045/1045/1045 1056/1056/1056 1057/1057/1057
f 1045/1045/1045 1057/1057/1057 1048/1048/1048
f 1053/1053/1053 1055/1055/1055 1058/1058/1058
f 1053/1053/1053 1058/1058/1058 1056/1056/1056
f 1056/1056/1056 1058/1058/1058 1059/1059/1059
f 1056/1056/1056 1059/1059/1059 1057/1057/1057
f 1060/1060/1060 1061/1061/1061 1062/1062/1062
f 1060/1060/1060 1062/1062/1062 1063/1063/1063
f 1063/1063/1063 1062/1062/1062 1049/1049/1049
f 1063/1063/1063 1049/1049/1049 1048/1048/1048
f 1061/1061/1061 1009/1009/1009 1008/1008/1008
f 1061/1061/1061 1008/1008/1008 1062/1062/1062
f 1062/1062/1062 1008/1008/1008 1012/1012/1012
f 1062/1062/1062 1012/1012/1012 1049/1049/1049
f 1060/1060/1060 1063/1063/1063 1064/1064/1064
f 1060/1060/1060 1064/1064/1064 1065/1065/1065
f 1065/1065/1065 1064/1064/1064 1066/1066/1066
f 1065/1065/1065 1066/1066/1066 1067/1067/1067
f 1063/1063/1063 1048/1048/1048 1057/1057/1057
f 1063/1063/1063 1057/1057/1057 1064/1064/1064
f 1064/1064/1064 1057/1057/1057 1059/1059/1059
f 1064/1064/1064 1059/1059/1059 1066/1066/1066
f 1060/1060/1060 1065/1065/1065 1068/1068/1068
f 1060/1060/1060 1068/1068/1068 1069/1069/1069
f 1069/1069/1069 1068/1068/1068 1070/1070/1070
f 1069/1069/1069 1070/1070/1070 1071/1071/1071
f 1065/1065/1065 1067/1067/1067 1072/1072/1072
f 1065/1065/1065 1072/1072/1072 1068/1068/1068
f 1068/1068/1068 1072/1072/1072 1073/1073/1073
f 1068/1068/1068 1073/1073/1073 1070/1070/1070
f 1060/1060/1060 1069/1069/1069 1074/1074/1074
f 1060/1060/1060 1074/1074/1074 1061/1061/1061
f 1061/1061/1061 1074/1074/1074 1017/1017/1017
f 1061/1061/1061 1017/1017/1017 1009/1009/1009
f 1069/1069/1069 1071/1071/1071 1075/1075/1075
f 1069/1069/1069 1075/1075/1075 1074/1074/1074
f 1074/1074/1074 1075/1075/1075 1018/1018/1018
f 1074/1074/1074 1018/1018/1018 1017/1017/1017
f 1076/1076/1076 1077/1077/1077 1078/1078/1078
f 1076/1076/1076 1078/1078/1078 1079/1079/1079
f 1079/1079/1079 1078/1078/1078 1080/1080/1080
f 1079/1079/1079 1080/1080/1080 1081/1081/1081
f 1077/1077/1077 1082/1082/1082 1083/1083/1083
f 1077/1077/1077 1083/1083/1083 1078/1078/1078
f 1078/1078/1078 1083/1083/1083 1084/1084/1084
f 1078/1078/1078 1084/1084/1084 1080/1080/1080
f 1076/1076/1076 1079/1079/1079 1085/1085/1085
f 1076/1076/1076 1085/1085/1085 1086/1086/1086
f 1086/1086/1086 1085/1085/1085 1087/1087/1087
f 1086/1086/1086 1087/1087/1087 1088/1088/1088
f 1079/1079/1079 1081/1081/1081 1089/1089/1089
f 1079/1079/1079 1089/1089/1089 1085/1085/1085
f 1085/1085/1085 1089/1089/1089 1090/1090/1090
f 1085/1085/1085 1090/1090/1090 1087/1087/1087
f 1076/1076/1076 1086/1086/1086 1091/1091/1091
f 1076/1076/1076 1091/1091/1091 1092/1092/1092
f 1092/1092/1092 1091/1091/1091 1093/1093/1093
f 1092/1092/1092 1093/1093/1093 1094/1094/1094
f 1086/1086/1086 1088/1088/1088 1095/1095/1095
f 1086/1086/1086 1095/1095/1095 1091/1091/1091
f 1091/1091/1091 1095/1095/1095 1096/1096/1096
f 1091/1091/1091 1096/1096/1096 1093/1093/1093
f 1076/1076/1076 1092/1092/1092 1097/1097/1097
f 1076/1076/1076 1097/1097/1097 1077/1077/1077
f 1077/1077/1077 1097/1097/1097 1098/1098/1098
f 1077/1077/1077 1098/1098/1098 1082/1082/1082
f 1092/1092/1092 1094/1094/1094 1099/1099/1099
f 1092/1092/1092 1099/1099/1099 1097/1097/1097
f 1097/1097/1097 1099/1099/1099 1100/1100/1100
f 1097/1097/1097 1100/1100/1100 1098/1098/1098
f 1101/1101/1101 1102/1102/1102 1103/1103/1103
f 1101/1101/1101 1103/1103/1103 1104/1104/1104
f 1104/1104/1104 1103/1103/1103 1083/1083/1083
f 1104/1104/1104 1083/1083/1083 1082/1082/1082
f 1102/1102/1102 1105/1105/1105 1106/1106/1106
f 1102/1102/1102 1106/1106/1106 1103/1103/1103
f 1103/1103/1103 1106/1106/1106 1084/1084/1084
f 1103/1103/1103 1084/1084/1084 1083/1083/1083
f 1101/1101/1101 1104/1104/1104 1107/1107/1107
f 1101/1101/1101 1107/1107/1107 1108/1108/1108
f 1108/1108/1108 1107/1107/1107 1109/1109/1109
f 1108/1108/1108 1109/1109/1109 1110/1110/1110
f 1104/1104/1104 1082/1082/1082 1098/1098/1098
f 1104/1104/1104 1098/1098/1098 1107/1107/1107
f 1107/1107/1107 1098/1098/1098 1100/1100/1100
f 1107/1107/1107 1100/1100/1100 1109/1109/1109
f 1101/1101/1101 1108/1108/1108 1111/1111/1111
f 1101/1101/1101 1111/1111/1111 1112/1112/1112
f 1112/1112/1112 1111/1111/1111 1113/1113/1113
f 1112/1112/1112 1113/1113/1113 1114/1114/1114
f 1108/1108/1108 1110/1110/1110 1115/1115/1115
f 1108/1108/1108 1115/1115/1115 1111/1111/1111
f 1111/1111/1111 1115/1115/1115 1116/1116/1116
f 1111/1111/1111 1116/1116/1116 1113/1113/1113
f 1101/1101/1101 1112/1112/1112 1117/1117/1117
f 1101/1101/1101 1117/1117/1117 1102/1102/1102
f 1102/1102/1102 1117/1117/1117 1118/1118/1118
f 1102/1102/1102 1118/1118/1118 1105/1105/1105
f 1112/1112/1112 1114/1114/1114 1119/1119/1119
f 1112/1112/1112 1119/1119/1119 1117/1117/1117
f 1117/1117/1117 1119/1119/1119 1120/1120/1120
f 1117/1117/1117 1120/1120/1120 1118/1118/1118
f 1121/1121/1121 1122/1122/1122 1123/1123/1123
f 1121/1121/1121 1123/1123/1123 1124/1124/1124
f 1124/1124/1124 1123/1123/1123 1106/1106/1106
f 1124/1124/1124 1106/1106/1106 1105/1105/1105
f 1122/1122/1122 1125/1125/1125 1126/1126/1126
f 1122/1122/1122 1126/1126/1126 1123/1123/1123
f 1123/1123/1123 1126/1126/1126 1084/1084/1084
f 1123/1123/1123 1084/1084/1084 1106/1106/1106
f 1121/1121/1121 1124/1124/1124 1127/1127/1127
f 1121/1121/1121 1127/1127/1127 1128/1128/1128
f 1128/1128/1128 1127/1127/1127 1129/1129/1129
f 1128/1128/1128 1129/1129/1129 1130/1130/1130
f 1124/1124/1124 1105/1105/1105 1118/1118/1118
f 1124/1124/1124 1118/1118/1118 1127/1127/1127
f 1127/1127/1127 1118/1118/1118 1120/1120/1120
f 1127/1127/1127 1120/1120/1120 1129/1129/1129
f 1121/1121/1121 1128/1128/1128 1131/1131/1131
f 1121/1121/1121 1131/1131/1131 1132/1132/1132
f 1132/1132/1132 1131/1131/1131 890/890/890
f 1132/1132/1132 890/890/890 885/885/885
f 1128/1128/1128 1130/1130/1130 1133/1133/1133
f 1128/1128/1128 1133/1133/1133 1131/1131/1131
f 1131/1131/1131 1133/1133/1133 891/891/891
f 1131/1131/1131 891/891/891 890/890/890
f 1121/1121/1121 1132/1132/1132 1134/1134/1134
f 1121/1121/1121 1134/1134/1134 1122/1122/1122
f 1122/1122/1122 1134/1134/1134 1135/1135/1135
f 1122/1122/1122 1135/1135/1135 1125/1125/1125
f 1132/1132/1132 885/885/885 884/884/884
f 1132/1132/1132 884/884/884 1134/1134/1134
f 1134/1134/1134 884/884/884 875/875/875
f 1134/1134/1134 875/875/875 1135/1135/1135
f 1136/1136/1136 1137/1137/1137 1138/1138/1138
f 1136/1136/1136 1138/1138/1138 1139/1139/1139
f 1139/1139/1139 1138/1138/1138 1126/1126/1126
f 1139/1139/1139 1126/1126/1126 1125/1125/1125
f 1137/1137/1137 1081/1081/1081 1080/1080/1080
f 1137/1137/1137 1080/1080/1080 1138/1138/1138
f 1138/1138/1138 1080/1080/1080 1084/1084/1084
f 1138/1138/1138 1084/1084/1084 1126/1126/1126
f 1136/1136/1136 1139/1139/1139 1140/1140/1140
f 1136/1136/1136 1140/1140/1140 1141/1141/1141
f 1141/1141/1141 1140/1140/1140 874/874/874
f 1141/1141/1141 874/874/874 869/869/869
f 1139/1139/1139 1125/1125/1125 1135/1135/1135
f 1139/1139/1139 1135/1135/1135 1140/1140/1140
f 1140/1140/1140 1135/1135/1135 875/875/875
f 1140/1140/1140 875/875/875 874/874/874
f 1136/1136/1136 1141/1141/1141 1142/1142/1142
f 1136/1136/1136 1142/1142/1142 1143/1143/1143
f 1143/1143/1143 1142/1142/1142 1144/1144/1144
f 1143/1143/1143 1144/1144/1144 1145/1145/1145
f 1141/1141/1141 869/869/869 868/868/868
f 1141/1141/1141 868/868/868 1142/1142/1142
f 1142/1142/1142 868/868/868 871/871/871
f 1142/1142/1142 871/871/871 1144/1144/1144
f 1136/1136/1136 1143/1143/1143 1146/1146/1146
f 1136/1136/1136 1146/1146/1146 1137/1137/1137
f 1137/1137/1137 1146/1146/1146 1089/1089/1089
f 1137/1137/1137 1089/1089/1089 1081/1081/1081
f 1143/1143/1143 1145/1145/1145 1147/1147/1147
f 1143/1143/1143 1147/1147/1147 1146/1146/1146
f 1146/1146/1146 1147/1147/1147 1090/1090/1090
f 1146/1146/1146 1090/1090/1090 1089/1089/1089
f 1148/1148/1148 1149/1149/1149 1150/1150/1150
f 1148/1148/1148 1150/1150/1150 1151/1151/1151
f 1151/1151/1151 1150/1150/1150 1152/1152/1152
f 1151/1151/1151 1152/1152/1152 1153/1153/1153
f 1149/1149/1149 1154/1154/1154 1155/1155/1155
f 1149/1149/1149 1155/1155/1155 1150/1150/1150
f 1150/1150/1150 1155/1155/1155 1156/1156/1156
f 1150/1150/1150 1156/1156/1156 1152/1152/1152
f 1148/1148/1148 1151/1151/1151 1157/1157/1157
f 1148/1148/1148 1157/1157/1157 1158/1158/1158
f 1158/1158/1158 1157/1157/1157 1119/1119/1119
f 1158/1158/1158 1119/1119/1119 1114/1114/1114
f 1151/1151/1151 1153/1153/1153 1159/1159/1159
f 1151/1151/1151 1159/1159/1159 1157/1157/1157
f 1157/1157/1157 1159/1159/1159 1120/1120/1120
f 1157/1157/1157 1120/1120/1120 1119/1119/1119
f 1148/1148/1148 1158/1158/1158 1160/1160/1160
f 1148/1148/1148 1160/1160/1160 1161/1161/1161
f 1161/1161/1161 1160/1160/1160 1162/1162/1162
f 1161/1161/1161 1162/1162/1162 1163/1163/1163
f 1158/1158/1158 1114/1114/1114 1113/1113/1113
f 1158/1158/1158 1113/1113/1113 1160/1160/1160
f 1160/1160/1160 1113/1113/1113 1116/1116/1116
f 1160/1160/1160 1116/1116/1116 1162/1162/1162
f 1148/1148/1148 1161/1161/1161 1164/1164/1164
f 1148/1148/1148 1164/1164/1164 1149/1149/1149
f 1149/1149/1149 1164/1164/1164 1165/1165/1165
f 1149/1149/1149 1165/1165/1165 1154/1154/1154
f 1161/1161/1161 1163/1163/1163 1166/1166/1166
f 1161/1161/1161 1166/1166/1166 1164/1164/1164
f 1164/1164/1164 1166/1166/1166 1167/1167/1167
f 1164/1164/1164 1167/1167/1167 1165/1165/1165
f 1168/1168/1168 1169/1169/1169 1170/1170/1170
f 1168/1168/1168 1170/1170/1170 1171/1171/1171
f 1171/1171/1171 1170/1170/1170 1155/1155/1155
f 1171/1171/1171 1155/1155/1155 1154/1154/1154
f 1169/1169/1169 1172/1172/1172 1173/1173/1173
f 1169/1169/1169 1173/1173/1173 1170/1170/1170
f 1170/1170/1170 1173/1173/1173 1156/1156/1156
f 1170/1170/1170 1156/1156/1156 1155/1155/1155
f 1168/1168/1168 1171/1171/1171 1174/1174/1174
f 1168/1168/1168 1174/1174/1174 1175/1175/1175
f 1175/1175/1175 1174/1174/1174 1176/1176/1176
f 1175/1175/1175 1176/1176/1176 1177/1177/1177
f 1171/1171/1171 1154/1154/1154 1165/1165/1165
f 1171/1171/1171 1165/1165/1165 1174/1174/1174
f 1174/1174/1174 1165/1165/1165 1167/1167/1167
f 1174/1174/1174 1167/1167/1167 1176/1176/1176
f 1168/1168/1168 1175/1175/1175 1178/1178/1178
f 1168/1168/1168 1178/1178/1178 1179/1179/1179
f 1179/1179/1179 1178/1178/1178 1180/1180/1180
f 1179/1179/1179 1180/1180/1180 1181/1181/1181
f 1175/1175/1175 1177/1177/1177 1182/1182/1182
f 1175/1175/1175 1182/1182/1182 1178/1178/1178
f 1178/1178/1178 1182/1182/1182 1183/1183/1183
f 1178/1178/1178 1183/1183/1183 1180/1180/1180
f 1168/1168/1168 1179/1179/1179 1184/1184/1184
f 1168/1168/1168 1184/1184/1184 1169/1169/1169
f 1169/1169/1169 1184/1184/1184 1185/1185/1185
f 1169/1169/1169 1185/1185/1185 1172/1172/1172
f 1179/1179/1179 1181/1181/1181 1186/1186/1186
f 1179/1179/1179 1186/1186/1186 1184/1184/1184
f 1184/1184/1184 1186/1186/1186 1187/1187/1187
f 1184/1184/1184 1187/1187/1187 1185/1185/1185
f 1188/1188/1188 1189/1189/1189 1190/1190/1190
f 1188/1188/1188 1190/1190/1190 1191/1191/1191
f 1191/1191/1191 1190/1190/1190 1173/1173/1173
f 1191/1191/1191 1173/1173/1173 1172/1172/1172
f 1189/1189/1189 1192/1192/1192 1193/1193/1193
f 1189/1189/1189 1193/1193/1193 1190/1190/1190
f 1190/1190/1190 1193/1193/1193 1156/1156/1156
f 1190/1190/1190 1156/1156/1156 1173/1173/1173
f 1188/1188/1188 1191/1191/1191 1194/1194/1194
f 1188/1188/1188 1194/1194/1194 1195/1195/1195
f 1195/1195/1195 1194/1194/1194 1196/1196/1196
f 1195/1195/1195 1196/1196/1196 1197/1197/1197
f 1191/1191/1191 1172/1172/1172 1185/1185/1185
f 1191/1191/1191 1185/1185/1185 1194/1194/1194
f 1194/1194/1194 1185/1185/1185 1187/1187/1187
f 1194/1194/1194 1187/1187/1187 1196/1196/1196
f 1188/1188/1188 1195/1195/1195 1198/1198/1198
f 1188/1188/1188 1198/1198/1198 1199/1199/1199
f 1199/1199/1199 1198/1198/1198 966/966/966
f 1199/1199/1199 966/966/966 961/961/961
f 1195/1195/1195 1197/1197/1197 1200/1200/1200
f 1195/1195/1195 1200/1200/1200 1198/1198/1198
f 1198/1198/1198 1200/1200/1200 967/967/967
f 1198/1198/1198 967/967/967 966/966/966
f 1188/1188/1188 1199/1199/1199 1201/1201/1201
f 1188/1188/1188 1201/1201/1201 1189/1189/1189
f 1189/1189/1189 1201/1201/1201 1202/1202/1202
f 1189/1189/1189 1202/1202/1202 1192/1192/1192
f 1199/1199/1199 961/961/961 960/960/960
f 1199/1199/1199 960/960/960 1201/1201/1201
f 1201/1201/1201 960/960/960 951/951/951
f 1201/1201/1201 951/951/951 1202/1202/1202
f 1203/1203/1203 1204/1204/1204 1205/1205/1205
f 1203/1203/1203 1205/1205/1205 1206/1206/1206
f 1206/1206/1206 1205/1205/1205 1193/1193/1193
f 1206/1206/1206 1193/1193/1193 1192/1192/1192
f 1204/1204/1204 1153/1153/1153 1152/1152/1152
f 1204/1204/1204 1152/1152/1152 1205/1205/1205
f 1205/1205/1205 1152/1152/1152 1156/1156/1156
f 1205/1205/1205 1156/1156/1156 1193/1193/1193
f 1203/1203/1203 1206/1206/1206 1207/1207/1207
f 1203/1203/1203 1207/1207/1207 1208/1208/1208
f 1208/1208/1208 1207/1207/1207 950/950/950
f 1208/1208/1208 950/950/950 947/947/947
f 1206/1206/1206 1192/1192/1192 1202/1202/1202
f 1206/1206/1206 1202/1202/1202 1207/1207/1207
f 1207/1207/1207 1202/1202/1202 951/951/951
f 1207/1207/1207 951/951/951 950/950/950
f 1203/1203/1203 1208/1208/1208 1209/1209/1209
f 1203/1203/1203 1209/1209/1209 1210/1210/1210
f 1210/1210/1210 1209/1209/1209 1133/1133/1133
f 1210/1210/1210 1133/1133/1133 1130/1130/1130
f 1208/1208/1208 947/947/947 946/946/946
f 1208/1208/1208 946/946/946 1209/1209/1209
f 1209/1209/1209 946/946/946 891/891/891
f 1209/1209/1209 891/891/891 1133/1133/1133
f 1203/1203/1203 1210/1210/1210 1211/1211/1211
f 1203/1203/1203 1211/1211/1211 1204/1204/1204
f 1204/1204/1204 1211/1211/1211 1159/1159/1159
f 1204/1204/1204 1159/1159/1159 1153/1153/1153
f 1210/1210/1210 1130/1130/1130 1129/1129/1129
f 1210/1210/1210 1129/1129/1129 1211/1211/1211
f 1211/1211/1211 1129/1129/1129 1120/1120/1120
f 1211/1211/1211 1120/1120/1120 1159/1159/1159
f 1212/1212/1212 1213/1213/1213 1214/1214/1214
f 1212/1212/1212 1214/1214/1214 1215/1215/1215
f 1215/1215/1215 1214/1214/1214 1216/1216/1216
f 1215/1215/1215 1216/1216/1216 1217/1217/1217
f 1213/1213/1213 1218/1218/1218 1219/1219/1219
f 1213/1213/1213 1219/1219/1219 1214/1214/1214
f 1214/1214/1214 1219/1219/1219 1220/1220/1220
f 1214/1214/1214 1220/1220/1220 1216/1216/1216
f 1212/1212/1212 1215/1215/1215 1221/1221/1221
f 1212/1212/1212 1221/1221/1221 1222/1222/1222
f 1222/1222/1222 1221/1221/1221 1186/1186/1186
f 1222/1222/1222 1186/1186/1186 1181/1181/1181
f 1215/1215/1215 1217/1217/1217 1223/1223/1223
f 1215/1215/1215 1223/1223/1223 1221/1221/1221
f 1221/1221/1221 1223/1223/1223 1187/1187/1187
f 1221/1221/1221 1187/1187/1187 1186/1186/1186
f 1212/1212/1212 1222/1222/1222 1224/1224/1224
f 1212/1212/1212 1224/1224/1224 1225/1225/1225
f 1225/1225/1225 1224/1224/1224 1226/1226/1226
f 1225/1225/1225 1226/1226/1226 1227/1227/1227
f 1222/1222/1222 1181/1181/1181 1180/1180/1180
f 1222/1222/1222 1180/1180/1180 1224/1224/1224
f 1224/1224/1224 1180/1180/1180 1183/1183/1183
f 1224/1224/1224 1183/1183/1183 1226/1226/1226
f 1212/1212/1212 1225/1225/1225 1228/1228/1228
f 1212/1212/1212 1228/1228/1228 1213/1213/1213
f 1213/1213/1213 1228/1228/1228 1229/1229/1229
f 1213/1213/1213 1229/1229/1229 1218/1218/1218
f 1225/1225/1225 1227/1227/1227 1230/1230/1230
f 1225/1225/1225 1230/1230/1230 1228/1228/1228
f 1228/1228/1228 1230/1230/1230 1231/1231/1231
f 1228/1228/1228 1231/1231/1231 1229/1229/1229
f 1232/1232/1232 1233/1233/1233 1234/1234/1234
f 1232/1232/1232 1234/1234/1234 1235/1235/1235
f 1235/1235/1235 1234/1234/1234 1219/1219/1219
f 1235/1235/1235 1219/1219/1219 1218/1218/1218
f 1233/1233/1233 1236/1236/1236 1237/1237/1237
f 1233/1233/1233 1237/1237/1237 1234/1234/1234
f 1234/1234/1234 1237/1237/1237 1220/1220/1220
f 1234/1234/1234 1220/1220/1220 1219/1219/1219
f 1232/1232/1232 1235/1235/1235 1238/1238/1238
f 1232/1232/1232 1238/1238/1238 1239/1239/1239
f 1239/1239/1239 1238/1238/1238 1240/1240/1240
f 1239/1239/1239 1240/1240/1240 1241/1241/1241
f 1235/1235/1235 1218/1218/1218 1229/1229/1229
f 1235/1235/1235 1229/1229/1229 1238/1238/1238
f 1238/1238/1238 1229/1229/1229 1231/1231/1231
f 1238/1238/1238 1231/1231/1231 1240/1240/1240
f 1232/1232/1232 1239/1239/1239 1242/1242/1242
f 1232/1232/1232 1242/1242/1242 1243/1243/1243
f 1243/1243/1243 1242/1242/1242 1244/1244/1244
f 1243/1243/1243 1244/1244/1244 1245/1245/1245
f 1239/1239/1239 1241/1241/1241 1246/1246/1246
f 1239/1239/1239 1246/1246/1246 1242/1242/1242
f 1242/1242/1242 1246/1246/1246 1247/1247/1247
f 1242/1242/1242 1247/1247/1247 1244/1244/1244
f 1232/1232/1232 1243/1243/1243 1248/1248/1248
f 1232/1232/1232 1248/1248/1248 1233/1233/1233
f 1233/1233/1233 1248/1248/1248 1249/1249/1249
f 1233/1233/1233 1249/1249/1249 1236/1236/1236
f 1243/1243/1243 1245/1245/1245 1250/1250/1250
f 1243/1243/1243 1250/1250/1250 1248/1248/1248
f 1248/1248/1248 1250/1250/1250 1251/1251/1251
f 1248/1248/1248 1251/1251/1251 1249/1249/1249
f 1252/1252/1252 1253/1253/1253 1254/1254/1254
f 1252/1252/1252 1254/1254/1254 1255/1255/1255
f 1255/1255/1255 1254/1254/1254 1237/1237/1237
f 1255/1255/1255 1237/1237/1237 1236/1236/1236
f 1253/1253/1253 1256/1256/1256 1257/1257/1257
f 1253/1253/1253 1257/1257/1257 1254/1254/1254
f 1254/1254/1254 1257/1257/1257 1220/1220/1220
f 1254/1254/1254 1220/1220/1220 1237/1237/1237
f 1252/1252/1252 1255/1255/1255 1258/1258/1258
f 1252/1252/1252 1258/1258/1258 1259/1259/1259
f 1259/1259/1259 1258/1258/1258 1260/1260/1260
f 1259/1259/1259 1260/1260/1260 1261/1261/1261
f 1255/1255/1255 1236/1236/1236 1249/1249/1249
f 1255/1255/1255 1249/1249/1249 1258/1258/1258
f 1258/1258/1258 1249/1249/1249 1251/1251/1251
f 1258/1258/1258 1251/1251/1251 1260/1260/1260
f 1252/1252/1252 1259/1259/1259 1262/1262/1262
f 1252/1252/1252 1262/1262/1262 1263/1263/1263
f 1263/1263/1263 1262/1262/1262 1072/1072/1072
f 1263/1263/1263 1072/1072/1072 1067/1067/1067
f 1259/1259/1259 1261/1261/1261 1264/1264/1264
f 1259/1259/1259 1264/1264/1264 1262/1262/1262
f 1262/1262/1262 1264/1264/1264 1073/1073/1073
f 1262/1262/1262 1073/1073/1073 1072/1072/1072
f 1252/1252/1252 1263/1263/1263 1265/1265/1265
f 1252/1252/1252 1265/1265/1265 1253/1253/1253
f 1253/1253/1253 1265/1265/1265 1266/1266/1266
f 1253/1253/1253 1266/1266/1266 1256/1256/1256
f 1263/1263/1263 1067/1067/1067 1066/1066/1066
f 1263/1263/1263 1066/1066/1066 1265/1265/1265
f 1265/1265/1265 1066/1066/1066 1059/1059/1059
f 1265/1265/1265 1059/1059/1059 1266/1266/1266
f 1267/1267/1267 1268/1268/1268 1269/1269/1269
f 1267/1267/1267 1269/1269/1269 1270/1270/1270
f 1270/1270/1270 1269/1269/1269 1257/1257/1257
f 1270/1270/1270 1257/1257/1257 1256/1256/1256
f 1268/1268/1268 1217/1217/1217 1216/1216/1216
f 1268/1268/1268 1216/1216/1216 1269/1269/1269
f 1269/1269/1269 1216/1216/1216 1220/1220/1220
f 1269/1269/1269 1220/1220/1220 1257/1257/1257
f 1267/1267/1267 1270/1270/1270 1271/1271/1271
f 1267/1267/1267 1271/1271/1271 1272/1272/1272
f 1272/1272/1272 1271/1271/1271 1058/1058/1058
f 1272/1272/1272 1058/1058/1058 1055/1055/1055
f 1270/1270/1270 1256/1256/1256 1266/1266/1266
f 1270/1270/1270 1266/1266/1266 1271/1271/1271
f 1271/1271/1271 1266/1266/1266 1059/1059/1059
f 1271/1271/1271 1059/1059/1059 1058/1058/1058
f 1267/1267/1267 1272/1272/1272 1273/1273/1273
f 1267/1267/1267 1273/1273/1273 1274/1274/1274
f 1274/1274/1274 1273/1273/1273 1200/1200/1200
f 1274/1274/1274 1200/1200/1200 1197/1197/1197
f 1272/1272/1272 1055/1055/1055 1054/1054/1054
f 1272/1272/1272 1054/1054/1054 1273/1273/1273
f 1273/1273/1273 1054/1054/1054 967/967/967
f 1273/1273/1273 967/967/967 1200/1200/1200
f 1267/1267/1267 1274/1274/1274 1275/1275/1275
f 1267/1267/1267 1275/1275/1275 1268/1268/1268
f 1268/1268/1268 1275/1275/1275 1223/1223/1223
f 1268/1268/1268 1223/1223/1223 1217/1217/1217
f 1274/1274/1274 1197/1197/1197 1196/1196/1196
f 1274/1274/1274 1196/1196/1196 1275/1275/1275
f 1275/1275/1275 1196/1196/1196 1187/1187/1187
f 1275/1275/1275 1187/1187/1187 1223/1223/1223
f 1276/1276/1276 1277/1277/1277 1278/1278/1278
f 1276/1276/1276 1278/1278/1278 1279/1279/1279
f 1279/1279/1279 1278/1278/1278 1280/1280/1280
f 1279/1279/1279 1280/1280/1280 1281/1281/1281
f 1277/1277/1277 1282/1282/1282 1283/1283/1283
f 1277/1277/1277 1283/1283/1283 1278/1278/1278
f 1278/1278/1278 1283/1283/1283 1284/1284/1284
f 1278/1278/1278 1284/1284/1284 1280/1280/1280
f 1276/1276/1276 1279/1279/1279 1285/1285/1285
f 1276/1276/1276 1285/1285/1285 1286/1286/1286
f 1286/1286/1286 1285/1285/1285 1287/1287/1287
f 1286/1286/1286 1287/1287/1287 1288/1288/1288
f 1279/1279/1279 1281/1281/1281 1289/1289/1289
f 1279/1279/1279 1289/1289/1289 1285/1285/1285
f 1285/1285/1285 1289/1289/1289 1290/1290/1290
f 1285/1285/1285 1290/1290/1290 1287/1287/1287
f 1276/1276/1276 1286/1286/1286 1291/1291/1291
f 1276/1276/1276 1291/1291/1291 1292/1292/1292
f 1292/1292/1292 1291/1291/1291 1293/1293/1293
f 1292/1292/1292 1293/1293/1293 1294/1294/1294
f 1286/1286/1286 1288/1288/1288 1295/1295/1295
f 1286/1286/1286 1295/1295/1295 1291/1291/1291
f 1291/1291/1291 1295/1295/1295 1296/1296/1296
f 1291/1291/1291 1296/1296/1296 1293/1293/1293
f 1276/1276/1276 1292/1292/1292 1297/1297/1297
f 1276/1276/1276 1297/1297/1297 1277/1277/1277
f 1277/1277/1277 1297/1297/1297 1298/1298/1298
f 1277/1277/1277 1298/1298/1298 1282/1282/1282
f 1292/1292/1292 1294/1294/1294 1299/1299/1299
f 1292/1292/1292 1299/1299/1299 1297/1297/1297
f 1297/1297/1297 1299/1299/1299 1300/1300/1300
f 1297/1297/1297 1300/1300/1300 1298/1298/1298
f 1301/1301/1301 1302/1302/1302 1303/1303/1303
f 1301/1301/1301 1303/1303/1303 1304/1304/1304
f 1304/1304/1304 1303/1303/1303 1283/1283/1283
f 1304/1304/1304 1283/1283/1283 1282/1282/1282
f 1302/1302/1302 1305/1305/1305 1306/1306/1306
f 1302/1302/1302 1306/1306/1306 1303/1303/1303
f 1303/1303/1303 1306/1306/1306 1284/1284/1284
f 1303/1303/1303 1284/1284/1284 1283/1283/1283
f 1301/1301/1301 1304/1304/1304 1307/1307/1307
f 1301/1301/1301 1307/1307/1307 1308/1308/1308
f 1308/1308/1308 1307/1307/1307 1309/1309/1309
f 1308/1308/1308 1309/1309/1309 1310/1310/1310
f 1304/1304/1304 1282/1282/1282 1298/1298/1298
f 1304/1304/1304 1298/1298/1298 1307/1307/1307
f 1307/1307/1307 1298/1298/1298 1300/1300/1300
f 1307/1307/1307 1300/1300/1300 1309/1309/1309
f 1301/1301/1301 1308/1308/1308 1311/1311/1311
f 1301/1301/1301 1311/1311/1311 1312/1312/1312
f 1312/1312/1312 1311/1311/1311 1313/1313/1313
f 1312/1312/1312 1313/1313/1313 1314/1314/1314
f 1308/1308/1308 1310/1310/1310 1315/1315/1315
f 1308/1308/1308 1315/1315/1315 1311/1311/1311
f 1311/1311/1311 1315/1315/1315 1316/1316/1316
f 1311/1311/1311 1316/1316/1316 1313/1313/1313
f 1301/1301/1301 1312/1312/1312 1317/1317/1317
f 1301/1301/1301 1317/1317/1317 1302/1302/1302
f 1302/1302/1302 1317/1317/1317 1318/1318/1318
f 1302/1302/1302 1318/1318/1318 1305/1305/1305
f 1312/1312/1312 1314/1314/1314 1319/1319/1319
f 1312/1312/1312 1319/1319/1319 1317/1317/1317
f 1317/1317/1317 1319/1319/1319 1320/1320/1320
f 1317/1317/1317 1320/1320/1320 1318/1318/1318
f 1321/1321/1321 1322/1322/1322 1323/1323/1323
f 1321/1321/1321 1323/1323/1323 1324/1324/1324
f 1324/1324/1324 1323/1323/1323 1306/1306/1306
f 1324/1324/1324 1306/1306/1306 1305/1305/1305
f 1322/1322/1322 1325/1325/1325 1326/1326/1326
f 1322/1322/1322 1326/1326/1326 1323/1323/1323
f 1323/1323/1323 1326/1326/1326 1284/1284/1284
f 1323/1323/1323 1284/1284/1284 1306/1306/1306
f 1321/1321/1321 1324/1324/1324 1327/1327/1327
f 1321/1321/1321 1327/1327/1327 1328/1328/1328
f 1328/1328/1328 1327/1327/1327 1329/1329/1329
f 1328/1328/1328 1329/1329/1329 1330/1330/1330
f 1324/1324/1324 1305/1305/1305 1318/1318/1318
f 1324/1324/1324 1318/1318/1318 1327/1327/1327
f 1327/1327/1327 1318/1318/1318 1320/1320/1320
f 1327/1327/1327 1320/1320/1320 1329/1329/1329
f 1321/1321/1321 1328/1328/1328 1331/1331/1331
f 1321/1321/1321 1331/1331/1331 1332/1332/1332
f 1332/1332/1332 1331/1331/1331 1115/1115/1115
f 1332/1332/1332 1115/1115/1115 1110/1110/1110
f 1328/1328/1328 1330/1330/1330 1333/1333/1333
f 1328/1328/1328 1333/1333/1333 1331/1331/1331
f 1331/1331/1331 1333/1333/1333 1116/1116/1116
f 1331/1331/1331 1116/1116/1116 1115/1115/1115
f 1321/1321/1321 1332/1332/1332 1334/1334/1334
f 1321/1321/1321 1334/1334/1334 1322/1322/1322
f 1322/1322/1322 1334/1334/1334 1335/1335/1335
f 1322/1322/1322 1335/1335/1335 1325/1325/1325
f 1332/1332/1332 1110/1110/1110 1109/1109/1109
f 1332/1332/1332 1109/1109/1109 1334/1334/1334
f 1334/1334/1334 1109/1109/1109 1100/1100/1100
f 1334/1334/1334 1100/1100/1100 1335/1335/1335
f 1336/1336/1336 1337/1337/1337 1338/1338/1338
f 1336/1336/1336 1338/1338/1338 1339/1339/1339
f 1339/1339/1339 1338/1338/1338 1326/1326/1326
f 1339/1339/1339 1326/1326/1326 1325/1325/1325
f 1337/1337/1337 1281/1281/1281 1280/1280/1280
f 1337/1337/1337 1280/1280/1280 1338/1338/1338
f 1338/1338/1338 1280/1280/1280 1284/1284/1284
f 1338/1338/1338 1284/1284/1284 1326/1326/1326
f 1336/1336/1336 1339/1339/1339 1340/1340/1340
f 1336/1336/1336 1340/1340/1340 1341/1341/1341
f 1341/1341/1341 1340/1340/1340 1099/1099/1099
f 1341/1341/1341 1099/1099/1099 1094/1094/1094
f 1339/1339/1339 1325/1325/1325 1335/1335/1335
f 1339/1339/1339 1335/1335/1335 1340/1340/1340
f 1340/1340/1340 1335/1335/1335 1100/1100/1100
f 1340/1340/1340 1100/1100/1100 1099/1099/1099
f 1336/1336/1336 1341/1341/1341 1342/1342/1342
f 1336/1336/1336 1342/1342/1342 1343/1343/1343
f 1343/1343/1343 1342/1342/1342 1344/1344/1344
f 1343/1343/1343 1344/1344/1344 1345/1345/1345
f 1341/1341/1341 1094/1094/1094 1093/1093/1093
f 1341/1341/1341 1093/1093/1093 1342/1342/1342
f 1342/1342/1342 1093/1093/1093 1096/1096/1096
f 1342/1342/1342 1096/1096/1096 1344/1344/1344
f 1336/1336/1336 1343/1343/1343 1346/1346/1346
f 1336/1336/1336 1346/1346/1346 1337/1337/1337
f 1337/1337/1337 1346/1346/1346 1289/1289/1289
f 1337/1337/1337 1289/1289/1289 1281/1281/1281
f 1343/1343/1343 1345/1345/1345 1347/1347/1347
f 1343/1343/1343 1347/1347/1347 1346/1346/1346
f 1346/1346/1346 1347/1347/1347 1290/1290/1290
f 1346/1346/1346 1290/1290/1290 1289/1289/1289
f 1348/1348/1348 1349/1349/1349 1350/1350/1350
f 1348/1348/1348 1350/1350/1350 1351/1351/1351
f 1351/1351/1351 1350/1350/1350 1352/1352/1352
f 1351/1351/1351 1352/1352/1352 1353/1353/1353
f 1349/1349/1349 1354/1354/1354 1355/1355/1355
f 1349/1349/1349 1355/1355/1355 1350/1350/1350
f 1350/1350/1350 1355/1355/1355 1356/1356/1356
f 1350/1350/1350 1356/1356/1356 1352/1352/1352
f 1348/1348/1348 1351/1351/1351 1357/1357/1357
f 1348/1348/1348 1357/1357/1357 1358/1358/1358
f 1358/1358/1358 1357/1357/1357 1319/1319/1319
f 1358/1358/1358 1319/1319/1319 1314/1314/1314
f 1351/1351/1351 1353/1353/1353 1359/1359/1359
f 1351/1351/1351 1359/1359/1359 1357/1357/1357
f 1357/1357/1357 1359/1359/1359 1320/1320/1320
f 1357/1357/1357 1320/1320/1320 1319/1319/1319
f 1348/1348/1348 1358/1358/1358 1360/1360/1360
f 1348/1348/1348 1360/1360/1360 1361/1361/1361
f 1361/1361/1361 1360/1360/1360 1362/1362/1362
f 1361/1361/1361 1362/1362/1362 1363/1363/1363
f 1358/1358/1358 1314/1314/1314 1313/1313/1313
f 1358/1358/1358 1313/1313/1313 1360/1360/1360
f 1360/1360/1360 1313/1313/1313 1316/1316/1316
f 1360/1360/1360 1316/1316/1316 1362/1362/1362
f 1348/1348/1348 1361/1361/1361 1364/1364/1364
f 1348/1348/1348 1364/1364/1364 1349/1349/1349
f 1349/1349/1349 1364/1364/1364 1365/1365/1365
f 1349/1349/1349 1365/1365/1365 1354/1354/1354
f 1361/1361/1361 1363/1363/1363 1366/1366/1366
f 1361/1361/1361 1366/1366/1366 1364/1364/1364
f 1364/1364/1364 1366/1366/1366 1367/1367/1367
f 1364/1364/1364 1367/1367/1367 1365/1365/1365
f 1368/1368/1368 1369/1369/1369 1370/1370/1370
f 1368/1368/1368 1370/1370/1370 1371/1371/1371
f 1371/1371/1371 1370/1370/1370 1355/1355/1355
f 1371/1371/1371 1355/1355/1355 1354/1354/1354
f 1369/1369/1369 1372/1372/1372 1373/1373/1373
f 1369/1369/1369 1373/1373/1373 1370/1370/1370
f 1370/1370/1370 1373/1373/1373 1356/1356/1356
f 1370/1370/1370 1356/1356/1356 1355/1355/1355
f 1368/1368/1368 1371/1371/1371 1374/1374/1374
f 1368/1368/1368 1374/1374/1374 1375/1375/1375
f 1375/1375/1375 1374/1374/1374 1376/1376/1376
f 1375/1375/1375 1376/1376/1376 1377/1377/1377
f 1371/1371/1371 1354/1354/1354 1365/1365/1365
f 1371/1371/1371 1365/1365/1365 1374/1374/1374
f 1374/1374/1374 1365/1365/1365 1367/1367/1367
f 1374/1374/1374 1367/1367/1367 1376/1376/1376
f 1368/1368/1368 1375/1375/1375 1378/1378/1378
f 1368/1368/1368 1378/1378/1378 1379/1379/1379
f 1379/1379/1379 1378/1378/1378 1380/1380/1380
f 1379/1379/1379 1380/1380/1380 1381/1381/1381
f 1375/1375/1375 1377/1377/1377 1382/1382/1382
f 1375/1375/1375 1382/1382/1382 1378/1378/1378
f 1378/1378/1378 1382/1382/1382 1383/1383/1383
f 1378/1378/1378 1383/1383/1383 1380/1380/1380
f 1368/1368/1368 1379/1379/1379 1384/1384/1384
f 1368/1368/1368 1384/1384/1384 1369/1369/1369
f 1369/1369/1369 1384/1384/1384 1385/1385/1385
f 1369/1369/1369 1385/1385/1385 1372/1372/1372
f 1379/1379/1379 1381/1381/1381 1386/1386/1386
f 1379/1379/1379 1386/1386/1386 1384/1384/1384
f 1384/1384/1384 1386/1386/1386 1387/1387/1387
f 1384/1384/1384 1387/1387/1387 1385/1385/1385
f 1388/1388/1388 1389/1389/1389 1390/1390/1390
f 1388/1388/1388 1390/1390/1390 1391/1391/1391
f 1391/1391/1391 1390/1390/1390 1373/1373/1373
f 1391/1391/1391 1373/1373/1373 1372/1372/1372
f 1389/1389/1389 1392/1392/1392 1393/1393/1393
f 1389/1389/1389 1393/1393/1393 1390/1390/1390
f 1390/1390/1390 1393/1393/1393 1356/1356/1356
f 1390/1390/1390 1356/1356/1356 1373/1373/1373
f 1388/1388/1388 1391/1391/1391 1394/1394/1394
f 1388/1388/1388 1394/1394/1394 1395/1395/1395
f 1395/1395/1395 1394/1394/1394 1396/1396/1396
f 1395/1395/1395 1396/1396/1396 1397/1397/1397
f 1391/1391/1391 1372/1372/1372 1385/1385/1385
f 1391/1391/1391 1385/1385/1385 1394/1394/1394
f 1394/1394/1394 1385/1385/1385 1387/1387/1387
f 1394/1394/1394 1387/1387/1387 1396/1396/1396
f 1388/1388/1388 1395/1395/1395 1398/1398/1398
f 1388/1388/1388 1398/1398/1398 1399/1399/1399
f 1399/1399/1399 1398/1398/1398 1182/1182/1182
f 1399/1399/1399 1182/1182/1182 1177/1177/1177
f 1395/1395/1395 1397/1397/1397 1400/1400/1400
f 1395/1395/1395 1400/1400/1400 1398/1398/1398
f 1398/1398/1398 1400/1400/1400 1183/1183/1183
f 1398/1398/1398 1183/1183/1183 1182/1182/1182
f 1388/1388/1388 1399/1399/1399 1401/1401/1401
f 1388/1388/1388 1401/1401/1401 1389/1389/1389
f 1389/1389/1389 1401/1401/1401 1402/1402/1402
f 1389/1389/1389 1402/1402/1402 1392/1392/1392
f 1399/1399/1399 1177/1177/1177 1176/1176/1176
f 1399/1399/1399 1176/1176/1176 1401/1401/1401
f 1401/1401/1401 1176/1176/1176 1167/1167/1167
f 1401/1401/1401 1167/1167/1167 1402/1402/1402
f 1403/1403/1403 1404/1404/1404 1405/1405/1405
f 1403/1403/1403 1405/1405/1405 1406/1406/1406
f 1406/1406/1406 1405/1405/1405 1393/1393/1393
f 1406/1406/1406 1393/1393/1393 1392/1392/1392
f 1404/1404/1404 1353/1353/1353 1352/1352/1352
f 1404/1404/1404 1352/1352/1352 1405/1405/1405
f 1405/1405/1405 1352/1352/1352 1356/1356/1356
f 1405/1405/1405 1356/1356/1356 1393/1393/1393
f 1403/1403/1403 1406/1406/1406 1407/1407/1407
f 1403/1403/1403 1407/1407/1407 1408/1408/1408
f 1408/1408/1408 1407/1407/1407 1166/1166/1166
f 1408/1408/1408 1166/1166/1166 1163/1163/1163
f 1406/1406/1406 1392/1392/1392 1402/1402/1402
f 1406/1406/1406 1402/1402/1402 1407/1407/1407
f 1407/1407/1407 1402/1402/1402 1167/1167/1167
f 1407/1407/1407 1167/1167/1167 1166/1166/1166
f 1403/1403/1403 1408/1408/1408 1409/1409/1409
f 1403/1403/1403 1409/1409/1409 1410/1410/1410
f 1410/1410/1410 1409/1409/1409 1333/1333/1333
f 1410/1410/1410 1333/1333/1333 1330/1330/1330
f 1408/1408/1408 1163/1163/1163 1162/1162/1162
f 1408/1408/1408 1162/1162/1162 1409/1409/1409
f 1409/1409/1409 1162/1162/1162 1116/1116/1116
f 1409/1409/1409 1116/1116/1116 1333/1333/1333
f 1403/1403/1403 1410/1410/1410 1411/1411/1411
f 1403/1403/1403 1411/1411/1411 1404/1404/1404
f 1404/1404/1404 1411/1411/1411 1359/1359/1359
f 1404/1404/1404 1359/1359/1359 1353/1353/1353
f 1410/1410/1410 1330/1330/1330 1329/1329/1329
f 1410/1410/1410 1329/1329/1329 1411/1411/1411
f 1411/1411/1411 1329/1329/1329 1320/1320/1320
f 1411/1411/1411 1320/1320/1320 1359/1359/1359
f 1412/1412/1412 1413/1413/1413 1414/1414/1414
f 1412/1412/1412 1414/1414/1414 1415/1415/1415
f 1415/1415/1415 1414/1414/1414 1416/1416/1416
f 1415/1415/1415 1416/1416/1416 1417/1417/1417
f 1413/1413/1413 1418/1418/1418 1419/1419/1419
f 1413/1413/1413 1419/1419/1419 1414/1414/1414
f 1414/1414/1414 1419/1419/1419 1420/1420/1420
f 1414/1414/1414 1420/1420/1420 1416/1416/1416
f 1412/1412/1412 1415/1415/1415 1421/1421/1421
f 1412/1412/1412 1421/1421/1421 1422/1422/1422
f 1422/1422/1422 1421/1421/1421 1386/1386/1386
f 1422/1422/1422 1386/1386/1386 1381/1381/1381
f 1415/1415/1415 1417/1417/1417 1423/1423/1423
f 1415/1415/1415 1423/1423/1423 1421/1421/1421
f 1421/1421/1421 1423/1423/1423 1387/1387/1387
f 1421/1421/1421 1387/1387/1387 1386/1386/1386
f 1412/1412/1412 1422/1422/1422 1424/1424/1424
f 1412/1412/1412 1424/1424/1424 1425/1425/1425
f 1425/1425/1425 1424/1424/1424 1426/1426/1426
f 1425/1425/1425 1426/1426/1426 1427/1427/1427
f 1422/1422/1422 1381/1381/1381 1380/1380/1380
f 1422/1422/1422 1380/1380/1380 1424/1424/1424
f 1424/1424/1424 1380/1380/1380 1383/1383/1383
f 1424/1424/1424 1383/1383/1383 1426/1426/1426
f 1412/1412/1412 1425/1425/1425 1428/1428/1428
f 1412/1412/1412 1428/1428/1428 1413/1413/1413
f 1413/1413/1413 1428/1428/1428 1429/1429/1429
f 1413/1413/1413 1429/1429/1429 1418/1418/1418
f 1425/1425/1425 1427/1427/1427 1430/1430/1430
f 1425/1425/1425 1430/1430/1430 1428/1428/1428
f 1428/1428/1428 1430/1430/1430 1431/1431/1431
f 1428/1428/1428 1431/1431/1431 1429/1429/1429
f 1432/1432/1432 1433/1433/1433 1434/1434/1434
f 1432/1432/1432 1434/1434/1434 1435/1435/1435
f 1435/1435/1435 1434/1434/1434 1419/1419/1419
f 1435/1435/1435 1419/1419/1419 1418/1418/1418
f 1433/1433/1433 1436/1436/1436 1437/1437/1437
f 1433/1433/1433 1437/1437/1437 1434/1434/1434
f 1434/1434/1434 1437/1437/1437 1420/1420/1420
f 1434/1434/1434 1420/1420/1420 1419/1419/1419
f 1432/1432/1432 1435/1435/1435 1438/1438/1438
f 1432/1432/1432 1438/1438/1438 1439/1439/1439
f 1439/1439/1439 1438/1438/1438 1440/1440/1440
f 1439/1439/1439 1440/1440/1440 1441/1441/1441
f 1435/1435/1435 1418/1418/1418 1429/1429/1429
f 1435/1435/1435 1429/1429/1429 1438/1438/1438
f 1438/1438/1438 1429/1429/1429 1431/1431/1431
f 1438/1438/1438 1431/1431/1431 1440/1440/1440
f 1432/1432/1432 1439/1439/1439 1442/1442/1442
f 1432/1432/1432 1442/1442/1442 1443/1443/1443
f 1443/1443/1443 1442/1442/1442 1444/1444/1444
f 1443/1443/1443 1444/1444/1444 1445/1445/1445
f 1439/1439/1439 1441/1441/1441 1446/1446/1446
f 1439/1439/1439 1446/1446/1446 1442/1442/1442
f 1442/1442/1442 1446/1446/1446 1447/1447/1447
f 1442/1442/1442 1447/1447/1447 1444/1444/1444
f 1432/1432/1432 1443/1443/1443 1448/1448/1448
f 1432/1432/1432 1448/1448/1448 1433/1433/1433
f 1433/1433/1433 1448/1448/1448 1449/1449/1449
f 1433/1433/1433 1449/1449/1449 1436/1436/1436
f 1443/1443/1443 1445/1445/1445 1450/1450/1450
f 1443/1443/1443 1450/1450/1450 1448/1448/1448
f 1448/1448/1448 1450/1450/1450 1451/1451/1451
f 1448/1448/1448 1451/1451/1451 1449/1449/1449
f 1452/1452/1452 1453/1453/1453 1454/1454/1454
f 1452/1452/1452 1454/1454/1454 1455/1455/1455
f 1455/1455/1455 1454/1454/1454 1437/1437/1437
f 1455/1455/1455 1437/1437/1437 1436/1436/1436
f 1453/1453/1453 1456/1456/1456 1457/1457/1457
f 1453/1453/1453 1457/1457/1457 1454/1454/1454
f 1454/1454/1454 1457/1457/1457 1420/1420/1420
f 1454/1454/1454 1420/1420/1420 1437/1437/1437
f 1452/1452/1452 1455/1455/1455 1458/1458/1458
f 1452/1452/1452 1458/1458/1458 1459/1459/1459
f 1459/1459/1459 1458/1458/1458 1460/1460/1460
f 1459/1459/1459 1460/1460/1460 1461/1461/1461
f 1455/1455/1455 1436/1436/1436 1449/1449/1449
f 1455/1455/1455 1449/1449/1449 1458/1458/1458
f 1458/1458/1458 1449/1449/1449 1451/1451/1451
f 1458/1458/1458 1451/1451/1451 1460/1460/1460
f 1452/1452/1452 1459/1459/1459 1462/1462/1462
f 1452/1452/1452 1462/1462/1462 1463/1463/1463
f 1463/1463/1463 1462/1462/1462 1246/1246/1246
f 1463/1463/1463 1246/1246/1246 1241/1241/1241
f 1459/1459/1459 1461/1461/1461 1464/1464/1464
f 1459/1459/1459 1464/1464/1464 1462/1462/1462
f 1462/1462/1462 1464/1464/1464 1247/1247/1247
f 1462/1462/1462 1247/1247/1247 1246/1246/1246
f 1452/1452/1452 1463/1463/1463 1465/1465/1465
f 1452/1452/1452 1465/1465/1465 1453/1453/1453
f 1453/1453/1453 1465/1465/1465 1466/1466/1466
f 1453/1453/1453 1466/1466/1466 1456/1456/1456
f 1463/1463/1463 1241/1241/1241 1240/1240/1240
f 1463/1463/1463 1240/1240/1240 1465/1465/1465
f 1465/1465/1465 1240/1240/1240 1231/1231/1231
f 1465/1465/1465 1231/1231/1231 1466/1466/1466
f 1467/1467/1467 1468/1468/1468 1469/1469/1469
f 1467/1467/1467 1469/1469/1469 1470/1470/1470
f 1470/1470/1470 1469/1469/1469 1457/1457/1457
f 1470/1470/1470 1457/1457/1457 1456/1456/1456
f 1468/1468/1468 1417/1417/1417 1416/1416/1416
f 1468/1468/1468 1416/1416/1416 1469/1469/1469
f 1469/1469/1469 1416/1416/1416 1420/1420/1420
f 1469/1469/1469 1420/1420/1420 1457/1457/1457
f 1467/1467/1467 1470/1470/1470 1471/1471/1471
f 1467/1467/1467 1471/1471/1471 1472/1472/1472
f 1472/1472/1472 1471/1471/1471 1230/1230/1230
f 1472/1472/1472 1230/1230/1230 1227/1227/1227
f 1470/1470/1470 1456/1456/1456 1466/1466/1466
f 1470/1470/1470 1466/1466/1466 1471/1471/1471
f 1471/1471/1471 1466/1466/1466 1231/1231/1231
f 1471/1471/1471 1231/1231/1231 1230/1230/1230
f 1467/1467/1467 1472/1472/1472 1473/1473/1473
f 1467/1467/1467 1473/1473/1473 1474/1474/1474
f 1474/1474/1474 1473/1473/1473 1400/1400/1400
f 1474/1474/1474 1400/1400/1400 1397/1397/1397
f 1472/1472/1472 1227/1227/1227 1226/1226/1226
f 1472/1472/1472 1226/1226/1226 1473/1473/1473
f 1473/1473/1473 1226/1226/1226 1183/1183/1183
f 1473/1473/1473 1183/1183/1183 1400/1400/1400
f 1467/1467/1467 1474/1474/1474 1475/1475/1475
f 1467/1467/1467 1475/1475/1475 1468/1468/1468
f 1468/1468/1468 1475/1475/1475 1423/1423/1423
f 1468/1468/1468 1423/1423/1423 1417/1417/1417
f 1474/1474/1474 1397/1397/1397 1396/1396/1396
f 1474/1474/1474 1396/1396/1396 1475/1475/1475
f 1475/1475/1475 1396/1396/1396 1387/1387/1387
f 1475/1475/1475 1387/1387/1387 1423/1423/1423
f 1476/1476/1476 1477/1477/1477 1478/1478/1478
f 1476/1476/1476 1478/1478/1478 1479/1479/1479
f 1479/1479/1479 1478/1478/1478 1480/1480/1480
f 1479/1479/1479 1480/1480/1480 1481/1481/1481
f 1477/1477/1477 1482/1482/1482 1483/1483/1483
f 1477/1477/1477 1483/1483/1483 1478/1478/1478
f 1478/1478/1478 1483/1483/1483 1484/1484/1484
f 1478/1478/1478 1484/1484/1484 1480/1480/1480
f 1476/1476/1476 1479/1479/1479 1485/1485/1485
f 1476/1476/1476 1485/1485/1485 1486/1486/1486
f 1486/1486/1486 1485/1485/1485 545/545/545
f 1486/1486/1486 545/545/545 540/540/540
f 1479/1479/1479 1481/1481/1481 1487/1487/1487
f 1479/1479/1479 1487/1487/1487 1485/1485/1485
f 1485/1485/1485 1487/1487/1487 546/546/546
f 1485/1485/1485 546/546/546 545/545/545
f 1476/1476/1476 1486/1486/1486 1488/1488/1488
f 1476/1476/1476 1488/1488/1488 1489/1489/1489
f 1489/1489/1489 1488/1488/1488 1490/1490/1490
f 1489/1489/1489 1490/1490/1490 1491/1491/1491
f 1486/1486/1486 540/540/540 539/539/539
f 1486/1486/1486 539/539/539 1488/1488/1488
f 1488/1488/1488 539/539/539 542/542/542
f 1488/1488/1488 542/542/542 1490/1490/1490
f 1476/1476/1476 1489/1489/1489 1492/1492/1492
f 1476/1476/1476 1492/1492/1492 1477/1477/1477
f 1477/1477/1477 1492/1492/1492 1493/1493/1493
f 1477/1477/1477 1493/1493/1493 1482/1482/1482
f 1489/1489/1489 1491/1491/1491 1494/1494/1494
f 1489/1489/1489 1494/1494/1494 1492/1492/1492
f 1492/1492/1492 1494/1494/1494 1495/1495/1495
f 1492/1492/1492 1495/1495/1495 1493/1493/1493
f 1496/1496/1496 1497/1497/1497 1498/1498/1498
f 1496/1496/1496 1498/1498/1498 1499/1499/1499
f 1499/1499/1499 1498/1498/1498 1483/1483/1483
f 1499/1499/1499 1483/1483/1483 1482/1482/1482
f 1497/1497/1497 1500/1500/1500 1501/1501/1501
f 1497/1497/1497 1501/1501/1501 1498/1498/1498
f 1498/1498/1498 1501/1501/1501 1484/1484/1484
f 1498/1498/1498 1484/1484/1484 1483/1483/1483
f 1496/1496/1496 1499/1499/1499 1502/1502/1502
f 1496/1496/1496 1502/1502/1502 1503/1503/1503
f 1503/1503/1503 1502/1502/1502 1504/1504/1504
f 1503/1503/1503 1504/1504/1504 1505/1505/1505
f 1499/1499/1499 1482/1482/1482 1493/1493/1493
f 1499/1499/1499 1493/1493/1493 1502/1502/1502
f 1502/1502/1502 1493/1493/1493 1495/1495/1495
f 1502/1502/1502 1495/1495/1495 1504/1504/1504
f 1496/1496/1496 1503/1503/1503 1506/1506/1506
f 1496/1496/1496 1506/1506/1506 1507/1507/1507
f 1507/1507/1507 1506/1506/1506 1508/1508/1508
f 1507/1507/1507 1508/1508/1508 1509/1509/1509
f 1503/1503/1503 1505/1505/1505 1510/1510/1510
f 1503/1503/1503 1510/1510/1510 1506/1506/1506
f 1506/1506/1506 1510/1510/1510 1511/1511/1511
f 1506/1506/1506 1511/1511/1511 1508/1508/1508
f 1496/1496/1496 1507/1507/1507 1512/1512/1512
f 1496/1496/1496 1512/1512/1512 1497/1497/1497
f 1497/1497/1497 1512/1512/1512 1513/1513/1513
f 1497/1497/1497 1513/1513/1513 1500/1500/1500
f 1507/1507/1507 1509/1509/1509 1514/1514/1514
f 1507/1507/1507 1514/1514/1514 1512/1512/1512
f 1512/1512/1512 1514/1514/1514 1515/1515/1515
f 1512/1512/1512 1515/1515/1515 1513/1513/1513
f 1516/1516/1516 1517/1517/1517 1518/1518/1518
f 1516/1516/1516 1518/1518/1518 1519/1519/1519
f 1519/1519/1519 1518/1518/1518 1501/1501/1501
f 1519/1519/1519 1501/1501/1501 1500/1500/1500
f 1517/1517/1517 1520/1520/1520 1521/1521/1521
f 1517/1517/1517 1521/1521/1521 1518/1518/1518
f 1518/1518/1518 1521/1521/1521 1484/1484/1484
f 1518/1518/1518 1484/1484/1484 1501/1501/1501
f 1516/1516/1516 1519/1519/1519 1522/1522/1522
f 1516/1516/1516 1522/1522/1522 1523/1523/1523
f 1523/1523/1523 1522/1522/1522 1524/1524/1524
f 1523/1523/1523 1524/1524/1524 1525/1525/1525
f 1519/1519/1519 1500/1500/1500 1513/1513/1513
f 1519/1519/1519 1513/1513/1513 1522/1522/1522
f 1522/1522/1522 1513/1513/1513 1515/1515/1515
f 1522/1522/1522 1515/1515/1515 1524/1524/1524
f 1516/1516/1516 1523/1523/1523 1526/1526/1526
f 1516/1516/1516 1526/1526/1526 1527/1527/1527
f 1527/1527/1527 1526/1526/1526 1528/1528/1528
f 1527/1527/1527 1528/1528/1528 1529/1529/1529
f 1523/1523/1523 1525/1525/1525 1530/1530/1530
f 1523/1523/1523 1530/1530/1530 1526/1526/1526
f 1526/1526/1526 1530/1530/1530 1531/1531/1531
f 1526/1526/1526 1531/1531/1531 1528/1528/1528
f 1516/1516/1516 1527/1527/1527 1532/1532/1532
f 1516/1516/1516 1532/1532/1532 1517/1517/1517
f 1517/1517/1517 1532/1532/1532 1533/1533/1533
f 1517/1517/1517 1533/1533/1533 1520/1520/1520
f 1527/1527/1527 1529/1529/1529 1534/1534/1534
f 1527/1527/1527 1534/1534/1534 1532/1532/1532
f 1532/1532/1532 1534/1534/1534 1535/1535/1535
f 1532/1532/1532 1535/1535/1535 1533/1533/1533
f 1536/1536/1536 1537/1537/1537 1538/1538/1538
f 1536/1536/1536 1538/1538/1538 1539/1539/1539
f 1539/1539/1539 1538/1538/1538 1521/1521/1521
f 1539/1539/1539 1521/1521/1521 1520/1520/1520
f 1537/1537/1537 1481/1481/1481 1480/1480/1480
f 1537/1537/1537 1480/1480/1480 1538/1538/1538
f 1538/1538/1538 1480/1480/1480 1484/1484/1484
f 1538/1538/1538 1484/1484/1484 1521/1521/1521
f 1536/1536/1536 1539/1539/1539 1540/1540/1540
f 1536/1536/1536 1540/1540/1540 1541/1541/1541
f 1541/1541/1541 1540/1540/1540 1542/1542/1542
f 1541/1541/1541 1542/1542/1542 1543/1543/1543
f 1539/1539/1539 1520/1520/1520 1533/1533/1533
f 1539/1539/1539 1533/1533/1533 1540/1540/1540
f 1540/1540/1540 1533/1533/1533 1535/1535/1535
f 1540/1540/1540 1535/1535/1535 1542/1542/1542
f 1536/1536/1536 1541/1541/1541 1544/1544/1544
f 1536/1536/1536 1544/1544/1544 1545/1545/1545
f 1545/1545/1545 1544/1544/1544 561/561/561
f 1545/1545/1545 561/561/561 556/556/556
f 1541/1541/1541 1543/1543/1543 1546/1546/1546
f 1541/1541/1541 1546/1546/1546 1544/1544/1544
f 1544/1544/1544 1546/1546/1546 562/562/562
f 1544/1544/1544 562/562/562 561/561/561
f 1536/1536/1536 1545/1545/1545 1547/1547/1547
f 1536/1536/1536 1547/1547/1547 1537/1537/1537
f 1537/1537/1537 1547/1547/1547 1487/1487/1487
f 1537/1537/1537 1487/1487/1487 1481/1481/1481
f 1545/1545/1545 556/556/556 555/555/555
f 1545/1545/1545 555/555/555 1547/1547/1547
f 1547/1547/1547 555/555/555 546/546/546
f 1547/1547/1547 546/546/546 1487/1487/1487
f 1548/1548/1548 1549/1549/1549 1550/1550/1550
f 1548/1548/1548 1550/1550/1550 1551/1551/1551
f 1551/1551/1551 1550/1550/1550 1552/1552/1552
f 1551/1551/1551 1552/1552/1552 1553/1553/1553
f 1549/1549/1549 1554/1554/1554 1555/1555/1555
f 1549/1549/1549 1555/1555/1555 1550/1550/1550
f 1550/1550/1550 1555/1555/1555 1556/1556/1556
f 1550/1550/1550 1556/1556/1556 1552/1552/1552
f 1548/1548/1548 1551/1551/1551 1557/1557/1557
f 1548/1548/1548 1557/1557/1557 1558/1558/1558
f 1558/1558/1558 1557/1557/1557 1514/1514/1514
f 1558/1558/1558 1514/1514/1514 1509/1509/1509
f 1551/1551/1551 1553/1553/1553 1559/1559/1559
f 1551/1551/1551 1559/1559/1559 1557/1557/1557
f 1557/1557/1557 1559/1559/1559 1515/1515/1515
f 1557/1557/1557 1515/1515/1515 1514/1514/1514
f 1548/1548/1548 1558/1558/1558 1560/1560/1560
f 1548/1548/1548 1560/1560/1560 1561/1561/1561
f 1561/1561/1561 1560/1560/1560 1562/1562/1562
f 1561/1561/1561 1562/1562/1562 1563/1563/1563
f 1558/1558/1558 1509/1509/1509 1508/1508/1508
f 1558/1558/1558 1508/1508/1508 1560/1560/1560
f 1560/1560/1560 1508/1508/1508 1511/1511/1511
f 1560/1560/1560 1511/1511/1511 1562/1562/1562
f 1548/1548/1548 1561/1561/1561 1564/1564/1564
f 1548/1548/1548 1564/1564/1564 1549/1549/1549
f 1549/1549/1549 1564/1564/1564 1565/1565/1565
f 1549/1549/1549 1565/1565/1565 1554/1554/1554
f 1561/1561/1561 1563/1563/1563 1566/1566/1566
f 1561/1561/1561 1566/1566/1566 1564/1564/1564
f 1564/1564/1564 1566/1566/1566 1567/1567/1567
f 1564/1564/1564 1567/1567/1567 1565/1565/1565
f 1568/1568/1568 1569/1569/1569 1570/1570/1570
f 1568/1568/1568 1570/1570/1570 1571/1571/1571
f 1571/1571/1571 1570/1570/1570 1555/1555/1555
f 1571/1571/1571 1555/1555/1555 1554/1554/1554
f 1569/1569/1569 1572/1572/1572 1573/1573/1573
f 1569/1569/1569 1573/1573/1573 1570/1570/1570
f 1570/1570/1570 1573/1573/1573 1556/1556/1556
f 1570/1570/1570 1556/1556/1556 1555/1555/1555
f 1568/1568/1568 1571/1571/1571 1574/1574/1574
f 1568/1568/1568 1574/1574/1574 1575/1575/1575
f 1575/1575/1575 1574/1574/1574 1576/1576/1576
f 1575/1575/1575 1576/1576/1576 1577/1577/1577
f 1571/1571/1571 1554/1554/1554 1565/1565/1565
f 1571/1571/1571 1565/1565/1565 1574/1574/1574
f 1574/1574/1574 1565/1565/1565 1567/1567/1567
f 1574/1574/1574 1567/1567/1567 1576/1576/1576
f 1568/1568/1568 1575/1575/1575 1578/1578/1578
f 1568/1568/1568 1578/1578/1578 1579/1579/1579
f 1579/1579/1579 1578/1578/1578 1580/1580/1580
f 1579/1579/1579 1580/1580/1580 1581/1581/1581
f 1575/1575/1575 1577/1577/1577 1582/1582/1582
f 1575/1575/1575 1582/1582/1582 1578/1578/1578
f 1578/1578/1578 1582/1582/1582 1583/1583/1583
f 1578/1578/1578 1583/1583/1583 1580/1580/1580
f 1568/1568/1568 1579/1579/1579 1584/1584/1584
f 1568/1568/1568 1584/1584/1584 1569/1569/1569
f 1569/1569/1569 1584/1584/1584 1585/1585/1585
f 1569/1569/1569 1585/1585/1585 1572/1572/1572
f 1579/1579/1579 1581/1581/1581 1586/1586/1586
f 1579/1579/1579 1586/1586/1586 1584/1584/1584
f 1584/1584/1584 1586/1586/1586 1587/1587/1587
f 1584/1584/1584 1587/1587/1587 1585/1585/1585
f 1588/1588/1588 1589/1589/1589 1590/1590/1590
f 1588/1588/1588 1590/1590/1590 1591/1591/1591
f 1591/1591/1591 1590/1590/1590 1573/1573/1573
f 1591/1591/1591 1573/1573/1573 1572/1572/1572
f 1589/1589/1589 1592/1592/1592 1593/1593/1593
f 1589/1589/1589 1593/1593/1593 1590/1590/1590
f 1590/1590/1590 1593/1593/1593 1556/1556/1556
f 1590/1590/1590 1556/1556/1556 1573/1573/1573
f 1588/1588/1588 1591/1591/1591 1594/1594/1594
f 1588/1588/1588 1594/1594/1594 1595/1595/1595
f 1595/1595/1595 1594/1594/1594 1596/1596/1596
f 1595/1595/1595 1596/1596/1596 1597/1597/1597
f 1591/1591/1591 1572/1572/1572 1585/1585/1585
f 1591/1591/1591 1585/1585/1585 1594/1594/1594
f 1594/1594/1594 1585/1585/1585 1587/1587/1587
f 1594/1594/1594 1587/1587/1587 1596/1596/1596
f 1588/1588/1588 1595/1595/1595 1598/1598/1598
f 1588/1588/1588 1598/1598/1598 1599/1599/1599
f 1599/1599/1599 1598/1598/1598 1600/1600/1600
f 1599/1599/1599 1600/1600/1600 1601/1601/1601
f 1595/1595/1595 1597/1597/1597 1602/1602/1602
f 1595/1595/1595 1602/1602/1602 1598/1598/1598
f 1598/1598/1598 1602/1602/1602 1603/1603/1603
f 1598/1598/1598 1603/1603/1603 1600/1600/1600
f 1588/1588/1588 1599/1599/1599 1604/1604/1604
f 1588/1588/1588 1604/1604/1604 1589/1589/1589
f 1589/1589/1589 1604/1604/1604 1605/1605/1605
f 1589/1589/1589 1605/1605/1605 1592/1592/1592
f 1599/1599/1599 1601/1601/1601 1606/1606/1606
f 1599/1599/1599 1606/1606/1606 1604/1604/1604
f 1604/1604/1604 1606/1606/1606 1607/1607/1607
f 1604/1604/1604 1607/1607/1607 1605/1605/1605
f 1608/1608/1608 1609/1609/1609 1610/1610/1610
f 1608/1608/1608 1610/1610/1610 1611/1611/1611
f 1611/1611/1611 1610/1610/1610 1593/1593/1593
f 1611/1611/1611 1593/1593/1593 1592/1592/1592
f 1609/1609/1609 1553/1553/1553 1552/1552/1552
f 1609/1609/1609 1552/1552/1552 1610/1610/1610
f 1610/1610/1610 1552/1552/1552 1556/1556/1556
f 1610/1610/1610 1556/1556/1556 1593/1593/1593
f 1608/1608/1608 1611/1611/1611 1612/1612/1612
f 1608/1608/1608 1612/1612/1612 1613/1613/1613
f 1613/1613/1613 1612/1612/1612 1614/1614/1614
f 1613/1613/1613 1614/1614/1614 1615/1615/1615
f 1611/1611/1611 1592/1592/1592 1605/1605/1605
f 1611/1611/1611 1605/1605/1605 1612/1612/1612
f 1612/1612/1612 1605/1605/1605 1607/1607/1607
f 1612/1612/1612 1607/1607/1607 1614/1614/1614
f 1608/1608/1608 1613/1613/1613 1616/1616/1616
f 1608/1608/1608 1616/1616/1616 1617/1617/1617
f 1617/1617/1617 1616/1616/1616 1530/1530/1530
f 1617/1617/1617 1530/1530/1530 1525/1525/1525
f 1613/1613/1613 1615/1615/1615 1618/1618/1618
f 1613/1613/1613 1618/1618/1618 1616/1616/1616
f 1616/1616/1616 1618/1618/1618 1531/1531/1531
f 1616/1616/1616 1531/1531/1531 1530/1530/1530
f 1608/1608/1608 1617/1617/1617 1619/1619/1619
f 1608/1608/1608 1619/1619/1619 1609/1609/1609
f 1609/1609/1609 1619/1619/1619 1559/1559/1559
f 1609/1609/1609 1559/1559/1559 1553/1553/1553
f 1617/1617/1617 1525/1525/1525 1524/1524/1524
f 1617/1617/1617 1524/1524/1524 1619/1619/1619
f 1619/1619/1619 1524/1524/1524 1515/1515/1515
f 1619/1619/1619 1515/1515/1515 1559/1559/1559
f 1620/1620/1620 1621/1621/1621 1622/1622/1622
f 1620/1620/1620 1622/1622/1622 1623/1623/1623
f 1623/1623/1623 1622/1622/1622 1624/1624/1624
f 1623/1623/1623 1624/1624/1624 1625/1625/1625
f 1621/1621/1621 1626/1626/1626 1627/1627/1627
f 1621/1621/1621 1627/1627/1627 1622/1622/1622
f 1622/1622/1622 1627/1627/1627 1628/1628/1628
f 1622/1622/1622 1628/1628/1628 1624/1624/1624
f 1620/1620/1620 1623/1623/1623 1629/1629/1629
f 1620/1620/1620 1629/1629/1629 1630/1630/1630
f 1630/1630/1630 1629/1629/1629 1586/1586/1586
f 1630/1630/1630 1586/1586/1586 1581/1581/1581
f 1623/1623/1623 1625/1625/1625 1631/1631/1631
f 1623/1623/1623 1631/1631/1631 1629/1629/1629
f 1629/1629/1629 1631/1631/1631 1587/1587/1587
f 1629/1629/1629 1587/1587/1587 1586/1586/1586
f 1620/1620/1620 1630/1630/1630 1632/1632/1632
f 1620/1620/1620 1632/1632/1632 1633/1633/1633
f 1633/1633/1633 1632/1632/1632 1634/1634/1634
f 1633/1633/1633 1634/1634/1634 1635/1635/1635
f 1630/1630/1630 1581/1581/1581 1580/1580/1580
f 1630/1630/1630 1580/1580/1580 1632/1632/1632
f 1632/1632/1632 1580/1580/1580 1583/1583/1583
f 1632/1632/1632 1583/1583/1583 1634/1634/1634
f 1620/1620/1620 1633/1633/1633 1636/1636/1636
f 1620/1620/1620 1636/1636/1636 1621/1621/1621
f 1621/1621/1621 1636/1636/1636 1637/1637/1637
f 1621/1621/1621 1637/1637/1637 1626/1626/1626
f 1633/1633/1633 1635/1635/1635 1638/1638/1638
f 1633/1633/1633 1638/1638/1638 1636/1636/1636
f 1636/1636/1636 1638/1638/1638 1639/1639/1639
f 1636/1636/1636 1639/1639/1639 1637/1637/1637
f 1640/1640/1640 1641/1641/1641 1642/1642/1642
f 1640/1640/1640 1642/1642/1642 1643/1643/1643
f 1643/1643/1643 1642/1642/1642 1627/1627/1627
f 1643/1643/1643 1627/1627/1627 1626/1626/1626
f 1641/1641/1641 1644/1644/1644 1645/1645/1645
f 1641/1641/1641 1645/1645/1645 1642/1642/1642
f 1642/1642/1642 1645/1645/1645 1628/1628/1628
f 1642/1642/1642 1628/1628/1628 1627/1627/1627
f 1640/1640/1640 1643/1643/1643 1646/1646/1646
f 1640/1640/1640 1646/1646/1646 1647/1647/1647
f 1647/1647/1647 1646/1646/1646 1648/1648/1648
f 1647/1647/1647 1648/1648/1648 1649/1649/1649
f 1643/1643/1643 1626/1626/1626 1637/1637/1637
f 1643/1643/1643 1637/1637/1637 1646/1646/1646
f 1646/1646/1646 1637/1637/1637 1639/1639/1639
f 1646/1646/1646 1639/1639/1639 1648/1648/1648
f 1640/1640/1640 1647/1647/1647 1650/1650/1650
f 1640/1640/1640 1650/1650/1650 1651/1651/1651
f 1651/1651/1651 1650/1650/1650 20/20/20
f 1651/1651/1651 20/20/20 13/13/13
f 1647/1647/1647 1649/1649/1649 1652/1652/1652
f 1647/1647/1647 1652/1652/1652 1650/1650/1650
f 1650/1650/1650 1652/1652/1652 21/21/21
f 1650/1650/1650 21/21/21 20/20/20
f 1640/1640/1640 1651/1651/1651 1653/1653/1653
f 1640/1640/1640 1653/1653/1653 1641/1641/1641
f 1641/1641/1641 1653/1653/1653 1654/1654/1654
f 1641/1641/1641 1654/1654/1654 1644/1644/1644
f 1651/1651/1651 13/13/13 12/12/12
f 1651/1651/1651 12/12/12 1653/1653/1653
f 1653/1653/1653 12/12/12 15/15/15
f 1653/1653/1653 15/15/15 1654/1654/1654
f 1655/1655/1655 1656/1656/1656 1657/1657/1657
f 1655/1655/1655 1657/1657/1657 1658/1658/1658
f 1658/1658/1658 1657/1657/1657 1645/1645/1645
f 1658/1658/1658 1645/1645/1645 1644/1644/1644
f 1656/1656/1656 1659/1659/1659 1660/1660/1660
f 1656/1656/1656 1660/1660/1660 1657/1657/1657
f 1657/1657/1657 1660/1660/1660 1628/1628/1628
f 1657/1657/1657 1628/1628/1628 1645/1645/1645
f 1655/1655/1655 1658/1658/1658 1661/1661/1661
f 1655/1655/1655 1661/1661/1661 1662/1662/1662
f 1662/1662/1662 1661/1661/1661 81/81/81
f 1662/1662/1662 81/81/81 77/77/77
f 1658/1658/1658 1644/1644/1644 1654/1654/1654
f 1658/1658/1658 1654/1654/1654 1661/1661/1661
f 1661/1661/1661 1654/1654/1654 15/15/15
f 1661/1661/1661 15/15/15 81/81/81
f 1655/1655/1655 1662/1662/1662 1663/1663/1663
f 1655/1655/1655 1663/1663/1663 1664/1664/1664
f 1664/1664/1664 1663/1663/1663 1665/1665/1665
f 1664/1664/1664 1665/1665/1665 1666/1666/1666
f 1662/1662/1662 77/77/77 76/76/76
f 1662/1662/1662 76/76/76 1663/1663/1663
f 1663/1663/1663 76/76/76 79/79/79
f 1663/1663/1663 79/79/79 1665/1665/1665
f 1655/1655/1655 1664/1664/1664 1667/1667/1667
f 1655/1655/1655 1667/1667/1667 1656/1656/1656
f 1656/1656/1656 1667/1667/1667 1668/1668/1668
f 1656/1656/1656 1668/1668/1668 1659/1659/1659
f 1664/1664/1664 1666/1666/1666 1669/1669/1669
f 1664/1664/1664 1669/1669/1669 1667/1667/1667
f 1667/1667/1667 1669/1669/1669 1670/1670/1670
f 1667/1667/1667 1670/1670/1670 1668/1668/1668
f 1671/1671/1671 1672/1672/1672 1673/1673/1673
f 1671/1671/1671 1673/1673/1673 1674/1674/1674
f 1674/1674/1674 1673/1673/1673 1660/1660/1660
f 1674/1674/1674 1660/1660/1660 1659/1659/1659
f 1672/1672/1672 1625/1625/1625 1624/1624/1624
f 1672/1672/1672 1624/1624/1624 1673/1673/1673
f 1673/1673/1673 1624/1624/1624 1628/1628/1628
f 1673/1673/1673 1628/1628/1628 1660/1660/1660
f 1671/1671/1671 1674/1674/1674 1675/1675/1675
f 1671/1671/1671 1675/1675/1675 1676/1676/1676
f 1676/1676/1676 1675/1675/1675 1677/1677/1677
f 1676/1676/1676 1677/1677/1677 1678/1678/1678
f 1674/1674/1674 1659/1659/1659 1668/1668/1668
f 1674/1674/1674 1668/1668/1668 1675/1675/1675
f 1675/1675/1675 1668/1668/1668 1670/1670/1670
f 1675/1675/1675 1670/1670/1670 1677/1677/1677
f 1671/1671/1671 1676/1676/1676 1679/1679/1679
f 1671/1671/1671 1679/1679/1679 1680/1680/1680
f 1680/1680/1680 1679/1679/1679 1602/1602/1602
f 1680/1680/1680 1602/1602/1602 1597/1597/1597
f 1676/1676/1676 1678/1678/1678 1681/1681/1681
f 1676/1676/1676 1681/1681/1681 1679/1679/1679
f 1679/1679/1679 1681/1681/1681 1603/1603/1603
f 1679/1679/1679 1603/1603/1603 1602/1602/1602
f 1671/1671/1671 1680/1680/1680 1682/1682/1682
f 1671/1671/1671 1682/1682/1682 1672/1672/1672
f 1672/1672/1672 1682/1682/1682 1631/1631/1631
f 1672/1672/1672 1631/1631/1631 1625/1625/1625
f 1680/1680/1680 1597/1597/1597 1596/1596/1596
f 1680/1680/1680 1596/1596/1596 1682/1682/1682
f 1682/1682/1682 1596/1596/1596 1587/1587/1587
f 1682/1682/1682 1587/1587/1587 1631/1631/1631
f 1683/1683/1683 1684/1684/1684 1685/1685/1685
f 1683/1683/1683 1685/1685/1685 1686/1686/1686
f 1686/1686/1686 1685/1685/1685 1687/1687/1687
f 1686/1686/1686 1687/1687/1687 1688/1688/1688
f 1684/1684/1684 1689/1689/1689 1690/1690/1690
f 1684/1684/1684 1690/1690/1690 1685/1685/1685
f 1685/1685/1685 1690/1690/1690 1691/1691/1691
f 1685/1685/1685 1691/1691/1691 1687/1687/1687
f 1683/1683/1683 1686/1686/1686 1692/1692/1692
f 1683/1683/1683 1692/1692/1692 1693/1693/1693
f 1693/1693/1693 1692/1692/1692 689/689/689
f 1693/1693/1693 689/689/689 684/684/684
f 1686/1686/1686 1688/1688/1688 1694/1694/1694
f 1686/1686/1686 1694/1694/1694 1692/1692/1692
f 1692/1692/1692 1694/1694/1694 690/690/690
f 1692/1692/1692 690/690/690 689/689/689
f 1683/1683/1683 1693/1693/1693 1695/1695/1695
f 1683/1683/1683 1695/1695/1695 1696/1696/1696
f 1696/1696/1696 1695/1695/1695 1697/1697/1697
f 1696/1696/1696 1697/1697/1697 1698/1698/1698
f 1693/1693/1693 684/684/684 683/683/683
f 1693/1693/1693 683/683/683 1695/1695/1695
f 1695/1695/1695 683/683/683 686/686/686
f 1695/1695/1695 686/686/686 1697/1697/1697
f 1683/1683/1683 1696/1696/1696 1699/1699/1699
f 1683/1683/1683 1699/1699/1699 1684/1684/1684
f 1684/1684/1684 1699/1699/1699 1700/1700/1700
f 1684/1684/1684 1700/1700/1700 1689/1689/1689
f 1696/1696/1696 1698/1698/1698 1701/1701/1701
f 1696/1696/1696 1701/1701/1701 1699/1699/1699
f 1699/1699/1699 1701/1701/1701 1702/1702/1702
f 1699/1699/1699 1702/1702/1702 1700/1700/1700
f 1703/1703/1703 1704/1704/1704 1705/1705/1705
f 1703/1703/1703 1705/1705/1705 1706/1706/1706
f 1706/1706/1706 1705/1705/1705 1690/1690/1690
f 1706/1706/1706 1690/1690/1690 1689/1689/1689
f 1704/1704/1704 1707/1707/1707 1708/1708/1708
f 1704/1704/1704 1708/1708/1708 1705/1705/1705
f 1705/1705/1705 1708/1708/1708 1691/1691/1691
f 1705/1705/1705 1691/1691/1691 1690/1690/1690
f 1703/1703/1703 1706/1706/1706 1709/1709/1709
f 1703/1703/1703 1709/1709/1709 1710/1710/1710
f 1710/1710/1710 1709/1709/1709 1711/1711/1711
f 1710/1710/1710 1711/1711/1711 1712/1712/1712
f 1706/1706/1706 1689/1689/1689 1700/1700/1700
f 1706/1706/1706 1700/1700/1700 1709/1709/1709
f 1709/1709/1709 1700/1700/1700 1702/1702/1702
f 1709/1709/1709 1702/1702/1702 1711/1711/1711
f 1703/1703/1703 1710/1710/1710 1713/1713/1713
f 1703/1703/1703 1713/1713/1713 1714/1714/1714
f 1714/1714/1714 1713/1713/1713 1715/1715/1715
f 1714/1714/1714 1715/1715/1715 1716/1716/1716
f 1710/1710/1710 1712/1712/1712 1717/1717/1717
f 1710/1710/1710 1717/1717/1717 1713/1713/1713
f 1713/1713/1713 1717/1717/1717 1718/1718/1718
f 1713/1713/1713 1718/1718/1718 1715/1715/1715
f 1703/1703/1703 1714/1714/1714 1719/1719/1719
f 1703/1703/1703 1719/1719/1719 1704/1704/1704
f 1704/1704/1704 1719/1719/1719 1720/1720/1720
f 1704/1704/1704 1720/1720/1720 1707/1707/1707
f 1714/1714/1714 1716/1716/1716 1721/1721/1721
f 1714/1714/1714 1721/1721/1721 1719/1719/1719
f 1719/1719/1719 1721/1721/1721 1722/1722/1722
f 1719/1719/1719 1722/1722/1722 1720/1720/1720
f 1723/1723/1723 1724/1724/1724 1725/1725/1725
f 1723/1723/1723 1725/1725/1725 1726/1726/1726
f 1726/1726/1726 1725/1725/1725 1708/1708/1708
f 1726/1726/1726 1708/1708/1708 1707/1707/1707
f 1724/1724/1724 1727/1727/1727 1728/1728/1728
f 1724/1724/1724 1728/1728/1728 1725/1725/1725
f 1725/1725/1725 1728/1728/1728 1691/1691/1691
f 1725/1725/1725 1691/1691/1691 1708/1708/1708
f 1723/1723/1723 1726/1726/1726 1729/1729/1729
f 1723/1723/1723 1729/1729/1729 1730/1730/1730
f 1730/1730/1730 1729/1729/1729 1731/1731/1731
f 1730/1730/1730 1731/1731/1731 1732/1732/1732
f 1726/1726/1726 1707/1707/1707 1720/1720/1720
f 1726/1726/1726 1720/1720/1720 1729/1729/1729
f 1729/1729/1729 1720/1720/1720 1722/1722/1722
f 1729/1729/1729 1722/1722/1722 1731/1731/1731
f 1723/1723/1723 1730/1730/1730 1733/1733/1733
f 1723/1723/1723 1733/1733/1733 1734/1734/1734
f 1734/1734/1734 1733/1733/1733 1510/1510/1510
f 1734/1734/1734 1510/1510/1510 1505/1505/1505
f 1730/1730/1730 1732/1732/1732 1735/1735/1735
f 1730/1730/1730 1735/1735/1735 1733/1733/1733
f 1733/1733/1733 1735/1735/1735 1511/1511/1511
f 1733/1733/1733 1511/1511/1511 1510/1510/1510
f 1723/1723/1723 1734/1734/1734 1736/1736/1736
f 1723/1723/1723 1736/1736/1736 1724/1724/1724
f 1724/1724/1724 1736/1736/1736 1737/1737/1737
f 1724/1724/1724 1737/1737/1737 1727/1727/1727
f 1734/1734/1734 1505/1505/1505 1504/1504/1504
f 1734/1734/1734 1504/1504/1504 1736/1736/1736
f 1736/1736/1736 1504/1504/1504 1495/1495/1495
f 1736/1736/1736 1495/1495/1495 1737/1737/1737
f 1738/1738/1738 1739/1739/1739 1740/1740/1740
f 1738/1738/1738 1740/1740/1740 1741/1741/1741
f 1741/1741/1741 1740/1740/1740 1728/1728/1728
f 1741/1741/1741 1728/1728/1728 1727/1727/1727
f 1739/1739/1739 1688/1688/1688 1687/1687/1687
f 1739/1739/1739 1687/1687/1687 1740/1740/1740
f 1740/1740/1740 1687/1687/1687 1691/1691/1691
f 1740/1740/1740 1691/1691/1691 1728/1728/1728
f 1738/1738/1738 1741/1741/1741 1742/1742/1742
f 1738/1738/1738 1742/1742/1742 1743/1743/1743
f 1743/1743/1743 1742/1742/1742 1494/1494/1494
f 1743/1743/1743 1494/1494/1494 1491/1491/1491
f 1741/1741/1741 1727/1727/1727 1737/1737/1737
f 1741/1741/1741 1737/1737/1737 1742/1742/1742
f 1742/1742/1742 1737/1737/1737 1495/1495/1495
f 1742/1742/1742 1495/1495/1495 1494/1494/1494
f 1738/1738/1738 1743/1743/1743 1744/1744/1744
f 1738/1738/1738 1744/1744/1744 1745/1745/1745
f 1745/1745/1745 1744/1744/1744 703/703/703
f 1745/1745/1745 703/703/703 700/700/700
f 1743/1743/1743 1491/1491/1491 1490/1490/1490
f 1743/1743/1743 1490/1490/1490 1744/1744/1744
f 1744/1744/1744 1490/1490/1490 542/542/542
f 1744/1744/1744 542/542/542 703/703/703
f 1738/1738/1738 1745/1745/1745 1746/1746/1746
f 1738/1738/1738 1746/1746/1746 1739/1739/1739
f 1739/1739/1739 1746/1746/1746 1694/1694/1694
f 1739/1739/1739 1694/1694/1694 1688/1688/1688
f 1745/1745/1745 700/700/700 699/699/699
f 1745/1745/1745 699/699/699 1746/1746/1746
f 1746/1746/1746 699/699/699 690/690/690
f 1746/1746/1746 690/690/690 1694/1694/1694
f 1747/1747/1747 1748/1748/1748 1749/1749/1749
f 1747/1747/1747 1749/1749/1749 1750/1750/1750
f 1750/1750/1750 1749/1749/1749 1751/1751/1751
f 1750/1750/1750 1751/1751/1751 1752/1752/1752
f 1748/1748/1748 1753/1753/1753 1754/1754/1754
f 1748/1748/1748 1754/1754/1754 1749/1749/1749
f 1749/1749/1749 1754/1754/1754 1755/1755/1755
f 1749/1749/1749 1755/1755/1755 1751/1751/1751
f 1747/1747/1747 1750/1750/1750 1756/1756/1756
f 1747/1747/1747 1756/1756/1756 1757/1757/1757
f 1757/1757/1757 1756/1756/1756 1721/1721/1721
f 1757/1757/1757 1721/1721/1721 1716/1716/1716
f 1750/1750/1750 1752/1752/1752 1758/1758/1758
f 1750/1750/1750 1758/1758/1758 1756/1756/1756
f 1756/1756/1756 1758/1758/1758 1722/1722/1722
f 1756/1756/1756 1722/1722/1722 1721/1721/1721
f 1747/1747/1747 1757/1757/1757 1759/1759/1759
f 1747/1747/1747 1759/1759/1759 1760/1760/1760
f 1760/1760/1760 1759/1759/1759 1761/1761/1761
f 1760/1760/1760 1761/1761/1761 1762/1762/1762
f 1757/1757/1757 1716/1716/1716 1715/1715/1715
f 1757/1757/1757 1715/1715/1715 1759/1759/1759
f 1759/1759/1759 1715/1715/1715 1718/1718/1718
f 1759/1759/1759 1718/1718/1718 1761/1761/1761
f 1747/1747/1747 1760/1760/1760 1763/1763/1763
f 1747/1747/1747 1763/1763/1763 1748/1748/1748
f 1748/1748/1748 1763/1763/1763 1764/1764/1764
f 1748/1748/1748 1764/1764/1764 1753/1753/1753
f 1760/1760/1760 1762/1762/1762 1765/1765/1765
f 1760/1760/1760 1765/1765/1765 1763/1763/1763
f 1763/1763/1763 1765/1765/1765 1766/1766/1766
f 1763/1763/1763 1766/1766/1766 1764/1764/1764
f 1767/1767/1767 1768/1768/1768 1769/1769/1769
f 1767/1767/1767 1769/1769/1769 1770/1770/1770
f 1770/1770/1770 1769/1769/1769 1754/1754/1754
f 1770/1770/1770 1754/1754/1754 1753/1753/1753
f 1768/1768/1768 1771/1771/1771 1772/1772/1772
f 1768/1768/1768 1772/1772/1772 1769/1769/1769
f 1769/1769/1769 1772/1772/1772 1755/1755/1755
f 1769/1769/1769 1755/1755/1755 1754/1754/1754
f 1767/1767/1767 1770/1770/1770 1773/1773/1773
f 1767/1767/1767 1773/1773/1773 1774/1774/1774
f 1774/1774/1774 1773/1773/1773 1775/1775/1775
f 1774/1774/1774 1775/1775/1775 1776/1776/1776
f 1770/1770/1770 1753/1753/1753 1764/1764/1764
f 1770/1770/1770 1764/1764/1764 1773/1773/1773
f 1773/1773/1773 1764/1764/1764 1766/1766/1766
f 1773/1773/1773 1766/1766/1766 1775/1775/1775
f 1767/1767/1767 1774/1774/1774 1777/1777/1777
f 1767/1767/1767 1777/1777/1777 1778/1778/1778
f 1778/1778/1778 1777/1777/1777 1779/1779/1779
f 1778/1778/1778 1779/1779/1779 1780/1780/1780
f 1774/1774/1774 1776/1776/1776 1781/1781/1781
f 1774/1774/1774 1781/1781/1781 1777/1777/1777
f 1777/1777/1777 1781/1781/1781 1782/1782/1782
f 1777/1777/1777 1782/1782/1782 1779/1779/1779
f 1767/1767/1767 1778/1778/1778 1783/1783/1783
f 1767/1767/1767 1783/1783/1783 1768/1768/1768
f 1768/1768/1768 1783/1783/1783 1784/1784/1784
f 1768/1768/1768 1784/1784/1784 1771/1771/1771
f 1778/1778/1778 1780/1780/1780 1785/1785/1785
f 1778/1778/1778 1785/1785/1785 1783/1783/1783
f 1783/1783/1783 1785/1785/1785 1786/1786/1786
f 1783/1783/1783 1786/1786/1786 1784/1784/1784
f 1787/1787/1787 1788/1788/1788 1789/1789/1789
f 1787/1787/1787 1789/1789/1789 1790/1790/1790
f 1790/1790/1790 1789/1789/1789 1772/1772/1772
f 1790/1790/1790 1772/1772/1772 1771/1771/1771
f 1788/1788/1788 1791/1791/1791 1792/1792/1792
f 1788/1788/1788 1792/1792/1792 1789/1789/1789
f 1789/1789/1789 1792/1792/1792 1755/1755/1755
f 1789/1789/1789 1755/1755/1755 1772/1772/1772
f 1787/1787/1787 1790/1790/1790 1793/1793/1793
f 1787/1787/1787 1793/1793/1793 1794/1794/1794
f 1794/1794/1794 1793/1793/1793 1795/1795/1795
f 1794/1794/1794 1795/1795/1795 1796/1796/1796
f 1790/1790/1790 1771/1771/1771 1784/1784/1784
f 1790/1790/1790 1784/1784/1784 1793/1793/1793
f 1793/1793/1793 1784/1784/1784 1786/1786/1786
f 1793/1793/1793 1786/1786/1786 1795/1795/1795
f 1787/1787/1787 1794/1794/1794 1797/1797/1797
f 1787/1787/1787 1797/1797/1797 1798/1798/1798
f 1798/1798/1798 1797/1797/1797 1582/1582/1582
f 1798/1798/1798 1582/1582/1582 1577/1577/1577
f 1794/1794/1794 1796/1796/1796 1799/1799/1799
f 1794/1794/1794 1799/1799/1799 1797/1797/1797
f 1797/1797/1797 1799/1799/1799 1583/1583/1583
f 1797/1797/1797 1583/1583/1583 1582/1582/1582
f 1787/1787/1787 1798/1798/1798 1800/1800/1800
f 1787/1787/1787 1800/1800/1800 1788/1788/1788
f 1788/1788/1788 1800/1800/1800 1801/1801/1801
f 1788/1788/1788 1801/1801/1801 1791/1791/1791
f 1798/1798/1798 1577/1577/1577 1576/1576/1576
f 1798/1798/1798 1576/1576/1576 1800/1800/1800
f 1800/1800/1800 1576/1576/1576 1567/1567/1567
f 1800/1800/1800 1567/1567/1567 1801/1801/1801
f 1802/1802/1802 1803/1803/1803 1804/1804/1804
f 1802/1802/1802 1804/1804/1804 1805/1805/1805
f 1805/1805/1805 1804/1804/1804 1792/1792/1792
f 1805/1805/1805 1792/1792/1792 1791/1791/1791
f 1803/1803/1803 1752/1752/1752 1751/1751/1751
f 1803/1803/1803 1751/1751/1751 1804/1804/1804
f 1804/1804/1804 1751/1751/1751 1755/1755/1755
f 1804/1804/1804 1755/1755/1755 1792/1792/1792
f 1802/1802/1802 1805/1805/1805 1806/1806/1806
f 1802/1802/1802 1806/1806/1806 1807/1807/1807
f 1807/1807/1807 1806/1806/1806 1566/1566/1566
f 1807/1807/1807 1566/1566/1566 1563/1563/1563
f 1805/1805/1805 1791/1791/1791 1801/1801/1801
f 1805/1805/1805 1801/1801/1801 1806/1806/1806
f 1806/1806/1806 1801/1801/1801 1567/1567/1567
f 1806/1806/1806 1567/1567/1567 1566/1566/1566
f 1802/1802/1802 1807/1807/1807 1808/1808/1808
f 1802/1802/1802 1808/1808/1808 1809/1809/1809
f 1809/1809/1809 1808/1808/1808 1735/1735/1735
f 1809/1809/1809 1735/1735/1735 1732/1732/1732
f 1807/1807/1807 1563/1563/1563 1562/1562/1562
f 1807/1807/1807 1562/1562/1562 1808/1808/1808
f 1808/1808/1808 1562/1562/1562 1511/1511/1511
f 1808/1808/1808 1511/1511/1511 1735/1735/1735
f 1802/1802/1802 1809/1809/1809 1810/1810/1810
f 1802/1802/1802 1810/1810/1810 1803/1803/1803
f 1803/1803/1803 1810/1810/1810 1758/1758/1758
f 1803/1803/1803 1758/1758/1758 1752/1752/1752
f 1809/1809/1809 1732/1732/1732 1731/1731/1731
f 1809/1809/1809 1731/1731/1731 1810/1810/1810
f 1810/1810/1810 1731/1731/1731 1722/1722/1722
f 1810/1810/1810 1722/1722/1722 1758/1758/1758
f 1811/1811/1811 1812/1812/1812 1813/1813/1813
f 1811/1811/1811 1813/1813/1813 1814/1814/1814
f 1814/1814/1814 1813/1813/1813 1815/1815/1815
f 1814/1814/1814 1815/1815/1815 1816/1816/1816
f 1812/1812/1812 1817/1817/1817 1818/1818/1818
f 1812/1812/1812 1818/1818/1818 1813/1813/1813
f 1813/1813/1813 1818/1818/1818 1819/1819/1819
f 1813/1813/1813 1819/1819/1819 1815/1815/1815
f 1811/1811/1811 1814/1814/1814 1820/1820/1820
f 1811/1811/1811 1820/1820/1820 1821/1821/1821
f 1821/1821/1821 1820/1820/1820 1785/1785/1785
f 1821/1821/1821 1785/1785/1785 1780/1780/1780
f 1814/1814/1814 1816/1816/1816 1822/1822/1822
f 1814/1814/1814 1822/1822/1822 1820/1820/1820
f 1820/1820/1820 1822/1822/1822 1786/1786/1786
f 1820/1820/1820 1786/1786/1786 1785/1785/1785
f 1811/1811/1811 1821/1821/1821 1823/1823/1823
f 1811/1811/1811 1823/1823/1823 1824/1824/1824
f 1824/1824/1824 1823/1823/1823 1825/1825/1825
f 1824/1824/1824 1825/1825/1825 1826/1826/1826
f 1821/1821/1821 1780/1780/1780 1779/1779/1779
f 1821/1821/1821 1779/1779/1779 1823/1823/1823
f 1823/1823/1823 1779/1779/1779 1782/1782/1782
f 1823/1823/1823 1782/1782/1782 1825/1825/1825
f 1811/1811/1811 1824/1824/1824 1827/1827/1827
f 1811/1811/1811 1827/1827/1827 1812/1812/1812
f 1812/1812/1812 1827/1827/1827 1828/1828/1828
f 1812/1812/1812 1828/1828/1828 1817/1817/1817
f 1824/1824/1824 1826/1826/1826 1829/1829/1829
f 1824/1824/1824 1829/1829/1829 1827/1827/1827
f 1827/1827/1827 1829/1829/1829 1830/1830/1830
f 1827/1827/1827 1830/1830/1830 1828/1828/1828
f 1831/1831/1831 1832/1832/1832 1833/1833/1833
f 1831/1831/1831 1833/1833/1833 1834/1834/1834
f 1834/1834/1834 1833/1833/1833 1818/1818/1818
f 1834/1834/1834 1818/1818/1818 1817/1817/1817
f 1832/1832/1832 1835/1835/1835 1836/1836/1836
f 1832/1832/1832 1836/1836/1836 1833/1833/1833
f 1833/1833/1833 1836/1836/1836 1819/1819/1819
f 1833/1833/1833 1819/1819/1819 1818/1818/1818
f 1831/1831/1831 1834/1834/1834 1837/1837/1837
f 1831/1831/1831 1837/1837/1837 1838/1838/1838
f 1838/1838/1838 1837/1837/1837 1839/1839/1839
f 1838/1838/1838 1839/1839/1839 1840/1840/1840
f 1834/1834/1834 1817/1817/1817 1828/1828/1828
f 1834/1834/1834 1828/1828/1828 1837/1837/1837
f 1837/1837/1837 1828/1828/1828 1830/1830/1830
f 1837/1837/1837 1830/1830/1830 1839/1839/1839
f 1831/1831/1831 1838/1838/1838 1841/1841/1841
f 1831/1831/1831 1841/1841/1841 1842/1842/1842
f 1842/1842/1842 1841/1841/1841 173/173/173
f 1842/1842/1842 173/173/173 166/166/166
f 1838/1838/1838 1840/1840/1840 1843/1843/1843
f 1838/1838/1838 1843/1843/1843 1841/1841/1841
f 1841/1841/1841 1843/1843/1843 174/174/174
f 1841/1841/1841 174/174/174 173/173/173
f 1831/1831/1831 1842/1842/1842 1844/1844/1844
f 1831/1831/1831 1844/1844/1844 1832/1832/1832
f 1832/1832/1832 1844/1844/1844 1845/1845/1845
f 1832/1832/1832 1845/1845/1845 1835/1835/1835
f 1842/1842/1842 166/166/166 165/165/165
f 1842/1842/1842 165/165/165 1844/1844/1844
f 1844/1844/1844 165/165/165 168/168/168
f 1844/1844/1844 168/168/168 1845/1845/1845
f 1846/1846/1846 1847/1847/1847 1848/1848/1848
f 1846/1846/1846 1848/1848/1848 1849/1849/1849
f 1849/1849/1849 1848/1848/1848 1836/1836/1836
f 1849/1849/1849 1836/1836/1836 1835/1835/1835
f 1847/1847/1847 1850/1850/1850 1851/1851/1851
f 1847/1847/1847 1851/1851/1851 1848/1848/1848
f 1848/1848/1848 1851/1851/1851 1819/1819/1819
f 1848/1848/1848 1819/1819/1819 1836/1836/1836
f 1846/1846/1846 1849/1849/1849 1852/1852/1852
f 1846/1846/1846 1852/1852/1852 1853/1853/1853
f 1853/1853/1853 1852/1852/1852 225/225/225
f 1853/1853/1853 225/225/225 223/223/223
f 1849/1849/1849 1835/1835/1835 1845/1845/1845
f 1849/1849/1849 1845/1845/1845 1852/1852/1852
f 1852/1852/1852 1845/1845/1845 168/168/168
f 1852/1852/1852 168/168/168 225/225/225
f 1846/1846/1846 1853/1853/1853 1854/1854/1854
f 1846/1846/1846 1854/1854/1854 1855/1855/1855
f 1855/1855/1855 1854/1854/1854 1652/1652/1652
f 1855/1855/1855 1652/1652/1652 1649/1649/1649
f 1853/1853/1853 223/223/223 222/222/222
f 1853/1853/1853 222/222/222 1854/1854/1854
f 1854/1854/1854 222/222/222 21/21/21
f 1854/1854/1854 21/21/21 1652/1652/1652
f 1846/1846/1846 1855/1855/1855 1856/1856/1856
f 1846/1846/1846 1856/1856/1856 1847/1847/1847
f 1847/1847/1847 1856/1856/1856 1857/1857/1857
f 1847/1847/1847 1857/1857/1857 1850/1850/1850
f 1855/1855/1855 1649/1649/1649 1648/1648/1648
f 1855/1855/1855 1648/1648/1648 1856/1856/1856
f 1856/1856/1856 1648/1648/1648 1639/1639/1639
f 1856/1856/1856 1639/1639/1639 1857/1857/1857
f 1858/1858/1858 1859/1859/1859 1860/1860/1860
f 1858/1858/1858 1860/1860/1860 1861/1861/1861
f 1861/1861/1861 1860/1860/1860 1851/1851/1851
f 1861/1861/1861 1851/1851/1851 1850/1850/1850
f 1859/1859/1859 1816/1816/1816 1815/1815/1815
f 1859/1859/1859 1815/1815/1815 1860/1860/1860
f 1860/1860/1860 1815/1815/1815 1819/1819/1819
f 1860/1860/1860 1819/1819/1819 1851/1851/1851
f 1858/1858/1858 1861/1861/1861 1862/1862/1862
f 1858/1858/1858 1862/1862/1862 1863/1863/1863
f 1863/1863/1863 1862/1862/1862 1638/1638/1638
f 1863/1863/1863 1638/1638/1638 1635/1635/1635
f 1861/1861/1861 1850/1850/1850 1857/1857/1857
f 1861/1861/1861 1857/1857/1857 1862/1862/1862
f 1862/1862/1862 1857/1857/1857 1639/1639/1639
f 1862/1862/1862 1639/1639/1639 1638/1638/1638
f 1858/1858/1858 1863/1863/1863 1864/1864/1864
f 1858/1858/1858 1864/1864/1864 1865/1865/1865
f 1865/1865/1865 1864/1864/1864 1799/1799/1799
f 1865/1865/1865 1799/1799/1799 1796/1796/1796
f 1863/1863/1863 1635/1635/1635 1634/1634/1634
f 1863/1863/1863 1634/1634/1634 1864/1864/1864
f 1864/1864/1864 1634/1634/1634 1583/1583/1583
f 1864/1864/1864 1583/1583/1583 1799/1799/1799
f 1858/1858/1858 1865/1865/1865 1866/1866/1866
f 1858/1858/1858 1866/1866/1866 1859/1859/1859
f 1859/1859/1859 1866/1866/1866 1822/1822/1822
f 1859/1859/1859 1822/1822/1822 1816/1816/1816
f 1865/1865/1865 1796/1796/1796 1795/1795/1795
f 1865/1865/1865 1795/1795/1795 1866/1866/1866
f 1866/1866/1866 1795/1795/1795 1786/1786/1786
f 1866/1866/1866 1786/1786/1786 1822/1822/1822
f 1867/1867/1867 1868/1868/1868 1869/1869/1869
f 1867/1867/1867 1869/1869/1869 1870/1870/1870
f 1870/1870/1870 1869/1869/1869 1871/1871/1871
f 1870/1870/1870 1871/1871/1871 1872/1872/1872
f 1868/1868/1868 1873/1873/1873 1874/1874/1874
f 1868/1868/1868 1874/1874/1874 1869/1869/1869
f 1869/1869/1869 1874/1874/1874 1875/1875/1875
f 1869/1869/1869 1875/1875/1875 1871/1871/1871
f 1867/1867/1867 1870/1870/1870 1876/1876/1876
f 1867/1867/1867 1876/1876/1876 1877/1877/1877
f 1877/1877/1877 1876/1876/1876 825/825/825
f 1877/1877/1877 825/825/825 820/820/820
f 1870/1870/1870 1872/1872/1872 1878/1878/1878
f 1870/1870/1870 1878/1878/1878 1876/1876/1876
f 1876/1876/1876 1878/1878/1878 826/826/826
f 1876/1876/1876 826/826/826 825/825/825
f 1867/1867/1867 1877/1877/1877 1879/1879/1879
f 1867/1867/1867 1879/1879/1879 1880/1880/1880
f 1880/1880/1880 1879/1879/1879 1881/1881/1881
f 1880/1880/1880 1881/1881/1881 1882/1882/1882
f 1877/1877/1877 820/820/820 819/819/819
f 1877/1877/1877 819/819/819 1879/1879/1879
f 1879/1879/1879 819/819/819 822/822/822
f 1879/1879/1879 822/822/822 1881/1881/1881
f 1867/1867/1867 1880/1880/1880 1883/1883/1883
f 1867/1867/1867 1883/1883/1883 1868/1868/1868
f 1868/1868/1868 1883/1883/1883 1884/1884/1884
f 1868/1868/1868 1884/1884/1884 1873/1873/1873
f 1880/1880/1880 1882/1882/1882 1885/1885/1885
f 1880/1880/1880 1885/1885/1885 1883/1883/1883
f 1883/1883/1883 1885/1885/1885 1886/1886/1886
f 1883/1883/1883 1886/1886/1886 1884/1884/1884
f 1887/1887/1887 1888/1888/1888 1889/1889/1889
f 1887/1887/1887 1889/1889/1889 1890/1890/1890
f 1890/1890/1890 1889/1889/1889 1874/1874/1874
f 1890/1890/1890 1874/1874/1874 1873/1873/1873
f 1888/1888/1888 1891/1891/1891 1892/1892/1892
f 1888/1888/1888 1892/1892/1892 1889/1889/1889
f 1889/1889/1889 1892/1892/1892 1875/1875/1875
f 1889/1889/1889 1875/1875/1875 1874/1874/1874
f 1887/1887/1887 1890/1890/1890 1893/1893/1893
f 1887/1887/1887 1893/1893/1893 1894/1894/1894
f 1894/1894/1894 1893/1893/1893 1895/1895/1895
f 1894/1894/1894 1895/1895/1895 1896/1896/1896
f 1890/1890/1890 1873/1873/1873 1884/1884/1884
f 1890/1890/1890 1884/1884/1884 1893/1893/1893
f 1893/1893/1893 1884/1884/1884 1886/1886/1886
f 1893/1893/1893 1886/1886/1886 1895/1895/1895
f 1887/1887/1887 1894/1894/1894 1897/1897/1897
f 1887/1887/1887 1897/1897/1897 1898/1898/1898
f 1898/1898/1898 1897/1897/1897 1899/1899/1899
f 1898/1898/1898 1899/1899/1899 1900/1900/1900
f 1894/1894/1894 1896/1896/1896 1901/1901/1901
f 1894/1894/1894 1901/1901/1901 1897/1897/1897
f 1897/1897/1897 1901/1901/1901 1902/1902/1902
f 1897/1897/1897 1902/1902/1902 1899/1899/1899
f 1887/1887/1887 1898/1898/1898 1903/1903/1903
f 1887/1887/1887 1903/1903/1903 1888/1888/1888
f 1888/1888/1888 1903/1903/1903 1904/1904/1904
f 1888/1888/1888 1904/1904/1904 1891/1891/1891
f 1898/1898/1898 1900/1900/1900 1905/1905/1905
f 1898/1898/1898 1905/1905/1905 1903/1903/1903
f 1903/1903/1903 1905/1905/1905 1906/1906/1906
f 1903/1903/1903 1906/1906/1906 1904/1904/1904
f 1907/1907/1907 1908/1908/1908 1909/1909/1909
f 1907/1907/1907 1909/1909/1909 1910/1910/1910
f 1910/1910/1910 1909/1909/1909 1892/1892/1892
f 1910/1910/1910 1892/1892/1892 1891/1891/1891
f 1908/1908/1908 1911/1911/1911 1912/1912/1912
f 1908/1908/1908 1912/1912/1912 1909/1909/1909
f 1909/1909/1909 1912/1912/1912 1875/1875/1875
f 1909/1909/1909 1875/1875/1875 1892/1892/1892
f 1907/1907/1907 1910/1910/1910 1913/1913/1913
f 1907/1907/1907 1913/1913/1913 1914/1914/1914
f 1914/1914/1914 1913/1913/1913 1915/1915/1915
f 1914/1914/1914 1915/1915/1915 1916/1916/1916
f 1910/1910/1910 1891/1891/1891 1904/1904/1904
f 1910/1910/1910 1904/1904/1904 1913/1913/1913
f 1913/1913/1913 1904/1904/1904 1906/1906/1906
f 1913/1913/1913 1906/1906/1906 1915/1915/1915
f 1907/1907/1907 1914/1914/1914 1917/1917/1917
f 1907/1907/1907 1917/1917/1917 1918/1918/1918
f 1918/1918/1918 1917/1917/1917 1717/1717/1717
f 1918/1918/1918 1717/1717/1717 1712/1712/1712
f 1914/1914/1914 1916/1916/1916 1919/1919/1919
f 1914/1914/1914 1919/1919/1919 1917/1917/1917
f 1917/1917/1917 1919/1919/1919 1718/1718/1718
f 1917/1917/1917 1718/1718/1718 1717/1717/1717
f 1907/1907/1907 1918/1918/1918 1920/1920/1920
f 1907/1907/1907 1920/1920/1920 1908/1908/1908
f 1908/1908/1908 1920/1920/1920 1921/1921/1921
f 1908/1908/1908 1921/1921/1921 1911/1911/1911
f 1918/1918/1918 1712/1712/1712 1711/1711/1711
f 1918/1918/1918 1711/1711/1711 1920/1920/1920
f 1920/1920/1920 1711/1711/1711 1702/1702/1702
f 1920/1920/1920 1702/1702/1702 1921/1921/1921
f 1922/1922/1922 1923/1923/1923 1924/1924/1924
f 1922/1922/1922 1924/1924/1924 1925/1925/1925
f 1925/1925/1925 1924/1924/1924 1912/1912/1912
f 1925/1925/1925 1912/1912/1912 1911/1911/1911
f 1923/1923/1923 1872/1872/1872 1871/1871/1871
f 1923/1923/1923 1871/1871/1871 1924/1924/1924
f 1924/1924/1924 1871/1871/1871 1875/1875/1875
f 1924/1924/1924 1875/1875/1875 1912/1912/1912
f 1922/1922/1922 1925/1925/1925 1926/1926/1926
f 1922/1922/1922 1926/1926/1926 1927/1927/1927
f 1927/1927/1927 1926/1926/1926 1701/1701/1701
f 1927/1927/1927 1701/1701/1701 1698/1698/1698
f 1925/1925/1925 1911/1911/1911 1921/1921/1921
f 1925/1925/1925 1921/1921/1921 1926/1926/1926
f 1926/1926/1926 1921/1921/1921 1702/1702/1702
f 1926/1926/1926 1702/1702/1702 1701/1701/1701
f 1922/1922/1922 1927/1927/1927 1928/1928/1928
f 1922/1922/1922 1928/1928/1928 1929/1929/1929
f 1929/1929/1929 1928/1928/1928 839/839/839
f 1929/1929/1929 839/839/839 836/836/836
f 1927/1927/1927 1698/1698/1698 1697/1697/1697
f 1927/1927/1927 1697/1697/1697 1928/1928/1928
f 1928/1928/1928 1697/1697/1697 686/686/686
f 1928/1928/1928 686/686/686 839/839/839
f 1922/1922/1922 1929/1929/1929 1930/1930/1930
f 1922/1922/1922 1930/1930/1930 1923/1923/1923
f 1923/1923/1923 1930/1930/1930 1878/1878/1878
f 1923/1923/1923 1878/1878/1878 1872/1872/1872
f 1929/1929/1929 836/836/836 835/835/835
f 1929/1929/1929 835/835/835 1930/1930/1930
f 1930/1930/1930 835/835/835 826/826/826
f 1930/1930/1930 826/826/826 1878/1878/1878
f 1931/1931/1931 1932/1932/1932 1933/1933/1933
f 1931/1931/1931 1933/1933/1933 1934/1934/1934
f 1934/1934/1934 1933/1933/1933 1935/1935/1935
f 1934/1934/1934 1935/1935/1935 1936/1936/1936
f 1932/1932/1932 1937/1937/1937 1938/1938/1938
f 1932/1932/1932 1938/1938/1938 1933/1933/1933
f 1933/1933/1933 1938/1938/1938 1939/1939/1939
f 1933/1933/1933 1939/1939/1939 1935/1935/1935
f 1931/1931/1931 1934/1934/1934 1940/1940/1940
f 1931/1931/1931 1940/1940/1940 1941/1941/1941
f 1941/1941/1941 1940/1940/1940 1905/1905/1905
f 1941/1941/1941 1905/1905/1905 1900/1900/1900
f 1934/1934/1934 1936/1936/1936 1942/1942/1942
f 1934/1934/1934 1942/1942/1942 1940/1940/1940
f 1940/1940/1940 1942/1942/1942 1906/1906/1906
f 1940/1940/1940 1906/1906/1906 1905/1905/1905
f 1931/1931/1931 1941/1941/1941 1943/1943/1943
f 1931/1931/1931 1943/1943/1943 1944/1944/1944
f 1944/1944/1944 1943/1943/1943 1945/1945/1945
f 1944/1944/1944 1945/1945/1945 1946/1946/1946
f 1941/1941/1941 1900/1900/1900 1899/1899/1899
f 1941/1941/1941 1899/1899/1899 1943/1943/1943
f 1943/1943/1943 1899/1899/1899 1902/1902/1902
f 1943/1943/1943 1902/1902/1902 1945/1945/1945
f 1931/1931/1931 1944/1944/1944 1947/1947/1947
f 1931/1931/1931 1947/1947/1947 1932/1932/1932
f 1932/1932/1932 1947/1947/1947 1948/1948/1948
f 1932/1932/1932 1948/1948/1948 1937/1937/1937
f 1944/1944/1944 1946/1946/1946 1949/1949/1949
f 1944/1944/1944 1949/1949/1949 1947/1947/1947
f 1947/1947/1947 1949/1949/1949 1950/1950/1950
f 1947/1947/1947 1950/1950/1950 1948/1948/1948
f 1951/1951/1951 1952/1952/1952 1953/1953/1953
f 1951/1951/1951 1953/1953/1953 1954/1954/1954
f 1954/1954/1954 1953/1953/1953 1938/1938/1938
f 1954/1954/1954 1938/1938/1938 1937/1937/1937
f 1952/1952/1952 1955/1955/1955 1956/1956/1956
f 1952/1952/1952 1956/1956/1956 1953/1953/1953
f 1953/1953/1953 1956/1956/1956 1939/1939/1939
f 1953/1953/1953 1939/1939/1939 1938/1938/1938
f 1951/1951/1951 1954/1954/1954 1957/1957/1957
f 1951/1951/1951 1957/1957/1957 1958/1958/1958
f 1958/1958/1958 1957/1957/1957 1959/1959/1959
f 1958/1958/1958 1959/1959/1959 1960/1960/1960
f 1954/1954/1954 1937/1937/1937 1948/1948/1948
f 1954/1954/1954 1948/1948/1948 1957/1957/1957
f 1957/1957/1957 1948/1948/1948 1950/1950/1950
f 1957/1957/1957 1950/1950/1950 1959/1959/1959
f 1951/1951/1951 1958/1958/1958 1961/1961/1961
f 1951/1951/1951 1961/1961/1961 1962/1962/1962
f 1962/1962/1962 1961/1961/1961 1963/1963/1963
f 1962/1962/1962 1963/1963/1963 1964/1964/1964
f 1958/1958/1958 1960/1960/1960 1965/1965/1965
f 1958/1958/1958 1965/1965/1965 1961/1961/1961
f 1961/1961/1961 1965/1965/1965 1966/1966/1966
f 1961/1961/1961 1966/1966/1966 1963/1963/1963
f 1951/1951/1951 1962/1962/1962 1967/1967/1967
f 1951/1951/1951 1967/1967/1967 1952/1952/1952
f 1952/1952/1952 1967/1967/1967 1968/1968/1968
f 1952/1952/1952 1968/1968/1968 1955/1955/1955
f 1962/1962/1962 1964/1964/1964 1969/1969/1969
f 1962/1962/1962 1969/1969/1969 1967/1967/1967
f 1967/1967/1967 1969/1969/1969 1970/1970/1970
f 1967/1967/1967 1970/1970/1970 1968/1968/1968
f 1971/1971/1971 1972/1972/1972 1973/1973/1973
f 1971/1971/1971 1973/1973/1973 1974/1974/1974
f 1974/1974/1974 1973/1973/1973 1956/1956/1956
f 1974/1974/1974 1956/1956/1956 1955/1955/1955
f 1972/1972/1972 1975/1975/1975 1976/1976/1976
f 1972/1972/1972 1976/1976/1976 1973/1973/1973
f 1973/1973/1973 1976/1976/1976 1939/1939/1939
f 1973/1973/1973 1939/1939/1939 1956/1956/1956
f 1971/1971/1971 1974/1974/1974 1977/1977/1977
f 1971/1971/1971 1977/1977/1977 1978/1978/1978
f 1978/1978/1978 1977/1977/1977 1979/1979/1979
f 1978/1978/1978 1979/1979/1979 1980/1980/1980
f 1974/1974/1974 1955/1955/1955 1968/1968/1968
f 1974/1974/1974 1968/1968/1968 1977/1977/1977
f 1977/1977/1977 1968/1968/1968 1970/1970/1970
f 1977/1977/1977 1970/1970/1970 1979/1979/1979
f 1971/1971/1971 1978/1978/1978 1981/1981/1981
f 1971/1971/1971 1981/1981/1981 1982/1982/1982
f 1982/1982/1982 1981/1981/1981 1781/1781/1781
f 1982/1982/1982 1781/1781/1781 1776/1776/1776
f 1978/1978/1978 1980/1980/1980 1983/1983/1983
f 1978/1978/1978 1983/1983/1983 1981/1981/1981
f 1981/1981/1981 1983/1983/1983 1782/1782/1782
f 1981/1981/1981 1782/1782/1782 1781/1781/1781
f 1971/1971/1971 1982/1982/1982 1984/1984/1984
f 1971/1971/1971 1984/1984/1984 1972/1972/1972
f 1972/1972/1972 1984/1984/1984 1985/1985/1985
f 1972/1972/1972 1985/1985/1985 1975/1975/1975
f 1982/1982/1982 1776/1776/1776 1775/1775/1775
f 1982/1982/1982 1775/1775/1775 1984/1984/1984
f 1984/1984/1984 1775/1775/1775 1766/1766/1766
f 1984/1984/1984 1766/1766/1766 1985/1985/1985
f 1986/1986/1986 1987/1987/1987 1988/1988/1988
f 1986/1986/1986 1988/1988/1988 1989/1989/1989
f 1989/1989/1989 1988/1988/1988 1976/1976/1976
f 1989/1989/1989 1976/1976/1976 1975/1975/1975
f 1987/1987/1987 1936/1936/1936 1935/1935/1935
f 1987/1987/1987 1935/1935/1935 1988/1988/1988
f 1988/1988/1988 1935/1935/1935 1939/1939/1939
f 1988/1988/1988 1939/1939/1939 1976/1976/1976
f 1986/1986/1986 1989/1989/1989 1990/1990/1990
f 1986/1986/1986 1990/1990/1990 1991/1991/1991
f 1991/1991/1991 1990/1990/1990 1765/1765/1765
f 1991/1991/1991 1765/1765/1765 1762/1762/1762
f 1989/1989/1989 1975/1975/1975 1985/1985/1985
f 1989/1989/1989 1985/1985/1985 1990/1990/1990
f 1990/1990/1990 1985/1985/1985 1766/1766/1766
f 1990/1990/1990 1766/1766/1766 1765/1765/1765
f 1986/1986/1986 1991/1991/1991 1992/1992/1992
f 1986/1986/1986 1992/1992/1992 1993/1993/1993
f 1993/1993/1993 1992/1992/1992 1919/1919/1919
f 1993/1993/1993 1919/1919/1919 1916/1916/1916
f 1991/1991/1991 1762/1762/1762 1761/1761/1761
f 1991/1991/1991 1761/1761/1761 1992/1992/1992
f 1992/1992/1992 1761/1761/1761 1718/1718/1718
f 1992/1992/1992 1718/1718/1718 1919/1919/1919
f 1986/1986/1986 1993/1993/1993 1994/1994/1994
f 1986/1986/1986 1994/1994/1994 1987/1987/1987
f 1987/1987/1987 1994/1994/1994 1942/1942/1942
f 1987/1987/1987 1942/1942/1942 1936/1936/1936
f 1993/1993/1993 1916/1916/1916 1915/1915/1915
f 1993/1993/1993 1915/1915/1915 1994/1994/1994
f 1994/1994/1994 1915/1915/1915 1906/1906/1906
f 1994/1994/1994 1906/1906/1906 1942/1942/1942
f 1995/1995/1995 1996/1996/1996 1997/1997/1997
f 1995/1995/1995 1997/1997/1997 1998/1998/1998
f 1998/1998/1998 1997/1997/1997 1999/1999/1999
f 1998/1998/1998 1999/1999/1999 2000/2000/2000
f 1996/1996/1996 2001/2001/2001 2002/2002/2002
f 1996/1996/1996 2002/2002/2002 1997/1997/1997
f 1997/1997/1997 2002/2002/2002 2003/2003/2003
f 1997/1997/1997 2003/2003/2003 1999/1999/1999
f 1995/1995/1995 1998/1998/1998 2004/2004/2004
f 1995/1995/1995 2004/2004/2004 2005/2005/2005
f 2005/2005/2005 2004/2004/2004 1969/1969/1969
f 2005/2005/2005 1969/1969/1969 1964/1964/1964
f 1998/1998/1998 2000/2000/2000 2006/2006/2006
f 1998/1998/1998 2006/2006/2006 2004/2004/2004
f 2004/2004/2004 2006/2006/2006 1970/1970/1970
f 2004/2004/2004 1970/1970/1970 1969/1969/1969
f 1995/1995/1995 2005/2005/2005 2007/2007/2007
f 1995/1995/1995 2007/2007/2007 2008/2008/2008
f 2008/2008/2008 2007/2007/2007 2009/2009/2009
f 2008/2008/2008 2009/2009/2009 2010/2010/2010
f 2005/2005/2005 1964/1964/1964 1963/1963/1963
f 2005/2005/2005 1963/1963/1963 2007/2007/2007
f 2007/2007/2007 1963/1963/1963 1966/1966/1966
f 2007/2007/2007 1966/1966/1966 2009/2009/2009
f 1995/1995/1995 2008/2008/2008 2011/2011/2011
f 1995/1995/1995 2011/2011/2011 1996/1996/1996
f 1996/1996/1996 2011/2011/2011 2012/2012/2012
f 1996/1996/1996 2012/2012/2012 2001/2001/2001
f 2008/2008/2008 2010/2010/2010 2013/2013/2013
f 2008/2008/2008 2013/2013/2013 2011/2011/2011
f 2011/2011/2011 2013/2013/2013 2014/2014/2014
f 2011/2011/2011 2014/2014/2014 2012/2012/2012
f 2015/2015/2015 2016/2016/2016 2017/2017/2017
f 2015/2015/2015 2017/2017/2017 2018/2018/2018
f 2018/2018/2018 2017/2017/2017 2002/2002/2002
f 2018/2018/2018 2002/2002/2002 2001/2001/2001
f 2016/2016/2016 2019/2019/2019 2020/2020/2020
f 2016/2016/2016 2020/2020/2020 2017/2017/2017
f 2017/2017/2017 2020/2020/2020 2003/2003/2003
f 2017/2017/2017 2003/2003/2003 2002/2002/2002
f 2015/2015/2015 2018/2018/2018 2021/2021/2021
f 2015/2015/2015 2021/2021/2021 2022/2022/2022
f 2022/2022/2022 2021/2021/2021 2023/2023/2023
f 2022/2022/2022 2023/2023/2023 2024/2024/2024
f 2018/2018/2018 2001/2001/2001 2012/2012/2012
f 2018/2018/2018 2012/2012/2012 2021/2021/2021
f 2021/2021/2021 2012/2012/2012 2014/2014/2014
f 2021/2021/2021 2014/2014/2014 2023/2023/2023
f 2015/2015/2015 2022/2022/2022 2025/2025/2025
f 2015/2015/2015 2025/2025/2025 2026/2026/2026
f 2026/2026/2026 2025/2025/2025 309/309/309
f 2026/2026/2026 309/309/309 302/302/302
f 2022/2022/2022 2024/2024/2024 2027/2027/2027
f 2022/2022/2022 2027/2027/2027 2025/2025/2025
f 2025/2025/2025 2027/2027/2027 310/310/310
f 2025/2025/2025 310/310/310 309/309/309
f 2015/2015/2015 2026/2026/2026 2028/2028/2028
f 2015/2015/2015 2028/2028/2028 2016/2016/2016
f 2016/2016/2016 2028/2028/2028 2029/2029/2029
f 2016/2016/2016 2029/2029/2029 2019/2019/2019
f 2026/2026/2026 302/302/302 301/301/301
f 2026/2026/2026 301/301/301 2028/2028/2028
f 2028/2028/2028 301/301/301 304/304/304
f 2028/2028/2028 304/304/304 2029/2029/2029
f 2030/2030/2030 2031/2031/2031 2032/2032/2032
f 2030/2030/2030 2032/2032/2032 2033/2033/2033
f 2033/2033/2033 2032/2032/2032 2020/2020/2020
f 2033/2033/2033 2020/2020/2020 2019/2019/2019
f 2031/2031/2031 2034/2034/2034 2035/2035/2035
f 2031/2031/2031 2035/2035/2035 2032/2032/2032
f 2032/2032/2032 2035/2035/2035 2003/2003/2003
f 2032/2032/2032 2003/2003/2003 2020/2020/2020
f 2030/2030/2030 2033/2033/2033 2036/2036/2036
f 2030/2030/2030 2036/2036/2036 2037/2037/2037
f 2037/2037/2037 2036/2036/2036 361/361/361
f 2037/2037/2037 361/361/361 359/359/359
f 2033/2033/2033 2019/2019/2019 2029/2029/2029
f 2033/2033/2033 2029/2029/2029 2036/2036/2036
f 2036/2036/2036 2029/2029/2029 304/304/304
f 2036/2036/2036 304/304/304 361/361/361
f 2030/2030/2030 2037/2037/2037 2038/2038/2038
f 2030/2030/2030 2038/2038/2038 2039/2039/2039
f 2039/2039/2039 2038/2038/2038 1843/1843/1843
f 2039/2039/2039 1843/1843/1843 1840/1840/1840
f 2037/2037/2037 359/359/359 358/358/358
f 2037/2037/2037 358/358/358 2038/2038/2038
f 2038/2038/2038 358/358/358 174/174/174
f 2038/2038/2038 174/174/174 1843/1843/1843
f 2030/2030/2030 2039/2039/2039 2040/2040/2040
f 2030/2030/2030 2040/2040/2040 2031/2031/2031
f 2031/2031/2031 2040/2040/2040 2041/2041/2041
f 2031/2031/2031 2041/2041/2041 2034/2034/2034
f 2039/2039/2039 1840/1840/1840 1839/1839/1839
f 2039/2039/2039 1839/1839/1839 2040/2040/2040
f 2040/2040/2040 1839/1839/1839 1830/1830/1830
f 2040/2040/2040 1830/1830/1830 2041/2041/2041
f 2042/2042/2042 2043/2043/2043 2044/2044/2044
f 2042/2042/2042 2044/2044/2044 2045/2045/2045
f 2045/2045/2045 2044/2044/2044 2035/2035/2035
f 2045/2045/2045 2035/2035/2035 2034/2034/2034
f 2043/2043/2043 2000/2000/2000 1999/1999/1999
f 2043/2043/2043 1999/1999/1999 2044/2044/2044
f 2044/2044/2044 1999/1999/1999 2003/2003/2003
f 2044/2044/2044 2003/2003/2003 2035/2035/2035
f 2042/2042/2042 2045/2045/2045 2046/2046/2046
f 2042/2042/2042 2046/2046/2046 2047/2047/2047
f 2047/2047/2047 2046/2046/2046 1829/1829/1829
f 2047/2047/2047 1829/1829/1829 1826/1826/1826
f 2045/2045/2045 2034/2034/2034 2041/2041/2041
f 2045/2045/2045 2041/2041/2041 2046/2046/2046
f 2046/2046/2046 2041/2041/2041 1830/1830/1830
f 2046/2046/2046 1830/1830/1830 1829/1829/1829
f 2042/2042/2042 2047/2047/2047 2048/2048/2048
f 2042/2042/2042 2048/2048/2048 2049/2049/2049
f 2049/2049/2049 2048/2048/2048 1983/1983/1983
f 2049/2049/2049 1983/1983/1983 1980/1980/1980
f 2047/2047/2047 1826/1826/1826 1825/1825/1825
f 2047/2047/2047 1825/1825/1825 2048/2048/2048
f 2048/2048/2048 1825/1825/1825 1782/1782/1782
f 2048/2048/2048 1782/1782/1782 1983/1983/1983
f 2042/2042/2042 2049/2049/2049 2050/2050/2050
f 2042/2042/2042 2050/2050/2050 2043/2043/2043
f 2043/2043/2043 2050/2050/2050 2006/2006/2006
f 2043/2043/2043 2006/2006/2006 2000/2000/2000
f 2049/2049/2049 1980/1980/1980 1979/1979/1979
f 2049/2049/2049 1979/1979/1979 2050/2050/2050
f 2050/2050/2050 1979/1979/1979 1970/1970/1970
f 2050/2050/2050 1970/1970/1970 2006/2006/2006
f 2051/2051/2051 2052/2052/2052 2053/2053/2053
f 2051/2051/2051 2053/2053/2053 2054/2054/2054
f 2054/2054/2054 2053/2053/2053 2055/2055/2055
f 2054/2054/2054 2055/2055/2055 2056/2056/2056
f 2052/2052/2052 2057/2057/2057 2058/2058/2058
f 2052/2052/2052 2058/2058/2058 2053/2053/2053
f 2053/2053/2053 2058/2058/2058 2059/2059/2059
f 2053/2053/2053 2059/2059/2059 2055/2055/2055
f 2051/2051/2051 2054/2054/2054 2060/2060/2060
f 2051/2051/2051 2060/2060/2060 2061/2061/2061
f 2061/2061/2061 2060/2060/2060 2062/2062/2062
f 2061/2061/2061 2062/2062/2062 2063/2063/2063
f 2054/2054/2054 2056/2056/2056 2064/2064/2064
f 2054/2054/2054 2064/2064/2064 2060/2060/2060
f 2060/2060/2060 2064/2064/2064 2065/2065/2065
f 2060/2060/2060 2065/2065/2065 2062/2062/2062
f 2051/2051/2051 2061/2061/2061 2066/2066/2066
f 2051/2051/2051 2066/2066/2066 2067/2067/2067
f 2067/2067/2067 2066/2066/2066 2068/2068/2068
f 2067/2067/2067 2068/2068/2068 2069/2069/2069
f 2061/2061/2061 2063/2063/2063 2070/2070/2070
f 2061/2061/2061 2070/2070/2070 2066/2066/2066
f 2066/2066/2066 2070/2070/2070 2071/2071/2071
f 2066/2066/2066 2071/2071/2071 2068/2068/2068
f 2051/2051/2051 2067/2067/2067 2072/2072/2072
f 2051/2051/2051 2072/2072/2072 2052/2052/2052
f 2052/2052/2052 2072/2072/2072 2073/2073/2073
f 2052/2052/2052 2073/2073/2073 2057/2057/2057
f 2067/2067/2067 2069/2069/2069 2074/2074/2074
f 2067/2067/2067 2074/2074/2074 2072/2072/2072
f 2072/2072/2072 2074/2074/2074 2075/2075/2075
f 2072/2072/2072 2075/2075/2075 2073/2073/2073
f 2076/2076/2076 2077/2077/2077 2078/2078/2078
f 2076/2076/2076 2078/2078/2078 2079/2079/2079
f 2079/2079/2079 2078/2078/2078 2058/2058/2058
f 2079/2079/2079 2058/2058/2058 2057/2057/2057
f 2077/2077/2077 2080/2080/2080 2081/2081/2081
f 2077/2077/2077 2081/2081/2081 2078/2078/2078
f 2078/2078/2078 2081/2081/2081 2059/2059/2059
f 2078/2078/2078 2059/2059/2059 2058/2058/2058
f 2076/2076/2076 2079/2079/2079 2082/2082/2082
f 2076/2076/2076 2082/2082/2082 2083/2083/2083
f 2083/2083/2083 2082/2082/2082 2084/2084/2084
f 2083/2083/2083 2084/2084/2084 2085/2085/2085
f 2079/2079/2079 2057/2057/2057 2073/2073/2073
f 2079/2079/2079 2073/2073/2073 2082/2082/2082
f 2082/2082/2082 2073/2073/2073 2075/2075/2075
f 2082/2082/2082 2075/2075/2075 2084/2084/2084
f 2076/2076/2076 2083/2083/2083 2086/2086/2086
f 2076/2076/2076 2086/2086/2086 2087/2087/2087
f 2087/2087/2087 2086/2086/2086 2088/2088/2088
f 2087/2087/2087 2088/2088/2088 2089/2089/2089
f 2083/2083/2083 2085/2085/2085 2090/2090/2090
f 2083/2083/2083 2090/2090/2090 2086/2086/2086
f 2086/2086/2086 2090/2090/2090 2091/2091/2091
f 2086/2086/2086 2091/2091/2091 2088/2088/2088
f 2076/2076/2076 2087/2087/2087 2092/2092/2092
f 2076/2076/2076 2092/2092/2092 2077/2077/2077
f 2077/2077/2077 2092/2092/2092 2093/2093/2093
f 2077/2077/2077 2093/2093/2093 2080/2080/2080
f 2087/2087/2087 2089/2089/2089 2094/2094/2094
f 2087/2087/2087 2094/2094/2094 2092/2092/2092
f 2092/2092/2092 2094/2094/2094 2095/2095/2095
f 2092/2092/2092 2095/2095/2095 2093/2093/2093
f 2096/2096/2096 2097/2097/2097 2098/2098/2098
f 2096/2096/2096 2098/2098/2098 2099/2099/2099
f 2099/2099/2099 2098/2098/2098 2081/2081/2081
f 2099/2099/2099 2081/2081/2081 2080/2080/2080
f 2097/2097/2097 2100/2100/2100 2101/2101/2101
f 2097/2097/2097 2101/2101/2101 2098/2098/2098
f 2098/2098/2098 2101/2101/2101 2059/2059/2059
f 2098/2098/2098 2059/2059/2059 2081/2081/2081
f 2096/2096/2096 2099/2099/2099 2102/2102/2102
f 2096/2096/2096 2102/2102/2102 2103/2103/2103
f 2103/2103/2103 2102/2102/2102 2104/2104/2104
f 2103/2103/2103 2104/2104/2104 2105/2105/2105
f 2099/2099/2099 2080/2080/2080 2093/2093/2093
f 2099/2099/2099 2093/2093/2093 2102/2102/2102
f 2102/2102/2102 2093/2093/2093 2095/2095/2095
f 2102/2102/2102 2095/2095/2095 2104/2104/2104
f 2096/2096/2096 2103/2103/2103 2106/2106/2106
f 2096/2096/2096 2106/2106/2106 2107/2107/2107
f 2107/2107/2107 2106/2106/2106 2108/2108/2108
f 2107/2107/2107 2108/2108/2108 2109/2109/2109
f 2103/2103/2103 2105/2105/2105 2110/2110/2110
f 2103/2103/2103 2110/2110/2110 2106/2106/2106
f 2106/2106/2106 2110/2110/2110 2111/2111/2111
f 2106/2106/2106 2111/2111/2111 2108/2108/2108
f 2096/2096/2096 2107/2107/2107 2112/2112/2112
f 2096/2096/2096 2112/2112/2112 2097/2097/2097
f 2097/2097/2097 2112/2112/2112 2113/2113/2113
f 2097/2097/2097 2113/2113/2113 2100/2100/2100
f 2107/2107/2107 2109/2109/2109 2114/2114/2114
f 2107/2107/2107 2114/2114/2114 2112/2112/2112
f 2112/2112/2112 2114/2114/2114 2115/2115/2115
f 2112/2112/2112 2115/2115/2115 2113/2113/2113
f 2116/2116/2116 2117/2117/2117 2118/2118/2118
f 2116/2116/2116 2118/2118/2118 2119/2119/2119
f 2119/2119/2119 2118/2118/2118 2101/2101/2101
f 2119/2119/2119 2101/2101/2101 2100/2100/2100
f 2117/2117/2117 2056/2056/2056 2055/2055/2055
f 2117/2117/2117 2055/2055/2055 2118/2118/2118
f 2118/2118/2118 2055/2055/2055 2059/2059/2059
f 2118/2118/2118 2059/2059/2059 2101/2101/2101
f 2116/2116/2116 2119/2119/2119 2120/2120/2120
f 2116/2116/2116 2120/2120/2120 2121/2121/2121
f 2121/2121/2121 2120/2120/2120 2122/2122/2122
f 2121/2121/2121 2122/2122/2122 2123/2123/2123
f 2119/2119/2119 2100/2100/2100 2113/2113/2113
f 2119/2119/2119 2113/2113/2113 2120/2120/2120
f 2120/2120/2120 2113/2113/2113 2115/2115/2115
f 2120/2120/2120 2115/2115/2115 2122/2122/2122
f 2116/2116/2116 2121/2121/2121 2124/2124/2124
f 2116/2116/2116 2124/2124/2124 2125/2125/2125
f 2125/2125/2125 2124/2124/2124 2126/2126/2126
f 2125/2125/2125 2126/2126/2126 2127/2127/2127
f 2121/2121/2121 2123/2123/2123 2128/2128/2128
f 2121/2121/2121 2128/2128/2128 2124/2124/2124
f 2124/2124/2124 2128/2128/2128 2129/2129/2129
f 2124/2124/2124 2129/2129/2129 2126/2126/2126
f 2116/2116/2116 2125/2125/2125 2130/2130/2130
f 2116/2116/2116 2130/2130/2130 2117/2117/2117
f 2117/2117/2117 2130/2130/2130 2064/2064/2064
f 2117/2117/2117 2064/2064/2064 2056/2056/2056
f 2125/2125/2125 2127/2127/2127 2131/2131/2131
f 2125/2125/2125 2131/2131/2131 2130/2130/2130
f 2130/2130/2130 2131/2131/2131 2065/2065/2065
f 2130/2130/2130 2065/2065/2065 2064/2064/2064
f 2132/2132/2132 2133/2133/2133 2134/2134/2134
f 2132/2132/2132 2134/2134/2134 2135/2135/2135
f 2135/2135/2135 2134/2134/2134 2136/2136/2136
f 2135/2135/2135 2136/2136/2136 2137/2137/2137
f 2133/2133/2133 2138/2138/2138 2139/2139/2139
f 2133/2133/2133 2139/2139/2139 2134/2134/2134
f 2134/2134/2134 2139/2139/2139 2140/2140/2140
f 2134/2134/2134 2140/2140/2140 2136/2136/2136
f 2132/2132/2132 2135/2135/2135 2141/2141/2141
f 2132/2132/2132 2141/2141/2141 2142/2142/2142
f 2142/2142/2142 2141/2141/2141 2131/2131/2131
f 2142/2142/2142 2131/2131/2131 2127/2127/2127
f 2135/2135/2135 2137/2137/2137 2143/2143/2143
f 2135/2135/2135 2143/2143/2143 2141/2141/2141
f 2141/2141/2141 2143/2143/2143 2065/2065/2065
f 2141/2141/2141 2065/2065/2065 2131/2131/2131
f 2132/2132/2132 2142/2142/2142 2144/2144/2144
f 2132/2132/2132 2144/2144/2144 2145/2145/2145
f 2145/2145/2145 2144/2144/2144 2146/2146/2146
f 2145/2145/2145 2146/2146/2146 2147/2147/2147
f 2142/2142/2142 2127/2127/2127 2126/2126/2126
f 2142/2142/2142 2126/2126/2126 2144/2144/2144
f 2144/2144/2144 2126/2126/2126 2129/2129/2129
f 2144/2144/2144 2129/2129/2129 2146/2146/2146
f 2132/2132/2132 2145/2145/2145 2148/2148/2148
f 2132/2132/2132 2148/2148/2148 2133/2133/2133
f 2133/2133/2133 2148/2148/2148 2149/2149/2149
f 2133/2133/2133 2149/2149/2149 2138/2138/2138
f 2145/2145/2145 2147/2147/2147 2150/2150/2150
f 2145/2145/2145 2150/2150/2150 2148/2148/2148
f 2148/2148/2148 2150/2150/2150 2151/2151/2151
f 2148/2148/2148 2151/2151/2151 2149/2149/2149
f 2152/2152/2152 2153/2153/2153 2154/2154/2154
f 2152/2152/2152 2154/2154/2154 2155/2155/2155
f 2155/2155/2155 2154/2154/2154 2139/2139/2139
f 2155/2155/2155 2139/2139/2139 2138/2138/2138
f 2153/2153/2153 2156/2156/2156 2157/2157/2157
f 2153/2153/2153 2157/2157/2157 2154/2154/2154
f 2154/2154/2154 2157/2157/2157 2140/2140/2140
f 2154/2154/2154 2140/2140/2140 2139/2139/2139
f 2152/2152/2152 2155/2155/2155 2158/2158/2158
f 2152/2152/2152 2158/2158/2158 2159/2159/2159
f 2159/2159/2159 2158/2158/2158 2160/2160/2160
f 2159/2159/2159 2160/2160/2160 2161/2161/2161
f 2155/2155/2155 2138/2138/2138 2149/2149/2149
f 2155/2155/2155 2149/2149/2149 2158/2158/2158
f 2158/2158/2158 2149/2149/2149 2151/2151/2151
f 2158/2158/2158 2151/2151/2151 2160/2160/2160
f 2152/2152/2152 2159/2159/2159 2162/2162/2162
f 2152/2152/2152 2162/2162/2162 2163/2163/2163
f 2163/2163/2163 2162/2162/2162 2164/2164/2164
f 2163/2163/2163 2164/2164/2164 2165/2165/2165
f 2159/2159/2159 2161/2161/2161 2166/2166/2166
f 2159/2159/2159 2166/2166/2166 2162/2162/2162
f 2162/2162/2162 2166/2166/2166 2167/2167/2167
f 2162/2162/2162 2167/2167/2167 2164/2164/2164
f 2152/2152/2152 2163/2163/2163 2168/2168/2168
f 2152/2152/2152 2168/2168/2168 2153/2153/2153
f 2153/2153/2153 2168/2168/2168 2169/2169/2169
f 2153/2153/2153 2169/2169/2169 2156/2156/2156
f 2163/2163/2163 2165/2165/2165 2170/2170/2170
f 2163/2163/2163 2170/2170/2170 2168/2168/2168
f 2168/2168/2168 2170/2170/2170 2171/2171/2171
f 2168/2168/2168 2171/2171/2171 2169/2169/2169
f 2172/2172/2172 2173/2173/2173 2174/2174/2174
f 2172/2172/2172 2174/2174/2174 2175/2175/2175
f 2175/2175/2175 2174/2174/2174 2157/2157/2157
f 2175/2175/2175 2157/2157/2157 2156/2156/2156
f 2173/2173/2173 2176/2176/2176 2177/2177/2177
f 2173/2173/2173 2177/2177/2177 2174/2174/2174
f 2174/2174/2174 2177/2177/2177 2140/2140/2140
f 2174/2174/2174 2140/2140/2140 2157/2157/2157
f 2172/2172/2172 2175/2175/2175 2178/2178/2178
f 2172/2172/2172 2178/2178/2178 2179/2179/2179
f 2179/2179/2179 2178/2178/2178 2180/2180/2180
f 2179/2179/2179 2180/2180/2180 2181/2181/2181
f 2175/2175/2175 2156/2156/2156 2169/2169/2169
f 2175/2175/2175 2169/2169/2169 2178/2178/2178
f 2178/2178/2178 2169/2169/2169 2171/2171/2171
f 2178/2178/2178 2171/2171/2171 2180/2180/2180
f 2172/2172/2172 2179/2179/2179 2182/2182/2182
f 2172/2172/2172 2182/2182/2182 2183/2183/2183
f 2183/2183/2183 2182/2182/2182 2184/2184/2184
f 2183/2183/2183 2184/2184/2184 2185/2185/2185
f 2179/2179/2179 2181/2181/2181 2186/2186/2186
f 2179/2179/2179 2186/2186/2186 2182/2182/2182
f 2182/2182/2182 2186/2186/2186 2187/2187/2187
f 2182/2182/2182 2187/2187/2187 2184/2184/2184
f 2172/2172/2172 2183/2183/2183 2188/2188/2188
f 2172/2172/2172 2188/2188/2188 2173/2173/2173
f 2173/2173/2173 2188/2188/2188 2189/2189/2189
f 2173/2173/2173 2189/2189/2189 2176/2176/2176
f 2183/2183/2183 2185/2185/2185 2190/2190/2190
f 2183/2183/2183 2190/2190/2190 2188/2188/2188
f 2188/2188/2188 2190/2190/2190 2191/2191/2191
f 2188/2188/2188 2191/2191/2191 2189/2189/2189
f 2192/2192/2192 2193/2193/2193 2194/2194/2194
f 2192/2192/2192 2194/2194/2194 2195/2195/2195
f 2195/2195/2195 2194/2194/2194 2177/2177/2177
f 2195/2195/2195 2177/2177/2177 2176/2176/2176
f 2193/2193/2193 2137/2137/2137 2136/2136/2136
f 2193/2193/2193 2136/2136/2136 2194/2194/2194
f 2194/2194/2194 2136/2136/2136 2140/2140/2140
f 2194/2194/2194 2140/2140/2140 2177/2177/2177
f 2192/2192/2192 2195/2195/2195 2196/2196/2196
f 2192/2192/2192 2196/2196/2196 2197/2197/2197
f 2197/2197/2197 2196/2196/2196 2198/2198/2198
f 2197/2197/2197 2198/2198/2198 2199/2199/2199
f 2195/2195/2195 2176/2176/2176 2189/2189/2189
f 2195/2195/2195 2189/2189/2189 2196/2196/2196
f 2196/2196/2196 2189/2189/2189 2191/2191/2191
f 2196/2196/2196 2191/2191/2191 2198/2198/2198
f 2192/2192/2192 2197/2197/2197 2200/2200/2200
f 2192/2192/2192 2200/2200/2200 2201/2201/2201
f 2201/2201/2201 2200/2200/2200 2070/2070/2070
f 2201/2201/2201 2070/2070/2070 2063/2063/2063
f 2197/2197/2197 2199/2199/2199 2202/2202/2202
f 2197/2197/2197 2202/2202/2202 2200/2200/2200
f 2200/2200/2200 2202/2202/2202 2071/2071/2071
f 2200/2200/2200 2071/2071/2071 2070/2070/2070
f 2192/2192/2192 2201/2201/2201 2203/2203/2203
f 2192/2192/2192 2203/2203/2203 2193/2193/2193
f 2193/2193/2193 2203/2203/2203 2143/2143/2143
f 2193/2193/2193 2143/2143/2143 2137/2137/2137
f 2201/2201/2201 2063/2063/2063 2062/2062/2062
f 2201/2201/2201 2062/2062/2062 2203/2203/2203
f 2203/2203/2203 2062/2062/2062 2065/2065/2065
f 2203/2203/2203 2065/2065/2065 2143/2143/2143
f 2204/2204/2204 2205/2205/2205 2206/2206/2206
f 2204/2204/2204 2206/2206/2206 2207/2207/2207
f 2207/2207/2207 2206/2206/2206 2208/2208/2208
f 2207/2207/2207 2208/2208/2208 2209/2209/2209
f 2205/2205/2205 2210/2210/2210 2211/2211/2211
f 2205/2205/2205 2211/2211/2211 2206/2206/2206
f 2206/2206/2206 2211/2211/2211 2212/2212/2212
f 2206/2206/2206 2212/2212/2212 2208/2208/2208
f 2204/2204/2204 2207/2207/2207 2213/2213/2213
f 2204/2204/2204 2213/2213/2213 2214/2214/2214
f 2214/2214/2214 2213/2213/2213 2170/2170/2170
f 2214/2214/2214 2170/2170/2170 2165/2165/2165
f 2207/2207/2207 2209/2209/2209 2215/2215/2215
f 2207/2207/2207 2215/2215/2215 2213/2213/2213
f 2213/2213/2213 2215/2215/2215 2171/2171/2171
f 2213/2213/2213 2171/2171/2171 2170/2170/2170
f 2204/2204/2204 2214/2214/2214 2216/2216/2216
f 2204/2204/2204 2216/2216/2216 2217/2217/2217
f 2217/2217/2217 2216/2216/2216 2218/2218/2218
f 2217/2217/2217 2218/2218/2218 2219/2219/2219
f 2214/2214/2214 2165/2165/2165 2164/2164/2164
f 2214/2214/2214 2164/2164/2164 2216/2216/2216
f 2216/2216/2216 2164/2164/2164 2167/2167/2167
f 2216/2216/2216 2167/2167/2167 2218/2218/2218
f 2204/2204/2204 2217/2217/2217 2220/2220/2220
f 2204/2204/2204 2220/2220/2220 2205/2205/2205
f 2205/2205/2205 2220/2220/2220 2221/2221/2221
f 2205/2205/2205 2221/2221/2221 2210/2210/2210
f 2217/2217/2217 2219/2219/2219 2222/2222/2222
f 2217/2217/2217 2222/2222/2222 2220/2220/2220
f 2220/2220/2220 2222/2222/2222 2223/2223/2223
f 2220/2220/2220 2223/2223/2223 2221/2221/2221
f 2224/2224/2224 2225/2225/2225 2226/2226/2226
f 2224/2224/2224 2226/2226/2226 2227/2227/2227
f 2227/2227/2227 2226/2226/2226 2211/2211/2211
f 2227/2227/2227 2211/2211/2211 2210/2210/2210
f 2225/2225/2225 2228/2228/2228 2229/2229/2229
f 2225/2225/2225 2229/2229/2229 2226/2226/2226
f 2226/2226/2226 2229/2229/2229 2212/2212/2212
f 2226/2226/2226 2212/2212/2212 2211/2211/2211
f 2224/2224/2224 2227/2227/2227 2230/2230/2230
f 2224/2224/2224 2230/2230/2230 2231/2231/2231
f 2231/2231/2231 2230/2230/2230 2232/2232/2232
f 2231/2231/2231 2232/2232/2232 2233/2233/2233
f 2227/2227/2227 2210/2210/2210 2221/2221/2221
f 2227/2227/2227 2221/2221/2221 2230/2230/2230
f 2230/2230/2230 2221/2221/2221 2223/2223/2223
f 2230/2230/2230 2223/2223/2223 2232/2232/2232
f 2224/2224/2224 2231/2231/2231 2234/2234/2234
f 2224/2224/2224 2234/2234/2234 2235/2235/2235
f 2235/2235/2235 2234/2234/2234 2236/2236/2236
f 2235/2235/2235 2236/2236/2236 2237/2237/2237
f 2231/2231/2231 2233/2233/2233 2238/2238/2238
f 2231/2231/2231 2238/2238/2238 2234/2234/2234
f 2234/2234/2234 2238/2238/2238 2239/2239/2239
f 2234/2234/2234 2239/2239/2239 2236/2236/2236
f 2224/2224/2224 2235/2235/2235 2240/2240/2240
f 2224/2224/2224 2240/2240/2240 2225/2225/2225
f 2225/2225/2225 2240/2240/2240 2241/2241/2241
f 2225/2225/2225 2241/2241/2241 2228/2228/2228
f 2235/2235/2235 2237/2237/2237 2242/2242/2242
f 2235/2235/2235 2242/2242/2242 2240/2240/2240
f 2240/2240/2240 2242/2242/2242 2243/2243/2243
f 2240/2240/2240 2243/2243/2243 2241/2241/2241
f 2244/2244/2244 2245/2245/2245 2246/2246/2246
f 2244/2244/2244 2246/2246/2246 2247/2247/2247
f 2247/2247/2247 2246/2246/2246 2229/2229/2229
f 2247/2247/2247 2229/2229/2229 2228/2228/2228
f 2245/2245/2245 2248/2248/2248 2249/2249/2249
f 2245/2245/2245 2249/2249/2249 2246/2246/2246
f 2246/2246/2246 2249/2249/2249 2212/2212/2212
f 2246/2246/2246 2212/2212/2212 2229/2229/2229
f 2244/2244/2244 2247/2247/2247 2250/2250/2250
f 2244/2244/2244 2250/2250/2250 2251/2251/2251
f 2251/2251/2251 2250/2250/2250 2252/2252/2252
f 2251/2251/2251 2252/2252/2252 2253/2253/2253
f 2247/2247/2247 2228/2228/2228 2241/2241/2241
f 2247/2247/2247 2241/2241/2241 2250/2250/2250
f 2250/2250/2250 2241/2241/2241 2243/2243/2243
f 2250/2250/2250 2243/2243/2243 2252/2252/2252
f 2244/2244/2244 2251/2251/2251 2254/2254/2254
f 2244/2244/2244 2254/2254/2254 2255/2255/2255
f 2255/2255/2255 2254/2254/2254 2256/2256/2256
f 2255/2255/2255 2256/2256/2256 2257/2257/2257
f 2251/2251/2251 2253/2253/2253 2258/2258/2258
f 2251/2251/2251 2258/2258/2258 2254/2254/2254
f 2254/2254/2254 2258/2258/2258 2259/2259/2259
f 2254/2254/2254 2259/2259/2259 2256/2256/2256
f 2244/2244/2244 2255/2255/2255 2260/2260/2260
f 2244/2244/2244 2260/2260/2260 2245/2245/2245
f 2245/2245/2245 2260/2260/2260 2261/2261/2261
f 2245/2245/2245 2261/2261/2261 2248/2248/2248
f 2255/2255/2255 2257/2257/2257 2262/2262/2262
f 2255/2255/2255 2262/2262/2262 2260/2260/2260
f 2260/2260/2260 2262/2262/2262 2263/2263/2263
f 2260/2260/2260 2263/2263/2263 2261/2261/2261
f 2264/2264/2264 2265/2265/2265 2266/2266/2266
f 2264/2264/2264 2266/2266/2266 2267/2267/2267
f 2267/2267/2267 2266/2266/2266 2249/2249/2249
f 2267/2267/2267 2249/2249/2249 2248/2248/2248
f 2265/2265/2265 2209/2209/2209 2208/2208/2208
f 2265/2265/2265 2208/2208/2208 2266/2266/2266
f 2266/2266/2266 2208/2208/2208 2212/2212/2212
f 2266/2266/2266 2212/2212/2212 2249/2249/2249
f 2264/2264/2264 2267/2267/2267 2268/2268/2268
f 2264/2264/2264 2268/2268/2268 2269/2269/2269
f 2269/2269/2269 2268/2268/2268 2270/2270/2270
f 2269/2269/2269 2270/2270/2270 2271/2271/2271
f 2267/2267/2267 2248/2248/2248 2261/2261/2261
f 2267/2267/2267 2261/2261/2261 2268/2268/2268
f 2268/2268/2268 2261/2261/2261 2263/2263/2263
f 2268/2268/2268 2263/2263/2263 2270/2270/2270
f 2264/2264/2264 2269/2269/2269 2272/2272/2272
f 2264/2264/2264 2272/2272/2272 2273/2273/2273
f 2273/2273/2273 2272/2272/2272 2186/2186/2186
f 2273/2273/2273 2186/2186/2186 2181/2181/2181
f 2269/2269/2269 2271/2271/2271 2274/2274/2274
f 2269/2269/2269 2274/2274/2274 2272/2272/2272
f 2272/2272/2272 2274/2274/2274 2187/2187/2187
f 2272/2272/2272 2187/2187/2187 2186/2186/2186
f 2264/2264/2264 2273/2273/2273 2275/2275/2275
f 2264/2264/2264 2275/2275/2275 2265/2265/2265
f 2265/2265/2265 2275/2275/2275 2215/2215/2215
f 2265/2265/2265 2215/2215/2215 2209/2209/2209
f 2273/2273/2273 2181/2181/2181 2180/2180/2180
f 2273/2273/2273 2180/2180/2180 2275/2275/2275
f 2275/2275/2275 2180/2180/2180 2171/2171/2171
f 2275/2275/2275 2171/2171/2171 2215/2215/2215
f 2276/2276/2276 2277/2277/2277 2278/2278/2278
f 2276/2276/2276 2278/2278/2278 2279/2279/2279
f 2279/2279/2279 2278/2278/2278 2280/2280/2280
f 2279/2279/2279 2280/2280/2280 2281/2281/2281
f 2277/2277/2277 2282/2282/2282 2283/2283/2283
f 2277/2277/2277 2283/2283/2283 2278/2278/2278
f 2278/2278/2278 2283/2283/2283 2284/2284/2284
f 2278/2278/2278 2284/2284/2284 2280/2280/2280
f 2276/2276/2276 2279/2279/2279 2285/2285/2285
f 2276/2276/2276 2285/2285/2285 2286/2286/2286
f 2286/2286/2286 2285/2285/2285 2287/2287/2287
f 2286/2286/2286 2287/2287/2287 2288/2288/2288
f 2279/2279/2279 2281/2281/2281 2289/2289/2289
f 2279/2279/2279 2289/2289/2289 2285/2285/2285
f 2285/2285/2285 2289/2289/2289 2290/2290/2290
f 2285/2285/2285 2290/2290/2290 2287/2287/2287
f 2276/2276/2276 2286/2286/2286 2291/2291/2291
f 2276/2276/2276 2291/2291/2291 2292/2292/2292
f 2292/2292/2292 2291/2291/2291 1546/1546/1546
f 2292/2292/2292 1546/1546/1546 1543/1543/1543
f 2286/2286/2286 2288/2288/2288 2293/2293/2293
f 2286/2286/2286 2293/2293/2293 2291/2291/2291
f 2291/2291/2291 2293/2293/2293 562/562/562
f 2291/2291/2291 562/562/562 1546/1546/1546
f 2276/2276/2276 2292/2292/2292 2294/2294/2294
f 2276/2276/2276 2294/2294/2294 2277/2277/2277
f 2277/2277/2277 2294/2294/2294 2295/2295/2295
f 2277/2277/2277 2295/2295/2295 2282/2282/2282
f 2292/2292/2292 1543/1543/1543 1542/1542/1542
f 2292/2292/2292 1542/1542/1542 2294/2294/2294
f 2294/2294/2294 1542/1542/1542 1535/1535/1535
f 2294/2294/2294 1535/1535/1535 2295/2295/2295
f 2296/2296/2296 2297/2297/2297 2298/2298/2298
f 2296/2296/2296 2298/2298/2298 2299/2299/2299
f 2299/2299/2299 2298/2298/2298 2283/2283/2283
f 2299/2299/2299 2283/2283/2283 2282/2282/2282
f 2297/2297/2297 2300/2300/2300 2301/2301/2301
f 2297/2297/2297 2301/2301/2301 2298/2298/2298
f 2298/2298/2298 2301/2301/2301 2284/2284/2284
f 2298/2298/2298 2284/2284/2284 2283/2283/2283
f 2296/2296/2296 2299/2299/2299 2302/2302/2302
f 2296/2296/2296 2302/2302/2302 2303/2303/2303
f 2303/2303/2303 2302/2302/2302 1534/1534/1534
f 2303/2303/2303 1534/1534/1534 1529/1529/1529
f 2299/2299/2299 2282/2282/2282 2295/2295/2295
f 2299/2299/2299 2295/2295/2295 2302/2302/2302
f 2302/2302/2302 2295/2295/2295 1535/1535/1535
f 2302/2302/2302 1535/1535/1535 1534/1534/1534
f 2296/2296/2296 2303/2303/2303 2304/2304/2304
f 2296/2296/2296 2304/2304/2304 2305/2305/2305
f 2305/2305/2305 2304/2304/2304 2306/2306/2306
f 2305/2305/2305 2306/2306/2306 2307/2307/2307
f 2303/2303/2303 1529/1529/1529 1528/1528/1528
f 2303/2303/2303 1528/1528/1528 2304/2304/2304
f 2304/2304/2304 1528/1528/1528 1531/1531/1531
f 2304/2304/2304 1531/1531/1531 2306/2306/2306
f 2296/2296/2296 2305/2305/2305 2308/2308/2308
f 2296/2296/2296 2308/2308/2308 2297/2297/2297
f 2297/2297/2297 2308/2308/2308 2309/2309/2309
f 2297/2297/2297 2309/2309/2309 2300/2300/2300
f 2305/2305/2305 2307/2307/2307 2310/2310/2310
f 2305/2305/2305 2310/2310/2310 2308/2308/2308
f 2308/2308/2308 2310/2310/2310 2311/2311/2311
f 2308/2308/2308 2311/2311/2311 2309/2309/2309
f 2312/2312/2312 2313/2313/2313 2314/2314/2314
f 2312/2312/2312 2314/2314/2314 2315/2315/2315
f 2315/2315/2315 2314/2314/2314 2301/2301/2301
f 2315/2315/2315 2301/2301/2301 2300/2300/2300
f 2313/2313/2313 2316/2316/2316 2317/2317/2317
f 2313/2313/2313 2317/2317/2317 2314/2314/2314
f 2314/2314/2314 2317/2317/2317 2284/2284/2284
f 2314/2314/2314 2284/2284/2284 2301/2301/2301
f 2312/2312/2312 2315/2315/2315 2318/2318/2318
f 2312/2312/2312 2318/2318/2318 2319/2319/2319
f 2319/2319/2319 2318/2318/2318 2320/2320/2320
f 2319/2319/2319 2320/2320/2320 2321/2321/2321
f 2315/2315/2315 2300/2300/2300 2309/2309/2309
f 2315/2315/2315 2309/2309/2309 2318/2318/2318
f 2318/2318/2318 2309/2309/2309 2311/2311/2311
f 2318/2318/2318 2311/2311/2311 2320/2320/2320
f 2312/2312/2312 2319/2319/2319 2322/2322/2322
f 2312/2312/2312 2322/2322/2322 2323/2323/2323
f 2323/2323/2323 2322/2322/2322 2128/2128/2128
f 2323/2323/2323 2128/2128/2128 2123/2123/2123
f 2319/2319/2319 2321/2321/2321 2324/2324/2324
f 2319/2319/2319 2324/2324/2324 2322/2322/2322
f 2322/2322/2322 2324/2324/2324 2129/2129/2129
f 2322/2322/2322 2129/2129/2129 2128/2128/2128
f 2312/2312/2312 2323/2323/2323 2325/2325/2325
f 2312/2312/2312 2325/2325/2325 2313/2313/2313
f 2313/2313/2313 2325/2325/2325 2326/2326/2326
f 2313/2313/2313 2326/2326/2326 2316/2316/2316
f 2323/2323/2323 2123/2123/2123 2122/2122/2122
f 2323/2323/2323 2122/2122/2122 2325/2325/2325
f 2325/2325/2325 2122/2122/2122 2115/2115/2115
f 2325/2325/2325 2115/2115/2115 2326/2326/2326
f 2327/2327/2327 2328/2328/2328 2329/2329/2329
f 2327/2327/2327 2329/2329/2329 2330/2330/2330
f 2330/2330/2330 2329/2329/2329 2317/2317/2317
f 2330/2330/2330 2317/2317/2317 2316/2316/2316
f 2328/2328/2328 2281/2281/2281 2280/2280/2280
f 2328/2328/2328 2280/2280/2280 2329/2329/2329
f 2329/2329/2329 2280/2280/2280 2284/2284/2284
f 2329/2329/2329 2284/2284/2284 2317/2317/2317
f 2327/2327/2327 2330/2330/2330 2331/2331/2331
f 2327/2327/2327 2331/2331/2331 2332/2332/2332
f 2332/2332/2332 2331/2331/2331 2114/2114/2114
f 2332/2332/2332 2114/2114/2114 2109/2109/2109
f 2330/2330/2330 2316/2316/2316 2326/2326/2326
f 2330/2330/2330 2326/2326/2326 2331/2331/2331
f 2331/2331/2331 2326/2326/2326 2115/2115/2115
f 2331/2331/2331 2115/2115/2115 2114/2114/2114
f 2327/2327/2327 2332/2332/2332 2333/2333/2333
f 2327/2327/2327 2333/2333/2333 2334/2334/2334
f 2334/2334/2334 2333/2333/2333 2335/2335/2335
f 2334/2334/2334 2335/2335/2335 2336/2336/2336
f 2332/2332/2332 2109/2109/2109 2108/2108/2108
f 2332/2332/2332 2108/2108/2108 2333/2333/2333
f 2333/2333/2333 2108/2108/2108 2111/2111/2111
f 2333/2333/2333 2111/2111/2111 2335/2335/2335
f 2327/2327/2327 2334/2334/2334 2337/2337/2337
f 2327/2327/2327 2337/2337/2337 2328/2328/2328
f 2328/2328/2328 2337/2337/2337 2289/2289/2289
f 2328/2328/2328 2289/2289/2289 2281/2281/2281
f 2334/2334/2334 2336/2336/2336 2338/2338/2338
f 2334/2334/2334 2338/2338/2338 2337/2337/2337
f 2337/2337/2337 2338/2338/2338 2290/2290/2290
f 2337/2337/2337 2290/2290/2290 2289/2289/2289
f 2339/2339/2339 2340/2340/2340 2341/2341/2341
f 2339/2339/2339 2341/2341/2341 2342/2342/2342
f 2342/2342/2342 2341/2341/2341 2343/2343/2343
f 2342/2342/2342 2343/2343/2343 2344/2344/2344
f 2340/2340/2340 2345/2345/2345 2346/2346/2346
f 2340/2340/2340 2346/2346/2346 2341/2341/2341
f 2341/2341/2341 2346/2346/2346 2347/2347/2347
f 2341/2341/2341 2347/2347/2347 2343/2343/2343
f 2339/2339/2339 2342/2342/2342 2348/2348/2348
f 2339/2339/2339 2348/2348/2348 2349/2349/2349
f 2349/2349/2349 2348/2348/2348 2310/2310/2310
f 2349/2349/2349 2310/2310/2310 2307/2307/2307
f 2342/2342/2342 2344/2344/2344 2350/2350/2350
f 2342/2342/2342 2350/2350/2350 2348/2348/2348
f 2348/2348/2348 2350/2350/2350 2311/2311/2311
f 2348/2348/2348 2311/2311/2311 2310/2310/2310
f 2339/2339/2339 2349/2349/2349 2351/2351/2351
f 2339/2339/2339 2351/2351/2351 2352/2352/2352
f 2352/2352/2352 2351/2351/2351 1618/1618/1618
f 2352/2352/2352 1618/1618/1618 1615/1615/1615
f 2349/2349/2349 2307/2307/2307 2306/2306/2306
f 2349/2349/2349 2306/2306/2306 2351/2351/2351
f 2351/2351/2351 2306/2306/2306 1531/1531/1531
f 2351/2351/2351 1531/1531/1531 1618/1618/1618
f 2339/2339/2339 2352/2352/2352 2353/2353/2353
f 2339/2339/2339 2353/2353/2353 2340/2340/2340
f 2340/2340/2340 2353/2353/2353 2354/2354/2354
f 2340/2340/2340 2354/2354/2354 2345/2345/2345
f 2352/2352/2352 1615/1615/1615 1614/1614/1614
f 2352/2352/2352 1614/1614/1614 2353/2353/2353
f 2353/2353/2353 1614/1614/1614 1607/1607/1607
f 2353/2353/2353 1607/1607/1607 2354/2354/2354
f 2355/2355/2355 2356/2356/2356 2357/2357/2357
f 2355/2355/2355 2357/2357/2357 2358/2358/2358
f 2358/2358/2358 2357/2357/2357 2346/2346/2346
f 2358/2358/2358 2346/2346/2346 2345/2345/2345
f 2356/2356/2356 2359/2359/2359 2360/2360/2360
f 2356/2356/2356 2360/2360/2360 2357/2357/2357
f 2357/2357/2357 2360/2360/2360 2347/2347/2347
f 2357/2357/2357 2347/2347/2347 2346/2346/2346
f 2355/2355/2355 2358/2358/2358 2361/2361/2361
f 2355/2355/2355 2361/2361/2361 2362/2362/2362
f 2362/2362/2362 2361/2361/2361 1606/1606/1606
f 2362/2362/2362 1606/1606/1606 1601/1601/1601
f 2358/2358/2358 2345/2345/2345 2354/2354/2354
f 2358/2358/2358 2354/2354/2354 2361/2361/2361
f 2361/2361/2361 2354/2354/2354 1607/1607/1607
f 2361/2361/2361 1607/1607/1607 1606/1606/1606
f 2355/2355/2355 2362/2362/2362 2363/2363/2363
f 2355/2355/2355 2363/2363/2363 2364/2364/2364
f 2364/2364/2364 2363/2363/2363 2365/2365/2365
f 2364/2364/2364 2365/2365/2365 2366/2366/2366
f 2362/2362/2362 1601/1601/1601 1600/1600/1600
f 2362/2362/2362 1600/1600/1600 2363/2363/2363
f 2363/2363/2363 1600/1600/1600 1603/1603/1603
f 2363/2363/2363 1603/1603/1603 2365/2365/2365
f 2355/2355/2355 2364/2364/2364 2367/2367/2367
f 2355/2355/2355 2367/2367/2367 2356/2356/2356
f 2356/2356/2356 2367/2367/2367 2368/2368/2368
f 2356/2356/2356 2368/2368/2368 2359/2359/2359
f 2364/2364/2364 2366/2366/2366 2369/2369/2369
f 2364/2364/2364 2369/2369/2369 2367/2367/2367
f 2367/2367/2367 2369/2369/2369 2370/2370/2370
f 2367/2367/2367 2370/2370/2370 2368/2368/2368
f 2371/2371/2371 2372/2372/2372 2373/2373/2373
f 2371/2371/2371 2373/2373/2373 2374/2374/2374
f 2374/2374/2374 2373/2373/2373 2360/2360/2360
f 2374/2374/2374 2360/2360/2360 2359/2359/2359
f 2372/2372/2372 2375/2375/2375 2376/2376/2376
f 2372/2372/2372 2376/2376/2376 2373/2373/2373
f 2373/2373/2373 2376/2376/2376 2347/2347/2347
f 2373/2373/2373 2347/2347/2347 2360/2360/2360
f 2371/2371/2371 2374/2374/2374 2377/2377/2377
f 2371/2371/2371 2377/2377/2377 2378/2378/2378
f 2378/2378/2378 2377/2377/2377 2379/2379/2379
f 2378/2378/2378 2379/2379/2379 2380/2380/2380
f 2374/2374/2374 2359/2359/2359 2368/2368/2368
f 2374/2374/2374 2368/2368/2368 2377/2377/2377
f 2377/2377/2377 2368/2368/2368 2370/2370/2370
f 2377/2377/2377 2370/2370/2370 2379/2379/2379
f 2371/2371/2371 2378/2378/2378 2381/2381/2381
f 2371/2371/2371 2381/2381/2381 2382/2382/2382
f 2382/2382/2382 2381/2381/2381 2166/2166/2166
f 2382/2382/2382 2166/2166/2166 2161/2161/2161
f 2378/2378/2378 2380/2380/2380 2383/2383/2383
f 2378/2378/2378 2383/2383/2383 2381/2381/2381
f 2381/2381/2381 2383/2383/2383 2167/2167/2167
f 2381/2381/2381 2167/2167/2167 2166/2166/2166
f 2371/2371/2371 2382/2382/2382 2384/2384/2384
f 2371/2371/2371 2384/2384/2384 2372/2372/2372
f 2372/2372/2372 2384/2384/2384 2385/2385/2385
f 2372/2372/2372 2385/2385/2385 2375/2375/2375
f 2382/2382/2382 2161/2161/2161 2160/2160/2160
f 2382/2382/2382 2160/2160/2160 2384/2384/2384
f 2384/2384/2384 2160/2160/2160 2151/2151/2151
f 2384/2384/2384 2151/2151/2151 2385/2385/2385
f 2386/2386/2386 2387/2387/2387 2388/2388/2388
f 2386/2386/2386 2388/2388/2388 2389/2389/2389
f 2389/2389/2389 2388/2388/2388 2376/2376/2376
f 2389/2389/2389 2376/2376/2376 2375/2375/2375
f 2387/2387/2387 2344/2344/2344 2343/2343/2343
f 2387/2387/2387 2343/2343/2343 2388/2388/2388
f 2388/2388/2388 2343/2343/2343 2347/2347/2347
f 2388/2388/2388 2347/2347/2347 2376/2376/2376
f 2386/2386/2386 2389/2389/2389 2390/2390/2390
f 2386/2386/2386 2390/2390/2390 2391/2391/2391
f 2391/2391/2391 2390/2390/2390 2150/2150/2150
f 2391/2391/2391 2150/2150/2150 2147/2147/2147
f 2389/2389/2389 2375/2375/2375 2385/2385/2385
f 2389/2389/2389 2385/2385/2385 2390/2390/2390
f 2390/2390/2390 2385/2385/2385 2151/2151/2151
f 2390/2390/2390 2151/2151/2151 2150/2150/2150
f 2386/2386/2386 2391/2391/2391 2392/2392/2392
f 2386/2386/2386 2392/2392/2392 2393/2393/2393
f 2393/2393/2393 2392/2392/2392 2324/2324/2324
f 2393/2393/2393 2324/2324/2324 2321/2321/2321
f 2391/2391/2391 2147/2147/2147 2146/2146/2146
f 2391/2391/2391 2146/2146/2146 2392/2392/2392
f 2392/2392/2392 2146/2146/2146 2129/2129/2129
f 2392/2392/2392 2129/2129/2129 2324/2324/2324
f 2386/2386/2386 2393/2393/2393 2394/2394/2394
f 2386/2386/2386 2394/2394/2394 2387/2387/2387
f 2387/2387/2387 2394/2394/2394 2350/2350/2350
f 2387/2387/2387 2350/2350/2350 2344/2344/2344
f 2393/2393/2393 2321/2321/2321 2320/2320/2320
f 2393/2393/2393 2320/2320/2320 2394/2394/2394
f 2394/2394/2394 2320/2320/2320 2311/2311/2311
f 2394/2394/2394 2311/2311/2311 2350/2350/2350
f 2395/2395/2395 2396/2396/2396 2397/2397/2397
f 2395/2395/2395 2397/2397/2397 2398/2398/2398
f 2398/2398/2398 2397/2397/2397 2399/2399/2399
f 2398/2398/2398 2399/2399/2399 2400/2400/2400
f 2396/2396/2396 2401/2401/2401 2402/2402/2402
f 2396/2396/2396 2402/2402/2402 2397/2397/2397
f 2397/2397/2397 2402/2402/2402 2403/2403/2403
f 2397/2397/2397 2403/2403/2403 2399/2399/2399
f 2395/2395/2395 2398/2398/2398 2404/2404/2404
f 2395/2395/2395 2404/2404/2404 2405/2405/2405
f 2405/2405/2405 2404/2404/2404 2369/2369/2369
f 2405/2405/2405 2369/2369/2369 2366/2366/2366
f 2398/2398/2398 2400/2400/2400 2406/2406/2406
f 2398/2398/2398 2406/2406/2406 2404/2404/2404
f 2404/2404/2404 2406/2406/2406 2370/2370/2370
f 2404/2404/2404 2370/2370/2370 2369/2369/2369
f 2395/2395/2395 2405/2405/2405 2407/2407/2407
f 2395/2395/2395 2407/2407/2407 2408/2408/2408
f 2408/2408/2408 2407/2407/2407 1681/1681/1681
f 2408/2408/2408 1681/1681/1681 1678/1678/1678
f 2405/2405/2405 2366/2366/2366 2365/2365/2365
f 2405/2405/2405 2365/2365/2365 2407/2407/2407
f 2407/2407/2407 2365/2365/2365 1603/1603/1603
f 2407/2407/2407 1603/1603/1603 1681/1681/1681
f 2395/2395/2395 2408/2408/2408 2409/2409/2409
f 2395/2395/2395 2409/2409/2409 2396/2396/2396
f 2396/2396/2396 2409/2409/2409 2410/2410/2410
f 2396/2396/2396 2410/2410/2410 2401/2401/2401
f 2408/2408/2408 1678/1678/1678 1677/1677/1677
f 2408/2408/2408 1677/1677/1677 2409/2409/2409
f 2409/2409/2409 1677/1677/1677 1670/1670/1670
f 2409/2409/2409 1670/1670/1670 2410/2410/2410
f 2411/2411/2411 2412/2412/2412 2413/2413/2413
f 2411/2411/2411 2413/2413/2413 2414/2414/2414
f 2414/2414/2414 2413/2413/2413 2402/2402/2402
f 2414/2414/2414 2402/2402/2402 2401/2401/2401
f 2412/2412/2412 2415/2415/2415 2416/2416/2416
f 2412/2412/2412 2416/2416/2416 2413/2413/2413
f 2413/2413/2413 2416/2416/2416 2403/2403/2403
f 2413/2413/2413 2403/2403/2403 2402/2402/2402
f 2411/2411/2411 2414/2414/2414 2417/2417/2417
f 2411/2411/2411 2417/2417/2417 2418/2418/2418
f 2418/2418/2418 2417/2417/2417 1669/1669/1669
f 2418/2418/2418 1669/1669/1669 1666/1666/1666
f 2414/2414/2414 2401/2401/2401 2410/2410/2410
f 2414/2414/2414 2410/2410/2410 2417/2417/2417
f 2417/2417/2417 2410/2410/2410 1670/1670/1670
f 2417/2417/2417 1670/1670/1670 1669/1669/1669
f 2411/2411/2411 2418/2418/2418 2419/2419/2419
f 2411/2411/2411 2419/2419/2419 2420/2420/2420
f 2420/2420/2420 2419/2419/2419 2421/2421/2421
f 2420/2420/2420 2421/2421/2421 2422/2422/2422
f 2418/2418/2418 1666/1666/1666 1665/1665/1665
f 2418/2418/2418 1665/1665/1665 2419/2419/2419
f 2419/2419/2419 1665/1665/1665 79/79/79
f 2419/2419/2419 79/79/79 2421/2421/2421
f 2411/2411/2411 2420/2420/2420 2423/2423/2423
f 2411/2411/2411 2423/2423/2423 2412/2412/2412
f 2412/2412/2412 2423/2423/2423 2424/2424/2424
f 2412/2412/2412 2424/2424/2424 2415/2415/2415
f 2420/2420/2420 2422/2422/2422 2425/2425/2425
f 2420/2420/2420 2425/2425/2425 2423/2423/2423
f 2423/2423/2423 2425/2425/2425 2426/2426/2426
f 2423/2423/2423 2426/2426/2426 2424/2424/2424
f 2427/2427/2427 2428/2428/2428 2429/2429/2429
f 2427/2427/2427 2429/2429/2429 2430/2430/2430
f 2430/2430/2430 2429/2429/2429 2416/2416/2416
f 2430/2430/2430 2416/2416/2416 2415/2415/2415
f 2428/2428/2428 2431/2431/2431 2432/2432/2432
f 2428/2428/2428 2432/2432/2432 2429/2429/2429
f 2429/2429/2429 2432/2432/2432 2403/2403/2403
f 2429/2429/2429 2403/2403/2403 2416/2416/2416
f 2427/2427/2427 2430/2430/2430 2433/2433/2433
f 2427/2427/2427 2433/2433/2433 2434/2434/2434
f 2434/2434/2434 2433/2433/2433 2435/2435/2435
f 2434/2434/2434 2435/2435/2435 2436/2436/2436
f 2430/2430/2430 2415/2415/2415 2424/2424/2424
f 2430/2430/2430 2424/2424/2424 2433/2433/2433
f 2433/2433/2433 2424/2424/2424 2426/2426/2426
f 2433/2433/2433 2426/2426/2426 2435/2435/2435
f 2427/2427/2427 2434/2434/2434 2437/2437/2437
f 2427/2427/2427 2437/2437/2437 2438/2438/2438
f 2438/2438/2438 2437/2437/2437 2238/2238/2238
f 2438/2438/2438 2238/2238/2238 2233/2233/2233
f 2434/2434/2434 2436/2436/2436 2439/2439/2439
f 2434/2434/2434 2439/2439/2439 2437/2437/2437
f 2437/2437/2437 2439/2439/2439 2239/2239/2239
f 2437/2437/2437 2239/2239/2239 2238/2238/2238
f 2427/2427/2427 2438/2438/2438 2440/2440/2440
f 2427/2427/2427 2440/2440/2440 2428/2428/2428
f 2428/2428/2428 2440/2440/2440 2441/2441/2441
f 2428/2428/2428 2441/2441/2441 2431/2431/2431
f 2438/2438/2438 2233/2233/2233 2232/2232/2232
f 2438/2438/2438 2232/2232/2232 2440/2440/2440
f 2440/2440/2440 2232/2232/2232 2223/2223/2223
f 2440/2440/2440 2223/2223/2223 2441/2441/2441
f 2442/2442/2442 2443/2443/2443 2444/2444/2444
f 2442/2442/2442 2444/2444/2444 2445/2445/2445
f 2445/2445/2445 2444/2444/2444 2432/2432/2432
f 2445/2445/2445 2432/2432/2432 2431/2431/2431
f 2443/2443/2443 2400/2400/2400 2399/2399/2399
f 2443/2443/2443 2399/2399/2399 2444/2444/2444
f 2444/2444/2444 2399/2399/2399 2403/2403/2403
f 2444/2444/2444 2403/2403/2403 2432/2432/2432
f 2442/2442/2442 2445/2445/2445 2446/2446/2446
f 2442/2442/2442 2446/2446/2446 2447/2447/2447
f 2447/2447/2447 2446/2446/2446 2222/2222/2222
f 2447/2447/2447 2222/2222/2222 2219/2219/2219
f 2445/2445/2445 2431/2431/2431 2441/2441/2441
f 2445/2445/2445 2441/2441/2441 2446/2446/2446
f 2446/2446/2446 2441/2441/2441 2223/2223/2223
f 2446/2446/2446 2223/2223/2223 2222/2222/2222
f 2442/2442/2442 2447/2447/2447 2448/2448/2448
f 2442/2442/2442 2448/2448/2448 2449/2449/2449
f 2449/2449/2449 2448/2448/2448 2383/2383/2383
f 2449/2449/2449 2383/2383/2383 2380/2380/2380
f 2447/2447/2447 2219/2219/2219 2218/2218/2218
f 2447/2447/2447 2218/2218/2218 2448/2448/2448
f 2448/2448/2448 2218/2218/2218 2167/2167/2167
f 2448/2448/2448 2167/2167/2167 2383/2383/2383
f 2442/2442/2442 2449/2449/2449 2450/2450/2450
f 2442/2442/2442 2450/2450/2450 2443/2443/2443
f 2443/2443/2443 2450/2450/2450 2406/2406/2406
f 2443/2443/2443 2406/2406/2406 2400/2400/2400
f 2449/2449/2449 2380/2380/2380 2379/2379/2379
f 2449/2449/2449 2379/2379/2379 2450/2450/2450
f 2450/2450/2450 2379/2379/2379 2370/2370/2370
f 2450/2450/2450 2370/2370/2370 2406/2406/2406
f 2451/2451/2451 2452/2452/2452 2453/2453/2453
f 2451/2451/2451 2453/2453/2453 2454/2454/2454
f 2454/2454/2454 2453/2453/2453 2455/2455/2455
f 2454/2454/2454 2455/2455/2455 2456/2456/2456
f 2452/2452/2452 2457/2457/2457 2458/2458/2458
f 2452/2452/2452 2458/2458/2458 2453/2453/2453
f 2453/2453/2453 2458/2458/2458 2459/2459/2459
f 2453/2453/2453 2459/2459/2459 2455/2455/2455
f 2451/2451/2451 2454/2454/2454 2460/2460/2460
f 2451/2451/2451 2460/2460/2460 2461/2461/2461
f 2461/2461/2461 2460/2460/2460 2462/2462/2462
f 2461/2461/2461 2462/2462/2462 2463/2463/2463
f 2454/2454/2454 2456/2456/2456 2464/2464/2464
f 2454/2454/2454 2464/2464/2464 2460/2460/2460
f 2460/2460/2460 2464/2464/2464 2465/2465/2465
f 2460/2460/2460 2465/2465/2465 2462/2462/2462
f 2451/2451/2451 2461/2461/2461 2466/2466/2466
f 2451/2451/2451 2466/2466/2466 2467/2467/2467
f 2467/2467/2467 2466/2466/2466 2468/2468/2468
f 2467/2467/2467 2468/2468/2468 2469/2469/2469
f 2461/2461/2461 2463/2463/2463 2470/2470/2470
f 2461/2461/2461 2470/2470/2470 2466/2466/2466
f 2466/2466/2466 2470/2470/2470 2471/2471/2471
f 2466/2466/2466 2471/2471/2471 2468/2468/2468
f 2451/2451/2451 2467/2467/2467 2472/2472/2472
f 2451/2451/2451 2472/2472/2472 2452/2452/2452
f 2452/2452/2452 2472/2472/2472 2473/2473/2473
f 2452/2452/2452 2473/2473/2473 2457/2457/2457
f 2467/2467/2467 2469/2469/2469 2474/2474/2474
f 2467/2467/2467 2474/2474/2474 2472/2472/2472
f 2472/2472/2472 2474/2474/2474 2475/2475/2475
f 2472/2472/2472 2475/2475/2475 2473/2473/2473
f 2476/2476/2476 2477/2477/2477 2478/2478/2478
f 2476/2476/2476 2478/2478/2478 2479/2479/2479
f 2479/2479/2479 2478/2478/2478 2458/2458/2458
f 2479/2479/2479 2458/2458/2458 2457/2457/2457
f 2477/2477/2477 2480/2480/2480 2481/2481/2481
f 2477/2477/2477 2481/2481/2481 2478/2478/2478
f 2478/2478/2478 2481/2481/2481 2459/2459/2459
f 2478/2478/2478 2459/2459/2459 2458/2458/2458
f 2476/2476/2476 2479/2479/2479 2482/2482/2482
f 2476/2476/2476 2482/2482/2482 2483/2483/2483
f 2483/2483/2483 2482/2482/2482 2484/2484/2484
f 2483/2483/2483 2484/2484/2484 2485/2485/2485
f 2479/2479/2479 2457/2457/2457 2473/2473/2473
f 2479/2479/2479 2473/2473/2473 2482/2482/2482
f 2482/2482/2482 2473/2473/2473 2475/2475/2475
f 2482/2482/2482 2475/2475/2475 2484/2484/2484
f 2476/2476/2476 2483/2483/2483 2486/2486/2486
f 2476/2476/2476 2486/2486/2486 2487/2487/2487
f 2487/2487/2487 2486/2486/2486 2488/2488/2488
f 2487/2487/2487 2488/2488/2488 2489/2489/2489
f 2483/2483/2483 2485/2485/2485 2490/2490/2490
f 2483/2483/2483 2490/2490/2490 2486/2486/2486
f 2486/2486/2486 2490/2490/2490 2491/2491/2491
f 2486/2486/2486 2491/2491/2491 2488/2488/2488
f 2476/2476/2476 2487/2487/2487 2492/2492/2492
f 2476/2476/2476 2492/2492/2492 2477/2477/2477
f 2477/2477/2477 2492/2492/2492 2493/2493/2493
f 2477/2477/2477 2493/2493/2493 2480/2480/2480
f 2487/2487/2487 2489/2489/2489 2494/2494/2494
f 2487/2487/2487 2494/2494/2494 2492/2492/2492
f 2492/2492/2492 2494/2494/2494 2495/2495/2495
f 2492/2492/2492 2495/2495/2495 2493/2493/2493
f 2496/2496/2496 2497/2497/2497 2498/2498/2498
f 2496/2496/2496 2498/2498/2498 2499/2499/2499
f 2499/2499/2499 2498/2498/2498 2481/2481/2481
f 2499/2499/2499 2481/2481/2481 2480/2480/2480
f 2497/2497/2497 2500/2500/2500 2501/2501/2501
f 2497/2497/2497 2501/2501/2501 2498/2498/2498
f 2498/2498/2498 2501/2501/2501 2459/2459/2459
f 2498/2498/2498 2459/2459/2459 2481/2481/2481
f 2496/2496/2496 2499/2499/2499 2502/2502/2502
f 2496/2496/2496 2502/2502/2502 2503/2503/2503
f 2503/2503/2503 2502/2502/2502 2504/2504/2504
f 2503/2503/2503 2504/2504/2504 2505/2505/2505
f 2499/2499/2499 2480/2480/2480 2493/2493/2493
f 2499/2499/2499 2493/2493/2493 2502/2502/2502
f 2502/2502/2502 2493/2493/2493 2495/2495/2495
f 2502/2502/2502 2495/2495/2495 2504/2504/2504
f 2496/2496/2496 2503/2503/2503 2506/2506/2506
f 2496/2496/2496 2506/2506/2506 2507/2507/2507
f 2507/2507/2507 2506/2506/2506 2508/2508/2508
f 2507/2507/2507 2508/2508/2508 2509/2509/2509
f 2503/2503/2503 2505/2505/2505 2510/2510/2510
f 2503/2503/2503 2510/2510/2510 2506/2506/2506
f 2506/2506/2506 2510/2510/2510 2511/2511/2511
f 2506/2506/2506 2511/2511/2511 2508/2508/2508
f 2496/2496/2496 2507/2507/2507 2512/2512/2512
f 2496/2496/2496 2512/2512/2512 2497/2497/2497
f 2497/2497/2497 2512/2512/2512 2513/2513/2513
f 2497/2497/2497 2513/2513/2513 2500/2500/2500
f 2507/2507/2507 2509/2509/2509 2514/2514/2514
f 2507/2507/2507 2514/2514/2514 2512/2512/2512
f 2512/2512/2512 2514/2514/2514 2515/2515/2515
f 2512/2512/2512 2515/2515/2515 2513/2513/2513
f 2516/2516/2516 2517/2517/2517 2518/2518/2518
f 2516/2516/2516 2518/2518/2518 2519/2519/2519
f 2519/2519/2519 2518/2518/2518 2501/2501/2501
f 2519/2519/2519 2501/2501/2501 2500/2500/2500
f 2517/2517/2517 2456/2456/2456 2455/2455/2455
f 2517/2517/2517 2455/2455/2455 2518/2518/2518
f 2518/2518/2518 2455/2455/2455 2459/2459/2459
f 2518/2518/2518 2459/2459/2459 2501/2501/2501
f 2516/2516/2516 2519/2519/2519 2520/2520/2520
f 2516/2516/2516 2520/2520/2520 2521/2521/2521
f 2521/2521/2521 2520/2520/2520 2522/2522/2522
f 2521/2521/2521 2522/2522/2522 2523/2523/2523
f 2519/2519/2519 2500/2500/2500 2513/2513/2513
f 2519/2519/2519 2513/2513/2513 2520/2520/2520
f 2520/2520/2520 2513/2513/2513 2515/2515/2515
f 2520/2520/2520 2515/2515/2515 2522/2522/2522
f 2516/2516/2516 2521/2521/2521 2524/2524/2524
f 2516/2516/2516 2524/2524/2524 2525/2525/2525
f 2525/2525/2525 2524/2524/2524 2526/2526/2526
f 2525/2525/2525 2526/2526/2526 2527/2527/2527
f 2521/2521/2521 2523/2523/2523 2528/2528/2528
f 2521/2521/2521 2528/2528/2528 2524/2524/2524
f 2524/2524/2524 2528/2528/2528 2529/2529/2529
f 2524/2524/2524 2529/2529/2529 2526/2526/2526
f 2516/2516/2516 2525/2525/2525 2530/2530/2530
f 2516/2516/2516 2530/2530/2530 2517/2517/2517
f 2517/2517/2517 2530/2530/2530 2464/2464/2464
f 2517/2517/2517 2464/2464/2464 2456/2456/2456
f 2525/2525/2525 2527/2527/2527 2531/2531/2531
f 2525/2525/2525 2531/2531/2531 2530/2530/2530
f 2530/2530/2530 2531/2531/2531 2465/2465/2465
f 2530/2530/2530 2465/2465/2465 2464/2464/2464
f 2532/2532/2532 2533/2533/2533 2534/2534/2534
f 2532/2532/2532 2534/2534/2534 2535/2535/2535
f 2535/2535/2535 2534/2534/2534 2536/2536/2536
f 2535/2535/2535 2536/2536/2536 2537/2537/2537
f 2533/2533/2533 2538/2538/2538 2539/2539/2539
f 2533/2533/2533 2539/2539/2539 2534/2534/2534
f 2534/2534/2534 2539/2539/2539 2540/2540/2540
f 2534/2534/2534 2540/2540/2540 2536/2536/2536
f 2532/2532/2532 2535/2535/2535 2541/2541/2541
f 2532/2532/2532 2541/2541/2541 2542/2542/2542
f 2542/2542/2542 2541/2541/2541 2494/2494/2494
f 2542/2542/2542 2494/2494/2494 2489/2489/2489
f 2535/2535/2535 2537/2537/2537 2543/2543/2543
f 2535/2535/2535 2543/2543/2543 2541/2541/2541
f 2541/2541/2541 2543/2543/2543 2495/2495/2495
f 2541/2541/2541 2495/2495/2495 2494/2494/2494
f 2532/2532/2532 2542/2542/2542 2544/2544/2544
f 2532/2532/2532 2544/2544/2544 2545/2545/2545
f 2545/2545/2545 2544/2544/2544 2546/2546/2546
f 2545/2545/2545 2546/2546/2546 2547/2547/2547
f 2542/2542/2542 2489/2489/2489 2488/2488/2488
f 2542/2542/2542 2488/2488/2488 2544/2544/2544
f 2544/2544/2544 2488/2488/2488 2491/2491/2491
f 2544/2544/2544 2491/2491/2491 2546/2546/2546
f 2532/2532/2532 2545/2545/2545 2548/2548/2548
f 2532/2532/2532 2548/2548/2548 2533/2533/2533
f 2533/2533/2533 2548/2548/2548 2549/2549/2549
f 2533/2533/2533 2549/2549/2549 2538/2538/2538
f 2545/2545/2545 2547/2547/2547 2550/2550/2550
f 2545/2545/2545 2550/2550/2550 2548/2548/2548
f 2548/2548/2548 2550/2550/2550 2551/2551/2551
f 2548/2548/2548 2551/2551/2551 2549/2549/2549
f 2552/2552/2552 2553/2553/2553 2554/2554/2554
f 2552/2552/2552 2554/2554/2554 2555/2555/2555
f 2555/2555/2555 2554/2554/2554 2539/2539/2539
f 2555/2555/2555 2539/2539/2539 2538/2538/2538
f 2553/2553/2553 2556/2556/2556 2557/2557/2557
f 2553/2553/2553 2557/2557/2557 2554/2554/2554
f 2554/2554/2554 2557/2557/2557 2540/2540/2540
f 2554/2554/2554 2540/2540/2540 2539/2539/2539
f 2552/2552/2552 2555/2555/2555 2558/2558/2558
f 2552/2552/2552 2558/2558/2558 2559/2559/2559
f 2559/2559/2559 2558/2558/2558 2560/2560/2560
f 2559/2559/2559 2560/2560/2560 2561/2561/2561
f 2555/2555/2555 2538/2538/2538 2549/2549/2549
f 2555/2555/2555 2549/2549/2549 2558/2558/2558
f 2558/2558/2558 2549/2549/2549 2551/2551/2551
f 2558/2558/2558 2551/2551/2551 2560/2560/2560
f 2552/2552/2552 2559/2559/2559 2562/2562/2562
f 2552/2552/2552 2562/2562/2562 2563/2563/2563
f 2563/2563/2563 2562/2562/2562 2564/2564/2564
f 2563/2563/2563 2564/2564/2564 2565/2565/2565
f 2559/2559/2559 2561/2561/2561 2566/2566/2566
f 2559/2559/2559 2566/2566/2566 2562/2562/2562
f 2562/2562/2562 2566/2566/2566 2567/2567/2567
f 2562/2562/2562 2567/2567/2567 2564/2564/2564
f 2552/2552/2552 2563/2563/2563 2568/2568/2568
f 2552/2552/2552 2568/2568/2568 2553/2553/2553
f 2553/2553/2553 2568/2568/2568 2569/2569/2569
f 2553/2553/2553 2569/2569/2569 2556/2556/2556
f 2563/2563/2563 2565/2565/2565 2570/2570/2570
f 2563/2563/2563 2570/2570/2570 2568/2568/2568
f 2568/2568/2568 2570/2570/2570 2571/2571/2571
f 2568/2568/2568 2571/2571/2571 2569/2569/2569
f 2572/2572/2572 2573/2573/2573 2574/2574/2574
f 2572/2572/2572 2574/2574/2574 2575/2575/2575
f 2575/2575/2575 2574/2574/2574 2557/2557/2557
f 2575/2575/2575 2557/2557/2557 2556/2556/2556
f 2573/2573/2573 2576/2576/2576 2577/2577/2577
f 2573/2573/2573 2577/2577/2577 2574/2574/2574
f 2574/2574/2574 2577/2577/2577 2540/2540/2540
f 2574/2574/2574 2540/2540/2540 2557/2557/2557
f 2572/2572/2572 2575/2575/2575 2578/2578/2578
f 2572/2572/2572 2578/2578/2578 2579/2579/2579
f 2579/2579/2579 2578/2578/2578 2580/2580/2580
f 2579/2579/2579 2580/2580/2580 2581/2581/2581
f 2575/2575/2575 2556/2556/2556 2569/2569/2569
f 2575/2575/2575 2569/2569/2569 2578/2578/2578
f 2578/2578/2578 2569/2569/2569 2571/2571/2571
f 2578/2578/2578 2571/2571/2571 2580/2580/2580
f 2572/2572/2572 2579/2579/2579 2582/2582/2582
f 2572/2572/2572 2582/2582/2582 2583/2583/2583
f 2583/2583/2583 2582/2582/2582 2584/2584/2584
f 2583/2583/2583 2584/2584/2584 2585/2585/2585
f 2579/2579/2579 2581/2581/2581 2586/2586/2586
f 2579/2579/2579 2586/2586/2586 2582/2582/2582
f 2582/2582/2582 2586/2586/2586 2587/2587/2587
f 2582/2582/2582 2587/2587/2587 2584/2584/2584
f 2572/2572/2572 2583/2583/2583 2588/2588/2588
f 2572/2572/2572 2588/2588/2588 2573/2573/2573
f 2573/2573/2573 2588/2588/2588 2589/2589/2589
f 2573/2573/2573 2589/2589/2589 2576/2576/2576
f 2583/2583/2583 2585/2585/2585 2590/2590/2590
f 2583/2583/2583 2590/2590/2590 2588/2588/2588
f 2588/2588/2588 2590/2590/2590 2591/2591/2591
f 2588/2588/2588 2591/2591/2591 2589/2589/2589
f 2592/2592/2592 2593/2593/2593 2594/2594/2594
f 2592/2592/2592 2594/2594/2594 2595/2595/2595
f 2595/2595/2595 2594/2594/2594 2577/2577/2577
f 2595/2595/2595 2577/2577/2577 2576/2576/2576
f 2593/2593/2593 2537/2537/2537 2536/2536/2536
f 2593/2593/2593 2536/2536/2536 2594/2594/2594
f 2594/2594/2594 2536/2536/2536 2540/2540/2540
f 2594/2594/2594 2540/2540/2540 2577/2577/2577
f 2592/2592/2592 2595/2595/2595 2596/2596/2596
f 2592/2592/2592 2596/2596/2596 2597/2597/2597
f 2597/2597/2597 2596/2596/2596 2598/2598/2598
f 2597/2597/2597 2598/2598/2598 2599/2599/2599
f 2595/2595/2595 2576/2576/2576 2589/2589/2589
f 2595/2595/2595 2589/2589/2589 2596/2596/2596
f 2596/2596/2596 2589/2589/2589 2591/2591/2591
f 2596/2596/2596 2591/2591/2591 2598/2598/2598
f 2592/2592/2592 2597/2597/2597 2600/2600/2600
f 2592/2592/2592 2600/2600/2600 2601/2601/2601
f 2601/2601/2601 2600/2600/2600 2510/2510/2510
f 2601/2601/2601 2510/2510/2510 2505/2505/2505
f 2597/2597/2597 2599/2599/2599 2602/2602/2602
f 2597/2597/2597 2602/2602/2602 2600/2600/2600
f 2600/2600/2600 2602/2602/2602 2511/2511/2511
f 2600/2600/2600 2511/2511/2511 2510/2510/2510
f 2592/2592/2592 2601/2601/2601 2603/2603/2603
f 2592/2592/2592 2603/2603/2603 2593/2593/2593
f 2593/2593/2593 2603/2603/2603 2543/2543/2543
f 2593/2593/2593 2543/2543/2543 2537/2537/2537
f 2601/2601/2601 2505/2505/2505 2504/2504/2504
f 2601/2601/2601 2504/2504/2504 2603/2603/2603
f 2603/2603/2603 2504/2504/2504 2495/2495/2495
f 2603/2603/2603 2495/2495/2495 2543/2543/2543
f 2604/2604/2604 2605/2605/2605 2606/2606/2606
f 2604/2604/2604 2606/2606/2606 2607/2607/2607
f 2607/2607/2607 2606/2606/2606 2608/2608/2608
f 2607/2607/2607 2608/2608/2608 2609/2609/2609
f 2605/2605/2605 2610/2610/2610 2611/2611/2611
f 2605/2605/2605 2611/2611/2611 2606/2606/2606
f 2606/2606/2606 2611/2611/2611 2612/2612/2612
f 2606/2606/2606 2612/2612/2612 2608/2608/2608
f 2604/2604/2604 2607/2607/2607 2613/2613/2613
f 2604/2604/2604 2613/2613/2613 2614/2614/2614
f 2614/2614/2614 2613/2613/2613 2570/2570/2570
f 2614/2614/2614 2570/2570/2570 2565/2565/2565
f 2607/2607/2607 2609/2609/2609 2615/2615/2615
f 2607/2607/2607 2615/2615/2615 2613/2613/2613
f 2613/2613/2613 2615/2615/2615 2571/2571/2571
f 2613/2613/2613 2571/2571/2571 2570/2570/2570
f 2604/2604/2604 2614/2614/2614 2616/2616/2616
f 2604/2604/2604 2616/2616/2616 2617/2617/2617
f 2617/2617/2617 2616/2616/2616 2618/2618/2618
f 2617/2617/2617 2618/2618/2618 2619/2619/2619
f 2614/2614/2614 2565/2565/2565 2564/2564/2564
f 2614/2614/2614 2564/2564/2564 2616/2616/2616
f 2616/2616/2616 2564/2564/2564 2567/2567/2567
f 2616/2616/2616 2567/2567/2567 2618/2618/2618
f 2604/2604/2604 2617/2617/2617 2620/2620/2620
f 2604/2604/2604 2620/2620/2620 2605/2605/2605
f 2605/2605/2605 2620/2620/2620 2621/2621/2621
f 2605/2605/2605 2621/2621/2621 2610/2610/2610
f 2617/2617/2617 2619/2619/2619 2622/2622/2622
f 2617/2617/2617 2622/2622/2622 2620/2620/2620
f 2620/2620/2620 2622/2622/2622 2623/2623/2623
f 2620/2620/2620 2623/2623/2623 2621/2621/2621
f 2624/2624/2624 2625/2625/2625 2626/2626/2626
f 2624/2624/2624 2626/2626/2626 2627/2627/2627
f 2627/2627/2627 2626/2626/2626 2611/2611/2611
f 2627/2627/2627 2611/2611/2611 2610/2610/2610
f 2625/2625/2625 2628/2628/2628 2629/2629/2629
f 2625/2625/2625 2629/2629/2629 2626/2626/2626
f 2626/2626/2626 2629/2629/2629 2612/2612/2612
f 2626/2626/2626 2612/2612/2612 2611/2611/2611
f 2624/2624/2624 2627/2627/2627 2630/2630/2630
f 2624/2624/2624 2630/2630/2630 2631/2631/2631
f 2631/2631/2631 2630/2630/2630 2632/2632/2632
f 2631/2631/2631 2632/2632/2632 2633/2633/2633
f 2627/2627/2627 2610/2610/2610 2621/2621/2621
f 2627/2627/2627 2621/2621/2621 2630/2630/2630
f 2630/2630/2630 2621/2621/2621 2623/2623/2623
f 2630/2630/2630 2623/2623/2623 2632/2632/2632
f 2624/2624/2624 2631/2631/2631 2634/2634/2634
f 2624/2624/2624 2634/2634/2634 2635/2635/2635
f 2635/2635/2635 2634/2634/2634 2636/2636/2636
f 2635/2635/2635 2636/2636/2636 2637/2637/2637
f 2631/2631/2631 2633/2633/2633 2638/2638/2638
f 2631/2631/2631 2638/2638/2638 2634/2634/2634
f 2634/2634/2634 2638/2638/2638 2639/2639/2639
f 2634/2634/2634 2639/2639/2639 2636/2636/2636
f 2624/2624/2624 2635/2635/2635 2640/2640/2640
f 2624/2624/2624 2640/2640/2640 2625/2625/2625
f 2625/2625/2625 2640/2640/2640 2641/2641/2641
f 2625/2625/2625 2641/2641/2641 2628/2628/2628
f 2635/2635/2635 2637/2637/2637 2642/2642/2642
f 2635/2635/2635 2642/2642/2642 2640/2640/2640
f 2640/2640/2640 2642/2642/2642 2643/2643/2643
f 2640/2640/2640 2643/2643/2643 2641/2641/2641
f 2644/2644/2644 2645/2645/2645 2646/2646/2646
f 2644/2644/2644 2646/2646/2646 2647/2647/2647
f 2647/2647/2647 2646/2646/2646 2629/2629/2629
f 2647/2647/2647 2629/2629/2629 2628/2628/2628
f 2645/2645/2645 2648/2648/2648 2649/2649/2649
f 2645/2645/2645 2649/2649/2649 2646/2646/2646
f 2646/2646/2646 2649/2649/2649 2612/2612/2612
f 2646/2646/2646 2612/2612/2612 2629/2629/2629
f 2644/2644/2644 2647/2647/2647 2650/2650/2650
f 2644/2644/2644 2650/2650/2650 2651/2651/2651
f 2651/2651/2651 2650/2650/2650 2652/2652/2652
f 2651/2651/2651 2652/2652/2652 2653/2653/2653
f 2647/2647/2647 2628/2628/2628 2641/2641/2641
f 2647/2647/2647 2641/2641/2641 2650/2650/2650
f 2650/2650/2650 2641/2641/2641 2643/2643/2643
f 2650/2650/2650 2643/2643/2643 2652/2652/2652
f 2644/2644/2644 2651/2651/2651 2654/2654/2654
f 2644/2644/2644 2654/2654/2654 2655/2655/2655
f 2655/2655/2655 2654/2654/2654 2656/2656/2656
f 2655/2655/2655 2656/2656/2656 2657/2657/2657
f 2651/2651/2651 2653/2653/2653 2658/2658/2658
f 2651/2651/2651 2658/2658/2658 2654/2654/2654
f 2654/2654/2654 2658/2658/2658 2659/2659/2659
f 2654/2654/2654 2659/2659/2659 2656/2656/2656
f 2644/2644/2644 2655/2655/2655 2660/2660/2660
f 2644/2644/2644 2660/2660/2660 2645/2645/2645
f 2645/2645/2645 2660/2660/2660 2661/2661/2661
f 2645/2645/2645 2661/2661/2661 2648/2648/2648
f 2655/2655/2655 2657/2657/2657 2662/2662/2662
f 2655/2655/2655 2662/2662/2662 2660/2660/2660
f 2660/2660/2660 2662/2662/2662 2663/2663/2663
f 2660/2660/2660 2663/2663/2663 2661/2661/2661
f 2664/2664/2664 2665/2665/2665 2666/2666/2666
f 2664/2664/2664 2666/2666/2666 2667/2667/2667
f 2667/2667/2667 2666/2666/2666 2649/2649/2649
f 2667/2667/2667 2649/2649/2649 2648/2648/2648
f 2665/2665/2665 2609/2609/2609 2608/2608/2608
f 2665/2665/2665 2608/2608/2608 2666/2666/2666
f 2666/2666/2666 2608/2608/2608 2612/2612/2612
f 2666/2666/2666 2612/2612/2612 2649/2649/2649
f 2664/2664/2664 2667/2667/2667 2668/2668/2668
f 2664/2664/2664 2668/2668/2668 2669/2669/2669
f 2669/2669/2669 2668/2668/2668 2670/2670/2670
f 2669/2669/2669 2670/2670/2670 2671/2671/2671
f 2667/2667/2667 2648/2648/2648 2661/2661/2661
f 2667/2667/2667 2661/2661/2661 2668/2668/2668
f 2668/2668/2668 2661/2661/2661 2663/2663/2663
f 2668/2668/2668 2663/2663/2663 2670/2670/2670
f 2664/2664/2664 2669/2669/2669 2672/2672/2672
f 2664/2664/2664 2672/2672/2672 2673/2673/2673
f 2673/2673/2673 2672/2672/2672 2586/2586/2586
f 2673/2673/2673 2586/2586/2586 2581/2581/2581
f 2669/2669/2669 2671/2671/2671 2674/2674/2674
f 2669/2669/2669 2674/2674/2674 2672/2672/2672
f 2672/2672/2672 2674/2674/2674 2587/2587/2587
f 2672/2672/2672 2587/2587/2587 2586/2586/2586
f 2664/2664/2664 2673/2673/2673 2675/2675/2675
f 2664/2664/2664 2675/2675/2675 2665/2665/2665
f 2665/2665/2665 2675/2675/2675 2615/2615/2615
f 2665/2665/2665 2615/2615/2615 2609/2609/2609
f 2673/2673/2673 2581/2581/2581 2580/2580/2580
f 2673/2673/2673 2580/2580/2580 2675/2675/2675
f 2675/2675/2675 2580/2580/2580 2571/2571/2571
f 2675/2675/2675 2571/2571/2571 2615/2615/2615
f 2676/2676/2676 2677/2677/2677 2678/2678/2678
f 2676/2676/2676 2678/2678/2678 2679/2679/2679
f 2679/2679/2679 2678/2678/2678 2680/2680/2680
f 2679/2679/2679 2680/2680/2680 2681/2681/2681
f 2677/2677/2677 2682/2682/2682 2683/2683/2683
f 2677/2677/2677 2683/2683/2683 2678/2678/2678
f 2678/2678/2678 2683/2683/2683 2684/2684/2684
f 2678/2678/2678 2684/2684/2684 2680/2680/2680
f 2676/2676/2676 2679/2679/2679 2685/2685/2685
f 2676/2676/2676 2685/2685/2685 2686/2686/2686
f 2686/2686/2686 2685/2685/2685 2687/2687/2687
f 2686/2686/2686 2687/2687/2687 2688/2688/2688
f 2679/2679/2679 2681/2681/2681 2689/2689/2689
f 2679/2679/2679 2689/2689/2689 2685/2685/2685
f 2685/2685/2685 2689/2689/2689 2690/2690/2690
f 2685/2685/2685 2690/2690/2690 2687/2687/2687
f 2676/2676/2676 2686/2686/2686 2691/2691/2691
f 2676/2676/2676 2691/2691/2691 2692/2692/2692
f 2692/2692/2692 2691/2691/2691 2027/2027/2027
f 2692/2692/2692 2027/2027/2027 2024/2024/2024
f 2686/2686/2686 2688/2688/2688 2693/2693/2693
f 2686/2686/2686 2693/2693/2693 2691/2691/2691
f 2691/2691/2691 2693/2693/2693 310/310/310
f 2691/2691/2691 310/310/310 2027/2027/2027
f 2676/2676/2676 2692/2692/2692 2694/2694/2694
f 2676/2676/2676 2694/2694/2694 2677/2677/2677
f 2677/2677/2677 2694/2694/2694 2695/2695/2695
f 2677/2677/2677 2695/2695/2695 2682/2682/2682
f 2692/2692/2692 2024/2024/2024 2023/2023/2023
f 2692/2692/2692 2023/2023/2023 2694/2694/2694
f 2694/2694/2694 2023/2023/2023 2014/2014/2014
f 2694/2694/2694 2014/2014/2014 2695/2695/2695
f 2696/2696/2696 2697/2697/2697 2698/2698/2698
f 2696/2696/2696 2698/2698/2698 2699/2699/2699
f 2699/2699/2699 2698/2698/2698 2683/2683/2683
f 2699/2699/2699 2683/2683/2683 2682/2682/2682
f 2697/2697/2697 2700/2700/2700 2701/2701/2701
f 2697/2697/2697 2701/2701/2701 2698/2698/2698
f 2698/2698/2698 2701/2701/2701 2684/2684/2684
f 2698/2698/2698 2684/2684/2684 2683/2683/2683
f 2696/2696/2696 2699/2699/2699 2702/2702/2702
f 2696/2696/2696 2702/2702/2702 2703/2703/2703
f 2703/2703/2703 2702/2702/2702 2013/2013/2013
f 2703/2703/2703 2013/2013/2013 2010/2010/2010
f 2699/2699/2699 2682/2682/2682 2695/2695/2695
f 2699/2699/2699 2695/2695/2695 2702/2702/2702
f 2702/2702/2702 2695/2695/2695 2014/2014/2014
f 2702/2702/2702 2014/2014/2014 2013/2013/2013
f 2696/2696/2696 2703/2703/2703 2704/2704/2704
f 2696/2696/2696 2704/2704/2704 2705/2705/2705
f 2705/2705/2705 2704/2704/2704 2706/2706/2706
f 2705/2705/2705 2706/2706/2706 2707/2707/2707
f 2703/2703/2703 2010/2010/2010 2009/2009/2009
f 2703/2703/2703 2009/2009/2009 2704/2704/2704
f 2704/2704/2704 2009/2009/2009 1966/1966/1966
f 2704/2704/2704 1966/1966/1966 2706/2706/2706
f 2696/2696/2696 2705/2705/2705 2708/2708/2708
f 2696/2696/2696 2708/2708/2708 2697/2697/2697
f 2697/2697/2697 2708/2708/2708 2709/2709/2709
f 2697/2697/2697 2709/2709/2709 2700/2700/2700
f 2705/2705/2705 2707/2707/2707 2710/2710/2710
f 2705/2705/2705 2710/2710/2710 2708/2708/2708
f 2708/2708/2708 2710/2710/2710 2711/2711/2711
f 2708/2708/2708 2711/2711/2711 2709/2709/2709
f 2712/2712/2712 2713/2713/2713 2714/2714/2714
f 2712/2712/2712 2714/2714/2714 2715/2715/2715
f 2715/2715/2715 2714/2714/2714 2701/2701/2701
f 2715/2715/2715 2701/2701/2701 2700/2700/2700
f 2713/2713/2713 2716/2716/2716 2717/2717/2717
f 2713/2713/2713 2717/2717/2717 2714/2714/2714
f 2714/2714/2714 2717/2717/2717 2684/2684/2684
f 2714/2714/2714 2684/2684/2684 2701/2701/2701
f 2712/2712/2712 2715/2715/2715 2718/2718/2718
f 2712/2712/2712 2718/2718/2718 2719/2719/2719
f 2719/2719/2719 2718/2718/2718 2720/2720/2720
f 2719/2719/2719 2720/2720/2720 2721/2721/2721
f 2715/2715/2715 2700/2700/2700 2709/2709/2709
f 2715/2715/2715 2709/2709/2709 2718/2718/2718
f 2718/2718/2718 2709/2709/2709 2711/2711/2711
f 2718/2718/2718 2711/2711/2711 2720/2720/2720
f 2712/2712/2712 2719/2719/2719 2722/2722/2722
f 2712/2712/2712 2722/2722/2722 2723/2723/2723
f 2723/2723/2723 2722/2722/2722 2490/2490/2490
f 2723/2723/2723 2490/2490/2490 2485/2485/2485
f 2719/2719/2719 2721/2721/2721 2724/2724/2724
f 2719/2719/2719 2724/2724/2724 2722/2722/2722
f 2722/2722/2722 2724/2724/2724 2491/2491/2491
f 2722/2722/2722 2491/2491/2491 2490/2490/2490
f 2712/2712/2712 2723/2723/2723 2725/2725/2725
f 2712/2712/2712 2725/2725/2725 2713/2713/2713
f 2713/2713/2713 2725/2725/2725 2726/2726/2726
f 2713/2713/2713 2726/2726/2726 2716/2716/2716
f 2723/2723/2723 2485/2485/2485 2484/2484/2484
f 2723/2723/2723 2484/2484/2484 2725/2725/2725
f 2725/2725/2725 2484/2484/2484 2475/2475/2475
f 2725/2725/2725 2475/2475/2475 2726/2726/2726
f 2727/2727/2727 2728/2728/2728 2729/2729/2729
f 2727/2727/2727 2729/2729/2729 2730/2730/2730
f 2730/2730/2730 2729/2729/2729 2717/2717/2717
f 2730/2730/2730 2717/2717/2717 2716/2716/2716
f 2728/2728/2728 2681/2681/2681 2680/2680/2680
f 2728/2728/2728 2680/2680/2680 2729/2729/2729
f 2729/2729/2729 2680/2680/2680 2684/2684/2684
f 2729/2729/2729 2684/2684/2684 2717/2717/2717
f 2727/2727/2727 2730/2730/2730 2731/2731/2731
f 2727/2727/2727 2731/2731/2731 2732/2732/2732
f 2732/2732/2732 2731/2731/2731 2474/2474/2474
f 2732/2732/2732 2474/2474/2474 2469/2469/2469
f 2730/2730/2730 2716/2716/2716 2726/2726/2726
f 2730/2730/2730 2726/2726/2726 2731/2731/2731
f 2731/2731/2731 2726/2726/2726 2475/2475/2475
f 2731/2731/2731 2475/2475/2475 2474/2474/2474
f 2727/2727/2727 2732/2732/2732 2733/2733/2733
f 2727/2727/2727 2733/2733/2733 2734/2734/2734
f 2734/2734/2734 2733/2733/2733 2735/2735/2735
f 2734/2734/2734 2735/2735/2735 2736/2736/2736
f 2732/2732/2732 2469/2469/2469 2468/2468/2468
f 2732/2732/2732 2468/2468/2468 2733/2733/2733
f 2733/2733/2733 2468/2468/2468 2471/2471/2471
f 2733/2733/2733 2471/2471/2471 2735/2735/2735
f 2727/2727/2727 2734/2734/2734 2737/2737/2737
f 2727/2727/2727 2737/2737/2737 2728/2728/2728
f 2728/2728/2728 2737/2737/2737 2689/2689/2689
f 2728/2728/2728 2689/2689/2689 2681/2681/2681
f 2734/2734/2734 2736/2736/2736 2738/2738/2738
f 2734/2734/2734 2738/2738/2738 2737/2737/2737
f 2737/2737/2737 2738/2738/2738 2690/2690/2690
f 2737/2737/2737 2690/2690/2690 2689/2689/2689
f 2739/2739/2739 2740/2740/2740 2741/2741/2741
f 2739/2739/2739 2741/2741/2741 2742/2742/2742
f 2742/2742/2742 2741/2741/2741 2743/2743/2743
f 2742/2742/2742 2743/2743/2743 2744/2744/2744
f 2740/2740/2740 2745/2745/2745 2746/2746/2746
f 2740/2740/2740 2746/2746/2746 2741/2741/2741
f 2741/2741/2741 2746/2746/2746 2747/2747/2747
f 2741/2741/2741 2747/2747/2747 2743/2743/2743
f 2739/2739/2739 2742/2742/2742 2748/2748/2748
f 2739/2739/2739 2748/2748/2748 2749/2749/2749
f 2749/2749/2749 2748/2748/2748 2710/2710/2710
f 2749/2749/2749 2710/2710/2710 2707/2707/2707
f 2742/2742/2742 2744/2744/2744 2750/2750/2750
f 2742/2742/2742 2750/2750/2750 2748/2748/2748
f 2748/2748/2748 2750/2750/2750 2711/2711/2711
f 2748/2748/2748 2711/2711/2711 2710/2710/2710
f 2739/2739/2739 2749/2749/2749 2751/2751/2751
f 2739/2739/2739 2751/2751/2751 2752/2752/2752
f 2752/2752/2752 2751/2751/2751 1965/1965/1965
f 2752/2752/2752 1965/1965/1965 1960/1960/1960
f 2749/2749/2749 2707/2707/2707 2706/2706/2706
f 2749/2749/2749 2706/2706/2706 2751/2751/2751
f 2751/2751/2751 2706/2706/2706 1966/1966/1966
f 2751/2751/2751 1966/1966/1966 1965/1965/1965
f 2739/2739/2739 2752/2752/2752 2753/2753/2753
f 2739/2739/2739 2753/2753/2753 2740/2740/2740
f 2740/2740/2740 2753/2753/2753 2754/2754/2754
f 2740/2740/2740 2754/2754/2754 2745/2745/2745
f 2752/2752/2752 1960/1960/1960 1959/1959/1959
f 2752/2752/2752 1959/1959/1959 2753/2753/2753
f 2753/2753/2753 1959/1959/1959 1950/1950/1950
f 2753/2753/2753 1950/1950/1950 2754/2754/2754
f 2755/2755/2755 2756/2756/2756 2757/2757/2757
f 2755/2755/2755 2757/2757/2757 2758/2758/2758
f 2758/2758/2758 2757/2757/2757 2746/2746/2746
f 2758/2758/2758 2746/2746/2746 2745/2745/2745
f 2756/2756/2756 2759/2759/2759 2760/2760/2760
f 2756/2756/2756 2760/2760/2760 2757/2757/2757
f 2757/2757/2757 2760/2760/2760 2747/2747/2747
f 2757/2757/2757 2747/2747/2747 2746/2746/2746
f 2755/2755/2755 2758/2758/2758 2761/2761/2761
f 2755/2755/2755 2761/2761/2761 2762/2762/2762
f 2762/2762/2762 2761/2761/2761 1949/1949/1949
f 2762/2762/2762 1949/1949/1949 1946/1946/1946
f 2758/2758/2758 2745/2745/2745 2754/2754/2754
f 2758/2758/2758 2754/2754/2754 2761/2761/2761
f 2761/2761/2761 2754/2754/2754 1950/1950/1950
f 2761/2761/2761 1950/1950/1950 1949/1949/1949
f 2755/2755/2755 2762/2762/2762 2763/2763/2763
f 2755/2755/2755 2763/2763/2763 2764/2764/2764
f 2764/2764/2764 2763/2763/2763 2765/2765/2765
f 2764/2764/2764 2765/2765/2765 2766/2766/2766
f 2762/2762/2762 1946/1946/1946 1945/1945/1945
f 2762/2762/2762 1945/1945/1945 2763/2763/2763
f 2763/2763/2763 1945/1945/1945 1902/1902/1902
f 2763/2763/2763 1902/1902/1902 2765/2765/2765
f 2755/2755/2755 2764/2764/2764 2767/2767/2767
f 2755/2755/2755 2767/2767/2767 2756/2756/2756
f 2756/2756/2756 2767/2767/2767 2768/2768/2768
f 2756/2756/2756 2768/2768/2768 2759/2759/2759
f 2764/2764/2764 2766/2766/2766 2769/2769/2769
f 2764/2764/2764 2769/2769/2769 2767/2767/2767
f 2767/2767/2767 2769/2769/2769 2770/2770/2770
f 2767/2767/2767 2770/2770/2770 2768/2768/2768
f 2771/2771/2771 2772/2772/2772 2773/2773/2773
f 2771/2771/2771 2773/2773/2773 2774/2774/2774
f 2774/2774/2774 2773/2773/2773 2760/2760/2760
f 2774/2774/2774 2760/2760/2760 2759/2759/2759
f 2772/2772/2772 2775/2775/2775 2776/2776/2776
f 2772/2772/2772 2776/2776/2776 2773/2773/2773
f 2773/2773/2773 2776/2776/2776 2747/2747/2747
f 2773/2773/2773 2747/2747/2747 2760/2760/2760
f 2771/2771/2771 2774/2774/2774 2777/2777/2777
f 2771/2771/2771 2777/2777/2777 2778/2778/2778
f 2778/2778/2778 2777/2777/2777 2779/2779/2779
f 2778/2778/2778 2779/2779/2779 2780/2780/2780
f 2774/2774/2774 2759/2759/2759 2768/2768/2768
f 2774/2774/2774 2768/2768/2768 2777/2777/2777
f 2777/2777/2777 2768/2768/2768 2770/2770/2770
f 2777/2777/2777 2770/2770/2770 2779/2779/2779
f 2771/2771/2771 2778/2778/2778 2781/2781/2781
f 2771/2771/2771 2781/2781/2781 2782/2782/2782
f 2782/2782/2782 2781/2781/2781 2566/2566/2566
f 2782/2782/2782 2566/2566/2566 2561/2561/2561
f 2778/2778/2778 2780/2780/2780 2783/2783/2783
f 2778/2778/2778 2783/2783/2783 2781/2781/2781
f 2781/2781/2781 2783/2783/2783 2567/2567/2567
f 2781/2781/2781 2567/2567/2567 2566/2566/2566
f 2771/2771/2771 2782/2782/2782 2784/2784/2784
f 2771/2771/2771 2784/2784/2784 2772/2772/2772
f 2772/2772/2772 2784/2784/2784 2785/2785/2785
f 2772/2772/2772 2785/2785/2785 2775/2775/2775
f 2782/2782/2782 2561/2561/2561 2560/2560/2560
f 2782/2782/2782 2560/2560/2560 2784/2784/2784
f 2784/2784/2784 2560/2560/2560 2551/2551/2551
f 2784/2784/2784 2551/2551/2551 2785/2785/2785
f 2786/2786/2786 2787/2787/2787 2788/2788/2788
f 2786/2786/2786 2788/2788/2788 2789/2789/2789
f 2789/2789/2789 2788/2788/2788 2776/2776/2776
f 2789/2789/2789 2776/2776/2776 2775/2775/2775
f 2787/2787/2787 2744/2744/2744 2743/2743/2743
f 2787/2787/2787 2743/2743/2743 2788/2788/2788
f 2788/2788/2788 2743/2743/2743 2747/2747/2747
f 2788/2788/2788 2747/2747/2747 2776/2776/2776
f 2786/2786/2786 2789/2789/2789 2790/2790/2790
f 2786/2786/2786 2790/2790/2790 2791/2791/2791
f 2791/2791/2791 2790/2790/2790 2550/2550/2550
f 2791/2791/2791 2550/2550/2550 2547/2547/2547
f 2789/2789/2789 2775/2775/2775 2785/2785/2785
f 2789/2789/2789 2785/2785/2785 2790/2790/2790
f 2790/2790/2790 2785/2785/2785 2551/2551/2551
f 2790/2790/2790 2551/2551/2551 2550/2550/2550
f 2786/2786/2786 2791/2791/2791 2792/2792/2792
f 2786/2786/2786 2792/2792/2792 2793/2793/2793
f 2793/2793/2793 2792/2792/2792 2724/2724/2724
f 2793/2793/2793 2724/2724/2724 2721/2721/2721
f 2791/2791/2791 2547/2547/2547 2546/2546/2546
f 2791/2791/2791 2546/2546/2546 2792/2792/2792
f 2792/2792/2792 2546/2546/2546 2491/2491/2491
f 2792/2792/2792 2491/2491/2491 2724/2724/2724
f 2786/2786/2786 2793/2793/2793 2794/2794/2794
f 2786/2786/2786 2794/2794/2794 2787/2787/2787
f 2787/2787/2787 2794/2794/2794 2750/2750/2750
f 2787/2787/2787 2750/2750/2750 2744/2744/2744
f 2793/2793/2793 2721/2721/2721 2720/2720/2720
f 2793/2793/2793 2720/2720/2720 2794/2794/2794
f 2794/2794/2794 2720/2720/2720 2711/2711/2711
f 2794/2794/2794 2711/2711/2711 2750/2750/2750
f 2795/2795/2795 2796/2796/2796 2797/2797/2797
f 2795/2795/2795 2797/2797/2797 2798/2798/2798
f 2798/2798/2798 2797/2797/2797 2799/2799/2799
f 2798/2798/2798 2799/2799/2799 2800/2800/2800
f 2796/2796/2796 2801/2801/2801 2802/2802/2802
f 2796/2796/2796 2802/2802/2802 2797/2797/2797
f 2797/2797/2797 2802/2802/2802 2803/2803/2803
f 2797/2797/2797 2803/2803/2803 2799/2799/2799
f 2795/2795/2795 2798/2798/2798 2804/2804/2804
f 2795/2795/2795 2804/2804/2804 2805/2805/2805
f 2805/2805/2805 2804/2804/2804 2769/2769/2769
f 2805/2805/2805 2769/2769/2769 2766/2766/2766
f 2798/2798/2798 2800/2800/2800 2806/2806/2806
f 2798/2798/2798 2806/2806/2806 2804/2804/2804
f 2804/2804/2804 2806/2806/2806 2770/2770/2770
f 2804/2804/2804 2770/2770/2770 2769/2769/2769
f 2795/2795/2795 2805/2805/2805 2807/2807/2807
f 2795/2795/2795 2807/2807/2807 2808/2808/2808
f 2808/2808/2808 2807/2807/2807 1901/1901/1901
f 2808/2808/2808 1901/1901/1901 1896/1896/1896
f 2805/2805/2805 2766/2766/2766 2765/2765/2765
f 2805/2805/2805 2765/2765/2765 2807/2807/2807
f 2807/2807/2807 2765/2765/2765 1902/1902/1902
f 2807/2807/2807 1902/1902/1902 1901/1901/1901
f 2795/2795/2795 2808/2808/2808 2809/2809/2809
f 2795/2795/2795 2809/2809/2809 2796/2796/2796
f 2796/2796/2796 2809/2809/2809 2810/2810/2810
f 2796/2796/2796 2810/2810/2810 2801/2801/2801
f 2808/2808/2808 1896/1896/1896 1895/1895/1895
f 2808/2808/2808 1895/1895/1895 2809/2809/2809
f 2809/2809/2809 1895/1895/1895 1886/1886/1886
f 2809/2809/2809 1886/1886/1886 2810/2810/2810
f 2811/2811/2811 2812/2812/2812 2813/2813/2813
f 2811/2811/2811 2813/2813/2813 2814/2814/2814
f 2814/2814/2814 2813/2813/2813 2802/2802/2802
f 2814/2814/2814 2802/2802/2802 2801/2801/2801
f 2812/2812/2812 2815/2815/2815 2816/2816/2816
f 2812/2812/2812 2816/2816/2816 2813/2813/2813
f 2813/2813/2813 2816/2816/2816 2803/2803/2803
f 2813/2813/2813 2803/2803/2803 2802/2802/2802
f 2811/2811/2811 2814/2814/2814 2817/2817/2817
f 2811/2811/2811 2817/2817/2817 2818/2818/2818
f 2818/2818/2818 2817/2817/2817 1885/1885/1885
f 2818/2818/2818 1885/1885/1885 1882/1882/1882
f 2814/2814/2814 2801/2801/2801 2810/2810/2810
f 2814/2814/2814 2810/2810/2810 2817/2817/2817
f 2817/2817/2817 2810/2810/2810 1886/1886/1886
f 2817/2817/2817 1886/1886/1886 1885/1885/1885
f 2811/2811/2811 2818/2818/2818 2819/2819/2819
f 2811/2811/2811 2819/2819/2819 2820/2820/2820
f 2820/2820/2820 2819/2819/2819 2821/2821/2821
f 2820/2820/2820 2821/2821/2821 2822/2822/2822
f 2818/2818/2818 1882/1882/1882 1881/1881/1881
f 2818/2818/2818 1881/1881/1881 2819/2819/2819
f 2819/2819/2819 1881/1881/1881 822/822/822
f 2819/2819/2819 822/822/822 2821/2821/2821
f 2811/2811/2811 2820/2820/2820 2823/2823/2823
f 2811/2811/2811 2823/2823/2823 2812/2812/2812
f 2812/2812/2812 2823/2823/2823 2824/2824/2824
f 2812/2812/2812 2824/2824/2824 2815/2815/2815
f 2820/2820/2820 2822/2822/2822 2825/2825/2825
f 2820/2820/2820 2825/2825/2825 2823/2823/2823
f 2823/2823/2823 2825/2825/2825 2826/2826/2826
f 2823/2823/2823 2826/2826/2826 2824/2824/2824
f 2827/2827/2827 2828/2828/2828 2829/2829/2829
f 2827/2827/2827 2829/2829/2829 2830/2830/2830
f 2830/2830/2830 2829/2829/2829 2816/2816/2816
f 2830/2830/2830 2816/2816/2816 2815/2815/2815
f 2828/2828/2828 2831/2831/2831 2832/2832/2832
f 2828/2828/2828 2832/2832/2832 2829/2829/2829
f 2829/2829/2829 2832/2832/2832 2803/2803/2803
f 2829/2829/2829 2803/2803/2803 2816/2816/2816
f 2827/2827/2827 2830/2830/2830 2833/2833/2833
f 2827/2827/2827 2833/2833/2833 2834/2834/2834
f 2834/2834/2834 2833/2833/2833 2835/2835/2835
f 2834/2834/2834 2835/2835/2835 2836/2836/2836
f 2830/2830/2830 2815/2815/2815 2824/2824/2824
f 2830/2830/2830 2824/2824/2824 2833/2833/2833
f 2833/2833/2833 2824/2824/2824 2826/2826/2826
f 2833/2833/2833 2826/2826/2826 2835/2835/2835
f 2827/2827/2827 2834/2834/2834 2837/2837/2837
f 2827/2827/2827 2837/2837/2837 2838/2838/2838
f 2838/2838/2838 2837/2837/2837 2638/2638/2638
f 2838/2838/2838 2638/2638/2638 2633/2633/2633
f 2834/2834/2834 2836/2836/2836 2839/2839/2839
f 2834/2834/2834 2839/2839/2839 2837/2837/2837
f 2837/2837/2837 2839/2839/2839 2639/2639/2639
f 2837/2837/2837 2639/2639/2639 2638/2638/2638
f 2827/2827/2827 2838/2838/2838 2840/2840/2840
f 2827/2827/2827 2840/2840/2840 2828/2828/2828
f 2828/2828/2828 2840/2840/2840 2841/2841/2841
f 2828/2828/2828 2841/2841/2841 2831/2831/2831
f 2838/2838/2838 2633/2633/2633 2632/2632/2632
f 2838/2838/2838 2632/2632/2632 2840/2840/2840
f 2840/2840/2840 2632/2632/2632 2623/2623/2623
f 2840/2840/2840 2623/2623/2623 2841/2841/2841
f 2842/2842/2842 2843/2843/2843 2844/2844/2844
f 2842/2842/2842 2844/2844/2844 2845/2845/2845
f 2845/2845/2845 2844/2844/2844 2832/2832/2832
f 2845/2845/2845 2832/2832/2832 2831/2831/2831
f 2843/2843/2843 2800/2800/2800 2799/2799/2799
f 2843/2843/2843 2799/2799/2799 2844/2844/2844
f 2844/2844/2844 2799/2799/2799 2803/2803/2803
f 2844/2844/2844 2803/2803/2803 2832/2832/2832
f 2842/2842/2842 2845/2845/2845 2846/2846/2846
f 2842/2842/2842 2846/2846/2846 2847/2847/2847
f 2847/2847/2847 2846/2846/2846 2622/2622/2622
f 2847/2847/2847 2622/2622/2622 2619/2619/2619
f 2845/2845/2845 2831/2831/2831 2841/2841/2841
f 2845/2845/2845 2841/2841/2841 2846/2846/2846
f 2846/2846/2846 2841/2841/2841 2623/2623/2623
f 2846/2846/2846 2623/2623/2623 2622/2622/2622
f 2842/2842/2842 2847/2847/2847 2848/2848/2848
f 2842/2842/2842 2848/2848/2848 2849/2849/2849
f 2849/2849/2849 2848/2848/2848 2783/2783/2783
f 2849/2849/2849 2783/2783/2783 2780/2780/2780
f 2847/2847/2847 2619/2619/2619 2618/2618/2618
f 2847/2847/2847 2618/2618/2618 2848/2848/2848
f 2848/2848/2848 2618/2618/2618 2567/2567/2567
f 2848/2848/2848 2567/2567/2567 2783/2783/2783
f 2842/2842/2842 2849/2849/2849 2850/2850/2850
f 2842/2842/2842 2850/2850/2850 2843/2843/2843
f 2843/2843/2843 2850/2850/2850 2806/2806/2806
f 2843/2843/2843 2806/2806/2806 2800/2800/2800
f 2849/2849/2849 2780/2780/2780 2779/2779/2779
f 2849/2849/2849 2779/2779/2779 2850/2850/2850
f 2850/2850/2850 2779/2779/2779 2770/2770/2770
f 2850/2850/2850 2770/2770/2770 2806/2806/2806
