v 1.720929 0.000261 1.397013
v 1.720956 0.000261 1.376627
v 1.699353 0.000261 1.376652
v 1.699239 0.000261 1.397112
v 1.675197 0.000261 1.376704
v 1.675013 0.000261 1.397228
v 1.720814 0.000261 1.358036
v 1.699332 0.000261 1.357956
v 1.675273 0.000261 1.357918
v 1.698997 0.000261 1.419511
v 1.720745 0.000261 1.419363
v 1.698636 0.000261 1.444025
v 1.720419 0.000261 1.443848
v 1.674725 0.000261 1.419671
v 1.674336 0.000261 1.444213
v 1.740336 0.000261 1.419224
v 1.740450 0.000261 1.396929
v 1.758139 0.000261 1.419087
v 1.758172 0.000261 1.396856
v 1.740054 0.000261 1.443675
v 1.757908 0.000261 1.443500
v 1.740375 0.000261 1.376628
v 1.740091 0.000261 1.358157
v 1.757979 0.000261 1.376652
v 1.757533 0.000261 1.358318
v 1.789677 0.000261 1.396735
v 1.789210 0.000261 1.376761
v 1.774137 0.000261 1.376698
v 1.774461 0.000261 1.396792
v 1.788395 0.000261 1.358741
v 1.773513 0.000261 1.358515
v 1.774520 0.000261 1.418948
v 1.789837 0.000261 1.418809
v 1.774348 0.000261 1.443317
v 1.789728 0.000261 1.443129
v 1.804442 0.000261 1.418669
v 1.804177 0.000261 1.396682
v 1.818693 0.000261 1.418528
v 1.818319 0.000261 1.396632
v 1.804402 0.000261 1.442937
v 1.818723 0.000261 1.442742
v 1.803560 0.000261 1.376835
v 1.802546 0.000261 1.358986
v 1.817548 0.000261 1.376915
v 1.816331 0.000261 1.359240
v 1.719404 0.000261 1.499906
v 1.719965 0.000261 1.470636
v 1.698162 0.000261 1.470830
v 1.697595 0.000261 1.500108
v 1.673848 0.000261 1.471035
v 1.673280 0.000261 1.500320
v 1.696954 0.000261 1.532038
v 1.718758 0.000261 1.531837
v 1.696255 0.000261 1.566804
v 1.718049 0.000261 1.566609
v 1.672646 0.000261 1.532251
v 1.671966 0.000261 1.567012
v 1.738425 0.000261 1.531644
v 1.739072 0.000261 1.499709
v 1.756316 0.000261 1.531452
v 1.756964 0.000261 1.499512
v 1.737709 0.000261 1.566423
v 1.755594 0.000261 1.566243
v 1.739624 0.000261 1.470445
v 1.757505 0.000261 1.470251
v 1.788873 0.000261 1.499099
v 1.789392 0.000261 1.469840
v 1.773977 0.000261 1.470049
v 1.773447 0.000261 1.499308
v 1.772798 0.000261 1.531259
v 1.788221 0.000261 1.531063
v 1.772068 0.000261 1.566065
v 1.787482 0.000261 1.565887
v 1.802939 0.000261 1.530866
v 1.803595 0.000261 1.498888
v 1.817305 0.000261 1.530669
v 1.817965 0.000261 1.498674
v 1.802189 0.000261 1.565711
v 1.816543 0.000261 1.565534
v 1.804101 0.000261 1.469627
v 1.818459 0.000261 1.469412
v 1.719997 0.000261 1.325529
v 1.698874 0.000261 1.325129
v 1.699166 0.000261 1.340847
v 1.720487 0.000261 1.341071
v 1.675107 0.000261 1.324824
v 1.675239 0.000261 1.340689
v 1.739576 0.000261 1.341355
v 1.738853 0.000261 1.326018
v 1.756808 0.000261 1.341697
v 1.755820 0.000261 1.326590
v 1.737945 0.000261 1.311942
v 1.719365 0.000261 1.311210
v 1.736872 0.000261 1.298924
v 1.718612 0.000261 1.297911
v 1.754590 0.000261 1.312795
v 1.753134 0.000261 1.300111
v 1.698473 0.000261 1.310604
v 1.674890 0.000261 1.310130
v 1.697980 0.000261 1.297074
v 1.674601 0.000261 1.296415
v 1.716831 0.000261 1.273567
v 1.696786 0.000261 1.272209
v 1.697411 0.000261 1.284342
v 1.717759 0.000261 1.285432
v 1.673857 0.000261 1.271142
v 1.674252 0.000261 1.283484
v 1.735659 0.000261 1.286762
v 1.734339 0.000261 1.275240
v 1.751473 0.000261 1.288339
v 1.749656 0.000261 1.277249
v 1.732948 0.000261 1.264146
v 1.715853 0.000261 1.262113
v 1.731522 0.000261 1.253266
v 1.714850 0.000261 1.250863
v 1.747737 0.000261 1.266615
v 1.745766 0.000261 1.256209
v 1.696124 0.000261 1.260475
v 1.673433 0.000261 1.259193
v 1.695442 0.000261 1.248940
v 1.672993 0.000261 1.247440
v 1.785599 0.000261 1.327947
v 1.771276 0.000261 1.327239
v 1.772557 0.000261 1.342093
v 1.787194 0.000261 1.342529
v 1.801090 0.000261 1.342993
v 1.799165 0.000261 1.328694
v 1.814616 0.000261 1.343470
v 1.812354 0.000261 1.329460
v 1.796743 0.000261 1.315928
v 1.783600 0.000261 1.314816
v 1.793798 0.000261 1.304533
v 1.781191 0.000261 1.302959
v 1.809498 0.000261 1.317068
v 1.805999 0.000261 1.306150
v 1.769679 0.000261 1.313762
v 1.767772 0.000261 1.301471
v 1.775193 0.000261 1.282278
v 1.763130 0.000261 1.279617
v 1.765564 0.000261 1.290171
v 1.778363 0.000261 1.292196
v 1.790301 0.000261 1.294348
v 1.786275 0.000261 1.285168
v 1.801808 0.000261 1.296564
v 1.796868 0.000261 1.288172
v 1.781742 0.000261 1.276790
v 1.771755 0.000261 1.272957
v 1.776955 0.000261 1.268813
v 1.768183 0.000261 1.263935
v 1.791119 0.000261 1.280840
v 1.784501 0.000261 1.274432
v 1.760546 0.000261 1.269559
v 1.757887 0.000261 1.259749
v 1.618173 0.000261 1.324467
v 1.618103 0.000261 1.340533
v 1.648331 0.000261 1.340600
v 1.648318 0.000261 1.324620
v 1.617974 0.000261 1.357932
v 1.648267 0.000261 1.357925
v 1.648239 0.000261 1.309795
v 1.618189 0.000261 1.309544
v 1.648103 0.000261 1.295935
v 1.618160 0.000261 1.295577
v 1.584410 0.000261 1.309324
v 1.584335 0.000261 1.324317
v 1.546572 0.000261 1.309082
v 1.546472 0.000261 1.324121
v 1.584449 0.000261 1.295280
v 1.546644 0.000261 1.294986
v 1.584219 0.000261 1.340445
v 1.584054 0.000261 1.357897
v 1.546338 0.000261 1.340290
v 1.546167 0.000261 1.357776
v 1.457314 0.000312 1.323409
v 1.457221 0.000321 1.339613
v 1.504125 0.000261 1.340023
v 1.504247 0.000261 1.323830
v 1.457105 0.000329 1.357123
v 1.503973 0.000261 1.357526
v 1.504345 0.000261 1.308764
v 1.457392 0.000304 1.308327
v 1.504423 0.000261 1.294636
v 1.457456 0.000296 1.294184
v 1.405375 0.000432 1.307733
v 1.405327 0.000466 1.322820
v 1.347957 0.000688 1.306937
v 1.347937 0.000773 1.322027
v 1.405416 0.000399 1.293583
v 1.347975 0.000607 1.292787
v 1.405268 0.000501 1.339029
v 1.405193 0.000535 1.356543
v 1.347909 0.000860 1.338241
v 1.347869 0.000945 1.355762
v 1.617996 0.000261 1.269749
v 1.618093 0.000261 1.282375
v 1.647918 0.000261 1.282850
v 1.647697 0.000261 1.270346
v 1.647453 0.000261 1.258229
v 1.617881 0.000261 1.257506
v 1.647197 0.000261 1.246306
v 1.617756 0.000261 1.245455
v 1.584414 0.000261 1.256949
v 1.584443 0.000261 1.269282
v 1.546747 0.000261 1.256482
v 1.546726 0.000261 1.268875
v 1.584377 0.000261 1.244806
v 1.546763 0.000261 1.244277
v 1.584457 0.000261 1.281996
v 1.546694 0.000261 1.281647
v 1.457561 0.000282 1.267973
v 1.457511 0.000288 1.280796
v 1.504485 0.000261 1.281264
v 1.504536 0.000261 1.268458
v 1.504579 0.000261 1.256029
v 1.457606 0.000275 1.255527
v 1.504618 0.000261 1.243789
v 1.457649 0.000269 1.243270
v 1.405527 0.000319 1.254911
v 1.405491 0.000344 1.267361
v 1.348039 0.000406 1.254117
v 1.348017 0.000468 1.266566
v 1.405562 0.000295 1.242649
v 1.348063 0.000346 1.241856
v 1.405454 0.000370 1.280189
v 1.347995 0.000535 1.279393
v 1.617510 0.000261 1.397477
v 1.647882 0.000261 1.397365
v 1.648118 0.000261 1.376786
v 1.617777 0.000261 1.376852
v 1.583834 0.000261 1.376859
v 1.583557 0.000261 1.397519
v 1.545951 0.000261 1.376765
v 1.545687 0.000261 1.397444
v 1.583218 0.000261 1.420061
v 1.617170 0.000261 1.419994
v 1.582812 0.000261 1.444672
v 1.616754 0.000261 1.444587
v 1.545370 0.000261 1.420002
v 1.544995 0.000261 1.444623
v 1.647561 0.000261 1.419848
v 1.647152 0.000261 1.444417
v 1.615707 0.000261 1.500742
v 1.646090 0.000261 1.500549
v 1.646656 0.000261 1.471256
v 1.616260 0.000261 1.471441
v 1.582335 0.000261 1.471538
v 1.581809 0.000261 1.500846
v 1.544557 0.000261 1.471496
v 1.544075 0.000261 1.500809
v 1.581254 0.000261 1.532783
v 1.615115 0.000261 1.532676
v 1.580690 0.000261 1.567537
v 1.614503 0.000261 1.567429
v 1.543571 0.000261 1.532750
v 1.543065 0.000261 1.567510
v 1.645473 0.000261 1.532481
v 1.644822 0.000261 1.567237
v 1.456790 0.000345 1.396807
v 1.503563 0.000261 1.397209
v 1.503788 0.000261 1.376525
v 1.456964 0.000337 1.376124
v 1.405098 0.000567 1.375546
v 1.404976 0.000595 1.396231
v 1.347811 0.001025 1.374775
v 1.347728 0.001097 1.395476
v 1.404820 0.000619 1.418793
v 1.456579 0.000351 1.419363
v 1.404622 0.000638 1.443426
v 1.456324 0.000355 1.443985
v 1.347608 0.001157 1.418062
v 1.347442 0.001203 1.442729
v 1.503294 0.000261 1.419767
v 1.502974 0.000261 1.444389
v 1.455676 0.000358 1.500190
v 1.502186 0.000261 1.500577
v 1.502599 0.000261 1.471262
v 1.456020 0.000358 1.470863
v 1.404375 0.000649 1.470324
v 1.404083 0.000649 1.499683
v 1.347223 0.001230 1.469674
v 1.346943 0.001231 1.499096
v 1.403748 0.000636 1.531698
v 1.455303 0.000355 1.532158
v 1.403374 0.000606 1.566564
v 1.454912 0.000347 1.566961
v 1.346599 0.001198 1.531194
v 1.346186 0.001123 1.566169
v 1.501750 0.000261 1.532526
v 1.501307 0.000261 1.567297
v 1.611512 0.000261 1.826500
v 1.611378 0.000261 1.874768
v 1.641448 0.000261 1.874670
v 1.641584 0.000261 1.826383
v 1.668367 0.000261 1.874575
v 1.668510 0.000261 1.826262
v 1.611461 0.000261 1.923541
v 1.641527 0.000261 1.923465
v 1.668437 0.000261 1.923393
v 1.641896 0.000261 1.778958
v 1.611816 0.000261 1.779094
v 1.642343 0.000261 1.732751
v 1.612242 0.000261 1.732903
v 1.668834 0.000261 1.778813
v 1.669306 0.000261 1.732583
v 1.578239 0.000261 1.779196
v 1.577934 0.000261 1.826598
v 1.540810 0.000261 1.779238
v 1.540489 0.000261 1.826659
v 1.578650 0.000261 1.733006
v 1.541221 0.000261 1.733028
v 1.577792 0.000261 1.874858
v 1.577872 0.000261 1.923618
v 1.540327 0.000261 1.874930
v 1.540394 0.000261 1.923687
v 1.452353 0.000280 1.826727
v 1.452109 0.000284 1.875087
v 1.498619 0.000261 1.874973
v 1.498816 0.000261 1.826667
v 1.452116 0.000296 1.923877
v 1.498661 0.000261 1.923745
v 1.499171 0.000261 1.779197
v 1.452757 0.000283 1.779182
v 1.499602 0.000261 1.732937
v 1.453228 0.000291 1.732841
v 1.400999 0.000348 1.779306
v 1.400534 0.000337 1.826947
v 1.343330 0.000480 1.779678
v 1.342795 0.000452 1.827434
v 1.401534 0.000382 1.732850
v 1.343953 0.000564 1.733074
v 1.400237 0.000354 1.875370
v 1.400206 0.000402 1.924170
v 1.342443 0.000493 1.875920
v 1.342373 0.000614 1.924714
v 1.613298 0.000261 1.645591
v 1.612742 0.000261 1.688283
v 1.642888 0.000261 1.688117
v 1.643501 0.000261 1.645414
v 1.669890 0.000261 1.687928
v 1.670553 0.000261 1.645209
v 1.644156 0.000261 1.605001
v 1.613891 0.000261 1.605187
v 1.671257 0.000261 1.604784
v 1.580139 0.000261 1.605295
v 1.579610 0.000261 1.645698
v 1.542575 0.000261 1.605275
v 1.542104 0.000261 1.645689
v 1.579110 0.000261 1.688388
v 1.541652 0.000261 1.688393
v 1.454102 0.000320 1.645285
v 1.453675 0.000304 1.688088
v 1.500027 0.000261 1.688259
v 1.500450 0.000261 1.645521
v 1.500875 0.000261 1.605081
v 1.454513 0.000335 1.604789
v 1.402963 0.000556 1.604476
v 1.402518 0.000496 1.645071
v 1.345699 0.000999 1.604219
v 1.345153 0.000848 1.644970
v 1.402041 0.000435 1.687984
v 1.344566 0.000695 1.688047
v 1.612372 0.000261 2.021112
v 1.642408 0.000261 2.021085
v 1.641860 0.000261 1.972412
v 1.611808 0.000261 1.972467
v 1.669291 0.000261 2.021055
v 1.668756 0.000261 1.972361
v 1.578231 0.000261 1.972521
v 1.578811 0.000261 2.021132
v 1.540759 0.000261 1.972569
v 1.541352 0.000261 2.021137
v 1.579554 0.000261 2.069016
v 1.613106 0.000261 2.069048
v 1.580402 0.000261 2.115739
v 1.613964 0.000261 2.115842
v 1.542104 0.000261 2.068953
v 1.542947 0.000261 2.115577
v 1.643135 0.000261 2.069057
v 1.670012 0.000261 2.069053
v 1.644002 0.000261 2.115901
v 1.670887 0.000261 2.115932
v 1.615875 0.000261 2.204311
v 1.646002 0.000261 2.204525
v 1.644971 0.000261 2.161192
v 1.614897 0.000261 2.161063
v 1.672957 0.000261 2.204662
v 1.671885 0.000261 2.161270
v 1.581298 0.000261 2.160863
v 1.582220 0.000261 2.203997
v 1.543809 0.000261 2.160572
v 1.544679 0.000261 2.203555
v 1.583149 0.000261 2.244745
v 1.616868 0.000261 2.245185
v 1.584063 0.000261 2.282714
v 1.617844 0.000261 2.283285
v 1.545546 0.000261 2.244142
v 1.546396 0.000261 2.281950
v 1.647053 0.000261 2.245494
v 1.674054 0.000261 2.245701
v 1.648084 0.000261 2.283697
v 1.675127 0.000261 2.283984
v 1.453073 0.000341 2.021143
v 1.499625 0.000261 2.021122
v 1.499023 0.000261 1.972607
v 1.452468 0.000317 1.972708
v 1.400538 0.000487 1.972945
v 1.401142 0.000582 2.021261
v 1.342680 0.000825 1.973391
v 1.343275 0.001064 2.021533
v 1.401922 0.000663 2.068686
v 1.453844 0.000362 2.068743
v 1.402787 0.000704 2.114788
v 1.454691 0.000372 2.115069
v 1.344066 0.001267 2.068721
v 1.344963 0.001369 2.114533
v 1.500386 0.000261 2.068847
v 1.501227 0.000261 2.115343
v 1.456338 0.000349 2.202235
v 1.502896 0.000261 2.202960
v 1.502066 0.000261 2.160170
v 1.455525 0.000366 2.159682
v 1.403643 0.000680 2.159134
v 1.404476 0.000612 2.201397
v 1.345876 0.001308 2.158550
v 1.346777 0.001139 2.200469
v 1.405270 0.000523 2.241250
v 1.457122 0.000326 2.242376
v 1.406011 0.000436 2.278364
v 1.457867 0.000305 2.279759
v 1.347638 0.000917 2.239984
v 1.348430 0.000698 2.276792
v 1.503708 0.000261 2.243346
v 1.504496 0.000261 2.280959
v 1.715054 0.000261 2.021009
v 1.714533 0.000261 1.972284
v 1.692866 0.000261 1.972319
v 1.693393 0.000261 2.021030
v 1.714233 0.000261 1.923281
v 1.692558 0.000261 1.923333
v 1.694109 0.000261 2.069047
v 1.715768 0.000261 2.069040
v 1.694989 0.000261 2.115950
v 1.716650 0.000261 2.115957
v 1.735329 0.000261 2.069031
v 1.734616 0.000261 2.020991
v 1.753132 0.000261 2.069022
v 1.752421 0.000261 2.020975
v 1.736211 0.000261 2.115956
v 1.754012 0.000261 2.115952
v 1.734099 0.000261 1.972254
v 1.733806 0.000261 1.923236
v 1.751908 0.000261 1.972227
v 1.751622 0.000261 1.923196
v 1.784139 0.000261 2.020945
v 1.783636 0.000261 1.972178
v 1.768303 0.000261 1.972202
v 1.768811 0.000261 2.020960
v 1.783364 0.000261 1.923119
v 1.768023 0.000261 1.923157
v 1.769519 0.000261 2.069014
v 1.784842 0.000261 2.069006
v 1.770397 0.000261 2.115949
v 1.785718 0.000261 2.115945
v 1.799458 0.000261 2.068998
v 1.798759 0.000261 2.020931
v 1.813719 0.000261 2.068990
v 1.813025 0.000261 2.020917
v 1.800330 0.000261 2.115941
v 1.814589 0.000261 2.115937
v 1.798262 0.000261 1.972155
v 1.797997 0.000261 1.923083
v 1.812535 0.000261 1.972132
v 1.812277 0.000261 1.923047
v 1.718777 0.000261 2.204794
v 1.717671 0.000261 2.161341
v 1.696004 0.000261 2.161317
v 1.697099 0.000261 2.204747
v 1.698222 0.000261 2.245836
v 1.719912 0.000261 2.245916
v 1.699320 0.000261 2.284181
v 1.721021 0.000261 2.284306
v 1.739477 0.000261 2.245956
v 1.738340 0.000261 2.204815
v 1.757274 0.000261 2.245974
v 1.756138 0.000261 2.204820
v 1.740590 0.000261 2.284379
v 1.758386 0.000261 2.284417
v 1.737233 0.000261 2.161349
v 1.755033 0.000261 2.161349
v 1.787841 0.000261 2.204825
v 1.786736 0.000261 2.161348
v 1.771415 0.000261 2.161349
v 1.772520 0.000261 2.204824
v 1.773656 0.000261 2.245985
v 1.788977 0.000261 2.245990
v 1.774768 0.000261 2.284441
v 1.790090 0.000261 2.284454
v 1.803592 0.000261 2.245993
v 1.802454 0.000261 2.204826
v 1.817852 0.000261 2.245994
v 1.816712 0.000261 2.204826
v 1.804706 0.000261 2.284460
v 1.818968 0.000261 2.284462
v 1.801348 0.000261 2.161346
v 1.815605 0.000261 2.161345
v 1.714348 0.000261 1.826062
v 1.692651 0.000261 1.826156
v 1.692497 0.000261 1.874493
v 1.714182 0.000261 1.874421
v 1.733766 0.000261 1.874356
v 1.733944 0.000261 1.825976
v 1.751591 0.000261 1.874297
v 1.751781 0.000261 1.825895
v 1.734309 0.000261 1.778456
v 1.714699 0.000261 1.778565
v 1.734828 0.000261 1.732161
v 1.715205 0.000261 1.732291
v 1.752159 0.000261 1.778354
v 1.752689 0.000261 1.732038
v 1.692988 0.000261 1.778683
v 1.693479 0.000261 1.732430
v 1.716546 0.000261 1.644848
v 1.694784 0.000261 1.645022
v 1.694091 0.000261 1.687757
v 1.715835 0.000261 1.687599
v 1.735468 0.000261 1.687451
v 1.736189 0.000261 1.644686
v 1.753338 0.000261 1.687310
v 1.754065 0.000261 1.644530
v 1.736950 0.000261 1.604223
v 1.717298 0.000261 1.604399
v 1.754831 0.000261 1.604055
v 1.695519 0.000261 1.604584
v 1.783562 0.000261 1.825741
v 1.768203 0.000261 1.825817
v 1.768002 0.000261 1.874240
v 1.783351 0.000261 1.874184
v 1.797993 0.000261 1.874130
v 1.798213 0.000261 1.825666
v 1.812281 0.000261 1.874076
v 1.812510 0.000261 1.825592
v 1.798621 0.000261 1.778061
v 1.783960 0.000261 1.778157
v 1.799181 0.000261 1.731685
v 1.784511 0.000261 1.731801
v 1.812927 0.000261 1.777966
v 1.813495 0.000261 1.731571
v 1.768591 0.000261 1.778254
v 1.769132 0.000261 1.731918
v 1.785920 0.000261 1.644231
v 1.770524 0.000261 1.644379
v 1.769789 0.000261 1.687174
v 1.785177 0.000261 1.687040
v 1.799856 0.000261 1.686909
v 1.800608 0.000261 1.644085
v 1.814180 0.000261 1.686779
v 1.814942 0.000261 1.643941
v 1.801399 0.000261 1.603568
v 1.786701 0.000261 1.603728
v 1.815742 0.000261 1.603409
v 1.771297 0.000261 1.603891
v 1.622168 0.000261 2.452824
v 1.622537 0.000261 2.473244
v 1.652817 0.000261 2.474313
v 1.652477 0.000261 2.453837
v 1.679807 0.000261 2.475129
v 1.679518 0.000261 2.454625
v 1.622810 0.000261 2.491981
v 1.653044 0.000261 2.493074
v 1.679962 0.000261 2.493882
v 1.652021 0.000261 2.431448
v 1.621697 0.000261 2.430514
v 1.651447 0.000261 2.406948
v 1.621119 0.000261 2.406109
v 1.679095 0.000261 2.432179
v 1.678538 0.000261 2.407603
v 1.587765 0.000261 2.429353
v 1.588233 0.000261 2.451570
v 1.549872 0.000261 2.427944
v 1.550319 0.000261 2.450061
v 1.587199 0.000261 2.405055
v 1.549337 0.000261 2.403756
v 1.588611 0.000261 2.471915
v 1.588906 0.000261 2.490603
v 1.550684 0.000261 2.470322
v 1.550977 0.000261 2.488941
v 1.461081 0.000261 2.446259
v 1.461370 0.000261 2.466351
v 1.508400 0.000261 2.468458
v 1.508068 0.000261 2.448285
v 1.461601 0.000261 2.484805
v 1.508668 0.000261 2.486995
v 1.507663 0.000261 2.426263
v 1.460726 0.000263 2.424326
v 1.507178 0.000261 2.402181
v 1.460298 0.000265 2.400346
v 1.408650 0.000268 2.422150
v 1.408959 0.000263 2.444005
v 1.351025 0.000279 2.419750
v 1.351302 0.000265 2.441540
v 1.408271 0.000279 2.398265
v 1.350675 0.000306 2.395954
v 1.409205 0.000261 2.464026
v 1.409395 0.000261 2.482409
v 1.351516 0.000261 2.461510
v 1.351673 0.000261 2.479846
v 1.619641 0.000261 2.350174
v 1.620428 0.000261 2.379402
v 1.650751 0.000261 2.380138
v 1.649948 0.000261 2.350803
v 1.677848 0.000261 2.380706
v 1.677039 0.000261 2.351277
v 1.649054 0.000261 2.318728
v 1.618774 0.000261 2.318208
v 1.676127 0.000261 2.319106
v 1.584943 0.000261 2.317510
v 1.585771 0.000261 2.349352
v 1.547217 0.000261 2.316597
v 1.547992 0.000261 2.348301
v 1.586529 0.000261 2.378461
v 1.548704 0.000261 2.377281
v 1.459209 0.000277 2.345413
v 1.459789 0.000270 2.374112
v 1.506605 0.000261 2.375826
v 1.505958 0.000261 2.346982
v 1.505250 0.000261 2.315433
v 1.458565 0.000289 2.314033
v 1.406683 0.000371 2.312413
v 1.407286 0.000327 2.343606
v 1.349126 0.000537 2.310588
v 1.349729 0.000425 2.341577
v 1.407816 0.000297 2.372153
v 1.350244 0.000352 2.369964
v 1.623097 0.000261 2.525200
v 1.653183 0.000261 2.526228
v 1.653162 0.000261 2.510318
v 1.622994 0.000261 2.509241
v 1.679884 0.000261 2.526898
v 1.679982 0.000261 2.511075
v 1.589125 0.000261 2.507845
v 1.589277 0.000261 2.523815
v 1.551203 0.000261 2.506134
v 1.551374 0.000261 2.522073
v 1.589371 0.000261 2.538685
v 1.623132 0.000261 2.540037
v 1.589417 0.000261 2.552629
v 1.623109 0.000261 2.553929
v 1.551495 0.000261 2.536933
v 1.551576 0.000261 2.550885
v 1.653121 0.000261 2.540990
v 1.679684 0.000261 2.541545
v 1.652990 0.000261 2.554788
v 1.679399 0.000261 2.555207
v 1.622933 0.000261 2.579599
v 1.652570 0.000261 2.580236
v 1.652802 0.000261 2.567804
v 1.623039 0.000261 2.567052
v 1.678640 0.000261 2.580350
v 1.679045 0.000261 2.568076
v 1.589424 0.000261 2.565819
v 1.589402 0.000261 2.578444
v 1.551625 0.000261 2.564105
v 1.551651 0.000261 2.576773
v 1.589360 0.000261 2.590692
v 1.622804 0.000261 2.591762
v 1.589308 0.000261 2.602751
v 1.622663 0.000261 2.603733
v 1.551660 0.000261 2.589076
v 1.551661 0.000261 2.601194
v 1.652311 0.000261 2.592277
v 1.678201 0.000261 2.592227
v 1.652038 0.000261 2.604123
v 1.677744 0.000261 2.603907
v 1.461914 0.000261 2.517606
v 1.509039 0.000261 2.519976
v 1.508878 0.000261 2.504108
v 1.461779 0.000261 2.501827
v 1.409537 0.000261 2.499349
v 1.409638 0.000261 2.515046
v 1.351781 0.000261 2.496733
v 1.351852 0.000261 2.512376
v 1.409709 0.000261 2.529696
v 1.462014 0.000261 2.532332
v 1.409760 0.000261 2.543497
v 1.462088 0.000261 2.546192
v 1.351896 0.000261 2.526977
v 1.351923 0.000261 2.540739
v 1.509159 0.000261 2.534780
v 1.509247 0.000261 2.548697
v 1.462188 0.000261 2.572054
v 1.509353 0.000261 2.574593
v 1.509309 0.000261 2.561910
v 1.462144 0.000261 2.559377
v 1.409799 0.000261 2.556647
v 1.409830 0.000261 2.569310
v 1.351943 0.000261 2.553864
v 1.351959 0.000261 2.566512
v 1.409856 0.000261 2.581647
v 1.462222 0.000261 2.584394
v 1.409878 0.000261 2.593821
v 1.462252 0.000261 2.596564
v 1.351972 0.000261 2.578842
v 1.351984 0.000261 2.591013
v 1.509385 0.000261 2.586923
v 1.509411 0.000261 2.599077
v 1.724555 0.000261 2.527208
v 1.725010 0.000261 2.511666
v 1.703805 0.000261 2.511509
v 1.703547 0.000261 2.527209
v 1.725284 0.000261 2.494680
v 1.703917 0.000261 2.494404
v 1.703164 0.000261 2.541702
v 1.723943 0.000261 2.541511
v 1.702676 0.000261 2.555188
v 1.723198 0.000261 2.554777
v 1.742404 0.000261 2.541021
v 1.743290 0.000261 2.526946
v 1.758929 0.000261 2.540282
v 1.760133 0.000261 2.526471
v 1.741343 0.000261 2.554020
v 1.757489 0.000261 2.552962
v 1.743976 0.000261 2.511591
v 1.744439 0.000261 2.494750
v 1.761082 0.000261 2.511328
v 1.761755 0.000261 2.494651
v 1.789670 0.000261 2.525067
v 1.791219 0.000261 2.510409
v 1.776706 0.000261 2.510922
v 1.775468 0.000261 2.525831
v 1.792363 0.000261 2.494100
v 1.777608 0.000261 2.494423
v 1.773901 0.000261 2.539342
v 1.787708 0.000261 2.538253
v 1.772015 0.000261 2.551649
v 1.785325 0.000261 2.550145
v 1.800737 0.000261 2.537064
v 1.803118 0.000261 2.524221
v 1.813378 0.000261 2.535825
v 1.816188 0.000261 2.523335
v 1.797824 0.000261 2.548514
v 1.809917 0.000261 2.546819
v 1.804992 0.000261 2.509825
v 1.806386 0.000261 2.493712
v 1.818394 0.000261 2.509205
v 1.820044 0.000261 2.493292
v 1.721407 0.000261 2.579020
v 1.722343 0.000261 2.567211
v 1.702104 0.000261 2.567866
v 1.701469 0.000261 2.579937
v 1.700792 0.000261 2.591604
v 1.720415 0.000261 2.590413
v 1.700093 0.000261 2.603068
v 1.719396 0.000261 2.601597
v 1.737404 0.000261 2.588661
v 1.738805 0.000261 2.577622
v 1.752089 0.000261 2.586356
v 1.754015 0.000261 2.575767
v 1.735964 0.000261 2.599483
v 1.750108 0.000261 2.596713
v 1.740131 0.000261 2.566148
v 1.755833 0.000261 2.564713
v 1.779354 0.000261 2.570837
v 1.782514 0.000261 2.560922
v 1.769818 0.000261 2.562943
v 1.767388 0.000261 2.573477
v 1.764802 0.000261 2.583505
v 1.775923 0.000261 2.580144
v 1.762139 0.000261 2.593279
v 1.772357 0.000261 2.589148
v 1.785830 0.000261 2.576311
v 1.790344 0.000261 2.567929
v 1.795130 0.000261 2.572242
v 1.800847 0.000261 2.564888
v 1.781061 0.000261 2.584286
v 1.788553 0.000261 2.578662
v 1.794351 0.000261 2.558733
v 1.805758 0.000261 2.556460
v 1.725229 0.000261 2.455589
v 1.703645 0.000261 2.455199
v 1.703862 0.000261 2.475696
v 1.725354 0.000261 2.476048
v 1.744654 0.000261 2.476218
v 1.744637 0.000261 2.455820
v 1.762134 0.000261 2.476238
v 1.762239 0.000261 2.455920
v 1.744402 0.000261 2.433381
v 1.724918 0.000261 2.433124
v 1.743963 0.000261 2.408725
v 1.724430 0.000261 2.408473
v 1.762090 0.000261 2.433524
v 1.761708 0.000261 2.408881
v 1.703271 0.000261 2.432731
v 1.702744 0.000261 2.408105
v 1.722974 0.000261 2.351886
v 1.701260 0.000261 2.351631
v 1.702067 0.000261 2.381139
v 1.723775 0.000261 2.381458
v 1.743335 0.000261 2.381678
v 1.742546 0.000261 2.352059
v 1.761113 0.000261 2.381820
v 1.760338 0.000261 2.352170
v 1.741621 0.000261 2.319686
v 1.722049 0.000261 2.319566
v 1.759418 0.000261 2.319759
v 1.700338 0.000261 2.319379
v 1.793488 0.000261 2.455834
v 1.778403 0.000261 2.455916
v 1.778165 0.000261 2.476143
v 1.793108 0.000261 2.475961
v 1.807327 0.000261 2.475721
v 1.807854 0.000261 2.455700
v 1.821184 0.000261 2.475452
v 1.821862 0.000261 2.455541
v 1.808008 0.000261 2.433498
v 1.793536 0.000261 2.433560
v 1.807828 0.000261 2.408962
v 1.793285 0.000261 2.408981
v 1.822123 0.000261 2.433414
v 1.822016 0.000261 2.408925
v 1.778349 0.000261 2.433577
v 1.778030 0.000261 2.408960
v 1.792032 0.000261 2.352271
v 1.776716 0.000261 2.352237
v 1.777472 0.000261 2.381901
v 1.792768 0.000261 2.381936
v 1.807355 0.000261 2.381941
v 1.806641 0.000261 2.352284
v 1.821587 0.000261 2.381931
v 1.820896 0.000261 2.352286
v 1.805740 0.000261 2.319840
v 1.791124 0.000261 2.319829
v 1.820003 0.000261 2.319844
v 1.775801 0.000261 2.319804
v 0.575271 0.000314 1.326388
v 0.574938 0.000326 1.342693
v 0.656597 0.000504 1.339455
v 0.656991 0.000467 1.323068
v 0.739382 0.000862 1.336825
v 0.739792 0.000773 1.320386
v 0.574510 0.000343 1.360290
v 0.656110 0.000544 1.357169
v 0.738886 0.000950 1.354619
v 0.657308 0.000432 1.307821
v 0.575529 0.000304 1.311197
v 0.657567 0.000399 1.293529
v 0.575730 0.000296 1.296943
v 0.740131 0.000688 1.305107
v 0.740413 0.000607 1.290797
v 0.495324 0.000261 1.314872
v 0.495148 0.000263 1.329998
v 0.417226 0.000261 1.318482
v 0.417134 0.000263 1.333550
v 0.495451 0.000261 1.300663
v 0.417279 0.000261 1.304316
v 0.494902 0.000268 1.346212
v 0.494564 0.000279 1.363684
v 0.416983 0.000269 1.349686
v 0.416750 0.000281 1.367052
v 0.269710 0.000262 1.339299
v 0.269717 0.000267 1.355366
v 0.341677 0.000268 1.352786
v 0.341744 0.000263 1.336697
v 0.269682 0.000275 1.372653
v 0.341547 0.000279 1.370096
v 0.341766 0.000261 1.321665
v 0.269675 0.000261 1.324287
v 0.341762 0.000261 1.307526
v 0.269625 0.000261 1.310164
v 0.201681 0.000261 1.326216
v 0.201764 0.000262 1.341219
v 0.138514 0.000261 1.327318
v 0.138639 0.000261 1.342319
v 0.201593 0.000261 1.312100
v 0.138392 0.000261 1.313204
v 0.201836 0.000265 1.357279
v 0.201886 0.000270 1.374563
v 0.138765 0.000263 1.358377
v 0.138886 0.000265 1.375662
v 0.576034 0.000282 1.270520
v 0.575896 0.000288 1.283447
v 0.657783 0.000370 1.280004
v 0.657967 0.000344 1.267056
v 0.740651 0.000535 1.277259
v 0.740856 0.000468 1.264302
v 0.658130 0.000319 1.254490
v 0.576155 0.000275 1.257973
v 0.658283 0.000295 1.242117
v 0.576267 0.000269 1.245615
v 0.741039 0.000406 1.251731
v 0.741212 0.000346 1.239354
v 0.495701 0.000261 1.261779
v 0.495633 0.000261 1.274304
v 0.417356 0.000261 1.265508
v 0.417340 0.000261 1.278013
v 0.495762 0.000261 1.249441
v 0.417368 0.000261 1.253187
v 0.495552 0.000261 1.287203
v 0.417316 0.000261 1.290888
v 0.269523 0.000261 1.283908
v 0.269574 0.000261 1.296765
v 0.341749 0.000261 1.294117
v 0.341731 0.000261 1.281256
v 0.341708 0.000261 1.268759
v 0.269470 0.000261 1.271412
v 0.341684 0.000261 1.256444
v 0.269418 0.000261 1.259098
v 0.201355 0.000261 1.273349
v 0.201432 0.000261 1.285846
v 0.138075 0.000261 1.274448
v 0.138175 0.000261 1.286948
v 0.201280 0.000261 1.261031
v 0.137976 0.000261 1.262127
v 0.201511 0.000261 1.298703
v 0.138280 0.000261 1.299807
v 0.573300 0.000428 1.400105
v 0.654795 0.000649 1.397340
v 0.655514 0.000585 1.376397
v 0.573967 0.000365 1.379357
v 0.737580 0.001124 1.395050
v 0.738291 0.001034 1.373962
v 0.494113 0.000297 1.382583
v 0.493543 0.000369 1.403127
v 0.416414 0.000301 1.385815
v 0.415973 0.000380 1.406193
v 0.492848 0.000541 1.425534
v 0.572500 0.000568 1.422743
v 0.492023 0.000861 1.450020
v 0.571557 0.000820 1.447484
v 0.415421 0.000569 1.428405
v 0.414758 0.000921 1.452672
v 0.653941 0.000760 1.420202
v 0.736736 0.001227 1.418077
v 0.652938 0.000938 1.445184
v 0.735742 0.001353 1.443238
v 0.569208 0.001745 1.504125
v 0.650446 0.001544 1.502342
v 0.651774 0.001205 1.472488
v 0.570463 0.001221 1.474537
v 0.733259 0.001678 1.500780
v 0.734583 0.001508 1.470730
v 0.491061 0.001375 1.476803
v 0.489944 0.002051 1.506101
v 0.413978 0.001486 1.479213
v 0.413058 0.002230 1.508241
v 0.488653 0.002857 1.538134
v 0.567780 0.002366 1.536472
v 0.487168 0.003761 1.573120
v 0.566168 0.003059 1.571801
v 0.411971 0.003118 1.539969
v 0.410694 0.004115 1.574610
v 0.648952 0.001933 1.534970
v 0.731772 0.001847 1.533617
v 0.647289 0.002355 1.570600
v 0.730123 0.001998 1.569468
v 0.269444 0.000345 1.411591
v 0.341038 0.000369 1.409084
v 0.341334 0.000297 1.388791
v 0.269592 0.000289 1.391327
v 0.201907 0.000279 1.393239
v 0.201896 0.000317 1.413503
v 0.138997 0.000270 1.394344
v 0.139099 0.000294 1.414610
v 0.201854 0.000410 1.435549
v 0.269238 0.000481 1.433650
v 0.201778 0.000584 1.459569
v 0.268971 0.000732 1.457709
v 0.139191 0.000354 1.436647
v 0.139271 0.000468 1.460642
v 0.340656 0.000541 1.431190
v 0.340186 0.000861 1.455323
v 0.268229 0.001669 1.512637
v 0.338950 0.002052 1.510516
v 0.339625 0.001375 1.481696
v 0.268641 0.001136 1.483972
v 0.201667 0.000863 1.485760
v 0.201505 0.001235 1.514312
v 0.139340 0.000653 1.486781
v 0.139388 0.000903 1.515252
v 0.201278 0.001684 1.545418
v 0.267712 0.002309 1.543903
v 0.200969 0.002196 1.579270
v 0.267069 0.003033 1.577969
v 0.139404 0.001209 1.546242
v 0.139379 0.001563 1.579939
v 0.338134 0.002861 1.541989
v 0.337152 0.003772 1.576321
v 0.904643 0.002856 1.392479
v 0.905146 0.002631 1.371368
v 0.821834 0.001793 1.372315
v 0.821204 0.001944 1.393450
v 0.905557 0.002382 1.352020
v 0.822358 0.001631 1.352940
v 0.820449 0.002082 1.416536
v 0.904024 0.003047 1.415545
v 0.819547 0.002204 1.441767
v 0.903267 0.003195 1.440761
v 0.986405 0.003846 1.415070
v 0.986869 0.003605 1.392076
v 1.066536 0.004205 1.415077
v 1.066854 0.003940 1.392180
v 0.985815 0.004028 1.440214
v 1.066106 0.004405 1.440116
v 0.987230 0.003318 1.371034
v 0.987512 0.002997 1.351751
v 1.067085 0.003624 1.371227
v 1.067252 0.003271 1.352021
v 1.216386 0.002853 1.393567
v 1.216476 0.002630 1.372770
v 1.143715 0.003318 1.371860
v 1.143574 0.003605 1.392730
v 1.216527 0.002382 1.353687
v 1.143806 0.002997 1.352721
v 1.143360 0.003846 1.415530
v 1.216239 0.003040 1.416279
v 1.143054 0.004028 1.440460
v 1.216019 0.003180 1.441104
v 1.284534 0.002054 1.417173
v 1.284650 0.001933 1.394535
v 1.284361 0.002144 1.441908
v 1.284723 0.001789 1.373796
v 1.284764 0.001629 1.354755
v 0.901260 0.003313 1.498450
v 0.902348 0.003293 1.468320
v 0.818479 0.002310 1.469335
v 0.817244 0.002380 1.499470
v 0.815840 0.002395 1.532400
v 0.899995 0.003231 1.531379
v 0.814266 0.002335 1.568354
v 0.898544 0.003022 1.567336
v 0.983074 0.004010 1.530614
v 0.984165 0.004141 1.497759
v 1.063917 0.004385 1.530164
v 1.064818 0.004530 1.497436
v 0.981784 0.003710 1.566492
v 1.062815 0.004055 1.565900
v 0.985074 0.004137 1.467701
v 1.065540 0.004524 1.467495
v 1.215286 0.003268 1.497902
v 1.215707 0.003265 1.468241
v 1.142633 0.004137 1.467718
v 1.142076 0.004141 1.497522
v 1.141361 0.004010 1.530089
v 1.214736 0.003166 1.530298
v 1.140465 0.003710 1.565638
v 1.214038 0.002934 1.565640
v 1.283372 0.002135 1.530697
v 1.283793 0.002201 1.498464
v 1.282843 0.001986 1.565839
v 1.284118 0.002199 1.468936
v 0.906179 0.001849 1.317834
v 0.823162 0.001285 1.318690
v 0.822797 0.001460 1.335130
v 0.905898 0.002118 1.334242
v 0.987740 0.002657 1.334030
v 0.987923 0.002309 1.317672
v 1.067378 0.002896 1.334364
v 1.067473 0.002514 1.318060
v 0.988072 0.001968 1.302480
v 0.906412 0.001584 1.302596
v 0.988195 0.001646 1.288254
v 0.906607 0.001334 1.288330
v 1.067545 0.002139 1.302911
v 1.067604 0.001784 1.288722
v 0.823466 0.001114 1.303419
v 0.823720 0.000953 1.289120
v 0.906922 0.000904 1.261919
v 0.824124 0.000676 1.262653
v 0.823936 0.000809 1.275596
v 0.906775 0.001110 1.274835
v 0.988304 0.001356 1.274795
v 0.988401 0.001091 1.261911
v 1.067659 0.001466 1.275295
v 1.067710 0.001174 1.262441
v 0.988490 0.000841 1.249411
v 0.907056 0.000711 1.249389
v 0.988576 0.000600 1.237103
v 0.907183 0.000524 1.237051
v 1.067759 0.000899 1.249968
v 1.067807 0.000634 1.237686
v 0.824293 0.000551 1.250096
v 0.824453 0.000430 1.237733
v 1.216569 0.001848 1.319881
v 1.143908 0.002309 1.318849
v 1.143868 0.002657 1.335116
v 1.216555 0.002118 1.336121
v 1.284787 0.001459 1.337217
v 1.284798 0.001285 1.320994
v 1.284803 0.001114 1.305900
v 1.216574 0.001584 1.304778
v 1.284807 0.000953 1.291749
v 1.216577 0.001334 1.290623
v 1.143934 0.001968 1.303729
v 1.143954 0.001646 1.289562
v 1.216597 0.000904 1.264397
v 1.144000 0.001091 1.263319
v 1.143976 0.001356 1.276156
v 1.216585 0.001110 1.277226
v 1.284815 0.000809 1.278355
v 1.284827 0.000676 1.265529
v 1.284842 0.000551 1.253081
v 1.216612 0.000711 1.251947
v 1.284858 0.000430 1.240822
v 1.216627 0.000524 1.239687
v 1.144025 0.000841 1.250862
v 1.144051 0.000600 1.238595
v 0.556837 0.006062 1.836284
v 0.556237 0.005931 1.885169
v 0.637098 0.003994 1.885843
v 0.637742 0.004065 1.836817
v 0.719944 0.002313 1.885977
v 0.720613 0.002316 1.836888
v 0.556003 0.005570 1.934298
v 0.636855 0.003802 1.935037
v 0.719693 0.002314 1.935163
v 0.638753 0.004016 1.788396
v 0.557789 0.005971 1.788066
v 0.640097 0.003850 1.741013
v 0.559078 0.005669 1.740939
v 0.721653 0.002313 1.788344
v 0.723016 0.002298 1.740791
v 0.479252 0.007612 1.787543
v 0.478380 0.007732 1.835490
v 0.403637 0.008370 1.787016
v 0.402854 0.008503 1.834637
v 0.480451 0.007210 1.740740
v 0.404709 0.007926 1.740589
v 0.477831 0.007558 1.884169
v 0.477603 0.007076 1.933171
v 0.402352 0.008311 1.883056
v 0.402120 0.007778 1.931880
v 0.262354 0.006262 1.833289
v 0.261906 0.006120 1.881100
v 0.330272 0.007624 1.882043
v 0.330745 0.007800 1.833928
v 0.261626 0.005729 1.929479
v 0.330019 0.007135 1.930647
v 0.331436 0.007678 1.786674
v 0.262951 0.006163 1.786398
v 0.332347 0.007269 1.740656
v 0.263679 0.005835 1.740778
v 0.198485 0.004454 1.786070
v 0.197988 0.004526 1.832649
v 0.138338 0.003179 1.785572
v 0.137949 0.003231 1.831932
v 0.199023 0.004216 1.740792
v 0.138693 0.003007 1.740536
v 0.197570 0.004424 1.880196
v 0.197267 0.004142 1.928382
v 0.137577 0.003159 1.879301
v 0.137269 0.002956 1.927362
v 0.562494 0.004520 1.651650
v 0.560689 0.005165 1.695326
v 0.641740 0.003569 1.695103
v 0.643565 0.003204 1.651105
v 0.724653 0.002262 1.694676
v 0.726455 0.002202 1.650449
v 0.645454 0.002789 1.609458
v 0.564364 0.003797 1.610334
v 0.728315 0.002115 1.608563
v 0.485470 0.004733 1.611278
v 0.483695 0.005687 1.652204
v 0.409201 0.005187 1.612377
v 0.407620 0.006242 1.652885
v 0.481977 0.006541 1.695493
v 0.406080 0.007186 1.695751
v 0.265408 0.004592 1.654752
v 0.264520 0.005288 1.696781
v 0.333476 0.006589 1.696248
v 0.334721 0.005722 1.653814
v 0.335981 0.004755 1.613717
v 0.266279 0.003817 1.615033
v 0.200564 0.002758 1.616059
v 0.200088 0.003316 1.655461
v 0.139303 0.001960 1.616530
v 0.139168 0.002358 1.655702
v 0.199566 0.003819 1.697147
v 0.138968 0.002721 1.697142
v 0.556658 0.004218 2.031607
v 0.637631 0.003082 2.032226
v 0.637045 0.003486 1.983964
v 0.556151 0.004970 1.983247
v 0.720542 0.002314 2.032105
v 0.719910 0.002325 1.984002
v 0.477696 0.006272 1.982085
v 0.478104 0.005269 2.030493
v 0.402151 0.006890 1.980712
v 0.402447 0.005782 2.029130
v 0.478821 0.004188 2.077981
v 0.557504 0.003402 2.078970
v 0.479844 0.003153 2.124132
v 0.558668 0.002611 2.124928
v 0.403011 0.004589 2.076710
v 0.403846 0.003446 2.123030
v 0.638573 0.002624 2.079423
v 0.721538 0.002247 2.079084
v 0.639832 0.002149 2.125155
v 0.722847 0.002092 2.124552
v 0.561762 0.001370 2.211108
v 0.643072 0.001271 2.210746
v 0.641370 0.001691 2.169022
v 0.560129 0.001933 2.169070
v 0.726140 0.001468 2.209525
v 0.724416 0.001813 2.168121
v 0.481166 0.002284 2.168530
v 0.482661 0.001579 2.210871
v 0.404955 0.002488 2.167666
v 0.406217 0.001711 2.210298
v 0.484201 0.001034 2.250852
v 0.563446 0.000926 2.250751
v 0.485660 0.000648 2.288170
v 0.565056 0.000604 2.287710
v 0.407515 0.001112 2.250604
v 0.408728 0.000686 2.288266
v 0.644824 0.000910 2.250050
v 0.727911 0.001110 2.248497
v 0.646512 0.000629 2.286654
v 0.729623 0.000794 2.284771
v 0.261604 0.004262 2.026443
v 0.330169 0.005304 2.027762
v 0.329986 0.006320 1.979363
v 0.261532 0.005076 1.978072
v 0.197117 0.003671 1.976873
v 0.197084 0.003084 2.025222
v 0.137074 0.002618 1.975798
v 0.136946 0.002198 2.024154
v 0.197133 0.002457 2.072983
v 0.261822 0.003388 2.074150
v 0.197226 0.001860 2.119708
v 0.262168 0.002553 2.120755
v 0.136840 0.001752 2.071975
v 0.136708 0.001332 2.118807
v 0.330563 0.004210 2.075413
v 0.331164 0.003164 2.121883
v 0.263125 0.001298 2.208974
v 0.332881 0.001580 2.209649
v 0.331968 0.002288 2.166743
v 0.262621 0.001858 2.165819
v 0.197328 0.001369 2.164950
v 0.197424 0.000977 2.208318
v 0.136506 0.000993 2.164194
v 0.136250 0.000729 2.207729
v 0.197496 0.000679 2.249422
v 0.263627 0.000868 2.249852
v 0.197530 0.000470 2.287872
v 0.264069 0.000564 2.288086
v 0.135957 0.000532 2.249005
v 0.135643 0.000397 2.287616
v 0.333811 0.001034 2.250258
v 0.334666 0.000648 2.288228
v 0.889597 0.002876 2.029262
v 0.888980 0.002161 1.981632
v 0.804275 0.001990 1.983126
v 0.804912 0.002368 2.030998
v 0.888767 0.001525 1.933157
v 0.804053 0.001647 1.934455
v 0.805913 0.002665 2.077699
v 0.890568 0.003477 2.075690
v 0.807225 0.002767 2.122858
v 0.891849 0.003769 2.120561
v 0.974378 0.004285 2.073481
v 0.973453 0.003474 2.027256
v 1.056213 0.004687 2.071494
v 1.055336 0.003796 2.025337
v 0.975601 0.004694 2.118147
v 1.057367 0.005138 2.116105
v 0.972868 0.002519 1.979818
v 0.972664 0.001672 1.931513
v 1.054778 0.002745 1.977981
v 1.054576 0.001814 1.929769
v 1.208912 0.002751 2.022777
v 1.208350 0.002011 1.975130
v 1.133550 0.002519 1.976418
v 1.134104 0.003474 2.023864
v 1.208106 0.001355 1.926761
v 1.133333 0.001672 1.928168
v 1.134946 0.004285 2.070151
v 1.209731 0.003379 2.069326
v 1.136027 0.004694 2.114923
v 1.210742 0.003697 2.114400
v 1.279720 0.002273 2.068892
v 1.278917 0.001868 2.022020
v 1.280668 0.002478 2.114337
v 1.278338 0.001390 1.974120
v 1.278063 0.000967 1.925593
v 0.895081 0.003014 2.204318
v 0.893390 0.003557 2.163517
v 0.808795 0.002557 2.166103
v 0.810517 0.002148 2.207182
v 0.812282 0.001649 2.245841
v 0.896809 0.002313 2.242726
v 0.813984 0.001173 2.281828
v 0.898463 0.001624 2.278499
v 0.980362 0.002883 2.239793
v 0.978708 0.003771 2.201535
v 1.061813 0.003146 2.237688
v 1.060277 0.004122 2.199433
v 0.981930 0.002007 2.275453
v 1.063254 0.002182 2.273361
v 0.977083 0.004449 2.160909
v 1.058758 0.004868 2.158829
v 1.213076 0.002982 2.198739
v 1.211881 0.003507 2.157624
v 1.137299 0.004449 2.157824
v 1.138665 0.003771 2.198614
v 1.140032 0.002883 2.237051
v 1.214253 0.002293 2.237487
v 1.141302 0.002007 2.272897
v 1.215339 0.001614 2.273612
v 1.283710 0.001572 2.238597
v 1.282712 0.002016 2.199470
v 1.284627 0.001134 2.275059
v 1.281681 0.002355 2.157956
v 0.889640 0.001040 1.835212
v 0.804965 0.001389 1.836294
v 0.804301 0.001453 1.885358
v 0.889002 0.001163 1.884193
v 0.972881 0.001190 1.882686
v 0.973477 0.001026 1.833818
v 1.054770 0.001283 1.881044
v 1.055317 0.001103 1.832290
v 0.974405 0.001136 1.785390
v 0.890630 0.001123 1.786686
v 0.975622 0.001475 1.737883
v 0.891925 0.001375 1.739088
v 1.056170 0.001224 1.783990
v 1.057285 0.001597 1.736627
v 0.805996 0.001432 1.787722
v 0.807341 0.001562 1.740104
v 0.895172 0.002216 1.648556
v 0.810712 0.001977 1.649563
v 0.808949 0.001756 1.693897
v 0.893476 0.001764 1.692890
v 0.977083 0.001998 1.691778
v 0.978674 0.002609 1.647536
v 1.058617 0.002172 1.690684
v 1.060056 0.002843 1.646613
v 0.980279 0.003211 1.605620
v 0.896898 0.002659 1.606550
v 1.061492 0.003506 1.604867
v 0.812520 0.002183 1.607562
v 1.208696 0.000854 1.829446
v 1.134001 0.001026 1.830805
v 1.133502 0.001190 1.879472
v 1.208245 0.000981 1.878045
v 1.278169 0.000725 1.876837
v 1.278572 0.000644 1.828294
v 1.279184 0.000699 1.780409
v 1.209389 0.000939 1.781423
v 1.279919 0.000868 1.733624
v 1.210252 0.001202 1.734438
v 1.134774 0.001136 1.782642
v 1.135768 0.001475 1.735459
v 1.212211 0.002080 1.645382
v 1.138155 0.002609 1.645895
v 1.136925 0.001998 1.689731
v 1.211215 0.001607 1.688953
v 1.280693 0.001129 1.688381
v 1.281464 0.001435 1.645074
v 1.282194 0.001736 1.604096
v 1.213175 0.002548 1.604139
v 1.139365 0.003211 1.604385
v 0.571185 0.000261 2.453762
v 0.571768 0.000261 2.473930
v 0.653949 0.000261 2.470720
v 0.653277 0.000263 2.450791
v 0.737343 0.000261 2.467108
v 0.736641 0.000265 2.447348
v 0.572262 0.000261 2.492446
v 0.654521 0.000261 2.489017
v 0.737941 0.000261 2.485254
v 0.652495 0.000268 2.429049
v 0.570500 0.000263 2.431759
v 0.651590 0.000279 2.405315
v 0.569701 0.000265 2.407738
v 0.735823 0.000279 2.425798
v 0.734876 0.000306 2.402284
v 0.490280 0.000261 2.433948
v 0.490826 0.000261 2.456233
v 0.412279 0.000261 2.435635
v 0.412662 0.000261 2.458175
v 0.489634 0.000261 2.409621
v 0.411813 0.000261 2.411029
v 0.491283 0.000261 2.476661
v 0.491667 0.000261 2.495420
v 0.412977 0.000261 2.478837
v 0.413236 0.000261 2.497813
v 0.265051 0.000261 2.460474
v 0.265097 0.000261 2.481401
v 0.337332 0.000261 2.480383
v 0.337156 0.000261 2.459559
v 0.265133 0.000261 2.500606
v 0.337475 0.000261 2.499501
v 0.336937 0.000261 2.436839
v 0.264990 0.000261 2.437632
v 0.336664 0.000261 2.412029
v 0.264906 0.000261 2.412681
v 0.197172 0.000261 2.438089
v 0.197091 0.000261 2.461008
v 0.134216 0.000261 2.438283
v 0.134018 0.000261 2.461247
v 0.197261 0.000261 2.413046
v 0.134449 0.000261 2.413183
v 0.197021 0.000261 2.481996
v 0.196963 0.000261 2.501247
v 0.133852 0.000261 2.482270
v 0.133717 0.000261 2.501545
v 0.567702 0.000307 2.352900
v 0.568774 0.000270 2.381516
v 0.650550 0.000297 2.379410
v 0.649364 0.000346 2.351133
v 0.733790 0.000352 2.376630
v 0.732556 0.000435 2.348631
v 0.648022 0.000449 2.320282
v 0.566469 0.000408 2.321696
v 0.731169 0.000576 2.318080
v 0.486908 0.000416 2.322522
v 0.487971 0.000300 2.354092
v 0.409737 0.000431 2.322962
v 0.410570 0.000303 2.354869
v 0.488872 0.000261 2.383063
v 0.411253 0.000261 2.384166
v 0.264631 0.000291 2.355697
v 0.264794 0.000261 2.385429
v 0.336326 0.000261 2.384939
v 0.335898 0.000300 2.355392
v 0.335353 0.000416 2.323214
v 0.264396 0.000382 2.323309
v 0.197507 0.000344 2.323278
v 0.197444 0.000282 2.355822
v 0.135325 0.000315 2.323153
v 0.135013 0.000274 2.355803
v 0.197357 0.000261 2.385684
v 0.134718 0.000261 2.385751
v 0.573034 0.000261 2.525273
v 0.655418 0.000261 2.521451
v 0.655007 0.000261 2.505860
v 0.572682 0.000261 2.509495
v 0.738873 0.000261 2.517432
v 0.738446 0.000261 2.501961
v 0.491990 0.000261 2.512697
v 0.492260 0.000261 2.528681
v 0.413454 0.000261 2.515291
v 0.413634 0.000261 2.531456
v 0.492483 0.000261 2.543562
v 0.573330 0.000261 2.539976
v 0.492667 0.000261 2.557530
v 0.573578 0.000261 2.553800
v 0.413780 0.000261 2.546493
v 0.413897 0.000261 2.560587
v 0.655766 0.000261 2.535993
v 0.739235 0.000261 2.531872
v 0.656061 0.000261 2.549689
v 0.739543 0.000261 2.545488
v 0.573970 0.000261 2.579574
v 0.656539 0.000261 2.575308
v 0.656315 0.000261 2.562740
v 0.573789 0.000261 2.566943
v 0.740054 0.000261 2.571011
v 0.739813 0.000261 2.558482
v 0.492818 0.000261 2.570775
v 0.492944 0.000261 2.583477
v 0.413989 0.000261 2.573921
v 0.414062 0.000261 2.586687
v 0.493054 0.000261 2.595817
v 0.574132 0.000261 2.591864
v 0.493156 0.000261 2.607977
v 0.574285 0.000261 2.603984
v 0.414123 0.000261 2.599072
v 0.414177 0.000261 2.611269
v 0.656743 0.000261 2.587554
v 0.740275 0.000261 2.583230
v 0.656937 0.000261 2.599639
v 0.740486 0.000261 2.595293
v 0.265195 0.000261 2.534616
v 0.337695 0.000261 2.533382
v 0.337595 0.000261 2.517107
v 0.265166 0.000261 2.518283
v 0.196920 0.000261 2.518957
v 0.196889 0.000261 2.535314
v 0.133611 0.000261 2.519269
v 0.133529 0.000261 2.535632
v 0.196867 0.000261 2.550505
v 0.265220 0.000261 2.549791
v 0.196850 0.000261 2.564719
v 0.265240 0.000261 2.563994
v 0.133466 0.000261 2.550825
v 0.133419 0.000261 2.565040
v 0.337775 0.000261 2.548512
v 0.337839 0.000261 2.562679
v 0.265265 0.000261 2.590236
v 0.337923 0.000261 2.588872
v 0.337886 0.000261 2.576068
v 0.265255 0.000261 2.577410
v 0.196838 0.000261 2.578145
v 0.196828 0.000261 2.590979
v 0.133381 0.000261 2.578467
v 0.133351 0.000261 2.591304
v 0.196820 0.000261 2.603420
v 0.265272 0.000261 2.602668
v 0.196812 0.000261 2.615663
v 0.265279 0.000261 2.614903
v 0.133325 0.000261 2.603748
v 0.133303 0.000261 2.615994
v 0.337951 0.000261 2.601287
v 0.337976 0.000261 2.613508
v 0.906477 0.000261 2.509867
v 0.906174 0.000261 2.494344
v 0.822477 0.000261 2.497970
v 0.822861 0.000261 2.513432
v 0.905801 0.000261 2.477603
v 0.822018 0.000261 2.481283
v 0.823183 0.000261 2.527871
v 0.906727 0.000261 2.524364
v 0.823457 0.000261 2.541488
v 0.906937 0.000261 2.538032
v 0.988985 0.000261 2.521728
v 0.988819 0.000261 2.507149
v 1.069074 0.000261 2.520336
v 1.068983 0.000261 2.505694
v 0.989120 0.000261 2.535464
v 1.069142 0.000261 2.534126
v 0.988609 0.000261 2.491541
v 0.988339 0.000261 2.474714
v 1.068856 0.000261 2.490016
v 1.068678 0.000261 2.473116
v 1.219369 0.000261 2.507385
v 1.219316 0.000261 2.491718
v 1.145989 0.000261 2.490226
v 1.146065 0.000261 2.505914
v 1.219222 0.000261 2.474817
v 1.145869 0.000261 2.473311
v 1.146111 0.000261 2.520564
v 1.219395 0.000261 2.522012
v 1.146139 0.000261 2.534362
v 1.219406 0.000261 2.535794
v 1.288224 0.000261 2.524283
v 1.288197 0.000261 2.509681
v 1.288236 0.000261 2.538046
v 1.288144 0.000261 2.494039
v 1.288052 0.000261 2.477155
v 0.907288 0.000261 2.563620
v 0.907122 0.000261 2.551064
v 0.823698 0.000261 2.554483
v 0.823914 0.000261 2.567013
v 0.824113 0.000261 2.579232
v 0.907442 0.000261 2.575858
v 0.824304 0.000261 2.591295
v 0.907590 0.000261 2.587937
v 0.989445 0.000261 2.573405
v 0.989346 0.000261 2.561139
v 1.069305 0.000261 2.572170
v 1.069255 0.000261 2.559877
v 0.989540 0.000261 2.585507
v 1.069353 0.000261 2.584296
v 0.989239 0.000261 2.548547
v 1.069202 0.000261 2.547251
v 1.219423 0.000261 2.561571
v 1.219415 0.000261 2.548926
v 1.146164 0.000261 2.547499
v 1.146186 0.000261 2.560140
v 1.146206 0.000261 2.572449
v 1.219429 0.000261 2.573890
v 1.146225 0.000261 2.584593
v 1.219435 0.000261 2.586047
v 1.288258 0.000261 2.576139
v 1.288252 0.000261 2.563814
v 1.288262 0.000261 2.588304
v 1.288245 0.000261 2.551169
v 0.904789 0.000275 2.439712
v 0.820814 0.000270 2.443462
v 0.821468 0.000261 2.463171
v 0.905345 0.000261 2.459447
v 0.987994 0.000261 2.456481
v 0.987556 0.000279 2.436677
v 1.068436 0.000261 2.454811
v 1.068108 0.000281 2.434936
v 0.987004 0.000333 2.415141
v 0.904114 0.000317 2.418231
v 0.986319 0.000442 2.391708
v 0.903305 0.000401 2.394839
v 1.067674 0.000341 2.413329
v 1.067113 0.000460 2.389827
v 0.820042 0.000297 2.421988
v 0.819136 0.000352 2.398578
v 0.901222 0.000771 2.341621
v 0.816878 0.000593 2.345234
v 0.818084 0.000442 2.373061
v 0.902344 0.000542 2.369368
v 0.985481 0.000624 2.366216
v 0.984478 0.000918 2.338471
v 1.066405 0.000660 2.364268
v 1.065536 0.000984 2.336463
v 0.983298 0.001366 2.308281
v 0.899932 0.001121 2.311397
v 1.064490 0.001476 2.306224
v 0.815514 0.000829 2.314891
v 1.218863 0.000275 2.436556
v 1.145436 0.000279 2.435067
v 1.145690 0.000261 2.454980
v 1.219076 0.000261 2.456486
v 1.287912 0.000261 2.458830
v 1.287711 0.000270 2.438885
v 1.287438 0.000297 2.417144
v 1.218567 0.000317 2.414855
v 1.287082 0.000352 2.393428
v 1.218173 0.000401 2.391214
v 1.145087 0.000333 2.413409
v 1.144624 0.000442 2.389838
v 1.217033 0.000770 2.337406
v 1.143286 0.000918 2.336277
v 1.144028 0.000624 2.364191
v 1.217666 0.000542 2.365462
v 1.286633 0.000442 2.367560
v 1.286079 0.000589 2.339342
v 1.285414 0.000813 2.308574
v 1.216262 0.001117 2.306853
v 1.142382 0.001366 2.305909
v -0.239079 0.000262 1.332757
v -0.239646 0.000265 1.348165
v -0.217822 0.000267 1.348950
v -0.217471 0.000262 1.333360
v -0.193288 0.000267 1.349938
v -0.193119 0.000262 1.334201
v -0.240054 0.000272 1.364974
v -0.218049 0.000275 1.365905
v -0.193365 0.000276 1.367004
v -0.217017 0.000261 1.318933
v -0.238375 0.000261 1.318544
v -0.216478 0.000261 1.305469
v -0.237558 0.000261 1.305321
v -0.192873 0.000261 1.319599
v -0.192563 0.000261 1.305940
v -0.257337 0.000261 1.318407
v -0.258333 0.000262 1.332367
v -0.274293 0.000261 1.318497
v -0.275623 0.000261 1.332166
v -0.256186 0.000261 1.305475
v -0.272747 0.000261 1.305912
v -0.259149 0.000264 1.347562
v -0.259762 0.000269 1.364199
v -0.276715 0.000263 1.347121
v -0.277553 0.000265 1.363566
v -0.305871 0.000261 1.332215
v -0.307586 0.000261 1.346630
v -0.292732 0.000262 1.346822
v -0.291337 0.000261 1.332129
v -0.308913 0.000262 1.362654
v -0.293808 0.000263 1.363062
v -0.289633 0.000261 1.318788
v -0.303759 0.000261 1.319231
v -0.287626 0.000261 1.306608
v -0.301244 0.000261 1.307500
v -0.317077 0.000261 1.319775
v -0.319617 0.000261 1.332383
v -0.329991 0.000261 1.320369
v -0.332969 0.000261 1.332593
v -0.314020 0.000261 1.308522
v -0.326376 0.000261 1.309608
v -0.321665 0.000261 1.346508
v -0.323250 0.000261 1.362311
v -0.335357 0.000261 1.346422
v -0.337203 0.000261 1.362000
v -0.235676 0.000261 1.281031
v -0.236651 0.000261 1.292882
v -0.215875 0.000261 1.292766
v -0.215223 0.000261 1.280634
v -0.192203 0.000261 1.293029
v -0.191805 0.000261 1.280679
v -0.214539 0.000261 1.268883
v -0.234656 0.000261 1.269572
v -0.213839 0.000261 1.257322
v -0.233614 0.000261 1.258309
v -0.191383 0.000261 1.268704
v -0.190948 0.000261 1.256917
v -0.252071 0.000261 1.270792
v -0.253520 0.000261 1.281874
v -0.267120 0.000261 1.272563
v -0.269111 0.000261 1.283165
v -0.250590 0.000261 1.259916
v -0.265080 0.000261 1.262181
v -0.254902 0.000261 1.293366
v -0.271003 0.000261 1.294208
v -0.295051 0.000261 1.287017
v -0.298316 0.000261 1.296842
v -0.285326 0.000261 1.295395
v -0.282806 0.000261 1.284908
v -0.280140 0.000261 1.274905
v -0.291521 0.000261 1.277783
v -0.277400 0.000261 1.265143
v -0.287859 0.000261 1.268844
v -0.301654 0.000261 1.281163
v -0.306289 0.000261 1.289406
v -0.311164 0.000261 1.284793
v -0.317024 0.000261 1.291935
v -0.296767 0.000261 1.273325
v -0.304432 0.000261 1.278628
v -0.310417 0.000261 1.298462
v -0.322074 0.000261 1.300169
v -0.240343 0.000352 1.403554
v -0.218095 0.000363 1.404654
v -0.218135 0.000289 1.384424
v -0.240280 0.000283 1.383389
v -0.193217 0.000366 1.405857
v -0.193337 0.000291 1.385594
v -0.260147 0.000276 1.382483
v -0.260331 0.000338 1.402560
v -0.278115 0.000270 1.381702
v -0.278433 0.000322 1.401673
v -0.260338 0.000504 1.424573
v -0.240264 0.000532 1.425615
v -0.260192 0.000826 1.448667
v -0.240065 0.000875 1.449716
v -0.278537 0.000471 1.423623
v -0.278460 0.000762 1.447696
v -0.217947 0.000549 1.426742
v -0.193016 0.000551 1.427945
v -0.217708 0.000902 1.450834
v -0.192749 0.000901 1.452009
v -0.239391 0.002179 1.504668
v -0.217018 0.002235 1.505673
v -0.217393 0.001476 1.477075
v -0.239766 0.001436 1.476001
v -0.192058 0.002217 1.506730
v -0.192428 0.001468 1.478200
v -0.259920 0.001355 1.474986
v -0.259556 0.002059 1.503716
v -0.278230 0.001243 1.474036
v -0.277892 0.001889 1.502818
v -0.259135 0.002909 1.535043
v -0.238965 0.003070 1.535912
v -0.258692 0.003873 1.569153
v -0.238512 0.004074 1.569931
v -0.277488 0.002678 1.534219
v -0.277062 0.003585 1.568414
v -0.216596 0.003144 1.536833
v -0.191644 0.003115 1.537810
v -0.216140 0.004166 1.570760
v -0.191193 0.004126 1.571651
v -0.310474 0.000299 1.400203
v -0.295021 0.000310 1.400897
v -0.294558 0.000265 1.381039
v -0.309859 0.000263 1.380466
v -0.324398 0.000262 1.379952
v -0.325170 0.000289 1.399565
v -0.338556 0.000261 1.379468
v -0.339487 0.000280 1.398955
v -0.325623 0.000370 1.421282
v -0.310805 0.000404 1.422003
v -0.325818 0.000531 1.445235
v -0.310901 0.000613 1.446003
v -0.340066 0.000336 1.420586
v -0.340364 0.000447 1.444489
v -0.295235 0.000438 1.422775
v -0.295238 0.000690 1.446816
v -0.310579 0.001446 1.501177
v -0.294779 0.001682 1.501976
v -0.295071 0.001109 1.473160
v -0.310810 0.000960 1.472339
v -0.325815 0.000800 1.471556
v -0.325655 0.001191 1.500407
v -0.340452 0.000634 1.470790
v -0.340368 0.000926 1.499650
v -0.325382 0.001720 1.531949
v -0.310253 0.002070 1.532682
v -0.325039 0.002402 1.566344
v -0.309879 0.002834 1.567017
v -0.340152 0.001356 1.531226
v -0.339843 0.001955 1.565678
v -0.294408 0.002394 1.533435
v -0.294005 0.003234 1.567705
v -0.134149 0.000343 1.408537
v -0.134360 0.000282 1.388310
v -0.165510 0.000288 1.386904
v -0.165334 0.000358 1.407160
v -0.134528 0.000272 1.369692
v -0.165621 0.000275 1.368287
v -0.165101 0.000533 1.429215
v -0.133899 0.000500 1.430544
v -0.164818 0.000864 1.453231
v -0.133612 0.000799 1.454505
v -0.099112 0.000459 1.431922
v -0.099367 0.000325 1.409961
v -0.060437 0.000415 1.433340
v -0.060690 0.000307 1.411407
v -0.098827 0.000717 1.455834
v -0.060161 0.000626 1.457223
v -0.099595 0.000275 1.389768
v -0.099799 0.000268 1.371160
v -0.060924 0.000268 1.391234
v -0.061144 0.000264 1.372631
v 0.029557 0.000283 1.414030
v 0.029342 0.000263 1.393817
v -0.018053 0.000264 1.392663
v -0.017821 0.000292 1.412847
v 0.029133 0.000262 1.375175
v -0.018276 0.000262 1.374045
v -0.017574 0.000373 1.434788
v 0.029781 0.000344 1.436000
v -0.017309 0.000535 1.458677
v 0.030019 0.000464 1.459918
v 0.081935 0.000335 1.436709
v 0.081758 0.000283 1.414702
v 0.082115 0.000435 1.460665
v 0.081584 0.000265 1.394457
v 0.081411 0.000263 1.375790
v -0.132934 0.001935 1.509007
v -0.133290 0.001287 1.480590
v -0.164494 0.001400 1.479367
v -0.164130 0.002111 1.507836
v -0.163728 0.002965 1.538847
v -0.132544 0.002718 1.539963
v -0.163287 0.003932 1.572614
v -0.132122 0.003609 1.573665
v -0.097793 0.002395 1.541171
v -0.098166 0.001707 1.510257
v -0.059174 0.002019 1.542488
v -0.059526 0.001444 1.511603
v -0.097395 0.003184 1.574821
v -0.058805 0.002683 1.576097
v -0.098512 0.001140 1.481879
v -0.059856 0.000974 1.483246
v 0.030540 0.000935 1.514342
v 0.030274 0.000664 1.485969
v -0.017020 0.000802 1.484704
v -0.016710 0.001164 1.513059
v -0.016386 0.001611 1.543931
v 0.030813 0.001273 1.545222
v -0.016050 0.002132 1.577510
v 0.031087 0.001669 1.578797
v 0.082663 0.001105 1.546085
v 0.082486 0.000826 1.515168
v 0.082824 0.001434 1.579694
v 0.082301 0.000600 1.486756
v -0.134734 0.000262 1.336589
v -0.165635 0.000262 1.335303
v -0.165660 0.000266 1.351148
v -0.134652 0.000265 1.352510
v -0.099979 0.000264 1.353954
v -0.100135 0.000262 1.337982
v -0.061355 0.000262 1.355408
v -0.061554 0.000261 1.339403
v -0.100268 0.000261 1.323075
v -0.134780 0.000261 1.321753
v -0.100377 0.000261 1.309066
v -0.134791 0.000261 1.307826
v -0.061738 0.000261 1.324450
v -0.061905 0.000261 1.310386
v -0.165554 0.000261 1.320567
v -0.165426 0.000261 1.306755
v -0.134730 0.000261 1.281989
v -0.165065 0.000261 1.281164
v -0.165260 0.000261 1.293682
v -0.134772 0.000261 1.294633
v -0.100461 0.000261 1.295786
v -0.100527 0.000261 1.283052
v -0.062051 0.000261 1.297048
v -0.062183 0.000261 1.284253
v -0.100581 0.000261 1.270682
v -0.134673 0.000261 1.269711
v -0.100628 0.000261 1.258495
v -0.134608 0.000261 1.257617
v -0.062304 0.000261 1.271821
v -0.062420 0.000261 1.259571
v -0.164850 0.000261 1.269016
v -0.164626 0.000261 1.257053
v 0.028725 0.000261 1.341869
v -0.018708 0.000261 1.340774
v -0.018496 0.000261 1.356803
v 0.028926 0.000261 1.357913
v 0.081237 0.000262 1.358513
v 0.081067 0.000261 1.342459
v 0.080902 0.000261 1.327460
v 0.028533 0.000261 1.326874
v 0.080747 0.000261 1.313346
v 0.028352 0.000261 1.312764
v -0.018909 0.000261 1.325794
v -0.019097 0.000261 1.311698
v 0.028031 0.000261 1.286522
v -0.019425 0.000261 1.285493
v -0.019267 0.000261 1.298325
v 0.028186 0.000261 1.299374
v 0.080604 0.000261 1.299949
v 0.080470 0.000261 1.287090
v 0.080342 0.000261 1.274590
v 0.027884 0.000261 1.274030
v 0.080218 0.000261 1.262269
v 0.027740 0.000261 1.261718
v -0.019574 0.000261 1.273022
v -0.019718 0.000261 1.260732
v -0.235890 0.008521 1.825990
v -0.235654 0.008326 1.874283
v -0.213313 0.008478 1.874442
v -0.213509 0.008676 1.826241
v -0.188448 0.008406 1.874625
v -0.188605 0.008603 1.826526
v -0.235617 0.007784 1.923159
v -0.213302 0.007928 1.923248
v -0.188463 0.007860 1.923353
v -0.213841 0.008539 1.779038
v -0.236260 0.008386 1.778682
v -0.214258 0.008082 1.733224
v -0.236701 0.007935 1.732762
v -0.188897 0.008467 1.779438
v -0.189285 0.008013 1.733739
v -0.256500 0.008067 1.778365
v -0.256093 0.008199 1.825768
v -0.274908 0.007641 1.778080
v -0.274465 0.007770 1.825571
v -0.256964 0.007627 1.732346
v -0.275397 0.007212 1.731967
v -0.255819 0.008009 1.874144
v -0.255756 0.007481 1.923082
v -0.274155 0.007586 1.874022
v -0.274069 0.007073 1.923015
v -0.307125 0.006783 1.825232
v -0.306753 0.006608 1.873814
v -0.291010 0.007115 1.873913
v -0.291352 0.007294 1.825394
v -0.306629 0.006121 1.922903
v -0.290904 0.006616 1.922956
v -0.291831 0.007167 1.777821
v -0.307639 0.006656 1.777582
v -0.292349 0.006745 1.731618
v -0.308190 0.006239 1.731291
v -0.322704 0.006121 1.777355
v -0.322156 0.006248 1.825080
v -0.337397 0.005574 1.777136
v -0.336815 0.005702 1.824932
v -0.323290 0.005707 1.730979
v -0.338021 0.005162 1.730675
v -0.321756 0.006078 1.873722
v -0.321615 0.005600 1.922853
v -0.336388 0.005536 1.873633
v -0.336231 0.005067 1.922806
v -0.237602 0.006226 1.646586
v -0.237149 0.007184 1.688632
v -0.214710 0.007321 1.689191
v -0.215183 0.006350 1.647237
v -0.189732 0.007256 1.689810
v -0.190214 0.006293 1.647952
v -0.215665 0.005267 1.607661
v -0.238057 0.005158 1.606921
v -0.190708 0.005217 1.608465
v -0.258262 0.004921 1.606231
v -0.257836 0.005960 1.645985
v -0.276656 0.004588 1.605580
v -0.276254 0.005590 1.645424
v -0.257406 0.006893 1.688121
v -0.275840 0.006496 1.687650
v -0.309105 0.004675 1.644372
v -0.308673 0.005544 1.686787
v -0.292806 0.006042 1.687208
v -0.293223 0.005156 1.644888
v -0.293616 0.004187 1.604955
v -0.309501 0.003737 1.604348
v -0.324670 0.003253 1.603754
v -0.324263 0.004162 1.643870
v -0.339480 0.002753 1.603167
v -0.339058 0.003633 1.643373
v -0.323806 0.005017 1.686381
v -0.338573 0.004475 1.685982
v -0.236275 0.005755 2.021030
v -0.213946 0.005872 2.021073
v -0.213526 0.007013 1.972268
v -0.235841 0.006881 1.972214
v -0.189099 0.005818 2.021124
v -0.188690 0.006951 1.972332
v -0.255982 0.006600 1.972170
v -0.256431 0.005506 2.020996
v -0.274297 0.006219 1.972132
v -0.274761 0.005160 2.020967
v -0.257037 0.004334 2.069147
v -0.236866 0.004547 2.069187
v -0.257734 0.003222 2.116210
v -0.237561 0.003396 2.116264
v -0.275382 0.004032 2.069113
v -0.276083 0.002972 2.116164
v -0.214522 0.004646 2.069235
v -0.189663 0.004601 2.069292
v -0.215217 0.003475 2.116326
v -0.190354 0.003440 2.116399
v -0.239087 0.001674 2.205522
v -0.216807 0.001715 2.205615
v -0.215990 0.002500 2.161919
v -0.238310 0.002441 2.161841
v -0.191988 0.001697 2.205719
v -0.191143 0.002474 2.162008
v -0.258457 0.002309 2.161773
v -0.259192 0.001582 2.205439
v -0.276787 0.002115 2.161713
v -0.277485 0.001447 2.205366
v -0.259923 0.001032 2.246811
v -0.239868 0.001088 2.246907
v -0.260637 0.000646 2.285492
v -0.240629 0.000674 2.285600
v -0.278173 0.000949 2.246724
v -0.278842 0.000605 2.285393
v -0.217634 0.001112 2.247014
v -0.192847 0.001102 2.247133
v -0.218436 0.000687 2.285719
v -0.193679 0.000681 2.285852
v -0.307343 0.004309 2.020921
v -0.291608 0.004756 2.020942
v -0.291132 0.005784 1.972100
v -0.306857 0.005307 1.972070
v -0.321842 0.004804 1.972044
v -0.322337 0.003832 2.020902
v -0.336456 0.004287 1.972018
v -0.336961 0.003340 2.020884
v -0.323004 0.002827 2.069037
v -0.307995 0.003264 2.069059
v -0.323743 0.001933 2.116058
v -0.308718 0.002313 2.116089
v -0.337643 0.002376 2.069016
v -0.338398 0.001540 2.116028
v -0.292244 0.003670 2.069084
v -0.292954 0.002664 2.116124
v -0.310094 0.001076 2.205241
v -0.294332 0.001275 2.205301
v -0.293652 0.001874 2.161661
v -0.309419 0.001596 2.161615
v -0.324455 0.001293 2.161572
v -0.325132 0.000860 2.205186
v -0.339124 0.000979 2.161531
v -0.339808 0.000634 2.205133
v -0.325765 0.000585 2.246505
v -0.310736 0.000720 2.246574
v -0.326348 0.000423 2.285135
v -0.311342 0.000490 2.285217
v -0.340437 0.000445 2.246439
v -0.340998 0.000353 2.285055
v -0.294991 0.000843 2.246646
v -0.295625 0.000552 2.285302
v -0.130512 0.005118 2.021286
v -0.130114 0.006137 1.972533
v -0.160986 0.006649 1.972410
v -0.161390 0.005557 2.021186
v -0.129872 0.006957 1.923656
v -0.160753 0.007526 1.923477
v -0.161943 0.004386 2.069359
v -0.131050 0.004028 2.069457
v -0.162624 0.003272 2.116482
v -0.131714 0.002995 2.116590
v -0.096674 0.003556 2.069607
v -0.096159 0.004533 2.021451
v -0.058502 0.002999 2.069830
v -0.058026 0.003833 2.021710
v -0.097308 0.002636 2.116740
v -0.059091 0.002219 2.116944
v -0.095773 0.005450 1.972736
v -0.095523 0.006189 1.923926
v -0.057661 0.004618 1.973051
v -0.057407 0.005252 1.924324
v 0.030658 0.002381 2.022608
v 0.030934 0.002864 1.974121
v -0.015478 0.003675 1.973512
v -0.015806 0.003049 2.022088
v 0.031178 0.003255 1.925594
v -0.015225 0.004181 1.924887
v -0.016224 0.002386 2.070147
v 0.030320 0.001871 2.070589
v -0.016748 0.001769 2.117218
v 0.029889 0.001397 2.117597
v 0.081289 0.001608 2.071188
v 0.081523 0.002031 2.023290
v 0.080985 0.001215 2.118115
v 0.081732 0.002430 1.974882
v 0.081958 0.002753 1.926426
v -0.133328 0.001477 2.205973
v -0.132489 0.002149 2.162230
v -0.163414 0.002350 2.162107
v -0.164265 0.001613 2.205836
v -0.165134 0.001051 2.247267
v -0.134187 0.000970 2.247419
v -0.165974 0.000656 2.286000
v -0.135020 0.000615 2.286166
v -0.099699 0.000867 2.247596
v -0.098865 0.001304 2.206138
v -0.061364 0.000751 2.247801
v -0.060565 0.001109 2.206336
v -0.100512 0.000564 2.286355
v -0.062146 0.000506 2.286569
v -0.098053 0.001890 2.162384
v -0.059793 0.001593 2.162581
v 0.028693 0.000742 2.206877
v 0.029332 0.001025 2.163164
v -0.017393 0.001280 2.162832
v -0.018117 0.000905 2.206577
v -0.018873 0.000632 2.248041
v 0.028015 0.000537 2.248319
v -0.019620 0.000446 2.286813
v 0.027340 0.000399 2.287076
v 0.079544 0.000494 2.248639
v 0.080078 0.000667 2.207255
v 0.079004 0.000378 2.287346
v 0.080570 0.000904 2.163609
v -0.129880 0.007627 1.827245
v -0.160830 0.008242 1.826849
v -0.160711 0.008052 1.874835
v -0.129802 0.007449 1.875109
v -0.095420 0.006632 1.875484
v -0.095447 0.006792 1.827749
v -0.057263 0.005632 1.875996
v -0.057226 0.005769 1.828395
v -0.095590 0.006681 1.781061
v -0.130083 0.007504 1.780418
v -0.095834 0.006312 1.735758
v -0.130388 0.007095 1.734980
v -0.057291 0.005674 1.781847
v -0.057457 0.005357 1.736678
v -0.161081 0.008111 1.779887
v -0.161433 0.007673 1.734315
v -0.131208 0.005544 1.649628
v -0.162325 0.006014 1.648742
v -0.161857 0.006943 1.690499
v -0.130772 0.006412 1.691282
v -0.096164 0.005696 1.692180
v -0.096553 0.004915 1.650628
v -0.057719 0.004828 1.693217
v -0.058049 0.004158 1.651764
v -0.096972 0.004051 1.611408
v -0.131667 0.004580 1.610321
v -0.058420 0.003420 1.612623
v -0.162811 0.004979 1.609346
v 0.031635 0.003574 1.830135
v -0.014910 0.004594 1.829217
v -0.015031 0.004485 1.876683
v 0.031423 0.003489 1.877496
v 0.082243 0.002947 1.878385
v 0.082543 0.003017 1.831067
v 0.082813 0.002967 1.784784
v 0.031784 0.003514 1.783824
v 0.083007 0.002803 1.739846
v 0.031837 0.003317 1.738873
v -0.014875 0.004518 1.782806
v -0.014942 0.004263 1.737767
v 0.031593 0.002573 1.654284
v -0.015388 0.003304 1.653054
v -0.015123 0.003839 1.694415
v 0.031763 0.002988 1.695592
v 0.083080 0.002529 1.696562
v 0.083058 0.002184 1.655238
v 0.082964 0.001806 1.616180
v 0.031357 0.002118 1.615251
v -0.015707 0.002716 1.613985
v -0.243349 0.000261 2.458934
v -0.243296 0.000261 2.479648
v -0.221420 0.000261 2.480058
v -0.221375 0.000261 2.459249
v -0.196918 0.000261 2.480441
v -0.196789 0.000261 2.459553
v -0.243067 0.000261 2.498498
v -0.221324 0.000261 2.499029
v -0.196934 0.000261 2.499515
v -0.221191 0.000261 2.436423
v -0.243235 0.000261 2.436179
v -0.220871 0.000261 2.411398
v -0.242962 0.000261 2.411204
v -0.196545 0.000261 2.436666
v -0.196185 0.000261 2.411598
v -0.263053 0.000261 2.435934
v -0.263086 0.000261 2.458610
v -0.281021 0.000261 2.435688
v -0.280962 0.000261 2.458278
v -0.262837 0.000261 2.411016
v -0.280873 0.000261 2.410830
v -0.262921 0.000261 2.479218
v -0.262542 0.000261 2.497931
v -0.280671 0.000261 2.478772
v -0.280126 0.000261 2.497339
v -0.312624 0.000261 2.457603
v -0.312048 0.000261 2.477855
v -0.296922 0.000261 2.478317
v -0.297350 0.000261 2.457942
v -0.311130 0.000261 2.496106
v -0.296196 0.000261 2.496729
v -0.297514 0.000261 2.435440
v -0.312902 0.000261 2.435191
v -0.297447 0.000261 2.410644
v -0.312926 0.000261 2.410458
v -0.327552 0.000261 2.434941
v -0.327154 0.000261 2.457261
v -0.341834 0.000261 2.434690
v -0.341313 0.000261 2.456918
v -0.327674 0.000261 2.410273
v -0.342057 0.000261 2.410088
v -0.326424 0.000261 2.477388
v -0.325308 0.000261 2.495474
v -0.340426 0.000261 2.476919
v -0.339107 0.000261 2.494838
v -0.241991 0.000302 2.353889
v -0.242539 0.000261 2.383832
v -0.220417 0.000261 2.383993
v -0.219847 0.000303 2.354031
v -0.195706 0.000261 2.384165
v -0.195120 0.000303 2.354185
v -0.219180 0.000431 2.321332
v -0.241345 0.000426 2.321203
v -0.194441 0.000429 2.321475
v -0.261319 0.000415 2.321085
v -0.261936 0.000299 2.353759
v -0.279486 0.000398 2.320977
v -0.280066 0.000295 2.353636
v -0.262453 0.000261 2.383680
v -0.280541 0.000261 2.383533
v -0.312386 0.000284 2.353402
v -0.312740 0.000261 2.383245
v -0.297183 0.000261 2.383388
v -0.296763 0.000290 2.353517
v -0.296230 0.000377 2.320874
v -0.311906 0.000353 2.320776
v -0.326870 0.000326 2.320681
v -0.327292 0.000277 2.353289
v -0.341479 0.000298 2.320588
v -0.341841 0.000270 2.353177
v -0.327574 0.000261 2.383104
v -0.342046 0.000261 2.382963
v -0.242081 0.000261 2.531351
v -0.220719 0.000261 2.532209
v -0.221085 0.000261 2.516343
v -0.242656 0.000261 2.515662
v -0.196648 0.000261 2.532975
v -0.196840 0.000261 2.516958
v -0.261934 0.000261 2.514927
v -0.261118 0.000261 2.530414
v -0.279301 0.000261 2.514151
v -0.278214 0.000261 2.529412
v -0.260114 0.000261 2.544601
v -0.241363 0.000261 2.545776
v -0.258944 0.000261 2.557701
v -0.240521 0.000261 2.559147
v -0.276882 0.000261 2.543328
v -0.275323 0.000261 2.556104
v -0.220243 0.000261 2.546837
v -0.196371 0.000261 2.547771
v -0.219673 0.000261 2.560433
v -0.196020 0.000261 2.561551
v -0.238551 0.000261 2.583570
v -0.218319 0.000261 2.585365
v -0.219025 0.000261 2.573207
v -0.239575 0.000261 2.571675
v -0.195152 0.000261 2.586882
v -0.195609 0.000261 2.574520
v -0.257627 0.000261 2.569921
v -0.256201 0.000261 2.581483
v -0.273552 0.000261 2.567946
v -0.271624 0.000261 2.579088
v -0.254703 0.000261 2.592605
v -0.237475 0.000261 2.595044
v -0.253167 0.000261 2.603508
v -0.236373 0.000261 2.606308
v -0.269590 0.000261 2.589763
v -0.267503 0.000261 2.600204
v -0.217574 0.000261 2.597111
v -0.194665 0.000261 2.598838
v -0.216809 0.000261 2.608652
v -0.194162 0.000261 2.610591
v -0.308127 0.000261 2.527268
v -0.293755 0.000261 2.528359
v -0.295138 0.000261 2.513345
v -0.309826 0.000261 2.512517
v -0.323750 0.000261 2.511674
v -0.321722 0.000261 2.526152
v -0.337291 0.000261 2.510824
v -0.334928 0.000261 2.525024
v -0.319197 0.000261 2.539073
v -0.306024 0.000261 2.540542
v -0.316146 0.000261 2.550603
v -0.303508 0.000261 2.552520
v -0.331971 0.000261 2.537584
v -0.328368 0.000261 2.548651
v -0.292053 0.000261 2.541967
v -0.290039 0.000261 2.554365
v -0.297286 0.000261 2.573386
v -0.285172 0.000261 2.576370
v -0.287720 0.000261 2.565748
v -0.300570 0.000261 2.563383
v -0.312541 0.000261 2.560905
v -0.308407 0.000261 2.570194
v -0.324073 0.000261 2.558373
v -0.319030 0.000261 2.566897
v -0.303768 0.000261 2.578680
v -0.293735 0.000261 2.582785
v -0.298877 0.000261 2.586766
v -0.290049 0.000261 2.591882
v -0.313186 0.000261 2.574372
v -0.306486 0.000261 2.580945
v -0.282471 0.000261 2.586484
v -0.279694 0.000261 2.596345
v -0.138917 0.000261 2.534195
v -0.138875 0.000261 2.517962
v -0.169541 0.000261 2.517495
v -0.169484 0.000261 2.533633
v -0.138771 0.000261 2.500337
v -0.169521 0.000261 2.499949
v -0.169361 0.000261 2.548565
v -0.138908 0.000261 2.549232
v -0.169181 0.000261 2.562492
v -0.138855 0.000261 2.563272
v -0.104709 0.000261 2.549785
v -0.104641 0.000261 2.534671
v -0.066459 0.000261 2.550236
v -0.066346 0.000261 2.535071
v -0.104743 0.000261 2.563906
v -0.066544 0.000261 2.564412
v -0.104531 0.000261 2.518370
v -0.104370 0.000261 2.500686
v -0.066198 0.000261 2.518725
v -0.066006 0.000261 2.501005
v 0.023565 0.000261 2.535639
v 0.023716 0.000261 2.519264
v -0.023565 0.000261 2.519039
v -0.023725 0.000261 2.535407
v 0.023903 0.000261 2.501522
v -0.023365 0.000261 2.501300
v -0.023854 0.000261 2.550598
v 0.023444 0.000261 2.550839
v -0.023958 0.000261 2.564804
v 0.023344 0.000261 2.565056
v 0.075771 0.000261 2.550925
v 0.075869 0.000261 2.535727
v 0.075693 0.000261 2.565143
v 0.075992 0.000261 2.519356
v 0.076147 0.000261 2.501620
v -0.138658 0.000261 2.589153
v -0.138770 0.000261 2.576512
v -0.168956 0.000261 2.575615
v -0.168696 0.000261 2.588136
v -0.168413 0.000261 2.600255
v -0.138531 0.000261 2.601395
v -0.168119 0.000261 2.612174
v -0.138395 0.000261 2.613437
v -0.104727 0.000261 2.602288
v -0.104746 0.000261 2.589959
v -0.066713 0.000261 2.602966
v -0.066667 0.000261 2.590578
v -0.104702 0.000261 2.614418
v -0.066754 0.000261 2.615155
v -0.104754 0.000261 2.577231
v -0.066612 0.000261 2.577793
v 0.023183 0.000261 2.591319
v 0.023258 0.000261 2.578484
v -0.024048 0.000261 2.578217
v -0.024127 0.000261 2.591036
v -0.024198 0.000261 2.603459
v 0.023114 0.000261 2.603759
v -0.024265 0.000261 2.615684
v 0.023050 0.000261 2.616002
v 0.075523 0.000261 2.603858
v 0.075572 0.000261 2.591413
v 0.075477 0.000261 2.616107
v 0.075628 0.000261 2.578573
v -0.138344 0.000261 2.460121
v -0.169216 0.000261 2.459842
v -0.169414 0.000261 2.480793
v -0.138595 0.000261 2.481119
v -0.104148 0.000261 2.481425
v -0.103860 0.000261 2.460394
v -0.065759 0.000261 2.481716
v -0.065454 0.000261 2.460665
v -0.103500 0.000261 2.437403
v -0.138010 0.000261 2.437154
v -0.103061 0.000261 2.412261
v -0.137588 0.000261 2.412028
v -0.065082 0.000261 2.437660
v -0.064640 0.000261 2.412507
v -0.168921 0.000261 2.436909
v -0.168526 0.000261 2.411808
v -0.136468 0.000296 2.354546
v -0.167429 0.000300 2.354356
v -0.168026 0.000261 2.384352
v -0.137072 0.000261 2.384555
v -0.102539 0.000261 2.384774
v -0.101936 0.000291 2.354754
v -0.064121 0.000261 2.385011
v -0.063529 0.000285 2.354984
v -0.101259 0.000382 2.322011
v -0.135783 0.000403 2.321812
v -0.062870 0.000359 2.322233
v -0.166742 0.000419 2.321634
v 0.024416 0.000261 2.461161
v -0.022811 0.000261 2.460938
v -0.023115 0.000261 2.481998
v 0.024135 0.000261 2.482219
v 0.076340 0.000261 2.482327
v 0.076576 0.000261 2.461281
v 0.076858 0.000261 2.438287
v 0.024752 0.000261 2.438152
v 0.077190 0.000261 2.413151
v 0.025148 0.000261 2.412998
v -0.022447 0.000261 2.437926
v -0.022016 0.000261 2.412767
v 0.026133 0.000275 2.355478
v -0.020944 0.000279 2.355236
v -0.021514 0.000261 2.385267
v 0.025610 0.000261 2.385503
v 0.077578 0.000261 2.385677
v 0.078014 0.000273 2.355678
v 0.078491 0.000308 2.322963
v 0.026711 0.000316 2.322732
v -0.020311 0.000335 2.322481
vn 0.000000 1.000000 0.000000
vn 0.000000 1.000000 0.000000
vn 0.000000 1.000000 0.000000
vn 0.000000 1.000000 0.000000
vn 0.000000 1.000000 0.000000
vn 0.000000 1.000000 0.000000
vn 0.000000 1.000000 0.000000
vn 0.000000 1.000000 0.000000
vn 0.000000 1.000000 0.000000
vn 0.000000 1.000000 0.000000
vn 0.000000 1.000000 0.000000
vn 0.000000 1.000000 0.000000
vn 0.000000 1.000000 0.000000
vn 0.000000 1.000000 0.000000
vn 0.000000 1.000000 0.000000
vn 0.000000 1.000000 0.000000
vn 0.000000 1.000000 0.000000
vn 0.000000 1.000000 0.000000
vn 0.000000 1.000000 0.000000
vn 0.000000 1.000000 0.000000
vn 0.000000 1.000000 0.000000
vn 0.000000 1.000000 0.000000
vn 0.000000 1.000000 0.000000
vn 0.000000 1.000000 0.000000
vn 0.000000 1.000000 0.000000
vn 0.000000 1.000000 0.000000
vn 0.000000 1.000000 0.000000
vn 0.000000 1.000000 0.000000
vn 0.000000 1.000000 0.000000
vn 0.000000 1.000000 0.000000
vn 0.000000 1.000000 0.000000
vn 0.000000 1.000000 0.000000
vn 0.000000 1.000000 0.000000
vn 0.000000 1.000000 0.000000
vn 0.000000 1.000000 0.000000
vn 0.000000 1.000000 0.000000
vn 0.000000 1.000000 0.000000
vn 0.000000 1.000000 0.000000
vn 0.000000 1.000000 0.000000
vn 0.000000 1.000000 0.000000
vn 0.000000 1.000000 0.000000
vn 0.000000 1.000000 0.000000
vn 0.000000 1.000000 0.000000
vn 0.000000 1.000000 0.000000
vn 0.000000 1.000000 0.000000
vn 0.000000 1.000000 0.000000
vn 0.000000 1.000000 0.000000
vn 0.000000 1.000000 0.000000
vn 0.000000 1.000000 0.000000
vn 0.000000 1.000000 0.000000
vn 0.000000 1.000000 0.000000
vn 0.000000 1.000000 0.000000
vn 0.000000 1.000000 0.000000
vn 0.000000 1.000000 0.000000
vn 0.000000 1.000000 0.000000
vn 0.000000 1.000000 0.000000
vn 0.000000 1.000000 0.000000
vn 0.000000 1.000000 0.000000
vn 0.000000 1.000000 0.000000
vn 0.000000 1.000000 0.000000
vn 0.000000 1.000000 0.000000
vn 0.000000 1.000000 0.000000
vn 0.000000 1.000000 0.000000
vn 0.000000 1.000000 0.000000
vn 0.000000 1.000000 0.000000
vn 0.000000 1.000000 0.000000
vn 0.000000 1.000000 0.000000
vn 0.000000 1.000000 0.000000
vn 0.000000 1.000000 0.000000
vn 0.000000 1.000000 0.000000
vn 0.000000 1.000000 0.000000
vn 0.000000 1.000000 0.000000
vn 0.000000 1.000000 0.000000
vn 0.000000 1.000000 0.000000
vn 0.000000 1.000000 0.000000
vn 0.000000 1.000000 0.000000
vn 0.000000 1.000000 0.000000
vn 0.000000 1.000000 0.000000
vn 0.000000 1.000000 0.000000
vn 0.000000 1.000000 0.000000
vn 0.000000 1.000000 0.000000
vn 0.000000 1.000000 0.000000
vn 0.000000 1.000000 0.000000
vn 0.000000 1.000000 0.000000
vn 0.000000 1.000000 0.000000
vn 0.000000 1.000000 0.000000
vn 0.000000 1.000000 0.000000
vn 0.000000 1.000000 0.000000
vn 0.000000 1.000000 0.000000
vn 0.000000 1.000000 0.000000
vn 0.000000 1.000000 0.000000
vn 0.000000 1.000000 0.000000
vn 0.000000 1.000000 0.000000
vn 0.000000 1.000000 0.000000
vn 0.000000 1.000000 0.000000
vn 0.000000 1.000000 0.000000
vn 0.000000 1.000000 0.000000
vn 0.000000 1.000000 0.000000
vn 0.000000 1.000000 0.000000
vn 0.000000 1.000000 0.000000
vn 0.000000 1.000000 0.000000
vn 0.000000 1.000000 0.000000
vn 0.000000 1.000000 0.000000
vn 0.000000 1.000000 0.000000
vn 0.000000 1.000000 0.000000
vn 0.000000 1.000000 0.000000
vn 0.000000 1.000000 0.000000
vn 0.000000 1.000000 0.000000
vn 0.000000 1.000000 0.000000
vn 0.000000 1.000000 0.000000
vn 0.000000 1.000000 0.000000
vn 0.000000 1.000000 0.000000
vn 0.000000 1.000000 0.000000
vn 0.000000 1.000000 0.000000
vn 0.000000 1.000000 0.000000
vn 0.000000 1.000000 0.000000
vn 0.000000 1.000000 0.000000
vn 0.000000 1.000000 0.000000
vn 0.000000 1.000000 0.000000
vn 0.000000 1.000000 0.000000
vn 0.000000 1.000000 0.000000
vn 0.000000 1.000000 0.000000
vn 0.000000 1.000000 0.000000
vn 0.000000 1.000000 0.000000
vn 0.000000 1.000000 0.000000
vn 0.000000 1.000000 0.000000
vn 0.000000 1.000000 0.000000
vn 0.000000 1.000000 0.000000
vn 0.000000 1.000000 0.000000
vn 0.000000 1.000000 0.000000
vn 0.000000 1.000000 0.000000
vn 0.000000 1.000000 0.000000
vn 0.000000 1.000000 0.000000
vn 0.000000 1.000000 0.000000
vn 0.000000 1.000000 0.000000
vn 0.000000 1.000000 0.000000
vn 0.000000 1.000000 0.000000
vn 0.000000 1.000000 0.000000
vn 0.000000 1.000000 0.000000
vn 0.000000 1.000000 0.000000
vn 0.000000 1.000000 0.000000
vn 0.000000 1.000000 0.000000
vn 0.000000 1.000000 0.000000
vn 0.000000 1.000000 0.000000
vn 0.000000 1.000000 0.000000
vn 0.000000 1.000000 0.000000
vn 0.000000 1.000000 0.000000
vn 0.000000 1.000000 0.000000
vn 0.000000 1.000000 0.000000
vn 0.000000 1.000000 0.000000
vn 0.000000 1.000000 0.000000
vn 0.000000 1.000000 0.000000
vn 0.000000 1.000000 0.000000
vn 0.000000 1.000000 0.000000
vn 0.000000 1.000000 0.000000
vn 0.000000 1.000000 0.000000
vn 0.000000 1.000000 0.000000
vn 0.000000 1.000000 0.000000
vn 0.000000 1.000000 0.000000
vn 0.000000 1.000000 0.000000
vn 0.000000 1.000000 0.000000
vn 0.000000 1.000000 0.000000
vn 0.000000 1.000000 0.000000
vn 0.000000 1.000000 0.000000
vn 0.000000 1.000000 0.000000
vn 0.000000 1.000000 0.000000
vn 0.000000 1.000000 0.000000
vn 0.000000 1.000000 0.000000
vn 0.000000 1.000000 0.000000
vn 0.000000 1.000000 0.000000
vn 0.000000 1.000000 0.000000
vn 0.000000 1.000000 0.000000
vn 0.000000 1.000000 0.000000
vn 0.002000 1.000000 -0.000800
vn 0.002300 1.000000 -0.000700
vn 0.000600 1.000000 -0.000100
vn 0.000500 1.000000 -0.000100
vn 0.002700 1.000000 -0.000600
vn 0.000700 1.000000 -0.000100
vn 0.000400 1.000000 -0.000100
vn 0.001700 1.000000 -0.000800
vn 0.000400 1.000000 -0.000100
vn 0.001400 1.000000 -0.000800
vn 0.003500 1.000000 -0.002700
vn 0.004200 1.000000 -0.002600
vn 0.005700 0.999900 -0.006200
vn 0.006800 0.999900 -0.006000
vn 0.002800 1.000000 -0.002600
vn 0.004700 1.000000 -0.006100
vn 0.004900 1.000000 -0.002400
vn 0.005600 1.000000 -0.002100
vn 0.007900 0.999900 -0.005600
vn 0.009000 0.999900 -0.004900
vn 0.000000 1.000000 0.000000
vn 0.000000 1.000000 0.000000
vn 0.000000 1.000000 0.000000
vn 0.000000 1.000000 0.000000
vn 0.000000 1.000000 0.000000
vn 0.000000 1.000000 0.000000
vn 0.000000 1.000000 0.000000
vn 0.000000 1.000000 0.000000
vn 0.000000 1.000000 0.000000
vn 0.000000 1.000000 0.000000
vn 0.000000 1.000000 0.000000
vn 0.000000 1.000000 0.000000
vn 0.000000 1.000000 0.000000
vn 0.000000 1.000000 0.000000
vn 0.000000 1.000000 0.000000
vn 0.000000 1.000000 0.000000
vn 0.000800 1.000000 -0.000700
vn 0.001100 1.000000 -0.000800
vn 0.000300 1.000000 -0.000100
vn 0.000200 1.000000 -0.000100
vn 0.000200 1.000000 -0.000100
vn 0.000600 1.000000 -0.000700
vn 0.000100 1.000000 -0.000100
vn 0.000500 1.000000 -0.000700
vn 0.001200 1.000000 -0.002300
vn 0.001700 1.000000 -0.002400
vn 0.002000 1.000000 -0.005400
vn 0.002800 1.000000 -0.005600
vn 0.000900 1.000000 -0.002300
vn 0.001600 1.000000 -0.005400
vn 0.002300 1.000000 -0.002500
vn 0.003700 1.000000 -0.005800
vn 0.000000 1.000000 0.000000
vn 0.000000 1.000000 0.000000
vn 0.000000 1.000000 0.000000
vn 0.000000 1.000000 0.000000
vn 0.000000 1.000000 0.000000
vn 0.000000 1.000000 0.000000
vn 0.000000 1.000000 0.000000
vn 0.000000 1.000000 0.000000
vn 0.000000 1.000000 0.000000
vn 0.000000 1.000000 0.000000
vn 0.000000 1.000000 0.000000
vn 0.000000 1.000000 0.000000
vn 0.000000 1.000000 0.000000
vn 0.000000 1.000000 0.000000
vn 0.000000 1.000000 0.000000
vn 0.000000 1.000000 0.000000
vn 0.000000 1.000000 0.000000
vn 0.000000 1.000000 0.000000
vn 0.000000 1.000000 0.000000
vn 0.000000 1.000000 0.000000
vn 0.000000 1.000000 0.000000
vn 0.000000 1.000000 0.000000
vn 0.000000 1.000000 0.000000
vn 0.000000 1.000000 0.000000
vn 0.000000 1.000000 0.000000
vn 0.000000 1.000000 0.000000
vn 0.000000 1.000000 0.000000
vn 0.000000 1.000000 0.000000
vn 0.000000 1.000000 0.000000
vn 0.000000 1.000000 0.000000
vn 0.000000 1.000000 0.000000
vn 0.000000 1.000000 0.000000
vn 0.003300 1.000000 -0.000400
vn 0.000900 1.000000 -0.000100
vn 0.000800 1.000000 -0.000100
vn 0.003000 1.000000 -0.000500
vn 0.006200 1.000000 -0.001800
vn 0.006800 1.000000 -0.001400
vn 0.010100 0.999900 -0.004200
vn 0.011000 0.999900 -0.003300
vn 0.007300 1.000000 -0.001000
vn 0.003500 1.000000 -0.000300
vn 0.007600 1.000000 -0.000600
vn 0.003700 1.000000 -0.000200
vn 0.011800 0.999900 -0.002400
vn 0.012400 0.999900 -0.001500
vn 0.000900 1.000000 -0.000000
vn 0.001000 1.000000 0.000000
vn 0.003800 1.000000 0.000100
vn 0.001000 1.000000 0.000000
vn 0.001000 1.000000 0.000000
vn 0.003800 1.000000 -0.000000
vn 0.007800 0.999900 -0.000200
vn 0.007800 0.999900 0.000300
vn 0.012700 0.999900 -0.000500
vn 0.012600 0.999900 0.000700
vn 0.007500 1.000000 0.000800
vn 0.003700 1.000000 0.000300
vn 0.006900 1.000000 0.001300
vn 0.003400 1.000000 0.000400
vn 0.012100 0.999900 0.001900
vn 0.011100 0.999900 0.003100
vn 0.001000 1.000000 0.000000
vn 0.000900 1.000000 0.000100
vn 0.000000 1.000000 0.000000
vn 0.000000 1.000000 0.000000
vn 0.000000 1.000000 0.000000
vn 0.000000 1.000000 0.000000
vn 0.000000 1.000000 0.000000
vn 0.000000 1.000000 0.000000
vn 0.000000 1.000000 0.000000
vn 0.000000 1.000000 0.000000
vn 0.000000 1.000000 0.000000
vn 0.000000 1.000000 0.000000
vn 0.000000 1.000000 0.000000
vn 0.000000 1.000000 0.000000
vn 0.000000 1.000000 0.000000
vn 0.000000 1.000000 0.000000
vn 0.000000 1.000000 0.000000
vn 0.000000 1.000000 0.000000
vn 0.000000 1.000000 0.000000
vn 0.000000 1.000000 0.000000
vn 0.000000 1.000000 0.000000
vn 0.000000 1.000000 0.000000
vn 0.000000 1.000000 0.000000
vn 0.000000 1.000000 0.000000
vn 0.000000 1.000000 0.000000
vn 0.000000 1.000000 0.000000
vn 0.000000 1.000000 0.000000
vn 0.000800 1.000000 0.000000
vn 0.001000 1.000000 -0.000200
vn 0.000200 1.000000 -0.000000
vn 0.000200 1.000000 -0.000000
vn 0.001500 1.000000 -0.000500
vn 0.000400 1.000000 -0.000100
vn 0.000200 1.000000 -0.000000
vn 0.000900 1.000000 0.000200
vn 0.000300 1.000000 0.000100
vn 0.001300 1.000000 0.000400
vn 0.001900 1.000000 0.000600
vn 0.001700 1.000000 -0.000000
vn 0.003000 1.000000 0.001300
vn 0.002700 1.000000 -0.000100
vn 0.002500 1.000000 0.001100
vn 0.004100 1.000000 0.002700
vn 0.002000 1.000000 -0.000800
vn 0.003000 1.000000 -0.001600
vn 0.003200 1.000000 -0.001800
vn 0.004800 1.000000 -0.003800
vn 0.000000 1.000000 0.000000
vn 0.000000 1.000000 0.000000
vn 0.000000 1.000000 0.000000
vn 0.000000 1.000000 0.000000
vn 0.000000 1.000000 0.000000
vn 0.000000 1.000000 0.000000
vn 0.000000 1.000000 0.000000
vn 0.000000 1.000000 0.000000
vn 0.000000 1.000000 0.000000
vn 0.000000 1.000000 0.000000
vn 0.000000 1.000000 0.000000
vn 0.000000 1.000000 0.000000
vn 0.000000 1.000000 0.000000
vn 0.000000 1.000000 0.000000
vn 0.000000 1.000000 0.000000
vn 0.002300 1.000000 0.000500
vn 0.001700 1.000000 0.000500
vn 0.000500 1.000000 0.000100
vn 0.000600 1.000000 0.000100
vn 0.000800 1.000000 0.000100
vn 0.002900 1.000000 0.000500
vn 0.005900 1.000000 0.001700
vn 0.004800 1.000000 0.001800
vn 0.009600 0.999900 0.003900
vn 0.007700 0.999900 0.004100
vn 0.003600 1.000000 0.001600
vn 0.005700 1.000000 0.003600
vn 0.000000 1.000000 0.000000
vn 0.000000 1.000000 0.000000
vn 0.000000 1.000000 0.000000
vn 0.000000 1.000000 0.000000
vn 0.000000 1.000000 0.000000
vn 0.000000 1.000000 0.000000
vn 0.000000 1.000000 0.000000
vn 0.000000 1.000000 0.000000
vn 0.000000 1.000000 0.000000
vn 0.000000 1.000000 0.000000
vn 0.000000 1.000000 0.000000
vn 0.000000 1.000000 0.000000
vn 0.000000 1.000000 0.000000
vn 0.000000 1.000000 0.000000
vn 0.000000 1.000000 0.000000
vn 0.000000 1.000000 0.000000
vn 0.000000 1.000000 0.000000
vn 0.000000 1.000000 0.000000
vn 0.000000 1.000000 0.000000
vn 0.000000 1.000000 0.000000
vn 0.000000 1.000000 0.000000
vn 0.000000 1.000000 0.000000
vn 0.000000 1.000000 0.000000
vn 0.000000 1.000000 0.000000
vn 0.000000 1.000000 0.000000
vn 0.000000 1.000000 0.000000
vn 0.000000 1.000000 0.000000
vn 0.000000 1.000000 0.000000
vn 0.000000 1.000000 0.000000
vn 0.000000 1.000000 0.000000
vn 0.000000 1.000000 0.000000
vn 0.000000 1.000000 0.000000
vn 0.000000 1.000000 0.000000
vn 0.000000 1.000000 0.000000
vn 0.000000 1.000000 0.000000
vn 0.000000 1.000000 0.000000
vn 0.000000 1.000000 0.000000
vn 0.000000 1.000000 0.000000
vn 0.000000 1.000000 0.000000
vn 0.000000 1.000000 0.000000
vn 0.003100 1.000000 -0.000700
vn 0.000900 1.000000 -0.000100
vn 0.000600 1.000000 -0.000100
vn 0.002300 1.000000 -0.000700
vn 0.004600 1.000000 -0.002200
vn 0.006400 1.000000 -0.002300
vn 0.007300 0.999900 -0.005200
vn 0.010300 0.999900 -0.005200
vn 0.007900 0.999900 -0.001700
vn 0.003900 1.000000 -0.000500
vn 0.008600 0.999900 -0.000300
vn 0.004200 1.000000 -0.000100
vn 0.012700 0.999900 -0.003800
vn 0.013800 0.999900 -0.000700
vn 0.001000 1.000000 -0.000100
vn 0.001100 1.000000 -0.000000
vn 0.003400 1.000000 0.000600
vn 0.000900 1.000000 0.000100
vn 0.001100 1.000000 -0.000000
vn 0.004000 1.000000 0.000300
vn 0.008200 0.999900 0.001100
vn 0.006900 1.000000 0.002100
vn 0.013200 0.999900 0.002700
vn 0.011100 0.999900 0.005100
vn 0.005200 1.000000 0.002600
vn 0.002600 1.000000 0.000800
vn 0.003600 1.000000 0.002400
vn 0.001700 1.000000 0.000700
vn 0.008400 0.999900 0.006200
vn 0.005700 0.999900 0.005700
vn 0.000700 1.000000 0.000100
vn 0.000500 1.000000 0.000100
vn 0.000000 1.000000 0.000000
vn 0.000000 1.000000 0.000000
vn 0.000000 1.000000 0.000000
vn 0.000000 1.000000 0.000000
vn 0.000000 1.000000 0.000000
vn 0.000000 1.000000 0.000000
vn 0.000000 1.000000 0.000000
vn 0.000000 1.000000 0.000000
vn 0.000000 1.000000 0.000000
vn 0.000000 1.000000 0.000000
vn 0.000000 1.000000 0.000000
vn 0.000000 1.000000 0.000000
vn 0.000000 1.000000 0.000000
vn 0.000000 1.000000 0.000000
vn 0.000000 1.000000 0.000000
vn 0.000000 1.000000 0.000000
vn 0.000000 1.000000 0.000000
vn 0.000000 1.000000 0.000000
vn 0.000000 1.000000 0.000000
vn 0.000000 1.000000 0.000000
vn 0.000000 1.000000 0.000000
vn 0.000000 1.000000 0.000000
vn 0.000000 1.000000 0.000000
vn 0.000000 1.000000 0.000000
vn 0.000000 1.000000 0.000000
vn 0.000000 1.000000 0.000000
vn 0.000000 1.000000 0.000000
vn 0.000000 1.000000 0.000000
vn 0.000000 1.000000 0.000000
vn 0.000000 1.000000 0.000000
vn 0.000000 1.000000 0.000000
vn 0.000000 1.000000 0.000000
vn 0.000000 1.000000 0.000000
vn 0.000000 1.000000 0.000000
vn 0.000000 1.000000 0.000000
vn 0.000000 1.000000 0.000000
vn 0.000000 1.000000 0.000000
vn 0.000000 1.000000 0.000000
vn 0.000000 1.000000 0.000000
vn 0.000000 1.000000 0.000000
vn 0.000000 1.000000 0.000000
vn 0.000000 1.000000 0.000000
vn 0.000000 1.000000 0.000000
vn 0.000000 1.000000 0.000000
vn 0.000000 1.000000 0.000000
vn 0.000000 1.000000 0.000000
vn 0.000000 1.000000 0.000000
vn 0.000000 1.000000 0.000000
vn 0.000000 1.000000 0.000000
vn 0.000000 1.000000 0.000000
vn 0.000000 1.000000 0.000000
vn 0.000000 1.000000 0.000000
vn 0.000000 1.000000 0.000000
vn 0.000000 1.000000 0.000000
vn 0.000000 1.000000 0.000000
vn 0.000000 1.000000 0.000000
vn 0.000000 1.000000 0.000000
vn 0.000000 1.000000 0.000000
vn 0.000000 1.000000 0.000000
vn 0.000000 1.000000 0.000000
vn 0.000000 1.000000 0.000000
vn 0.000000 1.000000 0.000000
vn 0.000000 1.000000 0.000000
vn 0.000000 1.000000 0.000000
vn 0.000000 1.000000 0.000000
vn 0.000000 1.000000 0.000000
vn 0.000000 1.000000 0.000000
vn 0.000000 1.000000 0.000000
vn 0.000000 1.000000 0.000000
vn 0.000000 1.000000 0.000000
vn 0.000000 1.000000 0.000000
vn 0.000000 1.000000 0.000000
vn 0.000000 1.000000 0.000000
vn 0.000000 1.000000 0.000000
vn 0.000000 1.000000 0.000000
vn 0.000000 1.000000 0.000000
vn 0.000000 1.000000 0.000000
vn 0.000000 1.000000 0.000000
vn 0.000000 1.000000 0.000000
vn 0.000000 1.000000 0.000000
vn 0.000000 1.000000 0.000000
vn 0.000000 1.000000 0.000000
vn 0.000000 1.000000 0.000000
vn 0.000000 1.000000 0.000000
vn 0.000000 1.000000 0.000000
vn 0.000000 1.000000 0.000000
vn 0.000000 1.000000 0.000000
vn 0.000000 1.000000 0.000000
vn 0.000000 1.000000 0.000000
vn 0.000000 1.000000 0.000000
vn 0.000000 1.000000 0.000000
vn 0.000000 1.000000 0.000000
vn 0.000000 1.000000 0.000000
vn 0.000000 1.000000 0.000000
vn 0.000000 1.000000 0.000000
vn 0.000000 1.000000 0.000000
vn 0.000000 1.000000 0.000000
vn 0.000000 1.000000 0.000000
vn 0.000000 1.000000 0.000000
vn 0.000000 1.000000 0.000000
vn 0.000000 1.000000 0.000000
vn 0.000000 1.000000 0.000000
vn 0.000000 1.000000 0.000000
vn 0.000000 1.000000 0.000000
vn 0.000000 1.000000 0.000000
vn 0.000000 1.000000 0.000000
vn 0.000000 1.000000 0.000000
vn 0.000000 1.000000 0.000000
vn 0.000000 1.000000 0.000000
vn 0.000000 1.000000 0.000000
vn 0.000000 1.000000 0.000000
vn 0.000000 1.000000 0.000000
vn 0.000000 1.000000 0.000000
vn 0.000000 1.000000 0.000000
vn 0.000000 1.000000 0.000000
vn 0.000000 1.000000 0.000000
vn 0.000000 1.000000 0.000000
vn 0.000000 1.000000 0.000000
vn 0.000000 1.000000 0.000000
vn 0.000000 1.000000 0.000000
vn 0.000000 1.000000 0.000000
vn 0.000000 1.000000 0.000000
vn 0.000000 1.000000 0.000000
vn 0.000000 1.000000 0.000000
vn 0.000000 1.000000 0.000000
vn 0.000000 1.000000 0.000000
vn 0.000000 1.000000 0.000000
vn 0.000000 1.000000 0.000000
vn 0.000000 1.000000 0.000000
vn 0.000000 1.000000 0.000000
vn 0.000000 1.000000 0.000000
vn 0.000000 1.000000 0.000000
vn 0.000000 1.000000 0.000000
vn 0.000000 1.000000 0.000000
vn 0.000000 1.000000 0.000000
vn 0.000000 1.000000 0.000000
vn 0.000000 1.000000 0.000000
vn 0.000000 1.000000 0.000000
vn 0.000000 1.000000 0.000000
vn 0.000000 1.000000 0.000000
vn 0.000000 1.000000 0.000000
vn 0.000000 1.000000 0.000000
vn 0.000000 1.000000 0.000000
vn 0.000000 1.000000 0.000000
vn 0.000000 1.000000 0.000000
vn 0.000000 1.000000 0.000000
vn 0.000000 1.000000 0.000000
vn 0.000000 1.000000 0.000000
vn 0.000000 1.000000 0.000000
vn 0.000000 1.000000 0.000000
vn 0.000000 1.000000 0.000000
vn 0.000000 1.000000 0.000000
vn 0.000000 1.000000 0.000000
vn 0.000000 1.000000 0.000100
vn 0.000000 1.000000 0.000000
vn 0.000000 1.000000 0.000000
vn 0.000000 1.000000 0.000000
vn 0.000000 1.000000 0.000000
vn 0.000000 1.000000 0.000000
vn 0.000000 1.000000 0.000000
vn 0.000100 1.000000 0.000100
vn 0.000000 1.000000 0.000000
vn 0.000200 1.000000 0.000200
vn 0.000200 1.000000 0.000400
vn 0.000000 1.000000 0.000200
vn 0.000200 1.000000 0.000900
vn 0.000100 1.000000 0.000500
vn 0.000400 1.000000 0.000700
vn 0.000600 1.000000 0.001600
vn 0.000000 1.000000 0.000000
vn 0.000000 1.000000 0.000000
vn 0.000000 1.000000 0.000100
vn 0.000000 1.000000 0.000000
vn 0.000000 1.000000 0.000000
vn 0.000000 1.000000 0.000000
vn 0.000000 1.000000 0.000000
vn 0.000000 1.000000 0.000000
vn 0.000000 1.000000 0.000000
vn 0.000000 1.000000 0.000000
vn 0.000000 1.000000 0.000000
vn 0.000000 1.000000 0.000000
vn 0.000000 1.000000 0.000000
vn 0.000000 1.000000 0.000000
vn 0.000000 1.000000 0.000000
vn 0.000000 1.000000 0.000000
vn 0.000000 1.000000 0.000000
vn 0.000000 1.000000 0.000000
vn 0.000000 1.000000 0.000000
vn 0.000600 1.000000 0.000400
vn 0.000400 1.000000 0.000300
vn 0.000100 1.000000 0.000000
vn 0.000200 1.000000 0.000100
vn 0.000300 1.000000 0.000100
vn 0.001100 1.000000 0.000600
vn 0.002300 1.000000 0.001900
vn 0.001300 1.000000 0.001400
vn 0.003600 1.000000 0.004500
vn 0.002100 1.000000 0.003400
vn 0.000700 1.000000 0.001000
vn 0.001200 1.000000 0.002300
vn 0.000000 1.000000 0.000000
vn 0.000000 1.000000 0.000000
vn 0.000000 1.000000 0.000000
vn 0.000000 1.000000 0.000000
vn 0.000000 1.000000 0.000000
vn 0.000000 1.000000 0.000000
vn 0.000000 1.000000 0.000000
vn 0.000000 1.000000 0.000000
vn 0.000000 1.000000 0.000000
vn 0.000000 1.000000 0.000000
vn 0.000000 1.000000 0.000000
vn 0.000000 1.000000 0.000000
vn 0.000000 1.000000 0.000000
vn 0.000000 1.000000 0.000000
vn 0.000000 1.000000 0.000000
vn 0.000000 1.000000 0.000000
vn 0.000000 1.000000 0.000000
vn 0.000000 1.000000 0.000000
vn 0.000000 1.000000 0.000000
vn 0.000000 1.000000 0.000000
vn 0.000000 1.000000 0.000000
vn 0.000000 1.000000 0.000000
vn 0.000000 1.000000 0.000000
vn 0.000000 1.000000 0.000000
vn 0.000000 1.000000 0.000000
vn 0.000000 1.000000 0.000000
vn 0.000000 1.000000 0.000000
vn 0.000000 1.000000 0.000000
vn 0.000000 1.000000 0.000000
vn 0.000000 1.000000 0.000000
vn 0.000000 1.000000 0.000000
vn 0.000000 1.000000 0.000000
vn 0.000000 1.000000 0.000000
vn 0.000000 1.000000 0.000000
vn 0.000000 1.000000 0.000000
vn 0.000000 1.000000 0.000000
vn 0.000000 1.000000 0.000000
vn 0.000000 1.000000 0.000000
vn 0.000000 1.000000 0.000000
vn 0.000000 1.000000 0.000000
vn 0.000000 1.000000 0.000000
vn 0.000000 1.000000 0.000000
vn 0.000000 1.000000 0.000000
vn 0.000000 1.000000 0.000000
vn 0.000000 1.000000 0.000000
vn 0.000000 1.000000 0.000000
vn 0.000000 1.000000 0.000000
vn 0.000000 1.000000 0.000000
vn 0.000000 1.000000 0.000000
vn 0.000000 1.000000 0.000000
vn 0.000000 1.000000 0.000000
vn 0.000000 1.000000 0.000000
vn 0.000000 1.000000 0.000000
vn 0.000000 1.000000 0.000000
vn 0.000000 1.000000 0.000000
vn 0.000000 1.000000 0.000000
vn 0.000000 1.000000 0.000000
vn 0.000000 1.000000 0.000000
vn 0.000000 1.000000 0.000000
vn 0.000000 1.000000 0.000000
vn 0.000000 1.000000 0.000000
vn 0.000000 1.000000 0.000000
vn 0.000000 1.000000 0.000000
vn 0.000000 1.000000 0.000000
vn 0.000000 1.000000 0.000000
vn 0.000000 1.000000 0.000000
vn 0.000000 1.000000 0.000000
vn 0.000000 1.000000 0.000000
vn 0.000000 1.000000 0.000000
vn 0.000000 1.000000 0.000000
vn 0.000000 1.000000 0.000000
vn 0.000000 1.000000 0.000000
vn 0.000000 1.000000 0.000000
vn 0.000000 1.000000 0.000000
vn 0.000000 1.000000 0.000000
vn 0.000000 1.000000 0.000000
vn 0.000000 1.000000 0.000000
vn 0.000000 1.000000 0.000000
vn 0.000000 1.000000 0.000000
vn 0.000000 1.000000 0.000000
vn 0.000000 1.000000 0.000000
vn 0.000000 1.000000 0.000000
vn 0.000000 1.000000 0.000000
vn 0.000000 1.000000 0.000000
vn 0.000000 1.000000 0.000000
vn 0.000000 1.000000 0.000000
vn 0.000000 1.000000 0.000000
vn 0.000000 1.000000 0.000000
vn 0.000000 1.000000 0.000000
vn 0.000000 1.000000 0.000000
vn 0.000000 1.000000 0.000000
vn 0.000000 1.000000 0.000000
vn 0.000000 1.000000 0.000000
vn 0.000000 1.000000 0.000000
vn 0.000000 1.000000 0.000000
vn 0.000000 1.000000 0.000000
vn 0.000000 1.000000 0.000000
vn 0.000000 1.000000 0.000000
vn 0.000000 1.000000 0.000000
vn 0.000000 1.000000 0.000000
vn 0.000000 1.000000 0.000000
vn 0.000000 1.000000 0.000000
vn 0.000000 1.000000 0.000000
vn 0.000000 1.000000 0.000000
vn 0.000000 1.000000 0.000000
vn 0.000000 1.000000 0.000000
vn 0.000000 1.000000 0.000000
vn 0.000000 1.000000 0.000000
vn 0.000000 1.000000 0.000000
vn 0.000000 1.000000 0.000000
vn 0.000000 1.000000 0.000000
vn 0.000000 1.000000 0.000000
vn 0.000000 1.000000 0.000000
vn 0.000000 1.000000 0.000000
vn 0.000000 1.000000 0.000000
vn 0.000000 1.000000 0.000000
vn 0.000000 1.000000 0.000000
vn 0.000000 1.000000 0.000000
vn 0.000000 1.000000 0.000000
vn 0.000000 1.000000 0.000000
vn 0.000000 1.000000 0.000000
vn 0.000000 1.000000 0.000000
vn 0.000000 1.000000 0.000000
vn 0.000000 1.000000 0.000000
vn 0.000000 1.000000 0.000000
vn 0.000000 1.000000 0.000000
vn 0.000000 1.000000 0.000000
vn 0.000000 1.000000 0.000000
vn 0.000000 1.000000 0.000000
vn 0.000000 1.000000 0.000000
vn 0.000000 1.000000 0.000000
vn 0.000000 1.000000 0.000000
vn 0.000000 1.000000 0.000000
vn 0.000000 1.000000 0.000000
vn 0.000000 1.000000 0.000000
vn 0.000000 1.000000 0.000000
vn 0.000000 1.000000 0.000000
vn 0.000000 1.000000 0.000000
vn 0.000000 1.000000 0.000000
vn 0.000000 1.000000 0.000000
vn 0.000000 1.000000 0.000000
vn 0.000000 1.000000 0.000000
vn 0.000000 1.000000 0.000000
vn 0.000000 1.000000 0.000000
vn 0.000000 1.000000 0.000000
vn 0.000000 1.000000 0.000000
vn 0.000000 1.000000 0.000000
vn 0.000000 1.000000 0.000000
vn 0.000000 1.000000 0.000000
vn 0.000000 1.000000 0.000000
vn 0.000000 1.000000 0.000000
vn 0.000000 1.000000 0.000000
vn 0.000000 1.000000 0.000000
vn 0.000000 1.000000 0.000000
vn 0.000000 1.000000 0.000000
vn 0.000000 1.000000 0.000000
vn 0.000000 1.000000 0.000000
vn 0.000000 1.000000 0.000000
vn 0.000000 1.000000 0.000000
vn 0.000000 1.000000 0.000000
vn 0.000000 1.000000 0.000000
vn 0.000000 1.000000 0.000000
vn 0.000000 1.000000 0.000000
vn 0.000000 1.000000 0.000000
vn 0.000000 1.000000 0.000000
vn 0.000000 1.000000 0.000000
vn 0.000000 1.000000 0.000000
vn 0.000000 1.000000 0.000000
vn 0.000000 1.000000 0.000000
vn 0.000000 1.000000 0.000000
vn 0.000000 1.000000 0.000000
vn 0.000000 1.000000 0.000000
vn 0.000000 1.000000 0.000000
vn 0.000000 1.000000 0.000000
vn 0.000000 1.000000 0.000000
vn 0.000000 1.000000 0.000000
vn 0.000000 1.000000 0.000000
vn 0.000000 1.000000 0.000000
vn 0.000000 1.000000 0.000000
vn 0.000000 1.000000 0.000000
vn 0.000000 1.000000 0.000000
vn 0.000000 1.000000 0.000000
vn 0.000000 1.000000 0.000000
vn 0.000000 1.000000 0.000000
vn 0.000000 1.000000 0.000000
vn 0.000000 1.000000 0.000000
vn 0.000000 1.000000 0.000000
vn 0.000000 1.000000 0.000000
vn 0.000000 1.000000 0.000000
vn 0.000000 1.000000 0.000000
vn 0.000000 1.000000 0.000000
vn 0.000000 1.000000 0.000000
vn 0.000000 1.000000 0.000000
vn 0.000000 1.000000 0.000000
vn 0.000000 1.000000 0.000000
vn 0.000000 1.000000 0.000000
vn 0.000000 1.000000 0.000000
vn 0.000000 1.000000 0.000000
vn 0.000000 1.000000 0.000000
vn 0.000000 1.000000 0.000000
vn -0.001300 1.000000 -0.001000
vn -0.001500 1.000000 -0.001100
vn -0.003300 1.000000 -0.002700
vn -0.002900 1.000000 -0.002700
vn -0.005900 0.999900 -0.005800
vn -0.005100 0.999900 -0.006100
vn -0.001600 1.000000 -0.001300
vn -0.003800 1.000000 -0.002600
vn -0.006600 0.999900 -0.005300
vn -0.002400 1.000000 -0.002700
vn -0.001100 1.000000 -0.000900
vn -0.002000 1.000000 -0.002600
vn -0.000900 1.000000 -0.000800
vn -0.004200 1.000000 -0.006300
vn -0.003500 1.000000 -0.006100
vn -0.000300 1.000000 -0.000200
vn -0.000300 1.000000 -0.000300
vn 0.000000 1.000000 -0.000100
vn 0.000000 1.000000 -0.000200
vn -0.000200 1.000000 -0.000100
vn 0.000000 1.000000 0.000000
vn -0.000400 1.000000 -0.000600
vn -0.000400 1.000000 -0.000900
vn 0.000000 1.000000 -0.000500
vn -0.000000 1.000000 -0.000800
vn 0.000000 1.000000 -0.000200
vn -0.000000 1.000000 -0.000400
vn 0.000000 1.000000 -0.000500
vn 0.000000 1.000000 -0.000200
vn -0.000100 1.000000 -0.000600
vn -0.000100 1.000000 -0.000800
vn 0.000000 1.000000 0.000000
vn 0.000000 1.000000 0.000000
vn 0.000000 1.000000 0.000000
vn 0.000000 1.000000 0.000000
vn 0.000000 1.000000 0.000000
vn 0.000000 1.000000 -0.000100
vn 0.000000 1.000000 0.000000
vn 0.000000 1.000000 -0.000100
vn 0.000000 1.000000 0.000000
vn 0.000000 1.000000 0.000000
vn 0.000000 1.000000 -0.000200
vn -0.000100 1.000000 -0.000400
vn 0.000000 1.000000 -0.000100
vn -0.000100 1.000000 -0.000200
vn -0.000500 1.000000 -0.000800
vn -0.000700 1.000000 -0.000800
vn -0.001600 1.000000 -0.002500
vn -0.001200 1.000000 -0.002400
vn -0.002800 1.000000 -0.005800
vn -0.002100 1.000000 -0.005600
vn -0.000900 1.000000 -0.002300
vn -0.000400 1.000000 -0.000700
vn -0.000700 1.000000 -0.002300
vn -0.000300 1.000000 -0.000700
vn -0.001500 1.000000 -0.005400
vn -0.001200 1.000000 -0.005400
vn -0.000100 1.000000 -0.000100
vn -0.000100 1.000000 -0.000100
vn 0.000000 1.000000 0.000000
vn 0.000000 1.000000 0.000000
vn -0.000100 1.000000 -0.000100
vn 0.000000 1.000000 0.000000
vn -0.000200 1.000000 -0.000100
vn 0.000000 1.000000 0.000000
vn 0.000000 1.000000 0.000000
vn 0.000000 1.000000 0.000000
vn 0.000000 1.000000 0.000000
vn 0.000000 1.000000 0.000000
vn 0.000000 1.000000 0.000000
vn 0.000000 1.000000 0.000000
vn 0.000000 1.000000 0.000000
vn 0.000000 1.000000 0.000000
vn 0.000000 1.000000 0.000000
vn 0.000000 1.000000 0.000000
vn 0.000000 1.000000 0.000000
vn 0.000000 1.000000 0.000000
vn 0.000000 1.000000 0.000000
vn 0.000000 1.000000 0.000000
vn 0.000000 1.000000 0.000000
vn 0.000000 1.000000 0.000000
vn -0.001800 1.000000 -0.004700
vn -0.004200 1.000000 -0.004300
vn -0.004100 1.000000 -0.003000
vn -0.001800 1.000000 -0.002300
vn -0.007800 0.999900 -0.005100
vn -0.007300 0.999900 -0.004900
vn -0.000500 1.000000 -0.002300
vn -0.000500 1.000000 -0.005500
vn -0.000100 1.000000 -0.002300
vn -0.000200 1.000000 -0.005900
vn -0.000200 0.999900 -0.010100
vn -0.001500 0.999900 -0.008200
vn 0.000200 0.999800 -0.015600
vn -0.000700 0.999900 -0.012400
vn -0.000400 0.999900 -0.011000
vn -0.000600 0.999800 -0.017100
vn -0.004000 1.000000 -0.006300
vn -0.007900 0.999900 -0.005500
vn -0.003300 0.999900 -0.008800
vn -0.007500 0.999900 -0.006100
vn 0.002800 0.999800 -0.018000
vn 0.000300 0.999900 -0.011700
vn -0.001800 0.999900 -0.010800
vn 0.000800 0.999800 -0.016000
vn -0.004900 0.999900 -0.006100
vn -0.006600 0.999900 -0.006500
vn 0.001200 0.999800 -0.020400
vn 0.002600 0.999700 -0.023200
vn -0.000700 0.999700 -0.022400
vn -0.000700 0.999700 -0.025600
vn 0.004300 0.999700 -0.024500
vn 0.005500 0.999800 -0.018800
vn 0.006300 0.999700 -0.024500
vn 0.008600 0.999800 -0.018600
vn -0.000700 0.999600 -0.027100
vn -0.000500 0.999600 -0.027300
vn 0.003100 0.999900 -0.011800
vn -0.002700 1.000000 -0.005200
vn 0.006400 0.999900 -0.011200
vn 0.000200 1.000000 -0.003900
vn -0.000600 1.000000 -0.004400
vn -0.000500 1.000000 -0.005500
vn -0.000200 1.000000 -0.002200
vn -0.000200 1.000000 -0.001700
vn -0.000200 1.000000 -0.001200
vn -0.000500 1.000000 -0.003100
vn -0.000200 1.000000 -0.000800
vn -0.000300 1.000000 -0.002100
vn -0.001200 1.000000 -0.005900
vn -0.001300 0.999900 -0.008200
vn -0.002400 0.999900 -0.009200
vn -0.002600 0.999900 -0.012800
vn -0.000700 1.000000 -0.004100
vn -0.001300 1.000000 -0.006500
vn -0.001000 0.999900 -0.010200
vn -0.002000 0.999800 -0.015900
vn -0.006600 0.999800 -0.019400
vn -0.004700 0.999700 -0.024000
vn -0.003200 0.999800 -0.020900
vn -0.004300 0.999800 -0.016900
vn -0.004100 0.999900 -0.012200
vn -0.006300 0.999900 -0.014100
vn -0.002300 0.999900 -0.008700
vn -0.003500 0.999900 -0.010200
vn -0.008900 0.999800 -0.015200
vn -0.009200 0.999700 -0.020800
vn -0.011700 0.999800 -0.015700
vn -0.012100 0.999700 -0.021200
vn -0.004900 0.999900 -0.011100
vn -0.006300 0.999900 -0.011700
vn -0.006400 0.999600 -0.025500
vn -0.008200 0.999600 -0.025800
vn -0.010000 0.999900 -0.009600
vn -0.009200 0.999900 -0.011800
vn -0.009600 0.999900 -0.008100
vn -0.010400 0.999900 -0.007000
vn -0.008300 0.999800 -0.013800
vn -0.008700 0.999900 -0.009300
vn -0.010900 0.999900 -0.006000
vn -0.010600 0.999900 -0.007400
vn -0.011000 0.999900 -0.005100
vn -0.010900 0.999900 -0.005200
vn -0.007000 0.999900 -0.008800
vn -0.006600 0.999900 -0.011800
vn 0.000100 0.999900 -0.009300
vn 0.000100 0.999900 -0.012700
vn -0.007400 0.999900 -0.005700
vn 0.000100 1.000000 -0.005900
vn -0.006100 0.999800 -0.014800
vn -0.005400 0.999800 -0.017400
vn 0.000200 0.999800 -0.016000
vn 0.000200 0.999800 -0.018900
vn 0.012000 0.999900 -0.009200
vn 0.011000 0.999800 -0.011600
vn 0.006800 0.999800 -0.014700
vn 0.007400 0.999900 -0.011700
vn 0.009900 0.999800 -0.013700
vn 0.006200 0.999800 -0.017400
vn 0.007900 0.999900 -0.008500
vn 0.012800 0.999900 -0.006700
vn 0.008200 0.999900 -0.005300
vn 0.013300 0.999900 -0.004200
vn 0.014300 0.999900 -0.004500
vn 0.013400 0.999900 -0.006100
vn 0.015000 0.999900 -0.002700
vn 0.012300 0.999900 -0.007700
vn 0.011000 0.999900 -0.009100
vn -0.010400 0.999900 0.000200
vn -0.010900 0.999900 -0.002700
vn -0.010600 0.999900 -0.003900
vn -0.009600 0.999900 -0.002200
vn -0.008100 0.999900 -0.000200
vn -0.009500 0.999900 0.003400
vn -0.005900 1.000000 0.002100
vn -0.008000 0.999900 0.006800
vn -0.006900 0.999900 0.005600
vn -0.007300 1.000000 0.001500
vn 0.000100 1.000000 0.006500
vn 0.000100 1.000000 0.002000
vn -0.006100 0.999900 0.009800
vn 0.000100 0.999900 0.011100
vn -0.007400 0.999900 -0.002300
vn 0.000100 1.000000 -0.002200
vn 0.013600 0.999900 0.001700
vn 0.013700 0.999900 -0.001400
vn 0.008400 0.999900 -0.001900
vn 0.008400 0.999900 0.002000
vn 0.008100 0.999900 0.006200
vn 0.013100 0.999900 0.005000
vn 0.007400 0.999900 0.010500
vn 0.012000 0.999900 0.008400
vn 0.014700 0.999900 0.003400
vn 0.015300 0.999900 0.001200
vn 0.013500 0.999900 0.005600
vn 0.015400 0.999900 -0.000900
vn -0.006300 0.999800 -0.016700
vn -0.006600 0.999900 -0.011200
vn -0.007700 0.999900 -0.010400
vn -0.007300 0.999800 -0.015500
vn -0.004800 0.999800 -0.019700
vn -0.004100 0.999800 -0.021200
vn 0.000200 0.999800 -0.021300
vn 0.000200 0.999700 -0.023000
vn -0.003400 0.999700 -0.021900
vn -0.005200 0.999800 -0.017200
vn -0.002700 0.999800 -0.021400
vn -0.004300 0.999800 -0.016800
vn 0.000200 0.999700 -0.023700
vn 0.000200 0.999700 -0.023200
vn -0.005600 0.999900 -0.011500
vn -0.004500 0.999900 -0.011200
vn -0.002600 0.999800 -0.015400
vn -0.002700 0.999900 -0.010300
vn -0.003600 0.999900 -0.010700
vn -0.003400 0.999800 -0.016100
vn -0.002100 0.999800 -0.020400
vn -0.001600 0.999800 -0.019700
vn 0.000200 0.999700 -0.022200
vn 0.000200 0.999800 -0.021300
vn -0.001100 0.999800 -0.019100
vn -0.001800 0.999900 -0.015000
vn -0.000800 0.999800 -0.019000
vn -0.001400 0.999900 -0.014900
vn 0.000200 0.999800 -0.020800
vn 0.000200 0.999800 -0.020600
vn -0.002000 0.999900 -0.010000
vn -0.001600 0.999900 -0.009900
vn 0.007500 0.999800 -0.016800
vn 0.004800 0.999800 -0.021200
vn 0.005500 0.999800 -0.019700
vn 0.008700 0.999800 -0.015500
vn 0.009700 0.999900 -0.010300
vn 0.008400 0.999900 -0.011100
vn 0.007000 0.999900 -0.011500
vn 0.006300 0.999800 -0.017300
vn 0.005700 0.999900 -0.011200
vn 0.005200 0.999800 -0.016900
vn 0.004000 0.999700 -0.021900
vn 0.003300 0.999800 -0.021500
vn 0.003200 0.999800 -0.015500
vn 0.002100 0.999800 -0.019700
vn 0.002700 0.999800 -0.020400
vn 0.004200 0.999800 -0.016100
vn 0.004500 0.999900 -0.010700
vn 0.003500 0.999900 -0.010300
vn 0.002500 0.999900 -0.010000
vn 0.002300 0.999900 -0.015100
vn 0.002000 0.999900 -0.010000
vn 0.001900 0.999900 -0.015000
vn 0.001500 0.999800 -0.019200
vn 0.001300 0.999800 -0.019000
vn 0.022700 0.999700 0.000700
vn 0.022000 0.999700 0.005000
vn 0.021700 0.999800 0.002800
vn 0.022600 0.999700 0.000600
vn 0.014900 0.999900 0.000200
vn 0.015700 0.999800 0.000200
vn 0.020100 0.999700 0.009500
vn 0.019500 0.999800 0.005000
vn 0.012500 0.999900 -0.000100
vn 0.022000 0.999700 -0.001700
vn 0.022200 0.999700 -0.003500
vn 0.020300 0.999800 -0.004100
vn 0.020800 0.999700 -0.007800
vn 0.015200 0.999900 0.000200
vn 0.013500 0.999900 -0.000200
vn 0.015300 0.999800 -0.005000
vn 0.015500 0.999900 0.000700
vn 0.000200 1.000000 -0.005900
vn 0.000200 1.000000 0.000500
vn 0.014400 0.999800 -0.010900
vn 0.000200 0.999900 -0.012400
vn 0.015100 0.999800 0.006600
vn 0.013800 0.999800 0.012700
vn 0.000100 1.000000 0.007100
vn -0.000100 0.999900 0.013900
vn -0.024500 0.999700 0.000100
vn -0.024000 0.999700 0.005300
vn -0.015700 0.999800 0.006500
vn -0.016000 0.999800 0.000300
vn -0.022500 0.999700 0.010600
vn -0.014800 0.999800 0.013000
vn -0.015700 0.999800 -0.005800
vn -0.024000 0.999700 -0.004900
vn -0.014900 0.999800 -0.012100
vn -0.022700 0.999700 -0.010100
vn -0.023600 0.999700 -0.003700
vn -0.024000 0.999700 0.000100
vn -0.012400 0.999900 -0.002800
vn -0.012600 0.999900 0.000100
vn -0.022300 0.999700 -0.007600
vn -0.011700 0.999900 -0.005700
vn -0.023500 0.999700 0.003900
vn -0.022100 0.999700 0.007900
vn -0.012400 0.999900 0.003000
vn -0.011700 0.999900 0.006000
vn 0.015300 0.999800 -0.015000
vn 0.018400 0.999800 -0.011900
vn 0.017500 0.999800 -0.006400
vn 0.014000 0.999800 -0.008400
vn 0.010700 0.999900 -0.000800
vn 0.007300 1.000000 -0.001600
vn 0.010200 0.999900 -0.010000
vn 0.011900 0.999800 -0.017300
vn 0.003700 1.000000 -0.002600
vn 0.008600 0.999700 -0.023200
vn 0.010800 0.999700 -0.020300
vn -0.000400 0.999600 -0.026000
vn -0.000200 0.999700 -0.022900
vn 0.012800 0.999800 -0.016200
vn 0.000000 0.999800 -0.018400
vn -0.018000 0.999700 -0.018200
vn -0.020700 0.999700 -0.014700
vn -0.013600 0.999700 -0.017700
vn -0.011900 0.999700 -0.022000
vn -0.010100 0.999600 -0.024800
vn -0.015100 0.999700 -0.020400
vn -0.014700 0.999800 -0.015200
vn -0.017600 0.999700 -0.013600
vn -0.007900 0.999900 -0.011400
vn -0.009300 0.999900 -0.010300
vn -0.020200 0.999700 -0.011100
vn -0.010700 0.999900 -0.008400
vn 0.013500 0.999800 0.015700
vn 0.011600 0.999900 0.008600
vn 0.015900 0.999800 0.007100
vn 0.017100 0.999800 0.013300
vn 0.004300 1.000000 0.000800
vn 0.008800 0.999900 -0.000100
vn 0.012000 0.999800 0.017800
vn 0.009700 0.999700 0.020800
vn -0.000200 0.999800 0.019600
vn -0.000300 0.999700 0.022900
vn 0.007400 0.999700 0.021700
vn 0.009700 0.999800 0.016600
vn 0.005200 0.999800 0.020200
vn 0.006400 0.999800 0.015800
vn -0.000400 0.999700 0.023700
vn -0.000300 0.999800 0.022000
vn 0.007200 0.999900 0.009800
vn 0.000100 1.000000 0.002700
vn 0.003500 0.999900 0.010400
vn -0.003100 1.000000 0.005500
vn 0.002100 0.999900 0.012200
vn -0.000300 0.999900 0.010100
vn 0.001100 0.999900 0.010500
vn 0.003800 0.999900 0.014100
vn -0.004800 0.999900 0.009800
vn -0.004600 0.999900 0.008300
vn 0.003500 0.999800 0.017500
vn 0.002200 0.999900 0.014700
vn -0.000200 0.999800 0.018900
vn -0.000100 0.999800 0.015800
vn 0.001300 0.999900 0.011700
vn 0.000900 0.999900 0.010000
vn 0.000600 0.999900 0.008400
vn 0.000200 1.000000 0.007400
vn -0.000100 0.999900 0.012500
vn 0.000000 0.999900 0.008900
vn -0.000900 0.999900 0.008900
vn -0.004000 0.999900 0.010000
vn -0.001000 1.000000 0.007000
vn -0.003000 0.999900 0.008500
vn -0.017000 0.999700 0.017500
vn -0.011200 0.999700 0.021400
vn -0.013200 0.999700 0.018300
vn -0.020100 0.999700 0.015000
vn -0.019700 0.999700 0.011100
vn -0.016600 0.999800 0.012900
vn -0.010500 0.999900 0.008500
vn -0.009000 0.999900 0.009800
vn -0.013300 0.999800 0.013300
vn -0.013500 0.999700 0.018000
vn -0.010000 0.999800 0.012100
vn -0.010100 0.999800 0.016600
vn -0.007300 0.999900 0.009900
vn -0.005600 0.999900 0.008900
vn -0.009000 0.999700 0.022200
vn -0.006700 0.999800 0.020500
vn -0.004700 0.999900 0.011700
vn -0.003100 0.999900 0.014600
vn -0.004800 0.999800 0.017600
vn -0.007100 0.999800 0.014200
vn -0.007100 0.999900 0.010200
vn -0.004700 0.999900 0.008400
vn -0.004000 0.999900 0.007400
vn -0.002700 1.000000 0.005900
vn -0.002800 1.000000 0.006500
vn -0.002800 0.999900 0.009200
vn -0.001400 1.000000 0.004600
vn -0.001400 1.000000 0.006500
vn -0.001600 1.000000 0.004500
vn -0.000800 1.000000 0.003200
vn -0.001800 0.999900 0.011500
vn -0.000900 0.999900 0.008200
vn -0.006700 0.999900 -0.013300
vn -0.003500 0.999900 -0.013600
vn 0.000700 1.000000 -0.007200
vn -0.003400 1.000000 -0.006700
vn -0.000600 0.999900 -0.009900
vn 0.004200 1.000000 -0.005300
vn -0.007000 0.999900 -0.003800
vn -0.009500 0.999900 -0.009000
vn -0.009300 0.999900 0.002000
vn -0.010900 0.999900 -0.000100
vn -0.007400 0.999900 -0.012600
vn -0.005900 0.999800 -0.018000
vn -0.000200 0.999900 -0.014000
vn -0.000300 0.999800 -0.019800
vn -0.007900 0.999900 -0.001300
vn 0.000000 1.000000 -0.001800
vn -0.004000 0.999800 -0.018100
vn -0.002200 0.999900 -0.013200
vn -0.000300 0.999800 -0.019800
vn -0.000200 0.999900 -0.014400
vn 0.010800 0.999800 -0.014400
vn 0.007700 0.999800 -0.014400
vn 0.004500 0.999800 -0.018300
vn 0.006500 0.999800 -0.018300
vn 0.005000 0.999900 -0.010400
vn 0.002900 0.999900 -0.013300
vn 0.008200 0.999900 -0.013100
vn 0.013500 0.999800 -0.010400
vn 0.009100 0.999900 -0.001900
vn 0.014800 0.999900 -0.001600
vn 0.015300 0.999800 -0.006900
vn 0.012300 0.999800 -0.009600
vn 0.016700 0.999800 -0.001200
vn 0.008800 0.999900 -0.009600
vn 0.005800 0.999900 -0.006900
vn -0.008900 0.999800 0.016100
vn -0.010600 0.999900 0.009600
vn -0.009700 0.999900 0.008200
vn -0.008500 0.999900 0.012200
vn -0.006600 0.999900 0.013700
vn -0.006600 0.999800 0.018900
vn -0.004600 0.999900 0.012300
vn -0.004500 0.999800 0.017300
vn -0.004300 0.999700 0.023400
vn -0.006000 0.999800 0.019600
vn 0.000500 0.999700 0.025000
vn 0.000500 0.999800 0.020900
vn -0.002800 0.999800 0.021500
vn 0.000400 0.999700 0.023100
vn -0.007400 0.999900 0.011200
vn 0.000300 0.999900 0.011700
vn 0.012000 0.999800 0.014600
vn 0.014200 0.999800 0.008100
vn 0.008800 0.999900 0.010500
vn 0.007500 0.999800 0.019000
vn 0.005700 0.999700 0.022800
vn 0.009000 0.999800 0.017700
vn 0.003900 0.999800 0.021100
vn 0.006100 0.999800 0.016400
vn 0.010100 0.999900 0.011600
vn 0.013400 0.999800 0.009600
vn 0.006900 0.999900 0.010700
vn 0.015900 0.999800 0.005200
vn 0.001900 1.000000 -0.000400
vn 0.007200 1.000000 -0.000100
vn 0.006400 1.000000 -0.002500
vn 0.001200 1.000000 -0.004800
vn -0.001000 1.000000 -0.006400
vn -0.000500 1.000000 -0.000500
vn -0.000100 1.000000 -0.007000
vn 0.000000 1.000000 -0.000500
vn -0.000600 1.000000 0.004500
vn 0.001600 1.000000 0.003400
vn -0.001300 0.999900 0.008800
vn 0.000400 1.000000 0.006600
vn 0.000100 1.000000 0.004900
vn 0.000200 0.999900 0.009700
vn 0.006800 1.000000 0.001900
vn 0.005300 1.000000 0.003400
vn -0.003700 0.999900 0.009800
vn -0.000000 1.000000 0.004600
vn 0.002900 1.000000 0.004400
vn -0.001400 0.999900 0.008900
vn -0.002300 0.999900 0.012000
vn -0.003600 0.999900 0.013400
vn 0.000200 0.999900 0.013200
vn 0.000200 0.999900 0.014800
vn -0.004900 0.999900 0.012800
vn -0.006000 0.999900 0.009200
vn 0.000200 0.999900 0.014300
vn -0.003100 1.000000 0.003900
vn 0.002900 1.000000 -0.000400
vn 0.001800 1.000000 -0.000500
vn 0.002000 1.000000 -0.006400
vn 0.003400 1.000000 -0.005000
vn 0.003900 1.000000 -0.003300
vn 0.003200 1.000000 -0.000200
vn 0.003700 1.000000 0.002500
vn 0.003300 1.000000 0.003700
vn 0.005000 1.000000 0.004800
vn 0.004500 0.999900 0.007200
vn 0.002000 1.000000 0.004600
vn 0.002800 0.999900 0.009100
vn 0.008300 0.999900 0.011100
vn 0.005200 0.999900 0.013900
vn 0.003900 0.999900 0.012400
vn 0.006200 0.999900 0.009900
vn 0.007000 0.999900 0.006600
vn 0.009300 0.999900 0.007400
vn 0.011600 0.999900 0.007200
vn 0.010300 0.999900 0.010700
vn 0.006400 0.999900 0.013400
vn 0.000000 1.000000 0.000100
vn 0.000000 1.000000 0.000000
vn 0.000000 1.000000 0.000000
vn 0.000000 1.000000 0.000200
vn 0.000000 1.000000 0.000100
vn -0.000000 1.000000 0.000500
vn 0.000000 1.000000 0.000000
vn 0.000000 1.000000 0.000000
vn 0.000000 1.000000 0.000000
vn -0.000100 1.000000 0.000400
vn 0.000000 1.000000 0.000100
vn -0.000200 1.000000 0.000700
vn -0.000100 1.000000 0.000200
vn -0.000200 1.000000 0.001000
vn -0.000400 1.000000 0.001600
vn 0.000000 1.000000 0.000000
vn 0.000000 1.000000 0.000000
vn 0.000000 1.000000 0.000000
vn 0.000000 1.000000 0.000000
vn 0.000000 1.000000 0.000000
vn 0.000000 1.000000 0.000000
vn 0.000000 1.000000 0.000000
vn 0.000000 1.000000 0.000000
vn 0.000000 1.000000 0.000000
vn 0.000000 1.000000 0.000000
vn 0.000000 1.000000 0.000000
vn 0.000000 1.000000 0.000000
vn 0.000000 1.000000 0.000000
vn 0.000000 1.000000 0.000000
vn 0.000000 1.000000 0.000000
vn 0.000000 1.000000 0.000000
vn 0.000000 1.000000 0.000000
vn 0.000000 1.000000 0.000000
vn 0.000000 1.000000 0.000000
vn 0.000000 1.000000 0.000000
vn 0.000000 1.000000 0.000000
vn 0.000000 1.000000 0.000000
vn 0.000000 1.000000 0.000000
vn 0.000000 1.000000 0.000000
vn 0.000000 1.000000 0.000000
vn 0.000000 1.000000 0.000000
vn 0.000000 1.000000 0.000000
vn 0.000000 1.000000 0.000000
vn 0.000000 1.000000 0.000000
vn 0.000000 1.000000 0.000000
vn -0.000200 1.000000 0.002400
vn -0.000200 1.000000 0.000800
vn -0.000500 1.000000 0.001400
vn -0.000700 1.000000 0.002800
vn -0.000800 1.000000 0.002600
vn -0.001300 1.000000 0.004200
vn -0.000900 1.000000 0.004700
vn -0.000100 1.000000 0.004600
vn -0.002100 1.000000 0.006200
vn 0.000200 1.000000 0.005100
vn 0.000000 1.000000 0.002500
vn 0.000000 1.000000 0.005400
vn 0.000000 1.000000 0.002600
vn -0.000000 1.000000 0.000700
vn -0.000000 1.000000 0.000700
vn -0.000200 1.000000 0.001900
vn -0.000000 1.000000 0.000500
vn 0.000000 1.000000 0.000600
vn -0.000100 1.000000 0.002400
vn -0.000400 1.000000 0.005000
vn -0.000600 1.000000 0.003900
vn -0.000600 1.000000 0.002800
vn -0.000200 1.000000 0.001300
vn -0.000300 1.000000 0.001900
vn -0.000100 1.000000 0.000900
vn -0.000000 1.000000 0.000300
vn 0.000000 1.000000 0.000200
vn 0.000000 1.000000 0.000000
vn 0.000000 1.000000 0.000000
vn 0.000000 1.000000 0.000000
vn 0.000000 1.000000 0.000000
vn 0.000000 1.000000 0.000000
vn 0.000000 1.000000 0.000000
vn 0.000000 1.000000 0.000000
vn 0.000000 1.000000 0.000000
vn 0.000000 1.000000 0.000000
vn 0.000000 1.000000 0.000000
vn 0.000000 1.000000 0.000000
vn 0.000000 1.000000 0.000000
vn 0.000000 1.000000 0.000000
vn 0.000000 1.000000 0.000000
vn 0.000000 1.000000 0.000000
vn 0.000000 1.000000 0.000000
vn 0.000000 1.000000 0.000000
vn 0.000000 1.000000 0.000000
vn 0.000000 1.000000 0.000000
vn 0.000000 1.000000 0.000000
vn 0.000000 1.000000 0.000000
vn 0.000000 1.000000 0.000000
vn 0.000000 1.000000 0.000000
vn 0.000000 1.000000 0.000000
vn 0.000000 1.000000 0.000000
vn 0.000000 1.000000 0.000000
vn 0.000000 1.000000 0.000000
vn 0.000000 1.000000 0.000000
vn 0.000000 1.000000 0.000000
vn 0.000000 1.000000 0.000000
vn 0.000000 1.000000 0.000000
vn 0.000000 1.000000 0.000000
vn 0.000000 1.000000 0.000000
vn 0.000000 1.000000 0.000000
vn 0.000000 1.000000 0.000000
vn 0.000000 1.000000 0.000000
vn 0.000000 1.000000 0.000000
vn 0.000000 1.000000 0.000000
vn 0.000000 1.000000 0.000000
vn 0.000000 1.000000 0.000000
vn 0.000000 1.000000 0.000000
vn 0.000000 1.000000 0.000000
vn 0.000000 1.000000 0.000000
vn 0.000000 1.000000 0.000000
vn 0.000000 1.000000 0.000000
vn 0.000000 1.000000 0.000000
vn 0.000000 1.000000 0.000000
vn 0.000000 1.000000 0.000000
vn 0.000000 1.000000 0.000000
vn 0.000000 1.000000 0.000000
vn 0.000000 1.000000 0.000000
vn 0.000000 1.000000 0.000000
vn 0.000000 1.000000 0.000000
vn 0.000000 1.000000 0.000000
vn 0.000000 1.000000 0.000000
vn 0.000000 1.000000 0.000000
vn 0.000000 1.000000 0.000000
vn 0.000000 1.000000 0.000000
vn 0.000000 1.000000 0.000000
vn 0.000000 1.000000 0.000000
vn 0.000000 1.000000 0.000000
vn 0.000000 1.000000 0.000000
vn 0.000000 1.000000 0.000000
vn 0.000000 1.000000 0.000000
vn 0.000000 1.000000 0.000000
vn 0.000000 1.000000 0.000000
vn 0.000000 1.000000 0.000000
vn 0.000000 1.000000 0.000000
vn 0.000000 1.000000 0.000000
vn 0.000000 1.000000 0.000000
vn 0.000000 1.000000 0.000000
vn 0.000000 1.000000 0.000000
vn 0.000000 1.000000 0.000000
vn 0.000000 1.000000 0.000000
vn 0.000000 1.000000 0.000000
vn 0.000000 1.000000 0.000000
vn 0.000000 1.000000 0.000000
vn 0.000000 1.000000 0.000000
vn 0.000000 1.000000 0.000000
vn 0.000000 1.000000 0.000000
vn 0.000000 1.000000 0.000000
vn 0.000000 1.000000 0.000000
vn 0.000000 1.000000 0.000000
vn 0.000000 1.000000 0.000000
vn 0.000000 1.000000 0.000000
vn 0.000000 1.000000 0.000000
vn 0.000000 1.000000 0.000000
vn 0.000000 1.000000 0.000000
vn 0.000000 1.000000 0.000000
vn 0.000000 1.000000 0.000000
vn 0.000000 1.000000 0.000000
vn 0.000000 1.000000 0.000000
vn 0.000000 1.000000 0.000000
vn 0.000000 1.000000 0.000000
vn 0.000000 1.000000 0.000000
vn 0.000000 1.000000 0.000000
vn 0.000000 1.000000 0.000000
vn 0.000000 1.000000 0.000000
vn 0.000000 1.000000 0.000000
vn 0.000000 1.000000 0.000000
vn 0.000000 1.000000 0.000000
vn 0.000000 1.000000 0.000000
vn 0.000000 1.000000 0.000000
vn 0.000000 1.000000 0.000000
vn 0.000000 1.000000 0.000000
vn 0.000000 1.000000 0.000000
vn 0.000000 1.000000 0.000000
vn 0.000000 1.000000 0.000000
vn 0.000000 1.000000 0.000000
vn 0.000000 1.000000 0.000000
vn 0.000000 1.000000 0.000000
vn 0.000000 1.000000 0.000000
vn 0.000000 1.000000 0.000000
vn 0.000000 1.000000 0.000000
vn 0.000000 1.000000 0.000000
vn 0.000000 1.000000 0.000000
vn 0.000000 1.000000 0.000000
vn 0.000000 1.000000 0.000000
vn 0.000000 1.000000 0.000000
vn 0.000000 1.000000 0.000000
vn 0.000000 1.000000 0.000000
vn 0.000000 1.000000 0.000000
vn 0.000000 1.000000 0.000000
vn 0.000000 1.000000 0.000000
vn 0.000000 1.000000 0.000000
vn 0.000000 1.000000 0.000000
vn 0.000000 1.000000 0.000000
vn 0.000000 1.000000 0.000000
vn 0.000000 1.000000 0.000000
vn 0.000000 1.000000 0.000000
vn 0.000000 1.000000 0.000000
vn 0.000000 1.000000 0.000000
vn 0.000000 1.000000 0.000000
vn 0.000000 1.000000 0.000000
vn 0.000000 1.000000 0.000000
vn 0.000000 1.000000 0.001300
vn -0.000000 1.000000 0.000900
vn 0.000000 1.000000 0.000200
vn -0.000000 1.000000 0.000300
vn 0.000000 1.000000 0.000400
vn 0.000000 1.000000 0.001600
vn -0.000000 1.000000 0.000500
vn 0.000000 1.000000 0.001800
vn -0.000100 1.000000 0.003400
vn -0.000100 1.000000 0.002700
vn -0.000200 1.000000 0.005700
vn -0.000400 1.000000 0.004500
vn 0.000000 1.000000 0.003800
vn 0.000100 1.000000 0.006100
vn -0.000200 1.000000 0.001800
vn -0.000500 1.000000 0.003000
vn -0.001600 0.999900 0.009800
vn -0.001800 1.000000 0.006800
vn -0.001000 1.000000 0.004600
vn -0.000900 1.000000 0.006800
vn -0.000500 0.999900 0.008600
vn -0.001000 0.999900 0.012400
vn 0.000100 0.999900 0.009300
vn 0.000200 0.999900 0.013300
vn -0.001700 0.999800 0.016700
vn -0.002800 0.999900 0.013400
vn 0.000300 0.999800 0.018000
vn -0.003000 0.999900 0.009400
vn 0.000100 1.000000 0.001300
vn 0.000000 1.000000 0.001600
vn 0.000000 1.000000 0.000400
vn -0.000000 1.000000 0.000300
vn 0.000000 1.000000 0.000200
vn 0.000100 1.000000 0.000900
vn 0.000300 1.000000 0.001800
vn 0.000200 1.000000 0.002700
vn 0.000700 1.000000 0.002900
vn 0.000600 1.000000 0.004400
vn 0.000200 1.000000 0.003400
vn 0.000400 1.000000 0.005600
vn 0.002200 0.999900 0.009500
vn 0.001400 0.999900 0.012200
vn 0.000800 0.999900 0.008500
vn 0.001200 1.000000 0.006700
vn 0.001400 1.000000 0.004400
vn 0.002500 1.000000 0.006300
vn 0.004300 0.999900 0.008400
vn 0.003800 0.999900 0.012800
vn 0.002400 0.999800 0.016500
vn 0.000000 1.000000 -0.000100
vn -0.000100 1.000000 -0.000300
vn -0.000000 1.000000 -0.000400
vn 0.000000 1.000000 -0.000200
vn -0.000000 1.000000 -0.000400
vn 0.000000 1.000000 -0.000200
vn -0.000100 1.000000 -0.000500
vn -0.000100 1.000000 -0.000600
vn 0.000000 1.000000 -0.000600
vn 0.000000 1.000000 0.000000
vn 0.000000 1.000000 0.000000
vn 0.000000 1.000000 0.000000
vn 0.000000 1.000000 0.000000
vn 0.000000 1.000000 0.000000
vn 0.000000 1.000000 0.000000
vn 0.000000 1.000000 0.000000
vn 0.000000 1.000000 -0.000100
vn 0.000000 1.000000 0.000000
vn 0.000000 1.000000 -0.000100
vn 0.000000 1.000000 0.000000
vn 0.000000 1.000000 0.000000
vn -0.000100 1.000000 -0.000200
vn -0.000200 1.000000 -0.000300
vn -0.000100 1.000000 -0.000100
vn -0.000200 1.000000 -0.000200
vn 0.000000 1.000000 0.000000
vn 0.000000 1.000000 0.000000
vn 0.000000 1.000000 -0.000100
vn 0.000000 1.000000 0.000000
vn -0.000100 1.000000 -0.000000
vn -0.000100 1.000000 -0.000100
vn 0.000000 1.000000 0.000000
vn 0.000000 1.000000 0.000000
vn 0.000000 1.000000 0.000000
vn 0.000000 1.000000 0.000000
vn 0.000000 1.000000 0.000000
vn 0.000000 1.000000 0.000000
vn 0.000000 1.000000 0.000000
vn 0.000000 1.000000 0.000000
vn 0.000000 1.000000 0.000000
vn 0.000000 1.000000 0.000000
vn 0.000000 1.000000 0.000000
vn 0.000000 1.000000 0.000000
vn 0.000000 1.000000 0.000000
vn 0.000000 1.000000 0.000000
vn 0.000000 1.000000 0.000000
vn 0.000000 1.000000 0.000000
vn 0.000000 1.000000 0.000000
vn 0.000000 1.000000 0.000000
vn 0.000000 1.000000 0.000000
vn 0.000000 1.000000 0.000000
vn 0.000000 1.000000 0.000000
vn 0.000000 1.000000 0.000000
vn 0.000000 1.000000 0.000000
vn 0.000000 1.000000 0.000000
vn 0.000000 1.000000 0.000000
vn 0.000000 1.000000 0.000000
vn 0.000000 1.000000 0.000000
vn 0.000000 1.000000 0.000000
vn 0.000000 1.000000 0.000000
vn 0.000000 1.000000 0.000000
vn 0.000000 1.000000 0.000000
vn 0.000000 1.000000 0.000000
vn 0.000000 1.000000 0.000000
vn 0.000000 1.000000 0.000000
vn 0.000000 1.000000 0.000000
vn 0.000000 1.000000 0.000000
vn 0.000000 1.000000 0.000000
vn 0.000000 1.000000 0.000000
vn 0.000000 1.000000 0.000000
vn 0.000000 1.000000 0.000000
vn 0.000000 1.000000 0.000000
vn 0.000000 1.000000 0.000000
vn 0.000000 1.000000 0.000000
vn 0.000000 1.000000 0.000000
vn 0.000000 1.000000 0.000000
vn 0.000000 1.000000 0.000000
vn 0.000000 1.000000 0.000000
vn 0.000000 1.000000 0.000000
vn 0.000000 1.000000 0.000000
vn 0.000000 1.000000 0.000000
vn -0.000300 1.000000 -0.005700
vn 0.000000 1.000000 -0.006000
vn -0.000100 1.000000 -0.002100
vn -0.000200 1.000000 -0.002000
vn 0.000400 1.000000 -0.005900
vn 0.000100 1.000000 -0.002200
vn -0.000300 1.000000 -0.001700
vn -0.000600 1.000000 -0.005200
vn -0.000300 1.000000 -0.001400
vn -0.000700 1.000000 -0.004700
vn -0.001200 0.999900 -0.010400
vn -0.000600 0.999900 -0.011100
vn -0.002300 0.999800 -0.016600
vn -0.001000 0.999800 -0.017600
vn -0.001600 0.999900 -0.009300
vn -0.003400 0.999900 -0.015000
vn 0.000100 0.999900 -0.011400
vn 0.000900 0.999900 -0.011300
vn 0.000300 0.999800 -0.018100
vn 0.001600 0.999800 -0.017900
vn -0.003000 0.999600 -0.026900
vn 0.000300 0.999600 -0.027600
vn 0.000300 0.999700 -0.024000
vn -0.001800 0.999700 -0.023400
vn 0.003400 0.999600 -0.027300
vn 0.002400 0.999700 -0.023700
vn -0.004100 0.999700 -0.022100
vn -0.006400 0.999600 -0.025500
vn -0.006100 0.999800 -0.020100
vn -0.009600 0.999700 -0.023500
vn -0.009000 0.999600 -0.027400
vn -0.004400 0.999600 -0.028700
vn -0.011600 0.999500 -0.028000
vn -0.005900 0.999500 -0.029200
vn -0.013400 0.999600 -0.025500
vn -0.016900 0.999500 -0.026500
vn 0.000100 0.999500 -0.029400
vn 0.004400 0.999500 -0.029100
vn -0.000200 0.999500 -0.029800
vn 0.005300 0.999500 -0.029600
vn -0.000800 1.000000 -0.003300
vn -0.000700 1.000000 -0.004000
vn -0.000200 1.000000 -0.001200
vn -0.000200 1.000000 -0.000900
vn -0.000200 1.000000 -0.000700
vn -0.000800 1.000000 -0.002600
vn -0.000200 1.000000 -0.000600
vn -0.000800 1.000000 -0.002200
vn -0.002500 1.000000 -0.005200
vn -0.002300 1.000000 -0.006700
vn -0.005700 0.999900 -0.008400
vn -0.005100 0.999900 -0.010900
vn -0.002500 1.000000 -0.004400
vn -0.005900 0.999900 -0.007100
vn -0.002000 0.999900 -0.008100
vn -0.004300 0.999900 -0.013100
vn -0.015000 0.999700 -0.018100
vn -0.012600 0.999700 -0.021000
vn -0.008000 0.999800 -0.017700
vn -0.009600 0.999800 -0.014900
vn -0.010700 0.999800 -0.011800
vn -0.016700 0.999700 -0.015000
vn -0.011000 0.999900 -0.010200
vn -0.017200 0.999800 -0.013300
vn -0.022800 0.999600 -0.018100
vn -0.020600 0.999500 -0.020800
vn -0.027900 0.999400 -0.021000
vn -0.025400 0.999400 -0.022900
vn -0.023400 0.999600 -0.016600
vn -0.028700 0.999400 -0.020000
vn -0.017400 0.999600 -0.023300
vn -0.021500 0.999500 -0.024800
vn 0.000800 1.000000 -0.005000
vn 0.000300 1.000000 -0.001800
vn 0.000300 1.000000 -0.002000
vn 0.000700 1.000000 -0.005600
vn 0.000100 1.000000 -0.000500
vn 0.000100 1.000000 -0.000600
vn 0.001400 0.999900 -0.010700
vn 0.001600 0.999900 -0.009700
vn 0.002500 0.999800 -0.017000
vn 0.003000 0.999800 -0.015500
vn 0.001600 0.999900 -0.008400
vn 0.000700 1.000000 -0.004300
vn 0.001400 1.000000 -0.006900
vn 0.000600 1.000000 -0.003400
vn 0.003000 0.999900 -0.013500
vn 0.002800 0.999900 -0.011100
vn 0.000300 1.000000 -0.001400
vn 0.000100 1.000000 -0.000300
vn 0.000200 1.000000 -0.001100
vn 0.000100 1.000000 -0.000200
vn 0.000200 1.000000 -0.002000
vn 0.000000 1.000000 -0.000600
vn 0.000100 1.000000 -0.000800
vn 0.000400 1.000000 -0.002600
vn 0.000000 1.000000 0.000000
vn 0.000000 1.000000 -0.000100
vn 0.001100 1.000000 -0.005300
vn 0.000500 1.000000 -0.004100
vn 0.002200 0.999900 -0.008600
vn 0.001300 1.000000 -0.006600
vn -0.000000 1.000000 -0.003500
vn -0.000100 1.000000 -0.001800
vn 0.000000 1.000000 -0.005700
vn 0.000000 1.000000 -0.000500
vn 0.000000 1.000000 -0.000100
vn 0.007000 0.999700 -0.024000
vn 0.004800 0.999800 -0.020600
vn 0.004000 0.999700 -0.022600
vn 0.005800 0.999600 -0.026100
vn 0.007700 0.999600 -0.027900
vn 0.009600 0.999600 -0.025800
vn 0.009600 0.999500 -0.028400
vn 0.012200 0.999600 -0.026400
vn 0.010300 0.999700 -0.022800
vn 0.007500 0.999700 -0.021100
vn 0.010300 0.999800 -0.019100
vn 0.007400 0.999800 -0.017500
vn 0.013400 0.999600 -0.023500
vn 0.013600 0.999700 -0.019900
vn 0.005000 0.999800 -0.018000
vn 0.004800 0.999800 -0.015000
vn 0.003800 0.999900 -0.010700
vn 0.002300 0.999900 -0.009000
vn 0.004000 0.999900 -0.011700
vn 0.006200 0.999900 -0.013800
vn 0.008900 0.999800 -0.015200
vn 0.005500 0.999900 -0.011800
vn 0.011900 0.999800 -0.016000
vn 0.007500 0.999900 -0.012500
vn 0.000800 0.999900 -0.010100
vn 0.000500 0.999900 -0.009100
vn 0.001300 0.999900 -0.010700
vn 0.000200 1.000000 -0.007700
vn 0.000000 1.000000 -0.000100
vn 0.000000 1.000000 -0.000200
vn 0.000000 1.000000 -0.000300
vn 0.000100 1.000000 -0.000300
vn 0.000000 1.000000 -0.000200
vn 0.000000 1.000000 -0.000100
vn 0.000000 1.000000 -0.000100
vn 0.000000 1.000000 0.000000
vn 0.000000 1.000000 0.000000
vn 0.000000 1.000000 0.000000
vn 0.000000 1.000000 0.000000
vn 0.000000 1.000000 0.000000
vn 0.000000 1.000000 0.000000
vn 0.000000 1.000000 0.000000
vn 0.000000 1.000000 0.000000
vn 0.000000 1.000000 0.000000
vn 0.000000 1.000000 0.000000
vn 0.000000 1.000000 0.000000
vn 0.000000 1.000000 0.000000
vn 0.000000 1.000000 0.000000
vn 0.000000 1.000000 0.000000
vn 0.000000 1.000000 0.000000
vn 0.000000 1.000000 0.000000
vn 0.000000 1.000000 0.000000
vn 0.000000 1.000000 0.000000
vn 0.000000 1.000000 0.000000
vn 0.000000 1.000000 0.000000
vn 0.000000 1.000000 0.000000
vn 0.000000 1.000000 0.000000
vn 0.000000 1.000000 0.000000
vn 0.000000 1.000000 0.000000
vn 0.000000 1.000000 0.000000
vn 0.000000 1.000000 0.000000
vn 0.000000 1.000000 0.000000
vn 0.000000 1.000000 0.000000
vn 0.000000 1.000000 0.000000
vn 0.000000 1.000000 0.000000
vn 0.000000 1.000000 0.000000
vn 0.000000 1.000000 0.000000
vn 0.000000 1.000000 0.000000
vn 0.000000 1.000000 0.000000
vn 0.000000 1.000000 0.000000
vn 0.000000 1.000000 0.000000
vn 0.000000 1.000000 0.000000
vn 0.000000 1.000000 0.000000
vn 0.000000 1.000000 0.000000
vn 0.000000 1.000000 0.000000
vn 0.000000 1.000000 0.000000
vn 0.000000 1.000000 0.000000
vn 0.000000 1.000000 0.000000
vn 0.000000 1.000000 0.000000
vn 0.000000 1.000000 0.000000
vn 0.000000 1.000000 0.000000
vn 0.000000 1.000000 0.000000
vn 0.000000 1.000000 0.000000
vn 0.000000 1.000000 0.000000
vn -0.011300 0.999900 0.000600
vn -0.011200 0.999900 0.007600
vn -0.002000 0.999900 0.007600
vn -0.002000 1.000000 0.000600
vn 0.007700 0.999900 0.007600
vn 0.007900 0.999900 0.000500
vn -0.010700 0.999800 0.014700
vn -0.001900 0.999900 0.014900
vn 0.007300 0.999800 0.014800
vn -0.001800 1.000000 -0.006400
vn -0.011100 0.999900 -0.006200
vn -0.001600 0.999900 -0.013600
vn -0.010500 0.999800 -0.013300
vn 0.007900 0.999900 -0.006400
vn 0.007700 0.999900 -0.013500
vn -0.019200 0.999800 -0.006000
vn -0.019500 0.999800 0.000700
vn -0.025400 0.999600 -0.005800
vn -0.025600 0.999700 0.000700
vn -0.018500 0.999700 -0.012900
vn -0.024700 0.999600 -0.012500
vn -0.019300 0.999800 0.007400
vn -0.018500 0.999700 0.014300
vn -0.025400 0.999600 0.007200
vn -0.024600 0.999600 0.013900
vn -0.033900 0.999400 0.000800
vn -0.033700 0.999400 0.006900
vn -0.029900 0.999500 0.007000
vn -0.030200 0.999500 0.000700
vn -0.033000 0.999400 0.013200
vn -0.029200 0.999500 0.013500
vn -0.030000 0.999500 -0.005600
vn -0.033700 0.999400 -0.005400
vn -0.029400 0.999500 -0.012100
vn -0.033300 0.999400 -0.011900
vn -0.036200 0.999300 -0.005300
vn -0.036300 0.999300 0.000800
vn -0.037000 0.999300 -0.005400
vn -0.037200 0.999300 0.000700
vn -0.035800 0.999300 -0.011700
vn -0.036700 0.999200 -0.011700
vn -0.036100 0.999300 0.006800
vn -0.035500 0.999300 0.012900
vn -0.037000 0.999300 0.006700
vn -0.036300 0.999200 0.012800
vn -0.008600 0.999600 -0.024700
vn -0.009700 0.999800 -0.019700
vn -0.001300 0.999800 -0.020100
vn -0.000900 0.999700 -0.025100
vn 0.007400 0.999800 -0.020100
vn 0.006800 0.999600 -0.025000
vn -0.000500 0.999600 -0.028400
vn -0.007300 0.999600 -0.027900
vn 0.006100 0.999600 -0.028300
vn -0.013900 0.999500 -0.026900
vn -0.015800 0.999600 -0.023900
vn -0.019700 0.999500 -0.025800
vn -0.021900 0.999500 -0.023100
vn -0.017300 0.999700 -0.019200
vn -0.023500 0.999500 -0.018600
vn -0.031100 0.999300 -0.021600
vn -0.032400 0.999300 -0.017700
vn -0.028400 0.999400 -0.018100
vn -0.027000 0.999400 -0.022300
vn -0.024800 0.999400 -0.024700
vn -0.028800 0.999300 -0.023500
vn -0.031500 0.999200 -0.022400
vn -0.033800 0.999200 -0.021000
vn -0.032400 0.999200 -0.021800
vn -0.034700 0.999200 -0.020700
vn -0.035100 0.999200 -0.017400
vn -0.036000 0.999200 -0.017300
vn -0.008800 0.999700 0.023900
vn -0.001600 0.999700 0.024300
vn -0.001700 0.999800 0.020900
vn -0.009900 0.999700 0.020600
vn 0.005700 0.999700 0.024100
vn 0.006600 0.999800 0.020800
vn -0.017300 0.999600 0.020000
vn -0.015600 0.999600 0.023200
vn -0.023200 0.999500 0.019400
vn -0.021300 0.999500 0.022300
vn -0.013500 0.999600 0.023700
vn -0.007500 0.999700 0.024500
vn -0.011100 0.999700 0.021600
vn -0.006100 0.999700 0.022500
vn -0.018800 0.999500 0.022700
vn -0.015800 0.999700 0.020400
vn -0.001300 0.999700 0.025000
vn 0.004700 0.999700 0.024800
vn -0.001100 0.999700 0.022900
vn 0.003700 0.999700 0.022800
vn -0.003300 0.999800 0.015700
vn -0.000600 0.999800 0.016100
vn -0.000900 0.999800 0.019500
vn -0.004700 0.999800 0.019000
vn 0.001800 0.999800 0.015900
vn 0.002700 0.999800 0.019300
vn -0.008600 0.999800 0.018100
vn -0.006100 0.999800 0.014700
vn -0.012500 0.999800 0.016800
vn -0.008900 0.999800 0.013400
vn -0.003800 0.999900 0.011400
vn -0.002100 0.999900 0.012300
vn -0.002000 0.999900 0.008100
vn -0.001100 0.999900 0.008700
vn -0.005600 0.999900 0.010300
vn -0.003000 0.999900 0.007200
vn -0.000400 0.999900 0.012600
vn 0.001100 0.999900 0.012500
vn -0.000200 0.999900 0.009000
vn 0.000500 0.999900 0.008900
vn -0.029900 0.999300 0.020700
vn -0.026000 0.999400 0.021500
vn -0.027900 0.999400 0.018800
vn -0.031800 0.999300 0.018300
vn -0.034300 0.999200 0.017800
vn -0.032400 0.999300 0.020000
vn -0.035200 0.999200 0.017500
vn -0.033300 0.999200 0.019600
vn -0.029700 0.999400 0.019500
vn -0.027200 0.999400 0.020500
vn -0.025700 0.999500 0.016100
vn -0.023500 0.999500 0.017600
vn -0.030500 0.999300 0.018900
vn -0.026500 0.999500 0.015300
vn -0.023400 0.999500 0.021600
vn -0.020100 0.999600 0.019000
vn -0.013600 0.999800 0.010000
vn -0.011500 0.999800 0.011800
vn -0.015900 0.999800 0.015200
vn -0.018800 0.999700 0.013500
vn -0.020600 0.999700 0.011700
vn -0.015000 0.999800 0.008000
vn -0.021300 0.999700 0.010700
vn -0.015400 0.999800 0.007000
vn -0.009500 0.999900 0.005200
vn -0.008600 0.999900 0.007100
vn -0.005100 1.000000 0.003400
vn -0.004600 1.000000 0.004800
vn -0.009800 0.999900 0.004300
vn -0.005200 1.000000 0.002600
vn -0.007300 0.999900 0.008800
vn -0.003900 1.000000 0.006100
vn 0.015400 0.999600 0.021700
vn 0.018000 0.999600 0.018800
vn 0.013600 0.999700 0.020100
vn 0.011700 0.999600 0.023300
vn 0.020100 0.999700 0.013400
vn 0.015000 0.999800 0.014300
vn 0.009600 0.999700 0.023900
vn 0.012500 0.999700 0.022200
vn 0.007400 0.999700 0.021900
vn 0.009700 0.999700 0.020200
vn 0.014000 0.999700 0.019900
vn 0.017500 0.999600 0.019500
vn 0.014400 0.999700 0.017000
vn 0.018300 0.999700 0.016700
vn 0.010700 0.999800 0.017900
vn 0.010800 0.999800 0.015200
vn 0.020600 0.999600 0.016900
vn 0.023100 0.999600 0.012100
vn 0.021800 0.999600 0.014600
vn 0.024500 0.999600 0.010400
vn 0.010400 0.999900 0.010700
vn 0.012800 0.999800 0.009300
vn 0.019600 0.999700 0.011800
vn 0.016300 0.999800 0.013500
vn 0.014600 0.999800 0.006700
vn 0.022200 0.999700 0.008500
vn 0.012700 0.999800 0.013700
vn 0.008000 0.999900 0.010700
vn 0.009300 0.999900 0.012100
vn 0.005800 0.999900 0.009500
vn 0.001200 0.999900 0.009200
vn 0.001800 0.999900 0.009100
vn 0.000700 0.999900 0.008100
vn 0.002400 0.999900 0.007900
vn 0.003000 1.000000 0.005700
vn 0.004700 0.999900 0.013800
vn 0.007000 0.999800 0.016900
vn 0.005500 0.999800 0.018500
vn 0.003700 0.999900 0.015100
vn 0.002200 0.999900 0.011800
vn 0.002900 0.999900 0.010700
vn 0.001200 0.999900 0.008400
vn 0.001500 1.000000 0.007500
vn 0.003100 0.999900 0.009200
vn 0.005100 0.999900 0.012000
vn 0.003000 0.999900 0.007500
vn 0.005000 0.999900 0.009900
vn 0.001600 1.000000 0.006400
vn 0.001600 1.000000 0.005200
vn 0.007700 0.999800 0.014900
vn 0.007600 0.999900 0.012400
vn 0.002500 1.000000 0.006000
vn 0.003900 0.999900 0.007600
vn 0.006500 0.999900 0.009800
vn 0.004200 0.999900 0.007700
vn 0.002500 1.000000 0.005800
vn 0.001500 1.000000 0.004500
vn 0.001300 1.000000 0.004000
vn 0.000800 1.000000 0.003100
vn 0.000100 1.000000 0.003900
vn 0.000200 1.000000 0.005200
vn 0.000000 1.000000 0.002700
vn 0.000300 1.000000 0.006600
vn 0.021900 0.999800 0.000500
vn 0.016300 0.999800 0.000500
vn 0.015900 0.999800 0.007300
vn 0.021400 0.999700 0.006900
vn 0.024700 0.999700 0.006200
vn 0.025200 0.999700 0.000400
vn 0.026300 0.999600 0.005400
vn 0.027000 0.999600 0.000400
vn 0.024900 0.999700 -0.005300
vn 0.021600 0.999700 -0.005900
vn 0.023800 0.999600 -0.011200
vn 0.020700 0.999700 -0.012400
vn 0.026600 0.999600 -0.004500
vn 0.025300 0.999600 -0.009600
vn 0.016100 0.999800 -0.006300
vn 0.015600 0.999800 -0.013200
vn 0.017200 0.999600 -0.022700
vn 0.013200 0.999600 -0.024200
vn 0.014500 0.999700 -0.019400
vn 0.019200 0.999600 -0.018300
vn 0.021900 0.999600 -0.016500
vn 0.019400 0.999600 -0.020400
vn 0.023100 0.999600 -0.014200
vn 0.020300 0.999600 -0.017500
vn 0.016500 0.999600 -0.022900
vn 0.014800 0.999500 -0.025500
vn 0.017000 0.999700 -0.019500
vn 0.011500 0.999500 -0.027300
vn 0.016200 0.999800 0.000300
vn 0.024600 0.999700 0.000400
vn 0.023900 0.999700 0.004400
vn 0.015800 0.999800 0.003500
vn 0.003300 1.000000 0.002900
vn 0.003500 1.000000 0.000200
vn 0.003400 1.000000 -0.002500
vn 0.016000 0.999800 -0.002900
vn 0.003200 1.000000 -0.005300
vn 0.015100 0.999800 -0.006200
vn 0.024200 0.999700 -0.003700
vn 0.022900 0.999700 -0.007800
vn 0.011700 0.999800 -0.011200
vn 0.018100 0.999700 -0.014200
vn 0.020800 0.999700 -0.011500
vn 0.013600 0.999800 -0.009100
vn 0.002800 0.999900 -0.007800
vn 0.002300 0.999900 -0.009600
vn 0.001800 0.999900 -0.010600
vn 0.009600 0.999800 -0.012400
vn 0.015000 0.999800 -0.015700
vn 0.000000 1.000000 0.000000
vn 0.000000 1.000000 0.000000
vn 0.000000 1.000000 0.000000
vn 0.000000 1.000000 0.000000
vn 0.000000 1.000000 0.000000
vn 0.000000 1.000000 0.000000
vn 0.000000 1.000000 0.000000
vn 0.000000 1.000000 0.000000
vn 0.000000 1.000000 0.000000
vn 0.000000 1.000000 0.000000
vn 0.000000 1.000000 0.000000
vn 0.000000 1.000000 0.000000
vn 0.000000 1.000000 0.000000
vn 0.000000 1.000000 0.000000
vn 0.000000 1.000000 0.000000
vn 0.000000 1.000000 0.000000
vn 0.000000 1.000000 0.000000
vn 0.000000 1.000000 0.000000
vn 0.000000 1.000000 0.000000
vn 0.000000 1.000000 0.000000
vn 0.000000 1.000000 0.000000
vn 0.000000 1.000000 0.000000
vn 0.000000 1.000000 0.000000
vn 0.000000 1.000000 0.000000
vn 0.000000 1.000000 0.000000
vn 0.000000 1.000000 0.000000
vn 0.000000 1.000000 0.000000
vn 0.000000 1.000000 0.000000
vn 0.000000 1.000000 0.000000
vn 0.000000 1.000000 0.000000
vn 0.000000 1.000000 0.000000
vn 0.000000 1.000000 0.000000
vn 0.000000 1.000000 0.000000
vn 0.000000 1.000000 0.000000
vn 0.000000 1.000000 0.000000
vn 0.000000 1.000000 0.000000
vn 0.000000 1.000000 0.000000
vn 0.000000 1.000000 0.000000
vn 0.000000 1.000000 0.000000
vn 0.000000 1.000000 0.000000
vn 0.000000 1.000000 0.000000
vn 0.000000 1.000000 0.000000
vn 0.000000 1.000000 0.000000
vn 0.000000 1.000000 0.000000
vn 0.000000 1.000000 0.000000
vn -0.000200 1.000000 0.002500
vn -0.000000 1.000000 0.000700
vn -0.000000 1.000000 0.000700
vn 0.000000 1.000000 0.002600
vn -0.000000 1.000000 0.000700
vn 0.000100 1.000000 0.002600
vn -0.000100 1.000000 0.005500
vn -0.000500 1.000000 0.005300
vn 0.000200 1.000000 0.005400
vn -0.000900 1.000000 0.004900
vn -0.000300 1.000000 0.002400
vn -0.001300 1.000000 0.004400
vn -0.000400 1.000000 0.002100
vn 0.000000 1.000000 0.000600
vn -0.000100 1.000000 0.000500
vn -0.000600 1.000000 0.001400
vn -0.000100 1.000000 0.000400
vn -0.000100 1.000000 0.000500
vn -0.000500 1.000000 0.001800
vn -0.001700 1.000000 0.003700
vn -0.002000 1.000000 0.002900
vn -0.002200 1.000000 0.002000
vn -0.000700 1.000000 0.001000
vn -0.002300 1.000000 0.001600
vn -0.000700 1.000000 0.000800
vn -0.000100 1.000000 0.000200
vn -0.000100 1.000000 0.000200
vn 0.000000 1.000000 0.000000
vn 0.000000 1.000000 0.000000
vn 0.000000 1.000000 0.000000
vn 0.000000 1.000000 0.000000
vn 0.000000 1.000000 0.000000
vn 0.000000 1.000000 0.000000
vn 0.000000 1.000000 0.000000
vn 0.000000 1.000000 0.000000
vn 0.000000 1.000000 0.000000
vn 0.000000 1.000000 0.000000
vn 0.000000 1.000000 0.000000
vn 0.000000 1.000000 0.000000
vn 0.000000 1.000000 0.000000
vn 0.000000 1.000000 0.000000
vn 0.000000 1.000000 0.000000
vn 0.000000 1.000000 0.000000
vn 0.000000 1.000000 0.000000
vn 0.000000 1.000000 0.000000
vn 0.000000 1.000000 0.000000
vn 0.000000 1.000000 0.000000
vn 0.000000 1.000000 0.000000
vn 0.000000 1.000000 0.000000
vn 0.000000 1.000000 0.000000
vn 0.000000 1.000000 0.000000
vn 0.000000 1.000000 0.000000
vn 0.000000 1.000000 0.000000
vn 0.000000 1.000000 0.000000
vn 0.000000 1.000000 0.000000
vn 0.000000 1.000000 0.000000
vn 0.000000 1.000000 0.000000
vn 0.000000 1.000000 0.000000
vn 0.000000 1.000000 0.000000
vn 0.000000 1.000000 0.000000
vn 0.000000 1.000000 0.000000
vn 0.000000 1.000000 0.000000
vn 0.000000 1.000000 0.000000
vn 0.000000 1.000000 0.000000
vn 0.000000 1.000000 0.000000
vn 0.000000 1.000000 0.000000
vn 0.000000 1.000000 0.000000
vn 0.000000 1.000000 0.000000
vn 0.000000 1.000000 0.000000
vn 0.000000 1.000000 0.000000
vn 0.000000 1.000000 0.000000
vn 0.000000 1.000000 0.000000
vn 0.000000 1.000000 0.000000
vn 0.000000 1.000000 0.000000
vn 0.000000 1.000000 0.000000
vn 0.000000 1.000000 0.000000
vn 0.000000 1.000000 0.000000
vn 0.000000 1.000000 0.000000
vn 0.000000 1.000000 0.000000
vn 0.000000 1.000000 0.000000
vn 0.000000 1.000000 0.000000
vn 0.000000 1.000000 0.000000
vn 0.000000 1.000000 0.000000
vn 0.000000 1.000000 0.000000
vn 0.000000 1.000000 0.000000
vn 0.000000 1.000000 0.000000
vn 0.000000 1.000000 0.000000
vn 0.000000 1.000000 0.000000
vn 0.000000 1.000000 0.000000
vn 0.000000 1.000000 0.000000
vn 0.000000 1.000000 0.000000
vn 0.000000 1.000000 0.000000
vn 0.000000 1.000000 0.000000
vn 0.000000 1.000000 0.000000
vn 0.000000 1.000000 0.000000
vn 0.000000 1.000000 0.000000
vn 0.000000 1.000000 0.000000
vn 0.000000 1.000000 0.000000
vn 0.000000 1.000000 0.000000
vn 0.000000 1.000000 0.000000
vn 0.000000 1.000000 0.000000
vn 0.000000 1.000000 0.000000
vn 0.000000 1.000000 0.000000
vn 0.000000 1.000000 0.000000
vn 0.000000 1.000000 0.000000
vn 0.000000 1.000000 0.000000
vn 0.000000 1.000000 0.000000
vn 0.000000 1.000000 0.000000
vn 0.000000 1.000000 0.000000
vn 0.000000 1.000000 0.000000
vn 0.000000 1.000000 0.000000
vn 0.000000 1.000000 0.000000
vn 0.000000 1.000000 0.000000
vn 0.000000 1.000000 0.000000
vn 0.000000 1.000000 0.000000
vn 0.000000 1.000000 0.000000
vn 0.000000 1.000000 0.000000
vn 0.000000 1.000000 0.000000
vn 0.000000 1.000000 0.000000
vn 0.000000 1.000000 0.000000
vn 0.000000 1.000000 0.000000
vn 0.000000 1.000000 0.000000
vn 0.000000 1.000000 0.000000
vn 0.000000 1.000000 0.000000
vn 0.000000 1.000000 0.000000
vn 0.000000 1.000000 0.000000
vn 0.000000 1.000000 0.000000
vn 0.000000 1.000000 0.000000
vn 0.000000 1.000000 0.000000
vn 0.000000 1.000000 0.000000
vn 0.000000 1.000000 0.000000
vn 0.000000 1.000000 0.000000
vn 0.000000 1.000000 0.000000
vn 0.000000 1.000000 0.000000
vn 0.000000 1.000000 0.000000
vn 0.000000 1.000000 0.000000
vn 0.000000 1.000000 0.000000
vn 0.000000 1.000000 0.000000
vn 0.000000 1.000000 0.000000
vn 0.000000 1.000000 0.000000
vn 0.000000 1.000000 0.000000
vn 0.000000 1.000000 0.000000
vn 0.000000 1.000000 0.000000
vn 0.000000 1.000000 0.000000
vn 0.000000 1.000000 0.000000
vn 0.000000 1.000000 0.000000
vn 0.000000 1.000000 0.000000
vn 0.000000 1.000000 0.000000
vn 0.000000 1.000000 0.000000
vn 0.000000 1.000000 0.000000
vn 0.000000 1.000000 0.000000
vn 0.000000 1.000000 0.000000
vn 0.000000 1.000000 0.000000
vn 0.000000 1.000000 0.000000
vn 0.000000 1.000000 0.000000
vn 0.000000 1.000000 0.000000
vn 0.000000 1.000000 0.000000
vn 0.000000 1.000000 0.000000
vn 0.000000 1.000000 0.000000
vn 0.000000 1.000000 0.000000
vn 0.000000 1.000000 0.000000
vn 0.000000 1.000000 0.000000
vn 0.000000 1.000000 0.000000
vn 0.000000 1.000000 0.000000
vn 0.000000 1.000000 0.000000
vn 0.000000 1.000000 0.000000
vn 0.000000 1.000000 0.000000
vn 0.000000 1.000000 0.000000
vn 0.000000 1.000000 0.000000
vn 0.000000 1.000000 0.000000
vn 0.000000 1.000000 0.000000
vn 0.000000 1.000000 0.000000
vn 0.000000 1.000000 0.000000
vn 0.000000 1.000000 0.000000
vn 0.000000 1.000000 0.000000
vn 0.000000 1.000000 0.000000
vn 0.000000 1.000000 0.000000
vn 0.000000 1.000000 0.000000
vn 0.000200 1.000000 0.002200
vn 0.000100 1.000000 0.002400
vn 0.000000 1.000000 0.000600
vn 0.000000 1.000000 0.000600
vn -0.000000 1.000000 0.000500
vn 0.000200 1.000000 0.001900
vn 0.000000 1.000000 0.000400
vn 0.000200 1.000000 0.001500
vn 0.000700 1.000000 0.003900
vn 0.000600 1.000000 0.004600
vn 0.000700 1.000000 0.003200
vn 0.000500 1.000000 0.005100
vn 0.000000 1.000000 0.000000
vn 0.000000 1.000000 0.000000
vn 0.000000 1.000000 0.000000
vn 0.000000 1.000000 0.000000
vn 0.000000 1.000000 0.000000
vn 0.000000 1.000000 0.000000
vn 0.000000 1.000000 0.000000
vn 0.000000 1.000000 0.000000
vn 0.000000 1.000000 0.000000
vn 0.000000 1.000000 0.000000
vn 0.000000 1.000000 0.000000
vn 0.000000 1.000000 0.000000
vn 0.000100 1.000000 0.000900
vn 0.000200 1.000000 0.001200
vn -0.000000 1.000000 0.000300
vn 0.000000 1.000000 0.000200
vn 0.000000 1.000000 0.000200
vn 0.000000 1.000000 0.000800
vn 0.000000 1.000000 0.001600
vn 0.000300 1.000000 0.001900
vn 0.000500 1.000000 0.002400
vt 11.241800 9.205400
vt 11.241900 9.540500
vt 11.005000 9.539800
vt 11.004000 9.203400
vt 10.740200 9.538500
vt 10.738400 9.201100
vt 11.240100 9.846200
vt 11.004600 9.847100
vt 10.740800 9.847300
vt 11.001600 8.835200
vt 11.240100 8.838000
vt 10.998000 8.432200
vt 11.236800 8.435500
vt 10.735500 8.832200
vt 10.731600 8.428700
vt 11.454800 8.840600
vt 11.455800 9.207100
vt 11.650000 8.843200
vt 11.650100 9.208600
vt 11.452000 8.438700
vt 11.647700 8.441900
vt 11.454800 9.540900
vt 11.451400 9.844500
vt 11.647800 9.540800
vt 11.642700 9.842200
vt 11.995500 9.211200
vt 11.990100 9.539500
vt 11.824900 9.540300
vt 11.828700 9.210000
vt 11.981000 9.835700
vt 11.817800 9.839200
vt 11.829600 8.845700
vt 11.997500 8.848300
vt 11.828000 8.445100
vt 11.996600 8.448500
vt 12.157600 8.850800
vt 12.154400 9.212300
vt 12.313800 8.853400
vt 12.309500 9.213400
vt 12.157400 8.451900
vt 12.314400 8.455300
vt 12.147400 9.538500
vt 12.136100 9.832000
vt 12.300800 9.537500
vt 12.287300 9.828000
vt 11.226300 7.513900
vt 11.232100 7.995100
vt 10.993100 7.991500
vt 10.987200 7.510200
vt 10.726500 7.987800
vt 10.720600 7.506300
vt 10.980500 6.985300
vt 11.219500 6.989000
vt 10.973200 6.413800
vt 11.212200 6.417300
vt 10.714000 6.981400
vt 10.707000 6.409900
vt 11.435100 6.992500
vt 11.441900 7.517500
vt 11.631300 6.995900
vt 11.638000 7.521000
vt 11.427700 6.420700
vt 11.623800 6.424000
vt 11.447600 7.998600
vt 11.643600 8.002100
vt 11.987800 7.528400
vt 11.993200 8.009400
vt 11.824200 8.005700
vt 11.818700 7.524700
vt 11.812000 6.999400
vt 11.981100 7.002900
vt 11.804400 6.427200
vt 11.973300 6.430400
vt 12.142400 7.006400
vt 12.149200 7.532100
vt 12.299900 7.009900
vt 12.306800 7.535800
vt 12.134600 6.433500
vt 12.291900 6.436700
vt 12.154500 8.013100
vt 12.311800 8.016900
vt 11.230800 10.380500
vt 10.999200 10.386800
vt 11.002600 10.128400
vt 11.236300 10.125100
vt 10.738700 10.391400
vt 10.740300 10.130600
vt 11.445600 10.120700
vt 11.437500 10.372800
vt 11.634500 10.115400
vt 11.623500 10.363700
vt 11.427400 10.604200
vt 11.223700 10.615900
vt 11.415500 10.818200
vt 11.215300 10.834500
vt 11.609900 10.590500
vt 11.593800 10.799000
vt 10.994600 10.625500
vt 10.736100 10.632900
vt 10.989100 10.847900
vt 10.732800 10.858400
vt 11.195500 11.234700
vt 10.975700 11.256700
vt 10.982700 11.057200
vt 11.205800 11.039700
vt 10.724300 11.273800
vt 10.728800 11.070900
vt 11.402000 11.018100
vt 11.387400 11.207500
vt 11.575400 10.992500
vt 11.555400 11.174700
vt 11.372100 11.389800
vt 11.184600 11.423000
vt 11.356300 11.568700
vt 11.173500 11.607900
vt 11.534200 11.349500
vt 11.512500 11.520500
vt 10.968300 11.449600
vt 10.719500 11.470200
vt 10.960700 11.639200
vt 10.714600 11.663400
vt 11.950000 10.341900
vt 11.793000 10.353300
vt 11.807200 10.109100
vt 11.967600 10.102200
vt 12.120000 10.094800
vt 12.098700 10.329900
vt 12.268300 10.087200
vt 12.243300 10.317500
vt 12.072000 10.539700
vt 11.927900 10.557700
vt 12.039600 10.727000
vt 11.901400 10.752600
vt 12.211900 10.521200
vt 12.173400 10.700600
vt 11.775300 10.574800
vt 11.754200 10.776900
vt 11.835400 11.092500
vt 11.703100 11.136000
vt 11.729900 10.962600
vt 11.870300 10.929500
vt 12.001100 10.894300
vt 11.956900 11.045200
vt 12.127300 10.858100
vt 12.073100 10.996000
vt 11.907100 11.182800
vt 11.797600 11.245700
vt 11.854500 11.313900
vt 11.758300 11.393900
vt 12.010000 11.116400
vt 11.937300 11.221600
vt 11.674700 11.301300
vt 11.645400 11.462500
vt 10.114500 10.396300
vt 10.113900 10.132100
vt 10.445300 10.131600
vt 10.445000 10.394300
vt 10.112700 9.846100
vt 10.444800 9.846800
vt 10.443900 10.638000
vt 10.114500 10.641600
vt 10.442300 10.865800
vt 10.114000 10.871200
vt 9.744200 10.644600
vt 9.743500 10.398200
vt 9.329400 10.648000
vt 9.328400 10.400700
vt 9.744400 10.875500
vt 9.330000 10.879700
vt 9.742400 10.133000
vt 9.740800 9.846100
vt 9.327200 10.134900
vt 9.325500 9.847500
vt 8.351000 10.410900
vt 8.350200 10.144500
vt 8.864400 10.138600
vt 8.865500 10.404800
vt 8.349100 9.856700
vt 8.862900 9.850900
vt 8.866400 10.652500
vt 8.351700 10.658800
vt 8.867100 10.884700
vt 8.352200 10.891300
vt 7.781500 10.667700
vt 7.781100 10.419700
vt 7.152000 10.679800
vt 7.152000 10.431700
vt 7.781700 10.900300
vt 7.152000 10.912400
vt 7.780600 10.153200
vt 7.780000 9.865300
vt 7.151800 10.165200
vt 7.151600 9.877100
vt 10.111900 11.295800
vt 10.113100 11.088200
vt 10.440100 11.080900
vt 10.437500 11.286500
vt 10.434700 11.485600
vt 10.110500 11.497000
vt 10.431800 11.681600
vt 10.109000 11.695100
vt 9.743600 11.505600
vt 9.744100 11.302900
vt 9.330700 11.512600
vt 9.330600 11.308900
vt 9.743100 11.705200
vt 9.330700 11.713300
vt 9.744400 11.093900
vt 9.330400 11.099000
vt 8.353100 11.322200
vt 8.352700 11.111400
vt 8.867700 11.104500
vt 8.868100 11.315000
vt 8.868400 11.519400
vt 8.353500 11.526800
vt 8.868700 11.720600
vt 8.353800 11.728300
vt 7.782500 11.536100
vt 7.782300 11.331400
vt 7.152300 11.548200
vt 7.152200 11.343500
vt 7.782800 11.737600
vt 7.152400 11.749700
vt 7.782000 11.120500
vt 7.152100 11.132600
vt 10.108100 9.196000
vt 10.441000 9.198400
vt 10.443400 9.536700
vt 10.110700 9.535100
vt 9.738600 9.534400
vt 9.735800 9.194800
vt 9.323300 9.535300
vt 9.320700 9.195400
vt 9.732400 8.824200
vt 10.104600 8.825900
vt 9.728200 8.419600
vt 10.100300 8.421600
vt 9.317500 8.824500
vt 9.313600 8.419800
vt 10.437700 8.828800
vt 10.433500 8.424900
vt 10.089500 7.498400
vt 10.422500 7.502100
vt 10.428400 7.983700
vt 10.095200 7.980100
vt 9.723300 7.977900
vt 9.717800 7.496100
vt 9.309100 7.978000
vt 9.304200 7.496100
vt 9.712100 6.971100
vt 10.083300 6.973400
vt 9.706300 6.399800
vt 10.077000 6.402100
vt 9.299000 6.971000
vt 9.293800 6.399600
vt 10.416100 6.977100
vt 10.409400 6.405800
vt 8.346100 9.204300
vt 8.858900 9.198500
vt 8.861100 9.538500
vt 8.347800 9.544300
vt 7.779200 9.552900
vt 7.778100 9.212900
vt 7.151200 9.564600
vt 7.150500 9.224300
vt 7.776700 8.842000
vt 8.344100 8.833500
vt 7.774800 8.437100
vt 8.341600 8.428800
vt 7.149500 8.853000
vt 7.147900 8.447500
vt 8.856200 8.827700
vt 8.853000 8.422900
vt 8.335100 7.504800
vt 8.845000 7.499200
vt 8.849200 7.981200
vt 8.338500 7.986900
vt 7.772400 7.994900
vt 7.769500 7.512300
vt 7.145800 8.004600
vt 7.143100 7.521000
vt 7.766200 6.986000
vt 8.331300 6.979300
vt 7.762400 6.412900
vt 8.327400 6.407200
vt 7.139700 6.993300
vt 7.135500 6.418400
vt 8.840500 6.974000
vt 8.836100 6.402400
vt 10.047100 2.143000
vt 10.046100 1.349500
vt 10.375800 1.351600
vt 10.376800 2.145500
vt 10.670900 1.353700
vt 10.672000 2.147900
vt 10.047600 0.547700
vt 10.377200 0.549500
vt 10.672200 0.551100
vt 10.379700 2.925100
vt 10.049900 2.922400
vt 10.384000 3.684800
vt 10.054000 3.681800
vt 10.675000 2.928000
vt 10.679600 3.688000
vt 9.681800 2.920200
vt 9.679000 2.140900
vt 9.271400 2.918800
vt 9.268400 2.139200
vt 9.685800 3.679500
vt 9.275400 3.678500
vt 9.677900 1.347500
vt 9.679400 0.545900
vt 9.267200 1.345700
vt 9.268500 0.544100
vt 8.302200 2.136700
vt 8.300000 1.341600
vt 8.809900 1.344300
vt 8.811600 2.138400
vt 8.300700 0.539500
vt 8.810900 0.542400
vt 8.814900 2.918800
vt 8.306100 2.918300
vt 8.819100 3.679300
vt 8.310700 3.680200
vt 7.738700 2.915500
vt 7.734100 2.132200
vt 7.106500 2.908400
vt 7.101100 2.123400
vt 7.744000 3.679200
vt 7.112800 3.674600
vt 7.731400 1.336200
vt 7.731600 0.533900
vt 7.097800 1.326200
vt 7.097600 0.524100
vt 10.064600 5.117100
vt 10.059000 4.415300
vt 10.389500 4.418500
vt 10.395800 5.120600
vt 10.685600 4.422100
vt 10.692300 5.124400
vt 10.402500 5.784900
vt 10.070700 5.781400
vt 10.699600 5.789000
vt 9.700700 5.779100
vt 9.695300 5.114800
vt 9.288900 5.778700
vt 9.284200 5.114400
vt 9.690300 4.413000
vt 9.279700 4.412300
vt 8.319400 5.119600
vt 8.315200 4.415900
vt 8.823300 4.413800
vt 8.827500 5.116400
vt 8.831700 5.781300
vt 8.323500 5.785300
vt 7.758300 5.789600
vt 7.753900 5.122200
vt 7.130600 5.792900
vt 7.125000 5.123000
vt 7.749100 4.416800
vt 7.119000 4.414800
vt 10.058700 -1.056300
vt 10.388000 -1.055400
vt 10.381400 -0.255200
vt 10.052000 -0.256600
vt 10.682700 -1.054400
vt 10.676300 -0.253900
vt 9.683800 -0.258100
vt 9.690800 -1.057200
vt 9.273000 -0.259500
vt 9.280100 -1.058000
vt 9.699400 -1.844400
vt 10.067300 -1.844400
vt 9.709300 -2.612500
vt 10.077200 -2.613600
vt 9.288900 -1.844000
vt 9.298700 -2.610500
vt 10.396500 -1.844000
vt 10.691100 -1.843500
vt 10.406500 -2.614100
vt 10.701300 -2.614100
vt 10.099200 -4.067900
vt 10.429500 -4.070900
vt 10.417700 -3.358600
vt 10.088000 -3.357000
vt 10.725000 -4.072700
vt 10.712700 -3.359400
vt 9.719600 -3.354300
vt 9.730200 -4.063300
vt 9.308600 -3.350200
vt 9.318700 -4.056800
vt 9.740900 -4.733200
vt 10.110500 -4.739800
vt 9.751400 -5.357300
vt 10.121700 -5.366100
vt 9.328700 -4.723900
vt 9.338400 -5.345400
vt 10.441500 -4.744400
vt 10.737500 -4.747300
vt 10.453200 -5.372400
vt 10.749700 -5.376600
vt 8.312300 -1.059600
vt 8.822600 -1.058400
vt 8.815500 -0.260900
vt 8.305100 -0.263300
vt 7.735800 -0.268000
vt 7.742900 -1.062400
vt 7.101500 -0.276200
vt 7.108500 -1.067800
vt 7.752000 -1.842100
vt 8.321300 -1.842200
vt 7.762100 -2.600000
vt 8.331100 -2.603700
vt 7.117800 -1.843600
vt 7.128200 -2.596700
vt 8.831500 -1.843000
vt 8.841300 -2.607400
vt 8.350200 -4.036600
vt 8.860600 -4.047700
vt 8.851000 -3.344300
vt 8.340800 -3.337200
vt 7.772000 -3.329000
vt 7.781700 -4.023800
vt 7.138700 -3.320400
vt 7.149100 -4.009500
vt 7.790900 -4.678900
vt 8.359300 -4.696500
vt 7.799400 -5.289000
vt 8.367900 -5.311000
vt 7.159100 -4.659100
vt 7.168200 -5.264200
vt 8.870000 -4.711600
vt 8.879100 -5.329900
vt 11.184400 -1.052900
vt 11.178100 -0.251900
vt 10.940600 -0.252800
vt 10.946900 -1.053600
vt 11.174300 0.553700
vt 10.936700 0.552500
vt 10.955300 -1.843000
vt 11.192800 -1.842500
vt 10.965500 -2.614000
vt 11.203000 -2.613700
vt 11.407200 -1.842000
vt 11.398900 -1.052300
vt 11.602400 -1.841600
vt 11.594100 -1.051700
vt 11.417400 -2.613400
vt 11.612600 -2.613100
vt 11.392700 -0.251100
vt 11.388900 0.554800
vt 11.587900 -0.250300
vt 11.584200 0.555700
vt 11.941800 -1.050700
vt 11.935700 -0.249000
vt 11.767600 -0.249600
vt 11.773700 -1.051200
vt 11.932200 0.557500
vt 11.764000 0.556600
vt 11.782000 -1.841200
vt 11.950000 -1.840800
vt 11.792200 -2.612700
vt 11.960100 -2.612400
vt 12.110300 -1.840400
vt 12.102100 -1.050200
vt 12.266600 -1.840000
vt 12.258500 -1.049800
vt 12.120300 -2.612100
vt 12.276700 -2.611800
vt 12.096100 -0.248400
vt 12.092600 0.558400
vt 12.252600 -0.247700
vt 12.249200 0.559200
vt 11.227300 -4.074100
vt 11.214700 -3.359800
vt 10.977100 -3.359800
vt 10.989600 -4.073700
vt 11.002400 -4.749100
vt 11.240200 -4.750100
vt 11.014900 -5.379500
vt 11.252800 -5.381100
vt 11.454700 -4.750400
vt 11.441700 -4.074100
vt 11.649800 -4.750400
vt 11.636800 -4.073900
vt 11.467300 -5.382000
vt 11.662400 -5.382400
vt 11.429100 -3.359600
vt 11.624300 -3.359300
vt 11.984400 -4.073500
vt 11.971800 -3.358800
vt 11.803900 -3.359000
vt 11.816400 -4.073700
vt 11.829300 -4.750300
vt 11.997300 -4.750200
vt 11.842000 -5.382500
vt 12.009900 -5.382400
vt 12.157500 -4.750000
vt 12.144600 -4.073200
vt 12.313900 -4.749700
vt 12.300900 -4.073000
vt 12.170200 -5.382300
vt 12.326500 -5.382100
vt 12.132000 -3.358500
vt 12.288300 -3.358200
vt 11.174500 2.152000
vt 10.936600 2.150000
vt 10.935500 1.355400
vt 11.173200 1.357000
vt 11.387900 1.358300
vt 11.389300 2.153700
vt 11.583300 1.359600
vt 11.584900 2.155300
vt 11.392800 2.934900
vt 11.177800 2.932800
vt 11.398000 3.696000
vt 11.182800 3.693500
vt 11.588500 2.936900
vt 11.593800 3.698300
vt 10.939800 2.930500
vt 10.944700 3.690900
vt 11.196600 5.131100
vt 10.958000 5.127900
vt 10.950900 4.425300
vt 11.189200 4.428300
vt 11.404500 4.431000
vt 11.411900 5.134100
vt 11.600400 4.433600
vt 11.607900 5.136900
vt 11.419800 5.799300
vt 11.204300 5.796100
vt 11.615800 5.802400
vt 10.965600 5.792700
vt 11.933300 2.158400
vt 11.764900 2.156900
vt 11.763200 1.360800
vt 11.931500 1.362000
vt 12.092000 1.363100
vt 12.093900 2.159900
vt 12.248700 1.364300
vt 12.250700 2.161300
vt 12.097900 2.942500
vt 11.937100 2.940700
vt 12.103500 3.704900
vt 11.942600 3.702800
vt 12.254700 2.944300
vt 12.260400 3.707000
vt 11.768600 2.938800
vt 11.774000 3.700600
vt 11.957100 5.142400
vt 11.788300 5.139700
vt 11.780800 4.436200
vt 11.949400 4.438600
vt 12.110400 4.441000
vt 12.118100 5.145000
vt 12.267400 4.443400
vt 12.275300 5.147700
vt 12.126300 5.811100
vt 11.965200 5.808300
vt 12.283600 5.814000
vt 11.796300 5.805300
vt 10.171000 -8.152900
vt 10.175300 -8.488600
vt 10.507200 -8.505600
vt 10.503300 -8.169100
vt 10.803100 -8.518600
vt 10.799700 -8.181500
vt 10.178500 -8.796500
vt 10.509900 -8.814000
vt 10.805000 -8.826800
vt 10.498000 -7.801000
vt 10.165600 -7.786200
vt 10.491500 -7.398300
vt 10.159000 -7.385000
vt 10.794800 -7.812600
vt 10.788400 -7.408600
vt 9.793600 -7.767700
vt 9.799000 -8.132900
vt 9.378200 -7.745200
vt 9.383400 -8.108700
vt 9.787200 -7.368300
vt 9.372100 -7.347600
vt 9.803400 -8.467300
vt 9.806800 -8.774500
vt 9.387600 -8.441800
vt 9.391100 -8.747800
vt 8.405100 -8.047800
vt 8.408600 -8.378100
vt 8.924100 -8.411900
vt 8.920200 -8.080300
vt 8.411300 -8.681400
vt 8.927300 -8.716600
vt 8.915500 -7.718300
vt 8.401000 -7.687300
vt 8.909900 -7.322500
vt 8.396000 -7.293100
vt 7.830100 -7.652500
vt 7.833800 -8.011700
vt 7.198400 -7.614100
vt 7.201700 -7.972200
vt 7.825700 -7.259900
vt 7.194300 -7.222900
vt 7.836700 -8.340800
vt 7.839000 -8.642900
vt 7.204300 -8.300500
vt 7.206300 -8.601900
vt 10.142100 -6.465600
vt 10.151100 -6.946000
vt 10.483500 -6.957600
vt 10.474400 -6.475400
vt 10.780600 -6.966500
vt 10.771400 -6.482800
vt 10.464200 -5.948200
vt 10.132300 -5.940200
vt 10.761000 -5.954000
vt 9.761400 -5.929300
vt 9.770800 -6.452700
vt 9.347800 -5.914900
vt 9.356700 -6.436100
vt 9.779500 -6.931200
vt 9.364800 -6.912400
vt 8.383400 -6.390200
vt 8.390100 -6.861900
vt 8.903300 -6.889300
vt 8.895900 -6.415100
vt 8.887800 -5.896500
vt 8.376000 -5.874400
vt 7.807200 -5.848700
vt 7.814200 -6.361400
vt 7.176300 -5.819700
vt 7.183300 -6.329100
vt 7.820400 -6.830700
vt 7.189300 -6.795700
vt 10.182000 -9.342600
vt 10.511800 -9.359000
vt 10.511400 -9.097400
vt 10.180700 -9.080200
vt 10.804500 -9.369500
vt 10.805400 -9.109400
vt 9.809400 -9.057900
vt 9.811300 -9.320400
vt 9.393700 -9.030400
vt 9.395800 -9.292400
vt 9.812500 -9.564800
vt 10.182600 -9.586500
vt 9.813200 -9.794000
vt 10.182500 -9.814800
vt 9.397300 -9.536700
vt 9.398300 -9.766000
vt 10.511300 -9.601600
vt 10.802500 -9.610300
vt 10.510000 -9.828400
vt 10.799500 -9.834900
vt 10.180800 -10.236700
vt 10.505700 -10.246700
vt 10.508100 -10.042400
vt 10.181900 -10.030500
vt 10.791500 -10.248100
vt 10.795800 -10.046400
vt 9.813400 -10.010800
vt 9.813300 -10.218300
vt 9.399000 -9.983300
vt 9.399500 -10.191500
vt 9.813000 -10.419700
vt 10.179600 -10.436700
vt 9.812500 -10.617900
vt 10.178200 -10.633400
vt 9.399700 -10.393700
vt 9.399800 -10.592900
vt 10.503000 -10.444600
vt 10.786800 -10.443400
vt 10.500200 -10.639400
vt 10.781900 -10.635400
vt 8.415100 -9.220600
vt 8.931700 -9.258700
vt 8.929800 -8.997900
vt 8.413400 -8.961200
vt 7.840800 -8.921400
vt 7.842100 -9.179400
vt 7.207600 -8.879400
vt 7.208600 -9.136600
vt 7.843000 -9.420200
vt 8.416400 -9.462600
vt 7.843700 -9.647100
vt 8.417400 -9.690400
vt 7.209300 -9.376600
vt 7.209700 -9.602800
vt 8.933200 -9.502000
vt 8.934300 -9.730800
vt 8.418800 -10.115500
vt 8.935800 -10.156400
vt 8.935200 -9.948000
vt 8.418100 -9.907200
vt 7.844300 -9.863200
vt 7.844800 -10.071400
vt 7.210100 -9.818500
vt 7.210400 -10.026400
vt 7.845200 -10.274100
vt 8.419300 -10.318400
vt 7.845600 -10.474300
vt 8.419700 -10.518400
vt 7.210700 -10.229100
vt 7.211000 -10.429100
vt 8.936300 -10.359100
vt 8.936700 -10.558900
vt 11.294200 -9.373900
vt 11.299000 -9.118400
vt 11.066600 -9.116200
vt 11.063900 -9.374200
vt 11.301800 -8.839200
vt 11.067600 -8.835000
vt 11.059900 -9.612500
vt 11.287600 -9.609000
vt 11.054700 -9.834200
vt 11.279600 -9.827100
vt 11.490000 -9.600600
vt 11.499600 -9.369300
vt 11.671100 -9.588200
vt 11.684200 -9.361200
vt 11.478500 -9.814300
vt 11.655500 -9.796600
vt 11.506900 -9.116800
vt 11.511800 -8.840000
vt 11.694400 -9.112200
vt 11.701600 -8.838100
vt 12.007900 -9.337600
vt 12.024800 -9.096600
vt 11.865700 -9.105300
vt 11.852300 -9.350400
vt 12.037100 -8.828500
vt 11.875400 -8.834100
vt 11.835200 -9.572500
vt 11.986600 -9.554400
vt 11.814700 -9.774800
vt 11.960600 -9.749900
vt 12.129400 -9.534600
vt 12.155300 -9.323500
vt 12.267900 -9.514000
vt 12.298600 -9.308700
vt 12.097600 -9.722900
vt 12.230100 -9.694800
vt 12.175700 -9.086800
vt 12.190800 -8.821900
vt 12.322600 -9.076400
vt 12.340500 -8.814800
vt 11.260300 -10.225600
vt 11.270400 -10.031400
vt 11.048500 -10.042500
vt 11.041700 -10.241000
vt 11.034400 -10.432800
vt 11.249500 -10.412800
vt 11.026900 -10.621200
vt 11.238500 -10.596700
vt 11.435700 -10.383800
vt 11.451000 -10.202300
vt 11.596700 -10.345600
vt 11.617700 -10.171600
vt 11.420100 -10.561700
vt 11.575100 -10.515900
vt 11.465400 -10.013700
vt 11.637500 -9.989800
vt 11.895400 -10.090100
vt 11.929900 -9.927100
vt 11.790700 -9.960500
vt 11.764200 -10.133700
vt 11.736000 -10.298600
vt 11.857900 -10.243100
vt 11.706900 -10.459300
vt 11.818900 -10.391200
vt 11.966400 -10.180000
vt 12.015800 -10.042100
vt 12.068300 -10.112900
vt 12.130900 -9.992000
vt 11.914200 -10.311100
vt 11.996300 -10.218600
vt 12.059600 -9.890900
vt 12.184600 -9.853400
vt 11.300800 -8.196600
vt 11.064200 -8.190600
vt 11.066800 -8.527500
vt 11.302400 -8.532900
vt 11.514000 -8.535400
vt 11.513500 -8.200100
vt 11.705600 -8.535400
vt 11.706500 -8.201400
vt 11.510700 -7.831300
vt 11.297100 -7.827400
vt 11.505600 -7.426000
vt 11.291500 -7.422200
vt 11.704600 -7.833300
vt 11.700100 -7.428300
vt 11.059800 -7.821300
vt 11.053800 -7.416500
vt 11.274900 -6.492000
vt 11.036900 -6.488200
vt 11.046100 -6.973200
vt 11.284000 -6.978100
vt 11.498500 -6.981400
vt 11.489500 -6.494500
vt 11.693300 -6.983400
vt 11.684500 -6.496100
vt 11.479000 -5.962400
vt 11.264400 -5.960700
vt 11.674100 -5.963300
vt 11.026400 -5.958000
vt 12.049000 -8.199500
vt 11.883700 -8.201100
vt 11.881300 -8.533600
vt 12.045100 -8.530400
vt 12.201000 -8.526200
vt 12.206500 -8.197100
vt 12.352800 -8.521500
vt 12.360100 -8.194200
vt 12.208000 -7.832100
vt 12.049300 -7.833400
vt 12.205700 -7.428800
vt 12.046300 -7.429400
vt 12.362700 -7.830500
vt 12.361200 -7.428000
vt 11.882800 -7.833900
vt 11.879100 -7.429300
vt 12.032000 -6.497200
vt 11.864100 -6.496900
vt 11.872700 -6.984500
vt 12.040300 -6.984800
vt 12.200200 -6.984700
vt 12.192100 -6.497200
vt 12.356200 -6.984300
vt 12.348400 -6.497000
vt 12.181900 -5.963900
vt 12.021600 -5.963900
vt 12.338200 -5.963700
vt 11.853700 -5.963800
vt -1.318300 10.347000
vt -1.321800 10.079000
vt -0.426600 10.133600
vt -0.422400 10.403000
vt 0.480900 10.178100
vt 0.485300 10.448400
vt -1.326300 9.789700
vt -0.431700 9.842300
vt 0.475700 9.885600
vt -0.419100 10.653600
vt -1.315600 10.596800
vt -0.416400 10.888600
vt -1.313600 10.831100
vt 0.488800 10.699600
vt 0.491800 10.934900
vt -2.194900 10.535000
vt -2.196700 10.286300
vt -3.051100 10.474400
vt -3.051900 10.226700
vt -2.193700 10.768600
vt -3.050700 10.707300
vt -2.199200 10.019800
vt -2.202700 9.732500
vt -3.053400 9.961400
vt -3.055800 9.675900
vt -4.668200 10.129700
vt -4.668000 9.865500
vt -3.879000 9.909200
vt -3.878400 10.173700
vt -4.668100 9.581300
vt -3.880200 9.624600
vt -3.878400 10.420800
vt -4.668800 10.376500
vt -3.878600 10.653300
vt -4.669500 10.608700
vt -5.414200 10.343700
vt -5.413200 10.097000
vt -6.106800 10.324600
vt -6.105300 10.077900
vt -5.415300 10.575800
vt -6.108300 10.556600
vt -5.412200 9.833000
vt -5.411500 9.548800
vt -6.103700 9.813900
vt -6.102200 9.529700
vt -1.310500 11.265500
vt -1.311900 11.053000
vt -0.414200 11.110900
vt -0.412300 11.323800
vt 0.494200 11.157400
vt 0.496300 11.370500
vt -0.410700 11.530400
vt -1.309300 11.471800
vt -0.409200 11.733800
vt -1.308300 11.674900
vt 0.498200 11.577100
vt 0.499900 11.780600
vt -2.191300 11.407900
vt -2.191900 11.202000
vt -3.050200 11.345300
vt -3.050300 11.139700
vt -2.190800 11.610700
vt -3.050200 11.547800
vt -2.192700 10.989900
vt -3.050400 10.928000
vt -4.670900 11.040400
vt -4.670200 10.829000
vt -3.878900 10.873700
vt -3.879200 11.085200
vt -3.879600 11.290600
vt -4.671600 11.245800
vt -3.880000 11.493100
vt -4.672300 11.448300
vt -5.418400 11.212900
vt -5.417400 11.007400
vt -6.112200 11.193800
vt -6.110900 10.988300
vt -5.419300 11.415400
vt -6.113400 11.396400
vt -5.416400 10.796000
vt -6.109700 10.776900
vt -1.339100 9.135100
vt -0.445700 9.181900
vt -0.438000 9.526200
vt -1.332000 9.476200
vt 0.461800 9.220900
vt 0.469400 9.567600
vt -2.207400 9.421800
vt -2.213400 9.084100
vt -3.059200 9.367400
vt -3.063800 9.032400
vt -2.220800 8.715600
vt -1.347600 8.762900
vt -2.229600 8.313000
vt -1.357700 8.356100
vt -3.069600 8.667100
vt -3.076700 8.268000
vt -0.454800 8.806000
vt 0.452800 8.842300
vt -0.465500 8.395300
vt 0.442200 8.428700
vt -1.382800 7.424600
vt -0.492200 7.455400
vt -0.478000 7.946300
vt -1.369400 7.911200
vt 0.415600 7.482600
vt 0.429800 7.976700
vt -2.239800 7.872500
vt -2.251800 7.390600
vt -3.084900 7.831500
vt -3.094700 7.354100
vt -2.265600 6.863800
vt -1.398100 6.892700
vt -2.281500 6.288500
vt -1.415400 6.311700
vt -3.106300 6.832200
vt -3.119900 6.262500
vt -0.508200 6.918900
vt 0.399700 6.942800
vt -0.526000 6.333100
vt 0.382000 6.353400
vt -4.670300 8.941100
vt -3.885400 8.983600
vt -3.882400 9.317200
vt -4.668900 9.274300
vt -5.411000 9.241700
vt -5.410900 8.908600
vt -6.100800 9.222500
vt -6.099500 8.889300
vt -5.411200 8.546100
vt -4.672300 8.578400
vt -5.411700 8.151100
vt -4.675000 8.182800
vt -6.098200 8.527000
vt -6.097100 8.132500
vt -3.889300 8.620100
vt -3.894200 8.223200
vt -4.682600 7.279500
vt -3.907200 7.315400
vt -3.900100 7.789500
vt -4.678400 7.750900
vt -5.412700 7.720400
vt -5.414200 7.250900
vt -6.096100 7.702700
vt -6.095300 7.234500
vt -5.416400 6.739400
vt -4.687900 6.765300
vt -5.419400 6.182700
vt -4.694600 6.205100
vt -6.094800 6.724900
vt -6.094800 6.170900
vt -3.915800 6.797800
vt -3.926200 6.233200
vt 2.293200 9.265900
vt 2.298500 9.612900
vt 1.385200 9.596000
vt 1.378500 9.248600
vt 2.302800 9.931000
vt 1.390800 9.914500
vt 1.370500 8.869000
vt 2.286700 8.886700
vt 1.360900 8.454300
vt 2.278700 8.472200
vt 3.189800 8.895900
vt 3.194600 9.273800
vt 4.068200 8.897100
vt 4.071400 9.273500
vt 3.183600 8.482600
vt 4.063800 8.485500
vt 3.198300 9.619700
vt 3.201200 9.936800
vt 4.073700 9.617900
vt 4.075300 9.933600
vt 5.710700 9.253300
vt 5.711400 9.595200
vt 4.913800 9.608800
vt 4.912500 9.265800
vt 5.711800 9.908900
vt 4.914600 9.923500
vt 4.910400 8.891000
vt 5.709300 8.880000
vt 4.907300 8.481200
vt 5.707200 8.471900
vt 6.458000 8.866500
vt 6.459000 9.238600
vt 6.456400 8.459900
vt 6.459600 9.579500
vt 6.459800 9.892600
vt 2.257300 7.524000
vt 2.268900 8.019200
vt 1.349500 8.001100
vt 1.336300 7.505700
vt 1.321300 6.964400
vt 2.243800 6.982700
vt 1.304400 6.373300
vt 2.228300 6.391600
vt 3.154600 6.996700
vt 3.166200 7.536800
vt 4.040800 7.005500
vt 4.050300 7.543400
vt 3.140800 6.407000
vt 4.029100 6.418100
vt 3.175800 8.030800
vt 4.057900 8.035600
vt 5.699800 7.538400
vt 5.704100 8.025900
vt 4.903000 8.033200
vt 4.897200 7.543400
vt 4.889700 7.008100
vt 5.694100 7.005900
vt 4.880300 6.423800
vt 5.686800 6.425000
vt 6.446500 7.000500
vt 6.450800 7.530300
vt 6.441100 6.422800
vt 6.454000 8.015700
vt 2.309200 10.493100
vt 1.399200 10.477700
vt 1.395400 10.207300
vt 2.306300 10.223300
vt 3.203500 10.228100
vt 3.205300 10.497100
vt 4.076500 10.224000
vt 4.077400 10.492100
vt 3.206800 10.746900
vt 2.311600 10.743600
vt 3.208000 10.980900
vt 2.313600 10.978200
vt 4.078000 10.741200
vt 4.078500 10.974500
vt 1.402400 10.728700
vt 1.405000 10.963800
vt 2.316800 11.412500
vt 1.409100 11.399000
vt 1.407200 11.186200
vt 2.315300 11.200100
vt 3.209000 11.202200
vt 3.210000 11.414000
vt 4.079000 11.195300
vt 4.079400 11.406700
vt 3.210800 11.619600
vt 2.318100 11.618500
vt 3.211600 11.821900
vt 2.319400 11.821400
vt 4.079800 11.611800
vt 4.080200 11.813700
vt 1.410800 11.605400
vt 1.412500 11.808700
vt 5.711800 10.464700
vt 4.915300 10.480400
vt 4.915000 10.212900
vt 5.711900 10.197700
vt 6.459900 10.180900
vt 6.459800 10.447600
vt 6.459700 10.695800
vt 5.711700 10.713000
vt 6.459600 10.928400
vt 5.711600 10.945800
vt 4.915400 10.729000
vt 4.915500 10.962000
vt 5.711500 11.377000
vt 4.915700 11.393500
vt 4.915600 11.182400
vt 5.711500 11.166100
vt 6.459500 11.148600
vt 6.459500 11.359500
vt 6.459500 11.564200
vt 5.711500 11.581700
vt 6.459500 11.765700
vt 5.711600 11.783300
vt 4.915800 11.598400
vt 4.916000 11.800100
vt -1.514600 1.964400
vt -1.520600 1.161000
vt -0.634000 1.151300
vt -0.627500 1.957100
vt 0.274200 1.150600
vt 0.281000 1.957500
vt -1.522600 0.353600
vt -0.636100 0.342800
vt 0.272100 0.342100
vt -0.617000 2.752900
vt -1.504700 2.756700
vt -0.602900 3.531700
vt -1.491100 3.531200
vt 0.291800 2.755400
vt 0.306200 3.537000
vt -2.365900 2.763800
vt -2.374900 1.976000
vt -3.195000 2.771000
vt -3.203100 1.988600
vt -2.353200 3.532900
vt -3.183700 3.533900
vt -2.380400 1.176100
vt -2.382300 0.370800
vt -3.208000 1.193100
vt -3.210000 0.390800
vt -4.743700 2.008300
vt -4.748100 1.222700
vt -3.998400 1.208400
vt -3.993800 1.999000
vt -4.750600 0.427700
vt -4.000600 0.409800
vt -3.986700 2.775400
vt -4.737700 2.778800
vt -3.977200 3.531600
vt -4.730200 3.528500
vt -5.444600 2.783200
vt -5.449600 2.017700
vt -6.104200 2.790500
vt -6.107900 2.028500
vt -5.439200 3.527300
vt -6.100700 3.530700
vt -5.453600 1.236400
vt -5.456300 0.444400
vt -6.111500 1.250000
vt -6.114300 0.460000
vt -1.454700 4.998900
vt -1.474000 4.280900
vt -0.585400 4.286300
vt -0.565900 5.009600
vt 0.323600 4.295100
vt 0.342800 5.022100
vt -0.545700 5.694300
vt -1.434700 5.678200
vt 0.362700 5.710700
vt -2.299600 5.661000
vt -2.318700 4.988200
vt -3.135900 5.641500
vt -3.152800 4.975500
vt -2.337000 4.276600
vt -3.169200 4.270800
vt -4.712100 4.942600
vt -4.721400 4.251600
vt -3.965300 4.261400
vt -3.952100 4.959000
vt -3.938700 5.618300
vt -4.702900 5.595600
vt -5.423500 5.577800
vt -5.428300 4.930000
vt -6.095200 5.569200
vt -6.096400 4.925200
vt -5.433700 4.244700
vt -6.098200 4.244000
vt -1.514300 -1.246000
vt -0.626500 -1.255000
vt -0.633500 -0.461500
vt -1.520400 -0.451000
vt 0.282500 -1.251600
vt 0.275000 -0.460800
vt -2.380700 -0.433100
vt -2.375600 -1.229000
vt -3.209100 -0.411800
vt -3.205200 -1.207800
vt -2.367100 -2.009700
vt -1.504400 -2.024800
vt -2.355300 -2.768600
vt -1.491100 -2.780400
vt -3.198400 -1.990100
vt -3.188600 -2.751700
vt -0.615600 -2.030900
vt 0.293900 -2.024000
vt -0.601300 -2.782800
vt 0.308800 -2.771500
vt -1.456100 -4.197400
vt -0.564700 -4.190100
vt -0.583900 -3.504100
vt -1.474500 -3.506200
vt 0.346000 -4.168600
vt 0.326500 -3.487900
vt -2.340300 -3.498600
vt -2.323400 -4.194800
vt -3.175900 -3.485700
vt -3.161500 -4.186700
vt -2.306000 -4.852200
vt -1.437200 -4.849200
vt -2.289600 -5.465800
vt -1.419100 -5.456900
vt -3.146800 -4.849500
vt -3.133100 -5.468700
vt -0.545000 -4.836300
vt 0.365900 -4.809400
vt -0.526000 -5.438100
vt 0.385100 -5.405800
vt -4.749600 -1.166300
vt -3.997800 -1.186600
vt -4.000400 -0.391000
vt -4.751000 -0.371100
vt -5.457400 -0.352600
vt -5.457100 -1.147500
vt -6.115800 -0.336200
vt -6.116500 -1.131100
vt -5.455900 -1.932800
vt -4.746600 -1.950600
vt -5.454200 -2.701000
vt -4.742100 -2.717000
vt -6.117000 -1.917400
vt -6.117800 -2.687400
vt -3.992800 -1.970100
vt -3.985600 -2.734200
vt -4.730500 -4.167500
vt -3.965600 -4.177300
vt -3.976200 -3.471800
vt -4.736600 -3.457900
vt -5.452500 -3.444900
vt -5.450900 -4.157900
vt -6.119400 -3.433600
vt -6.121700 -4.149400
vt -5.449600 -4.833800
vt -4.724500 -4.839700
vt -5.448800 -5.466000
vt -4.719200 -5.468300
vt -6.124400 -4.828100
vt -6.127300 -5.462900
vt -3.954900 -4.845100
vt -3.945100 -5.469400
vt 2.135600 -1.201800
vt 2.128300 -0.418800
vt 1.199800 -0.444900
vt 1.207300 -1.231900
vt 2.125400 0.378100
vt 1.196800 0.355200
vt 1.218800 -1.999700
vt 2.146700 -1.965200
vt 1.233700 -2.742200
vt 2.161300 -2.702900
vt 3.065300 -1.927400
vt 3.054700 -1.167300
vt 3.962300 -1.893300
vt 3.952200 -1.134400
vt 3.079300 -2.661800
vt 3.975500 -2.626900
vt 3.047800 -0.387400
vt 3.045000 0.406700
vt 3.945500 -0.355800
vt 3.942800 0.436800
vt 5.635600 -1.090000
vt 5.628900 -0.306700
vt 4.809000 -0.328900
vt 4.815600 -1.109000
vt 5.625700 0.488600
vt 4.806100 0.464300
vt 4.825400 -1.870000
vt 5.645100 -1.855400
vt 4.837800 -2.606200
vt 5.656800 -2.596500
vt 6.412400 -1.847300
vt 6.403000 -1.076600
vt 6.423300 -2.594500
vt 6.396100 -0.289100
vt 6.392600 0.508700
vt 2.197800 -4.080200
vt 2.178700 -3.409300
vt 1.251500 -3.453200
vt 1.270900 -4.128700
vt 1.290800 -4.764300
vt 2.217300 -4.711700
vt 1.309900 -5.356000
vt 2.235900 -5.299900
vt 3.133100 -4.662100
vt 3.114500 -4.033000
vt 4.025900 -4.626100
vt 4.008600 -3.997100
vt 3.150800 -5.248400
vt 4.042200 -5.212700
vt 3.096100 -3.364900
vt 3.991300 -3.329400
vt 5.683500 -3.983200
vt 5.669800 -3.307200
vt 4.852300 -3.311600
vt 4.867800 -3.982300
vt 4.883300 -4.614400
vt 5.696900 -4.620300
vt 4.897800 -5.203700
vt 5.709300 -5.214200
vt 6.458300 -4.637400
vt 6.446800 -3.994100
vt 6.468800 -5.236800
vt 6.435000 -3.311600
vt 2.133800 1.988200
vt 1.205700 1.968800
vt 1.199000 1.162300
vt 2.127400 1.183000
vt 3.046800 1.209300
vt 3.052800 2.012600
vt 3.944400 1.237800
vt 3.949800 2.039100
vt 3.062400 2.808700
vt 2.144100 2.785800
vt 3.075200 3.589600
vt 2.157800 3.568300
vt 3.958600 2.833100
vt 3.970300 3.611600
vt 1.216400 2.767200
vt 1.230600 3.550000
vt 2.192300 5.056500
vt 1.266400 5.038300
vt 1.247600 4.309500
vt 2.174200 4.327700
vt 3.090700 4.347500
vt 3.107600 5.074700
vt 3.984400 4.366800
vt 3.999700 5.091300
vt 3.124800 5.763800
vt 2.210700 5.747000
vt 4.015000 5.777600
vt 1.285800 5.728800
vt 5.631100 2.088300
vt 4.812300 2.064800
vt 4.807400 1.264800
vt 5.626700 1.289400
vt 6.393200 1.310300
vt 6.397100 2.108300
vt 6.403300 2.895400
vt 5.638200 2.877700
vt 6.410800 3.664600
vt 5.647100 3.650100
vt 4.820300 2.856500
vt 4.830600 3.632100
vt 5.667700 5.114100
vt 4.855800 5.104400
vt 4.842800 4.383800
vt 5.657200 4.397800
vt 6.418800 4.408300
vt 6.426800 5.120300
vt 6.434400 5.793900
vt 5.677800 5.792100
vt 4.868700 5.786800
vt -1.350000 -8.186800
vt -1.343300 -8.518300
vt -0.442400 -8.464100
vt -0.450000 -8.136500
vt 0.471800 -8.403300
vt 0.463900 -8.078400
vt -1.337700 -8.822700
vt -0.435900 -8.764900
vt 0.478600 -8.701600
vt -0.458800 -7.779100
vt -1.357700 -7.825000
vt -0.469000 -7.388900
vt -1.366800 -7.430200
vt 0.454700 -7.724200
vt 0.444100 -7.337600
vt -2.237200 -7.862400
vt -2.231000 -8.228800
vt -3.092400 -7.891600
vt -3.087900 -8.262100
vt -2.244600 -7.462500
vt -3.097800 -7.487000
vt -2.225700 -8.564600
vt -2.221300 -8.873000
vt -3.084200 -8.601800
vt -3.081100 -8.913800
vt -4.706300 -8.302600
vt -4.705500 -8.646700
vt -3.913600 -8.628600
vt -3.915700 -8.286300
vt -4.704900 -8.962400
vt -3.911800 -8.942900
vt -3.918400 -7.912700
vt -4.707300 -7.927100
vt -3.921700 -7.504800
vt -4.708500 -7.516900
vt -5.450800 -7.935800
vt -5.451400 -8.312700
vt -6.141100 -7.940200
vt -6.143000 -8.317800
vt -5.450200 -7.524100
vt -6.138900 -7.527500
vt -5.451900 -8.657700
vt -5.452300 -8.974300
vt -6.144500 -8.663400
vt -6.145800 -8.980300
vt -1.389300 -6.528600
vt -1.377200 -6.999100
vt -0.480700 -6.963000
vt -0.494000 -6.498200
vt 0.431800 -6.915900
vt 0.418000 -6.455700
vt -0.509100 -5.991000
vt -1.403200 -6.015600
vt 0.402400 -5.953400
vt -2.275500 -6.030600
vt -2.263400 -6.549600
vt -3.121600 -6.039200
vt -3.112100 -6.563800
vt -2.253200 -7.025900
vt -3.104200 -7.045400
vt -4.712200 -6.580000
vt -4.710100 -7.068800
vt -3.925700 -7.059400
vt -3.930800 -6.573700
vt -3.937200 -6.044600
vt -4.715200 -6.047500
vt -5.448600 -6.048200
vt -5.448900 -6.583200
vt -6.130400 -6.047200
vt -6.133400 -6.584100
vt -5.449500 -7.074200
vt -6.136300 -7.076500
vt -1.328800 -9.362400
vt -0.425700 -9.298100
vt -0.430400 -9.041800
vt -1.332900 -9.103000
vt 0.489200 -9.230500
vt 0.484300 -8.976200
vt -2.217500 -9.157100
vt -2.214400 -9.419800
vt -3.078500 -9.201100
vt -3.076400 -9.466900
vt -2.211700 -9.664500
vt -1.325400 -9.604100
vt -2.209600 -9.894100
vt -1.322500 -9.831400
vt -3.074600 -9.714100
vt -3.073100 -9.945800
vt -0.421700 -9.537100
vt 0.493300 -9.467900
vt -0.418300 -9.762300
vt 0.496900 -9.691700
vt -1.317900 -10.255100
vt -0.412700 -10.183400
vt -0.415400 -9.976800
vt -1.320100 -10.047400
vt 0.502800 -10.111300
vt 0.500000 -9.905300
vt -2.207700 -10.111900
vt -2.206200 -10.320700
vt -3.072000 -10.165100
vt -3.071000 -10.374900
vt -2.204800 -10.523600
vt -1.316000 -10.457100
vt -2.203600 -10.723500
vt -1.314200 -10.656300
vt -3.070200 -10.578500
vt -3.069400 -10.779100
vt -0.410400 -10.384800
vt 0.505300 -10.312200
vt -0.408100 -10.583400
vt 0.507800 -10.510500
vt -4.703800 -9.521600
vt -3.908900 -9.500000
vt -3.910200 -9.232400
vt -4.704300 -9.253100
vt -5.452600 -9.265400
vt -5.452700 -9.534300
vt -6.146700 -9.271700
vt -6.147400 -9.540800
vt -5.452800 -9.784100
vt -4.703300 -9.771100
vt -5.452800 -10.017800
vt -4.703000 -10.004600
vt -6.147900 -9.790600
vt -6.148300 -10.024300
vt -3.907900 -9.748700
vt -3.907000 -9.981600
vt -4.702300 -10.436000
vt -3.905700 -10.412300
vt -3.906300 -10.201700
vt -4.702600 -10.225200
vt -5.452700 -10.238500
vt -5.452700 -10.449600
vt -6.148500 -10.245100
vt -6.148700 -10.456100
vt -5.452600 -10.654100
vt -4.702100 -10.640400
vt -5.452500 -10.855400
vt -4.701900 -10.841600
vt -6.148800 -10.660700
vt -6.148900 -10.862000
vt -3.905300 -10.616400
vt -3.904900 -10.817300
vt 2.326500 -9.103300
vt 2.323000 -8.848100
vt 1.405500 -8.909100
vt 1.409900 -9.163300
vt 2.318700 -8.572900
vt 1.400300 -8.634800
vt 1.413600 -9.400700
vt 2.329400 -9.341600
vt 1.416700 -9.624500
vt 2.331800 -9.566200
vt 3.231100 -9.296800
vt 3.229100 -9.057100
vt 4.109000 -9.272500
vt 4.107800 -9.031800
vt 3.232700 -9.522600
vt 4.109900 -9.499200
vt 3.226600 -8.800600
vt 3.223400 -8.524000
vt 4.106200 -8.774100
vt 4.104100 -8.496300
vt 5.756300 -9.056900
vt 5.755600 -8.799400
vt 4.951800 -8.776200
vt 4.952800 -9.034100
vt 5.754300 -8.521600
vt 4.950200 -8.498100
vt 4.953500 -9.274900
vt 5.756800 -9.297400
vt 4.953900 -9.501700
vt 5.757100 -9.523900
vt 6.511300 -9.333400
vt 6.510800 -9.093400
vt 6.511600 -9.559700
vt 6.510000 -8.836300
vt 6.508800 -8.558800
vt 2.336000 -9.986900
vt 2.334000 -9.780500
vt 1.419500 -9.838100
vt 1.422100 -10.044100
vt 1.424400 -10.245000
vt 2.337800 -10.188000
vt 1.426600 -10.443300
vt 2.339600 -10.386600
vt 3.236700 -10.146200
vt 3.235500 -9.944600
vt 4.112100 -10.124500
vt 4.111500 -9.922500
vt 3.237900 -10.345200
vt 4.112800 -10.323900
vt 3.234200 -9.737600
vt 4.110700 -9.714900
vt 5.757600 -9.947600
vt 5.757300 -9.739700
vt 4.954400 -9.717600
vt 4.954800 -9.925400
vt 4.955100 -10.127700
vt 5.757800 -10.150100
vt 4.955500 -10.327300
vt 5.758000 -10.349900
vt 6.512300 -10.185800
vt 6.512100 -9.983200
vt 6.512500 -10.385800
vt 6.511800 -9.775400
vt 2.307100 -7.950100
vt 1.386600 -8.013100
vt 1.394000 -8.337100
vt 2.313500 -8.274500
vt 3.219500 -8.224300
vt 3.214400 -7.898800
vt 4.101200 -8.195400
vt 4.097400 -7.868700
vt 3.208100 -7.544700
vt 2.299500 -7.597000
vt 3.200300 -7.159600
vt 2.290400 -7.212400
vt 4.092400 -7.513600
vt 4.086000 -7.127300
vt 1.377900 -7.660100
vt 1.367700 -7.275300
vt 2.266900 -6.337600
vt 1.342400 -6.398400
vt 1.355900 -6.855900
vt 2.279600 -6.793700
vt 3.190900 -6.740500
vt 3.179500 -6.284400
vt 4.077900 -6.707100
vt 4.068100 -6.250100
vt 3.166200 -5.788100
vt 2.252400 -5.840800
vt 4.056200 -5.753000
vt 1.327100 -5.899600
vt 5.749900 -7.892700
vt 4.945100 -7.869500
vt 4.948100 -8.196800
vt 5.752500 -8.220300
vt 6.507100 -8.257600
vt 6.504700 -7.929700
vt 6.501400 -7.572400
vt 5.746400 -7.536000
vt 6.497200 -7.182500
vt 5.741800 -7.147400
vt 4.941000 -7.513500
vt 4.935600 -7.126100
vt 5.728700 -6.262900
vt 4.920300 -6.245700
vt 4.928800 -6.704500
vt 5.736000 -6.724100
vt 6.492000 -6.757300
vt 6.485600 -6.293500
vt 6.477900 -5.787700
vt 5.719900 -5.760700
vt 4.910000 -5.746400
vt -10.246900 10.229400
vt -10.253000 9.976000
vt -10.013600 9.963400
vt -10.010000 10.219800
vt -9.744600 9.947600
vt -9.742900 10.206300
vt -10.257300 9.699700
vt -10.016000 9.684700
vt -9.745300 9.667000
vt -10.005100 10.457000
vt -10.239300 10.463100
vt -9.999300 10.678400
vt -10.230500 10.680500
vt -9.740400 10.446400
vt -9.737100 10.671000
vt -10.447200 10.465000
vt -10.458000 10.235500
vt -10.633100 10.463300
vt -10.647600 10.238600
vt -10.434700 10.677700
vt -10.616300 10.670300
vt -10.466800 9.985700
vt -10.473300 9.712100
vt -10.659400 9.992600
vt -10.668400 9.722300
vt -10.979200 10.237300
vt -10.997900 10.000300
vt -10.835000 9.997300
vt -10.819900 10.238900
vt -11.012300 9.736800
vt -10.846700 9.730300
vt -10.801300 10.458300
vt -10.956200 10.450800
vt -10.779400 10.658600
vt -10.928700 10.643700
vt -11.102200 10.441700
vt -11.129900 10.234300
vt -11.243800 10.431700
vt -11.276300 10.230700
vt -11.068800 10.626700
vt -11.204300 10.608700
vt -11.152300 10.002100
vt -11.169500 9.742200
vt -11.302400 10.003300
vt -11.322500 9.747100
vt -10.210100 11.079900
vt -10.220700 10.885000
vt -9.992900 10.887200
vt -9.985800 11.086700
vt -9.733300 10.883300
vt -9.729100 11.086300
vt -9.978500 11.279900
vt -10.199000 11.268300
vt -9.970900 11.470000
vt -10.187700 11.453500
vt -9.724600 11.283200
vt -9.719900 11.477000
vt -10.390000 11.248000
vt -10.405700 11.065800
vt -10.554900 11.218600
vt -10.576700 11.044300
vt -10.373800 11.426800
vt -10.532700 11.389400
vt -10.420800 10.876800
vt -10.597300 10.862700
vt -10.861000 10.980600
vt -10.896700 10.819000
vt -10.754300 10.843000
vt -10.726800 11.015400
vt -10.697700 11.179900
vt -10.822400 11.132500
vt -10.667700 11.340500
vt -10.782400 11.279500
vt -10.933500 11.076700
vt -10.984200 10.941100
vt -11.037700 11.016900
vt -11.101900 10.899400
vt -10.880000 11.205700
vt -10.964000 11.118400
vt -11.029400 10.792200
vt -11.157200 10.763900
vt -10.260000 9.065300
vt -10.016100 9.047600
vt -10.016700 9.380200
vt -10.259500 9.396900
vt -9.743300 9.028200
vt -9.744800 9.361300
vt -10.477400 9.411500
vt -10.479200 9.081400
vt -10.674400 9.424100
vt -10.677700 9.095700
vt -10.479100 8.719400
vt -10.259000 8.702600
vt -10.477200 8.323200
vt -10.256500 8.306200
vt -10.678600 8.734800
vt -10.677500 8.338900
vt -10.014300 8.684400
vt -9.740900 8.665000
vt -10.011400 8.288200
vt -9.737700 8.269300
vt -10.248600 7.402500
vt -10.003300 7.386300
vt -10.007700 7.856600
vt -10.253000 7.874000
vt -9.729600 7.369300
vt -9.733900 7.838500
vt -10.474000 7.890400
vt -10.469700 7.417900
vt -10.674700 7.905700
vt -10.670700 7.432400
vt -10.464700 6.902700
vt -10.243600 6.888600
vt -10.459500 6.341800
vt -10.238200 6.329200
vt -10.666000 6.916000
vt -10.660900 6.353700
vt -9.998300 6.873800
vt -9.724700 6.858200
vt -9.992900 6.315900
vt -9.719400 6.301600
vt -11.029000 9.119400
vt -10.859600 9.108200
vt -10.854700 9.434700
vt -11.022500 9.443900
vt -11.181900 9.452100
vt -11.190200 9.129700
vt -11.337100 9.459900
vt -11.347200 9.139500
vt -11.194900 8.772600
vt -11.032400 8.760900
vt -11.196800 8.378800
vt -11.033300 8.366300
vt -11.353300 8.783800
vt -11.356300 8.390800
vt -10.861700 8.748500
vt -10.861500 8.353200
vt -11.029200 7.459100
vt -10.855900 7.446100
vt -10.859400 7.919900
vt -11.032000 7.933300
vt -11.196600 7.946000
vt -11.194500 7.471600
vt -11.357100 7.958400
vt -11.355900 7.483900
vt -11.191200 6.953000
vt -11.025300 6.941000
vt -11.187100 6.387400
vt -11.020800 6.376400
vt -11.353200 6.964700
vt -11.349500 6.398300
vt -10.851500 6.928800
vt -10.846700 6.365200
vt -9.095600 8.985000
vt -9.098100 9.317600
vt -9.439700 9.340200
vt -9.437600 9.007200
vt -9.100200 9.623700
vt -9.441100 9.646300
vt -9.434800 8.644500
vt -9.092700 8.623100
vt -9.431400 8.249600
vt -9.089300 8.229100
vt -8.711200 8.601000
vt -8.714200 8.962100
vt -8.287100 8.578300
vt -8.290100 8.938900
vt -8.707900 8.207800
vt -8.283900 8.185600
vt -8.716900 9.294100
vt -8.719400 9.600100
vt -8.292900 9.270600
vt -8.295500 9.576500
vt -7.300600 8.897200
vt -7.303100 9.229500
vt -7.822800 9.247700
vt -7.820100 8.915900
vt -7.305600 9.536000
vt -7.825500 9.553800
vt -7.817100 8.555100
vt -7.297900 8.535900
vt -7.814000 8.162300
vt -7.295000 8.142700
vt -6.726000 8.525100
vt -6.728200 8.886900
vt -6.723800 8.131200
vt -6.730300 9.219800
vt -6.732400 9.526700
vt -9.081300 7.332900
vt -9.085500 7.800200
vt -9.427600 7.819800
vt -9.423400 7.351600
vt -9.418600 6.841600
vt -9.076700 6.823800
vt -9.413500 6.286300
vt -9.071700 6.269600
vt -8.695700 6.804500
vt -8.700100 7.312900
vt -8.272200 6.783500
vt -8.276400 7.291400
vt -8.691000 6.251200
vt -8.267800 6.230900
vt -8.704100 7.779600
vt -8.280300 7.757700
vt -7.288800 7.247800
vt -7.292000 7.714300
vt -7.810600 7.734400
vt -7.806900 7.268200
vt -7.803000 6.760500
vt -7.285500 6.740100
vt -7.799000 6.208400
vt -7.282200 6.188000
vt -6.717000 6.726700
vt -6.719200 7.235000
vt -6.714900 6.174100
vt -6.721500 7.702200
vt -9.102800 10.167900
vt -9.441600 10.188600
vt -9.441700 9.928100
vt -9.101700 9.906200
vt -8.721500 9.883000
vt -8.723400 10.145600
vt -8.298000 9.859600
vt -8.300300 10.122800
vt -8.725000 10.390600
vt -9.103400 10.411900
vt -8.726300 10.621000
vt -9.103700 10.640800
vt -8.302500 10.368600
vt -8.304500 10.599800
vt -9.440800 10.430900
vt -9.439600 10.658000
vt -9.103300 11.065700
vt -9.435900 11.078700
vt -9.437900 10.872900
vt -9.103600 10.857800
vt -8.727400 10.839300
vt -8.728200 11.048700
vt -8.306200 10.819100
vt -8.307800 11.029500
vt -8.728900 11.252100
vt -9.102800 11.267500
vt -8.729600 11.452400
vt -9.102200 11.466400
vt -8.309200 11.233900
vt -8.310600 11.435300
vt -9.433600 11.278500
vt -9.431300 11.475200
vt -7.310400 10.083600
vt -7.830500 10.100900
vt -7.828000 9.837300
vt -7.308100 9.819800
vt -6.734500 9.810700
vt -6.736500 10.074700
vt -6.738500 10.321300
vt -7.312700 10.330100
vt -6.740300 10.553400
vt -7.314800 10.562100
vt -7.832900 10.347200
vt -7.835100 10.578900
vt -7.318600 10.993600
vt -7.839000 11.009800
vt -7.837100 10.798800
vt -7.316800 10.782300
vt -6.742000 10.773600
vt -6.743600 10.985000
vt -6.745200 11.190600
vt -7.320400 11.199000
vt -6.746700 11.393100
vt -7.322100 11.401400
vt -7.840700 11.214800
vt -7.842400 11.416900
vt -10.206600 2.120000
vt -10.203500 1.326300
vt -9.958600 1.324100
vt -9.961300 2.116200
vt -9.686000 1.321500
vt -9.688300 2.112000
vt -10.202500 0.523000
vt -9.957900 0.521900
vt -9.685600 0.520600
vt -9.965400 2.892000
vt -10.211200 2.897500
vt -9.970500 3.644900
vt -10.216500 3.652200
vt -9.692000 2.885800
vt -9.696800 3.636800
vt -10.433100 2.902400
vt -10.428100 2.123300
vt -10.634900 2.906800
vt -10.629500 2.126300
vt -10.438700 3.658700
vt -10.640700 3.664700
vt -10.424500 1.328200
vt -10.423300 0.523800
vt -10.625500 1.329900
vt -10.624100 0.524600
vt -10.987600 2.131300
vt -10.983000 1.332700
vt -10.810400 1.331400
vt -10.814600 2.128900
vt -10.981200 0.525700
vt -10.808700 0.525200
vt -10.820400 2.910800
vt -10.993800 2.914600
vt -10.826600 3.670300
vt -11.000400 3.675500
vt -11.159000 2.918100
vt -11.152500 2.133600
vt -11.320200 2.921500
vt -11.313300 2.135700
vt -11.166000 3.680400
vt -11.327600 3.685300
vt -11.147600 1.333900
vt -11.145500 0.526200
vt -11.308100 1.335100
vt -11.305900 0.526700
vt -10.227400 5.068800
vt -10.222000 4.377600
vt -9.976000 4.368700
vt -9.981600 5.058400
vt -9.702200 4.358900
vt -9.707900 5.047100
vt -9.987300 5.709100
vt -10.232800 5.721000
vt -9.713700 5.696300
vt -10.454300 5.732100
vt -10.449200 5.078400
vt -10.656000 5.742600
vt -10.651200 5.087500
vt -10.444000 4.385700
vt -10.646100 4.393200
vt -11.011400 5.104500
vt -11.006200 4.407100
vt -10.832200 4.400300
vt -10.837200 5.096100
vt -10.842000 5.752700
vt -11.016200 5.762600
vt -11.182600 5.772300
vt -11.177700 5.112600
vt -11.345100 5.781800
vt -11.340000 5.120700
vt -11.172200 4.413700
vt -11.334100 4.420100
vt -10.208700 -1.086100
vt -9.963900 -1.086400
vt -9.959800 -0.284000
vt -10.204400 -0.283500
vt -9.691500 -1.086800
vt -9.687500 -0.284600
vt -10.425300 -0.283200
vt -10.429700 -1.086000
vt -10.626100 -0.282900
vt -10.630600 -1.085900
vt -10.435800 -1.877800
vt -10.214600 -1.878000
vt -10.442900 -2.651700
vt -10.221700 -2.652200
vt -10.636900 -1.877600
vt -10.644100 -2.651400
vt -9.969600 -1.878400
vt -9.697100 -1.878900
vt -9.976700 -2.652800
vt -9.704100 -2.653500
vt -10.237400 -4.120000
vt -9.993000 -4.121100
vt -9.984600 -3.402600
vt -10.229400 -3.401700
vt -9.720900 -4.122400
vt -9.712200 -3.403500
vt -10.450300 -3.401000
vt -10.457800 -4.119100
vt -10.651300 -3.400400
vt -10.658400 -4.118200
vt -10.465300 -4.799400
vt -10.245400 -4.800600
vt -10.472600 -5.435500
vt -10.253200 -5.436900
vt -10.665400 -4.798400
vt -10.672300 -5.434200
vt -10.001600 -4.801900
vt -9.729800 -4.803400
vt -10.009900 -5.438400
vt -9.738400 -5.440100
vt -10.988000 -1.085900
vt -10.815400 -1.085900
vt -10.810700 -0.282800
vt -10.983100 -0.282700
vt -11.147500 -0.282600
vt -11.152500 -1.086000
vt -11.307800 -0.282500
vt -11.312900 -1.086000
vt -11.159300 -1.877500
vt -10.994600 -1.877500
vt -11.166800 -2.650700
vt -11.002000 -2.650900
vt -11.319800 -1.877500
vt -11.327600 -2.650600
vt -10.821900 -1.877500
vt -10.829100 -2.651100
vt -11.016000 -4.116900
vt -10.843200 -4.117500
vt -10.836300 -3.399900
vt -11.009200 -3.399500
vt -11.174100 -3.399200
vt -11.180900 -4.116400
vt -11.335000 -3.398900
vt -11.341900 -4.115800
vt -11.187300 -4.795800
vt -11.022500 -4.796600
vt -11.193200 -5.431000
vt -11.028700 -5.432000
vt -11.348200 -4.795000
vt -11.353900 -5.430000
vt -10.849900 -4.797400
vt -10.856300 -5.433100
vt -9.049100 -1.088500
vt -9.045400 -0.287000
vt -9.383800 -0.285400
vt -9.387700 -1.087400
vt -9.043300 0.516600
vt -9.381900 0.519000
vt -9.393100 -1.879500
vt -9.054400 -1.880600
vt -9.400000 -2.654400
vt -9.061100 -2.655700
vt -8.677500 -1.882500
vt -8.672500 -1.090700
vt -8.259000 -1.885600
vt -8.254400 -1.094400
vt -8.683800 -2.657600
vt -8.264800 -2.660300
vt -8.668900 -0.289800
vt -8.666800 0.512700
vt -8.251000 -0.294400
vt -8.248900 0.506700
vt -7.282000 -1.107700
vt -7.279600 -0.310500
vt -7.788500 -0.301300
vt -7.791500 -1.099900
vt -7.277600 0.487200
vt -7.786400 0.498100
vt -7.795400 -1.890100
vt -7.285000 -1.896500
vt -7.800500 -2.664100
vt -7.289100 -2.669500
vt -6.726200 -1.905500
vt -6.724200 -1.118000
vt -6.728800 -2.677000
vt -6.722600 -0.322100
vt -6.720800 0.474400
vt -9.077700 -4.125500
vt -9.069000 -3.406200
vt -9.408100 -3.404700
vt -9.416900 -4.123800
vt -9.425900 -4.805100
vt -9.086600 -4.807000
vt -9.434600 -5.442000
vt -9.095200 -5.444200
vt -8.708400 -4.809300
vt -8.699800 -4.127600
vt -8.288000 -4.812000
vt -8.279800 -4.130200
vt -8.716800 -5.446600
vt -8.296100 -5.449400
vt -8.691400 -3.408100
vt -8.271900 -3.410700
vt -7.301100 -4.137400
vt -7.294600 -3.418700
vt -7.807000 -3.414100
vt -7.814300 -4.133300
vt -7.822100 -4.815100
vt -7.308000 -4.818800
vt -7.829800 -5.452600
vt -7.314900 -5.456100
vt -6.743000 -4.823100
vt -6.737600 -4.142700
vt -6.748400 -5.459600
vt -6.732800 -3.425000
vt -9.044600 2.101100
vt -9.383800 2.107100
vt -9.382000 1.318500
vt -9.043200 1.314500
vt -8.666200 1.308900
vt -8.667100 2.093400
vt -8.247900 1.301100
vt -8.248000 2.083400
vt -8.669200 2.860700
vt -9.047300 2.870700
vt -8.672300 3.605300
vt -9.051100 3.617500
vt -8.249300 2.848500
vt -8.251600 3.590900
vt -9.387100 2.878900
vt -9.391500 3.627900
vt -9.061000 5.020600
vt -9.402100 5.034600
vt -9.396600 4.348100
vt -9.055800 4.335800
vt -8.676400 4.321700
vt -8.681000 5.004800
vt -8.254900 4.305300
vt -8.258900 4.986800
vt -8.686000 5.649600
vt -9.066400 5.666800
vt -8.263300 5.630300
vt -9.407900 5.682300
vt -7.273700 2.056300
vt -7.784100 2.070600
vt -7.784900 1.290500
vt -7.275500 1.277900
vt -6.718200 1.264100
vt -6.715500 2.041800
vt -6.713000 2.802500
vt -7.272600 2.817500
vt -6.711400 3.541200
vt -7.272500 3.556300
vt -7.784200 2.833400
vt -7.785400 3.573700
vt -7.276000 4.946900
vt -7.791100 4.966400
vt -7.787800 4.286400
vt -7.273700 4.267800
vt -6.711000 4.252700
vt -6.711600 4.932000
vt -6.713000 5.574200
vt -7.278900 5.588700
vt -7.795000 5.608700
vt -10.280800 -8.287100
vt -10.279900 -8.627700
vt -10.040000 -8.634000
vt -10.039800 -8.291800
vt -9.771400 -8.639800
vt -9.770200 -8.296300
vt -10.277200 -8.937600
vt -10.038700 -8.945900
vt -9.771300 -8.953400
vt -10.038100 -7.916500
vt -10.279800 -7.912900
vt -10.034900 -7.505000
vt -10.277200 -7.502300
vt -9.767900 -7.920000
vt -9.764200 -7.507800
vt -10.497200 -7.909300
vt -10.497200 -8.282200
vt -10.694200 -7.905600
vt -10.693200 -8.277100
vt -10.495100 -7.499600
vt -10.692900 -7.496900
vt -10.495100 -8.621000
vt -10.490700 -8.928700
vt -10.689800 -8.614000
vt -10.683500 -8.919300
vt -11.040400 -8.266600
vt -11.033800 -8.599600
vt -10.868000 -8.606900
vt -10.872900 -8.271900
vt -11.023500 -8.899700
vt -10.859700 -8.909600
vt -10.875000 -7.901900
vt -11.043800 -7.898100
vt -10.874600 -7.494100
vt -11.044400 -7.491400
vt -11.204400 -7.894300
vt -11.199800 -8.261300
vt -11.361000 -7.890400
vt -11.355000 -8.255900
vt -11.206100 -7.488700
vt -11.363800 -7.485900
vt -11.191500 -8.592200
vt -11.179000 -8.889600
vt -11.345000 -8.584800
vt -11.330300 -8.879400
vt -10.267300 -6.559800
vt -10.272900 -7.052200
vt -10.030300 -7.054400
vt -10.024500 -6.561700
vt -9.759400 -7.056700
vt -9.753300 -6.563800
vt -10.017600 -6.024000
vt -10.260600 -6.022300
vt -9.746300 -6.025900
vt -10.479700 -6.020800
vt -10.486000 -6.558100
vt -10.678900 -6.019400
vt -10.684800 -6.556400
vt -10.491300 -7.050100
vt -10.689600 -7.048000
vt -11.039200 -6.553200
vt -11.042700 -7.043900
vt -10.872100 -7.046000
vt -10.867900 -6.554800
vt -10.862500 -6.018000
vt -11.034400 -6.016700
vt -11.198500 -6.015500
vt -11.202700 -6.551700
vt -11.358700 -6.014200
vt -11.362200 -6.550100
vt -11.205400 -7.041900
vt -11.364100 -7.039900
vt -10.265900 -9.477800
vt -10.031700 -9.491500
vt -10.035900 -9.230600
vt -10.272400 -9.219800
vt -9.767700 -9.503600
vt -9.770000 -9.240200
vt -10.483800 -9.208100
vt -10.474700 -9.462800
vt -10.674300 -9.195700
vt -10.662100 -9.446600
vt -10.463500 -9.696000
vt -10.257800 -9.714900
vt -10.450400 -9.911400
vt -10.248400 -9.934800
vt -10.647300 -9.675400
vt -10.630100 -9.885500
vt -10.026200 -9.732000
vt -9.764500 -9.746800
vt -10.019800 -9.955500
vt -9.760400 -9.973400
vt -10.226500 -10.336300
vt -10.004600 -10.365400
vt -10.012500 -10.165500
vt -10.237900 -10.140700
vt -9.750600 -10.389900
vt -9.755800 -10.186600
vt -10.435800 -10.112300
vt -10.420000 -10.302300
vt -10.610500 -10.080100
vt -10.589200 -10.263300
vt -10.403500 -10.485200
vt -10.214500 -10.524900
vt -10.386500 -10.664400
vt -10.202300 -10.710100
vt -10.566700 -10.438800
vt -10.543700 -10.610400
vt -9.996300 -10.558500
vt -9.745100 -10.586400
vt -9.987800 -10.748300
vt -9.739400 -10.779700
vt -10.990200 -9.412000
vt -10.832500 -9.429600
vt -10.847900 -9.182800
vt -11.009000 -9.169500
vt -11.161700 -9.155900
vt -11.139200 -9.393900
vt -11.310200 -9.142200
vt -11.284100 -9.375600
vt -11.111400 -9.606300
vt -10.966900 -9.630200
vt -11.077800 -9.795800
vt -10.939200 -9.827100
vt -11.251500 -9.582100
vt -11.211800 -9.764000
vt -10.813700 -9.653400
vt -10.791500 -9.857200
vt -10.870700 -10.170100
vt -10.737800 -10.218900
vt -10.765900 -10.044300
vt -10.906800 -10.005700
vt -11.038100 -9.965200
vt -10.992600 -10.117800
vt -11.164600 -9.923800
vt -11.109200 -10.063800
vt -10.941700 -10.257200
vt -10.831600 -10.324500
vt -10.887900 -10.390100
vt -10.791000 -10.474000
vt -11.045000 -10.186600
vt -10.971400 -10.294500
vt -10.708000 -10.385100
vt -10.677400 -10.547200
vt -9.134700 -9.522500
vt -9.134400 -9.255600
vt -9.470700 -9.248500
vt -9.469900 -9.513800
vt -9.133500 -8.965800
vt -9.470700 -8.960000
vt -9.468300 -9.759300
vt -9.134400 -9.769700
vt -9.466100 -9.988300
vt -9.133600 -10.000500
vt -8.759400 -9.778100
vt -8.758800 -9.529600
vt -8.340000 -9.784800
vt -8.339000 -9.535400
vt -8.759600 -10.010300
vt -8.340700 -10.017900
vt -8.757900 -9.261600
vt -8.756300 -8.970800
vt -8.337500 -9.266700
vt -8.335700 -8.975300
vt -7.353100 -9.543000
vt -7.351700 -9.273800
vt -7.870100 -9.271000
vt -7.871600 -9.540100
vt -7.349800 -8.982100
vt -7.868100 -8.979300
vt -7.872800 -9.789900
vt -7.354200 -9.792900
vt -7.873800 -10.023500
vt -7.355100 -10.026700
vt -6.780500 -9.793300
vt -6.779600 -9.543400
vt -6.781200 -10.027100
vt -6.778500 -9.274300
vt -6.777000 -8.982700
vt -9.131100 -10.426100
vt -9.132500 -10.218200
vt -9.463500 -10.204100
vt -9.460500 -10.410000
vt -9.457200 -10.609200
vt -9.129600 -10.627400
vt -9.453800 -10.805200
vt -9.127900 -10.825300
vt -8.758900 -10.641400
vt -8.759300 -10.438700
vt -8.342100 -10.651700
vt -8.341700 -10.448100
vt -8.758500 -10.840800
vt -8.342400 -10.852200
vt -8.759500 -10.229400
vt -8.341300 -10.237900
vt -7.356600 -10.458500
vt -7.355900 -10.247500
vt -7.874600 -10.244000
vt -7.875300 -10.454800
vt -7.875900 -10.659000
vt -7.357200 -10.663000
vt -7.876500 -10.860000
vt -7.357700 -10.864300
vt -6.782500 -10.663600
vt -6.782200 -10.459000
vt -6.782900 -10.865000
vt -6.781700 -10.247900
vt -9.129400 -8.304500
vt -9.467900 -8.300500
vt -9.469800 -8.645000
vt -9.131900 -8.649800
vt -8.754200 -8.654100
vt -8.751300 -8.308300
vt -8.333200 -8.658200
vt -8.330100 -8.312000
vt -8.747600 -7.930300
vt -9.126000 -7.926900
vt -8.743100 -7.516900
vt -9.121700 -7.513700
vt -8.326400 -7.933800
vt -8.321800 -7.520200
vt -9.465000 -7.923500
vt -9.461000 -7.510700
vt -9.110200 -6.568600
vt -9.449700 -6.566100
vt -9.455800 -7.059300
vt -9.116400 -7.062000
vt -8.737800 -7.064900
vt -8.731500 -6.571300
vt -8.316500 -7.068100
vt -8.310400 -6.574400
vt -8.724500 -6.032900
vt -9.103100 -6.030300
vt -8.303600 -6.035900
vt -9.442600 -6.028000
vt -7.344700 -8.318400
vt -7.862600 -8.315700
vt -7.865600 -8.662000
vt -7.347600 -8.664700
vt -6.775100 -8.665500
vt -6.772800 -8.319400
vt -6.770000 -7.941400
vt -7.341400 -7.940100
vt -6.766700 -7.528100
vt -7.337300 -7.526500
vt -7.858900 -7.937300
vt -7.854500 -7.523700
vt -7.327300 -6.580800
vt -7.843500 -6.577700
vt -7.849300 -7.071500
vt -7.332600 -7.074500
vt -6.762800 -7.076300
vt -6.758400 -6.583100
vt -6.753600 -6.045200
vt -7.321300 -6.042300
vt -7.836900 -6.039100
f 1/1/1 2/2/2 3/3/3
f 1/1/1 3/3/3 4/4/4
f 4/4/4 3/3/3 5/5/5
f 4/4/4 5/5/5 6/6/6
f 2/2/2 7/7/7 8/8/8
f 2/2/2 8/8/8 3/3/3
f 3/3/3 8/8/8 9/9/9
f 3/3/3 9/9/9 5/5/5
f 1/1/1 4/4/4 10/10/10
f 1/1/1 10/10/10 11/11/11
f 11/11/11 10/10/10 12/12/12
f 11/11/11 12/12/12 13/13/13
f 4/4/4 6/6/6 14/14/14
f 4/4/4 14/14/14 10/10/10
f 10/10/10 14/14/14 15/15/15
f 10/10/10 15/15/15 12/12/12
f 1/1/1 11/11/11 16/16/16
f 1/1/1 16/16/16 17/17/17
f 17/17/17 16/16/16 18/18/18
f 17/17/17 18/18/18 19/19/19
f 11/11/11 13/13/13 20/20/20
f 11/11/11 20/20/20 16/16/16
f 16/16/16 20/20/20 21/21/21
f 16/16/16 21/21/21 18/18/18
f 1/1/1 17/17/17 22/22/22
f 1/1/1 22/22/22 2/2/2
f 2/2/2 22/22/22 23/23/23
f 2/2/2 23/23/23 7/7/7
f 17/17/17 19/19/19 24/24/24
f 17/17/17 24/24/24 22/22/22
f 22/22/22 24/24/24 25/25/25
f 22/22/22 25/25/25 23/23/23
f 26/26/26 27/27/27 28/28/28
f 26/26/26 28/28/28 29/29/29
f 29/29/29 28/28/28 24/24/24
f 29/29/29 24/24/24 19/19/19
f 27/27/27 30/30/30 31/31/31
f 27/27/27 31/31/31 28/28/28
f 28/28/28 31/31/31 25/25/25
f 28/28/28 25/25/25 24/24/24
f 26/26/26 29/29/29 32/32/32
f 26/26/26 32/32/32 33/33/33
f 33/33/33 32/32/32 34/34/34
f 33/33/33 34/34/34 35/35/35
f 29/29/29 19/19/19 18/18/18
f 29/29/29 18/18/18 32/32/32
f 32/32/32 18/18/18 21/21/21
f 32/32/32 21/21/21 34/34/34
f 26/26/26 33/33/33 36/36/36
f 26/26/26 36/36/36 37/37/37
f 37/37/37 36/36/36 38/38/38
f 37/37/37 38/38/38 39/39/39
f 33/33/33 35/35/35 40/40/40
f 33/33/33 40/40/40 36/36/36
f 36/36/36 40/40/40 41/41/41
f 36/36/36 41/41/41 38/38/38
f 26/26/26 37/37/37 42/42/42
f 26/26/26 42/42/42 27/27/27
f 27/27/27 42/42/42 43/43/43
f 27/27/27 43/43/43 30/30/30
f 37/37/37 39/39/39 44/44/44
f 37/37/37 44/44/44 42/42/42
f 42/42/42 44/44/44 45/45/45
f 42/42/42 45/45/45 43/43/43
f 46/46/46 47/47/47 48/48/48
f 46/46/46 48/48/48 49/49/49
f 49/49/49 48/48/48 50/50/50
f 49/49/49 50/50/50 51/51/51
f 47/47/47 13/13/13 12/12/12
f 47/47/47 12/12/12 48/48/48
f 48/48/48 12/12/12 15/15/15
f 48/48/48 15/15/15 50/50/50
f 46/46/46 49/49/49 52/52/52
f 46/46/46 52/52/52 53/53/53
f 53/53/53 52/52/52 54/54/54
f 53/53/53 54/54/54 55/55/55
f 49/49/49 51/51/51 56/56/56
f 49/49/49 56/56/56 52/52/52
f 52/52/52 56/56/56 57/57/57
f 52/52/52 57/57/57 54/54/54
f 46/46/46 53/53/53 58/58/58
f 46/46/46 58/58/58 59/59/59
f 59/59/59 58/58/58 60/60/60
f 59/59/59 60/60/60 61/61/61
f 53/53/53 55/55/55 62/62/62
f 53/53/53 62/62/62 58/58/58
f 58/58/58 62/62/62 63/63/63
f 58/58/58 63/63/63 60/60/60
f 46/46/46 59/59/59 64/64/64
f 46/46/46 64/64/64 47/47/47
f 47/47/47 64/64/64 20/20/20
f 47/47/47 20/20/20 13/13/13
f 59/59/59 61/61/61 65/65/65
f 59/59/59 65/65/65 64/64/64
f 64/64/64 65/65/65 21/21/21
f 64/64/64 21/21/21 20/20/20
f 66/66/66 67/67/67 68/68/68
f 66/66/66 68/68/68 69/69/69
f 69/69/69 68/68/68 65/65/65
f 69/69/69 65/65/65 61/61/61
f 67/67/67 35/35/35 34/34/34
f 67/67/67 34/34/34 68/68/68
f 68/68/68 34/34/34 21/21/21
f 68/68/68 21/21/21 65/65/65
f 66/66/66 69/69/69 70/70/70
f 66/66/66 70/70/70 71/71/71
f 71/71/71 70/70/70 72/72/72
f 71/71/71 72/72/72 73/73/73
f 69/69/69 61/61/61 60/60/60
f 69/69/69 60/60/60 70/70/70
f 70/70/70 60/60/60 63/63/63
f 70/70/70 63/63/63 72/72/72
f 66/66/66 71/71/71 74/74/74
f 66/66/66 74/74/74 75/75/75
f 75/75/75 74/74/74 76/76/76
f 75/75/75 76/76/76 77/77/77
f 71/71/71 73/73/73 78/78/78
f 71/71/71 78/78/78 74/74/74
f 74/74/74 78/78/78 79/79/79
f 74/74/74 79/79/79 76/76/76
f 66/66/66 75/75/75 80/80/80
f 66/66/66 80/80/80 67/67/67
f 67/67/67 80/80/80 40/40/40
f 67/67/67 40/40/40 35/35/35
f 75/75/75 77/77/77 81/81/81
f 75/75/75 81/81/81 80/80/80
f 80/80/80 81/81/81 41/41/41
f 80/80/80 41/41/41 40/40/40
f 82/82/82 83/83/83 84/84/84
f 82/82/82 84/84/84 85/85/85
f 85/85/85 84/84/84 8/8/8
f 85/85/85 8/8/8 7/7/7
f 83/83/83 86/86/86 87/87/87
f 83/83/83 87/87/87 84/84/84
f 84/84/84 87/87/87 9/9/9
f 84/84/84 9/9/9 8/8/8
f 82/82/82 85/85/85 88/88/88
f 82/82/82 88/88/88 89/89/89
f 89/89/89 88/88/88 90/90/90
f 89/89/89 90/90/90 91/91/91
f 85/85/85 7/7/7 23/23/23
f 85/85/85 23/23/23 88/88/88
f 88/88/88 23/23/23 25/25/25
f 88/88/88 25/25/25 90/90/90
f 82/82/82 89/89/89 92/92/92
f 82/82/82 92/92/92 93/93/93
f 93/93/93 92/92/92 94/94/94
f 93/93/93 94/94/94 95/95/95
f 89/89/89 91/91/91 96/96/96
f 89/89/89 96/96/96 92/92/92
f 92/92/92 96/96/96 97/97/97
f 92/92/92 97/97/97 94/94/94
f 82/82/82 93/93/93 98/98/98
f 82/82/82 98/98/98 83/83/83
f 83/83/83 98/98/98 99/99/99
f 83/83/83 99/99/99 86/86/86
f 93/93/93 95/95/95 100/100/100
f 93/93/93 100/100/100 98/98/98
f 98/98/98 100/100/100 101/101/101
f 98/98/98 101/101/101 99/99/99
f 102/102/102 103/103/103 104/104/104
f 102/102/102 104/104/104 105/105/105
f 105/105/105 104/104/104 100/100/100
f 105/105/105 100/100/100 95/95/95
f 103/103/103 106/106/106 107/107/107
f 103/103/103 107/107/107 104/104/104
f 104/104/104 107/107/107 101/101/101
f 104/104/104 101/101/101 100/100/100
f 102/102/102 105/105/105 108/108/108
f 102/102/102 108/108/108 109/109/109
f 109/109/109 108/108/108 110/110/110
f 109/109/109 110/110/110 111/111/111
f 105/105/105 95/95/95 94/94/94
f 105/105/105 94/94/94 108/108/108
f 108/108/108 94/94/94 97/97/97
f 108/108/108 97/97/97 110/110/110
f 102/102/102 109/109/109 112/112/112
f 102/102/102 112/112/112 113/113/113
f 113/113/113 112/112/112 114/114/114
f 113/113/113 114/114/114 115/115/115
f 109/109/109 111/111/111 116/116/116
f 109/109/109 116/116/116 112/112/112
f 112/112/112 116/116/116 117/117/117
f 112/112/112 117/117/117 114/114/114
f 102/102/102 113/113/113 118/118/118
f 102/102/102 118/118/118 103/103/103
f 103/103/103 118/118/118 119/119/119
f 103/103/103 119/119/119 106/106/106
f 113/113/113 115/115/115 120/120/120
f 113/113/113 120/120/120 118/118/118
f 118/118/118 120/120/120 121/121/121
f 118/118/118 121/121/121 119/119/119
f 122/122/122 123/123/123 124/124/124
f 122/122/122 124/124/124 125/125/125
f 125/125/125 124/124/124 31/31/31
f 125/125/125 31/31/31 30/30/30
f 123/123/123 91/91/91 90/90/90
f 123/123/123 90/90/90 124/124/124
f 124/124/124 90/90/90 25/25/25
f 124/124/124 25/25/25 31/31/31
f 122/122/122 125/125/125 126/126/126
f 122/122/122 126/126/126 127/127/127
f 127/127/127 126/126/126 128/128/128
f 127/127/127 128/128/128 129/129/129
f 125/125/125 30/30/30 43/43/43
f 125/125/125 43/43/43 126/126/126
f 126/126/126 43/43/43 45/45/45
f 126/126/126 45/45/45 128/128/128
f 122/122/122 127/127/127 130/130/130
f 122/122/122 130/130/130 131/131/131
f 131/131/131 130/130/130 132/132/132
f 131/131/131 132/132/132 133/133/133
f 127/127/127 129/129/129 134/134/134
f 127/127/127 134/134/134 130/130/130
f 130/130/130 134/134/134 135/135/135
f 130/130/130 135/135/135 132/132/132
f 122/122/122 131/131/131 136/136/136
f 122/122/122 136/136/136 123/123/123
f 123/123/123 136/136/136 96/96/96
f 123/123/123 96/96/96 91/91/91
f 131/131/131 133/133/133 137/137/137
f 131/131/131 137/137/137 136/136/136
f 136/136/136 137/137/137 97/97/97
f 136/136/136 97/97/97 96/96/96
f 138/138/138 139/139/139 140/140/140
f 138/138/138 140/140/140 141/141/141
f 141/141/141 140/140/140 137/137/137
f 141/141/141 137/137/137 133/133/133
f 139/139/139 111/111/111 110/110/110
f 139/139/139 110/110/110 140/140/140
f 140/140/140 110/110/110 97/97/97
f 140/140/140 97/97/97 137/137/137
f 138/138/138 141/141/141 142/142/142
f 138/138/138 142/142/142 143/143/143
f 143/143/143 142/142/142 144/144/144
f 143/143/143 144/144/144 145/145/145
f 141/141/141 133/133/133 132/132/132
f 141/141/141 132/132/132 142/142/142
f 142/142/142 132/132/132 135/135/135
f 142/142/142 135/135/135 144/144/144
f 138/138/138 143/143/143 146/146/146
f 138/138/138 146/146/146 147/147/147
f 147/147/147 146/146/146 148/148/148
f 147/147/147 148/148/148 149/149/149
f 143/143/143 145/145/145 150/150/150
f 143/143/143 150/150/150 146/146/146
f 146/146/146 150/150/150 151/151/151
f 146/146/146 151/151/151 148/148/148
f 138/138/138 147/147/147 152/152/152
f 138/138/138 152/152/152 139/139/139
f 139/139/139 152/152/152 116/116/116
f 139/139/139 116/116/116 111/111/111
f 147/147/147 149/149/149 153/153/153
f 147/147/147 153/153/153 152/152/152
f 152/152/152 153/153/153 117/117/117
f 152/152/152 117/117/117 116/116/116
f 154/154/154 155/155/155 156/156/156
f 154/154/154 156/156/156 157/157/157
f 157/157/157 156/156/156 87/87/87
f 157/157/157 87/87/87 86/86/86
f 155/155/155 158/158/158 159/159/159
f 155/155/155 159/159/159 156/156/156
f 156/156/156 159/159/159 9/9/9
f 156/156/156 9/9/9 87/87/87
f 154/154/154 157/157/157 160/160/160
f 154/154/154 160/160/160 161/161/161
f 161/161/161 160/160/160 162/162/162
f 161/161/161 162/162/162 163/163/163
f 157/157/157 86/86/86 99/99/99
f 157/157/157 99/99/99 160/160/160
f 160/160/160 99/99/99 101/101/101
f 160/160/160 101/101/101 162/162/162
f 154/154/154 161/161/161 164/164/164
f 154/154/154 164/164/164 165/165/165
f 165/165/165 164/164/164 166/166/166
f 165/165/165 166/166/166 167/167/167
f 161/161/161 163/163/163 168/168/168
f 161/161/161 168/168/168 164/164/164
f 164/164/164 168/168/168 169/169/169
f 164/164/164 169/169/169 166/166/166
f 154/154/154 165/165/165 170/170/170
f 154/154/154 170/170/170 155/155/155
f 155/155/155 170/170/170 171/171/171
f 155/155/155 171/171/171 158/158/158
f 165/165/165 167/167/167 172/172/172
f 165/165/165 172/172/172 170/170/170
f 170/170/170 172/172/172 173/173/173
f 170/170/170 173/173/173 171/171/171
f 174/174/174 175/175/175 176/176/176
f 174/174/174 176/176/176 177/177/177
f 177/177/177 176/176/176 172/172/172
f 177/177/177 172/172/172 167/167/167
f 175/175/175 178/178/178 179/179/179
f 175/175/175 179/179/179 176/176/176
f 176/176/176 179/179/179 173/173/173
f 176/176/176 173/173/173 172/172/172
f 174/174/174 177/177/177 180/180/180
f 174/174/174 180/180/180 181/181/181
f 181/181/181 180/180/180 182/182/182
f 181/181/181 182/182/182 183/183/183
f 177/177/177 167/167/167 166/166/166
f 177/177/177 166/166/166 180/180/180
f 180/180/180 166/166/166 169/169/169
f 180/180/180 169/169/169 182/182/182
f 174/174/174 181/181/181 184/184/184
f 174/174/174 184/184/184 185/185/185
f 185/185/185 184/184/184 186/186/186
f 185/185/185 186/186/186 187/187/187
f 181/181/181 183/183/183 188/188/188
f 181/181/181 188/188/188 184/184/184
f 184/184/184 188/188/188 189/189/189
f 184/184/184 189/189/189 186/186/186
f 174/174/174 185/185/185 190/190/190
f 174/174/174 190/190/190 175/175/175
f 175/175/175 190/190/190 191/191/191
f 175/175/175 191/191/191 178/178/178
f 185/185/185 187/187/187 192/192/192
f 185/185/185 192/192/192 190/190/190
f 190/190/190 192/192/192 193/193/193
f 190/190/190 193/193/193 191/191/191
f 194/194/194 195/195/195 196/196/196
f 194/194/194 196/196/196 197/197/197
f 197/197/197 196/196/196 107/107/107
f 197/197/197 107/107/107 106/106/106
f 195/195/195 163/163/163 162/162/162
f 195/195/195 162/162/162 196/196/196
f 196/196/196 162/162/162 101/101/101
f 196/196/196 101/101/101 107/107/107
f 194/194/194 197/197/197 198/198/198
f 194/194/194 198/198/198 199/199/199
f 199/199/199 198/198/198 200/200/200
f 199/199/199 200/200/200 201/201/201
f 197/197/197 106/106/106 119/119/119
f 197/197/197 119/119/119 198/198/198
f 198/198/198 119/119/119 121/121/121
f 198/198/198 121/121/121 200/200/200
f 194/194/194 199/199/199 202/202/202
f 194/194/194 202/202/202 203/203/203
f 203/203/203 202/202/202 204/204/204
f 203/203/203 204/204/204 205/205/205
f 199/199/199 201/201/201 206/206/206
f 199/199/199 206/206/206 202/202/202
f 202/202/202 206/206/206 207/207/207
f 202/202/202 207/207/207 204/204/204
f 194/194/194 203/203/203 208/208/208
f 194/194/194 208/208/208 195/195/195
f 195/195/195 208/208/208 168/168/168
f 195/195/195 168/168/168 163/163/163
f 203/203/203 205/205/205 209/209/209
f 203/203/203 209/209/209 208/208/208
f 208/208/208 209/209/209 169/169/169
f 208/208/208 169/169/169 168/168/168
f 210/210/210 211/211/211 212/212/212
f 210/210/210 212/212/212 213/213/213
f 213/213/213 212/212/212 209/209/209
f 213/213/213 209/209/209 205/205/205
f 211/211/211 183/183/183 182/182/182
f 211/211/211 182/182/182 212/212/212
f 212/212/212 182/182/182 169/169/169
f 212/212/212 169/169/169 209/209/209
f 210/210/210 213/213/213 214/214/214
f 210/210/210 214/214/214 215/215/215
f 215/215/215 214/214/214 216/216/216
f 215/215/215 216/216/216 217/217/217
f 213/213/213 205/205/205 204/204/204
f 213/213/213 204/204/204 214/214/214
f 214/214/214 204/204/204 207/207/207
f 214/214/214 207/207/207 216/216/216
f 210/210/210 215/215/215 218/218/218
f 210/210/210 218/218/218 219/219/219
f 219/219/219 218/218/218 220/220/220
f 219/219/219 220/220/220 221/221/221
f 215/215/215 217/217/217 222/222/222
f 215/215/215 222/222/222 218/218/218
f 218/218/218 222/222/222 223/223/223
f 218/218/218 223/223/223 220/220/220
f 210/210/210 219/219/219 224/224/224
f 210/210/210 224/224/224 211/211/211
f 211/211/211 224/224/224 188/188/188
f 211/211/211 188/188/188 183/183/183
f 219/219/219 221/221/221 225/225/225
f 219/219/219 225/225/225 224/224/224
f 224/224/224 225/225/225 189/189/189
f 224/224/224 189/189/189 188/188/188
f 226/226/226 227/227/227 228/228/228
f 226/226/226 228/228/228 229/229/229
f 229/229/229 228/228/228 159/159/159
f 229/229/229 159/159/159 158/158/158
f 227/227/227 6/6/6 5/5/5
f 227/227/227 5/5/5 228/228/228
f 228/228/228 5/5/5 9/9/9
f 228/228/228 9/9/9 159/159/159
f 226/226/226 229/229/229 230/230/230
f 226/226/226 230/230/230 231/231/231
f 231/231/231 230/230/230 232/232/232
f 231/231/231 232/232/232 233/233/233
f 229/229/229 158/158/158 171/171/171
f 229/229/229 171/171/171 230/230/230
f 230/230/230 171/171/171 173/173/173
f 230/230/230 173/173/173 232/232/232
f 226/226/226 231/231/231 234/234/234
f 226/226/226 234/234/234 235/235/235
f 235/235/235 234/234/234 236/236/236
f 235/235/235 236/236/236 237/237/237
f 231/231/231 233/233/233 238/238/238
f 231/231/231 238/238/238 234/234/234
f 234/234/234 238/238/238 239/239/239
f 234/234/234 239/239/239 236/236/236
f 226/226/226 235/235/235 240/240/240
f 226/226/226 240/240/240 227/227/227
f 227/227/227 240/240/240 14/14/14
f 227/227/227 14/14/14 6/6/6
f 235/235/235 237/237/237 241/241/241
f 235/235/235 241/241/241 240/240/240
f 240/240/240 241/241/241 15/15/15
f 240/240/240 15/15/15 14/14/14
f 242/242/242 243/243/243 244/244/244
f 242/242/242 244/244/244 245/245/245
f 245/245/245 244/244/244 241/241/241
f 245/245/245 241/241/241 237/237/237
f 243/243/243 51/51/51 50/50/50
f 243/243/243 50/50/50 244/244/244
f 244/244/244 50/50/50 15/15/15
f 244/244/244 15/15/15 241/241/241
f 242/242/242 245/245/245 246/246/246
f 242/242/242 246/246/246 247/247/247
f 247/247/247 246/246/246 248/248/248
f 247/247/247 248/248/248 249/249/249
f 245/245/245 237/237/237 236/236/236
f 245/245/245 236/236/236 246/246/246
f 246/246/246 236/236/236 239/239/239
f 246/246/246 239/239/239 248/248/248
f 242/242/242 247/247/247 250/250/250
f 242/242/242 250/250/250 251/251/251
f 251/251/251 250/250/250 252/252/252
f 251/251/251 252/252/252 253/253/253
f 247/247/247 249/249/249 254/254/254
f 247/247/247 254/254/254 250/250/250
f 250/250/250 254/254/254 255/255/255
f 250/250/250 255/255/255 252/252/252
f 242/242/242 251/251/251 256/256/256
f 242/242/242 256/256/256 243/243/243
f 243/243/243 256/256/256 56/56/56
f 243/243/243 56/56/56 51/51/51
f 251/251/251 253/253/253 257/257/257
f 251/251/251 257/257/257 256/256/256
f 256/256/256 257/257/257 57/57/57
f 256/256/256 57/57/57 56/56/56
f 258/258/258 259/259/259 260/260/260
f 258/258/258 260/260/260 261/261/261
f 261/261/261 260/260/260 179/179/179
f 261/261/261 179/179/179 178/178/178
f 259/259/259 233/233/233 232/232/232
f 259/259/259 232/232/232 260/260/260
f 260/260/260 232/232/232 173/173/173
f 260/260/260 173/173/173 179/179/179
f 258/258/258 261/261/261 262/262/262
f 258/258/258 262/262/262 263/263/263
f 263/263/263 262/262/262 264/264/264
f 263/263/263 264/264/264 265/265/265
f 261/261/261 178/178/178 191/191/191
f 261/261/261 191/191/191 262/262/262
f 262/262/262 191/191/191 193/193/193
f 262/262/262 193/193/193 264/264/264
f 258/258/258 263/263/263 266/266/266
f 258/258/258 266/266/266 267/267/267
f 267/267/267 266/266/266 268/268/268
f 267/267/267 268/268/268 269/269/269
f 263/263/263 265/265/265 270/270/270
f 263/263/263 270/270/270 266/266/266
f 266/266/266 270/270/270 271/271/271
f 266/266/266 271/271/271 268/268/268
f 258/258/258 267/267/267 272/272/272
f 258/258/258 272/272/272 259/259/259
f 259/259/259 272/272/272 238/238/238
f 259/259/259 238/238/238 233/233/233
f 267/267/267 269/269/269 273/273/273
f 267/267/267 273/273/273 272/272/272
f 272/272/272 273/273/273 239/239/239
f 272/272/272 239/239/239 238/238/238
f 274/274/274 275/275/275 276/276/276
f 274/274/274 276/276/276 277/277/277
f 277/277/277 276/276/276 273/273/273
f 277/277/277 273/273/273 269/269/269
f 275/275/275 249/249/249 248/248/248
f 275/275/275 248/248/248 276/276/276
f 276/276/276 248/248/248 239/239/239
f 276/276/276 239/239/239 273/273/273
f 274/274/274 277/277/277 278/278/278
f 274/274/274 278/278/278 279/279/279
f 279/279/279 278/278/278 280/280/280
f 279/279/279 280/280/280 281/281/281
f 277/277/277 269/269/269 268/268/268
f 277/277/277 268/268/268 278/278/278
f 278/278/278 268/268/268 271/271/271
f 278/278/278 271/271/271 280/280/280
f 274/274/274 279/279/279 282/282/282
f 274/274/274 282/282/282 283/283/283
f 283/283/283 282/282/282 284/284/284
f 283/283/283 284/284/284 285/285/285
f 279/279/279 281/281/281 286/286/286
f 279/279/279 286/286/286 282/282/282
f 282/282/282 286/286/286 287/287/287
f 282/282/282 287/287/287 284/284/284
f 274/274/274 283/283/283 288/288/288
f 274/274/274 288/288/288 275/275/275
f 275/275/275 288/288/288 254/254/254
f 275/275/275 254/254/254 249/249/249
f 283/283/283 285/285/285 289/289/289
f 283/283/283 289/289/289 288/288/288
f 288/288/288 289/289/289 255/255/255
f 288/288/288 255/255/255 254/254/254
f 290/290/290 291/291/291 292/292/292
f 290/290/290 292/292/292 293/293/293
f 293/293/293 292/292/292 294/294/294
f 293/293/293 294/294/294 295/295/295
f 291/291/291 296/296/296 297/297/297
f 291/291/291 297/297/297 292/292/292
f 292/292/292 297/297/297 298/298/298
f 292/292/292 298/298/298 294/294/294
f 290/290/290 293/293/293 299/299/299
f 290/290/290 299/299/299 300/300/300
f 300/300/300 299/299/299 301/301/301
f 300/300/300 301/301/301 302/302/302
f 293/293/293 295/295/295 303/303/303
f 293/293/293 303/303/303 299/299/299
f 299/299/299 303/303/303 304/304/304
f 299/299/299 304/304/304 301/301/301
f 290/290/290 300/300/300 305/305/305
f 290/290/290 305/305/305 306/306/306
f 306/306/306 305/305/305 307/307/307
f 306/306/306 307/307/307 308/308/308
f 300/300/300 302/302/302 309/309/309
f 300/300/300 309/309/309 305/305/305
f 305/305/305 309/309/309 310/310/310
f 305/305/305 310/310/310 307/307/307
f 290/290/290 306/306/306 311/311/311
f 290/290/290 311/311/311 291/291/291
f 291/291/291 311/311/311 312/312/312
f 291/291/291 312/312/312 296/296/296
f 306/306/306 308/308/308 313/313/313
f 306/306/306 313/313/313 311/311/311
f 311/311/311 313/313/313 314/314/314
f 311/311/311 314/314/314 312/312/312
f 315/315/315 316/316/316 317/317/317
f 315/315/315 317/317/317 318/318/318
f 318/318/318 317/317/317 313/313/313
f 318/318/318 313/313/313 308/308/308
f 316/316/316 319/319/319 320/320/320
f 316/316/316 320/320/320 317/317/317
f 317/317/317 320/320/320 314/314/314
f 317/317/317 314/314/314 313/313/313
f 315/315/315 318/318/318 321/321/321
f 315/315/315 321/321/321 322/322/322
f 322/322/322 321/321/321 323/323/323
f 322/322/322 323/323/323 324/324/324
f 318/318/318 308/308/308 307/307/307
f 318/318/318 307/307/307 321/321/321
f 321/321/321 307/307/307 310/310/310
f 321/321/321 310/310/310 323/323/323
f 315/315/315 322/322/322 325/325/325
f 315/315/315 325/325/325 326/326/326
f 326/326/326 325/325/325 327/327/327
f 326/326/326 327/327/327 328/328/328
f 322/322/322 324/324/324 329/329/329
f 322/322/322 329/329/329 325/325/325
f 325/325/325 329/329/329 330/330/330
f 325/325/325 330/330/330 327/327/327
f 315/315/315 326/326/326 331/331/331
f 315/315/315 331/331/331 316/316/316
f 316/316/316 331/331/331 332/332/332
f 316/316/316 332/332/332 319/319/319
f 326/326/326 328/328/328 333/333/333
f 326/326/326 333/333/333 331/331/331
f 331/331/331 333/333/333 334/334/334
f 331/331/331 334/334/334 332/332/332
f 335/335/335 336/336/336 337/337/337
f 335/335/335 337/337/337 338/338/338
f 338/338/338 337/337/337 339/339/339
f 338/338/338 339/339/339 340/340/340
f 336/336/336 302/302/302 301/301/301
f 336/336/336 301/301/301 337/337/337
f 337/337/337 301/301/301 304/304/304
f 337/337/337 304/304/304 339/339/339
f 335/335/335 338/338/338 341/341/341
f 335/335/335 341/341/341 342/342/342
f 342/342/342 341/341/341 257/257/257
f 342/342/342 257/257/257 253/253/253
f 338/338/338 340/340/340 343/343/343
f 338/338/338 343/343/343 341/341/341
f 341/341/341 343/343/343 57/57/57
f 341/341/341 57/57/57 257/257/257
f 335/335/335 342/342/342 344/344/344
f 335/335/335 344/344/344 345/345/345
f 345/345/345 344/344/344 346/346/346
f 345/345/345 346/346/346 347/347/347
f 342/342/342 253/253/253 252/252/252
f 342/342/342 252/252/252 344/344/344
f 344/344/344 252/252/252 255/255/255
f 344/344/344 255/255/255 346/346/346
f 335/335/335 345/345/345 348/348/348
f 335/335/335 348/348/348 336/336/336
f 336/336/336 348/348/348 309/309/309
f 336/336/336 309/309/309 302/302/302
f 345/345/345 347/347/347 349/349/349
f 345/345/345 349/349/349 348/348/348
f 348/348/348 349/349/349 310/310/310
f 348/348/348 310/310/310 309/309/309
f 350/350/350 351/351/351 352/352/352
f 350/350/350 352/352/352 353/353/353
f 353/353/353 352/352/352 349/349/349
f 353/353/353 349/349/349 347/347/347
f 351/351/351 324/324/324 323/323/323
f 351/351/351 323/323/323 352/352/352
f 352/352/352 323/323/323 310/310/310
f 352/352/352 310/310/310 349/349/349
f 350/350/350 353/353/353 354/354/354
f 350/350/350 354/354/354 355/355/355
f 355/355/355 354/354/354 289/289/289
f 355/355/355 289/289/289 285/285/285
f 353/353/353 347/347/347 346/346/346
f 353/353/353 346/346/346 354/354/354
f 354/354/354 346/346/346 255/255/255
f 354/354/354 255/255/255 289/289/289
f 350/350/350 355/355/355 356/356/356
f 350/350/350 356/356/356 357/357/357
f 357/357/357 356/356/356 358/358/358
f 357/357/357 358/358/358 359/359/359
f 355/355/355 285/285/285 284/284/284
f 355/355/355 284/284/284 356/356/356
f 356/356/356 284/284/284 287/287/287
f 356/356/356 287/287/287 358/358/358
f 350/350/350 357/357/357 360/360/360
f 350/350/350 360/360/360 351/351/351
f 351/351/351 360/360/360 329/329/329
f 351/351/351 329/329/329 324/324/324
f 357/357/357 359/359/359 361/361/361
f 357/357/357 361/361/361 360/360/360
f 360/360/360 361/361/361 330/330/330
f 360/360/360 330/330/330 329/329/329
f 362/362/362 363/363/363 364/364/364
f 362/362/362 364/364/364 365/365/365
f 365/365/365 364/364/364 297/297/297
f 365/365/365 297/297/297 296/296/296
f 363/363/363 366/366/366 367/367/367
f 363/363/363 367/367/367 364/364/364
f 364/364/364 367/367/367 298/298/298
f 364/364/364 298/298/298 297/297/297
f 362/362/362 365/365/365 368/368/368
f 362/362/362 368/368/368 369/369/369
f 369/369/369 368/368/368 370/370/370
f 369/369/369 370/370/370 371/371/371
f 365/365/365 296/296/296 312/312/312
f 365/365/365 312/312/312 368/368/368
f 368/368/368 312/312/312 314/314/314
f 368/368/368 314/314/314 370/370/370
f 362/362/362 369/369/369 372/372/372
f 362/362/362 372/372/372 373/373/373
f 373/373/373 372/372/372 374/374/374
f 373/373/373 374/374/374 375/375/375
f 369/369/369 371/371/371 376/376/376
f 369/369/369 376/376/376 372/372/372
f 372/372/372 376/376/376 377/377/377
f 372/372/372 377/377/377 374/374/374
f 362/362/362 373/373/373 378/378/378
f 362/362/362 378/378/378 363/363/363
f 363/363/363 378/378/378 379/379/379
f 363/363/363 379/379/379 366/366/366
f 373/373/373 375/375/375 380/380/380
f 373/373/373 380/380/380 378/378/378
f 378/378/378 380/380/380 381/381/381
f 378/378/378 381/381/381 379/379/379
f 382/382/382 383/383/383 384/384/384
f 382/382/382 384/384/384 385/385/385
f 385/385/385 384/384/384 380/380/380
f 385/385/385 380/380/380 375/375/375
f 383/383/383 386/386/386 387/387/387
f 383/383/383 387/387/387 384/384/384
f 384/384/384 387/387/387 381/381/381
f 384/384/384 381/381/381 380/380/380
f 382/382/382 385/385/385 388/388/388
f 382/382/382 388/388/388 389/389/389
f 389/389/389 388/388/388 390/390/390
f 389/389/389 390/390/390 391/391/391
f 385/385/385 375/375/375 374/374/374
f 385/385/385 374/374/374 388/388/388
f 388/388/388 374/374/374 377/377/377
f 388/388/388 377/377/377 390/390/390
f 382/382/382 389/389/389 392/392/392
f 382/382/382 392/392/392 393/393/393
f 393/393/393 392/392/392 394/394/394
f 393/393/393 394/394/394 395/395/395
f 389/389/389 391/391/391 396/396/396
f 389/389/389 396/396/396 392/392/392
f 392/392/392 396/396/396 397/397/397
f 392/392/392 397/397/397 394/394/394
f 382/382/382 393/393/393 398/398/398
f 382/382/382 398/398/398 383/383/383
f 383/383/383 398/398/398 399/399/399
f 383/383/383 399/399/399 386/386/386
f 393/393/393 395/395/395 400/400/400
f 393/393/393 400/400/400 398/398/398
f 398/398/398 400/400/400 401/401/401
f 398/398/398 401/401/401 399/399/399
f 402/402/402 403/403/403 404/404/404
f 402/402/402 404/404/404 405/405/405
f 405/405/405 404/404/404 320/320/320
f 405/405/405 320/320/320 319/319/319
f 403/403/403 371/371/371 370/370/370
f 403/403/403 370/370/370 404/404/404
f 404/404/404 370/370/370 314/314/314
f 404/404/404 314/314/314 320/320/320
f 402/402/402 405/405/405 406/406/406
f 402/402/402 406/406/406 407/407/407
f 407/407/407 406/406/406 408/408/408
f 407/407/407 408/408/408 409/409/409
f 405/405/405 319/319/319 332/332/332
f 405/405/405 332/332/332 406/406/406
f 406/406/406 332/332/332 334/334/334
f 406/406/406 334/334/334 408/408/408
f 402/402/402 407/407/407 410/410/410
f 402/402/402 410/410/410 411/411/411
f 411/411/411 410/410/410 412/412/412
f 411/411/411 412/412/412 413/413/413
f 407/407/407 409/409/409 414/414/414
f 407/407/407 414/414/414 410/410/410
f 410/410/410 414/414/414 415/415/415
f 410/410/410 415/415/415 412/412/412
f 402/402/402 411/411/411 416/416/416
f 402/402/402 416/416/416 403/403/403
f 403/403/403 416/416/416 376/376/376
f 403/403/403 376/376/376 371/371/371
f 411/411/411 413/413/413 417/417/417
f 411/411/411 417/417/417 416/416/416
f 416/416/416 417/417/417 377/377/377
f 416/416/416 377/377/377 376/376/376
f 418/418/418 419/419/419 420/420/420
f 418/418/418 420/420/420 421/421/421
f 421/421/421 420/420/420 417/417/417
f 421/421/421 417/417/417 413/413/413
f 419/419/419 391/391/391 390/390/390
f 419/419/419 390/390/390 420/420/420
f 420/420/420 390/390/390 377/377/377
f 420/420/420 377/377/377 417/417/417
f 418/418/418 421/421/421 422/422/422
f 418/418/418 422/422/422 423/423/423
f 423/423/423 422/422/422 424/424/424
f 423/423/423 424/424/424 425/425/425
f 421/421/421 413/413/413 412/412/412
f 421/421/421 412/412/412 422/422/422
f 422/422/422 412/412/412 415/415/415
f 422/422/422 415/415/415 424/424/424
f 418/418/418 423/423/423 426/426/426
f 418/418/418 426/426/426 427/427/427
f 427/427/427 426/426/426 428/428/428
f 427/427/427 428/428/428 429/429/429
f 423/423/423 425/425/425 430/430/430
f 423/423/423 430/430/430 426/426/426
f 426/426/426 430/430/430 431/431/431
f 426/426/426 431/431/431 428/428/428
f 418/418/418 427/427/427 432/432/432
f 418/418/418 432/432/432 419/419/419
f 419/419/419 432/432/432 396/396/396
f 419/419/419 396/396/396 391/391/391
f 427/427/427 429/429/429 433/433/433
f 427/427/427 433/433/433 432/432/432
f 432/432/432 433/433/433 397/397/397
f 432/432/432 397/397/397 396/396/396
f 434/434/434 435/435/435 436/436/436
f 434/434/434 436/436/436 437/437/437
f 437/437/437 436/436/436 367/367/367
f 437/437/437 367/367/367 366/366/366
f 435/435/435 438/438/438 439/439/439
f 435/435/435 439/439/439 436/436/436
f 436/436/436 439/439/439 298/298/298
f 436/436/436 298/298/298 367/367/367
f 434/434/434 437/437/437 440/440/440
f 434/434/434 440/440/440 441/441/441
f 441/441/441 440/440/440 442/442/442
f 441/441/441 442/442/442 443/443/443
f 437/437/437 366/366/366 379/379/379
f 437/437/437 379/379/379 440/440/440
f 440/440/440 379/379/379 381/381/381
f 440/440/440 381/381/381 442/442/442
f 434/434/434 441/441/441 444/444/444
f 434/434/434 444/444/444 445/445/445
f 445/445/445 444/444/444 446/446/446
f 445/445/445 446/446/446 447/447/447
f 441/441/441 443/443/443 448/448/448
f 441/441/441 448/448/448 444/444/444
f 444/444/444 448/448/448 449/449/449
f 444/444/444 449/449/449 446/446/446
f 434/434/434 445/445/445 450/450/450
f 434/434/434 450/450/450 435/435/435
f 435/435/435 450/450/450 451/451/451
f 435/435/435 451/451/451 438/438/438
f 445/445/445 447/447/447 452/452/452
f 445/445/445 452/452/452 450/450/450
f 450/450/450 452/452/452 453/453/453
f 450/450/450 453/453/453 451/451/451
f 454/454/454 455/455/455 456/456/456
f 454/454/454 456/456/456 457/457/457
f 457/457/457 456/456/456 452/452/452
f 457/457/457 452/452/452 447/447/447
f 455/455/455 458/458/458 459/459/459
f 455/455/455 459/459/459 456/456/456
f 456/456/456 459/459/459 453/453/453
f 456/456/456 453/453/453 452/452/452
f 454/454/454 457/457/457 460/460/460
f 454/454/454 460/460/460 461/461/461
f 461/461/461 460/460/460 462/462/462
f 461/461/461 462/462/462 463/463/463
f 457/457/457 447/447/447 446/446/446
f 457/457/457 446/446/446 460/460/460
f 460/460/460 446/446/446 449/449/449
f 460/460/460 449/449/449 462/462/462
f 454/454/454 461/461/461 464/464/464
f 454/454/454 464/464/464 465/465/465
f 465/465/465 464/464/464 466/466/466
f 465/465/465 466/466/466 467/467/467
f 461/461/461 463/463/463 468/468/468
f 461/461/461 468/468/468 464/464/464
f 464/464/464 468/468/468 469/469/469
f 464/464/464 469/469/469 466/466/466
f 454/454/454 465/465/465 470/470/470
f 454/454/454 470/470/470 455/455/455
f 455/455/455 470/470/470 471/471/471
f 455/455/455 471/471/471 458/458/458
f 465/465/465 467/467/467 472/472/472
f 465/465/465 472/472/472 470/470/470
f 470/470/470 472/472/472 473/473/473
f 470/470/470 473/473/473 471/471/471
f 474/474/474 475/475/475 476/476/476
f 474/474/474 476/476/476 477/477/477
f 477/477/477 476/476/476 387/387/387
f 477/477/477 387/387/387 386/386/386
f 475/475/475 443/443/443 442/442/442
f 475/475/475 442/442/442 476/476/476
f 476/476/476 442/442/442 381/381/381
f 476/476/476 381/381/381 387/387/387
f 474/474/474 477/477/477 478/478/478
f 474/474/474 478/478/478 479/479/479
f 479/479/479 478/478/478 480/480/480
f 479/479/479 480/480/480 481/481/481
f 477/477/477 386/386/386 399/399/399
f 477/477/477 399/399/399 478/478/478
f 478/478/478 399/399/399 401/401/401
f 478/478/478 401/401/401 480/480/480
f 474/474/474 479/479/479 482/482/482
f 474/474/474 482/482/482 483/483/483
f 483/483/483 482/482/482 484/484/484
f 483/483/483 484/484/484 485/485/485
f 479/479/479 481/481/481 486/486/486
f 479/479/479 486/486/486 482/482/482
f 482/482/482 486/486/486 487/487/487
f 482/482/482 487/487/487 484/484/484
f 474/474/474 483/483/483 488/488/488
f 474/474/474 488/488/488 475/475/475
f 475/475/475 488/488/488 448/448/448
f 475/475/475 448/448/448 443/443/443
f 483/483/483 485/485/485 489/489/489
f 483/483/483 489/489/489 488/488/488
f 488/488/488 489/489/489 449/449/449
f 488/488/488 449/449/449 448/448/448
f 490/490/490 491/491/491 492/492/492
f 490/490/490 492/492/492 493/493/493
f 493/493/493 492/492/492 489/489/489
f 493/493/493 489/489/489 485/485/485
f 491/491/491 463/463/463 462/462/462
f 491/491/491 462/462/462 492/492/492
f 492/492/492 462/462/462 449/449/449
f 492/492/492 449/449/449 489/489/489
f 490/490/490 493/493/493 494/494/494
f 490/490/490 494/494/494 495/495/495
f 495/495/495 494/494/494 496/496/496
f 495/495/495 496/496/496 497/497/497
f 493/493/493 485/485/485 484/484/484
f 493/493/493 484/484/484 494/494/494
f 494/494/494 484/484/484 487/487/487
f 494/494/494 487/487/487 496/496/496
f 490/490/490 495/495/495 498/498/498
f 490/490/490 498/498/498 499/499/499
f 499/499/499 498/498/498 500/500/500
f 499/499/499 500/500/500 501/501/501
f 495/495/495 497/497/497 502/502/502
f 495/495/495 502/502/502 498/498/498
f 498/498/498 502/502/502 503/503/503
f 498/498/498 503/503/503 500/500/500
f 490/490/490 499/499/499 504/504/504
f 490/490/490 504/504/504 491/491/491
f 491/491/491 504/504/504 468/468/468
f 491/491/491 468/468/468 463/463/463
f 499/499/499 501/501/501 505/505/505
f 499/499/499 505/505/505 504/504/504
f 504/504/504 505/505/505 469/469/469
f 504/504/504 469/469/469 468/468/468
f 506/506/506 507/507/507 508/508/508
f 506/506/506 508/508/508 509/509/509
f 509/509/509 508/508/508 439/439/439
f 509/509/509 439/439/439 438/438/438
f 507/507/507 295/295/295 294/294/294
f 507/507/507 294/294/294 508/508/508
f 508/508/508 294/294/294 298/298/298
f 508/508/508 298/298/298 439/439/439
f 506/506/506 509/509/509 510/510/510
f 506/506/506 510/510/510 511/511/511
f 511/511/511 510/510/510 512/512/512
f 511/511/511 512/512/512 513/513/513
f 509/509/509 438/438/438 451/451/451
f 509/509/509 451/451/451 510/510/510
f 510/510/510 451/451/451 453/453/453
f 510/510/510 453/453/453 512/512/512
f 506/506/506 511/511/511 514/514/514
f 506/506/506 514/514/514 515/515/515
f 515/515/515 514/514/514 516/516/516
f 515/515/515 516/516/516 517/517/517
f 511/511/511 513/513/513 518/518/518
f 511/511/511 518/518/518 514/514/514
f 514/514/514 518/518/518 519/519/519
f 514/514/514 519/519/519 516/516/516
f 506/506/506 515/515/515 520/520/520
f 506/506/506 520/520/520 507/507/507
f 507/507/507 520/520/520 303/303/303
f 507/507/507 303/303/303 295/295/295
f 515/515/515 517/517/517 521/521/521
f 515/515/515 521/521/521 520/520/520
f 520/520/520 521/521/521 304/304/304
f 520/520/520 304/304/304 303/303/303
f 522/522/522 523/523/523 524/524/524
f 522/522/522 524/524/524 525/525/525
f 525/525/525 524/524/524 521/521/521
f 525/525/525 521/521/521 517/517/517
f 523/523/523 340/340/340 339/339/339
f 523/523/523 339/339/339 524/524/524
f 524/524/524 339/339/339 304/304/304
f 524/524/524 304/304/304 521/521/521
f 522/522/522 525/525/525 526/526/526
f 522/522/522 526/526/526 527/527/527
f 527/527/527 526/526/526 528/528/528
f 527/527/527 528/528/528 529/529/529
f 525/525/525 517/517/517 516/516/516
f 525/525/525 516/516/516 526/526/526
f 526/526/526 516/516/516 519/519/519
f 526/526/526 519/519/519 528/528/528
f 522/522/522 527/527/527 530/530/530
f 522/522/522 530/530/530 531/531/531
f 531/531/531 530/530/530 62/62/62
f 531/531/531 62/62/62 55/55/55
f 527/527/527 529/529/529 532/532/532
f 527/527/527 532/532/532 530/530/530
f 530/530/530 532/532/532 63/63/63
f 530/530/530 63/63/63 62/62/62
f 522/522/522 531/531/531 533/533/533
f 522/522/522 533/533/533 523/523/523
f 523/523/523 533/533/533 343/343/343
f 523/523/523 343/343/343 340/340/340
f 531/531/531 55/55/55 54/54/54
f 531/531/531 54/54/54 533/533/533
f 533/533/533 54/54/54 57/57/57
f 533/533/533 57/57/57 343/343/343
f 534/534/534 535/535/535 536/536/536
f 534/534/534 536/536/536 537/537/537
f 537/537/537 536/536/536 459/459/459
f 537/537/537 459/459/459 458/458/458
f 535/535/535 513/513/513 512/512/512
f 535/535/535 512/512/512 536/536/536
f 536/536/536 512/512/512 453/453/453
f 536/536/536 453/453/453 459/459/459
f 534/534/534 537/537/537 538/538/538
f 534/534/534 538/538/538 539/539/539
f 539/539/539 538/538/538 540/540/540
f 539/539/539 540/540/540 541/541/541
f 537/537/537 458/458/458 471/471/471
f 537/537/537 471/471/471 538/538/538
f 538/538/538 471/471/471 473/473/473
f 538/538/538 473/473/473 540/540/540
f 534/534/534 539/539/539 542/542/542
f 534/534/534 542/542/542 543/543/543
f 543/543/543 542/542/542 544/544/544
f 543/543/543 544/544/544 545/545/545
f 539/539/539 541/541/541 546/546/546
f 539/539/539 546/546/546 542/542/542
f 542/542/542 546/546/546 547/547/547
f 542/542/542 547/547/547 544/544/544
f 534/534/534 543/543/543 548/548/548
f 534/534/534 548/548/548 535/535/535
f 535/535/535 548/548/548 518/518/518
f 535/535/535 518/518/518 513/513/513
f 543/543/543 545/545/545 549/549/549
f 543/543/543 549/549/549 548/548/548
f 548/548/548 549/549/549 519/519/519
f 548/548/548 519/519/519 518/518/518
f 550/550/550 551/551/551 552/552/552
f 550/550/550 552/552/552 553/553/553
f 553/553/553 552/552/552 549/549/549
f 553/553/553 549/549/549 545/545/545
f 551/551/551 529/529/529 528/528/528
f 551/551/551 528/528/528 552/552/552
f 552/552/552 528/528/528 519/519/519
f 552/552/552 519/519/519 549/549/549
f 550/550/550 553/553/553 554/554/554
f 550/550/550 554/554/554 555/555/555
f 555/555/555 554/554/554 556/556/556
f 555/555/555 556/556/556 557/557/557
f 553/553/553 545/545/545 544/544/544
f 553/553/553 544/544/544 554/554/554
f 554/554/554 544/544/544 547/547/547
f 554/554/554 547/547/547 556/556/556
f 550/550/550 555/555/555 558/558/558
f 550/550/550 558/558/558 559/559/559
f 559/559/559 558/558/558 78/78/78
f 559/559/559 78/78/78 73/73/73
f 555/555/555 557/557/557 560/560/560
f 555/555/555 560/560/560 558/558/558
f 558/558/558 560/560/560 79/79/79
f 558/558/558 79/79/79 78/78/78
f 550/550/550 559/559/559 561/561/561
f 550/550/550 561/561/561 551/551/551
f 551/551/551 561/561/561 532/532/532
f 551/551/551 532/532/532 529/529/529
f 559/559/559 73/73/73 72/72/72
f 559/559/559 72/72/72 561/561/561
f 561/561/561 72/72/72 63/63/63
f 561/561/561 63/63/63 532/532/532
f 562/562/562 563/563/563 564/564/564
f 562/562/562 564/564/564 565/565/565
f 565/565/565 564/564/564 566/566/566
f 565/565/565 566/566/566 567/567/567
f 563/563/563 568/568/568 569/569/569
f 563/563/563 569/569/569 564/564/564
f 564/564/564 569/569/569 570/570/570
f 564/564/564 570/570/570 566/566/566
f 562/562/562 565/565/565 571/571/571
f 562/562/562 571/571/571 572/572/572
f 572/572/572 571/571/571 573/573/573
f 572/572/572 573/573/573 574/574/574
f 565/565/565 567/567/567 575/575/575
f 565/565/565 575/575/575 571/571/571
f 571/571/571 575/575/575 576/576/576
f 571/571/571 576/576/576 573/573/573
f 562/562/562 572/572/572 577/577/577
f 562/562/562 577/577/577 578/578/578
f 578/578/578 577/577/577 579/579/579
f 578/578/578 579/579/579 580/580/580
f 572/572/572 574/574/574 581/581/581
f 572/572/572 581/581/581 577/577/577
f 577/577/577 581/581/581 582/582/582
f 577/577/577 582/582/582 579/579/579
f 562/562/562 578/578/578 583/583/583
f 562/562/562 583/583/583 563/563/563
f 563/563/563 583/583/583 584/584/584
f 563/563/563 584/584/584 568/568/568
f 578/578/578 580/580/580 585/585/585
f 578/578/578 585/585/585 583/583/583
f 583/583/583 585/585/585 586/586/586
f 583/583/583 586/586/586 584/584/584
f 587/587/587 588/588/588 589/589/589
f 587/587/587 589/589/589 590/590/590
f 590/590/590 589/589/589 585/585/585
f 590/590/590 585/585/585 580/580/580
f 588/588/588 591/591/591 592/592/592
f 588/588/588 592/592/592 589/589/589
f 589/589/589 592/592/592 586/586/586
f 589/589/589 586/586/586 585/585/585
f 587/587/587 590/590/590 593/593/593
f 587/587/587 593/593/593 594/594/594
f 594/594/594 593/593/593 595/595/595
f 594/594/594 595/595/595 596/596/596
f 590/590/590 580/580/580 579/579/579
f 590/590/590 579/579/579 593/593/593
f 593/593/593 579/579/579 582/582/582
f 593/593/593 582/582/582 595/595/595
f 587/587/587 594/594/594 597/597/597
f 587/587/587 597/597/597 598/598/598
f 598/598/598 597/597/597 599/599/599
f 598/598/598 599/599/599 600/600/600
f 594/594/594 596/596/596 601/601/601
f 594/594/594 601/601/601 597/597/597
f 597/597/597 601/601/601 602/602/602
f 597/597/597 602/602/602 599/599/599
f 587/587/587 598/598/598 603/603/603
f 587/587/587 603/603/603 588/588/588
f 588/588/588 603/603/603 604/604/604
f 588/588/588 604/604/604 591/591/591
f 598/598/598 600/600/600 605/605/605
f 598/598/598 605/605/605 603/603/603
f 603/603/603 605/605/605 606/606/606
f 603/603/603 606/606/606 604/604/604
f 607/607/607 608/608/608 609/609/609
f 607/607/607 609/609/609 610/610/610
f 610/610/610 609/609/609 611/611/611
f 610/610/610 611/611/611 612/612/612
f 608/608/608 574/574/574 573/573/573
f 608/608/608 573/573/573 609/609/609
f 609/609/609 573/573/573 576/576/576
f 609/609/609 576/576/576 611/611/611
f 607/607/607 610/610/610 613/613/613
f 607/607/607 613/613/613 614/614/614
f 614/614/614 613/613/613 400/400/400
f 614/614/614 400/400/400 395/395/395
f 610/610/610 612/612/612 615/615/615
f 610/610/610 615/615/615 613/613/613
f 613/613/613 615/615/615 401/401/401
f 613/613/613 401/401/401 400/400/400
f 607/607/607 614/614/614 616/616/616
f 607/607/607 616/616/616 617/617/617
f 617/617/617 616/616/616 618/618/618
f 617/617/617 618/618/618 619/619/619
f 614/614/614 395/395/395 394/394/394
f 614/614/614 394/394/394 616/616/616
f 616/616/616 394/394/394 397/397/397
f 616/616/616 397/397/397 618/618/618
f 607/607/607 617/617/617 620/620/620
f 607/607/607 620/620/620 608/608/608
f 608/608/608 620/620/620 581/581/581
f 608/608/608 581/581/581 574/574/574
f 617/617/617 619/619/619 621/621/621
f 617/617/617 621/621/621 620/620/620
f 620/620/620 621/621/621 582/582/582
f 620/620/620 582/582/582 581/581/581
f 622/622/622 623/623/623 624/624/624
f 622/622/622 624/624/624 625/625/625
f 625/625/625 624/624/624 621/621/621
f 625/625/625 621/621/621 619/619/619
f 623/623/623 596/596/596 595/595/595
f 623/623/623 595/595/595 624/624/624
f 624/624/624 595/595/595 582/582/582
f 624/624/624 582/582/582 621/621/621
f 622/622/622 625/625/625 626/626/626
f 622/622/622 626/626/626 627/627/627
f 627/627/627 626/626/626 433/433/433
f 627/627/627 433/433/433 429/429/429
f 625/625/625 619/619/619 618/618/618
f 625/625/625 618/618/618 626/626/626
f 626/626/626 618/618/618 397/397/397
f 626/626/626 397/397/397 433/433/433
f 622/622/622 627/627/627 628/628/628
f 622/622/622 628/628/628 629/629/629
f 629/629/629 628/628/628 630/630/630
f 629/629/629 630/630/630 631/631/631
f 627/627/627 429/429/429 428/428/428
f 627/627/627 428/428/428 628/628/628
f 628/628/628 428/428/428 431/431/431
f 628/628/628 431/431/431 630/630/630
f 622/622/622 629/629/629 632/632/632
f 622/622/622 632/632/632 623/623/623
f 623/623/623 632/632/632 601/601/601
f 623/623/623 601/601/601 596/596/596
f 629/629/629 631/631/631 633/633/633
f 629/629/629 633/633/633 632/632/632
f 632/632/632 633/633/633 602/602/602
f 632/632/632 602/602/602 601/601/601
f 634/634/634 635/635/635 636/636/636
f 634/634/634 636/636/636 637/637/637
f 637/637/637 636/636/636 569/569/569
f 637/637/637 569/569/569 568/568/568
f 635/635/635 638/638/638 639/639/639
f 635/635/635 639/639/639 636/636/636
f 636/636/636 639/639/639 570/570/570
f 636/636/636 570/570/570 569/569/569
f 634/634/634 637/637/637 640/640/640
f 634/634/634 640/640/640 641/641/641
f 641/641/641 640/640/640 642/642/642
f 641/641/641 642/642/642 643/643/643
f 637/637/637 568/568/568 584/584/584
f 637/637/637 584/584/584 640/640/640
f 640/640/640 584/584/584 586/586/586
f 640/640/640 586/586/586 642/642/642
f 634/634/634 641/641/641 644/644/644
f 634/634/634 644/644/644 645/645/645
f 645/645/645 644/644/644 646/646/646
f 645/645/645 646/646/646 647/647/647
f 641/641/641 643/643/643 648/648/648
f 641/641/641 648/648/648 644/644/644
f 644/644/644 648/648/648 649/649/649
f 644/644/644 649/649/649 646/646/646
f 634/634/634 645/645/645 650/650/650
f 634/634/634 650/650/650 635/635/635
f 635/635/635 650/650/650 651/651/651
f 635/635/635 651/651/651 638/638/638
f 645/645/645 647/647/647 652/652/652
f 645/645/645 652/652/652 650/650/650
f 650/650/650 652/652/652 653/653/653
f 650/650/650 653/653/653 651/651/651
f 654/654/654 655/655/655 656/656/656
f 654/654/654 656/656/656 657/657/657
f 657/657/657 656/656/656 652/652/652
f 657/657/657 652/652/652 647/647/647
f 655/655/655 658/658/658 659/659/659
f 655/655/655 659/659/659 656/656/656
f 656/656/656 659/659/659 653/653/653
f 656/656/656 653/653/653 652/652/652
f 654/654/654 657/657/657 660/660/660
f 654/654/654 660/660/660 661/661/661
f 661/661/661 660/660/660 662/662/662
f 661/661/661 662/662/662 663/663/663
f 657/657/657 647/647/647 646/646/646
f 657/657/657 646/646/646 660/660/660
f 660/660/660 646/646/646 649/649/649
f 660/660/660 649/649/649 662/662/662
f 654/654/654 661/661/661 664/664/664
f 654/654/654 664/664/664 665/665/665
f 665/665/665 664/664/664 666/666/666
f 665/665/665 666/666/666 667/667/667
f 661/661/661 663/663/663 668/668/668
f 661/661/661 668/668/668 664/664/664
f 664/664/664 668/668/668 669/669/669
f 664/664/664 669/669/669 666/666/666
f 654/654/654 665/665/665 670/670/670
f 654/654/654 670/670/670 655/655/655
f 655/655/655 670/670/670 671/671/671
f 655/655/655 671/671/671 658/658/658
f 665/665/665 667/667/667 672/672/672
f 665/665/665 672/672/672 670/670/670
f 670/670/670 672/672/672 673/673/673
f 670/670/670 673/673/673 671/671/671
f 674/674/674 675/675/675 676/676/676
f 674/674/674 676/676/676 677/677/677
f 677/677/677 676/676/676 592/592/592
f 677/677/677 592/592/592 591/591/591
f 675/675/675 643/643/643 642/642/642
f 675/675/675 642/642/642 676/676/676
f 676/676/676 642/642/642 586/586/586
f 676/676/676 586/586/586 592/592/592
f 674/674/674 677/677/677 678/678/678
f 674/674/674 678/678/678 679/679/679
f 679/679/679 678/678/678 680/680/680
f 679/679/679 680/680/680 681/681/681
f 677/677/677 591/591/591 604/604/604
f 677/677/677 604/604/604 678/678/678
f 678/678/678 604/604/604 606/606/606
f 678/678/678 606/606/606 680/680/680
f 674/674/674 679/679/679 682/682/682
f 674/674/674 682/682/682 683/683/683
f 683/683/683 682/682/682 684/684/684
f 683/683/683 684/684/684 685/685/685
f 679/679/679 681/681/681 686/686/686
f 679/679/679 686/686/686 682/682/682
f 682/682/682 686/686/686 687/687/687
f 682/682/682 687/687/687 684/684/684
f 674/674/674 683/683/683 688/688/688
f 674/674/674 688/688/688 675/675/675
f 675/675/675 688/688/688 648/648/648
f 675/675/675 648/648/648 643/643/643
f 683/683/683 685/685/685 689/689/689
f 683/683/683 689/689/689 688/688/688
f 688/688/688 689/689/689 649/649/649
f 688/688/688 649/649/649 648/648/648
f 690/690/690 691/691/691 692/692/692
f 690/690/690 692/692/692 693/693/693
f 693/693/693 692/692/692 689/689/689
f 693/693/693 689/689/689 685/685/685
f 691/691/691 663/663/663 662/662/662
f 691/691/691 662/662/662 692/692/692
f 692/692/692 662/662/662 649/649/649
f 692/692/692 649/649/649 689/689/689
f 690/690/690 693/693/693 694/694/694
f 690/690/690 694/694/694 695/695/695
f 695/695/695 694/694/694 696/696/696
f 695/695/695 696/696/696 697/697/697
f 693/693/693 685/685/685 684/684/684
f 693/693/693 684/684/684 694/694/694
f 694/694/694 684/684/684 687/687/687
f 694/694/694 687/687/687 696/696/696
f 690/690/690 695/695/695 698/698/698
f 690/690/690 698/698/698 699/699/699
f 699/699/699 698/698/698 700/700/700
f 699/699/699 700/700/700 701/701/701
f 695/695/695 697/697/697 702/702/702
f 695/695/695 702/702/702 698/698/698
f 698/698/698 702/702/702 703/703/703
f 698/698/698 703/703/703 700/700/700
f 690/690/690 699/699/699 704/704/704
f 690/690/690 704/704/704 691/691/691
f 691/691/691 704/704/704 668/668/668
f 691/691/691 668/668/668 663/663/663
f 699/699/699 701/701/701 705/705/705
f 699/699/699 705/705/705 704/704/704
f 704/704/704 705/705/705 669/669/669
f 704/704/704 669/669/669 668/668/668
f 706/706/706 707/707/707 708/708/708
f 706/706/706 708/708/708 709/709/709
f 709/709/709 708/708/708 639/639/639
f 709/709/709 639/639/639 638/638/638
f 707/707/707 710/710/710 711/711/711
f 707/707/707 711/711/711 708/708/708
f 708/708/708 711/711/711 570/570/570
f 708/708/708 570/570/570 639/639/639
f 706/706/706 709/709/709 712/712/712
f 706/706/706 712/712/712 713/713/713
f 713/713/713 712/712/712 714/714/714
f 713/713/713 714/714/714 715/715/715
f 709/709/709 638/638/638 651/651/651
f 709/709/709 651/651/651 712/712/712
f 712/712/712 651/651/651 653/653/653
f 712/712/712 653/653/653 714/714/714
f 706/706/706 713/713/713 716/716/716
f 706/706/706 716/716/716 717/717/717
f 717/717/717 716/716/716 718/718/718
f 717/717/717 718/718/718 719/719/719
f 713/713/713 715/715/715 720/720/720
f 713/713/713 720/720/720 716/716/716
f 716/716/716 720/720/720 721/721/721
f 716/716/716 721/721/721 718/718/718
f 706/706/706 717/717/717 722/722/722
f 706/706/706 722/722/722 707/707/707
f 707/707/707 722/722/722 723/723/723
f 707/707/707 723/723/723 710/710/710
f 717/717/717 719/719/719 724/724/724
f 717/717/717 724/724/724 722/722/722
f 722/722/722 724/724/724 725/725/725
f 722/722/722 725/725/725 723/723/723
f 726/726/726 727/727/727 728/728/728
f 726/726/726 728/728/728 729/729/729
f 729/729/729 728/728/728 724/724/724
f 729/729/729 724/724/724 719/719/719
f 727/727/727 730/730/730 731/731/731
f 727/727/727 731/731/731 728/728/728
f 728/728/728 731/731/731 725/725/725
f 728/728/728 725/725/725 724/724/724
f 726/726/726 729/729/729 732/732/732
f 726/726/726 732/732/732 733/733/733
f 733/733/733 732/732/732 734/734/734
f 733/733/733 734/734/734 735/735/735
f 729/729/729 719/719/719 718/718/718
f 729/729/729 718/718/718 732/732/732
f 732/732/732 718/718/718 721/721/721
f 732/732/732 721/721/721 734/734/734
f 726/726/726 733/733/733 736/736/736
f 726/726/726 736/736/736 737/737/737
f 737/737/737 736/736/736 738/738/738
f 737/737/737 738/738/738 739/739/739
f 733/733/733 735/735/735 740/740/740
f 733/733/733 740/740/740 736/736/736
f 736/736/736 740/740/740 741/741/741
f 736/736/736 741/741/741 738/738/738
f 726/726/726 737/737/737 742/742/742
f 726/726/726 742/742/742 727/727/727
f 727/727/727 742/742/742 743/743/743
f 727/727/727 743/743/743 730/730/730
f 737/737/737 739/739/739 744/744/744
f 737/737/737 744/744/744 742/742/742
f 742/742/742 744/744/744 745/745/745
f 742/742/742 745/745/745 743/743/743
f 746/746/746 747/747/747 748/748/748
f 746/746/746 748/748/748 749/749/749
f 749/749/749 748/748/748 659/659/659
f 749/749/749 659/659/659 658/658/658
f 747/747/747 715/715/715 714/714/714
f 747/747/747 714/714/714 748/748/748
f 748/748/748 714/714/714 653/653/653
f 748/748/748 653/653/653 659/659/659
f 746/746/746 749/749/749 750/750/750
f 746/746/746 750/750/750 751/751/751
f 751/751/751 750/750/750 752/752/752
f 751/751/751 752/752/752 753/753/753
f 749/749/749 658/658/658 671/671/671
f 749/749/749 671/671/671 750/750/750
f 750/750/750 671/671/671 673/673/673
f 750/750/750 673/673/673 752/752/752
f 746/746/746 751/751/751 754/754/754
f 746/746/746 754/754/754 755/755/755
f 755/755/755 754/754/754 756/756/756
f 755/755/755 756/756/756 757/757/757
f 751/751/751 753/753/753 758/758/758
f 751/751/751 758/758/758 754/754/754
f 754/754/754 758/758/758 759/759/759
f 754/754/754 759/759/759 756/756/756
f 746/746/746 755/755/755 760/760/760
f 746/746/746 760/760/760 747/747/747
f 747/747/747 760/760/760 720/720/720
f 747/747/747 720/720/720 715/715/715
f 755/755/755 757/757/757 761/761/761
f 755/755/755 761/761/761 760/760/760
f 760/760/760 761/761/761 721/721/721
f 760/760/760 721/721/721 720/720/720
f 762/762/762 763/763/763 764/764/764
f 762/762/762 764/764/764 765/765/765
f 765/765/765 764/764/764 761/761/761
f 765/765/765 761/761/761 757/757/757
f 763/763/763 735/735/735 734/734/734
f 763/763/763 734/734/734 764/764/764
f 764/764/764 734/734/734 721/721/721
f 764/764/764 721/721/721 761/761/761
f 762/762/762 765/765/765 766/766/766
f 762/762/762 766/766/766 767/767/767
f 767/767/767 766/766/766 768/768/768
f 767/767/767 768/768/768 769/769/769
f 765/765/765 757/757/757 756/756/756
f 765/765/765 756/756/756 766/766/766
f 766/766/766 756/756/756 759/759/759
f 766/766/766 759/759/759 768/768/768
f 762/762/762 767/767/767 770/770/770
f 762/762/762 770/770/770 771/771/771
f 771/771/771 770/770/770 772/772/772
f 771/771/771 772/772/772 773/773/773
f 767/767/767 769/769/769 774/774/774
f 767/767/767 774/774/774 770/770/770
f 770/770/770 774/774/774 775/775/775
f 770/770/770 775/775/775 772/772/772
f 762/762/762 771/771/771 776/776/776
f 762/762/762 776/776/776 763/763/763
f 763/763/763 776/776/776 740/740/740
f 763/763/763 740/740/740 735/735/735
f 771/771/771 773/773/773 777/777/777
f 771/771/771 777/777/777 776/776/776
f 776/776/776 777/777/777 741/741/741
f 776/776/776 741/741/741 740/740/740
f 778/778/778 779/779/779 780/780/780
f 778/778/778 780/780/780 781/781/781
f 781/781/781 780/780/780 711/711/711
f 781/781/781 711/711/711 710/710/710
f 779/779/779 567/567/567 566/566/566
f 779/779/779 566/566/566 780/780/780
f 780/780/780 566/566/566 570/570/570
f 780/780/780 570/570/570 711/711/711
f 778/778/778 781/781/781 782/782/782
f 778/778/778 782/782/782 783/783/783
f 783/783/783 782/782/782 784/784/784
f 783/783/783 784/784/784 785/785/785
f 781/781/781 710/710/710 723/723/723
f 781/781/781 723/723/723 782/782/782
f 782/782/782 723/723/723 725/725/725
f 782/782/782 725/725/725 784/784/784
f 778/778/778 783/783/783 786/786/786
f 778/778/778 786/786/786 787/787/787
f 787/787/787 786/786/786 788/788/788
f 787/787/787 788/788/788 789/789/789
f 783/783/783 785/785/785 790/790/790
f 783/783/783 790/790/790 786/786/786
f 786/786/786 790/790/790 791/791/791
f 786/786/786 791/791/791 788/788/788
f 778/778/778 787/787/787 792/792/792
f 778/778/778 792/792/792 779/779/779
f 779/779/779 792/792/792 575/575/575
f 779/779/779 575/575/575 567/567/567
f 787/787/787 789/789/789 793/793/793
f 787/787/787 793/793/793 792/792/792
f 792/792/792 793/793/793 576/576/576
f 792/792/792 576/576/576 575/575/575
f 794/794/794 795/795/795 796/796/796
f 794/794/794 796/796/796 797/797/797
f 797/797/797 796/796/796 793/793/793
f 797/797/797 793/793/793 789/789/789
f 795/795/795 612/612/612 611/611/611
f 795/795/795 611/611/611 796/796/796
f 796/796/796 611/611/611 576/576/576
f 796/796/796 576/576/576 793/793/793
f 794/794/794 797/797/797 798/798/798
f 794/794/794 798/798/798 799/799/799
f 799/799/799 798/798/798 800/800/800
f 799/799/799 800/800/800 801/801/801
f 797/797/797 789/789/789 788/788/788
f 797/797/797 788/788/788 798/798/798
f 798/798/798 788/788/788 791/791/791
f 798/798/798 791/791/791 800/800/800
f 794/794/794 799/799/799 802/802/802
f 794/794/794 802/802/802 803/803/803
f 803/803/803 802/802/802 486/486/486
f 803/803/803 486/486/486 481/481/481
f 799/799/799 801/801/801 804/804/804
f 799/799/799 804/804/804 802/802/802
f 802/802/802 804/804/804 487/487/487
f 802/802/802 487/487/487 486/486/486
f 794/794/794 803/803/803 805/805/805
f 794/794/794 805/805/805 795/795/795
f 795/795/795 805/805/805 615/615/615
f 795/795/795 615/615/615 612/612/612
f 803/803/803 481/481/481 480/480/480
f 803/803/803 480/480/480 805/805/805
f 805/805/805 480/480/480 401/401/401
f 805/805/805 401/401/401 615/615/615
f 806/806/806 807/807/807 808/808/808
f 806/806/806 808/808/808 809/809/809
f 809/809/809 808/808/808 731/731/731
f 809/809/809 731/731/731 730/730/730
f 807/807/807 785/785/785 784/784/784
f 807/807/807 784/784/784 808/808/808
f 808/808/808 784/784/784 725/725/725
f 808/808/808 725/725/725 731/731/731
f 806/806/806 809/809/809 810/810/810
f 806/806/806 810/810/810 811/811/811
f 811/811/811 810/810/810 812/812/812
f 811/811/811 812/812/812 813/813/813
f 809/809/809 730/730/730 743/743/743
f 809/809/809 743/743/743 810/810/810
f 810/810/810 743/743/743 745/745/745
f 810/810/810 745/745/745 812/812/812
f 806/806/806 811/811/811 814/814/814
f 806/806/806 814/814/814 815/815/815
f 815/815/815 814/814/814 816/816/816
f 815/815/815 816/816/816 817/817/817
f 811/811/811 813/813/813 818/818/818
f 811/811/811 818/818/818 814/814/814
f 814/814/814 818/818/818 819/819/819
f 814/814/814 819/819/819 816/816/816
f 806/806/806 815/815/815 820/820/820
f 806/806/806 820/820/820 807/807/807
f 807/807/807 820/820/820 790/790/790
f 807/807/807 790/790/790 785/785/785
f 815/815/815 817/817/817 821/821/821
f 815/815/815 821/821/821 820/820/820
f 820/820/820 821/821/821 791/791/791
f 820/820/820 791/791/791 790/790/790
f 822/822/822 823/823/823 824/824/824
f 822/822/822 824/824/824 825/825/825
f 825/825/825 824/824/824 821/821/821
f 825/825/825 821/821/821 817/817/817
f 823/823/823 801/801/801 800/800/800
f 823/823/823 800/800/800 824/824/824
f 824/824/824 800/800/800 791/791/791
f 824/824/824 791/791/791 821/821/821
f 822/822/822 825/825/825 826/826/826
f 822/822/822 826/826/826 827/827/827
f 827/827/827 826/826/826 828/828/828
f 827/827/827 828/828/828 829/829/829
f 825/825/825 817/817/817 816/816/816
f 825/825/825 816/816/816 826/826/826
f 826/826/826 816/816/816 819/819/819
f 826/826/826 819/819/819 828/828/828
f 822/822/822 827/827/827 830/830/830
f 822/822/822 830/830/830 831/831/831
f 831/831/831 830/830/830 502/502/502
f 831/831/831 502/502/502 497/497/497
f 827/827/827 829/829/829 832/832/832
f 827/827/827 832/832/832 830/830/830
f 830/830/830 832/832/832 503/503/503
f 830/830/830 503/503/503 502/502/502
f 822/822/822 831/831/831 833/833/833
f 822/822/822 833/833/833 823/823/823
f 823/823/823 833/833/833 804/804/804
f 823/823/823 804/804/804 801/801/801
f 831/831/831 497/497/497 496/496/496
f 831/831/831 496/496/496 833/833/833
f 833/833/833 496/496/496 487/487/487
f 833/833/833 487/487/487 804/804/804
f 834/834/834 835/835/835 836/836/836
f 834/834/834 836/836/836 837/837/837
f 837/837/837 836/836/836 838/838/838
f 837/837/837 838/838/838 839/839/839
f 835/835/835 840/840/840 841/841/841
f 835/835/835 841/841/841 836/836/836
f 836/836/836 841/841/841 842/842/842
f 836/836/836 842/842/842 838/838/838
f 834/834/834 837/837/837 843/843/843
f 834/834/834 843/843/843 844/844/844
f 844/844/844 843/843/843 845/845/845
f 844/844/844 845/845/845 846/846/846
f 837/837/837 839/839/839 847/847/847
f 837/837/837 847/847/847 843/843/843
f 843/843/843 847/847/847 848/848/848
f 843/843/843 848/848/848 845/845/845
f 834/834/834 844/844/844 849/849/849
f 834/834/834 849/849/849 850/850/850
f 850/850/850 849/849/849 851/851/851
f 850/850/850 851/851/851 852/852/852
f 844/844/844 846/846/846 853/853/853
f 844/844/844 853/853/853 849/849/849
f 849/849/849 853/853/853 854/854/854
f 849/849/849 854/854/854 851/851/851
f 834/834/834 850/850/850 855/855/855
f 834/834/834 855/855/855 835/835/835
f 835/835/835 855/855/855 856/856/856
f 835/835/835 856/856/856 840/840/840
f 850/850/850 852/852/852 857/857/857
f 850/850/850 857/857/857 855/855/855
f 855/855/855 857/857/857 858/858/858
f 855/855/855 858/858/858 856/856/856
f 859/859/859 860/860/860 861/861/861
f 859/859/859 861/861/861 862/862/862
f 862/862/862 861/861/861 857/857/857
f 862/862/862 857/857/857 852/852/852
f 860/860/860 863/863/863 864/864/864
f 860/860/860 864/864/864 861/861/861
f 861/861/861 864/864/864 858/858/858
f 861/861/861 858/858/858 857/857/857
f 859/859/859 862/862/862 865/865/865
f 859/859/859 865/865/865 866/866/866
f 866/866/866 865/865/865 867/867/867
f 866/866/866 867/867/867 868/868/868
f 862/862/862 852/852/852 851/851/851
f 862/862/862 851/851/851 865/865/865
f 865/865/865 851/851/851 854/854/854
f 865/865/865 854/854/854 867/867/867
f 859/859/859 866/866/866 869/869/869
f 859/859/859 869/869/869 870/870/870
f 870/870/870 869/869/869 871/871/871
f 870/870/870 871/871/871 872/872/872
f 866/866/866 868/868/868 873/873/873
f 866/866/866 873/873/873 869/869/869
f 869/869/869 873/873/873 874/874/874
f 869/869/869 874/874/874 871/871/871
f 859/859/859 870/870/870 875/875/875
f 859/859/859 875/875/875 860/860/860
f 860/860/860 875/875/875 876/876/876
f 860/860/860 876/876/876 863/863/863
f 870/870/870 872/872/872 877/877/877
f 870/870/870 877/877/877 875/875/875
f 875/875/875 877/877/877 878/878/878
f 875/875/875 878/878/878 876/876/876
f 879/879/879 880/880/880 881/881/881
f 879/879/879 881/881/881 882/882/882
f 882/882/882 881/881/881 883/883/883
f 882/882/882 883/883/883 884/884/884
f 880/880/880 846/846/846 845/845/845
f 880/880/880 845/845/845 881/881/881
f 881/881/881 845/845/845 848/848/848
f 881/881/881 848/848/848 883/883/883
f 879/879/879 882/882/882 885/885/885
f 879/879/879 885/885/885 886/886/886
f 886/886/886 885/885/885 887/887/887
f 886/886/886 887/887/887 888/888/888
f 882/882/882 884/884/884 889/889/889
f 882/882/882 889/889/889 885/885/885
f 885/885/885 889/889/889 890/890/890
f 885/885/885 890/890/890 887/887/887
f 879/879/879 886/886/886 891/891/891
f 879/879/879 891/891/891 892/892/892
f 892/892/892 891/891/891 893/893/893
f 892/892/892 893/893/893 894/894/894
f 886/886/886 888/888/888 895/895/895
f 886/886/886 895/895/895 891/891/891
f 891/891/891 895/895/895 896/896/896
f 891/891/891 896/896/896 893/893/893
f 879/879/879 892/892/892 897/897/897
f 879/879/879 897/897/897 880/880/880
f 880/880/880 897/897/897 853/853/853
f 880/880/880 853/853/853 846/846/846
f 892/892/892 894/894/894 898/898/898
f 892/892/892 898/898/898 897/897/897
f 897/897/897 898/898/898 854/854/854
f 897/897/897 854/854/854 853/853/853
f 899/899/899 900/900/900 901/901/901
f 899/899/899 901/901/901 902/902/902
f 902/902/902 901/901/901 898/898/898
f 902/902/902 898/898/898 894/894/894
f 900/900/900 868/868/868 867/867/867
f 900/900/900 867/867/867 901/901/901
f 901/901/901 867/867/867 854/854/854
f 901/901/901 854/854/854 898/898/898
f 899/899/899 902/902/902 903/903/903
f 899/899/899 903/903/903 904/904/904
f 904/904/904 903/903/903 905/905/905
f 904/904/904 905/905/905 906/906/906
f 902/902/902 894/894/894 893/893/893
f 902/902/902 893/893/893 903/903/903
f 903/903/903 893/893/893 896/896/896
f 903/903/903 896/896/896 905/905/905
f 899/899/899 904/904/904 907/907/907
f 899/899/899 907/907/907 908/908/908
f 908/908/908 907/907/907 909/909/909
f 908/908/908 909/909/909 910/910/910
f 904/904/904 906/906/906 911/911/911
f 904/904/904 911/911/911 907/907/907
f 907/907/907 911/911/911 912/912/912
f 907/907/907 912/912/912 909/909/909
f 899/899/899 908/908/908 913/913/913
f 899/899/899 913/913/913 900/900/900
f 900/900/900 913/913/913 873/873/873
f 900/900/900 873/873/873 868/868/868
f 908/908/908 910/910/910 914/914/914
f 908/908/908 914/914/914 913/913/913
f 913/913/913 914/914/914 874/874/874
f 913/913/913 874/874/874 873/873/873
f 915/915/915 916/916/916 917/917/917
f 915/915/915 917/917/917 918/918/918
f 918/918/918 917/917/917 841/841/841
f 918/918/918 841/841/841 840/840/840
f 916/916/916 919/919/919 920/920/920
f 916/916/916 920/920/920 917/917/917
f 917/917/917 920/920/920 842/842/842
f 917/917/917 842/842/842 841/841/841
f 915/915/915 918/918/918 921/921/921
f 915/915/915 921/921/921 922/922/922
f 922/922/922 921/921/921 923/923/923
f 922/922/922 923/923/923 924/924/924
f 918/918/918 840/840/840 856/856/856
f 918/918/918 856/856/856 921/921/921
f 921/921/921 856/856/856 858/858/858
f 921/921/921 858/858/858 923/923/923
f 915/915/915 922/922/922 925/925/925
f 915/915/915 925/925/925 926/926/926
f 926/926/926 925/925/925 927/927/927
f 926/926/926 927/927/927 928/928/928
f 922/922/922 924/924/924 929/929/929
f 922/922/922 929/929/929 925/925/925
f 925/925/925 929/929/929 930/930/930
f 925/925/925 930/930/930 927/927/927
f 915/915/915 926/926/926 931/931/931
f 915/915/915 931/931/931 916/916/916
f 916/916/916 931/931/931 932/932/932
f 916/916/916 932/932/932 919/919/919
f 926/926/926 928/928/928 933/933/933
f 926/926/926 933/933/933 931/931/931
f 931/931/931 933/933/933 934/934/934
f 931/931/931 934/934/934 932/932/932
f 935/935/935 936/936/936 937/937/937
f 935/935/935 937/937/937 938/938/938
f 938/938/938 937/937/937 933/933/933
f 938/938/938 933/933/933 928/928/928
f 936/936/936 939/939/939 940/940/940
f 936/936/936 940/940/940 937/937/937
f 937/937/937 940/940/940 934/934/934
f 937/937/937 934/934/934 933/933/933
f 935/935/935 938/938/938 941/941/941
f 935/935/935 941/941/941 942/942/942
f 942/942/942 941/941/941 943/943/943
f 942/942/942 943/943/943 944/944/944
f 938/938/938 928/928/928 927/927/927
f 938/938/938 927/927/927 941/941/941
f 941/941/941 927/927/927 930/930/930
f 941/941/941 930/930/930 943/943/943
f 935/935/935 942/942/942 945/945/945
f 935/935/935 945/945/945 946/946/946
f 946/946/946 945/945/945 947/947/947
f 946/946/946 947/947/947 948/948/948
f 942/942/942 944/944/944 949/949/949
f 942/942/942 949/949/949 945/945/945
f 945/945/945 949/949/949 950/950/950
f 945/945/945 950/950/950 947/947/947
f 935/935/935 946/946/946 951/951/951
f 935/935/935 951/951/951 936/936/936
f 936/936/936 951/951/951 952/952/952
f 936/936/936 952/952/952 939/939/939
f 946/946/946 948/948/948 953/953/953
f 946/946/946 953/953/953 951/951/951
f 951/951/951 953/953/953 954/954/954
f 951/951/951 954/954/954 952/952/952
f 955/955/955 956/956/956 957/957/957
f 955/955/955 957/957/957 958/958/958
f 958/958/958 957/957/957 864/864/864
f 958/958/958 864/864/864 863/863/863
f 956/956/956 924/924/924 923/923/923
f 956/956/956 923/923/923 957/957/957
f 957/957/957 923/923/923 858/858/858
f 957/957/957 858/858/858 864/864/864
f 955/955/955 958/958/958 959/959/959
f 955/955/955 959/959/959 960/960/960
f 960/960/960 959/959/959 961/961/961
f 960/960/960 961/961/961 962/962/962
f 958/958/958 863/863/863 876/876/876
f 958/958/958 876/876/876 959/959/959
f 959/959/959 876/876/876 878/878/878
f 959/959/959 878/878/878 961/961/961
f 955/955/955 960/960/960 963/963/963
f 955/955/955 963/963/963 964/964/964
f 964/964/964 963/963/963 965/965/965
f 964/964/964 965/965/965 966/966/966
f 960/960/960 962/962/962 967/967/967
f 960/960/960 967/967/967 963/963/963
f 963/963/963 967/967/967 968/968/968
f 963/963/963 968/968/968 965/965/965
f 955/955/955 964/964/964 969/969/969
f 955/955/955 969/969/969 956/956/956
f 956/956/956 969/969/969 929/929/929
f 956/956/956 929/929/929 924/924/924
f 964/964/964 966/966/966 970/970/970
f 964/964/964 970/970/970 969/969/969
f 969/969/969 970/970/970 930/930/930
f 969/969/969 930/930/930 929/929/929
f 971/971/971 972/972/972 973/973/973
f 971/971/971 973/973/973 974/974/974
f 974/974/974 973/973/973 970/970/970
f 974/974/974 970/970/970 966/966/966
f 972/972/972 944/944/944 943/943/943
f 972/972/972 943/943/943 973/973/973
f 973/973/973 943/943/943 930/930/930
f 973/973/973 930/930/930 970/970/970
f 971/971/971 974/974/974 975/975/975
f 971/971/971 975/975/975 976/976/976
f 976/976/976 975/975/975 977/977/977
f 976/976/976 977/977/977 978/978/978
f 974/974/974 966/966/966 965/965/965
f 974/974/974 965/965/965 975/975/975
f 975/975/975 965/965/965 968/968/968
f 975/975/975 968/968/968 977/977/977
f 971/971/971 976/976/976 979/979/979
f 971/971/971 979/979/979 980/980/980
f 980/980/980 979/979/979 981/981/981
f 980/980/980 981/981/981 982/982/982
f 976/976/976 978/978/978 983/983/983
f 976/976/976 983/983/983 979/979/979
f 979/979/979 983/983/983 984/984/984
f 979/979/979 984/984/984 981/981/981
f 971/971/971 980/980/980 985/985/985
f 971/971/971 985/985/985 972/972/972
f 972/972/972 985/985/985 949/949/949
f 972/972/972 949/949/949 944/944/944
f 980/980/980 982/982/982 986/986/986
f 980/980/980 986/986/986 985/985/985
f 985/985/985 986/986/986 950/950/950
f 985/985/985 950/950/950 949/949/949
f 987/987/987 988/988/988 989/989/989
f 987/987/987 989/989/989 990/990/990
f 990/990/990 989/989/989 920/920/920
f 990/990/990 920/920/920 919/919/919
f 988/988/988 991/991/991 992/992/992
f 988/988/988 992/992/992 989/989/989
f 989/989/989 992/992/992 842/842/842
f 989/989/989 842/842/842 920/920/920
f 987/987/987 990/990/990 993/993/993
f 987/987/987 993/993/993 994/994/994
f 994/994/994 993/993/993 995/995/995
f 994/994/994 995/995/995 996/996/996
f 990/990/990 919/919/919 932/932/932
f 990/990/990 932/932/932 993/993/993
f 993/993/993 932/932/932 934/934/934
f 993/993/993 934/934/934 995/995/995
f 987/987/987 994/994/994 997/997/997
f 987/987/987 997/997/997 998/998/998
f 998/998/998 997/997/997 999/999/999
f 998/998/998 999/999/999 1000/1000/1000
f 994/994/994 996/996/996 1001/1001/1001
f 994/994/994 1001/1001/1001 997/997/997
f 997/997/997 1001/1001/1001 1002/1002/1002
f 997/997/997 1002/1002/1002 999/999/999
f 987/987/987 998/998/998 1003/1003/1003
f 987/987/987 1003/1003/1003 988/988/988
f 988/988/988 1003/1003/1003 1004/1004/1004
f 988/988/988 1004/1004/1004 991/991/991
f 998/998/998 1000/1000/1000 1005/1005/1005
f 998/998/998 1005/1005/1005 1003/1003/1003
f 1003/1003/1003 1005/1005/1005 1006/1006/1006
f 1003/1003/1003 1006/1006/1006 1004/1004/1004
f 1007/1007/1007 1008/1008/1008 1009/1009/1009
f 1007/1007/1007 1009/1009/1009 1010/1010/1010
f 1010/1010/1010 1009/1009/1009 1005/1005/1005
f 1010/1010/1010 1005/1005/1005 1000/1000/1000
f 1008/1008/1008 1011/1011/1011 1012/1012/1012
f 1008/1008/1008 1012/1012/1012 1009/1009/1009
f 1009/1009/1009 1012/1012/1012 1006/1006/1006
f 1009/1009/1009 1006/1006/1006 1005/1005/1005
f 1007/1007/1007 1010/1010/1010 1013/1013/1013
f 1007/1007/1007 1013/1013/1013 1014/1014/1014
f 1014/1014/1014 1013/1013/1013 1015/1015/1015
f 1014/1014/1014 1015/1015/1015 1016/1016/1016
f 1010/1010/1010 1000/1000/1000 999/999/999
f 1010/1010/1010 999/999/999 1013/1013/1013
f 1013/1013/1013 999/999/999 1002/1002/1002
f 1013/1013/1013 1002/1002/1002 1015/1015/1015
f 1007/1007/1007 1014/1014/1014 1017/1017/1017
f 1007/1007/1007 1017/1017/1017 1018/1018/1018
f 1018/1018/1018 1017/1017/1017 270/270/270
f 1018/1018/1018 270/270/270 265/265/265
f 1014/1014/1014 1016/1016/1016 1019/1019/1019
f 1014/1014/1014 1019/1019/1019 1017/1017/1017
f 1017/1017/1017 1019/1019/1019 271/271/271
f 1017/1017/1017 271/271/271 270/270/270
f 1007/1007/1007 1018/1018/1018 1020/1020/1020
f 1007/1007/1007 1020/1020/1020 1008/1008/1008
f 1008/1008/1008 1020/1020/1020 1021/1021/1021
f 1008/1008/1008 1021/1021/1021 1011/1011/1011
f 1018/1018/1018 265/265/265 264/264/264
f 1018/1018/1018 264/264/264 1020/1020/1020
f 1020/1020/1020 264/264/264 193/193/193
f 1020/1020/1020 193/193/193 1021/1021/1021
f 1022/1022/1022 1023/1023/1023 1024/1024/1024
f 1022/1022/1022 1024/1024/1024 1025/1025/1025
f 1025/1025/1025 1024/1024/1024 940/940/940
f 1025/1025/1025 940/940/940 939/939/939
f 1023/1023/1023 996/996/996 995/995/995
f 1023/1023/1023 995/995/995 1024/1024/1024
f 1024/1024/1024 995/995/995 934/934/934
f 1024/1024/1024 934/934/934 940/940/940
f 1022/1022/1022 1025/1025/1025 1026/1026/1026
f 1022/1022/1022 1026/1026/1026 1027/1027/1027
f 1027/1027/1027 1026/1026/1026 1028/1028/1028
f 1027/1027/1027 1028/1028/1028 1029/1029/1029
f 1025/1025/1025 939/939/939 952/952/952
f 1025/1025/1025 952/952/952 1026/1026/1026
f 1026/1026/1026 952/952/952 954/954/954
f 1026/1026/1026 954/954/954 1028/1028/1028
f 1022/1022/1022 1027/1027/1027 1030/1030/1030
f 1022/1022/1022 1030/1030/1030 1031/1031/1031
f 1031/1031/1031 1030/1030/1030 1032/1032/1032
f 1031/1031/1031 1032/1032/1032 1033/1033/1033
f 1027/1027/1027 1029/1029/1029 1034/1034/1034
f 1027/1027/1027 1034/1034/1034 1030/1030/1030
f 1030/1030/1030 1034/1034/1034 1035/1035/1035
f 1030/1030/1030 1035/1035/1035 1032/1032/1032
f 1022/1022/1022 1031/1031/1031 1036/1036/1036
f 1022/1022/1022 1036/1036/1036 1023/1023/1023
f 1023/1023/1023 1036/1036/1036 1001/1001/1001
f 1023/1023/1023 1001/1001/1001 996/996/996
f 1031/1031/1031 1033/1033/1033 1037/1037/1037
f 1031/1031/1031 1037/1037/1037 1036/1036/1036
f 1036/1036/1036 1037/1037/1037 1002/1002/1002
f 1036/1036/1036 1002/1002/1002 1001/1001/1001
f 1038/1038/1038 1039/1039/1039 1040/1040/1040
f 1038/1038/1038 1040/1040/1040 1041/1041/1041
f 1041/1041/1041 1040/1040/1040 1037/1037/1037
f 1041/1041/1041 1037/1037/1037 1033/1033/1033
f 1039/1039/1039 1016/1016/1016 1015/1015/1015
f 1039/1039/1039 1015/1015/1015 1040/1040/1040
f 1040/1040/1040 1015/1015/1015 1002/1002/1002
f 1040/1040/1040 1002/1002/1002 1037/1037/1037
f 1038/1038/1038 1041/1041/1041 1042/1042/1042
f 1038/1038/1038 1042/1042/1042 1043/1043/1043
f 1043/1043/1043 1042/1042/1042 1044/1044/1044
f 1043/1043/1043 1044/1044/1044 1045/1045/1045
f 1041/1041/1041 1033/1033/1033 1032/1032/1032
f 1041/1041/1041 1032/1032/1032 1042/1042/1042
f 1042/1042/1042 1032/1032/1032 1035/1035/1035
f 1042/1042/1042 1035/1035/1035 1044/1044/1044
f 1038/1038/1038 1043/1043/1043 1046/1046/1046
f 1038/1038/1038 1046/1046/1046 1047/1047/1047
f 1047/1047/1047 1046/1046/1046 286/286/286
f 1047/1047/1047 286/286/286 281/281/281
f 1043/1043/1043 1045/1045/1045 1048/1048/1048
f 1043/1043/1043 1048/1048/1048 1046/1046/1046
f 1046/1046/1046 1048/1048/1048 287/287/287
f 1046/1046/1046 287/287/287 286/286/286
f 1038/1038/1038 1047/1047/1047 1049/1049/1049
f 1038/1038/1038 1049/1049/1049 1039/1039/1039
f 1039/1039/1039 1049/1049/1049 1019/1019/1019
f 1039/1039/1039 1019/1019/1019 1016/1016/1016
f 1047/1047/1047 281/281/281 280/280/280
f 1047/1047/1047 280/280/280 1049/1049/1049
f 1049/1049/1049 280/280/280 271/271/271
f 1049/1049/1049 271/271/271 1019/1019/1019
f 1050/1050/1050 1051/1051/1051 1052/1052/1052
f 1050/1050/1050 1052/1052/1052 1053/1053/1053
f 1053/1053/1053 1052/1052/1052 992/992/992
f 1053/1053/1053 992/992/992 991/991/991
f 1051/1051/1051 839/839/839 838/838/838
f 1051/1051/1051 838/838/838 1052/1052/1052
f 1052/1052/1052 838/838/838 842/842/842
f 1052/1052/1052 842/842/842 992/992/992
f 1050/1050/1050 1053/1053/1053 1054/1054/1054
f 1050/1050/1050 1054/1054/1054 1055/1055/1055
f 1055/1055/1055 1054/1054/1054 1056/1056/1056
f 1055/1055/1055 1056/1056/1056 1057/1057/1057
f 1053/1053/1053 991/991/991 1004/1004/1004
f 1053/1053/1053 1004/1004/1004 1054/1054/1054
f 1054/1054/1054 1004/1004/1004 1006/1006/1006
f 1054/1054/1054 1006/1006/1006 1056/1056/1056
f 1050/1050/1050 1055/1055/1055 1058/1058/1058
f 1050/1050/1050 1058/1058/1058 1059/1059/1059
f 1059/1059/1059 1058/1058/1058 1060/1060/1060
f 1059/1059/1059 1060/1060/1060 1061/1061/1061
f 1055/1055/1055 1057/1057/1057 1062/1062/1062
f 1055/1055/1055 1062/1062/1062 1058/1058/1058
f 1058/1058/1058 1062/1062/1062 1063/1063/1063
f 1058/1058/1058 1063/1063/1063 1060/1060/1060
f 1050/1050/1050 1059/1059/1059 1064/1064/1064
f 1050/1050/1050 1064/1064/1064 1051/1051/1051
f 1051/1051/1051 1064/1064/1064 847/847/847
f 1051/1051/1051 847/847/847 839/839/839
f 1059/1059/1059 1061/1061/1061 1065/1065/1065
f 1059/1059/1059 1065/1065/1065 1064/1064/1064
f 1064/1064/1064 1065/1065/1065 848/848/848
f 1064/1064/1064 848/848/848 847/847/847
f 1066/1066/1066 1067/1067/1067 1068/1068/1068
f 1066/1066/1066 1068/1068/1068 1069/1069/1069
f 1069/1069/1069 1068/1068/1068 1065/1065/1065
f 1069/1069/1069 1065/1065/1065 1061/1061/1061
f 1067/1067/1067 884/884/884 883/883/883
f 1067/1067/1067 883/883/883 1068/1068/1068
f 1068/1068/1068 883/883/883 848/848/848
f 1068/1068/1068 848/848/848 1065/1065/1065
f 1066/1066/1066 1069/1069/1069 1070/1070/1070
f 1066/1066/1066 1070/1070/1070 1071/1071/1071
f 1071/1071/1071 1070/1070/1070 1072/1072/1072
f 1071/1071/1071 1072/1072/1072 1073/1073/1073
f 1069/1069/1069 1061/1061/1061 1060/1060/1060
f 1069/1069/1069 1060/1060/1060 1070/1070/1070
f 1070/1070/1070 1060/1060/1060 1063/1063/1063
f 1070/1070/1070 1063/1063/1063 1072/1072/1072
f 1066/1066/1066 1071/1071/1071 1074/1074/1074
f 1066/1066/1066 1074/1074/1074 1075/1075/1075
f 1075/1075/1075 1074/1074/1074 1076/1076/1076
f 1075/1075/1075 1076/1076/1076 1077/1077/1077
f 1071/1071/1071 1073/1073/1073 1078/1078/1078
f 1071/1071/1071 1078/1078/1078 1074/1074/1074
f 1074/1074/1074 1078/1078/1078 1079/1079/1079
f 1074/1074/1074 1079/1079/1079 1076/1076/1076
f 1066/1066/1066 1075/1075/1075 1080/1080/1080
f 1066/1066/1066 1080/1080/1080 1067/1067/1067
f 1067/1067/1067 1080/1080/1080 889/889/889
f 1067/1067/1067 889/889/889 884/884/884
f 1075/1075/1075 1077/1077/1077 1081/1081/1081
f 1075/1075/1075 1081/1081/1081 1080/1080/1080
f 1080/1080/1080 1081/1081/1081 890/890/890
f 1080/1080/1080 890/890/890 889/889/889
f 1082/1082/1082 1083/1083/1083 1084/1084/1084
f 1082/1082/1082 1084/1084/1084 1085/1085/1085
f 1085/1085/1085 1084/1084/1084 1012/1012/1012
f 1085/1085/1085 1012/1012/1012 1011/1011/1011
f 1083/1083/1083 1057/1057/1057 1056/1056/1056
f 1083/1083/1083 1056/1056/1056 1084/1084/1084
f 1084/1084/1084 1056/1056/1056 1006/1006/1006
f 1084/1084/1084 1006/1006/1006 1012/1012/1012
f 1082/1082/1082 1085/1085/1085 1086/1086/1086
f 1082/1082/1082 1086/1086/1086 1087/1087/1087
f 1087/1087/1087 1086/1086/1086 192/192/192
f 1087/1087/1087 192/192/192 187/187/187
f 1085/1085/1085 1011/1011/1011 1021/1021/1021
f 1085/1085/1085 1021/1021/1021 1086/1086/1086
f 1086/1086/1086 1021/1021/1021 193/193/193
f 1086/1086/1086 193/193/193 192/192/192
f 1082/1082/1082 1087/1087/1087 1088/1088/1088
f 1082/1082/1082 1088/1088/1088 1089/1089/1089
f 1089/1089/1089 1088/1088/1088 1090/1090/1090
f 1089/1089/1089 1090/1090/1090 1091/1091/1091
f 1087/1087/1087 187/187/187 186/186/186
f 1087/1087/1087 186/186/186 1088/1088/1088
f 1088/1088/1088 186/186/186 189/189/189
f 1088/1088/1088 189/189/189 1090/1090/1090
f 1082/1082/1082 1089/1089/1089 1092/1092/1092
f 1082/1082/1082 1092/1092/1092 1083/1083/1083
f 1083/1083/1083 1092/1092/1092 1062/1062/1062
f 1083/1083/1083 1062/1062/1062 1057/1057/1057
f 1089/1089/1089 1091/1091/1091 1093/1093/1093
f 1089/1089/1089 1093/1093/1093 1092/1092/1092
f 1092/1092/1092 1093/1093/1093 1063/1063/1063
f 1092/1092/1092 1063/1063/1063 1062/1062/1062
f 1094/1094/1094 1095/1095/1095 1096/1096/1096
f 1094/1094/1094 1096/1096/1096 1097/1097/1097
f 1097/1097/1097 1096/1096/1096 1093/1093/1093
f 1097/1097/1097 1093/1093/1093 1091/1091/1091
f 1095/1095/1095 1073/1073/1073 1072/1072/1072
f 1095/1095/1095 1072/1072/1072 1096/1096/1096
f 1096/1096/1096 1072/1072/1072 1063/1063/1063
f 1096/1096/1096 1063/1063/1063 1093/1093/1093
f 1094/1094/1094 1097/1097/1097 1098/1098/1098
f 1094/1094/1094 1098/1098/1098 1099/1099/1099
f 1099/1099/1099 1098/1098/1098 225/225/225
f 1099/1099/1099 225/225/225 221/221/221
f 1097/1097/1097 1091/1091/1091 1090/1090/1090
f 1097/1097/1097 1090/1090/1090 1098/1098/1098
f 1098/1098/1098 1090/1090/1090 189/189/189
f 1098/1098/1098 189/189/189 225/225/225
f 1094/1094/1094 1099/1099/1099 1100/1100/1100
f 1094/1094/1094 1100/1100/1100 1101/1101/1101
f 1101/1101/1101 1100/1100/1100 1102/1102/1102
f 1101/1101/1101 1102/1102/1102 1103/1103/1103
f 1099/1099/1099 221/221/221 220/220/220
f 1099/1099/1099 220/220/220 1100/1100/1100
f 1100/1100/1100 220/220/220 223/223/223
f 1100/1100/1100 223/223/223 1102/1102/1102
f 1094/1094/1094 1101/1101/1101 1104/1104/1104
f 1094/1094/1094 1104/1104/1104 1095/1095/1095
f 1095/1095/1095 1104/1104/1104 1078/1078/1078
f 1095/1095/1095 1078/1078/1078 1073/1073/1073
f 1101/1101/1101 1103/1103/1103 1105/1105/1105
f 1101/1101/1101 1105/1105/1105 1104/1104/1104
f 1104/1104/1104 1105/1105/1105 1079/1079/1079
f 1104/1104/1104 1079/1079/1079 1078/1078/1078
f 1106/1106/1106 1107/1107/1107 1108/1108/1108
f 1106/1106/1106 1108/1108/1108 1109/1109/1109
f 1109/1109/1109 1108/1108/1108 1110/1110/1110
f 1109/1109/1109 1110/1110/1110 1111/1111/1111
f 1107/1107/1107 1112/1112/1112 1113/1113/1113
f 1107/1107/1107 1113/1113/1113 1108/1108/1108
f 1108/1108/1108 1113/1113/1113 1114/1114/1114
f 1108/1108/1108 1114/1114/1114 1110/1110/1110
f 1106/1106/1106 1109/1109/1109 1115/1115/1115
f 1106/1106/1106 1115/1115/1115 1116/1116/1116
f 1116/1116/1116 1115/1115/1115 1117/1117/1117
f 1116/1116/1116 1117/1117/1117 1118/1118/1118
f 1109/1109/1109 1111/1111/1111 1119/1119/1119
f 1109/1109/1109 1119/1119/1119 1115/1115/1115
f 1115/1115/1115 1119/1119/1119 1120/1120/1120
f 1115/1115/1115 1120/1120/1120 1117/1117/1117
f 1106/1106/1106 1116/1116/1116 1121/1121/1121
f 1106/1106/1106 1121/1121/1121 1122/1122/1122
f 1122/1122/1122 1121/1121/1121 1123/1123/1123
f 1122/1122/1122 1123/1123/1123 1124/1124/1124
f 1116/1116/1116 1118/1118/1118 1125/1125/1125
f 1116/1116/1116 1125/1125/1125 1121/1121/1121
f 1121/1121/1121 1125/1125/1125 1126/1126/1126
f 1121/1121/1121 1126/1126/1126 1123/1123/1123
f 1106/1106/1106 1122/1122/1122 1127/1127/1127
f 1106/1106/1106 1127/1127/1127 1107/1107/1107
f 1107/1107/1107 1127/1127/1127 1128/1128/1128
f 1107/1107/1107 1128/1128/1128 1112/1112/1112
f 1122/1122/1122 1124/1124/1124 1129/1129/1129
f 1122/1122/1122 1129/1129/1129 1127/1127/1127
f 1127/1127/1127 1129/1129/1129 1130/1130/1130
f 1127/1127/1127 1130/1130/1130 1128/1128/1128
f 1131/1131/1131 1132/1132/1132 1133/1133/1133
f 1131/1131/1131 1133/1133/1133 1134/1134/1134
f 1134/1134/1134 1133/1133/1133 1129/1129/1129
f 1134/1134/1134 1129/1129/1129 1124/1124/1124
f 1132/1132/1132 1135/1135/1135 1136/1136/1136
f 1132/1132/1132 1136/1136/1136 1133/1133/1133
f 1133/1133/1133 1136/1136/1136 1130/1130/1130
f 1133/1133/1133 1130/1130/1130 1129/1129/1129
f 1131/1131/1131 1134/1134/1134 1137/1137/1137
f 1131/1131/1131 1137/1137/1137 1138/1138/1138
f 1138/1138/1138 1137/1137/1137 1139/1139/1139
f 1138/1138/1138 1139/1139/1139 1140/1140/1140
f 1134/1134/1134 1124/1124/1124 1123/1123/1123
f 1134/1134/1134 1123/1123/1123 1137/1137/1137
f 1137/1137/1137 1123/1123/1123 1126/1126/1126
f 1137/1137/1137 1126/1126/1126 1139/1139/1139
f 1131/1131/1131 1138/1138/1138 1141/1141/1141
f 1131/1131/1131 1141/1141/1141 1142/1142/1142
f 1142/1142/1142 1141/1141/1141 1143/1143/1143
f 1142/1142/1142 1143/1143/1143 1144/1144/1144
f 1138/1138/1138 1140/1140/1140 1145/1145/1145
f 1138/1138/1138 1145/1145/1145 1141/1141/1141
f 1141/1141/1141 1145/1145/1145 1146/1146/1146
f 1141/1141/1141 1146/1146/1146 1143/1143/1143
f 1131/1131/1131 1142/1142/1142 1147/1147/1147
f 1131/1131/1131 1147/1147/1147 1132/1132/1132
f 1132/1132/1132 1147/1147/1147 1148/1148/1148
f 1132/1132/1132 1148/1148/1148 1135/1135/1135
f 1142/1142/1142 1144/1144/1144 1149/1149/1149
f 1142/1142/1142 1149/1149/1149 1147/1147/1147
f 1147/1147/1147 1149/1149/1149 1150/1150/1150
f 1147/1147/1147 1150/1150/1150 1148/1148/1148
f 1151/1151/1151 1152/1152/1152 1153/1153/1153
f 1151/1151/1151 1153/1153/1153 1154/1154/1154
f 1154/1154/1154 1153/1153/1153 1155/1155/1155
f 1154/1154/1154 1155/1155/1155 1156/1156/1156
f 1152/1152/1152 1118/1118/1118 1117/1117/1117
f 1152/1152/1152 1117/1117/1117 1153/1153/1153
f 1153/1153/1153 1117/1117/1117 1120/1120/1120
f 1153/1153/1153 1120/1120/1120 1155/1155/1155
f 1151/1151/1151 1154/1154/1154 1157/1157/1157
f 1151/1151/1151 1157/1157/1157 1158/1158/1158
f 1158/1158/1158 1157/1157/1157 953/953/953
f 1158/1158/1158 953/953/953 948/948/948
f 1154/1154/1154 1156/1156/1156 1159/1159/1159
f 1154/1154/1154 1159/1159/1159 1157/1157/1157
f 1157/1157/1157 1159/1159/1159 954/954/954
f 1157/1157/1157 954/954/954 953/953/953
f 1151/1151/1151 1158/1158/1158 1160/1160/1160
f 1151/1151/1151 1160/1160/1160 1161/1161/1161
f 1161/1161/1161 1160/1160/1160 1162/1162/1162
f 1161/1161/1161 1162/1162/1162 1163/1163/1163
f 1158/1158/1158 948/948/948 947/947/947
f 1158/1158/1158 947/947/947 1160/1160/1160
f 1160/1160/1160 947/947/947 950/950/950
f 1160/1160/1160 950/950/950 1162/1162/1162
f 1151/1151/1151 1161/1161/1161 1164/1164/1164
f 1151/1151/1151 1164/1164/1164 1152/1152/1152
f 1152/1152/1152 1164/1164/1164 1125/1125/1125
f 1152/1152/1152 1125/1125/1125 1118/1118/1118
f 1161/1161/1161 1163/1163/1163 1165/1165/1165
f 1161/1161/1161 1165/1165/1165 1164/1164/1164
f 1164/1164/1164 1165/1165/1165 1126/1126/1126
f 1164/1164/1164 1126/1126/1126 1125/1125/1125
f 1166/1166/1166 1167/1167/1167 1168/1168/1168
f 1166/1166/1166 1168/1168/1168 1169/1169/1169
f 1169/1169/1169 1168/1168/1168 1165/1165/1165
f 1169/1169/1169 1165/1165/1165 1163/1163/1163
f 1167/1167/1167 1140/1140/1140 1139/1139/1139
f 1167/1167/1167 1139/1139/1139 1168/1168/1168
f 1168/1168/1168 1139/1139/1139 1126/1126/1126
f 1168/1168/1168 1126/1126/1126 1165/1165/1165
f 1166/1166/1166 1169/1169/1169 1170/1170/1170
f 1166/1166/1166 1170/1170/1170 1171/1171/1171
f 1171/1171/1171 1170/1170/1170 986/986/986
f 1171/1171/1171 986/986/986 982/982/982
f 1169/1169/1169 1163/1163/1163 1162/1162/1162
f 1169/1169/1169 1162/1162/1162 1170/1170/1170
f 1170/1170/1170 1162/1162/1162 950/950/950
f 1170/1170/1170 950/950/950 986/986/986
f 1166/1166/1166 1171/1171/1171 1172/1172/1172
f 1166/1166/1166 1172/1172/1172 1173/1173/1173
f 1173/1173/1173 1172/1172/1172 1174/1174/1174
f 1173/1173/1173 1174/1174/1174 1175/1175/1175
f 1171/1171/1171 982/982/982 981/981/981
f 1171/1171/1171 981/981/981 1172/1172/1172
f 1172/1172/1172 981/981/981 984/984/984
f 1172/1172/1172 984/984/984 1174/1174/1174
f 1166/1166/1166 1173/1173/1173 1176/1176/1176
f 1166/1166/1166 1176/1176/1176 1167/1167/1167
f 1167/1167/1167 1176/1176/1176 1145/1145/1145
f 1167/1167/1167 1145/1145/1145 1140/1140/1140
f 1173/1173/1173 1175/1175/1175 1177/1177/1177
f 1173/1173/1173 1177/1177/1177 1176/1176/1176
f 1176/1176/1176 1177/1177/1177 1146/1146/1146
f 1176/1176/1176 1146/1146/1146 1145/1145/1145
f 1178/1178/1178 1179/1179/1179 1180/1180/1180
f 1178/1178/1178 1180/1180/1180 1181/1181/1181
f 1181/1181/1181 1180/1180/1180 1113/1113/1113
f 1181/1181/1181 1113/1113/1113 1112/1112/1112
f 1179/1179/1179 1182/1182/1182 1183/1183/1183
f 1179/1179/1179 1183/1183/1183 1180/1180/1180
f 1180/1180/1180 1183/1183/1183 1114/1114/1114
f 1180/1180/1180 1114/1114/1114 1113/1113/1113
f 1178/1178/1178 1181/1181/1181 1184/1184/1184
f 1178/1178/1178 1184/1184/1184 1185/1185/1185
f 1185/1185/1185 1184/1184/1184 1186/1186/1186
f 1185/1185/1185 1186/1186/1186 1187/1187/1187
f 1181/1181/1181 1112/1112/1112 1128/1128/1128
f 1181/1181/1181 1128/1128/1128 1184/1184/1184
f 1184/1184/1184 1128/1128/1128 1130/1130/1130
f 1184/1184/1184 1130/1130/1130 1186/1186/1186
f 1178/1178/1178 1185/1185/1185 1188/1188/1188
f 1178/1178/1178 1188/1188/1188 1189/1189/1189
f 1189/1189/1189 1188/1188/1188 1190/1190/1190
f 1189/1189/1189 1190/1190/1190 1191/1191/1191
f 1185/1185/1185 1187/1187/1187 1192/1192/1192
f 1185/1185/1185 1192/1192/1192 1188/1188/1188
f 1188/1188/1188 1192/1192/1192 1193/1193/1193
f 1188/1188/1188 1193/1193/1193 1190/1190/1190
f 1178/1178/1178 1189/1189/1189 1194/1194/1194
f 1178/1178/1178 1194/1194/1194 1179/1179/1179
f 1179/1179/1179 1194/1194/1194 1195/1195/1195
f 1179/1179/1179 1195/1195/1195 1182/1182/1182
f 1189/1189/1189 1191/1191/1191 1196/1196/1196
f 1189/1189/1189 1196/1196/1196 1194/1194/1194
f 1194/1194/1194 1196/1196/1196 1197/1197/1197
f 1194/1194/1194 1197/1197/1197 1195/1195/1195
f 1198/1198/1198 1199/1199/1199 1200/1200/1200
f 1198/1198/1198 1200/1200/1200 1201/1201/1201
f 1201/1201/1201 1200/1200/1200 1196/1196/1196
f 1201/1201/1201 1196/1196/1196 1191/1191/1191
f 1199/1199/1199 1202/1202/1202 1203/1203/1203
f 1199/1199/1199 1203/1203/1203 1200/1200/1200
f 1200/1200/1200 1203/1203/1203 1197/1197/1197
f 1200/1200/1200 1197/1197/1197 1196/1196/1196
f 1198/1198/1198 1201/1201/1201 1204/1204/1204
f 1198/1198/1198 1204/1204/1204 1205/1205/1205
f 1205/1205/1205 1204/1204/1204 1206/1206/1206
f 1205/1205/1205 1206/1206/1206 1207/1207/1207
f 1201/1201/1201 1191/1191/1191 1190/1190/1190
f 1201/1201/1201 1190/1190/1190 1204/1204/1204
f 1204/1204/1204 1190/1190/1190 1193/1193/1193
f 1204/1204/1204 1193/1193/1193 1206/1206/1206
f 1198/1198/1198 1205/1205/1205 1208/1208/1208
f 1198/1198/1198 1208/1208/1208 1209/1209/1209
f 1209/1209/1209 1208/1208/1208 1210/1210/1210
f 1209/1209/1209 1210/1210/1210 1211/1211/1211
f 1205/1205/1205 1207/1207/1207 1212/1212/1212
f 1205/1205/1205 1212/1212/1212 1208/1208/1208
f 1208/1208/1208 1212/1212/1212 1213/1213/1213
f 1208/1208/1208 1213/1213/1213 1210/1210/1210
f 1198/1198/1198 1209/1209/1209 1214/1214/1214
f 1198/1198/1198 1214/1214/1214 1199/1199/1199
f 1199/1199/1199 1214/1214/1214 1215/1215/1215
f 1199/1199/1199 1215/1215/1215 1202/1202/1202
f 1209/1209/1209 1211/1211/1211 1216/1216/1216
f 1209/1209/1209 1216/1216/1216 1214/1214/1214
f 1214/1214/1214 1216/1216/1216 1217/1217/1217
f 1214/1214/1214 1217/1217/1217 1215/1215/1215
f 1218/1218/1218 1219/1219/1219 1220/1220/1220
f 1218/1218/1218 1220/1220/1220 1221/1221/1221
f 1221/1221/1221 1220/1220/1220 1136/1136/1136
f 1221/1221/1221 1136/1136/1136 1135/1135/1135
f 1219/1219/1219 1187/1187/1187 1186/1186/1186
f 1219/1219/1219 1186/1186/1186 1220/1220/1220
f 1220/1220/1220 1186/1186/1186 1130/1130/1130
f 1220/1220/1220 1130/1130/1130 1136/1136/1136
f 1218/1218/1218 1221/1221/1221 1222/1222/1222
f 1218/1218/1218 1222/1222/1222 1223/1223/1223
f 1223/1223/1223 1222/1222/1222 1224/1224/1224
f 1223/1223/1223 1224/1224/1224 1225/1225/1225
f 1221/1221/1221 1135/1135/1135 1148/1148/1148
f 1221/1221/1221 1148/1148/1148 1222/1222/1222
f 1222/1222/1222 1148/1148/1148 1150/1150/1150
f 1222/1222/1222 1150/1150/1150 1224/1224/1224
f 1218/1218/1218 1223/1223/1223 1226/1226/1226
f 1218/1218/1218 1226/1226/1226 1227/1227/1227
f 1227/1227/1227 1226/1226/1226 1228/1228/1228
f 1227/1227/1227 1228/1228/1228 1229/1229/1229
f 1223/1223/1223 1225/1225/1225 1230/1230/1230
f 1223/1223/1223 1230/1230/1230 1226/1226/1226
f 1226/1226/1226 1230/1230/1230 1231/1231/1231
f 1226/1226/1226 1231/1231/1231 1228/1228/1228
f 1218/1218/1218 1227/1227/1227 1232/1232/1232
f 1218/1218/1218 1232/1232/1232 1219/1219/1219
f 1219/1219/1219 1232/1232/1232 1192/1192/1192
f 1219/1219/1219 1192/1192/1192 1187/1187/1187
f 1227/1227/1227 1229/1229/1229 1233/1233/1233
f 1227/1227/1227 1233/1233/1233 1232/1232/1232
f 1232/1232/1232 1233/1233/1233 1193/1193/1193
f 1232/1232/1232 1193/1193/1193 1192/1192/1192
f 1234/1234/1234 1235/1235/1235 1236/1236/1236
f 1234/1234/1234 1236/1236/1236 1237/1237/1237
f 1237/1237/1237 1236/1236/1236 1233/1233/1233
f 1237/1237/1237 1233/1233/1233 1229/1229/1229
f 1235/1235/1235 1207/1207/1207 1206/1206/1206
f 1235/1235/1235 1206/1206/1206 1236/1236/1236
f 1236/1236/1236 1206/1206/1206 1193/1193/1193
f 1236/1236/1236 1193/1193/1193 1233/1233/1233
f 1234/1234/1234 1237/1237/1237 1238/1238/1238
f 1234/1234/1234 1238/1238/1238 1239/1239/1239
f 1239/1239/1239 1238/1238/1238 1240/1240/1240
f 1239/1239/1239 1240/1240/1240 1241/1241/1241
f 1237/1237/1237 1229/1229/1229 1228/1228/1228
f 1237/1237/1237 1228/1228/1228 1238/1238/1238
f 1238/1238/1238 1228/1228/1228 1231/1231/1231
f 1238/1238/1238 1231/1231/1231 1240/1240/1240
f 1234/1234/1234 1239/1239/1239 1242/1242/1242
f 1234/1234/1234 1242/1242/1242 1243/1243/1243
f 1243/1243/1243 1242/1242/1242 1244/1244/1244
f 1243/1243/1243 1244/1244/1244 1245/1245/1245
f 1239/1239/1239 1241/1241/1241 1246/1246/1246
f 1239/1239/1239 1246/1246/1246 1242/1242/1242
f 1242/1242/1242 1246/1246/1246 1247/1247/1247
f 1242/1242/1242 1247/1247/1247 1244/1244/1244
f 1234/1234/1234 1243/1243/1243 1248/1248/1248
f 1234/1234/1234 1248/1248/1248 1235/1235/1235
f 1235/1235/1235 1248/1248/1248 1212/1212/1212
f 1235/1235/1235 1212/1212/1212 1207/1207/1207
f 1243/1243/1243 1245/1245/1245 1249/1249/1249
f 1243/1243/1243 1249/1249/1249 1248/1248/1248
f 1248/1248/1248 1249/1249/1249 1213/1213/1213
f 1248/1248/1248 1213/1213/1213 1212/1212/1212
f 1250/1250/1250 1251/1251/1251 1252/1252/1252
f 1250/1250/1250 1252/1252/1252 1253/1253/1253
f 1253/1253/1253 1252/1252/1252 1183/1183/1183
f 1253/1253/1253 1183/1183/1183 1182/1182/1182
f 1251/1251/1251 1254/1254/1254 1255/1255/1255
f 1251/1251/1251 1255/1255/1255 1252/1252/1252
f 1252/1252/1252 1255/1255/1255 1114/1114/1114
f 1252/1252/1252 1114/1114/1114 1183/1183/1183
f 1250/1250/1250 1253/1253/1253 1256/1256/1256
f 1250/1250/1250 1256/1256/1256 1257/1257/1257
f 1257/1257/1257 1256/1256/1256 1258/1258/1258
f 1257/1257/1257 1258/1258/1258 1259/1259/1259
f 1253/1253/1253 1182/1182/1182 1195/1195/1195
f 1253/1253/1253 1195/1195/1195 1256/1256/1256
f 1256/1256/1256 1195/1195/1195 1197/1197/1197
f 1256/1256/1256 1197/1197/1197 1258/1258/1258
f 1250/1250/1250 1257/1257/1257 1260/1260/1260
f 1250/1250/1250 1260/1260/1260 1261/1261/1261
f 1261/1261/1261 1260/1260/1260 1262/1262/1262
f 1261/1261/1261 1262/1262/1262 1263/1263/1263
f 1257/1257/1257 1259/1259/1259 1264/1264/1264
f 1257/1257/1257 1264/1264/1264 1260/1260/1260
f 1260/1260/1260 1264/1264/1264 1265/1265/1265
f 1260/1260/1260 1265/1265/1265 1262/1262/1262
f 1250/1250/1250 1261/1261/1261 1266/1266/1266
f 1250/1250/1250 1266/1266/1266 1251/1251/1251
f 1251/1251/1251 1266/1266/1266 1267/1267/1267
f 1251/1251/1251 1267/1267/1267 1254/1254/1254
f 1261/1261/1261 1263/1263/1263 1268/1268/1268
f 1261/1261/1261 1268/1268/1268 1266/1266/1266
f 1266/1266/1266 1268/1268/1268 1269/1269/1269
f 1266/1266/1266 1269/1269/1269 1267/1267/1267
f 1270/1270/1270 1271/1271/1271 1272/1272/1272
f 1270/1270/1270 1272/1272/1272 1273/1273/1273
f 1273/1273/1273 1272/1272/1272 1268/1268/1268
f 1273/1273/1273 1268/1268/1268 1263/1263/1263
f 1271/1271/1271 1274/1274/1274 1275/1275/1275
f 1271/1271/1271 1275/1275/1275 1272/1272/1272
f 1272/1272/1272 1275/1275/1275 1269/1269/1269
f 1272/1272/1272 1269/1269/1269 1268/1268/1268
f 1270/1270/1270 1273/1273/1273 1276/1276/1276
f 1270/1270/1270 1276/1276/1276 1277/1277/1277
f 1277/1277/1277 1276/1276/1276 1278/1278/1278
f 1277/1277/1277 1278/1278/1278 1279/1279/1279
f 1273/1273/1273 1263/1263/1263 1262/1262/1262
f 1273/1273/1273 1262/1262/1262 1276/1276/1276
f 1276/1276/1276 1262/1262/1262 1265/1265/1265
f 1276/1276/1276 1265/1265/1265 1278/1278/1278
f 1270/1270/1270 1277/1277/1277 1280/1280/1280
f 1270/1270/1270 1280/1280/1280 1281/1281/1281
f 1281/1281/1281 1280/1280/1280 414/414/414
f 1281/1281/1281 414/414/414 409/409/409
f 1277/1277/1277 1279/1279/1279 1282/1282/1282
f 1277/1277/1277 1282/1282/1282 1280/1280/1280
f 1280/1280/1280 1282/1282/1282 415/415/415
f 1280/1280/1280 415/415/415 414/414/414
f 1270/1270/1270 1281/1281/1281 1283/1283/1283
f 1270/1270/1270 1283/1283/1283 1271/1271/1271
f 1271/1271/1271 1283/1283/1283 1284/1284/1284
f 1271/1271/1271 1284/1284/1284 1274/1274/1274
f 1281/1281/1281 409/409/409 408/408/408
f 1281/1281/1281 408/408/408 1283/1283/1283
f 1283/1283/1283 408/408/408 334/334/334
f 1283/1283/1283 334/334/334 1284/1284/1284
f 1285/1285/1285 1286/1286/1286 1287/1287/1287
f 1285/1285/1285 1287/1287/1287 1288/1288/1288
f 1288/1288/1288 1287/1287/1287 1203/1203/1203
f 1288/1288/1288 1203/1203/1203 1202/1202/1202
f 1286/1286/1286 1259/1259/1259 1258/1258/1258
f 1286/1286/1286 1258/1258/1258 1287/1287/1287
f 1287/1287/1287 1258/1258/1258 1197/1197/1197
f 1287/1287/1287 1197/1197/1197 1203/1203/1203
f 1285/1285/1285 1288/1288/1288 1289/1289/1289
f 1285/1285/1285 1289/1289/1289 1290/1290/1290
f 1290/1290/1290 1289/1289/1289 1291/1291/1291
f 1290/1290/1290 1291/1291/1291 1292/1292/1292
f 1288/1288/1288 1202/1202/1202 1215/1215/1215
f 1288/1288/1288 1215/1215/1215 1289/1289/1289
f 1289/1289/1289 1215/1215/1215 1217/1217/1217
f 1289/1289/1289 1217/1217/1217 1291/1291/1291
f 1285/1285/1285 1290/1290/1290 1293/1293/1293
f 1285/1285/1285 1293/1293/1293 1294/1294/1294
f 1294/1294/1294 1293/1293/1293 1295/1295/1295
f 1294/1294/1294 1295/1295/1295 1296/1296/1296
f 1290/1290/1290 1292/1292/1292 1297/1297/1297
f 1290/1290/1290 1297/1297/1297 1293/1293/1293
f 1293/1293/1293 1297/1297/1297 1298/1298/1298
f 1293/1293/1293 1298/1298/1298 1295/1295/1295
f 1285/1285/1285 1294/1294/1294 1299/1299/1299
f 1285/1285/1285 1299/1299/1299 1286/1286/1286
f 1286/1286/1286 1299/1299/1299 1264/1264/1264
f 1286/1286/1286 1264/1264/1264 1259/1259/1259
f 1294/1294/1294 1296/1296/1296 1300/1300/1300
f 1294/1294/1294 1300/1300/1300 1299/1299/1299
f 1299/1299/1299 1300/1300/1300 1265/1265/1265
f 1299/1299/1299 1265/1265/1265 1264/1264/1264
f 1301/1301/1301 1302/1302/1302 1303/1303/1303
f 1301/1301/1301 1303/1303/1303 1304/1304/1304
f 1304/1304/1304 1303/1303/1303 1300/1300/1300
f 1304/1304/1304 1300/1300/1300 1296/1296/1296
f 1302/1302/1302 1279/1279/1279 1278/1278/1278
f 1302/1302/1302 1278/1278/1278 1303/1303/1303
f 1303/1303/1303 1278/1278/1278 1265/1265/1265
f 1303/1303/1303 1265/1265/1265 1300/1300/1300
f 1301/1301/1301 1304/1304/1304 1305/1305/1305
f 1301/1301/1301 1305/1305/1305 1306/1306/1306
f 1306/1306/1306 1305/1305/1305 1307/1307/1307
f 1306/1306/1306 1307/1307/1307 1308/1308/1308
f 1304/1304/1304 1296/1296/1296 1295/1295/1295
f 1304/1304/1304 1295/1295/1295 1305/1305/1305
f 1305/1305/1305 1295/1295/1295 1298/1298/1298
f 1305/1305/1305 1298/1298/1298 1307/1307/1307
f 1301/1301/1301 1306/1306/1306 1309/1309/1309
f 1301/1301/1301 1309/1309/1309 1310/1310/1310
f 1310/1310/1310 1309/1309/1309 430/430/430
f 1310/1310/1310 430/430/430 425/425/425
f 1306/1306/1306 1308/1308/1308 1311/1311/1311
f 1306/1306/1306 1311/1311/1311 1309/1309/1309
f 1309/1309/1309 1311/1311/1311 431/431/431
f 1309/1309/1309 431/431/431 430/430/430
f 1301/1301/1301 1310/1310/1310 1312/1312/1312
f 1301/1301/1301 1312/1312/1312 1302/1302/1302
f 1302/1302/1302 1312/1312/1312 1282/1282/1282
f 1302/1302/1302 1282/1282/1282 1279/1279/1279
f 1310/1310/1310 425/425/425 424/424/424
f 1310/1310/1310 424/424/424 1312/1312/1312
f 1312/1312/1312 424/424/424 415/415/415
f 1312/1312/1312 415/415/415 1282/1282/1282
f 1313/1313/1313 1314/1314/1314 1315/1315/1315
f 1313/1313/1313 1315/1315/1315 1316/1316/1316
f 1316/1316/1316 1315/1315/1315 1255/1255/1255
f 1316/1316/1316 1255/1255/1255 1254/1254/1254
f 1314/1314/1314 1111/1111/1111 1110/1110/1110
f 1314/1314/1314 1110/1110/1110 1315/1315/1315
f 1315/1315/1315 1110/1110/1110 1114/1114/1114
f 1315/1315/1315 1114/1114/1114 1255/1255/1255
f 1313/1313/1313 1316/1316/1316 1317/1317/1317
f 1313/1313/1313 1317/1317/1317 1318/1318/1318
f 1318/1318/1318 1317/1317/1317 1319/1319/1319
f 1318/1318/1318 1319/1319/1319 1320/1320/1320
f 1316/1316/1316 1254/1254/1254 1267/1267/1267
f 1316/1316/1316 1267/1267/1267 1317/1317/1317
f 1317/1317/1317 1267/1267/1267 1269/1269/1269
f 1317/1317/1317 1269/1269/1269 1319/1319/1319
f 1313/1313/1313 1318/1318/1318 1321/1321/1321
f 1313/1313/1313 1321/1321/1321 1322/1322/1322
f 1322/1322/1322 1321/1321/1321 1323/1323/1323
f 1322/1322/1322 1323/1323/1323 1324/1324/1324
f 1318/1318/1318 1320/1320/1320 1325/1325/1325
f 1318/1318/1318 1325/1325/1325 1321/1321/1321
f 1321/1321/1321 1325/1325/1325 1326/1326/1326
f 1321/1321/1321 1326/1326/1326 1323/1323/1323
f 1313/1313/1313 1322/1322/1322 1327/1327/1327
f 1313/1313/1313 1327/1327/1327 1314/1314/1314
f 1314/1314/1314 1327/1327/1327 1119/1119/1119
f 1314/1314/1314 1119/1119/1119 1111/1111/1111
f 1322/1322/1322 1324/1324/1324 1328/1328/1328
f 1322/1322/1322 1328/1328/1328 1327/1327/1327
f 1327/1327/1327 1328/1328/1328 1120/1120/1120
f 1327/1327/1327 1120/1120/1120 1119/1119/1119
f 1329/1329/1329 1330/1330/1330 1331/1331/1331
f 1329/1329/1329 1331/1331/1331 1332/1332/1332
f 1332/1332/1332 1331/1331/1331 1328/1328/1328
f 1332/1332/1332 1328/1328/1328 1324/1324/1324
f 1330/1330/1330 1156/1156/1156 1155/1155/1155
f 1330/1330/1330 1155/1155/1155 1331/1331/1331
f 1331/1331/1331 1155/1155/1155 1120/1120/1120
f 1331/1331/1331 1120/1120/1120 1328/1328/1328
f 1329/1329/1329 1332/1332/1332 1333/1333/1333
f 1329/1329/1329 1333/1333/1333 1334/1334/1334
f 1334/1334/1334 1333/1333/1333 1335/1335/1335
f 1334/1334/1334 1335/1335/1335 1336/1336/1336
f 1332/1332/1332 1324/1324/1324 1323/1323/1323
f 1332/1332/1332 1323/1323/1323 1333/1333/1333
f 1333/1333/1333 1323/1323/1323 1326/1326/1326
f 1333/1333/1333 1326/1326/1326 1335/1335/1335
f 1329/1329/1329 1334/1334/1334 1337/1337/1337
f 1329/1329/1329 1337/1337/1337 1338/1338/1338
f 1338/1338/1338 1337/1337/1337 1034/1034/1034
f 1338/1338/1338 1034/1034/1034 1029/1029/1029
f 1334/1334/1334 1336/1336/1336 1339/1339/1339
f 1334/1334/1334 1339/1339/1339 1337/1337/1337
f 1337/1337/1337 1339/1339/1339 1035/1035/1035
f 1337/1337/1337 1035/1035/1035 1034/1034/1034
f 1329/1329/1329 1338/1338/1338 1340/1340/1340
f 1329/1329/1329 1340/1340/1340 1330/1330/1330
f 1330/1330/1330 1340/1340/1340 1159/1159/1159
f 1330/1330/1330 1159/1159/1159 1156/1156/1156
f 1338/1338/1338 1029/1029/1029 1028/1028/1028
f 1338/1338/1338 1028/1028/1028 1340/1340/1340
f 1340/1340/1340 1028/1028/1028 954/954/954
f 1340/1340/1340 954/954/954 1159/1159/1159
f 1341/1341/1341 1342/1342/1342 1343/1343/1343
f 1341/1341/1341 1343/1343/1343 1344/1344/1344
f 1344/1344/1344 1343/1343/1343 1275/1275/1275
f 1344/1344/1344 1275/1275/1275 1274/1274/1274
f 1342/1342/1342 1320/1320/1320 1319/1319/1319
f 1342/1342/1342 1319/1319/1319 1343/1343/1343
f 1343/1343/1343 1319/1319/1319 1269/1269/1269
f 1343/1343/1343 1269/1269/1269 1275/1275/1275
f 1341/1341/1341 1344/1344/1344 1345/1345/1345
f 1341/1341/1341 1345/1345/1345 1346/1346/1346
f 1346/1346/1346 1345/1345/1345 333/333/333
f 1346/1346/1346 333/333/333 328/328/328
f 1344/1344/1344 1274/1274/1274 1284/1284/1284
f 1344/1344/1344 1284/1284/1284 1345/1345/1345
f 1345/1345/1345 1284/1284/1284 334/334/334
f 1345/1345/1345 334/334/334 333/333/333
f 1341/1341/1341 1346/1346/1346 1347/1347/1347
f 1341/1341/1341 1347/1347/1347 1348/1348/1348
f 1348/1348/1348 1347/1347/1347 1349/1349/1349
f 1348/1348/1348 1349/1349/1349 1350/1350/1350
f 1346/1346/1346 328/328/328 327/327/327
f 1346/1346/1346 327/327/327 1347/1347/1347
f 1347/1347/1347 327/327/327 330/330/330
f 1347/1347/1347 330/330/330 1349/1349/1349
f 1341/1341/1341 1348/1348/1348 1351/1351/1351
f 1341/1341/1341 1351/1351/1351 1342/1342/1342
f 1342/1342/1342 1351/1351/1351 1325/1325/1325
f 1342/1342/1342 1325/1325/1325 1320/1320/1320
f 1348/1348/1348 1350/1350/1350 1352/1352/1352
f 1348/1348/1348 1352/1352/1352 1351/1351/1351
f 1351/1351/1351 1352/1352/1352 1326/1326/1326
f 1351/1351/1351 1326/1326/1326 1325/1325/1325
f 1353/1353/1353 1354/1354/1354 1355/1355/1355
f 1353/1353/1353 1355/1355/1355 1356/1356/1356
f 1356/1356/1356 1355/1355/1355 1352/1352/1352
f 1356/1356/1356 1352/1352/1352 1350/1350/1350
f 1354/1354/1354 1336/1336/1336 1335/1335/1335
f 1354/1354/1354 1335/1335/1335 1355/1355/1355
f 1355/1355/1355 1335/1335/1335 1326/1326/1326
f 1355/1355/1355 1326/1326/1326 1352/1352/1352
f 1353/1353/1353 1356/1356/1356 1357/1357/1357
f 1353/1353/1353 1357/1357/1357 1358/1358/1358
f 1358/1358/1358 1357/1357/1357 361/361/361
f 1358/1358/1358 361/361/361 359/359/359
f 1356/1356/1356 1350/1350/1350 1349/1349/1349
f 1356/1356/1356 1349/1349/1349 1357/1357/1357
f 1357/1357/1357 1349/1349/1349 330/330/330
f 1357/1357/1357 330/330/330 361/361/361
f 1353/1353/1353 1358/1358/1358 1359/1359/1359
f 1353/1353/1353 1359/1359/1359 1360/1360/1360
f 1360/1360/1360 1359/1359/1359 1048/1048/1048
f 1360/1360/1360 1048/1048/1048 1045/1045/1045
f 1358/1358/1358 359/359/359 358/358/358
f 1358/1358/1358 358/358/358 1359/1359/1359
f 1359/1359/1359 358/358/358 287/287/287
f 1359/1359/1359 287/287/287 1048/1048/1048
f 1353/1353/1353 1360/1360/1360 1361/1361/1361
f 1353/1353/1353 1361/1361/1361 1354/1354/1354
f 1354/1354/1354 1361/1361/1361 1339/1339/1339
f 1354/1354/1354 1339/1339/1339 1336/1336/1336
f 1360/1360/1360 1045/1045/1045 1044/1044/1044
f 1360/1360/1360 1044/1044/1044 1361/1361/1361
f 1361/1361/1361 1044/1044/1044 1035/1035/1035
f 1361/1361/1361 1035/1035/1035 1339/1339/1339
f 1362/1362/1362 1363/1363/1363 1364/1364/1364
f 1362/1362/1362 1364/1364/1364 1365/1365/1365
f 1365/1365/1365 1364/1364/1364 1366/1366/1366
f 1365/1365/1365 1366/1366/1366 1367/1367/1367
f 1363/1363/1363 1368/1368/1368 1369/1369/1369
f 1363/1363/1363 1369/1369/1369 1364/1364/1364
f 1364/1364/1364 1369/1369/1369 1370/1370/1370
f 1364/1364/1364 1370/1370/1370 1366/1366/1366
f 1362/1362/1362 1365/1365/1365 1371/1371/1371
f 1362/1362/1362 1371/1371/1371 1372/1372/1372
f 1372/1372/1372 1371/1371/1371 1373/1373/1373
f 1372/1372/1372 1373/1373/1373 1374/1374/1374
f 1365/1365/1365 1367/1367/1367 1375/1375/1375
f 1365/1365/1365 1375/1375/1375 1371/1371/1371
f 1371/1371/1371 1375/1375/1375 1376/1376/1376
f 1371/1371/1371 1376/1376/1376 1373/1373/1373
f 1362/1362/1362 1372/1372/1372 1377/1377/1377
f 1362/1362/1362 1377/1377/1377 1378/1378/1378
f 1378/1378/1378 1377/1377/1377 1379/1379/1379
f 1378/1378/1378 1379/1379/1379 1380/1380/1380
f 1372/1372/1372 1374/1374/1374 1381/1381/1381
f 1372/1372/1372 1381/1381/1381 1377/1377/1377
f 1377/1377/1377 1381/1381/1381 1382/1382/1382
f 1377/1377/1377 1382/1382/1382 1379/1379/1379
f 1362/1362/1362 1378/1378/1378 1383/1383/1383
f 1362/1362/1362 1383/1383/1383 1363/1363/1363
f 1363/1363/1363 1383/1383/1383 1384/1384/1384
f 1363/1363/1363 1384/1384/1384 1368/1368/1368
f 1378/1378/1378 1380/1380/1380 1385/1385/1385
f 1378/1378/1378 1385/1385/1385 1383/1383/1383
f 1383/1383/1383 1385/1385/1385 1386/1386/1386
f 1383/1383/1383 1386/1386/1386 1384/1384/1384
f 1387/1387/1387 1388/1388/1388 1389/1389/1389
f 1387/1387/1387 1389/1389/1389 1390/1390/1390
f 1390/1390/1390 1389/1389/1389 1385/1385/1385
f 1390/1390/1390 1385/1385/1385 1380/1380/1380
f 1388/1388/1388 1391/1391/1391 1392/1392/1392
f 1388/1388/1388 1392/1392/1392 1389/1389/1389
f 1389/1389/1389 1392/1392/1392 1386/1386/1386
f 1389/1389/1389 1386/1386/1386 1385/1385/1385
f 1387/1387/1387 1390/1390/1390 1393/1393/1393
f 1387/1387/1387 1393/1393/1393 1394/1394/1394
f 1394/1394/1394 1393/1393/1393 1395/1395/1395
f 1394/1394/1394 1395/1395/1395 1396/1396/1396
f 1390/1390/1390 1380/1380/1380 1379/1379/1379
f 1390/1390/1390 1379/1379/1379 1393/1393/1393
f 1393/1393/1393 1379/1379/1379 1382/1382/1382
f 1393/1393/1393 1382/1382/1382 1395/1395/1395
f 1387/1387/1387 1394/1394/1394 1397/1397/1397
f 1387/1387/1387 1397/1397/1397 1398/1398/1398
f 1398/1398/1398 1397/1397/1397 1399/1399/1399
f 1398/1398/1398 1399/1399/1399 1400/1400/1400
f 1394/1394/1394 1396/1396/1396 1401/1401/1401
f 1394/1394/1394 1401/1401/1401 1397/1397/1397
f 1397/1397/1397 1401/1401/1401 1402/1402/1402
f 1397/1397/1397 1402/1402/1402 1399/1399/1399
f 1387/1387/1387 1398/1398/1398 1403/1403/1403
f 1387/1387/1387 1403/1403/1403 1388/1388/1388
f 1388/1388/1388 1403/1403/1403 1404/1404/1404
f 1388/1388/1388 1404/1404/1404 1391/1391/1391
f 1398/1398/1398 1400/1400/1400 1405/1405/1405
f 1398/1398/1398 1405/1405/1405 1403/1403/1403
f 1403/1403/1403 1405/1405/1405 1406/1406/1406
f 1403/1403/1403 1406/1406/1406 1404/1404/1404
f 1407/1407/1407 1408/1408/1408 1409/1409/1409
f 1407/1407/1407 1409/1409/1409 1410/1410/1410
f 1410/1410/1410 1409/1409/1409 1411/1411/1411
f 1410/1410/1410 1411/1411/1411 1412/1412/1412
f 1408/1408/1408 1374/1374/1374 1373/1373/1373
f 1408/1408/1408 1373/1373/1373 1409/1409/1409
f 1409/1409/1409 1373/1373/1373 1376/1376/1376
f 1409/1409/1409 1376/1376/1376 1411/1411/1411
f 1407/1407/1407 1410/1410/1410 1413/1413/1413
f 1407/1407/1407 1413/1413/1413 1414/1414/1414
f 1414/1414/1414 1413/1413/1413 1216/1216/1216
f 1414/1414/1414 1216/1216/1216 1211/1211/1211
f 1410/1410/1410 1412/1412/1412 1415/1415/1415
f 1410/1410/1410 1415/1415/1415 1413/1413/1413
f 1413/1413/1413 1415/1415/1415 1217/1217/1217
f 1413/1413/1413 1217/1217/1217 1216/1216/1216
f 1407/1407/1407 1414/1414/1414 1416/1416/1416
f 1407/1407/1407 1416/1416/1416 1417/1417/1417
f 1417/1417/1417 1416/1416/1416 1418/1418/1418
f 1417/1417/1417 1418/1418/1418 1419/1419/1419
f 1414/1414/1414 1211/1211/1211 1210/1210/1210
f 1414/1414/1414 1210/1210/1210 1416/1416/1416
f 1416/1416/1416 1210/1210/1210 1213/1213/1213
f 1416/1416/1416 1213/1213/1213 1418/1418/1418
f 1407/1407/1407 1417/1417/1417 1420/1420/1420
f 1407/1407/1407 1420/1420/1420 1408/1408/1408
f 1408/1408/1408 1420/1420/1420 1381/1381/1381
f 1408/1408/1408 1381/1381/1381 1374/1374/1374
f 1417/1417/1417 1419/1419/1419 1421/1421/1421
f 1417/1417/1417 1421/1421/1421 1420/1420/1420
f 1420/1420/1420 1421/1421/1421 1382/1382/1382
f 1420/1420/1420 1382/1382/1382 1381/1381/1381
f 1422/1422/1422 1423/1423/1423 1424/1424/1424
f 1422/1422/1422 1424/1424/1424 1425/1425/1425
f 1425/1425/1425 1424/1424/1424 1421/1421/1421
f 1425/1425/1425 1421/1421/1421 1419/1419/1419
f 1423/1423/1423 1396/1396/1396 1395/1395/1395
f 1423/1423/1423 1395/1395/1395 1424/1424/1424
f 1424/1424/1424 1395/1395/1395 1382/1382/1382
f 1424/1424/1424 1382/1382/1382 1421/1421/1421
f 1422/1422/1422 1425/1425/1425 1426/1426/1426
f 1422/1422/1422 1426/1426/1426 1427/1427/1427
f 1427/1427/1427 1426/1426/1426 1249/1249/1249
f 1427/1427/1427 1249/1249/1249 1245/1245/1245
f 1425/1425/1425 1419/1419/1419 1418/1418/1418
f 1425/1425/1425 1418/1418/1418 1426/1426/1426
f 1426/1426/1426 1418/1418/1418 1213/1213/1213
f 1426/1426/1426 1213/1213/1213 1249/1249/1249
f 1422/1422/1422 1427/1427/1427 1428/1428/1428
f 1422/1422/1422 1428/1428/1428 1429/1429/1429
f 1429/1429/1429 1428/1428/1428 1430/1430/1430
f 1429/1429/1429 1430/1430/1430 1431/1431/1431
f 1427/1427/1427 1245/1245/1245 1244/1244/1244
f 1427/1427/1427 1244/1244/1244 1428/1428/1428
f 1428/1428/1428 1244/1244/1244 1247/1247/1247
f 1428/1428/1428 1247/1247/1247 1430/1430/1430
f 1422/1422/1422 1429/1429/1429 1432/1432/1432
f 1422/1422/1422 1432/1432/1432 1423/1423/1423
f 1423/1423/1423 1432/1432/1432 1401/1401/1401
f 1423/1423/1423 1401/1401/1401 1396/1396/1396
f 1429/1429/1429 1431/1431/1431 1433/1433/1433
f 1429/1429/1429 1433/1433/1433 1432/1432/1432
f 1432/1432/1432 1433/1433/1433 1402/1402/1402
f 1432/1432/1432 1402/1402/1402 1401/1401/1401
f 1434/1434/1434 1435/1435/1435 1436/1436/1436
f 1434/1434/1434 1436/1436/1436 1437/1437/1437
f 1437/1437/1437 1436/1436/1436 1369/1369/1369
f 1437/1437/1437 1369/1369/1369 1368/1368/1368
f 1435/1435/1435 1438/1438/1438 1439/1439/1439
f 1435/1435/1435 1439/1439/1439 1436/1436/1436
f 1436/1436/1436 1439/1439/1439 1370/1370/1370
f 1436/1436/1436 1370/1370/1370 1369/1369/1369
f 1434/1434/1434 1437/1437/1437 1440/1440/1440
f 1434/1434/1434 1440/1440/1440 1441/1441/1441
f 1441/1441/1441 1440/1440/1440 1442/1442/1442
f 1441/1441/1441 1442/1442/1442 1443/1443/1443
f 1437/1437/1437 1368/1368/1368 1384/1384/1384
f 1437/1437/1437 1384/1384/1384 1440/1440/1440
f 1440/1440/1440 1384/1384/1384 1386/1386/1386
f 1440/1440/1440 1386/1386/1386 1442/1442/1442
f 1434/1434/1434 1441/1441/1441 1444/1444/1444
f 1434/1434/1434 1444/1444/1444 1445/1445/1445
f 1445/1445/1445 1444/1444/1444 1446/1446/1446
f 1445/1445/1445 1446/1446/1446 1447/1447/1447
f 1441/1441/1441 1443/1443/1443 1448/1448/1448
f 1441/1441/1441 1448/1448/1448 1444/1444/1444
f 1444/1444/1444 1448/1448/1448 1449/1449/1449
f 1444/1444/1444 1449/1449/1449 1446/1446/1446
f 1434/1434/1434 1445/1445/1445 1450/1450/1450
f 1434/1434/1434 1450/1450/1450 1435/1435/1435
f 1435/1435/1435 1450/1450/1450 1451/1451/1451
f 1435/1435/1435 1451/1451/1451 1438/1438/1438
f 1445/1445/1445 1447/1447/1447 1452/1452/1452
f 1445/1445/1445 1452/1452/1452 1450/1450/1450
f 1450/1450/1450 1452/1452/1452 1453/1453/1453
f 1450/1450/1450 1453/1453/1453 1451/1451/1451
f 1454/1454/1454 1455/1455/1455 1456/1456/1456
f 1454/1454/1454 1456/1456/1456 1457/1457/1457
f 1457/1457/1457 1456/1456/1456 1452/1452/1452
f 1457/1457/1457 1452/1452/1452 1447/1447/1447
f 1455/1455/1455 1458/1458/1458 1459/1459/1459
f 1455/1455/1455 1459/1459/1459 1456/1456/1456
f 1456/1456/1456 1459/1459/1459 1453/1453/1453
f 1456/1456/1456 1453/1453/1453 1452/1452/1452
f 1454/1454/1454 1457/1457/1457 1460/1460/1460
f 1454/1454/1454 1460/1460/1460 1461/1461/1461
f 1461/1461/1461 1460/1460/1460 1462/1462/1462
f 1461/1461/1461 1462/1462/1462 1463/1463/1463
f 1457/1457/1457 1447/1447/1447 1446/1446/1446
f 1457/1457/1457 1446/1446/1446 1460/1460/1460
f 1460/1460/1460 1446/1446/1446 1449/1449/1449
f 1460/1460/1460 1449/1449/1449 1462/1462/1462
f 1454/1454/1454 1461/1461/1461 1464/1464/1464
f 1454/1454/1454 1464/1464/1464 1465/1465/1465
f 1465/1465/1465 1464/1464/1464 1466/1466/1466
f 1465/1465/1465 1466/1466/1466 1467/1467/1467
f 1461/1461/1461 1463/1463/1463 1468/1468/1468
f 1461/1461/1461 1468/1468/1468 1464/1464/1464
f 1464/1464/1464 1468/1468/1468 1469/1469/1469
f 1464/1464/1464 1469/1469/1469 1466/1466/1466
f 1454/1454/1454 1465/1465/1465 1470/1470/1470
f 1454/1454/1454 1470/1470/1470 1455/1455/1455
f 1455/1455/1455 1470/1470/1470 1471/1471/1471
f 1455/1455/1455 1471/1471/1471 1458/1458/1458
f 1465/1465/1465 1467/1467/1467 1472/1472/1472
f 1465/1465/1465 1472/1472/1472 1470/1470/1470
f 1470/1470/1470 1472/1472/1472 1473/1473/1473
f 1470/1470/1470 1473/1473/1473 1471/1471/1471
f 1474/1474/1474 1475/1475/1475 1476/1476/1476
f 1474/1474/1474 1476/1476/1476 1477/1477/1477
f 1477/1477/1477 1476/1476/1476 1392/1392/1392
f 1477/1477/1477 1392/1392/1392 1391/1391/1391
f 1475/1475/1475 1443/1443/1443 1442/1442/1442
f 1475/1475/1475 1442/1442/1442 1476/1476/1476
f 1476/1476/1476 1442/1442/1442 1386/1386/1386
f 1476/1476/1476 1386/1386/1386 1392/1392/1392
f 1474/1474/1474 1477/1477/1477 1478/1478/1478
f 1474/1474/1474 1478/1478/1478 1479/1479/1479
f 1479/1479/1479 1478/1478/1478 1480/1480/1480
f 1479/1479/1479 1480/1480/1480 1481/1481/1481
f 1477/1477/1477 1391/1391/1391 1404/1404/1404
f 1477/1477/1477 1404/1404/1404 1478/1478/1478
f 1478/1478/1478 1404/1404/1404 1406/1406/1406
f 1478/1478/1478 1406/1406/1406 1480/1480/1480
f 1474/1474/1474 1479/1479/1479 1482/1482/1482
f 1474/1474/1474 1482/1482/1482 1483/1483/1483
f 1483/1483/1483 1482/1482/1482 1484/1484/1484
f 1483/1483/1483 1484/1484/1484 1485/1485/1485
f 1479/1479/1479 1481/1481/1481 1486/1486/1486
f 1479/1479/1479 1486/1486/1486 1482/1482/1482
f 1482/1482/1482 1486/1486/1486 1487/1487/1487
f 1482/1482/1482 1487/1487/1487 1484/1484/1484
f 1474/1474/1474 1483/1483/1483 1488/1488/1488
f 1474/1474/1474 1488/1488/1488 1475/1475/1475
f 1475/1475/1475 1488/1488/1488 1448/1448/1448
f 1475/1475/1475 1448/1448/1448 1443/1443/1443
f 1483/1483/1483 1485/1485/1485 1489/1489/1489
f 1483/1483/1483 1489/1489/1489 1488/1488/1488
f 1488/1488/1488 1489/1489/1489 1449/1449/1449
f 1488/1488/1488 1449/1449/1449 1448/1448/1448
f 1490/1490/1490 1491/1491/1491 1492/1492/1492
f 1490/1490/1490 1492/1492/1492 1493/1493/1493
f 1493/1493/1493 1492/1492/1492 1489/1489/1489
f 1493/1493/1493 1489/1489/1489 1485/1485/1485
f 1491/1491/1491 1463/1463/1463 1462/1462/1462
f 1491/1491/1491 1462/1462/1462 1492/1492/1492
f 1492/1492/1492 1462/1462/1462 1449/1449/1449
f 1492/1492/1492 1449/1449/1449 1489/1489/1489
f 1490/1490/1490 1493/1493/1493 1494/1494/1494
f 1490/1490/1490 1494/1494/1494 1495/1495/1495
f 1495/1495/1495 1494/1494/1494 1496/1496/1496
f 1495/1495/1495 1496/1496/1496 1497/1497/1497
f 1493/1493/1493 1485/1485/1485 1484/1484/1484
f 1493/1493/1493 1484/1484/1484 1494/1494/1494
f 1494/1494/1494 1484/1484/1484 1487/1487/1487
f 1494/1494/1494 1487/1487/1487 1496/1496/1496
f 1490/1490/1490 1495/1495/1495 1498/1498/1498
f 1490/1490/1490 1498/1498/1498 1499/1499/1499
f 1499/1499/1499 1498/1498/1498 1500/1500/1500
f 1499/1499/1499 1500/1500/1500 1501/1501/1501
f 1495/1495/1495 1497/1497/1497 1502/1502/1502
f 1495/1495/1495 1502/1502/1502 1498/1498/1498
f 1498/1498/1498 1502/1502/1502 1503/1503/1503
f 1498/1498/1498 1503/1503/1503 1500/1500/1500
f 1490/1490/1490 1499/1499/1499 1504/1504/1504
f 1490/1490/1490 1504/1504/1504 1491/1491/1491
f 1491/1491/1491 1504/1504/1504 1468/1468/1468
f 1491/1491/1491 1468/1468/1468 1463/1463/1463
f 1499/1499/1499 1501/1501/1501 1505/1505/1505
f 1499/1499/1499 1505/1505/1505 1504/1504/1504
f 1504/1504/1504 1505/1505/1505 1469/1469/1469
f 1504/1504/1504 1469/1469/1469 1468/1468/1468
f 1506/1506/1506 1507/1507/1507 1508/1508/1508
f 1506/1506/1506 1508/1508/1508 1509/1509/1509
f 1509/1509/1509 1508/1508/1508 1439/1439/1439
f 1509/1509/1509 1439/1439/1439 1438/1438/1438
f 1507/1507/1507 1510/1510/1510 1511/1511/1511
f 1507/1507/1507 1511/1511/1511 1508/1508/1508
f 1508/1508/1508 1511/1511/1511 1370/1370/1370
f 1508/1508/1508 1370/1370/1370 1439/1439/1439
f 1506/1506/1506 1509/1509/1509 1512/1512/1512
f 1506/1506/1506 1512/1512/1512 1513/1513/1513
f 1513/1513/1513 1512/1512/1512 1514/1514/1514
f 1513/1513/1513 1514/1514/1514 1515/1515/1515
f 1509/1509/1509 1438/1438/1438 1451/1451/1451
f 1509/1509/1509 1451/1451/1451 1512/1512/1512
f 1512/1512/1512 1451/1451/1451 1453/1453/1453
f 1512/1512/1512 1453/1453/1453 1514/1514/1514
f 1506/1506/1506 1513/1513/1513 1516/1516/1516
f 1506/1506/1506 1516/1516/1516 1517/1517/1517
f 1517/1517/1517 1516/1516/1516 1518/1518/1518
f 1517/1517/1517 1518/1518/1518 1519/1519/1519
f 1513/1513/1513 1515/1515/1515 1520/1520/1520
f 1513/1513/1513 1520/1520/1520 1516/1516/1516
f 1516/1516/1516 1520/1520/1520 1521/1521/1521
f 1516/1516/1516 1521/1521/1521 1518/1518/1518
f 1506/1506/1506 1517/1517/1517 1522/1522/1522
f 1506/1506/1506 1522/1522/1522 1507/1507/1507
f 1507/1507/1507 1522/1522/1522 1523/1523/1523
f 1507/1507/1507 1523/1523/1523 1510/1510/1510
f 1517/1517/1517 1519/1519/1519 1524/1524/1524
f 1517/1517/1517 1524/1524/1524 1522/1522/1522
f 1522/1522/1522 1524/1524/1524 1525/1525/1525
f 1522/1522/1522 1525/1525/1525 1523/1523/1523
f 1526/1526/1526 1527/1527/1527 1528/1528/1528
f 1526/1526/1526 1528/1528/1528 1529/1529/1529
f 1529/1529/1529 1528/1528/1528 1524/1524/1524
f 1529/1529/1529 1524/1524/1524 1519/1519/1519
f 1527/1527/1527 1530/1530/1530 1531/1531/1531
f 1527/1527/1527 1531/1531/1531 1528/1528/1528
f 1528/1528/1528 1531/1531/1531 1525/1525/1525
f 1528/1528/1528 1525/1525/1525 1524/1524/1524
f 1526/1526/1526 1529/1529/1529 1532/1532/1532
f 1526/1526/1526 1532/1532/1532 1533/1533/1533
f 1533/1533/1533 1532/1532/1532 1534/1534/1534
f 1533/1533/1533 1534/1534/1534 1535/1535/1535
f 1529/1529/1529 1519/1519/1519 1518/1518/1518
f 1529/1529/1529 1518/1518/1518 1532/1532/1532
f 1532/1532/1532 1518/1518/1518 1521/1521/1521
f 1532/1532/1532 1521/1521/1521 1534/1534/1534
f 1526/1526/1526 1533/1533/1533 1536/1536/1536
f 1526/1526/1526 1536/1536/1536 1537/1537/1537
f 1537/1537/1537 1536/1536/1536 686/686/686
f 1537/1537/1537 686/686/686 681/681/681
f 1533/1533/1533 1535/1535/1535 1538/1538/1538
f 1533/1533/1533 1538/1538/1538 1536/1536/1536
f 1536/1536/1536 1538/1538/1538 687/687/687
f 1536/1536/1536 687/687/687 686/686/686
f 1526/1526/1526 1537/1537/1537 1539/1539/1539
f 1526/1526/1526 1539/1539/1539 1527/1527/1527
f 1527/1527/1527 1539/1539/1539 1540/1540/1540
f 1527/1527/1527 1540/1540/1540 1530/1530/1530
f 1537/1537/1537 681/681/681 680/680/680
f 1537/1537/1537 680/680/680 1539/1539/1539
f 1539/1539/1539 680/680/680 606/606/606
f 1539/1539/1539 606/606/606 1540/1540/1540
f 1541/1541/1541 1542/1542/1542 1543/1543/1543
f 1541/1541/1541 1543/1543/1543 1544/1544/1544
f 1544/1544/1544 1543/1543/1543 1459/1459/1459
f 1544/1544/1544 1459/1459/1459 1458/1458/1458
f 1542/1542/1542 1515/1515/1515 1514/1514/1514
f 1542/1542/1542 1514/1514/1514 1543/1543/1543
f 1543/1543/1543 1514/1514/1514 1453/1453/1453
f 1543/1543/1543 1453/1453/1453 1459/1459/1459
f 1541/1541/1541 1544/1544/1544 1545/1545/1545
f 1541/1541/1541 1545/1545/1545 1546/1546/1546
f 1546/1546/1546 1545/1545/1545 1547/1547/1547
f 1546/1546/1546 1547/1547/1547 1548/1548/1548
f 1544/1544/1544 1458/1458/1458 1471/1471/1471
f 1544/1544/1544 1471/1471/1471 1545/1545/1545
f 1545/1545/1545 1471/1471/1471 1473/1473/1473
f 1545/1545/1545 1473/1473/1473 1547/1547/1547
f 1541/1541/1541 1546/1546/1546 1549/1549/1549
f 1541/1541/1541 1549/1549/1549 1550/1550/1550
f 1550/1550/1550 1549/1549/1549 1551/1551/1551
f 1550/1550/1550 1551/1551/1551 1552/1552/1552
f 1546/1546/1546 1548/1548/1548 1553/1553/1553
f 1546/1546/1546 1553/1553/1553 1549/1549/1549
f 1549/1549/1549 1553/1553/1553 1554/1554/1554
f 1549/1549/1549 1554/1554/1554 1551/1551/1551
f 1541/1541/1541 1550/1550/1550 1555/1555/1555
f 1541/1541/1541 1555/1555/1555 1542/1542/1542
f 1542/1542/1542 1555/1555/1555 1520/1520/1520
f 1542/1542/1542 1520/1520/1520 1515/1515/1515
f 1550/1550/1550 1552/1552/1552 1556/1556/1556
f 1550/1550/1550 1556/1556/1556 1555/1555/1555
f 1555/1555/1555 1556/1556/1556 1521/1521/1521
f 1555/1555/1555 1521/1521/1521 1520/1520/1520
f 1557/1557/1557 1558/1558/1558 1559/1559/1559
f 1557/1557/1557 1559/1559/1559 1560/1560/1560
f 1560/1560/1560 1559/1559/1559 1556/1556/1556
f 1560/1560/1560 1556/1556/1556 1552/1552/1552
f 1558/1558/1558 1535/1535/1535 1534/1534/1534
f 1558/1558/1558 1534/1534/1534 1559/1559/1559
f 1559/1559/1559 1534/1534/1534 1521/1521/1521
f 1559/1559/1559 1521/1521/1521 1556/1556/1556
f 1557/1557/1557 1560/1560/1560 1561/1561/1561
f 1557/1557/1557 1561/1561/1561 1562/1562/1562
f 1562/1562/1562 1561/1561/1561 1563/1563/1563
f 1562/1562/1562 1563/1563/1563 1564/1564/1564
f 1560/1560/1560 1552/1552/1552 1551/1551/1551
f 1560/1560/1560 1551/1551/1551 1561/1561/1561
f 1561/1561/1561 1551/1551/1551 1554/1554/1554
f 1561/1561/1561 1554/1554/1554 1563/1563/1563
f 1557/1557/1557 1562/1562/1562 1565/1565/1565
f 1557/1557/1557 1565/1565/1565 1566/1566/1566
f 1566/1566/1566 1565/1565/1565 702/702/702
f 1566/1566/1566 702/702/702 697/697/697
f 1562/1562/1562 1564/1564/1564 1567/1567/1567
f 1562/1562/1562 1567/1567/1567 1565/1565/1565
f 1565/1565/1565 1567/1567/1567 703/703/703
f 1565/1565/1565 703/703/703 702/702/702
f 1557/1557/1557 1566/1566/1566 1568/1568/1568
f 1557/1557/1557 1568/1568/1568 1558/1558/1558
f 1558/1558/1558 1568/1568/1568 1538/1538/1538
f 1558/1558/1558 1538/1538/1538 1535/1535/1535
f 1566/1566/1566 697/697/697 696/696/696
f 1566/1566/1566 696/696/696 1568/1568/1568
f 1568/1568/1568 696/696/696 687/687/687
f 1568/1568/1568 687/687/687 1538/1538/1538
f 1569/1569/1569 1570/1570/1570 1571/1571/1571
f 1569/1569/1569 1571/1571/1571 1572/1572/1572
f 1572/1572/1572 1571/1571/1571 1511/1511/1511
f 1572/1572/1572 1511/1511/1511 1510/1510/1510
f 1570/1570/1570 1367/1367/1367 1366/1366/1366
f 1570/1570/1570 1366/1366/1366 1571/1571/1571
f 1571/1571/1571 1366/1366/1366 1370/1370/1370
f 1571/1571/1571 1370/1370/1370 1511/1511/1511
f 1569/1569/1569 1572/1572/1572 1573/1573/1573
f 1569/1569/1569 1573/1573/1573 1574/1574/1574
f 1574/1574/1574 1573/1573/1573 1575/1575/1575
f 1574/1574/1574 1575/1575/1575 1576/1576/1576
f 1572/1572/1572 1510/1510/1510 1523/1523/1523
f 1572/1572/1572 1523/1523/1523 1573/1573/1573
f 1573/1573/1573 1523/1523/1523 1525/1525/1525
f 1573/1573/1573 1525/1525/1525 1575/1575/1575
f 1569/1569/1569 1574/1574/1574 1577/1577/1577
f 1569/1569/1569 1577/1577/1577 1578/1578/1578
f 1578/1578/1578 1577/1577/1577 1579/1579/1579
f 1578/1578/1578 1579/1579/1579 1580/1580/1580
f 1574/1574/1574 1576/1576/1576 1581/1581/1581
f 1574/1574/1574 1581/1581/1581 1577/1577/1577
f 1577/1577/1577 1581/1581/1581 1582/1582/1582
f 1577/1577/1577 1582/1582/1582 1579/1579/1579
f 1569/1569/1569 1578/1578/1578 1583/1583/1583
f 1569/1569/1569 1583/1583/1583 1570/1570/1570
f 1570/1570/1570 1583/1583/1583 1375/1375/1375
f 1570/1570/1570 1375/1375/1375 1367/1367/1367
f 1578/1578/1578 1580/1580/1580 1584/1584/1584
f 1578/1578/1578 1584/1584/1584 1583/1583/1583
f 1583/1583/1583 1584/1584/1584 1376/1376/1376
f 1583/1583/1583 1376/1376/1376 1375/1375/1375
f 1585/1585/1585 1586/1586/1586 1587/1587/1587
f 1585/1585/1585 1587/1587/1587 1588/1588/1588
f 1588/1588/1588 1587/1587/1587 1584/1584/1584
f 1588/1588/1588 1584/1584/1584 1580/1580/1580
f 1586/1586/1586 1412/1412/1412 1411/1411/1411
f 1586/1586/1586 1411/1411/1411 1587/1587/1587
f 1587/1587/1587 1411/1411/1411 1376/1376/1376
f 1587/1587/1587 1376/1376/1376 1584/1584/1584
f 1585/1585/1585 1588/1588/1588 1589/1589/1589
f 1585/1585/1585 1589/1589/1589 1590/1590/1590
f 1590/1590/1590 1589/1589/1589 1591/1591/1591
f 1590/1590/1590 1591/1591/1591 1592/1592/1592
f 1588/1588/1588 1580/1580/1580 1579/1579/1579
f 1588/1588/1588 1579/1579/1579 1589/1589/1589
f 1589/1589/1589 1579/1579/1579 1582/1582/1582
f 1589/1589/1589 1582/1582/1582 1591/1591/1591
f 1585/1585/1585 1590/1590/1590 1593/1593/1593
f 1585/1585/1585 1593/1593/1593 1594/1594/1594
f 1594/1594/1594 1593/1593/1593 1297/1297/1297
f 1594/1594/1594 1297/1297/1297 1292/1292/1292
f 1590/1590/1590 1592/1592/1592 1595/1595/1595
f 1590/1590/1590 1595/1595/1595 1593/1593/1593
f 1593/1593/1593 1595/1595/1595 1298/1298/1298
f 1593/1593/1593 1298/1298/1298 1297/1297/1297
f 1585/1585/1585 1594/1594/1594 1596/1596/1596
f 1585/1585/1585 1596/1596/1596 1586/1586/1586
f 1586/1586/1586 1596/1596/1596 1415/1415/1415
f 1586/1586/1586 1415/1415/1415 1412/1412/1412
f 1594/1594/1594 1292/1292/1292 1291/1291/1291
f 1594/1594/1594 1291/1291/1291 1596/1596/1596
f 1596/1596/1596 1291/1291/1291 1217/1217/1217
f 1596/1596/1596 1217/1217/1217 1415/1415/1415
f 1597/1597/1597 1598/1598/1598 1599/1599/1599
f 1597/1597/1597 1599/1599/1599 1600/1600/1600
f 1600/1600/1600 1599/1599/1599 1531/1531/1531
f 1600/1600/1600 1531/1531/1531 1530/1530/1530
f 1598/1598/1598 1576/1576/1576 1575/1575/1575
f 1598/1598/1598 1575/1575/1575 1599/1599/1599
f 1599/1599/1599 1575/1575/1575 1525/1525/1525
f 1599/1599/1599 1525/1525/1525 1531/1531/1531
f 1597/1597/1597 1600/1600/1600 1601/1601/1601
f 1597/1597/1597 1601/1601/1601 1602/1602/1602
f 1602/1602/1602 1601/1601/1601 605/605/605
f 1602/1602/1602 605/605/605 600/600/600
f 1600/1600/1600 1530/1530/1530 1540/1540/1540
f 1600/1600/1600 1540/1540/1540 1601/1601/1601
f 1601/1601/1601 1540/1540/1540 606/606/606
f 1601/1601/1601 606/606/606 605/605/605
f 1597/1597/1597 1602/1602/1602 1603/1603/1603
f 1597/1597/1597 1603/1603/1603 1604/1604/1604
f 1604/1604/1604 1603/1603/1603 1605/1605/1605
f 1604/1604/1604 1605/1605/1605 1606/1606/1606
f 1602/1602/1602 600/600/600 599/599/599
f 1602/1602/1602 599/599/599 1603/1603/1603
f 1603/1603/1603 599/599/599 602/602/602
f 1603/1603/1603 602/602/602 1605/1605/1605
f 1597/1597/1597 1604/1604/1604 1607/1607/1607
f 1597/1597/1597 1607/1607/1607 1598/1598/1598
f 1598/1598/1598 1607/1607/1607 1581/1581/1581
f 1598/1598/1598 1581/1581/1581 1576/1576/1576
f 1604/1604/1604 1606/1606/1606 1608/1608/1608
f 1604/1604/1604 1608/1608/1608 1607/1607/1607
f 1607/1607/1607 1608/1608/1608 1582/1582/1582
f 1607/1607/1607 1582/1582/1582 1581/1581/1581
f 1609/1609/1609 1610/1610/1610 1611/1611/1611
f 1609/1609/1609 1611/1611/1611 1612/1612/1612
f 1612/1612/1612 1611/1611/1611 1608/1608/1608
f 1612/1612/1612 1608/1608/1608 1606/1606/1606
f 1610/1610/1610 1592/1592/1592 1591/1591/1591
f 1610/1610/1610 1591/1591/1591 1611/1611/1611
f 1611/1611/1611 1591/1591/1591 1582/1582/1582
f 1611/1611/1611 1582/1582/1582 1608/1608/1608
f 1609/1609/1609 1612/1612/1612 1613/1613/1613
f 1609/1609/1609 1613/1613/1613 1614/1614/1614
f 1614/1614/1614 1613/1613/1613 633/633/633
f 1614/1614/1614 633/633/633 631/631/631
f 1612/1612/1612 1606/1606/1606 1605/1605/1605
f 1612/1612/1612 1605/1605/1605 1613/1613/1613
f 1613/1613/1613 1605/1605/1605 602/602/602
f 1613/1613/1613 602/602/602 633/633/633
f 1609/1609/1609 1614/1614/1614 1615/1615/1615
f 1609/1609/1609 1615/1615/1615 1616/1616/1616
f 1616/1616/1616 1615/1615/1615 1311/1311/1311
f 1616/1616/1616 1311/1311/1311 1308/1308/1308
f 1614/1614/1614 631/631/631 630/630/630
f 1614/1614/1614 630/630/630 1615/1615/1615
f 1615/1615/1615 630/630/630 431/431/431
f 1615/1615/1615 431/431/431 1311/1311/1311
f 1609/1609/1609 1616/1616/1616 1617/1617/1617
f 1609/1609/1609 1617/1617/1617 1610/1610/1610
f 1610/1610/1610 1617/1617/1617 1595/1595/1595
f 1610/1610/1610 1595/1595/1595 1592/1592/1592
f 1616/1616/1616 1308/1308/1308 1307/1307/1307
f 1616/1616/1616 1307/1307/1307 1617/1617/1617
f 1617/1617/1617 1307/1307/1307 1298/1298/1298
f 1617/1617/1617 1298/1298/1298 1595/1595/1595
f 1618/1618/1618 1619/1619/1619 1620/1620/1620
f 1618/1618/1618 1620/1620/1620 1621/1621/1621
f 1621/1621/1621 1620/1620/1620 1622/1622/1622
f 1621/1621/1621 1622/1622/1622 1623/1623/1623
f 1619/1619/1619 1624/1624/1624 1625/1625/1625
f 1619/1619/1619 1625/1625/1625 1620/1620/1620
f 1620/1620/1620 1625/1625/1625 1626/1626/1626
f 1620/1620/1620 1626/1626/1626 1622/1622/1622
f 1618/1618/1618 1621/1621/1621 1627/1627/1627
f 1618/1618/1618 1627/1627/1627 1628/1628/1628
f 1628/1628/1628 1627/1627/1627 1629/1629/1629
f 1628/1628/1628 1629/1629/1629 1630/1630/1630
f 1621/1621/1621 1623/1623/1623 1631/1631/1631
f 1621/1621/1621 1631/1631/1631 1627/1627/1627
f 1627/1627/1627 1631/1631/1631 1632/1632/1632
f 1627/1627/1627 1632/1632/1632 1629/1629/1629
f 1618/1618/1618 1628/1628/1628 1633/1633/1633
f 1618/1618/1618 1633/1633/1633 1634/1634/1634
f 1634/1634/1634 1633/1633/1633 1635/1635/1635
f 1634/1634/1634 1635/1635/1635 1636/1636/1636
f 1628/1628/1628 1630/1630/1630 1637/1637/1637
f 1628/1628/1628 1637/1637/1637 1633/1633/1633
f 1633/1633/1633 1637/1637/1637 1638/1638/1638
f 1633/1633/1633 1638/1638/1638 1635/1635/1635
f 1618/1618/1618 1634/1634/1634 1639/1639/1639
f 1618/1618/1618 1639/1639/1639 1619/1619/1619
f 1619/1619/1619 1639/1639/1639 1640/1640/1640
f 1619/1619/1619 1640/1640/1640 1624/1624/1624
f 1634/1634/1634 1636/1636/1636 1641/1641/1641
f 1634/1634/1634 1641/1641/1641 1639/1639/1639
f 1639/1639/1639 1641/1641/1641 1642/1642/1642
f 1639/1639/1639 1642/1642/1642 1640/1640/1640
f 1643/1643/1643 1644/1644/1644 1645/1645/1645
f 1643/1643/1643 1645/1645/1645 1646/1646/1646
f 1646/1646/1646 1645/1645/1645 1641/1641/1641
f 1646/1646/1646 1641/1641/1641 1636/1636/1636
f 1644/1644/1644 1647/1647/1647 1648/1648/1648
f 1644/1644/1644 1648/1648/1648 1645/1645/1645
f 1645/1645/1645 1648/1648/1648 1642/1642/1642
f 1645/1645/1645 1642/1642/1642 1641/1641/1641
f 1643/1643/1643 1646/1646/1646 1649/1649/1649
f 1643/1643/1643 1649/1649/1649 1650/1650/1650
f 1650/1650/1650 1649/1649/1649 1651/1651/1651
f 1650/1650/1650 1651/1651/1651 1652/1652/1652
f 1646/1646/1646 1636/1636/1636 1635/1635/1635
f 1646/1646/1646 1635/1635/1635 1649/1649/1649
f 1649/1649/1649 1635/1635/1635 1638/1638/1638
f 1649/1649/1649 1638/1638/1638 1651/1651/1651
f 1643/1643/1643 1650/1650/1650 1653/1653/1653
f 1643/1643/1643 1653/1653/1653 1654/1654/1654
f 1654/1654/1654 1653/1653/1653 1655/1655/1655
f 1654/1654/1654 1655/1655/1655 1656/1656/1656
f 1650/1650/1650 1652/1652/1652 1657/1657/1657
f 1650/1650/1650 1657/1657/1657 1653/1653/1653
f 1653/1653/1653 1657/1657/1657 1658/1658/1658
f 1653/1653/1653 1658/1658/1658 1655/1655/1655
f 1643/1643/1643 1654/1654/1654 1659/1659/1659
f 1643/1643/1643 1659/1659/1659 1644/1644/1644
f 1644/1644/1644 1659/1659/1659 1660/1660/1660
f 1644/1644/1644 1660/1660/1660 1647/1647/1647
f 1654/1654/1654 1656/1656/1656 1661/1661/1661
f 1654/1654/1654 1661/1661/1661 1659/1659/1659
f 1659/1659/1659 1661/1661/1661 1662/1662/1662
f 1659/1659/1659 1662/1662/1662 1660/1660/1660
f 1663/1663/1663 1664/1664/1664 1665/1665/1665
f 1663/1663/1663 1665/1665/1665 1666/1666/1666
f 1666/1666/1666 1665/1665/1665 1667/1667/1667
f 1666/1666/1666 1667/1667/1667 1668/1668/1668
f 1664/1664/1664 1630/1630/1630 1629/1629/1629
f 1664/1664/1664 1629/1629/1629 1665/1665/1665
f 1665/1665/1665 1629/1629/1629 1632/1632/1632
f 1665/1665/1665 1632/1632/1632 1667/1667/1667
f 1663/1663/1663 1666/1666/1666 1669/1669/1669
f 1663/1663/1663 1669/1669/1669 1670/1670/1670
f 1670/1670/1670 1669/1669/1669 1671/1671/1671
f 1670/1670/1670 1671/1671/1671 1672/1672/1672
f 1666/1666/1666 1668/1668/1668 1673/1673/1673
f 1666/1666/1666 1673/1673/1673 1669/1669/1669
f 1669/1669/1669 1673/1673/1673 1674/1674/1674
f 1669/1669/1669 1674/1674/1674 1671/1671/1671
f 1663/1663/1663 1670/1670/1670 1675/1675/1675
f 1663/1663/1663 1675/1675/1675 1676/1676/1676
f 1676/1676/1676 1675/1675/1675 1677/1677/1677
f 1676/1676/1676 1677/1677/1677 1678/1678/1678
f 1670/1670/1670 1672/1672/1672 1679/1679/1679
f 1670/1670/1670 1679/1679/1679 1675/1675/1675
f 1675/1675/1675 1679/1679/1679 1680/1680/1680
f 1675/1675/1675 1680/1680/1680 1677/1677/1677
f 1663/1663/1663 1676/1676/1676 1681/1681/1681
f 1663/1663/1663 1681/1681/1681 1664/1664/1664
f 1664/1664/1664 1681/1681/1681 1637/1637/1637
f 1664/1664/1664 1637/1637/1637 1630/1630/1630
f 1676/1676/1676 1678/1678/1678 1682/1682/1682
f 1676/1676/1676 1682/1682/1682 1681/1681/1681
f 1681/1681/1681 1682/1682/1682 1638/1638/1638
f 1681/1681/1681 1638/1638/1638 1637/1637/1637
f 1683/1683/1683 1684/1684/1684 1685/1685/1685
f 1683/1683/1683 1685/1685/1685 1686/1686/1686
f 1686/1686/1686 1685/1685/1685 1682/1682/1682
f 1686/1686/1686 1682/1682/1682 1678/1678/1678
f 1684/1684/1684 1652/1652/1652 1651/1651/1651
f 1684/1684/1684 1651/1651/1651 1685/1685/1685
f 1685/1685/1685 1651/1651/1651 1638/1638/1638
f 1685/1685/1685 1638/1638/1638 1682/1682/1682
f 1683/1683/1683 1686/1686/1686 1687/1687/1687
f 1683/1683/1683 1687/1687/1687 1688/1688/1688
f 1688/1688/1688 1687/1687/1687 1689/1689/1689
f 1688/1688/1688 1689/1689/1689 1690/1690/1690
f 1686/1686/1686 1678/1678/1678 1677/1677/1677
f 1686/1686/1686 1677/1677/1677 1687/1687/1687
f 1687/1687/1687 1677/1677/1677 1680/1680/1680
f 1687/1687/1687 1680/1680/1680 1689/1689/1689
f 1683/1683/1683 1688/1688/1688 1691/1691/1691
f 1683/1683/1683 1691/1691/1691 1692/1692/1692
f 1692/1692/1692 1691/1691/1691 1693/1693/1693
f 1692/1692/1692 1693/1693/1693 1694/1694/1694
f 1688/1688/1688 1690/1690/1690 1695/1695/1695
f 1688/1688/1688 1695/1695/1695 1691/1691/1691
f 1691/1691/1691 1695/1695/1695 1696/1696/1696
f 1691/1691/1691 1696/1696/1696 1693/1693/1693
f 1683/1683/1683 1692/1692/1692 1697/1697/1697
f 1683/1683/1683 1697/1697/1697 1684/1684/1684
f 1684/1684/1684 1697/1697/1697 1657/1657/1657
f 1684/1684/1684 1657/1657/1657 1652/1652/1652
f 1692/1692/1692 1694/1694/1694 1698/1698/1698
f 1692/1692/1692 1698/1698/1698 1697/1697/1697
f 1697/1697/1697 1698/1698/1698 1658/1658/1658
f 1697/1697/1697 1658/1658/1658 1657/1657/1657
f 1699/1699/1699 1700/1700/1700 1701/1701/1701
f 1699/1699/1699 1701/1701/1701 1702/1702/1702
f 1702/1702/1702 1701/1701/1701 1625/1625/1625
f 1702/1702/1702 1625/1625/1625 1624/1624/1624
f 1700/1700/1700 1703/1703/1703 1704/1704/1704
f 1700/1700/1700 1704/1704/1704 1701/1701/1701
f 1701/1701/1701 1704/1704/1704 1626/1626/1626
f 1701/1701/1701 1626/1626/1626 1625/1625/1625
f 1699/1699/1699 1702/1702/1702 1705/1705/1705
f 1699/1699/1699 1705/1705/1705 1706/1706/1706
f 1706/1706/1706 1705/1705/1705 1707/1707/1707
f 1706/1706/1706 1707/1707/1707 1708/1708/1708
f 1702/1702/1702 1624/1624/1624 1640/1640/1640
f 1702/1702/1702 1640/1640/1640 1705/1705/1705
f 1705/1705/1705 1640/1640/1640 1642/1642/1642
f 1705/1705/1705 1642/1642/1642 1707/1707/1707
f 1699/1699/1699 1706/1706/1706 1709/1709/1709
f 1699/1699/1699 1709/1709/1709 1710/1710/1710
f 1710/1710/1710 1709/1709/1709 1711/1711/1711
f 1710/1710/1710 1711/1711/1711 1712/1712/1712
f 1706/1706/1706 1708/1708/1708 1713/1713/1713
f 1706/1706/1706 1713/1713/1713 1709/1709/1709
f 1709/1709/1709 1713/1713/1713 1714/1714/1714
f 1709/1709/1709 1714/1714/1714 1711/1711/1711
f 1699/1699/1699 1710/1710/1710 1715/1715/1715
f 1699/1699/1699 1715/1715/1715 1700/1700/1700
f 1700/1700/1700 1715/1715/1715 1716/1716/1716
f 1700/1700/1700 1716/1716/1716 1703/1703/1703
f 1710/1710/1710 1712/1712/1712 1717/1717/1717
f 1710/1710/1710 1717/1717/1717 1715/1715/1715
f 1715/1715/1715 1717/1717/1717 1718/1718/1718
f 1715/1715/1715 1718/1718/1718 1716/1716/1716
f 1719/1719/1719 1720/1720/1720 1721/1721/1721
f 1719/1719/1719 1721/1721/1721 1722/1722/1722
f 1722/1722/1722 1721/1721/1721 1717/1717/1717
f 1722/1722/1722 1717/1717/1717 1712/1712/1712
f 1720/1720/1720 1723/1723/1723 1724/1724/1724
f 1720/1720/1720 1724/1724/1724 1721/1721/1721
f 1721/1721/1721 1724/1724/1724 1718/1718/1718
f 1721/1721/1721 1718/1718/1718 1717/1717/1717
f 1719/1719/1719 1722/1722/1722 1725/1725/1725
f 1719/1719/1719 1725/1725/1725 1726/1726/1726
f 1726/1726/1726 1725/1725/1725 1727/1727/1727
f 1726/1726/1726 1727/1727/1727 1728/1728/1728
f 1722/1722/1722 1712/1712/1712 1711/1711/1711
f 1722/1722/1722 1711/1711/1711 1725/1725/1725
f 1725/1725/1725 1711/1711/1711 1714/1714/1714
f 1725/1725/1725 1714/1714/1714 1727/1727/1727
f 1719/1719/1719 1726/1726/1726 1729/1729/1729
f 1719/1719/1719 1729/1729/1729 1730/1730/1730
f 1730/1730/1730 1729/1729/1729 1731/1731/1731
f 1730/1730/1730 1731/1731/1731 1732/1732/1732
f 1726/1726/1726 1728/1728/1728 1733/1733/1733
f 1726/1726/1726 1733/1733/1733 1729/1729/1729
f 1729/1729/1729 1733/1733/1733 1734/1734/1734
f 1729/1729/1729 1734/1734/1734 1731/1731/1731
f 1719/1719/1719 1730/1730/1730 1735/1735/1735
f 1719/1719/1719 1735/1735/1735 1720/1720/1720
f 1720/1720/1720 1735/1735/1735 1736/1736/1736
f 1720/1720/1720 1736/1736/1736 1723/1723/1723
f 1730/1730/1730 1732/1732/1732 1737/1737/1737
f 1730/1730/1730 1737/1737/1737 1735/1735/1735
f 1735/1735/1735 1737/1737/1737 1738/1738/1738
f 1735/1735/1735 1738/1738/1738 1736/1736/1736
f 1739/1739/1739 1740/1740/1740 1741/1741/1741
f 1739/1739/1739 1741/1741/1741 1742/1742/1742
f 1742/1742/1742 1741/1741/1741 1648/1648/1648
f 1742/1742/1742 1648/1648/1648 1647/1647/1647
f 1740/1740/1740 1708/1708/1708 1707/1707/1707
f 1740/1740/1740 1707/1707/1707 1741/1741/1741
f 1741/1741/1741 1707/1707/1707 1642/1642/1642
f 1741/1741/1741 1642/1642/1642 1648/1648/1648
f 1739/1739/1739 1742/1742/1742 1743/1743/1743
f 1739/1739/1739 1743/1743/1743 1744/1744/1744
f 1744/1744/1744 1743/1743/1743 1745/1745/1745
f 1744/1744/1744 1745/1745/1745 1746/1746/1746
f 1742/1742/1742 1647/1647/1647 1660/1660/1660
f 1742/1742/1742 1660/1660/1660 1743/1743/1743
f 1743/1743/1743 1660/1660/1660 1662/1662/1662
f 1743/1743/1743 1662/1662/1662 1745/1745/1745
f 1739/1739/1739 1744/1744/1744 1747/1747/1747
f 1739/1739/1739 1747/1747/1747 1748/1748/1748
f 1748/1748/1748 1747/1747/1747 1749/1749/1749
f 1748/1748/1748 1749/1749/1749 1750/1750/1750
f 1744/1744/1744 1746/1746/1746 1751/1751/1751
f 1744/1744/1744 1751/1751/1751 1747/1747/1747
f 1747/1747/1747 1751/1751/1751 1752/1752/1752
f 1747/1747/1747 1752/1752/1752 1749/1749/1749
f 1739/1739/1739 1748/1748/1748 1753/1753/1753
f 1739/1739/1739 1753/1753/1753 1740/1740/1740
f 1740/1740/1740 1753/1753/1753 1713/1713/1713
f 1740/1740/1740 1713/1713/1713 1708/1708/1708
f 1748/1748/1748 1750/1750/1750 1754/1754/1754
f 1748/1748/1748 1754/1754/1754 1753/1753/1753
f 1753/1753/1753 1754/1754/1754 1714/1714/1714
f 1753/1753/1753 1714/1714/1714 1713/1713/1713
f 1755/1755/1755 1756/1756/1756 1757/1757/1757
f 1755/1755/1755 1757/1757/1757 1758/1758/1758
f 1758/1758/1758 1757/1757/1757 1754/1754/1754
f 1758/1758/1758 1754/1754/1754 1750/1750/1750
f 1756/1756/1756 1728/1728/1728 1727/1727/1727
f 1756/1756/1756 1727/1727/1727 1757/1757/1757
f 1757/1757/1757 1727/1727/1727 1714/1714/1714
f 1757/1757/1757 1714/1714/1714 1754/1754/1754
f 1755/1755/1755 1758/1758/1758 1759/1759/1759
f 1755/1755/1755 1759/1759/1759 1760/1760/1760
f 1760/1760/1760 1759/1759/1759 1761/1761/1761
f 1760/1760/1760 1761/1761/1761 1762/1762/1762
f 1758/1758/1758 1750/1750/1750 1749/1749/1749
f 1758/1758/1758 1749/1749/1749 1759/1759/1759
f 1759/1759/1759 1749/1749/1749 1752/1752/1752
f 1759/1759/1759 1752/1752/1752 1761/1761/1761
f 1755/1755/1755 1760/1760/1760 1763/1763/1763
f 1755/1755/1755 1763/1763/1763 1764/1764/1764
f 1764/1764/1764 1763/1763/1763 1765/1765/1765
f 1764/1764/1764 1765/1765/1765 1766/1766/1766
f 1760/1760/1760 1762/1762/1762 1767/1767/1767
f 1760/1760/1760 1767/1767/1767 1763/1763/1763
f 1763/1763/1763 1767/1767/1767 1768/1768/1768
f 1763/1763/1763 1768/1768/1768 1765/1765/1765
f 1755/1755/1755 1764/1764/1764 1769/1769/1769
f 1755/1755/1755 1769/1769/1769 1756/1756/1756
f 1756/1756/1756 1769/1769/1769 1733/1733/1733
f 1756/1756/1756 1733/1733/1733 1728/1728/1728
f 1764/1764/1764 1766/1766/1766 1770/1770/1770
f 1764/1764/1764 1770/1770/1770 1769/1769/1769
f 1769/1769/1769 1770/1770/1770 1734/1734/1734
f 1769/1769/1769 1734/1734/1734 1733/1733/1733
f 1771/1771/1771 1772/1772/1772 1773/1773/1773
f 1771/1771/1771 1773/1773/1773 1774/1774/1774
f 1774/1774/1774 1773/1773/1773 1704/1704/1704
f 1774/1774/1774 1704/1704/1704 1703/1703/1703
f 1772/1772/1772 1775/1775/1775 1776/1776/1776
f 1772/1772/1772 1776/1776/1776 1773/1773/1773
f 1773/1773/1773 1776/1776/1776 1626/1626/1626
f 1773/1773/1773 1626/1626/1626 1704/1704/1704
f 1771/1771/1771 1774/1774/1774 1777/1777/1777
f 1771/1771/1771 1777/1777/1777 1778/1778/1778
f 1778/1778/1778 1777/1777/1777 1779/1779/1779
f 1778/1778/1778 1779/1779/1779 1780/1780/1780
f 1774/1774/1774 1703/1703/1703 1716/1716/1716
f 1774/1774/1774 1716/1716/1716 1777/1777/1777
f 1777/1777/1777 1716/1716/1716 1718/1718/1718
f 1777/1777/1777 1718/1718/1718 1779/1779/1779
f 1771/1771/1771 1778/1778/1778 1781/1781/1781
f 1771/1771/1771 1781/1781/1781 1782/1782/1782
f 1782/1782/1782 1781/1781/1781 1783/1783/1783
f 1782/1782/1782 1783/1783/1783 1784/1784/1784
f 1778/1778/1778 1780/1780/1780 1785/1785/1785
f 1778/1778/1778 1785/1785/1785 1781/1781/1781
f 1781/1781/1781 1785/1785/1785 1786/1786/1786
f 1781/1781/1781 1786/1786/1786 1783/1783/1783
f 1771/1771/1771 1782/1782/1782 1787/1787/1787
f 1771/1771/1771 1787/1787/1787 1772/1772/1772
f 1772/1772/1772 1787/1787/1787 1788/1788/1788
f 1772/1772/1772 1788/1788/1788 1775/1775/1775
f 1782/1782/1782 1784/1784/1784 1789/1789/1789
f 1782/1782/1782 1789/1789/1789 1787/1787/1787
f 1787/1787/1787 1789/1789/1789 1790/1790/1790
f 1787/1787/1787 1790/1790/1790 1788/1788/1788
f 1791/1791/1791 1792/1792/1792 1793/1793/1793
f 1791/1791/1791 1793/1793/1793 1794/1794/1794
f 1794/1794/1794 1793/1793/1793 1789/1789/1789
f 1794/1794/1794 1789/1789/1789 1784/1784/1784
f 1792/1792/1792 1795/1795/1795 1796/1796/1796
f 1792/1792/1792 1796/1796/1796 1793/1793/1793
f 1793/1793/1793 1796/1796/1796 1790/1790/1790
f 1793/1793/1793 1790/1790/1790 1789/1789/1789
f 1791/1791/1791 1794/1794/1794 1797/1797/1797
f 1791/1791/1791 1797/1797/1797 1798/1798/1798
f 1798/1798/1798 1797/1797/1797 1799/1799/1799
f 1798/1798/1798 1799/1799/1799 1800/1800/1800
f 1794/1794/1794 1784/1784/1784 1783/1783/1783
f 1794/1794/1794 1783/1783/1783 1797/1797/1797
f 1797/1797/1797 1783/1783/1783 1786/1786/1786
f 1797/1797/1797 1786/1786/1786 1799/1799/1799
f 1791/1791/1791 1798/1798/1798 1801/1801/1801
f 1791/1791/1791 1801/1801/1801 1802/1802/1802
f 1802/1802/1802 1801/1801/1801 967/967/967
f 1802/1802/1802 967/967/967 962/962/962
f 1798/1798/1798 1800/1800/1800 1803/1803/1803
f 1798/1798/1798 1803/1803/1803 1801/1801/1801
f 1801/1801/1801 1803/1803/1803 968/968/968
f 1801/1801/1801 968/968/968 967/967/967
f 1791/1791/1791 1802/1802/1802 1804/1804/1804
f 1791/1791/1791 1804/1804/1804 1792/1792/1792
f 1792/1792/1792 1804/1804/1804 1805/1805/1805
f 1792/1792/1792 1805/1805/1805 1795/1795/1795
f 1802/1802/1802 962/962/962 961/961/961
f 1802/1802/1802 961/961/961 1804/1804/1804
f 1804/1804/1804 961/961/961 878/878/878
f 1804/1804/1804 878/878/878 1805/1805/1805
f 1806/1806/1806 1807/1807/1807 1808/1808/1808
f 1806/1806/1806 1808/1808/1808 1809/1809/1809
f 1809/1809/1809 1808/1808/1808 1724/1724/1724
f 1809/1809/1809 1724/1724/1724 1723/1723/1723
f 1807/1807/1807 1780/1780/1780 1779/1779/1779
f 1807/1807/1807 1779/1779/1779 1808/1808/1808
f 1808/1808/1808 1779/1779/1779 1718/1718/1718
f 1808/1808/1808 1718/1718/1718 1724/1724/1724
f 1806/1806/1806 1809/1809/1809 1810/1810/1810
f 1806/1806/1806 1810/1810/1810 1811/1811/1811
f 1811/1811/1811 1810/1810/1810 1812/1812/1812
f 1811/1811/1811 1812/1812/1812 1813/1813/1813
f 1809/1809/1809 1723/1723/1723 1736/1736/1736
f 1809/1809/1809 1736/1736/1736 1810/1810/1810
f 1810/1810/1810 1736/1736/1736 1738/1738/1738
f 1810/1810/1810 1738/1738/1738 1812/1812/1812
f 1806/1806/1806 1811/1811/1811 1814/1814/1814
f 1806/1806/1806 1814/1814/1814 1815/1815/1815
f 1815/1815/1815 1814/1814/1814 1816/1816/1816
f 1815/1815/1815 1816/1816/1816 1817/1817/1817
f 1811/1811/1811 1813/1813/1813 1818/1818/1818
f 1811/1811/1811 1818/1818/1818 1814/1814/1814
f 1814/1814/1814 1818/1818/1818 1819/1819/1819
f 1814/1814/1814 1819/1819/1819 1816/1816/1816
f 1806/1806/1806 1815/1815/1815 1820/1820/1820
f 1806/1806/1806 1820/1820/1820 1807/1807/1807
f 1807/1807/1807 1820/1820/1820 1785/1785/1785
f 1807/1807/1807 1785/1785/1785 1780/1780/1780
f 1815/1815/1815 1817/1817/1817 1821/1821/1821
f 1815/1815/1815 1821/1821/1821 1820/1820/1820
f 1820/1820/1820 1821/1821/1821 1786/1786/1786
f 1820/1820/1820 1786/1786/1786 1785/1785/1785
f 1822/1822/1822 1823/1823/1823 1824/1824/1824
f 1822/1822/1822 1824/1824/1824 1825/1825/1825
f 1825/1825/1825 1824/1824/1824 1821/1821/1821
f 1825/1825/1825 1821/1821/1821 1817/1817/1817
f 1823/1823/1823 1800/1800/1800 1799/1799/1799
f 1823/1823/1823 1799/1799/1799 1824/1824/1824
f 1824/1824/1824 1799/1799/1799 1786/1786/1786
f 1824/1824/1824 1786/1786/1786 1821/1821/1821
f 1822/1822/1822 1825/1825/1825 1826/1826/1826
f 1822/1822/1822 1826/1826/1826 1827/1827/1827
f 1827/1827/1827 1826/1826/1826 1828/1828/1828
f 1827/1827/1827 1828/1828/1828 1829/1829/1829
f 1825/1825/1825 1817/1817/1817 1816/1816/1816
f 1825/1825/1825 1816/1816/1816 1826/1826/1826
f 1826/1826/1826 1816/1816/1816 1819/1819/1819
f 1826/1826/1826 1819/1819/1819 1828/1828/1828
f 1822/1822/1822 1827/1827/1827 1830/1830/1830
f 1822/1822/1822 1830/1830/1830 1831/1831/1831
f 1831/1831/1831 1830/1830/1830 983/983/983
f 1831/1831/1831 983/983/983 978/978/978
f 1827/1827/1827 1829/1829/1829 1832/1832/1832
f 1827/1827/1827 1832/1832/1832 1830/1830/1830
f 1830/1830/1830 1832/1832/1832 984/984/984
f 1830/1830/1830 984/984/984 983/983/983
f 1822/1822/1822 1831/1831/1831 1833/1833/1833
f 1822/1822/1822 1833/1833/1833 1823/1823/1823
f 1823/1823/1823 1833/1833/1833 1803/1803/1803
f 1823/1823/1823 1803/1803/1803 1800/1800/1800
f 1831/1831/1831 978/978/978 977/977/977
f 1831/1831/1831 977/977/977 1833/1833/1833
f 1833/1833/1833 977/977/977 968/968/968
f 1833/1833/1833 968/968/968 1803/1803/1803
f 1834/1834/1834 1835/1835/1835 1836/1836/1836
f 1834/1834/1834 1836/1836/1836 1837/1837/1837
f 1837/1837/1837 1836/1836/1836 1776/1776/1776
f 1837/1837/1837 1776/1776/1776 1775/1775/1775
f 1835/1835/1835 1623/1623/1623 1622/1622/1622
f 1835/1835/1835 1622/1622/1622 1836/1836/1836
f 1836/1836/1836 1622/1622/1622 1626/1626/1626
f 1836/1836/1836 1626/1626/1626 1776/1776/1776
f 1834/1834/1834 1837/1837/1837 1838/1838/1838
f 1834/1834/1834 1838/1838/1838 1839/1839/1839
f 1839/1839/1839 1838/1838/1838 1840/1840/1840
f 1839/1839/1839 1840/1840/1840 1841/1841/1841
f 1837/1837/1837 1775/1775/1775 1788/1788/1788
f 1837/1837/1837 1788/1788/1788 1838/1838/1838
f 1838/1838/1838 1788/1788/1788 1790/1790/1790
f 1838/1838/1838 1790/1790/1790 1840/1840/1840
f 1834/1834/1834 1839/1839/1839 1842/1842/1842
f 1834/1834/1834 1842/1842/1842 1843/1843/1843
f 1843/1843/1843 1842/1842/1842 1844/1844/1844
f 1843/1843/1843 1844/1844/1844 1845/1845/1845
f 1839/1839/1839 1841/1841/1841 1846/1846/1846
f 1839/1839/1839 1846/1846/1846 1842/1842/1842
f 1842/1842/1842 1846/1846/1846 1847/1847/1847
f 1842/1842/1842 1847/1847/1847 1844/1844/1844
f 1834/1834/1834 1843/1843/1843 1848/1848/1848
f 1834/1834/1834 1848/1848/1848 1835/1835/1835
f 1835/1835/1835 1848/1848/1848 1631/1631/1631
f 1835/1835/1835 1631/1631/1631 1623/1623/1623
f 1843/1843/1843 1845/1845/1845 1849/1849/1849
f 1843/1843/1843 1849/1849/1849 1848/1848/1848
f 1848/1848/1848 1849/1849/1849 1632/1632/1632
f 1848/1848/1848 1632/1632/1632 1631/1631/1631
f 1850/1850/1850 1851/1851/1851 1852/1852/1852
f 1850/1850/1850 1852/1852/1852 1853/1853/1853
f 1853/1853/1853 1852/1852/1852 1849/1849/1849
f 1853/1853/1853 1849/1849/1849 1845/1845/1845
f 1851/1851/1851 1668/1668/1668 1667/1667/1667
f 1851/1851/1851 1667/1667/1667 1852/1852/1852
f 1852/1852/1852 1667/1667/1667 1632/1632/1632
f 1852/1852/1852 1632/1632/1632 1849/1849/1849
f 1850/1850/1850 1853/1853/1853 1854/1854/1854
f 1850/1850/1850 1854/1854/1854 1855/1855/1855
f 1855/1855/1855 1854/1854/1854 1856/1856/1856
f 1855/1855/1855 1856/1856/1856 1857/1857/1857
f 1853/1853/1853 1845/1845/1845 1844/1844/1844
f 1853/1853/1853 1844/1844/1844 1854/1854/1854
f 1854/1854/1854 1844/1844/1844 1847/1847/1847
f 1854/1854/1854 1847/1847/1847 1856/1856/1856
f 1850/1850/1850 1855/1855/1855 1858/1858/1858
f 1850/1850/1850 1858/1858/1858 1859/1859/1859
f 1859/1859/1859 1858/1858/1858 1860/1860/1860
f 1859/1859/1859 1860/1860/1860 1861/1861/1861
f 1855/1855/1855 1857/1857/1857 1862/1862/1862
f 1855/1855/1855 1862/1862/1862 1858/1858/1858
f 1858/1858/1858 1862/1862/1862 1863/1863/1863
f 1858/1858/1858 1863/1863/1863 1860/1860/1860
f 1850/1850/1850 1859/1859/1859 1864/1864/1864
f 1850/1850/1850 1864/1864/1864 1851/1851/1851
f 1851/1851/1851 1864/1864/1864 1673/1673/1673
f 1851/1851/1851 1673/1673/1673 1668/1668/1668
f 1859/1859/1859 1861/1861/1861 1865/1865/1865
f 1859/1859/1859 1865/1865/1865 1864/1864/1864
f 1864/1864/1864 1865/1865/1865 1674/1674/1674
f 1864/1864/1864 1674/1674/1674 1673/1673/1673
f 1866/1866/1866 1867/1867/1867 1868/1868/1868
f 1866/1866/1866 1868/1868/1868 1869/1869/1869
f 1869/1869/1869 1868/1868/1868 1796/1796/1796
f 1869/1869/1869 1796/1796/1796 1795/1795/1795
f 1867/1867/1867 1841/1841/1841 1840/1840/1840
f 1867/1867/1867 1840/1840/1840 1868/1868/1868
f 1868/1868/1868 1840/1840/1840 1790/1790/1790
f 1868/1868/1868 1790/1790/1790 1796/1796/1796
f 1866/1866/1866 1869/1869/1869 1870/1870/1870
f 1866/1866/1866 1870/1870/1870 1871/1871/1871
f 1871/1871/1871 1870/1870/1870 877/877/877
f 1871/1871/1871 877/877/877 872/872/872
f 1869/1869/1869 1795/1795/1795 1805/1805/1805
f 1869/1869/1869 1805/1805/1805 1870/1870/1870
f 1870/1870/1870 1805/1805/1805 878/878/878
f 1870/1870/1870 878/878/878 877/877/877
f 1866/1866/1866 1871/1871/1871 1872/1872/1872
f 1866/1866/1866 1872/1872/1872 1873/1873/1873
f 1873/1873/1873 1872/1872/1872 1874/1874/1874
f 1873/1873/1873 1874/1874/1874 1875/1875/1875
f 1871/1871/1871 872/872/872 871/871/871
f 1871/1871/1871 871/871/871 1872/1872/1872
f 1872/1872/1872 871/871/871 874/874/874
f 1872/1872/1872 874/874/874 1874/1874/1874
f 1866/1866/1866 1873/1873/1873 1876/1876/1876
f 1866/1866/1866 1876/1876/1876 1867/1867/1867
f 1867/1867/1867 1876/1876/1876 1846/1846/1846
f 1867/1867/1867 1846/1846/1846 1841/1841/1841
f 1873/1873/1873 1875/1875/1875 1877/1877/1877
f 1873/1873/1873 1877/1877/1877 1876/1876/1876
f 1876/1876/1876 1877/1877/1877 1847/1847/1847
f 1876/1876/1876 1847/1847/1847 1846/1846/1846
f 1878/1878/1878 1879/1879/1879 1880/1880/1880
f 1878/1878/1878 1880/1880/1880 1881/1881/1881
f 1881/1881/1881 1880/1880/1880 1877/1877/1877
f 1881/1881/1881 1877/1877/1877 1875/1875/1875
f 1879/1879/1879 1857/1857/1857 1856/1856/1856
f 1879/1879/1879 1856/1856/1856 1880/1880/1880
f 1880/1880/1880 1856/1856/1856 1847/1847/1847
f 1880/1880/1880 1847/1847/1847 1877/1877/1877
f 1878/1878/1878 1881/1881/1881 1882/1882/1882
f 1878/1878/1878 1882/1882/1882 1883/1883/1883
f 1883/1883/1883 1882/1882/1882 914/914/914
f 1883/1883/1883 914/914/914 910/910/910
f 1881/1881/1881 1875/1875/1875 1874/1874/1874
f 1881/1881/1881 1874/1874/1874 1882/1882/1882
f 1882/1882/1882 1874/1874/1874 874/874/874
f 1882/1882/1882 874/874/874 914/914/914
f 1878/1878/1878 1883/1883/1883 1884/1884/1884
f 1878/1878/1878 1884/1884/1884 1885/1885/1885
f 1885/1885/1885 1884/1884/1884 1886/1886/1886
f 1885/1885/1885 1886/1886/1886 1887/1887/1887
f 1883/1883/1883 910/910/910 909/909/909
f 1883/1883/1883 909/909/909 1884/1884/1884
f 1884/1884/1884 909/909/909 912/912/912
f 1884/1884/1884 912/912/912 1886/1886/1886
f 1878/1878/1878 1885/1885/1885 1888/1888/1888
f 1878/1878/1878 1888/1888/1888 1879/1879/1879
f 1879/1879/1879 1888/1888/1888 1862/1862/1862
f 1879/1879/1879 1862/1862/1862 1857/1857/1857
f 1885/1885/1885 1887/1887/1887 1889/1889/1889
f 1885/1885/1885 1889/1889/1889 1888/1888/1888
f 1888/1888/1888 1889/1889/1889 1863/1863/1863
f 1888/1888/1888 1863/1863/1863 1862/1862/1862
f 1890/1890/1890 1891/1891/1891 1892/1892/1892
f 1890/1890/1890 1892/1892/1892 1893/1893/1893
f 1893/1893/1893 1892/1892/1892 1894/1894/1894
f 1893/1893/1893 1894/1894/1894 1895/1895/1895
f 1891/1891/1891 1896/1896/1896 1897/1897/1897
f 1891/1891/1891 1897/1897/1897 1892/1892/1892
f 1892/1892/1892 1897/1897/1897 1898/1898/1898
f 1892/1892/1892 1898/1898/1898 1894/1894/1894
f 1890/1890/1890 1893/1893/1893 1899/1899/1899
f 1890/1890/1890 1899/1899/1899 1900/1900/1900
f 1900/1900/1900 1899/1899/1899 1901/1901/1901
f 1900/1900/1900 1901/1901/1901 1902/1902/1902
f 1893/1893/1893 1895/1895/1895 1903/1903/1903
f 1893/1893/1893 1903/1903/1903 1899/1899/1899
f 1899/1899/1899 1903/1903/1903 1904/1904/1904
f 1899/1899/1899 1904/1904/1904 1901/1901/1901
f 1890/1890/1890 1900/1900/1900 1905/1905/1905
f 1890/1890/1890 1905/1905/1905 1906/1906/1906
f 1906/1906/1906 1905/1905/1905 1907/1907/1907
f 1906/1906/1906 1907/1907/1907 1908/1908/1908
f 1900/1900/1900 1902/1902/1902 1909/1909/1909
f 1900/1900/1900 1909/1909/1909 1905/1905/1905
f 1905/1905/1905 1909/1909/1909 1910/1910/1910
f 1905/1905/1905 1910/1910/1910 1907/1907/1907
f 1890/1890/1890 1906/1906/1906 1911/1911/1911
f 1890/1890/1890 1911/1911/1911 1891/1891/1891
f 1891/1891/1891 1911/1911/1911 1912/1912/1912
f 1891/1891/1891 1912/1912/1912 1896/1896/1896
f 1906/1906/1906 1908/1908/1908 1913/1913/1913
f 1906/1906/1906 1913/1913/1913 1911/1911/1911
f 1911/1911/1911 1913/1913/1913 1914/1914/1914
f 1911/1911/1911 1914/1914/1914 1912/1912/1912
f 1915/1915/1915 1916/1916/1916 1917/1917/1917
f 1915/1915/1915 1917/1917/1917 1918/1918/1918
f 1918/1918/1918 1917/1917/1917 1913/1913/1913
f 1918/1918/1918 1913/1913/1913 1908/1908/1908
f 1916/1916/1916 1919/1919/1919 1920/1920/1920
f 1916/1916/1916 1920/1920/1920 1917/1917/1917
f 1917/1917/1917 1920/1920/1920 1914/1914/1914
f 1917/1917/1917 1914/1914/1914 1913/1913/1913
f 1915/1915/1915 1918/1918/1918 1921/1921/1921
f 1915/1915/1915 1921/1921/1921 1922/1922/1922
f 1922/1922/1922 1921/1921/1921 1923/1923/1923
f 1922/1922/1922 1923/1923/1923 1924/1924/1924
f 1918/1918/1918 1908/1908/1908 1907/1907/1907
f 1918/1918/1918 1907/1907/1907 1921/1921/1921
f 1921/1921/1921 1907/1907/1907 1910/1910/1910
f 1921/1921/1921 1910/1910/1910 1923/1923/1923
f 1915/1915/1915 1922/1922/1922 1925/1925/1925
f 1915/1915/1915 1925/1925/1925 1926/1926/1926
f 1926/1926/1926 1925/1925/1925 1927/1927/1927
f 1926/1926/1926 1927/1927/1927 1928/1928/1928
f 1922/1922/1922 1924/1924/1924 1929/1929/1929
f 1922/1922/1922 1929/1929/1929 1925/1925/1925
f 1925/1925/1925 1929/1929/1929 1930/1930/1930
f 1925/1925/1925 1930/1930/1930 1927/1927/1927
f 1915/1915/1915 1926/1926/1926 1931/1931/1931
f 1915/1915/1915 1931/1931/1931 1916/1916/1916
f 1916/1916/1916 1931/1931/1931 1932/1932/1932
f 1916/1916/1916 1932/1932/1932 1919/1919/1919
f 1926/1926/1926 1928/1928/1928 1933/1933/1933
f 1926/1926/1926 1933/1933/1933 1931/1931/1931
f 1931/1931/1931 1933/1933/1933 1934/1934/1934
f 1931/1931/1931 1934/1934/1934 1932/1932/1932
f 1935/1935/1935 1936/1936/1936 1937/1937/1937
f 1935/1935/1935 1937/1937/1937 1938/1938/1938
f 1938/1938/1938 1937/1937/1937 1939/1939/1939
f 1938/1938/1938 1939/1939/1939 1940/1940/1940
f 1936/1936/1936 1902/1902/1902 1901/1901/1901
f 1936/1936/1936 1901/1901/1901 1937/1937/1937
f 1937/1937/1937 1901/1901/1901 1904/1904/1904
f 1937/1937/1937 1904/1904/1904 1939/1939/1939
f 1935/1935/1935 1938/1938/1938 1941/1941/1941
f 1935/1935/1935 1941/1941/1941 1942/1942/1942
f 1942/1942/1942 1941/1941/1941 1737/1737/1737
f 1942/1942/1942 1737/1737/1737 1732/1732/1732
f 1938/1938/1938 1940/1940/1940 1943/1943/1943
f 1938/1938/1938 1943/1943/1943 1941/1941/1941
f 1941/1941/1941 1943/1943/1943 1738/1738/1738
f 1941/1941/1941 1738/1738/1738 1737/1737/1737
f 1935/1935/1935 1942/1942/1942 1944/1944/1944
f 1935/1935/1935 1944/1944/1944 1945/1945/1945
f 1945/1945/1945 1944/1944/1944 1946/1946/1946
f 1945/1945/1945 1946/1946/1946 1947/1947/1947
f 1942/1942/1942 1732/1732/1732 1731/1731/1731
f 1942/1942/1942 1731/1731/1731 1944/1944/1944
f 1944/1944/1944 1731/1731/1731 1734/1734/1734
f 1944/1944/1944 1734/1734/1734 1946/1946/1946
f 1935/1935/1935 1945/1945/1945 1948/1948/1948
f 1935/1935/1935 1948/1948/1948 1936/1936/1936
f 1936/1936/1936 1948/1948/1948 1909/1909/1909
f 1936/1936/1936 1909/1909/1909 1902/1902/1902
f 1945/1945/1945 1947/1947/1947 1949/1949/1949
f 1945/1945/1945 1949/1949/1949 1948/1948/1948
f 1948/1948/1948 1949/1949/1949 1910/1910/1910
f 1948/1948/1948 1910/1910/1910 1909/1909/1909
f 1950/1950/1950 1951/1951/1951 1952/1952/1952
f 1950/1950/1950 1952/1952/1952 1953/1953/1953
f 1953/1953/1953 1952/1952/1952 1949/1949/1949
f 1953/1953/1953 1949/1949/1949 1947/1947/1947
f 1951/1951/1951 1924/1924/1924 1923/1923/1923
f 1951/1951/1951 1923/1923/1923 1952/1952/1952
f 1952/1952/1952 1923/1923/1923 1910/1910/1910
f 1952/1952/1952 1910/1910/1910 1949/1949/1949
f 1950/1950/1950 1953/1953/1953 1954/1954/1954
f 1950/1950/1950 1954/1954/1954 1955/1955/1955
f 1955/1955/1955 1954/1954/1954 1770/1770/1770
f 1955/1955/1955 1770/1770/1770 1766/1766/1766
f 1953/1953/1953 1947/1947/1947 1946/1946/1946
f 1953/1953/1953 1946/1946/1946 1954/1954/1954
f 1954/1954/1954 1946/1946/1946 1734/1734/1734
f 1954/1954/1954 1734/1734/1734 1770/1770/1770
f 1950/1950/1950 1955/1955/1955 1956/1956/1956
f 1950/1950/1950 1956/1956/1956 1957/1957/1957
f 1957/1957/1957 1956/1956/1956 1958/1958/1958
f 1957/1957/1957 1958/1958/1958 1959/1959/1959
f 1955/1955/1955 1766/1766/1766 1765/1765/1765
f 1955/1955/1955 1765/1765/1765 1956/1956/1956
f 1956/1956/1956 1765/1765/1765 1768/1768/1768
f 1956/1956/1956 1768/1768/1768 1958/1958/1958
f 1950/1950/1950 1957/1957/1957 1960/1960/1960
f 1950/1950/1950 1960/1960/1960 1951/1951/1951
f 1951/1951/1951 1960/1960/1960 1929/1929/1929
f 1951/1951/1951 1929/1929/1929 1924/1924/1924
f 1957/1957/1957 1959/1959/1959 1961/1961/1961
f 1957/1957/1957 1961/1961/1961 1960/1960/1960
f 1960/1960/1960 1961/1961/1961 1930/1930/1930
f 1960/1960/1960 1930/1930/1930 1929/1929/1929
f 1962/1962/1962 1963/1963/1963 1964/1964/1964
f 1962/1962/1962 1964/1964/1964 1965/1965/1965
f 1965/1965/1965 1964/1964/1964 1897/1897/1897
f 1965/1965/1965 1897/1897/1897 1896/1896/1896
f 1963/1963/1963 1966/1966/1966 1967/1967/1967
f 1963/1963/1963 1967/1967/1967 1964/1964/1964
f 1964/1964/1964 1967/1967/1967 1898/1898/1898
f 1964/1964/1964 1898/1898/1898 1897/1897/1897
f 1962/1962/1962 1965/1965/1965 1968/1968/1968
f 1962/1962/1962 1968/1968/1968 1969/1969/1969
f 1969/1969/1969 1968/1968/1968 1970/1970/1970
f 1969/1969/1969 1970/1970/1970 1971/1971/1971
f 1965/1965/1965 1896/1896/1896 1912/1912/1912
f 1965/1965/1965 1912/1912/1912 1968/1968/1968
f 1968/1968/1968 1912/1912/1912 1914/1914/1914
f 1968/1968/1968 1914/1914/1914 1970/1970/1970
f 1962/1962/1962 1969/1969/1969 1972/1972/1972
f 1962/1962/1962 1972/1972/1972 1973/1973/1973
f 1973/1973/1973 1972/1972/1972 1974/1974/1974
f 1973/1973/1973 1974/1974/1974 1975/1975/1975
f 1969/1969/1969 1971/1971/1971 1976/1976/1976
f 1969/1969/1969 1976/1976/1976 1972/1972/1972
f 1972/1972/1972 1976/1976/1976 1977/1977/1977
f 1972/1972/1972 1977/1977/1977 1974/1974/1974
f 1962/1962/1962 1973/1973/1973 1978/1978/1978
f 1962/1962/1962 1978/1978/1978 1963/1963/1963
f 1963/1963/1963 1978/1978/1978 1979/1979/1979
f 1963/1963/1963 1979/1979/1979 1966/1966/1966
f 1973/1973/1973 1975/1975/1975 1980/1980/1980
f 1973/1973/1973 1980/1980/1980 1978/1978/1978
f 1978/1978/1978 1980/1980/1980 1981/1981/1981
f 1978/1978/1978 1981/1981/1981 1979/1979/1979
f 1982/1982/1982 1983/1983/1983 1984/1984/1984
f 1982/1982/1982 1984/1984/1984 1985/1985/1985
f 1985/1985/1985 1984/1984/1984 1980/1980/1980
f 1985/1985/1985 1980/1980/1980 1975/1975/1975
f 1983/1983/1983 1986/1986/1986 1987/1987/1987
f 1983/1983/1983 1987/1987/1987 1984/1984/1984
f 1984/1984/1984 1987/1987/1987 1981/1981/1981
f 1984/1984/1984 1981/1981/1981 1980/1980/1980
f 1982/1982/1982 1985/1985/1985 1988/1988/1988
f 1982/1982/1982 1988/1988/1988 1989/1989/1989
f 1989/1989/1989 1988/1988/1988 1990/1990/1990
f 1989/1989/1989 1990/1990/1990 1991/1991/1991
f 1985/1985/1985 1975/1975/1975 1974/1974/1974
f 1985/1985/1985 1974/1974/1974 1988/1988/1988
f 1988/1988/1988 1974/1974/1974 1977/1977/1977
f 1988/1988/1988 1977/1977/1977 1990/1990/1990
f 1982/1982/1982 1989/1989/1989 1992/1992/1992
f 1982/1982/1982 1992/1992/1992 1993/1993/1993
f 1993/1993/1993 1992/1992/1992 1994/1994/1994
f 1993/1993/1993 1994/1994/1994 1995/1995/1995
f 1989/1989/1989 1991/1991/1991 1996/1996/1996
f 1989/1989/1989 1996/1996/1996 1992/1992/1992
f 1992/1992/1992 1996/1996/1996 1997/1997/1997
f 1992/1992/1992 1997/1997/1997 1994/1994/1994
f 1982/1982/1982 1993/1993/1993 1998/1998/1998
f 1982/1982/1982 1998/1998/1998 1983/1983/1983
f 1983/1983/1983 1998/1998/1998 1999/1999/1999
f 1983/1983/1983 1999/1999/1999 1986/1986/1986
f 1993/1993/1993 1995/1995/1995 2000/2000/2000
f 1993/1993/1993 2000/2000/2000 1998/1998/1998
f 1998/1998/1998 2000/2000/2000 2001/2001/2001
f 1998/1998/1998 2001/2001/2001 1999/1999/1999
f 2002/2002/2002 2003/2003/2003 2004/2004/2004
f 2002/2002/2002 2004/2004/2004 2005/2005/2005
f 2005/2005/2005 2004/2004/2004 1920/1920/1920
f 2005/2005/2005 1920/1920/1920 1919/1919/1919
f 2003/2003/2003 1971/1971/1971 1970/1970/1970
f 2003/2003/2003 1970/1970/1970 2004/2004/2004
f 2004/2004/2004 1970/1970/1970 1914/1914/1914
f 2004/2004/2004 1914/1914/1914 1920/1920/1920
f 2002/2002/2002 2005/2005/2005 2006/2006/2006
f 2002/2002/2002 2006/2006/2006 2007/2007/2007
f 2007/2007/2007 2006/2006/2006 2008/2008/2008
f 2007/2007/2007 2008/2008/2008 2009/2009/2009
f 2005/2005/2005 1919/1919/1919 1932/1932/1932
f 2005/2005/2005 1932/1932/1932 2006/2006/2006
f 2006/2006/2006 1932/1932/1932 1934/1934/1934
f 2006/2006/2006 1934/1934/1934 2008/2008/2008
f 2002/2002/2002 2007/2007/2007 2010/2010/2010
f 2002/2002/2002 2010/2010/2010 2011/2011/2011
f 2011/2011/2011 2010/2010/2010 2012/2012/2012
f 2011/2011/2011 2012/2012/2012 2013/2013/2013
f 2007/2007/2007 2009/2009/2009 2014/2014/2014
f 2007/2007/2007 2014/2014/2014 2010/2010/2010
f 2010/2010/2010 2014/2014/2014 2015/2015/2015
f 2010/2010/2010 2015/2015/2015 2012/2012/2012
f 2002/2002/2002 2011/2011/2011 2016/2016/2016
f 2002/2002/2002 2016/2016/2016 2003/2003/2003
f 2003/2003/2003 2016/2016/2016 1976/1976/1976
f 2003/2003/2003 1976/1976/1976 1971/1971/1971
f 2011/2011/2011 2013/2013/2013 2017/2017/2017
f 2011/2011/2011 2017/2017/2017 2016/2016/2016
f 2016/2016/2016 2017/2017/2017 1977/1977/1977
f 2016/2016/2016 1977/1977/1977 1976/1976/1976
f 2018/2018/2018 2019/2019/2019 2020/2020/2020
f 2018/2018/2018 2020/2020/2020 2021/2021/2021
f 2021/2021/2021 2020/2020/2020 2017/2017/2017
f 2021/2021/2021 2017/2017/2017 2013/2013/2013
f 2019/2019/2019 1991/1991/1991 1990/1990/1990
f 2019/2019/2019 1990/1990/1990 2020/2020/2020
f 2020/2020/2020 1990/1990/1990 1977/1977/1977
f 2020/2020/2020 1977/1977/1977 2017/2017/2017
f 2018/2018/2018 2021/2021/2021 2022/2022/2022
f 2018/2018/2018 2022/2022/2022 2023/2023/2023
f 2023/2023/2023 2022/2022/2022 2024/2024/2024
f 2023/2023/2023 2024/2024/2024 2025/2025/2025
f 2021/2021/2021 2013/2013/2013 2012/2012/2012
f 2021/2021/2021 2012/2012/2012 2022/2022/2022
f 2022/2022/2022 2012/2012/2012 2015/2015/2015
f 2022/2022/2022 2015/2015/2015 2024/2024/2024
f 2018/2018/2018 2023/2023/2023 2026/2026/2026
f 2018/2018/2018 2026/2026/2026 2027/2027/2027
f 2027/2027/2027 2026/2026/2026 2028/2028/2028
f 2027/2027/2027 2028/2028/2028 2029/2029/2029
f 2023/2023/2023 2025/2025/2025 2030/2030/2030
f 2023/2023/2023 2030/2030/2030 2026/2026/2026
f 2026/2026/2026 2030/2030/2030 2031/2031/2031
f 2026/2026/2026 2031/2031/2031 2028/2028/2028
f 2018/2018/2018 2027/2027/2027 2032/2032/2032
f 2018/2018/2018 2032/2032/2032 2019/2019/2019
f 2019/2019/2019 2032/2032/2032 1996/1996/1996
f 2019/2019/2019 1996/1996/1996 1991/1991/1991
f 2027/2027/2027 2029/2029/2029 2033/2033/2033
f 2027/2027/2027 2033/2033/2033 2032/2032/2032
f 2032/2032/2032 2033/2033/2033 1997/1997/1997
f 2032/2032/2032 1997/1997/1997 1996/1996/1996
f 2034/2034/2034 2035/2035/2035 2036/2036/2036
f 2034/2034/2034 2036/2036/2036 2037/2037/2037
f 2037/2037/2037 2036/2036/2036 1967/1967/1967
f 2037/2037/2037 1967/1967/1967 1966/1966/1966
f 2035/2035/2035 2038/2038/2038 2039/2039/2039
f 2035/2035/2035 2039/2039/2039 2036/2036/2036
f 2036/2036/2036 2039/2039/2039 1898/1898/1898
f 2036/2036/2036 1898/1898/1898 1967/1967/1967
f 2034/2034/2034 2037/2037/2037 2040/2040/2040
f 2034/2034/2034 2040/2040/2040 2041/2041/2041
f 2041/2041/2041 2040/2040/2040 2042/2042/2042
f 2041/2041/2041 2042/2042/2042 2043/2043/2043
f 2037/2037/2037 1966/1966/1966 1979/1979/1979
f 2037/2037/2037 1979/1979/1979 2040/2040/2040
f 2040/2040/2040 1979/1979/1979 1981/1981/1981
f 2040/2040/2040 1981/1981/1981 2042/2042/2042
f 2034/2034/2034 2041/2041/2041 2044/2044/2044
f 2034/2034/2034 2044/2044/2044 2045/2045/2045
f 2045/2045/2045 2044/2044/2044 2046/2046/2046
f 2045/2045/2045 2046/2046/2046 2047/2047/2047
f 2041/2041/2041 2043/2043/2043 2048/2048/2048
f 2041/2041/2041 2048/2048/2048 2044/2044/2044
f 2044/2044/2044 2048/2048/2048 2049/2049/2049
f 2044/2044/2044 2049/2049/2049 2046/2046/2046
f 2034/2034/2034 2045/2045/2045 2050/2050/2050
f 2034/2034/2034 2050/2050/2050 2035/2035/2035
f 2035/2035/2035 2050/2050/2050 2051/2051/2051
f 2035/2035/2035 2051/2051/2051 2038/2038/2038
f 2045/2045/2045 2047/2047/2047 2052/2052/2052
f 2045/2045/2045 2052/2052/2052 2050/2050/2050
f 2050/2050/2050 2052/2052/2052 2053/2053/2053
f 2050/2050/2050 2053/2053/2053 2051/2051/2051
f 2054/2054/2054 2055/2055/2055 2056/2056/2056
f 2054/2054/2054 2056/2056/2056 2057/2057/2057
f 2057/2057/2057 2056/2056/2056 2052/2052/2052
f 2057/2057/2057 2052/2052/2052 2047/2047/2047
f 2055/2055/2055 2058/2058/2058 2059/2059/2059
f 2055/2055/2055 2059/2059/2059 2056/2056/2056
f 2056/2056/2056 2059/2059/2059 2053/2053/2053
f 2056/2056/2056 2053/2053/2053 2052/2052/2052
f 2054/2054/2054 2057/2057/2057 2060/2060/2060
f 2054/2054/2054 2060/2060/2060 2061/2061/2061
f 2061/2061/2061 2060/2060/2060 2062/2062/2062
f 2061/2061/2061 2062/2062/2062 2063/2063/2063
f 2057/2057/2057 2047/2047/2047 2046/2046/2046
f 2057/2057/2057 2046/2046/2046 2060/2060/2060
f 2060/2060/2060 2046/2046/2046 2049/2049/2049
f 2060/2060/2060 2049/2049/2049 2062/2062/2062
f 2054/2054/2054 2061/2061/2061 2064/2064/2064
f 2054/2054/2054 2064/2064/2064 2065/2065/2065
f 2065/2065/2065 2064/2064/2064 1230/1230/1230
f 2065/2065/2065 1230/1230/1230 1225/1225/1225
f 2061/2061/2061 2063/2063/2063 2066/2066/2066
f 2061/2061/2061 2066/2066/2066 2064/2064/2064
f 2064/2064/2064 2066/2066/2066 1231/1231/1231
f 2064/2064/2064 1231/1231/1231 1230/1230/1230
f 2054/2054/2054 2065/2065/2065 2067/2067/2067
f 2054/2054/2054 2067/2067/2067 2055/2055/2055
f 2055/2055/2055 2067/2067/2067 2068/2068/2068
f 2055/2055/2055 2068/2068/2068 2058/2058/2058
f 2065/2065/2065 1225/1225/1225 1224/1224/1224
f 2065/2065/2065 1224/1224/1224 2067/2067/2067
f 2067/2067/2067 1224/1224/1224 1150/1150/1150
f 2067/2067/2067 1150/1150/1150 2068/2068/2068
f 2069/2069/2069 2070/2070/2070 2071/2071/2071
f 2069/2069/2069 2071/2071/2071 2072/2072/2072
f 2072/2072/2072 2071/2071/2071 1987/1987/1987
f 2072/2072/2072 1987/1987/1987 1986/1986/1986
f 2070/2070/2070 2043/2043/2043 2042/2042/2042
f 2070/2070/2070 2042/2042/2042 2071/2071/2071
f 2071/2071/2071 2042/2042/2042 1981/1981/1981
f 2071/2071/2071 1981/1981/1981 1987/1987/1987
f 2069/2069/2069 2072/2072/2072 2073/2073/2073
f 2069/2069/2069 2073/2073/2073 2074/2074/2074
f 2074/2074/2074 2073/2073/2073 2075/2075/2075
f 2074/2074/2074 2075/2075/2075 2076/2076/2076
f 2072/2072/2072 1986/1986/1986 1999/1999/1999
f 2072/2072/2072 1999/1999/1999 2073/2073/2073
f 2073/2073/2073 1999/1999/1999 2001/2001/2001
f 2073/2073/2073 2001/2001/2001 2075/2075/2075
f 2069/2069/2069 2074/2074/2074 2077/2077/2077
f 2069/2069/2069 2077/2077/2077 2078/2078/2078
f 2078/2078/2078 2077/2077/2077 2079/2079/2079
f 2078/2078/2078 2079/2079/2079 2080/2080/2080
f 2074/2074/2074 2076/2076/2076 2081/2081/2081
f 2074/2074/2074 2081/2081/2081 2077/2077/2077
f 2077/2077/2077 2081/2081/2081 2082/2082/2082
f 2077/2077/2077 2082/2082/2082 2079/2079/2079
f 2069/2069/2069 2078/2078/2078 2083/2083/2083
f 2069/2069/2069 2083/2083/2083 2070/2070/2070
f 2070/2070/2070 2083/2083/2083 2048/2048/2048
f 2070/2070/2070 2048/2048/2048 2043/2043/2043
f 2078/2078/2078 2080/2080/2080 2084/2084/2084
f 2078/2078/2078 2084/2084/2084 2083/2083/2083
f 2083/2083/2083 2084/2084/2084 2049/2049/2049
f 2083/2083/2083 2049/2049/2049 2048/2048/2048
f 2085/2085/2085 2086/2086/2086 2087/2087/2087
f 2085/2085/2085 2087/2087/2087 2088/2088/2088
f 2088/2088/2088 2087/2087/2087 2084/2084/2084
f 2088/2088/2088 2084/2084/2084 2080/2080/2080
f 2086/2086/2086 2063/2063/2063 2062/2062/2062
f 2086/2086/2086 2062/2062/2062 2087/2087/2087
f 2087/2087/2087 2062/2062/2062 2049/2049/2049
f 2087/2087/2087 2049/2049/2049 2084/2084/2084
f 2085/2085/2085 2088/2088/2088 2089/2089/2089
f 2085/2085/2085 2089/2089/2089 2090/2090/2090
f 2090/2090/2090 2089/2089/2089 2091/2091/2091
f 2090/2090/2090 2091/2091/2091 2092/2092/2092
f 2088/2088/2088 2080/2080/2080 2079/2079/2079
f 2088/2088/2088 2079/2079/2079 2089/2089/2089
f 2089/2089/2089 2079/2079/2079 2082/2082/2082
f 2089/2089/2089 2082/2082/2082 2091/2091/2091
f 2085/2085/2085 2090/2090/2090 2093/2093/2093
f 2085/2085/2085 2093/2093/2093 2094/2094/2094
f 2094/2094/2094 2093/2093/2093 1246/1246/1246
f 2094/2094/2094 1246/1246/1246 1241/1241/1241
f 2090/2090/2090 2092/2092/2092 2095/2095/2095
f 2090/2090/2090 2095/2095/2095 2093/2093/2093
f 2093/2093/2093 2095/2095/2095 1247/1247/1247
f 2093/2093/2093 1247/1247/1247 1246/1246/1246
f 2085/2085/2085 2094/2094/2094 2096/2096/2096
f 2085/2085/2085 2096/2096/2096 2086/2086/2086
f 2086/2086/2086 2096/2096/2096 2066/2066/2066
f 2086/2086/2086 2066/2066/2066 2063/2063/2063
f 2094/2094/2094 1241/1241/1241 1240/1240/1240
f 2094/2094/2094 1240/1240/1240 2096/2096/2096
f 2096/2096/2096 1240/1240/1240 1231/1231/1231
f 2096/2096/2096 1231/1231/1231 2066/2066/2066
f 2097/2097/2097 2098/2098/2098 2099/2099/2099
f 2097/2097/2097 2099/2099/2099 2100/2100/2100
f 2100/2100/2100 2099/2099/2099 2039/2039/2039
f 2100/2100/2100 2039/2039/2039 2038/2038/2038
f 2098/2098/2098 1895/1895/1895 1894/1894/1894
f 2098/2098/2098 1894/1894/1894 2099/2099/2099
f 2099/2099/2099 1894/1894/1894 1898/1898/1898
f 2099/2099/2099 1898/1898/1898 2039/2039/2039
f 2097/2097/2097 2100/2100/2100 2101/2101/2101
f 2097/2097/2097 2101/2101/2101 2102/2102/2102
f 2102/2102/2102 2101/2101/2101 2103/2103/2103
f 2102/2102/2102 2103/2103/2103 2104/2104/2104
f 2100/2100/2100 2038/2038/2038 2051/2051/2051
f 2100/2100/2100 2051/2051/2051 2101/2101/2101
f 2101/2101/2101 2051/2051/2051 2053/2053/2053
f 2101/2101/2101 2053/2053/2053 2103/2103/2103
f 2097/2097/2097 2102/2102/2102 2105/2105/2105
f 2097/2097/2097 2105/2105/2105 2106/2106/2106
f 2106/2106/2106 2105/2105/2105 2107/2107/2107
f 2106/2106/2106 2107/2107/2107 2108/2108/2108
f 2102/2102/2102 2104/2104/2104 2109/2109/2109
f 2102/2102/2102 2109/2109/2109 2105/2105/2105
f 2105/2105/2105 2109/2109/2109 2110/2110/2110
f 2105/2105/2105 2110/2110/2110 2107/2107/2107
f 2097/2097/2097 2106/2106/2106 2111/2111/2111
f 2097/2097/2097 2111/2111/2111 2098/2098/2098
f 2098/2098/2098 2111/2111/2111 1903/1903/1903
f 2098/2098/2098 1903/1903/1903 1895/1895/1895
f 2106/2106/2106 2108/2108/2108 2112/2112/2112
f 2106/2106/2106 2112/2112/2112 2111/2111/2111
f 2111/2111/2111 2112/2112/2112 1904/1904/1904
f 2111/2111/2111 1904/1904/1904 1903/1903/1903
f 2113/2113/2113 2114/2114/2114 2115/2115/2115
f 2113/2113/2113 2115/2115/2115 2116/2116/2116
f 2116/2116/2116 2115/2115/2115 2112/2112/2112
f 2116/2116/2116 2112/2112/2112 2108/2108/2108
f 2114/2114/2114 1940/1940/1940 1939/1939/1939
f 2114/2114/2114 1939/1939/1939 2115/2115/2115
f 2115/2115/2115 1939/1939/1939 1904/1904/1904
f 2115/2115/2115 1904/1904/1904 2112/2112/2112
f 2113/2113/2113 2116/2116/2116 2117/2117/2117
f 2113/2113/2113 2117/2117/2117 2118/2118/2118
f 2118/2118/2118 2117/2117/2117 2119/2119/2119
f 2118/2118/2118 2119/2119/2119 2120/2120/2120
f 2116/2116/2116 2108/2108/2108 2107/2107/2107
f 2116/2116/2116 2107/2107/2107 2117/2117/2117
f 2117/2117/2117 2107/2107/2107 2110/2110/2110
f 2117/2117/2117 2110/2110/2110 2119/2119/2119
f 2113/2113/2113 2118/2118/2118 2121/2121/2121
f 2113/2113/2113 2121/2121/2121 2122/2122/2122
f 2122/2122/2122 2121/2121/2121 1818/1818/1818
f 2122/2122/2122 1818/1818/1818 1813/1813/1813
f 2118/2118/2118 2120/2120/2120 2123/2123/2123
f 2118/2118/2118 2123/2123/2123 2121/2121/2121
f 2121/2121/2121 2123/2123/2123 1819/1819/1819
f 2121/2121/2121 1819/1819/1819 1818/1818/1818
f 2113/2113/2113 2122/2122/2122 2124/2124/2124
f 2113/2113/2113 2124/2124/2124 2114/2114/2114
f 2114/2114/2114 2124/2124/2124 1943/1943/1943
f 2114/2114/2114 1943/1943/1943 1940/1940/1940
f 2122/2122/2122 1813/1813/1813 1812/1812/1812
f 2122/2122/2122 1812/1812/1812 2124/2124/2124
f 2124/2124/2124 1812/1812/1812 1738/1738/1738
f 2124/2124/2124 1738/1738/1738 1943/1943/1943
f 2125/2125/2125 2126/2126/2126 2127/2127/2127
f 2125/2125/2125 2127/2127/2127 2128/2128/2128
f 2128/2128/2128 2127/2127/2127 2059/2059/2059
f 2128/2128/2128 2059/2059/2059 2058/2058/2058
f 2126/2126/2126 2104/2104/2104 2103/2103/2103
f 2126/2126/2126 2103/2103/2103 2127/2127/2127
f 2127/2127/2127 2103/2103/2103 2053/2053/2053
f 2127/2127/2127 2053/2053/2053 2059/2059/2059
f 2125/2125/2125 2128/2128/2128 2129/2129/2129
f 2125/2125/2125 2129/2129/2129 2130/2130/2130
f 2130/2130/2130 2129/2129/2129 1149/1149/1149
f 2130/2130/2130 1149/1149/1149 1144/1144/1144
f 2128/2128/2128 2058/2058/2058 2068/2068/2068
f 2128/2128/2128 2068/2068/2068 2129/2129/2129
f 2129/2129/2129 2068/2068/2068 1150/1150/1150
f 2129/2129/2129 1150/1150/1150 1149/1149/1149
f 2125/2125/2125 2130/2130/2130 2131/2131/2131
f 2125/2125/2125 2131/2131/2131 2132/2132/2132
f 2132/2132/2132 2131/2131/2131 2133/2133/2133
f 2132/2132/2132 2133/2133/2133 2134/2134/2134
f 2130/2130/2130 1144/1144/1144 1143/1143/1143
f 2130/2130/2130 1143/1143/1143 2131/2131/2131
f 2131/2131/2131 1143/1143/1143 1146/1146/1146
f 2131/2131/2131 1146/1146/1146 2133/2133/2133
f 2125/2125/2125 2132/2132/2132 2135/2135/2135
f 2125/2125/2125 2135/2135/2135 2126/2126/2126
f 2126/2126/2126 2135/2135/2135 2109/2109/2109
f 2126/2126/2126 2109/2109/2109 2104/2104/2104
f 2132/2132/2132 2134/2134/2134 2136/2136/2136
f 2132/2132/2132 2136/2136/2136 2135/2135/2135
f 2135/2135/2135 2136/2136/2136 2110/2110/2110
f 2135/2135/2135 2110/2110/2110 2109/2109/2109
f 2137/2137/2137 2138/2138/2138 2139/2139/2139
f 2137/2137/2137 2139/2139/2139 2140/2140/2140
f 2140/2140/2140 2139/2139/2139 2136/2136/2136
f 2140/2140/2140 2136/2136/2136 2134/2134/2134
f 2138/2138/2138 2120/2120/2120 2119/2119/2119
f 2138/2138/2138 2119/2119/2119 2139/2139/2139
f 2139/2139/2139 2119/2119/2119 2110/2110/2110
f 2139/2139/2139 2110/2110/2110 2136/2136/2136
f 2137/2137/2137 2140/2140/2140 2141/2141/2141
f 2137/2137/2137 2141/2141/2141 2142/2142/2142
f 2142/2142/2142 2141/2141/2141 1177/1177/1177
f 2142/2142/2142 1177/1177/1177 1175/1175/1175
f 2140/2140/2140 2134/2134/2134 2133/2133/2133
f 2140/2140/2140 2133/2133/2133 2141/2141/2141
f 2141/2141/2141 2133/2133/2133 1146/1146/1146
f 2141/2141/2141 1146/1146/1146 1177/1177/1177
f 2137/2137/2137 2142/2142/2142 2143/2143/2143
f 2137/2137/2137 2143/2143/2143 2144/2144/2144
f 2144/2144/2144 2143/2143/2143 1832/1832/1832
f 2144/2144/2144 1832/1832/1832 1829/1829/1829
f 2142/2142/2142 1175/1175/1175 1174/1174/1174
f 2142/2142/2142 1174/1174/1174 2143/2143/2143
f 2143/2143/2143 1174/1174/1174 984/984/984
f 2143/2143/2143 984/984/984 1832/1832/1832
f 2137/2137/2137 2144/2144/2144 2145/2145/2145
f 2137/2137/2137 2145/2145/2145 2138/2138/2138
f 2138/2138/2138 2145/2145/2145 2123/2123/2123
f 2138/2138/2138 2123/2123/2123 2120/2120/2120
f 2144/2144/2144 1829/1829/1829 1828/1828/1828
f 2144/2144/2144 1828/1828/1828 2145/2145/2145
f 2145/2145/2145 1828/1828/1828 1819/1819/1819
f 2145/2145/2145 1819/1819/1819 2123/2123/2123
f 2146/2146/2146 2147/2147/2147 2148/2148/2148
f 2146/2146/2146 2148/2148/2148 2149/2149/2149
f 2149/2149/2149 2148/2148/2148 2150/2150/2150
f 2149/2149/2149 2150/2150/2150 2151/2151/2151
f 2147/2147/2147 2152/2152/2152 2153/2153/2153
f 2147/2147/2147 2153/2153/2153 2148/2148/2148
f 2148/2148/2148 2153/2153/2153 2154/2154/2154
f 2148/2148/2148 2154/2154/2154 2150/2150/2150
f 2146/2146/2146 2149/2149/2149 2155/2155/2155
f 2146/2146/2146 2155/2155/2155 2156/2156/2156
f 2156/2156/2156 2155/2155/2155 2157/2157/2157
f 2156/2156/2156 2157/2157/2157 2158/2158/2158
f 2149/2149/2149 2151/2151/2151 2159/2159/2159
f 2149/2149/2149 2159/2159/2159 2155/2155/2155
f 2155/2155/2155 2159/2159/2159 2160/2160/2160
f 2155/2155/2155 2160/2160/2160 2157/2157/2157
f 2146/2146/2146 2156/2156/2156 2161/2161/2161
f 2146/2146/2146 2161/2161/2161 2162/2162/2162
f 2162/2162/2162 2161/2161/2161 2163/2163/2163
f 2162/2162/2162 2163/2163/2163 2164/2164/2164
f 2156/2156/2156 2158/2158/2158 2165/2165/2165
f 2156/2156/2156 2165/2165/2165 2161/2161/2161
f 2161/2161/2161 2165/2165/2165 2166/2166/2166
f 2161/2161/2161 2166/2166/2166 2163/2163/2163
f 2146/2146/2146 2162/2162/2162 2167/2167/2167
f 2146/2146/2146 2167/2167/2167 2147/2147/2147
f 2147/2147/2147 2167/2167/2167 2168/2168/2168
f 2147/2147/2147 2168/2168/2168 2152/2152/2152
f 2162/2162/2162 2164/2164/2164 2169/2169/2169
f 2162/2162/2162 2169/2169/2169 2167/2167/2167
f 2167/2167/2167 2169/2169/2169 2170/2170/2170
f 2167/2167/2167 2170/2170/2170 2168/2168/2168
f 2171/2171/2171 2172/2172/2172 2173/2173/2173
f 2171/2171/2171 2173/2173/2173 2174/2174/2174
f 2174/2174/2174 2173/2173/2173 2169/2169/2169
f 2174/2174/2174 2169/2169/2169 2164/2164/2164
f 2172/2172/2172 2175/2175/2175 2176/2176/2176
f 2172/2172/2172 2176/2176/2176 2173/2173/2173
f 2173/2173/2173 2176/2176/2176 2170/2170/2170
f 2173/2173/2173 2170/2170/2170 2169/2169/2169
f 2171/2171/2171 2174/2174/2174 2177/2177/2177
f 2171/2171/2171 2177/2177/2177 2178/2178/2178
f 2178/2178/2178 2177/2177/2177 2179/2179/2179
f 2178/2178/2178 2179/2179/2179 2180/2180/2180
f 2174/2174/2174 2164/2164/2164 2163/2163/2163
f 2174/2174/2174 2163/2163/2163 2177/2177/2177
f 2177/2177/2177 2163/2163/2163 2166/2166/2166
f 2177/2177/2177 2166/2166/2166 2179/2179/2179
f 2171/2171/2171 2178/2178/2178 2181/2181/2181
f 2171/2171/2171 2181/2181/2181 2182/2182/2182
f 2182/2182/2182 2181/2181/2181 2183/2183/2183
f 2182/2182/2182 2183/2183/2183 2184/2184/2184
f 2178/2178/2178 2180/2180/2180 2185/2185/2185
f 2178/2178/2178 2185/2185/2185 2181/2181/2181
f 2181/2181/2181 2185/2185/2185 2186/2186/2186
f 2181/2181/2181 2186/2186/2186 2183/2183/2183
f 2171/2171/2171 2182/2182/2182 2187/2187/2187
f 2171/2171/2171 2187/2187/2187 2172/2172/2172
f 2172/2172/2172 2187/2187/2187 2188/2188/2188
f 2172/2172/2172 2188/2188/2188 2175/2175/2175
f 2182/2182/2182 2184/2184/2184 2189/2189/2189
f 2182/2182/2182 2189/2189/2189 2187/2187/2187
f 2187/2187/2187 2189/2189/2189 2190/2190/2190
f 2187/2187/2187 2190/2190/2190 2188/2188/2188
f 2191/2191/2191 2192/2192/2192 2193/2193/2193
f 2191/2191/2191 2193/2193/2193 2194/2194/2194
f 2194/2194/2194 2193/2193/2193 2195/2195/2195
f 2194/2194/2194 2195/2195/2195 2196/2196/2196
f 2192/2192/2192 2158/2158/2158 2157/2157/2157
f 2192/2192/2192 2157/2157/2157 2193/2193/2193
f 2193/2193/2193 2157/2157/2157 2160/2160/2160
f 2193/2193/2193 2160/2160/2160 2195/2195/2195
f 2191/2191/2191 2194/2194/2194 2197/2197/2197
f 2191/2191/2191 2197/2197/2197 2198/2198/2198
f 2198/2198/2198 2197/2197/2197 2000/2000/2000
f 2198/2198/2198 2000/2000/2000 1995/1995/1995
f 2194/2194/2194 2196/2196/2196 2199/2199/2199
f 2194/2194/2194 2199/2199/2199 2197/2197/2197
f 2197/2197/2197 2199/2199/2199 2001/2001/2001
f 2197/2197/2197 2001/2001/2001 2000/2000/2000
f 2191/2191/2191 2198/2198/2198 2200/2200/2200
f 2191/2191/2191 2200/2200/2200 2201/2201/2201
f 2201/2201/2201 2200/2200/2200 2202/2202/2202
f 2201/2201/2201 2202/2202/2202 2203/2203/2203
f 2198/2198/2198 1995/1995/1995 1994/1994/1994
f 2198/2198/2198 1994/1994/1994 2200/2200/2200
f 2200/2200/2200 1994/1994/1994 1997/1997/1997
f 2200/2200/2200 1997/1997/1997 2202/2202/2202
f 2191/2191/2191 2201/2201/2201 2204/2204/2204
f 2191/2191/2191 2204/2204/2204 2192/2192/2192
f 2192/2192/2192 2204/2204/2204 2165/2165/2165
f 2192/2192/2192 2165/2165/2165 2158/2158/2158
f 2201/2201/2201 2203/2203/2203 2205/2205/2205
f 2201/2201/2201 2205/2205/2205 2204/2204/2204
f 2204/2204/2204 2205/2205/2205 2166/2166/2166
f 2204/2204/2204 2166/2166/2166 2165/2165/2165
f 2206/2206/2206 2207/2207/2207 2208/2208/2208
f 2206/2206/2206 2208/2208/2208 2209/2209/2209
f 2209/2209/2209 2208/2208/2208 2205/2205/2205
f 2209/2209/2209 2205/2205/2205 2203/2203/2203
f 2207/2207/2207 2180/2180/2180 2179/2179/2179
f 2207/2207/2207 2179/2179/2179 2208/2208/2208
f 2208/2208/2208 2179/2179/2179 2166/2166/2166
f 2208/2208/2208 2166/2166/2166 2205/2205/2205
f 2206/2206/2206 2209/2209/2209 2210/2210/2210
f 2206/2206/2206 2210/2210/2210 2211/2211/2211
f 2211/2211/2211 2210/2210/2210 2033/2033/2033
f 2211/2211/2211 2033/2033/2033 2029/2029/2029
f 2209/2209/2209 2203/2203/2203 2202/2202/2202
f 2209/2209/2209 2202/2202/2202 2210/2210/2210
f 2210/2210/2210 2202/2202/2202 1997/1997/1997
f 2210/2210/2210 1997/1997/1997 2033/2033/2033
f 2206/2206/2206 2211/2211/2211 2212/2212/2212
f 2206/2206/2206 2212/2212/2212 2213/2213/2213
f 2213/2213/2213 2212/2212/2212 2214/2214/2214
f 2213/2213/2213 2214/2214/2214 2215/2215/2215
f 2211/2211/2211 2029/2029/2029 2028/2028/2028
f 2211/2211/2211 2028/2028/2028 2212/2212/2212
f 2212/2212/2212 2028/2028/2028 2031/2031/2031
f 2212/2212/2212 2031/2031/2031 2214/2214/2214
f 2206/2206/2206 2213/2213/2213 2216/2216/2216
f 2206/2206/2206 2216/2216/2216 2207/2207/2207
f 2207/2207/2207 2216/2216/2216 2185/2185/2185
f 2207/2207/2207 2185/2185/2185 2180/2180/2180
f 2213/2213/2213 2215/2215/2215 2217/2217/2217
f 2213/2213/2213 2217/2217/2217 2216/2216/2216
f 2216/2216/2216 2217/2217/2217 2186/2186/2186
f 2216/2216/2216 2186/2186/2186 2185/2185/2185
f 2218/2218/2218 2219/2219/2219 2220/2220/2220
f 2218/2218/2218 2220/2220/2220 2221/2221/2221
f 2221/2221/2221 2220/2220/2220 2153/2153/2153
f 2221/2221/2221 2153/2153/2153 2152/2152/2152
f 2219/2219/2219 2222/2222/2222 2223/2223/2223
f 2219/2219/2219 2223/2223/2223 2220/2220/2220
f 2220/2220/2220 2223/2223/2223 2154/2154/2154
f 2220/2220/2220 2154/2154/2154 2153/2153/2153
f 2218/2218/2218 2221/2221/2221 2224/2224/2224
f 2218/2218/2218 2224/2224/2224 2225/2225/2225
f 2225/2225/2225 2224/2224/2224 2226/2226/2226
f 2225/2225/2225 2226/2226/2226 2227/2227/2227
f 2221/2221/2221 2152/2152/2152 2168/2168/2168
f 2221/2221/2221 2168/2168/2168 2224/2224/2224
f 2224/2224/2224 2168/2168/2168 2170/2170/2170
f 2224/2224/2224 2170/2170/2170 2226/2226/2226
f 2218/2218/2218 2225/2225/2225 2228/2228/2228
f 2218/2218/2218 2228/2228/2228 2229/2229/2229
f 2229/2229/2229 2228/2228/2228 2230/2230/2230
f 2229/2229/2229 2230/2230/2230 2231/2231/2231
f 2225/2225/2225 2227/2227/2227 2232/2232/2232
f 2225/2225/2225 2232/2232/2232 2228/2228/2228
f 2228/2228/2228 2232/2232/2232 2233/2233/2233
f 2228/2228/2228 2233/2233/2233 2230/2230/2230
f 2218/2218/2218 2229/2229/2229 2234/2234/2234
f 2218/2218/2218 2234/2234/2234 2219/2219/2219
f 2219/2219/2219 2234/2234/2234 2235/2235/2235
f 2219/2219/2219 2235/2235/2235 2222/2222/2222
f 2229/2229/2229 2231/2231/2231 2236/2236/2236
f 2229/2229/2229 2236/2236/2236 2234/2234/2234
f 2234/2234/2234 2236/2236/2236 2237/2237/2237
f 2234/2234/2234 2237/2237/2237 2235/2235/2235
f 2238/2238/2238 2239/2239/2239 2240/2240/2240
f 2238/2238/2238 2240/2240/2240 2241/2241/2241
f 2241/2241/2241 2240/2240/2240 2236/2236/2236
f 2241/2241/2241 2236/2236/2236 2231/2231/2231
f 2239/2239/2239 2242/2242/2242 2243/2243/2243
f 2239/2239/2239 2243/2243/2243 2240/2240/2240
f 2240/2240/2240 2243/2243/2243 2237/2237/2237
f 2240/2240/2240 2237/2237/2237 2236/2236/2236
f 2238/2238/2238 2241/2241/2241 2244/2244/2244
f 2238/2238/2238 2244/2244/2244 2245/2245/2245
f 2245/2245/2245 2244/2244/2244 2246/2246/2246
f 2245/2245/2245 2246/2246/2246 2247/2247/2247
f 2241/2241/2241 2231/2231/2231 2230/2230/2230
f 2241/2241/2241 2230/2230/2230 2244/2244/2244
f 2244/2244/2244 2230/2230/2230 2233/2233/2233
f 2244/2244/2244 2233/2233/2233 2246/2246/2246
f 2238/2238/2238 2245/2245/2245 2248/2248/2248
f 2238/2238/2238 2248/2248/2248 2249/2249/2249
f 2249/2249/2249 2248/2248/2248 2250/2250/2250
f 2249/2249/2249 2250/2250/2250 2251/2251/2251
f 2245/2245/2245 2247/2247/2247 2252/2252/2252
f 2245/2245/2245 2252/2252/2252 2248/2248/2248
f 2248/2248/2248 2252/2252/2252 2253/2253/2253
f 2248/2248/2248 2253/2253/2253 2250/2250/2250
f 2238/2238/2238 2249/2249/2249 2254/2254/2254
f 2238/2238/2238 2254/2254/2254 2239/2239/2239
f 2239/2239/2239 2254/2254/2254 2255/2255/2255
f 2239/2239/2239 2255/2255/2255 2242/2242/2242
f 2249/2249/2249 2251/2251/2251 2256/2256/2256
f 2249/2249/2249 2256/2256/2256 2254/2254/2254
f 2254/2254/2254 2256/2256/2256 2257/2257/2257
f 2254/2254/2254 2257/2257/2257 2255/2255/2255
f 2258/2258/2258 2259/2259/2259 2260/2260/2260
f 2258/2258/2258 2260/2260/2260 2261/2261/2261
f 2261/2261/2261 2260/2260/2260 2176/2176/2176
f 2261/2261/2261 2176/2176/2176 2175/2175/2175
f 2259/2259/2259 2227/2227/2227 2226/2226/2226
f 2259/2259/2259 2226/2226/2226 2260/2260/2260
f 2260/2260/2260 2226/2226/2226 2170/2170/2170
f 2260/2260/2260 2170/2170/2170 2176/2176/2176
f 2258/2258/2258 2261/2261/2261 2262/2262/2262
f 2258/2258/2258 2262/2262/2262 2263/2263/2263
f 2263/2263/2263 2262/2262/2262 2264/2264/2264
f 2263/2263/2263 2264/2264/2264 2265/2265/2265
f 2261/2261/2261 2175/2175/2175 2188/2188/2188
f 2261/2261/2261 2188/2188/2188 2262/2262/2262
f 2262/2262/2262 2188/2188/2188 2190/2190/2190
f 2262/2262/2262 2190/2190/2190 2264/2264/2264
f 2258/2258/2258 2263/2263/2263 2266/2266/2266
f 2258/2258/2258 2266/2266/2266 2267/2267/2267
f 2267/2267/2267 2266/2266/2266 2268/2268/2268
f 2267/2267/2267 2268/2268/2268 2269/2269/2269
f 2263/2263/2263 2265/2265/2265 2270/2270/2270
f 2263/2263/2263 2270/2270/2270 2266/2266/2266
f 2266/2266/2266 2270/2270/2270 2271/2271/2271
f 2266/2266/2266 2271/2271/2271 2268/2268/2268
f 2258/2258/2258 2267/2267/2267 2272/2272/2272
f 2258/2258/2258 2272/2272/2272 2259/2259/2259
f 2259/2259/2259 2272/2272/2272 2232/2232/2232
f 2259/2259/2259 2232/2232/2232 2227/2227/2227
f 2267/2267/2267 2269/2269/2269 2273/2273/2273
f 2267/2267/2267 2273/2273/2273 2272/2272/2272
f 2272/2272/2272 2273/2273/2273 2233/2233/2233
f 2272/2272/2272 2233/2233/2233 2232/2232/2232
f 2274/2274/2274 2275/2275/2275 2276/2276/2276
f 2274/2274/2274 2276/2276/2276 2277/2277/2277
f 2277/2277/2277 2276/2276/2276 2273/2273/2273
f 2277/2277/2277 2273/2273/2273 2269/2269/2269
f 2275/2275/2275 2247/2247/2247 2246/2246/2246
f 2275/2275/2275 2246/2246/2246 2276/2276/2276
f 2276/2276/2276 2246/2246/2246 2233/2233/2233
f 2276/2276/2276 2233/2233/2233 2273/2273/2273
f 2274/2274/2274 2277/2277/2277 2278/2278/2278
f 2274/2274/2274 2278/2278/2278 2279/2279/2279
f 2279/2279/2279 2278/2278/2278 2280/2280/2280
f 2279/2279/2279 2280/2280/2280 2281/2281/2281
f 2277/2277/2277 2269/2269/2269 2268/2268/2268
f 2277/2277/2277 2268/2268/2268 2278/2278/2278
f 2278/2278/2278 2268/2268/2268 2271/2271/2271
f 2278/2278/2278 2271/2271/2271 2280/2280/2280
f 2274/2274/2274 2279/2279/2279 2282/2282/2282
f 2274/2274/2274 2282/2282/2282 2283/2283/2283
f 2283/2283/2283 2282/2282/2282 2284/2284/2284
f 2283/2283/2283 2284/2284/2284 2285/2285/2285
f 2279/2279/2279 2281/2281/2281 2286/2286/2286
f 2279/2279/2279 2286/2286/2286 2282/2282/2282
f 2282/2282/2282 2286/2286/2286 2287/2287/2287
f 2282/2282/2282 2287/2287/2287 2284/2284/2284
f 2274/2274/2274 2283/2283/2283 2288/2288/2288
f 2274/2274/2274 2288/2288/2288 2275/2275/2275
f 2275/2275/2275 2288/2288/2288 2252/2252/2252
f 2275/2275/2275 2252/2252/2252 2247/2247/2247
f 2283/2283/2283 2285/2285/2285 2289/2289/2289
f 2283/2283/2283 2289/2289/2289 2288/2288/2288
f 2288/2288/2288 2289/2289/2289 2253/2253/2253
f 2288/2288/2288 2253/2253/2253 2252/2252/2252
f 2290/2290/2290 2291/2291/2291 2292/2292/2292
f 2290/2290/2290 2292/2292/2292 2293/2293/2293
f 2293/2293/2293 2292/2292/2292 2223/2223/2223
f 2293/2293/2293 2223/2223/2223 2222/2222/2222
f 2291/2291/2291 2294/2294/2294 2295/2295/2295
f 2291/2291/2291 2295/2295/2295 2292/2292/2292
f 2292/2292/2292 2295/2295/2295 2154/2154/2154
f 2292/2292/2292 2154/2154/2154 2223/2223/2223
f 2290/2290/2290 2293/2293/2293 2296/2296/2296
f 2290/2290/2290 2296/2296/2296 2297/2297/2297
f 2297/2297/2297 2296/2296/2296 2298/2298/2298
f 2297/2297/2297 2298/2298/2298 2299/2299/2299
f 2293/2293/2293 2222/2222/2222 2235/2235/2235
f 2293/2293/2293 2235/2235/2235 2296/2296/2296
f 2296/2296/2296 2235/2235/2235 2237/2237/2237
f 2296/2296/2296 2237/2237/2237 2298/2298/2298
f 2290/2290/2290 2297/2297/2297 2300/2300/2300
f 2290/2290/2290 2300/2300/2300 2301/2301/2301
f 2301/2301/2301 2300/2300/2300 2302/2302/2302
f 2301/2301/2301 2302/2302/2302 2303/2303/2303
f 2297/2297/2297 2299/2299/2299 2304/2304/2304
f 2297/2297/2297 2304/2304/2304 2300/2300/2300
f 2300/2300/2300 2304/2304/2304 2305/2305/2305
f 2300/2300/2300 2305/2305/2305 2302/2302/2302
f 2290/2290/2290 2301/2301/2301 2306/2306/2306
f 2290/2290/2290 2306/2306/2306 2291/2291/2291
f 2291/2291/2291 2306/2306/2306 2307/2307/2307
f 2291/2291/2291 2307/2307/2307 2294/2294/2294
f 2301/2301/2301 2303/2303/2303 2308/2308/2308
f 2301/2301/2301 2308/2308/2308 2306/2306/2306
f 2306/2306/2306 2308/2308/2308 2309/2309/2309
f 2306/2306/2306 2309/2309/2309 2307/2307/2307
f 2310/2310/2310 2311/2311/2311 2312/2312/2312
f 2310/2310/2310 2312/2312/2312 2313/2313/2313
f 2313/2313/2313 2312/2312/2312 2308/2308/2308
f 2313/2313/2313 2308/2308/2308 2303/2303/2303
f 2311/2311/2311 2314/2314/2314 2315/2315/2315
f 2311/2311/2311 2315/2315/2315 2312/2312/2312
f 2312/2312/2312 2315/2315/2315 2309/2309/2309
f 2312/2312/2312 2309/2309/2309 2308/2308/2308
f 2310/2310/2310 2313/2313/2313 2316/2316/2316
f 2310/2310/2310 2316/2316/2316 2317/2317/2317
f 2317/2317/2317 2316/2316/2316 2318/2318/2318
f 2317/2317/2317 2318/2318/2318 2319/2319/2319
f 2313/2313/2313 2303/2303/2303 2302/2302/2302
f 2313/2313/2313 2302/2302/2302 2316/2316/2316
f 2316/2316/2316 2302/2302/2302 2305/2305/2305
f 2316/2316/2316 2305/2305/2305 2318/2318/2318
f 2310/2310/2310 2317/2317/2317 2320/2320/2320
f 2310/2310/2310 2320/2320/2320 2321/2321/2321
f 2321/2321/2321 2320/2320/2320 1486/1486/1486
f 2321/2321/2321 1486/1486/1486 1481/1481/1481
f 2317/2317/2317 2319/2319/2319 2322/2322/2322
f 2317/2317/2317 2322/2322/2322 2320/2320/2320
f 2320/2320/2320 2322/2322/2322 1487/1487/1487
f 2320/2320/2320 1487/1487/1487 1486/1486/1486
f 2310/2310/2310 2321/2321/2321 2323/2323/2323
f 2310/2310/2310 2323/2323/2323 2311/2311/2311
f 2311/2311/2311 2323/2323/2323 2324/2324/2324
f 2311/2311/2311 2324/2324/2324 2314/2314/2314
f 2321/2321/2321 1481/1481/1481 1480/1480/1480
f 2321/2321/2321 1480/1480/1480 2323/2323/2323
f 2323/2323/2323 1480/1480/1480 1406/1406/1406
f 2323/2323/2323 1406/1406/1406 2324/2324/2324
f 2325/2325/2325 2326/2326/2326 2327/2327/2327
f 2325/2325/2325 2327/2327/2327 2328/2328/2328
f 2328/2328/2328 2327/2327/2327 2243/2243/2243
f 2328/2328/2328 2243/2243/2243 2242/2242/2242
f 2326/2326/2326 2299/2299/2299 2298/2298/2298
f 2326/2326/2326 2298/2298/2298 2327/2327/2327
f 2327/2327/2327 2298/2298/2298 2237/2237/2237
f 2327/2327/2327 2237/2237/2237 2243/2243/2243
f 2325/2325/2325 2328/2328/2328 2329/2329/2329
f 2325/2325/2325 2329/2329/2329 2330/2330/2330
f 2330/2330/2330 2329/2329/2329 2331/2331/2331
f 2330/2330/2330 2331/2331/2331 2332/2332/2332
f 2328/2328/2328 2242/2242/2242 2255/2255/2255
f 2328/2328/2328 2255/2255/2255 2329/2329/2329
f 2329/2329/2329 2255/2255/2255 2257/2257/2257
f 2329/2329/2329 2257/2257/2257 2331/2331/2331
f 2325/2325/2325 2330/2330/2330 2333/2333/2333
f 2325/2325/2325 2333/2333/2333 2334/2334/2334
f 2334/2334/2334 2333/2333/2333 2335/2335/2335
f 2334/2334/2334 2335/2335/2335 2336/2336/2336
f 2330/2330/2330 2332/2332/2332 2337/2337/2337
f 2330/2330/2330 2337/2337/2337 2333/2333/2333
f 2333/2333/2333 2337/2337/2337 2338/2338/2338
f 2333/2333/2333 2338/2338/2338 2335/2335/2335
f 2325/2325/2325 2334/2334/2334 2339/2339/2339
f 2325/2325/2325 2339/2339/2339 2326/2326/2326
f 2326/2326/2326 2339/2339/2339 2304/2304/2304
f 2326/2326/2326 2304/2304/2304 2299/2299/2299
f 2334/2334/2334 2336/2336/2336 2340/2340/2340
f 2334/2334/2334 2340/2340/2340 2339/2339/2339
f 2339/2339/2339 2340/2340/2340 2305/2305/2305
f 2339/2339/2339 2305/2305/2305 2304/2304/2304
f 2341/2341/2341 2342/2342/2342 2343/2343/2343
f 2341/2341/2341 2343/2343/2343 2344/2344/2344
f 2344/2344/2344 2343/2343/2343 2340/2340/2340
f 2344/2344/2344 2340/2340/2340 2336/2336/2336
f 2342/2342/2342 2319/2319/2319 2318/2318/2318
f 2342/2342/2342 2318/2318/2318 2343/2343/2343
f 2343/2343/2343 2318/2318/2318 2305/2305/2305
f 2343/2343/2343 2305/2305/2305 2340/2340/2340
f 2341/2341/2341 2344/2344/2344 2345/2345/2345
f 2341/2341/2341 2345/2345/2345 2346/2346/2346
f 2346/2346/2346 2345/2345/2345 2347/2347/2347
f 2346/2346/2346 2347/2347/2347 2348/2348/2348
f 2344/2344/2344 2336/2336/2336 2335/2335/2335
f 2344/2344/2344 2335/2335/2335 2345/2345/2345
f 2345/2345/2345 2335/2335/2335 2338/2338/2338
f 2345/2345/2345 2338/2338/2338 2347/2347/2347
f 2341/2341/2341 2346/2346/2346 2349/2349/2349
f 2341/2341/2341 2349/2349/2349 2350/2350/2350
f 2350/2350/2350 2349/2349/2349 1502/1502/1502
f 2350/2350/2350 1502/1502/1502 1497/1497/1497
f 2346/2346/2346 2348/2348/2348 2351/2351/2351
f 2346/2346/2346 2351/2351/2351 2349/2349/2349
f 2349/2349/2349 2351/2351/2351 1503/1503/1503
f 2349/2349/2349 1503/1503/1503 1502/1502/1502
f 2341/2341/2341 2350/2350/2350 2352/2352/2352
f 2341/2341/2341 2352/2352/2352 2342/2342/2342
f 2342/2342/2342 2352/2352/2352 2322/2322/2322
f 2342/2342/2342 2322/2322/2322 2319/2319/2319
f 2350/2350/2350 1497/1497/1497 1496/1496/1496
f 2350/2350/2350 1496/1496/1496 2352/2352/2352
f 2352/2352/2352 1496/1496/1496 1487/1487/1487
f 2352/2352/2352 1487/1487/1487 2322/2322/2322
f 2353/2353/2353 2354/2354/2354 2355/2355/2355
f 2353/2353/2353 2355/2355/2355 2356/2356/2356
f 2356/2356/2356 2355/2355/2355 2295/2295/2295
f 2356/2356/2356 2295/2295/2295 2294/2294/2294
f 2354/2354/2354 2151/2151/2151 2150/2150/2150
f 2354/2354/2354 2150/2150/2150 2355/2355/2355
f 2355/2355/2355 2150/2150/2150 2154/2154/2154
f 2355/2355/2355 2154/2154/2154 2295/2295/2295
f 2353/2353/2353 2356/2356/2356 2357/2357/2357
f 2353/2353/2353 2357/2357/2357 2358/2358/2358
f 2358/2358/2358 2357/2357/2357 2359/2359/2359
f 2358/2358/2358 2359/2359/2359 2360/2360/2360
f 2356/2356/2356 2294/2294/2294 2307/2307/2307
f 2356/2356/2356 2307/2307/2307 2357/2357/2357
f 2357/2357/2357 2307/2307/2307 2309/2309/2309
f 2357/2357/2357 2309/2309/2309 2359/2359/2359
f 2353/2353/2353 2358/2358/2358 2361/2361/2361
f 2353/2353/2353 2361/2361/2361 2362/2362/2362
f 2362/2362/2362 2361/2361/2361 2363/2363/2363
f 2362/2362/2362 2363/2363/2363 2364/2364/2364
f 2358/2358/2358 2360/2360/2360 2365/2365/2365
f 2358/2358/2358 2365/2365/2365 2361/2361/2361
f 2361/2361/2361 2365/2365/2365 2366/2366/2366
f 2361/2361/2361 2366/2366/2366 2363/2363/2363
f 2353/2353/2353 2362/2362/2362 2367/2367/2367
f 2353/2353/2353 2367/2367/2367 2354/2354/2354
f 2354/2354/2354 2367/2367/2367 2159/2159/2159
f 2354/2354/2354 2159/2159/2159 2151/2151/2151
f 2362/2362/2362 2364/2364/2364 2368/2368/2368
f 2362/2362/2362 2368/2368/2368 2367/2367/2367
f 2367/2367/2367 2368/2368/2368 2160/2160/2160
f 2367/2367/2367 2160/2160/2160 2159/2159/2159
f 2369/2369/2369 2370/2370/2370 2371/2371/2371
f 2369/2369/2369 2371/2371/2371 2372/2372/2372
f 2372/2372/2372 2371/2371/2371 2368/2368/2368
f 2372/2372/2372 2368/2368/2368 2364/2364/2364
f 2370/2370/2370 2196/2196/2196 2195/2195/2195
f 2370/2370/2370 2195/2195/2195 2371/2371/2371
f 2371/2371/2371 2195/2195/2195 2160/2160/2160
f 2371/2371/2371 2160/2160/2160 2368/2368/2368
f 2369/2369/2369 2372/2372/2372 2373/2373/2373
f 2369/2369/2369 2373/2373/2373 2374/2374/2374
f 2374/2374/2374 2373/2373/2373 2375/2375/2375
f 2374/2374/2374 2375/2375/2375 2376/2376/2376
f 2372/2372/2372 2364/2364/2364 2363/2363/2363
f 2372/2372/2372 2363/2363/2363 2373/2373/2373
f 2373/2373/2373 2363/2363/2363 2366/2366/2366
f 2373/2373/2373 2366/2366/2366 2375/2375/2375
f 2369/2369/2369 2374/2374/2374 2377/2377/2377
f 2369/2369/2369 2377/2377/2377 2378/2378/2378
f 2378/2378/2378 2377/2377/2377 2081/2081/2081
f 2378/2378/2378 2081/2081/2081 2076/2076/2076
f 2374/2374/2374 2376/2376/2376 2379/2379/2379
f 2374/2374/2374 2379/2379/2379 2377/2377/2377
f 2377/2377/2377 2379/2379/2379 2082/2082/2082
f 2377/2377/2377 2082/2082/2082 2081/2081/2081
f 2369/2369/2369 2378/2378/2378 2380/2380/2380
f 2369/2369/2369 2380/2380/2380 2370/2370/2370
f 2370/2370/2370 2380/2380/2380 2199/2199/2199
f 2370/2370/2370 2199/2199/2199 2196/2196/2196
f 2378/2378/2378 2076/2076/2076 2075/2075/2075
f 2378/2378/2378 2075/2075/2075 2380/2380/2380
f 2380/2380/2380 2075/2075/2075 2001/2001/2001
f 2380/2380/2380 2001/2001/2001 2199/2199/2199
f 2381/2381/2381 2382/2382/2382 2383/2383/2383
f 2381/2381/2381 2383/2383/2383 2384/2384/2384
f 2384/2384/2384 2383/2383/2383 2315/2315/2315
f 2384/2384/2384 2315/2315/2315 2314/2314/2314
f 2382/2382/2382 2360/2360/2360 2359/2359/2359
f 2382/2382/2382 2359/2359/2359 2383/2383/2383
f 2383/2383/2383 2359/2359/2359 2309/2309/2309
f 2383/2383/2383 2309/2309/2309 2315/2315/2315
f 2381/2381/2381 2384/2384/2384 2385/2385/2385
f 2381/2381/2381 2385/2385/2385 2386/2386/2386
f 2386/2386/2386 2385/2385/2385 1405/1405/1405
f 2386/2386/2386 1405/1405/1405 1400/1400/1400
f 2384/2384/2384 2314/2314/2314 2324/2324/2324
f 2384/2384/2384 2324/2324/2324 2385/2385/2385
f 2385/2385/2385 2324/2324/2324 1406/1406/1406
f 2385/2385/2385 1406/1406/1406 1405/1405/1405
f 2381/2381/2381 2386/2386/2386 2387/2387/2387
f 2381/2381/2381 2387/2387/2387 2388/2388/2388
f 2388/2388/2388 2387/2387/2387 2389/2389/2389
f 2388/2388/2388 2389/2389/2389 2390/2390/2390
f 2386/2386/2386 1400/1400/1400 1399/1399/1399
f 2386/2386/2386 1399/1399/1399 2387/2387/2387
f 2387/2387/2387 1399/1399/1399 1402/1402/1402
f 2387/2387/2387 1402/1402/1402 2389/2389/2389
f 2381/2381/2381 2388/2388/2388 2391/2391/2391
f 2381/2381/2381 2391/2391/2391 2382/2382/2382
f 2382/2382/2382 2391/2391/2391 2365/2365/2365
f 2382/2382/2382 2365/2365/2365 2360/2360/2360
f 2388/2388/2388 2390/2390/2390 2392/2392/2392
f 2388/2388/2388 2392/2392/2392 2391/2391/2391
f 2391/2391/2391 2392/2392/2392 2366/2366/2366
f 2391/2391/2391 2366/2366/2366 2365/2365/2365
f 2393/2393/2393 2394/2394/2394 2395/2395/2395
f 2393/2393/2393 2395/2395/2395 2396/2396/2396
f 2396/2396/2396 2395/2395/2395 2392/2392/2392
f 2396/2396/2396 2392/2392/2392 2390/2390/2390
f 2394/2394/2394 2376/2376/2376 2375/2375/2375
f 2394/2394/2394 2375/2375/2375 2395/2395/2395
f 2395/2395/2395 2375/2375/2375 2366/2366/2366
f 2395/2395/2395 2366/2366/2366 2392/2392/2392
f 2393/2393/2393 2396/2396/2396 2397/2397/2397
f 2393/2393/2393 2397/2397/2397 2398/2398/2398
f 2398/2398/2398 2397/2397/2397 1433/1433/1433
f 2398/2398/2398 1433/1433/1433 1431/1431/1431
f 2396/2396/2396 2390/2390/2390 2389/2389/2389
f 2396/2396/2396 2389/2389/2389 2397/2397/2397
f 2397/2397/2397 2389/2389/2389 1402/1402/1402
f 2397/2397/2397 1402/1402/1402 1433/1433/1433
f 2393/2393/2393 2398/2398/2398 2399/2399/2399
f 2393/2393/2393 2399/2399/2399 2400/2400/2400
f 2400/2400/2400 2399/2399/2399 2095/2095/2095
f 2400/2400/2400 2095/2095/2095 2092/2092/2092
f 2398/2398/2398 1431/1431/1431 1430/1430/1430
f 2398/2398/2398 1430/1430/1430 2399/2399/2399
f 2399/2399/2399 1430/1430/1430 1247/1247/1247
f 2399/2399/2399 1247/1247/1247 2095/2095/2095
f 2393/2393/2393 2400/2400/2400 2401/2401/2401
f 2393/2393/2393 2401/2401/2401 2394/2394/2394
f 2394/2394/2394 2401/2401/2401 2379/2379/2379
f 2394/2394/2394 2379/2379/2379 2376/2376/2376
f 2400/2400/2400 2092/2092/2092 2091/2091/2091
f 2400/2400/2400 2091/2091/2091 2401/2401/2401
f 2401/2401/2401 2091/2091/2091 2082/2082/2082
f 2401/2401/2401 2082/2082/2082 2379/2379/2379
