v -2.247948 1.952625 0.542044
v -2.311898 1.952625 0.769132
v -2.662596 1.952625 0.670373
v -2.666071 1.952625 0.669394
v -2.602121 1.952625 0.442305
v -2.598645 1.952625 0.443284
v -2.664410 1.866550 0.669306
v -2.313269 1.866550 0.768191
v -2.313269 1.991443 0.768191
v -2.664410 1.991443 0.669306
v -2.664139 1.865550 0.668344
v -2.601021 1.865550 0.444209
v -2.249879 1.865550 0.543094
v -2.312998 1.865550 0.767228
v -2.312676 1.992443 0.766085
v -2.250201 1.992443 0.544238
v -2.256322 1.992443 0.547111
v -2.316397 1.992443 0.760440
v -2.249609 1.866550 0.542131
v -2.600750 1.866550 0.443247
v -2.600750 1.991443 0.443247
v -2.249609 1.991443 0.542131
v -2.665102 1.866550 0.668073
v -2.665102 1.991443 0.668073
v -2.601984 1.991443 0.443938
v -2.601984 1.866550 0.443938
v -2.662519 1.992443 0.668800
v -2.314618 1.992443 0.766772
v -2.318114 1.992443 0.761470
v -2.656770 1.992443 0.666101
v -2.251500 1.992443 0.542638
v -2.599401 1.992443 0.444666
v -2.595905 1.992443 0.449968
v -2.257248 1.992443 0.545337
v -2.258123 1.872291 0.546129
v -2.258123 1.991443 0.546129
v -2.595572 1.991443 0.451100
v -2.595572 1.872291 0.451100
v -2.601343 1.992443 0.445353
v -2.663817 1.992443 0.667200
v -2.657697 1.992443 0.664327
v -2.597621 1.992443 0.450998
v -2.670087 2.002889 0.673802
v -2.603246 2.002889 0.436449
v -2.605889 2.002889 0.435705
v -2.672730 2.002889 0.673058
v -2.614655 2.128781 0.631486
v -2.614655 2.003889 0.631486
v -2.385151 2.003889 0.592137
v -2.385151 2.128781 0.592137
v -2.668433 2.001889 0.675307
v -2.668433 1.953625 0.675307
v -2.308401 1.953625 0.776695
v -2.308401 2.001889 0.776695
v -2.605618 2.001889 0.434742
v -2.602975 2.001889 0.435487
v -2.602975 1.953625 0.435487
v -2.605618 1.953625 0.434742
v -2.668162 2.002889 0.674344
v -2.308130 2.002889 0.775733
v -2.241289 2.002889 0.538380
v -2.601321 2.002889 0.436991
v -2.601050 1.953625 0.436029
v -2.601050 2.001889 0.436029
v -2.241018 2.001889 0.537417
v -2.241018 1.953625 0.537417
v -2.670358 2.001889 0.674765
v -2.673001 2.001889 0.674021
v -2.673001 1.953625 0.674021
v -2.670358 1.953625 0.674765
v -2.606852 2.001889 0.435434
v -2.606852 1.953625 0.435434
v -2.673692 1.953625 0.672787
v -2.673692 2.001889 0.672787
v -2.604502 1.952625 0.436096
v -2.602685 1.952625 0.436607
v -2.600411 1.952625 0.440709
v -2.602147 1.952625 0.440220
v -2.669526 1.952625 0.673960
v -2.671343 1.952625 0.673449
v -2.667182 1.952625 0.671159
v -2.665446 1.952625 0.671648
v -2.241665 1.952625 0.539715
v -2.307754 1.952625 0.774397
v -2.310130 1.952625 0.770234
v -2.245865 1.952625 0.542027
v -2.606265 1.952625 0.437041
v -2.603889 1.952625 0.441204
v -2.668154 1.952625 0.669411
v -2.672354 1.952625 0.671722
v -2.666816 1.952625 0.674723
v -2.662736 1.952625 0.672411
v -2.311872 1.952625 0.771217
v -2.309517 1.952625 0.775342
v -2.307167 1.953625 0.776004
v -2.240326 1.953625 0.538651
v -2.240326 2.001889 0.538651
v -2.307167 2.001889 0.776004
v -2.597702 1.952625 0.441472
v -2.599975 1.952625 0.437370
v -2.242676 1.952625 0.537989
v -2.246837 1.952625 0.540279
v -2.596806 1.991443 0.451792
v -2.656587 1.991443 0.664075
v -2.656587 1.872291 0.664075
v -2.596806 1.872291 0.451792
v -2.317213 1.872291 0.759646
v -2.317213 1.991443 0.759646
v -2.257432 1.991443 0.547363
v -2.257432 1.872291 0.547363
v -2.655896 1.872291 0.665309
v -2.655896 1.991443 0.665309
v -2.318446 1.991443 0.760337
v -2.318446 1.872291 0.760337
v -2.595844 1.871291 0.452063
v -2.655625 1.871291 0.664346
v -2.318175 1.871291 0.759375
v -2.258394 1.871291 0.547092
v -2.383542 2.089964 0.592444
v -2.616070 2.089964 0.632312
v -2.677638 2.089964 0.273213
v -2.678248 2.089964 0.269654
v -2.445720 2.089964 0.229787
v -2.445110 2.089964 0.233346
v -2.677455 2.003889 0.271116
v -2.615809 2.003889 0.630669
v -2.615809 2.128781 0.630669
v -2.677455 2.128781 0.271116
v -2.676470 2.002889 0.270947
v -2.446966 2.002889 0.231599
v -2.385320 2.002889 0.591152
v -2.614824 2.002889 0.630500
v -2.613653 2.129781 0.630299
v -2.386491 2.129781 0.591352
v -2.391716 2.129781 0.587061
v -2.610155 2.129781 0.624513
v -2.384335 2.003889 0.590983
v -2.445981 2.003889 0.231430
v -2.445980 2.128781 0.231430
v -2.384335 2.128781 0.590983
v -2.676639 2.003889 0.269962
v -2.676639 2.128781 0.269962
v -2.447135 2.128781 0.230613
v -2.447135 2.003889 0.230613
v -2.676185 2.129781 0.272606
v -2.615108 2.129781 0.628841
v -2.611823 2.129781 0.623406
v -2.671277 2.129781 0.276637
v -2.385605 2.129781 0.589492
v -2.446681 2.129781 0.233258
v -2.449966 2.129781 0.238693
v -2.390512 2.129781 0.585462
v -2.391604 2.009630 0.585013
v -2.391604 2.128781 0.585013
v -2.450846 2.128781 0.239480
v -2.450846 2.009630 0.239480
v -2.448137 2.129781 0.231799
v -2.675298 2.129781 0.270747
v -2.670073 2.129781 0.275038
v -2.451635 2.129781 0.237586
v -2.683954 2.140227 0.267923
v -2.440916 2.140227 0.226254
v -2.441380 2.140227 0.223548
v -2.684418 2.140227 0.265217
v -2.465434 1.991443 0.055926
v -2.465434 1.866550 0.055925
v -2.698286 1.866550 0.055925
v -2.698286 1.991443 0.055925
v -2.684602 2.139227 0.270064
v -2.684602 2.090964 0.270064
v -2.621396 2.090964 0.638720
v -2.621396 2.139227 0.638720
v -2.440394 2.139227 0.223379
v -2.439930 2.139227 0.226085
v -2.439930 2.090964 0.226085
v -2.440394 2.090964 0.223379
v -2.683616 2.140227 0.269895
v -2.620410 2.140227 0.638551
v -2.377371 2.140227 0.596882
v -2.440578 2.140227 0.228225
v -2.439592 2.090964 0.228056
v -2.439592 2.139227 0.228056
v -2.376386 2.139227 0.596713
v -2.376386 2.090964 0.596713
v -2.684940 2.139227 0.268092
v -2.685404 2.139227 0.265386
v -2.685404 2.090964 0.265386
v -2.684940 2.090964 0.268092
v -2.441549 2.139227 0.222562
v -2.441549 2.090964 0.222562
v -2.684587 2.090964 0.264232
v -2.684587 2.139227 0.264231
v -2.441136 2.089964 0.224968
v -2.440817 2.089964 0.226829
v -2.443544 2.089964 0.230645
v -2.443848 2.089964 0.228867
v -2.683856 2.089964 0.268498
v -2.684175 2.089964 0.266638
v -2.680319 2.089964 0.269410
v -2.680014 2.089964 0.271188
v -2.378739 2.089964 0.597116
v -2.619042 2.089964 0.638316
v -2.616305 2.089964 0.634381
v -2.382631 2.089964 0.594317
v -2.442748 2.089964 0.223782
v -2.445485 2.089964 0.227718
v -2.679159 2.089964 0.267781
v -2.683051 2.089964 0.264983
v -2.683380 2.089964 0.271273
v -2.679539 2.089964 0.273962
v -2.617941 2.089964 0.633232
v -2.620653 2.089964 0.637130
v -2.620241 2.090964 0.639537
v -2.377202 2.090964 0.597867
v -2.377202 2.139227 0.597867
v -2.620241 2.139227 0.639537
v -2.443068 2.089964 0.233419
v -2.440342 2.089964 0.229603
v -2.377615 2.089964 0.595461
v -2.381471 2.089964 0.592688
v -2.452001 2.128781 0.238663
v -2.669369 2.128781 0.275931
v -2.669369 2.009630 0.275931
v -2.452001 2.009630 0.238663
v -2.609789 2.009630 0.623435
v -2.609789 2.128781 0.623435
v -2.392421 2.128781 0.586167
v -2.392421 2.009630 0.586167
v -2.670186 2.009630 0.277086
v -2.670186 2.128781 0.277086
v -2.610944 2.128781 0.622619
v -2.610944 2.009630 0.622619
v -2.451832 2.008630 0.239649
v -2.669200 2.008630 0.276917
v -2.609958 2.008630 0.622450
v -2.392590 2.008630 0.585182
v -2.699820 1.952625 0.055351
v -2.463899 1.952625 0.055351
v -2.463899 1.952625 0.419689
v -2.463899 1.952625 0.423300
v -2.699820 1.952625 0.423300
v -2.699820 1.952625 0.419689
v -2.464434 1.866550 0.421725
v -2.464434 1.866550 0.056925
v -2.464433 1.991443 0.056926
v -2.464434 1.991443 0.421725
v -2.465434 1.865550 0.421725
v -2.698286 1.865550 0.421725
v -2.698286 1.865550 0.056925
v -2.465434 1.865550 0.056925
v -2.466622 1.992443 0.056926
v -2.697098 1.992443 0.056925
v -2.692673 1.992443 0.062038
v -2.471047 1.992443 0.062038
v -2.699286 1.866550 0.056925
v -2.699286 1.866550 0.421725
v -2.699286 1.991443 0.421725
v -2.699286 1.991443 0.056925
v -2.465434 1.866550 0.422725
v -2.465434 1.991443 0.422725
v -2.698286 1.991443 0.422725
v -2.698286 1.866550 0.422725
v -2.465434 1.992443 0.420042
v -2.465434 1.992443 0.058609
v -2.469590 1.992443 0.063411
v -2.469590 1.992443 0.415240
v -2.698286 1.992443 0.058609
v -2.698286 1.992443 0.420041
v -2.694130 1.992443 0.415240
v -2.694130 1.992443 0.063411
v -2.693130 1.872291 0.064038
v -2.693130 1.991443 0.064038
v -2.693130 1.991443 0.414612
v -2.693130 1.872291 0.414612
v -2.697098 1.992443 0.421725
v -2.466622 1.992443 0.421725
v -2.471047 1.992443 0.416612
v -2.692673 1.992443 0.416612
v -2.458567 2.002889 0.425970
v -2.705152 2.002889 0.425970
v -2.705152 2.002889 0.428716
v -2.458567 2.002889 0.428716
v -2.457567 2.001889 0.423970
v -2.457567 1.953625 0.423970
v -2.457567 1.953625 0.049935
v -2.457567 2.001889 0.049935
v -2.706152 2.001889 0.428716
v -2.706152 2.001889 0.425970
v -2.706152 1.953625 0.425970
v -2.706152 1.953625 0.428716
v -2.458567 2.002889 0.423970
v -2.458567 2.002889 0.049935
v -2.705152 2.002889 0.049934
v -2.705152 2.002889 0.423970
v -2.706152 1.953625 0.423970
v -2.706152 2.001889 0.423970
v -2.706152 2.001889 0.049934
v -2.706152 1.953625 0.049934
v -2.457567 2.001889 0.425970
v -2.457567 2.001889 0.428716
v -2.457567 1.953625 0.428716
v -2.457567 1.953625 0.425970
v -2.705152 2.001889 0.429716
v -2.705152 1.953625 0.429716
v -2.458567 1.953625 0.429716
v -2.458567 2.001889 0.429716
v -2.705152 1.952625 0.427274
v -2.705152 1.952625 0.425387
v -2.701820 1.952625 0.422087
v -2.701820 1.952625 0.423890
v -2.458567 1.952625 0.425387
v -2.458567 1.952625 0.427275
v -2.461899 1.952625 0.423890
v -2.461899 1.952625 0.422087
v -2.703764 1.952625 0.049934
v -2.459955 1.952625 0.049935
v -2.463318 1.952625 0.053351
v -2.700402 1.952625 0.053351
v -2.703764 1.952625 0.428716
v -2.700402 1.952625 0.425300
v -2.463318 1.952625 0.425300
v -2.459955 1.952625 0.428716
v -2.458567 1.952625 0.422572
v -2.461899 1.952625 0.419272
v -2.461899 1.952625 0.054760
v -2.458567 1.952625 0.051376
v -2.458567 1.953625 0.048935
v -2.705152 1.953625 0.048934
v -2.705152 2.001889 0.048934
v -2.458567 2.001889 0.048935
v -2.701820 1.952625 0.419272
v -2.705152 1.952625 0.422572
v -2.705152 1.952625 0.051376
v -2.701820 1.952625 0.054760
v -2.692130 1.991443 0.415612
v -2.471590 1.991443 0.415612
v -2.471590 1.872291 0.415612
v -2.692130 1.872291 0.415612
v -2.471590 1.872291 0.063038
v -2.471590 1.991443 0.063038
v -2.692130 1.991443 0.063038
v -2.692130 1.872291 0.063038
v -2.470590 1.872291 0.414612
v -2.470590 1.991443 0.414612
v -2.470590 1.991443 0.064038
v -2.470590 1.872291 0.064038
v -2.692130 1.871291 0.414612
v -2.471590 1.871291 0.414612
v -2.471590 1.871291 0.064038
v -2.692130 1.871291 0.064038
v -2.312035 1.866550 0.767499
v -2.313269 1.866550 0.768191
v -2.312998 1.865550 0.767228
v -2.665102 1.866550 0.668073
v -2.664139 1.865550 0.668344
v -2.664410 1.866550 0.669306
v -2.601984 1.866550 0.443938
v -2.600750 1.866550 0.443247
v -2.601021 1.865550 0.444209
v -2.248917 1.866550 0.543365
v -2.249879 1.865550 0.543094
v -2.249609 1.866550 0.542131
v -2.312676 1.992443 0.766085
v -2.314618 1.992443 0.766772
v -2.313269 1.991443 0.768191
v -2.312035 1.991443 0.767500
v -2.663817 1.992443 0.667200
v -2.665102 1.991443 0.668073
v -2.664410 1.991443 0.669306
v -2.662519 1.992443 0.668800
v -2.601343 1.992443 0.445353
v -2.599401 1.992443 0.444666
v -2.600750 1.991443 0.443247
v -2.601984 1.991443 0.443938
v -2.250201 1.992443 0.544238
v -2.248917 1.991443 0.543365
v -2.249609 1.991443 0.542131
v -2.251500 1.992443 0.542638
v -2.257432 1.991443 0.547363
v -2.256322 1.992443 0.547111
v -2.257248 1.992443 0.545337
v -2.258123 1.991443 0.546129
v -2.596806 1.991443 0.451792
v -2.595572 1.991443 0.451100
v -2.595905 1.992443 0.449968
v -2.597621 1.992443 0.450998
v -2.656587 1.991443 0.664075
v -2.657697 1.992443 0.664327
v -2.656770 1.992443 0.666101
v -2.655896 1.991443 0.665309
v -2.317213 1.991443 0.759646
v -2.318446 1.991443 0.760337
v -2.318114 1.992443 0.761470
v -2.316397 1.992443 0.760440
v -2.317213 1.872291 0.759646
v -2.318175 1.871291 0.759375
v -2.318446 1.872291 0.760337
v -2.656587 1.872291 0.664075
v -2.655896 1.872291 0.665309
v -2.655625 1.871291 0.664346
v -2.596806 1.872291 0.451792
v -2.595844 1.871291 0.452063
v -2.595572 1.872291 0.451100
v -2.257432 1.872291 0.547363
v -2.258123 1.872291 0.546129
v -2.258394 1.871291 0.547092
v -2.247948 1.952625 0.542044
v -2.246837 1.952625 0.540279
v -2.602147 1.952625 0.440220
v -2.602121 1.952625 0.442305
v -2.666071 1.952625 0.669394
v -2.667182 1.952625 0.671159
v -2.311872 1.952625 0.771217
v -2.311898 1.952625 0.769132
v -2.307754 1.952625 0.774397
v -2.307167 1.953625 0.776004
v -2.308401 1.953625 0.776695
v -2.309517 1.952625 0.775342
v -2.672354 1.952625 0.671722
v -2.671343 1.952625 0.673449
v -2.673001 1.953625 0.674021
v -2.673692 1.953625 0.672787
v -2.606265 1.952625 0.437041
v -2.606852 1.953625 0.435434
v -2.605618 1.953625 0.434742
v -2.604502 1.952625 0.436096
v -2.241665 1.952625 0.539715
v -2.242676 1.952625 0.537989
v -2.241018 1.953625 0.537417
v -2.240326 1.953625 0.538651
v -2.240326 2.001889 0.538651
v -2.241018 2.001889 0.537417
v -2.241289 2.002889 0.538380
v -2.606852 2.001889 0.435434
v -2.605889 2.002889 0.435705
v -2.605618 2.001889 0.434742
v -2.673692 2.001889 0.672787
v -2.673001 2.001889 0.674021
v -2.672730 2.002889 0.673058
v -2.307167 2.001889 0.776004
v -2.308130 2.002889 0.775733
v -2.308401 2.001889 0.776695
v -2.598645 1.952625 0.443284
v -2.600411 1.952625 0.440709
v -2.662596 1.952625 0.670373
v -2.662736 1.952625 0.672411
v -2.669526 1.952625 0.673960
v -2.666816 1.952625 0.674723
v -2.668433 1.953625 0.675307
v -2.670358 1.953625 0.674765
v -2.599975 1.952625 0.437370
v -2.602685 1.952625 0.436607
v -2.602975 1.953625 0.435487
v -2.601050 1.953625 0.436029
v -2.601050 2.001889 0.436029
v -2.602975 2.001889 0.435487
v -2.603246 2.002889 0.436449
v -2.601321 2.002889 0.436991
v -2.670358 2.001889 0.674765
v -2.668433 2.001889 0.675307
v -2.668162 2.002889 0.674344
v -2.670087 2.002889 0.673802
v -2.614655 2.003889 0.631486
v -2.615809 2.003889 0.630669
v -2.614824 2.002889 0.630500
v -2.676639 2.003889 0.269962
v -2.676470 2.002889 0.270947
v -2.677455 2.003889 0.271116
v -2.447135 2.003889 0.230613
v -2.445981 2.003889 0.231430
v -2.446966 2.002889 0.231599
v -2.385151 2.003889 0.592137
v -2.385320 2.002889 0.591152
v -2.384335 2.003889 0.590983
v -2.613653 2.129781 0.630299
v -2.615108 2.129781 0.628841
v -2.615809 2.128781 0.630669
v -2.614655 2.128781 0.631486
v -2.675298 2.129781 0.270747
v -2.676639 2.128781 0.269962
v -2.677455 2.128781 0.271116
v -2.676185 2.129781 0.272606
v -2.448137 2.129781 0.231799
v -2.446681 2.129781 0.233258
v -2.445980 2.128781 0.231430
v -2.447135 2.128781 0.230613
v -2.386491 2.129781 0.591352
v -2.385151 2.128781 0.592137
v -2.384335 2.128781 0.590983
v -2.385605 2.129781 0.589492
v -2.392421 2.128781 0.586167
v -2.391716 2.129781 0.587061
v -2.390512 2.129781 0.585462
v -2.391604 2.128781 0.585013
v -2.452001 2.128781 0.238663
v -2.450846 2.128781 0.239480
v -2.449966 2.129781 0.238693
v -2.451635 2.129781 0.237586
v -2.669369 2.128781 0.275931
v -2.670073 2.129781 0.275038
v -2.671277 2.129781 0.276637
v -2.670186 2.128781 0.277086
v -2.609789 2.128781 0.623435
v -2.610944 2.128781 0.622619
v -2.611823 2.129781 0.623406
v -2.610155 2.129781 0.624513
v -2.609789 2.009630 0.623435
v -2.609958 2.008630 0.622450
v -2.610944 2.009630 0.622619
v -2.669369 2.009630 0.275931
v -2.670186 2.009630 0.277086
v -2.669200 2.008630 0.276917
v -2.452001 2.009630 0.238663
v -2.451832 2.008630 0.239649
v -2.450846 2.009630 0.239480
v -2.392421 2.009630 0.586167
v -2.391604 2.009630 0.585013
v -2.392590 2.008630 0.585182
v -2.383542 2.089964 0.592444
v -2.381471 2.089964 0.592688
v -2.443848 2.089964 0.228867
v -2.445720 2.089964 0.229787
v -2.678248 2.089964 0.269654
v -2.680319 2.089964 0.269410
v -2.617941 2.089964 0.633232
v -2.616070 2.089964 0.632312
v -2.619042 2.089964 0.638316
v -2.620241 2.090964 0.639537
v -2.621396 2.090964 0.638720
v -2.620653 2.089964 0.637130
v -2.683051 2.089964 0.264983
v -2.684175 2.089964 0.266638
v -2.685404 2.090964 0.265386
v -2.684587 2.090964 0.264232
v -2.442748 2.089964 0.223782
v -2.441549 2.090964 0.222562
v -2.440394 2.090964 0.223379
v -2.441136 2.089964 0.224968
v -2.378739 2.089964 0.597116
v -2.377615 2.089964 0.595461
v -2.376386 2.090964 0.596713
v -2.377202 2.090964 0.597867
v -2.377202 2.139227 0.597867
v -2.376386 2.139227 0.596713
v -2.377371 2.140227 0.596882
v -2.441549 2.139227 0.222562
v -2.441380 2.140227 0.223548
v -2.440394 2.139227 0.223379
v -2.684587 2.139227 0.264231
v -2.685404 2.139227 0.265386
v -2.684418 2.140227 0.265217
v -2.620241 2.139227 0.639537
v -2.620410 2.140227 0.638551
v -2.621396 2.139227 0.638720
v -2.445110 2.089964 0.233346
v -2.443544 2.089964 0.230645
v -2.677638 2.089964 0.273213
v -2.679539 2.089964 0.273962
v -2.683856 2.089964 0.268498
v -2.683380 2.089964 0.271273
v -2.684602 2.090964 0.270064
v -2.684940 2.090964 0.268092
v -2.440342 2.089964 0.229603
v -2.440817 2.089964 0.226829
v -2.439930 2.090964 0.226085
v -2.439592 2.090964 0.228056
v -2.439592 2.139227 0.228056
v -2.439930 2.139227 0.226085
v -2.440916 2.140227 0.226254
v -2.440578 2.140227 0.228225
v -2.684940 2.139227 0.268092
v -2.684602 2.139227 0.270064
v -2.683616 2.140227 0.269895
v -2.683954 2.140227 0.267923
v -2.465434 1.866550 0.055925
v -2.464434 1.866550 0.056925
v -2.465434 1.865550 0.056925
v -2.465434 1.866550 0.422725
v -2.465434 1.865550 0.421725
v -2.464434 1.866550 0.421725
v -2.698286 1.866550 0.422725
v -2.699286 1.866550 0.421725
v -2.698286 1.865550 0.421725
v -2.698286 1.866550 0.055925
v -2.698286 1.865550 0.056925
v -2.699286 1.866550 0.056925
v -2.466622 1.992443 0.056926
v -2.465434 1.992443 0.058609
v -2.464433 1.991443 0.056926
v -2.465434 1.991443 0.055926
v -2.466622 1.992443 0.421725
v -2.465434 1.991443 0.422725
v -2.464434 1.991443 0.421725
v -2.465434 1.992443 0.420042
v -2.697098 1.992443 0.421725
v -2.698286 1.992443 0.420041
v -2.699286 1.991443 0.421725
v -2.698286 1.991443 0.422725
v -2.697098 1.992443 0.056925
v -2.698286 1.991443 0.055925
v -2.699286 1.991443 0.056925
v -2.698286 1.992443 0.058609
v -2.692130 1.991443 0.063038
v -2.692673 1.992443 0.062038
v -2.694130 1.992443 0.063411
v -2.693130 1.991443 0.064038
v -2.692130 1.991443 0.415612
v -2.693130 1.991443 0.414612
v -2.694130 1.992443 0.415240
v -2.692673 1.992443 0.416612
v -2.471590 1.991443 0.415612
v -2.471047 1.992443 0.416612
v -2.469590 1.992443 0.415240
v -2.470590 1.991443 0.414612
v -2.471590 1.991443 0.063038
v -2.470590 1.991443 0.064038
v -2.469590 1.992443 0.063411
v -2.471047 1.992443 0.062038
v -2.471590 1.872291 0.063038
v -2.471590 1.871291 0.064038
v -2.470590 1.872291 0.064038
v -2.471590 1.872291 0.415612
v -2.470590 1.872291 0.414612
v -2.471590 1.871291 0.414612
v -2.692130 1.872291 0.415612
v -2.692130 1.871291 0.414612
v -2.693130 1.872291 0.414612
v -2.692130 1.872291 0.063038
v -2.693130 1.872291 0.064038
v -2.692130 1.871291 0.064038
v -2.699820 1.952625 0.055351
v -2.701820 1.952625 0.054760
v -2.701820 1.952625 0.423890
v -2.699820 1.952625 0.423300
v -2.463899 1.952625 0.423300
v -2.461899 1.952625 0.423890
v -2.461899 1.952625 0.054760
v -2.463899 1.952625 0.055351
v -2.459955 1.952625 0.049935
v -2.458567 1.953625 0.048935
v -2.457567 1.953625 0.049935
v -2.458567 1.952625 0.051376
v -2.459955 1.952625 0.428716
v -2.458567 1.952625 0.427275
v -2.457567 1.953625 0.428716
v -2.458567 1.953625 0.429716
v -2.703764 1.952625 0.428716
v -2.705152 1.953625 0.429716
v -2.706152 1.953625 0.428716
v -2.705152 1.952625 0.427274
v -2.703764 1.952625 0.049934
v -2.705152 1.952625 0.051376
v -2.706152 1.953625 0.049934
v -2.705152 1.953625 0.048934
v -2.705152 2.001889 0.048934
v -2.706152 2.001889 0.049934
v -2.705152 2.002889 0.049934
v -2.705152 2.001889 0.429716
v -2.705152 2.002889 0.428716
v -2.706152 2.001889 0.428716
v -2.458567 2.001889 0.429716
v -2.457567 2.001889 0.428716
v -2.458567 2.002889 0.428716
v -2.458567 2.001889 0.048935
v -2.458567 2.002889 0.049935
v -2.457567 2.001889 0.049935
v -2.699820 1.952625 0.419689
v -2.701820 1.952625 0.422087
v -2.463899 1.952625 0.419689
v -2.461899 1.952625 0.419272
v -2.458567 1.952625 0.425387
v -2.458567 1.952625 0.422572
v -2.457567 1.953625 0.423970
v -2.457567 1.953625 0.425970
v -2.705152 1.952625 0.422572
v -2.705152 1.952625 0.425387
v -2.706152 1.953625 0.425970
v -2.706152 1.953625 0.423970
v -2.706152 2.001889 0.423970
v -2.706152 2.001889 0.425970
v -2.705152 2.002889 0.425970
v -2.705152 2.002889 0.423970
v -2.457567 2.001889 0.425970
v -2.457567 2.001889 0.423970
v -2.458567 2.002889 0.423970
v -2.458567 2.002889 0.425970
v -2.601021 1.865550 0.444209
v -2.664139 1.865550 0.668344
v -2.665102 1.866550 0.668073
v -2.601984 1.866550 0.443938
v -2.248917 1.866550 0.543365
v -2.312035 1.866550 0.767499
v -2.312998 1.865550 0.767228
v -2.249879 1.865550 0.543094
v -2.663817 1.992443 0.667200
v -2.601343 1.992443 0.445353
v -2.601984 1.991443 0.443938
v -2.665102 1.991443 0.668073
v -2.250201 1.992443 0.544238
v -2.312676 1.992443 0.766085
v -2.312035 1.991443 0.767500
v -2.248917 1.991443 0.543365
v -2.597621 1.992443 0.450998
v -2.657697 1.992443 0.664327
v -2.656587 1.991443 0.664075
v -2.596806 1.991443 0.451792
v -2.655625 1.871291 0.664346
v -2.595844 1.871291 0.452063
v -2.596806 1.872291 0.451792
v -2.656587 1.872291 0.664075
v -2.258394 1.871291 0.547092
v -2.318175 1.871291 0.759375
v -2.317213 1.872291 0.759646
v -2.257432 1.872291 0.547363
v -2.313269 1.866550 0.768191
v -2.664410 1.866550 0.669306
v -2.664139 1.865550 0.668344
v -2.312998 1.865550 0.767228
v -2.249879 1.865550 0.543094
v -2.601021 1.865550 0.444209
v -2.600750 1.866550 0.443247
v -2.249609 1.866550 0.542131
v -2.664410 1.991443 0.669306
v -2.313269 1.991443 0.768191
v -2.314618 1.992443 0.766772
v -2.662519 1.992443 0.668800
v -2.599401 1.992443 0.444666
v -2.251500 1.992443 0.542638
v -2.249609 1.991443 0.542131
v -2.600750 1.991443 0.443247
v -2.595572 1.991443 0.451100
v -2.258123 1.991443 0.546129
v -2.257248 1.992443 0.545337
v -2.595905 1.992443 0.449968
v -2.318446 1.991443 0.760337
v -2.655896 1.991443 0.665309
v -2.656770 1.992443 0.666101
v -2.318114 1.992443 0.761470
v -2.655896 1.872291 0.665309
v -2.318446 1.872291 0.760337
v -2.318175 1.871291 0.759375
v -2.655625 1.871291 0.664346
v -2.258123 1.872291 0.546129
v -2.595572 1.872291 0.451100
v -2.595844 1.871291 0.452063
v -2.258394 1.871291 0.547092
v -2.664410 1.866550 0.669306
v -2.664410 1.991443 0.669306
v -2.665102 1.991443 0.668073
v -2.665102 1.866550 0.668073
v -2.312035 1.866550 0.767499
v -2.312035 1.991443 0.767500
v -2.313269 1.991443 0.768191
v -2.313269 1.866550 0.768191
v -2.601984 1.866550 0.443938
v -2.601984 1.991443 0.443938
v -2.600750 1.991443 0.443247
v -2.600750 1.866550 0.443247
v -2.249609 1.866550 0.542131
v -2.249609 1.991443 0.542131
v -2.248917 1.991443 0.543365
v -2.248917 1.866550 0.543365
v -2.668154 1.952625 0.669411
v -2.603889 1.952625 0.441204
v -2.606265 1.952625 0.437041
v -2.672354 1.952625 0.671722
v -2.673692 1.953625 0.672787
v -2.606852 1.953625 0.435434
v -2.240326 1.953625 0.538651
v -2.307167 1.953625 0.776004
v -2.307754 1.952625 0.774397
v -2.241665 1.952625 0.539715
v -2.307167 2.001889 0.776004
v -2.240326 2.001889 0.538651
v -2.241289 2.002889 0.538380
v -2.308130 2.002889 0.775733
v -2.606852 2.001889 0.435434
v -2.673692 2.001889 0.672787
v -2.672730 2.002889 0.673058
v -2.605889 2.002889 0.435705
v -2.597702 1.952625 0.441472
v -2.246837 1.952625 0.540279
v -2.602121 1.952625 0.442305
v -2.665446 1.952625 0.671648
v -2.667182 1.952625 0.671159
v -2.311898 1.952625 0.769132
v -2.671343 1.952625 0.673449
v -2.673001 1.953625 0.674021
v -2.308401 1.953625 0.776695
v -2.668433 1.953625 0.675307
v -2.666816 1.952625 0.674723
v -2.309517 1.952625 0.775342
v -2.242676 1.952625 0.537989
v -2.241018 1.953625 0.537417
v -2.605618 1.953625 0.434742
v -2.604502 1.952625 0.436096
v -2.241018 2.001889 0.537417
v -2.241289 2.002889 0.538380
v -2.605889 2.002889 0.435705
v -2.603246 2.002889 0.436449
v -2.602975 2.001889 0.435487
v -2.605618 2.001889 0.434742
v -2.673001 2.001889 0.674021
v -2.672730 2.002889 0.673058
v -2.308130 2.002889 0.775733
v -2.668162 2.002889 0.674344
v -2.668433 2.001889 0.675307
v -2.308401 2.001889 0.776695
v -2.307167 1.953625 0.776004
v -2.307167 2.001889 0.776004
v -2.308401 2.001889 0.776695
v -2.308401 1.953625 0.776695
v -2.241018 1.953625 0.537417
v -2.241018 2.001889 0.537417
v -2.240326 2.001889 0.538651
v -2.240326 1.953625 0.538651
v -2.606852 1.953625 0.435434
v -2.606852 2.001889 0.435434
v -2.605618 2.001889 0.434742
v -2.605618 1.953625 0.434742
v -2.673001 1.953625 0.674021
v -2.673001 2.001889 0.674021
v -2.673692 2.001889 0.672787
v -2.673692 1.953625 0.672787
v -2.604502 1.952625 0.436096
v -2.241665 1.952625 0.539715
v -2.245865 1.952625 0.542027
v -2.317213 1.991443 0.759646
v -2.317213 1.872291 0.759646
v -2.318446 1.872291 0.760337
v -2.318446 1.991443 0.760337
v -2.655896 1.991443 0.665309
v -2.655896 1.872291 0.665309
v -2.656587 1.872291 0.664075
v -2.656587 1.991443 0.664075
v -2.595572 1.872291 0.451100
v -2.595572 1.991443 0.451100
v -2.596806 1.991443 0.451792
v -2.596806 1.872291 0.451792
v -2.258123 1.991443 0.546129
v -2.258123 1.872291 0.546129
v -2.257432 1.872291 0.547363
v -2.257432 1.991443 0.547363
v -2.446966 2.002889 0.231599
v -2.676470 2.002889 0.270947
v -2.676639 2.003889 0.269962
v -2.447135 2.003889 0.230613
v -2.385151 2.003889 0.592137
v -2.614655 2.003889 0.631486
v -2.614824 2.002889 0.630500
v -2.385320 2.002889 0.591152
v -2.675298 2.129781 0.270747
v -2.448137 2.129781 0.231799
v -2.447135 2.128781 0.230613
v -2.676639 2.128781 0.269962
v -2.386491 2.129781 0.591352
v -2.613653 2.129781 0.630299
v -2.614655 2.128781 0.631486
v -2.385151 2.128781 0.592137
v -2.451635 2.129781 0.237586
v -2.670073 2.129781 0.275038
v -2.669369 2.128781 0.275931
v -2.452001 2.128781 0.238663
v -2.669200 2.008630 0.276917
v -2.451832 2.008630 0.239649
v -2.452001 2.009630 0.238663
v -2.669369 2.009630 0.275931
v -2.392590 2.008630 0.585182
v -2.609958 2.008630 0.622450
v -2.609789 2.009630 0.623435
v -2.392421 2.009630 0.586167
v -2.615809 2.003889 0.630669
v -2.677455 2.003889 0.271116
v -2.676470 2.002889 0.270947
v -2.614824 2.002889 0.630500
v -2.385320 2.002889 0.591152
v -2.446966 2.002889 0.231599
v -2.445981 2.003889 0.231430
v -2.384335 2.003889 0.590983
v -2.677455 2.128781 0.271116
v -2.615809 2.128781 0.630669
v -2.615108 2.129781 0.628841
v -2.676185 2.129781 0.272606
v -2.446681 2.129781 0.233258
v -2.385605 2.129781 0.589492
v -2.384335 2.128781 0.590983
v -2.445980 2.128781 0.231430
v -2.450846 2.128781 0.239480
v -2.391604 2.128781 0.585013
v -2.390512 2.129781 0.585462
v -2.449966 2.129781 0.238693
v -2.610944 2.128781 0.622619
v -2.670186 2.128781 0.277086
v -2.671277 2.129781 0.276637
v -2.611823 2.129781 0.623406
v -2.670186 2.009630 0.277086
v -2.610944 2.009630 0.622619
v -2.609958 2.008630 0.622450
v -2.669200 2.008630 0.276917
v -2.391604 2.009630 0.585013
v -2.450846 2.009630 0.239480
v -2.451832 2.008630 0.239649
v -2.392590 2.008630 0.585182
v -2.677455 2.003889 0.271116
v -2.677455 2.128781 0.271116
v -2.676639 2.128781 0.269962
v -2.676639 2.003889 0.269962
v -2.614655 2.003889 0.631486
v -2.614655 2.128781 0.631486
v -2.615809 2.128781 0.630669
v -2.615809 2.003889 0.630669
v -2.447135 2.003889 0.230613
v -2.447135 2.128781 0.230613
v -2.445980 2.128781 0.231430
v -2.445981 2.003889 0.231430
v -2.384335 2.003889 0.590983
v -2.384335 2.128781 0.590983
v -2.385151 2.128781 0.592137
v -2.385151 2.003889 0.592137
v -2.679159 2.089964 0.267781
v -2.445485 2.089964 0.227718
v -2.442748 2.089964 0.223782
v -2.683051 2.089964 0.264983
v -2.684587 2.090964 0.264232
v -2.441549 2.090964 0.222562
v -2.377202 2.090964 0.597867
v -2.620241 2.090964 0.639537
v -2.619042 2.089964 0.638316
v -2.378739 2.089964 0.597116
v -2.620241 2.139227 0.639537
v -2.377202 2.139227 0.597867
v -2.377371 2.140227 0.596882
v -2.620410 2.140227 0.638551
v -2.441549 2.139227 0.222562
v -2.684587 2.139227 0.264231
v -2.684418 2.140227 0.265217
v -2.441380 2.140227 0.223548
v -2.443068 2.089964 0.233419
v -2.381471 2.089964 0.592688
v -2.445720 2.089964 0.229787
v -2.680014 2.089964 0.271188
v -2.680319 2.089964 0.269410
v -2.616070 2.089964 0.632312
v -2.684175 2.089964 0.266638
v -2.685404 2.090964 0.265386
v -2.621396 2.090964 0.638720
v -2.684602 2.090964 0.270064
v -2.683380 2.089964 0.271273
v -2.620653 2.089964 0.637130
v -2.377615 2.089964 0.595461
v -2.376386 2.090964 0.596713
v -2.440394 2.090964 0.223379
v -2.441136 2.089964 0.224968
v -2.376386 2.139227 0.596713
v -2.377371 2.140227 0.596882
v -2.441380 2.140227 0.223548
v -2.440916 2.140227 0.226254
v -2.439930 2.139227 0.226085
v -2.440394 2.139227 0.223379
v -2.685404 2.139227 0.265386
v -2.684418 2.140227 0.265217
v -2.620410 2.140227 0.638551
v -2.683616 2.140227 0.269895
v -2.684602 2.139227 0.270064
v -2.621396 2.139227 0.638720
v -2.620241 2.090964 0.639537
v -2.620241 2.139227 0.639537
v -2.621396 2.139227 0.638720
v -2.621396 2.090964 0.638720
v -2.376386 2.090964 0.596713
v -2.376386 2.139227 0.596713
v -2.377202 2.139227 0.597867
v -2.377202 2.090964 0.597867
v -2.441549 2.090964 0.222562
v -2.441549 2.139227 0.222562
v -2.440394 2.139227 0.223379
v -2.440394 2.090964 0.223379
v -2.685404 2.090964 0.265386
v -2.685404 2.139227 0.265386
v -2.684587 2.139227 0.264231
v -2.684587 2.090964 0.264232
v -2.441136 2.089964 0.224968
v -2.378739 2.089964 0.597116
v -2.382631 2.089964 0.594317
v -2.609789 2.128781 0.623435
v -2.609789 2.009630 0.623435
v -2.610944 2.009630 0.622619
v -2.610944 2.128781 0.622619
v -2.670186 2.128781 0.277086
v -2.670186 2.009630 0.277086
v -2.669369 2.009630 0.275931
v -2.669369 2.128781 0.275931
v -2.450846 2.009630 0.239480
v -2.450846 2.128781 0.239480
v -2.452001 2.128781 0.238663
v -2.452001 2.009630 0.238663
v -2.391604 2.128781 0.585013
v -2.391604 2.009630 0.585013
v -2.392421 2.009630 0.586167
v -2.392421 2.128781 0.586167
v -2.698286 1.865550 0.421725
v -2.465434 1.865550 0.421725
v -2.465434 1.866550 0.422725
v -2.698286 1.866550 0.422725
v -2.698286 1.866550 0.055925
v -2.465434 1.866550 0.055925
v -2.465434 1.865550 0.056925
v -2.698286 1.865550 0.056925
v -2.466622 1.992443 0.421725
v -2.697098 1.992443 0.421725
v -2.698286 1.991443 0.422725
v -2.465434 1.991443 0.422725
v -2.697098 1.992443 0.056925
v -2.466622 1.992443 0.056926
v -2.465434 1.991443 0.055926
v -2.698286 1.991443 0.055925
v -2.692673 1.992443 0.416612
v -2.471047 1.992443 0.416612
v -2.471590 1.991443 0.415612
v -2.692130 1.991443 0.415612
v -2.471590 1.871291 0.414612
v -2.692130 1.871291 0.414612
v -2.692130 1.872291 0.415612
v -2.471590 1.872291 0.415612
v -2.692130 1.871291 0.064038
v -2.471590 1.871291 0.064038
v -2.471590 1.872291 0.063038
v -2.692130 1.872291 0.063038
v -2.464434 1.866550 0.056925
v -2.464434 1.866550 0.421725
v -2.465434 1.865550 0.421725
v -2.465434 1.865550 0.056925
v -2.698286 1.865550 0.056925
v -2.698286 1.865550 0.421725
v -2.699286 1.866550 0.421725
v -2.699286 1.866550 0.056925
v -2.464434 1.991443 0.421725
v -2.464433 1.991443 0.056926
v -2.465434 1.992443 0.058609
v -2.465434 1.992443 0.420042
v -2.698286 1.992443 0.420041
v -2.698286 1.992443 0.058609
v -2.699286 1.991443 0.056925
v -2.699286 1.991443 0.421725
v -2.693130 1.991443 0.414612
v -2.693130 1.991443 0.064038
v -2.694130 1.992443 0.063411
v -2.694130 1.992443 0.415240
v -2.470590 1.991443 0.064038
v -2.470590 1.991443 0.414612
v -2.469590 1.992443 0.415240
v -2.469590 1.992443 0.063411
v -2.470590 1.872291 0.414612
v -2.470590 1.872291 0.064038
v -2.471590 1.871291 0.064038
v -2.471590 1.871291 0.414612
v -2.693130 1.872291 0.064038
v -2.693130 1.872291 0.414612
v -2.692130 1.871291 0.414612
v -2.692130 1.871291 0.064038
v -2.464434 1.866550 0.421725
v -2.464434 1.991443 0.421725
v -2.465434 1.991443 0.422725
v -2.465434 1.866550 0.422725
v -2.465434 1.866550 0.055925
v -2.465434 1.991443 0.055926
v -2.464433 1.991443 0.056926
v -2.464434 1.866550 0.056925
v -2.698286 1.866550 0.422725
v -2.698286 1.991443 0.422725
v -2.699286 1.991443 0.421725
v -2.699286 1.866550 0.421725
v -2.699286 1.866550 0.056925
v -2.699286 1.991443 0.056925
v -2.698286 1.991443 0.055925
v -2.698286 1.866550 0.055925
v -2.463318 1.952625 0.425300
v -2.700402 1.952625 0.425300
v -2.703764 1.952625 0.428716
v -2.459955 1.952625 0.428716
v -2.458567 1.953625 0.429716
v -2.705152 1.953625 0.429716
v -2.705152 1.953625 0.048934
v -2.458567 1.953625 0.048935
v -2.459955 1.952625 0.049935
v -2.703764 1.952625 0.049934
v -2.458567 2.001889 0.048935
v -2.705152 2.001889 0.048934
v -2.705152 2.002889 0.049934
v -2.458567 2.002889 0.049935
v -2.705152 2.001889 0.429716
v -2.458567 2.001889 0.429716
v -2.458567 2.002889 0.428716
v -2.705152 2.002889 0.428716
v -2.701820 1.952625 0.419272
v -2.701820 1.952625 0.054760
v -2.699820 1.952625 0.423300
v -2.461899 1.952625 0.422087
v -2.461899 1.952625 0.423890
v -2.463899 1.952625 0.055351
v -2.458567 1.952625 0.427275
v -2.457567 1.953625 0.428716
v -2.457567 1.953625 0.049935
v -2.457567 1.953625 0.423970
v -2.458567 1.952625 0.422572
v -2.458567 1.952625 0.051376
v -2.705152 1.952625 0.051376
v -2.706152 1.953625 0.049934
v -2.706152 1.953625 0.428716
v -2.705152 1.952625 0.427274
v -2.706152 2.001889 0.049934
v -2.705152 2.002889 0.049934
v -2.705152 2.002889 0.428716
v -2.705152 2.002889 0.425970
v -2.706152 2.001889 0.425970
v -2.706152 2.001889 0.428716
v -2.457567 2.001889 0.428716
v -2.458567 2.002889 0.428716
v -2.458567 2.002889 0.049935
v -2.458567 2.002889 0.423970
v -2.457567 2.001889 0.423970
v -2.457567 2.001889 0.049935
v -2.458567 1.953625 0.048935
v -2.458567 2.001889 0.048935
v -2.457567 2.001889 0.049935
v -2.457567 1.953625 0.049935
v -2.706152 1.953625 0.049934
v -2.706152 2.001889 0.049934
v -2.705152 2.001889 0.048934
v -2.705152 1.953625 0.048934
v -2.705152 1.953625 0.429716
v -2.705152 2.001889 0.429716
v -2.706152 2.001889 0.428716
v -2.706152 1.953625 0.428716
v -2.457567 1.953625 0.428716
v -2.457567 2.001889 0.428716
v -2.458567 2.001889 0.429716
v -2.458567 1.953625 0.429716
v -2.705152 1.952625 0.427274
v -2.703764 1.952625 0.049934
v -2.700402 1.952625 0.053351
v -2.471590 1.991443 0.063038
v -2.471590 1.872291 0.063038
v -2.470590 1.872291 0.064038
v -2.470590 1.991443 0.064038
v -2.470590 1.991443 0.414612
v -2.470590 1.872291 0.414612
v -2.471590 1.872291 0.415612
v -2.471590 1.991443 0.415612
v -2.693130 1.872291 0.414612
v -2.693130 1.991443 0.414612
v -2.692130 1.991443 0.415612
v -2.692130 1.872291 0.415612
v -2.693130 1.991443 0.064038
v -2.693130 1.872291 0.064038
v -2.692130 1.872291 0.063038
v -2.692130 1.991443 0.063038
v -2.312035 1.991443 0.767500
v -2.312035 1.866550 0.767499
v -2.248917 1.866550 0.543365
v -2.248917 1.991443 0.543365
vn 0.000000 -1.000000 0.000000
vn 0.000000 -1.000000 0.000000
vn 0.000000 -1.000000 0.000000
vn 0.000000 -1.000000 0.000000
vn 0.000000 -1.000000 0.000000
vn 0.000000 -1.000000 0.000000
vn -0.271100 0.000000 0.962600
vn -0.271100 0.000000 0.962600
vn -0.271100 0.000000 0.962600
vn -0.271100 0.000000 0.962600
vn 0.000000 -1.000000 0.000000
vn 0.000000 -1.000000 0.000000
vn 0.000000 -1.000000 0.000000
vn 0.000000 -1.000000 0.000000
vn 0.000000 1.000000 0.000000
vn 0.000000 1.000000 0.000000
vn 0.000000 1.000000 0.000000
vn 0.000000 1.000000 0.000000
vn 0.271100 0.000000 -0.962600
vn 0.271100 0.000000 -0.962600
vn 0.271100 0.000000 -0.962600
vn 0.271100 0.000000 -0.962600
vn -0.962600 0.000000 -0.271100
vn -0.962600 0.000000 -0.271100
vn -0.962600 0.000000 -0.271100
vn -0.962600 0.000000 -0.271100
vn 0.000000 1.000000 0.000000
vn 0.000000 1.000000 0.000000
vn 0.000000 1.000000 0.000000
vn 0.000000 1.000000 0.000000
vn 0.000000 1.000000 0.000000
vn 0.000000 1.000000 0.000000
vn 0.000000 1.000000 0.000000
vn 0.000000 1.000000 0.000000
vn -0.271100 0.000000 0.962600
vn -0.271100 0.000000 0.962600
vn -0.271100 0.000000 0.962600
vn -0.271100 0.000000 0.962600
vn 0.000000 1.000000 0.000000
vn 0.000000 1.000000 0.000000
vn 0.000000 1.000000 0.000000
vn 0.000000 1.000000 0.000000
vn 0.000000 1.000000 0.000000
vn 0.000000 1.000000 0.000000
vn 0.000000 1.000000 0.000000
vn 0.000000 1.000000 0.000000
vn 0.169000 0.000000 0.985600
vn 0.169000 0.000000 0.985600
vn 0.169000 0.000000 0.985600
vn 0.169000 0.000000 0.985600
vn -0.271000 0.000000 0.962600
vn -0.271000 0.000000 0.962600
vn -0.271100 0.000000 0.962600
vn -0.271100 0.000000 0.962600
vn 0.271000 0.000000 -0.962600
vn 0.271100 0.000000 -0.962600
vn 0.271100 0.000000 -0.962600
vn 0.271000 0.000000 -0.962600
vn 0.000000 1.000000 0.000000
vn 0.000000 1.000000 0.000000
vn 0.000000 1.000000 0.000000
vn 0.000000 1.000000 0.000000
vn 0.271100 0.000000 -0.962600
vn 0.271100 0.000000 -0.962600
vn 0.271100 0.000000 -0.962600
vn 0.271100 0.000000 -0.962600
vn -0.271100 0.000000 0.962600
vn -0.271100 0.000000 0.962500
vn -0.271100 0.000000 0.962500
vn -0.271100 0.000000 0.962600
vn -0.962600 0.000000 -0.271100
vn -0.962600 0.000000 -0.271100
vn -0.962600 0.000000 -0.271100
vn -0.962600 0.000000 -0.271100
vn 0.000000 -1.000000 0.000000
vn 0.000000 -1.000000 0.000000
vn 0.000000 -1.000000 0.000000
vn 0.000000 -1.000000 0.000000
vn 0.000000 -1.000000 0.000000
vn 0.000000 -1.000000 0.000000
vn 0.000000 -1.000000 0.000000
vn 0.000000 -1.000000 0.000000
vn 0.000000 -1.000000 0.000100
vn 0.000000 -1.000000 0.000000
vn 0.000000 -1.000000 0.000000
vn 0.000000 -1.000000 0.000000
vn 0.000000 -1.000000 0.000000
vn 0.000000 -1.000000 0.000000
vn 0.000000 -1.000000 0.000000
vn 0.000000 -1.000000 -0.000100
vn 0.000000 -1.000000 0.000000
vn 0.000000 -1.000000 0.000000
vn 0.000000 -1.000000 0.000000
vn 0.000000 -1.000000 0.000000
vn 0.962600 0.000000 0.271100
vn 0.962600 0.000000 0.271100
vn 0.962600 0.000000 0.271100
vn 0.962600 0.000000 0.271100
vn 0.000000 -1.000000 0.000000
vn 0.000000 -1.000000 0.000000
vn 0.000000 -1.000000 0.000100
vn 0.000000 -1.000000 0.000000
vn 0.962600 0.000000 0.271100
vn 0.962600 0.000000 0.271100
vn 0.962600 0.000000 0.271100
vn 0.962600 0.000000 0.271100
vn -0.962600 0.000000 -0.271100
vn -0.962600 0.000000 -0.271100
vn -0.962600 0.000000 -0.271100
vn -0.962600 0.000000 -0.271100
vn 0.271100 0.000000 -0.962600
vn 0.271100 0.000000 -0.962600
vn 0.271100 0.000000 -0.962600
vn 0.271100 0.000000 -0.962600
vn 0.000000 1.000000 0.000000
vn 0.000000 1.000000 0.000000
vn 0.000000 1.000000 0.000000
vn 0.000000 1.000000 0.000000
vn 0.000000 -1.000000 0.000000
vn 0.000000 -1.000000 0.000000
vn 0.000000 -1.000000 0.000000
vn 0.000000 -1.000000 0.000000
vn 0.000000 -1.000000 0.000000
vn 0.000000 -1.000000 0.000000
vn -0.985600 0.000000 0.169000
vn -0.985600 0.000000 0.169000
vn -0.985600 0.000000 0.169000
vn -0.985600 0.000000 0.169000
vn 0.000000 -1.000000 0.000000
vn 0.000000 -1.000000 0.000000
vn 0.000000 -1.000000 0.000000
vn 0.000000 -1.000000 0.000000
vn 0.000000 1.000000 0.000000
vn 0.000000 1.000000 0.000000
vn 0.000000 1.000000 0.000000
vn 0.000000 1.000000 0.000000
vn 0.985600 0.000000 -0.169000
vn 0.985600 0.000000 -0.169000
vn 0.985600 0.000000 -0.169000
vn 0.985600 0.000000 -0.169000
vn -0.169000 0.000000 -0.985600
vn -0.169000 0.000000 -0.985600
vn -0.169000 0.000000 -0.985600
vn -0.169000 0.000000 -0.985600
vn 0.000000 1.000000 0.000000
vn 0.000000 1.000000 0.000000
vn 0.000000 1.000000 0.000000
vn 0.000000 1.000000 0.000000
vn 0.000000 1.000000 0.000000
vn 0.000000 1.000000 0.000000
vn 0.000000 1.000000 0.000000
vn 0.000000 1.000000 0.000000
vn -0.985600 0.000000 0.169000
vn -0.985600 0.000000 0.169000
vn -0.985600 0.000000 0.169000
vn -0.985600 0.000000 0.169000
vn 0.000000 1.000000 0.000000
vn 0.000000 1.000000 0.000000
vn 0.000000 1.000000 0.000000
vn 0.000000 1.000000 0.000000
vn 0.000000 1.000000 0.000000
vn 0.000000 1.000000 0.000000
vn 0.000000 1.000000 0.000000
vn 0.000000 1.000000 0.000000
vn 0.000000 0.000000 -1.000000
vn 0.000000 0.000000 -1.000000
vn 0.000000 0.000000 -1.000000
vn 0.000000 0.000000 -1.000000
vn -0.985600 0.000000 0.169000
vn -0.985600 0.000000 0.169000
vn -0.985600 0.000000 0.169000
vn -0.985600 0.000000 0.169000
vn 0.985600 0.000000 -0.169000
vn 0.985600 0.000000 -0.168900
vn 0.985600 0.000000 -0.168900
vn 0.985600 0.000000 -0.169000
vn 0.000000 1.000000 0.000000
vn 0.000000 1.000000 0.000000
vn 0.000000 1.000000 0.000000
vn 0.000000 1.000000 0.000000
vn 0.985600 0.000000 -0.169000
vn 0.985600 0.000000 -0.169000
vn 0.985600 0.000000 -0.169000
vn 0.985600 0.000000 -0.169000
vn -0.985600 0.000000 0.169000
vn -0.985600 0.000000 0.169000
vn -0.985600 0.000000 0.169000
vn -0.985600 0.000000 0.169000
vn -0.169000 0.000000 -0.985600
vn -0.169000 0.000000 -0.985600
vn -0.169000 0.000000 -0.985600
vn -0.169000 0.000000 -0.985600
vn 0.000000 -1.000000 0.000000
vn 0.000000 -1.000000 0.000000
vn 0.000000 -1.000000 0.000000
vn 0.000000 -1.000000 0.000000
vn 0.000000 -1.000000 0.000000
vn 0.000000 -1.000000 0.000000
vn 0.000000 -1.000000 0.000000
vn 0.000000 -1.000000 0.000000
vn 0.000000 -1.000000 -0.000100
vn 0.000000 -1.000000 0.000000
vn 0.000000 -1.000000 0.000000
vn 0.000000 -1.000000 0.000000
vn 0.000000 -1.000000 0.000000
vn 0.000000 -1.000000 0.000000
vn 0.000000 -1.000000 0.000000
vn 0.000000 -1.000000 0.000100
vn 0.000000 -1.000000 0.000000
vn 0.000000 -1.000000 0.000000
vn 0.000000 -1.000000 0.000000
vn 0.000000 -1.000000 0.000000
vn 0.169000 0.000000 0.985600
vn 0.169000 0.000000 0.985600
vn 0.169000 0.000000 0.985600
vn 0.169000 0.000000 0.985600
vn 0.000000 -1.000000 0.000000
vn 0.000000 -1.000000 0.000000
vn 0.000000 -1.000000 -0.000100
vn 0.000000 -1.000000 0.000000
vn 0.169000 0.000000 0.985600
vn 0.169000 0.000000 0.985600
vn 0.169000 0.000000 0.985600
vn 0.169000 0.000000 0.985600
vn -0.169000 0.000000 -0.985600
vn -0.169000 0.000000 -0.985600
vn -0.169000 0.000000 -0.985600
vn -0.169000 0.000000 -0.985600
vn 0.985600 0.000000 -0.169000
vn 0.985600 0.000000 -0.169000
vn 0.985600 0.000000 -0.169000
vn 0.985600 0.000000 -0.169000
vn 0.000000 1.000000 0.000000
vn 0.000000 1.000000 0.000000
vn 0.000000 1.000000 0.000000
vn 0.000000 1.000000 0.000000
vn 0.000000 -1.000000 0.000000
vn 0.000000 -1.000000 0.000000
vn 0.000000 -1.000000 0.000000
vn 0.000000 -1.000000 0.000000
vn 0.000000 -1.000000 0.000000
vn 0.000000 -1.000000 0.000000
vn 1.000000 0.000000 0.000000
vn 1.000000 0.000000 0.000000
vn 1.000000 0.000000 0.000000
vn 1.000000 0.000000 0.000000
vn 0.000000 -1.000000 0.000000
vn 0.000000 -1.000000 0.000000
vn 0.000000 -1.000000 0.000000
vn 0.000000 -1.000000 0.000000
vn 0.000000 1.000000 0.000000
vn 0.000000 1.000000 0.000000
vn 0.000000 1.000000 0.000000
vn 0.000000 1.000000 0.000000
vn -1.000000 0.000000 0.000000
vn -1.000000 0.000000 0.000000
vn -1.000000 0.000000 0.000000
vn -1.000000 0.000000 0.000000
vn 0.000000 0.000000 1.000000
vn 0.000000 0.000000 1.000000
vn 0.000000 0.000000 1.000000
vn 0.000000 0.000000 1.000000
vn 0.000000 1.000000 0.000000
vn 0.000000 1.000000 0.000000
vn 0.000000 1.000000 0.000000
vn 0.000000 1.000000 0.000000
vn 0.000000 1.000000 0.000000
vn 0.000000 1.000000 0.000000
vn 0.000000 1.000000 0.000000
vn 0.000000 1.000000 0.000000
vn 1.000000 0.000000 0.000000
vn 1.000000 0.000000 0.000000
vn 1.000000 0.000000 0.000000
vn 1.000000 0.000000 0.000000
vn 0.000000 1.000000 0.000000
vn 0.000000 1.000000 0.000000
vn 0.000000 1.000000 0.000000
vn 0.000000 1.000000 0.000000
vn 0.000000 1.000000 0.000000
vn 0.000000 1.000000 0.000000
vn 0.000000 1.000000 0.000000
vn 0.000000 1.000000 0.000000
vn 1.000000 0.000000 0.000000
vn 1.000000 0.000000 0.000000
vn 1.000000 0.000000 0.000000
vn 1.000000 0.000000 0.000000
vn -1.000000 0.000000 0.000000
vn -1.000000 0.000000 0.000000
vn -1.000000 0.000000 0.000000
vn -1.000000 0.000000 0.000000
vn 0.000000 1.000000 0.000000
vn 0.000000 1.000000 0.000000
vn 0.000000 1.000000 0.000000
vn 0.000000 1.000000 0.000000
vn -1.000000 0.000000 0.000000
vn -1.000000 0.000000 0.000000
vn -1.000000 0.000000 0.000000
vn -1.000000 0.000000 0.000000
vn 1.000000 0.000000 0.000000
vn 1.000000 0.000000 0.000000
vn 1.000000 0.000000 0.000000
vn 1.000000 0.000000 0.000000
vn 0.000000 0.000000 1.000000
vn 0.000000 0.000000 1.000000
vn 0.000000 0.000000 1.000000
vn 0.000000 0.000000 1.000000
vn 0.000000 -1.000000 0.000000
vn 0.000000 -1.000000 0.000000
vn 0.000000 -1.000000 0.000000
vn 0.000000 -1.000000 0.000000
vn 0.000000 -1.000000 0.000000
vn 0.000000 -1.000000 0.000000
vn 0.000000 -1.000000 0.000000
vn 0.000000 -1.000000 0.000000
vn 0.000000 -1.000000 0.000000
vn 0.000000 -1.000000 0.000000
vn 0.000000 -1.000000 0.000000
vn 0.000000 -1.000000 0.000000
vn 0.000000 -1.000000 0.000000
vn 0.000000 -1.000000 0.000000
vn 0.000000 -1.000000 0.000000
vn 0.000000 -1.000000 0.000000
vn 0.000000 -1.000000 0.000000
vn 0.000000 -1.000000 0.000000
vn 0.000000 -1.000000 0.000000
vn 0.000000 -1.000000 0.000000
vn 0.000000 0.000000 -1.000000
vn 0.000000 0.000000 -1.000000
vn 0.000000 0.000000 -1.000000
vn 0.000000 0.000000 -1.000000
vn 0.000000 -1.000000 0.000000
vn 0.000000 -1.000000 0.000000
vn 0.000000 -1.000000 0.000000
vn 0.000000 -1.000000 0.000000
vn 0.000000 0.000000 -1.000000
vn 0.000000 0.000000 -1.000000
vn 0.000000 0.000000 -1.000000
vn 0.000000 0.000000 -1.000000
vn 0.000000 0.000000 1.000000
vn 0.000000 0.000000 1.000000
vn 0.000000 0.000000 1.000000
vn 0.000000 0.000000 1.000000
vn -1.000000 0.000000 0.000000
vn -1.000000 0.000000 0.000000
vn -1.000000 0.000000 0.000000
vn -1.000000 0.000000 0.000000
vn 0.000000 1.000000 0.000000
vn 0.000000 1.000000 0.000000
vn 0.000000 1.000000 0.000000
vn 0.000000 1.000000 0.000000
vn 0.399300 -0.577000 0.712400
vn 0.399300 -0.577000 0.712400
vn 0.399300 -0.577000 0.712400
vn -0.712000 -0.577600 0.399200
vn -0.712000 -0.577600 0.399200
vn -0.712000 -0.577600 0.399200
vn -0.399200 -0.577200 -0.712300
vn -0.399200 -0.577200 -0.712300
vn -0.399200 -0.577200 -0.712300
vn 0.712400 -0.577000 -0.399400
vn 0.712400 -0.577000 -0.399400
vn 0.712400 -0.577000 -0.399400
vn 0.202200 0.861400 0.465900
vn -0.063500 0.777500 0.625700
vn 0.093900 0.837300 0.538500
vn 0.202200 0.861400 0.465900
vn -0.415600 0.861400 0.291800
vn -0.415600 0.861400 0.291800
vn -0.361100 0.837400 0.410300
vn -0.272200 0.777500 0.566900
vn -0.202300 0.861400 -0.466000
vn 0.063500 0.777500 -0.625700
vn -0.093900 0.837300 -0.538500
vn -0.202300 0.861400 -0.466000
vn 0.415700 0.861400 -0.291800
vn 0.415700 0.861400 -0.291800
vn 0.361200 0.837400 -0.410300
vn 0.272300 0.777500 -0.566900
vn -0.657600 0.751400 0.053300
vn -0.652300 0.753500 0.081600
vn -0.586200 0.746300 0.315300
vn -0.586200 0.746300 0.315300
vn 0.533200 0.751400 0.388700
vn 0.335500 0.746300 0.574800
vn 0.335500 0.746300 0.574800
vn 0.513800 0.753500 0.410000
vn 0.657600 0.751400 -0.053300
vn 0.652300 0.753600 -0.081600
vn 0.586100 0.746300 -0.315300
vn 0.586100 0.746300 -0.315300
vn -0.533200 0.751400 -0.388700
vn -0.335600 0.746200 -0.574900
vn -0.335600 0.746200 -0.574900
vn -0.513900 0.753500 -0.410000
vn -0.399200 0.577200 -0.712400
vn -0.399200 0.577200 -0.712400
vn -0.399200 0.577200 -0.712400
vn 0.712200 0.577400 -0.399100
vn 0.712200 0.577400 -0.399100
vn 0.712200 0.577400 -0.399100
vn 0.399200 0.577300 0.712200
vn 0.399200 0.577300 0.712200
vn 0.399200 0.577300 0.712200
vn -0.712200 0.577400 0.399100
vn -0.712200 0.577400 0.399100
vn -0.712200 0.577400 0.399100
vn 0.000000 -1.000000 0.000000
vn 0.000000 -1.000000 0.000000
vn 0.000000 -1.000000 0.000000
vn 0.000000 -1.000000 0.000000
vn 0.000000 -1.000000 0.000000
vn 0.000000 -1.000000 0.000000
vn 0.000000 -1.000000 0.000000
vn 0.000000 -1.000000 0.000000
vn 0.242200 -0.862800 0.443600
vn 0.242200 -0.862800 0.443600
vn 0.242200 -0.862800 0.443600
vn 0.242200 -0.862800 0.443600
vn -0.438200 -0.862800 0.252000
vn -0.438200 -0.862800 0.252000
vn -0.438200 -0.862800 0.252000
vn -0.438200 -0.862800 0.252000
vn -0.242300 -0.862800 -0.443600
vn -0.242300 -0.862800 -0.443600
vn -0.242300 -0.862800 -0.443600
vn -0.242300 -0.862800 -0.443600
vn 0.438200 -0.862800 -0.252000
vn 0.438200 -0.862800 -0.252000
vn 0.438200 -0.862800 -0.252000
vn 0.438200 -0.862800 -0.252000
vn 0.712100 0.577500 -0.399200
vn 0.712100 0.577500 -0.399200
vn 0.712100 0.577500 -0.399200
vn -0.399200 0.577500 -0.712100
vn -0.399200 0.577500 -0.712100
vn -0.399200 0.577500 -0.712100
vn -0.712200 0.577400 0.399100
vn -0.712200 0.577400 0.399100
vn -0.712200 0.577400 0.399100
vn 0.399300 0.577300 0.712200
vn 0.399300 0.577300 0.712200
vn 0.399300 0.577300 0.712200
vn 0.000000 -1.000000 0.000000
vn 0.000000 -1.000000 0.000000
vn 0.000000 -1.000000 0.000000
vn 0.000000 -1.000000 0.000000
vn -0.191700 -0.707000 0.680700
vn -0.191700 -0.707000 0.680700
vn -0.191700 -0.707000 0.680700
vn -0.191700 -0.707000 0.680700
vn 0.191700 -0.707100 -0.680700
vn 0.191700 -0.707100 -0.680700
vn 0.191700 -0.707100 -0.680700
vn 0.191700 -0.707100 -0.680700
vn 0.191700 0.707100 -0.680600
vn 0.191700 0.707100 -0.680600
vn 0.191700 0.707100 -0.680600
vn 0.191700 0.707100 -0.680600
vn -0.191700 0.707200 0.680500
vn -0.191600 0.707100 0.680600
vn -0.191600 0.707100 0.680600
vn -0.191700 0.707200 0.680500
vn -0.471500 -0.577300 0.666600
vn -0.471500 -0.577300 0.666600
vn -0.471500 -0.577300 0.666600
vn -0.666800 -0.577100 -0.471400
vn -0.666800 -0.577100 -0.471400
vn -0.666800 -0.577100 -0.471400
vn 0.471500 -0.577400 -0.666500
vn 0.471500 -0.577400 -0.666500
vn 0.471500 -0.577400 -0.666500
vn 0.666500 -0.577600 0.471200
vn 0.666500 -0.577600 0.471200
vn 0.666500 -0.577600 0.471200
vn -0.333800 0.861300 0.383000
vn -0.592300 0.777400 0.211600
vn -0.445900 0.837300 0.316400
vn -0.333800 0.861300 0.383000
vn -0.442200 0.861400 -0.249900
vn -0.442200 0.861400 -0.249900
vn -0.525800 0.837300 -0.149700
vn -0.629000 0.777400 -0.002100
vn 0.333800 0.861300 -0.383000
vn 0.592300 0.777400 -0.211600
vn 0.445900 0.837300 -0.316400
vn 0.333800 0.861300 -0.383000
vn 0.442300 0.861300 0.249900
vn 0.442300 0.861300 0.249900
vn 0.525800 0.837300 0.149700
vn 0.629000 0.777400 0.002200
vn -0.330800 0.751300 -0.571000
vn -0.354100 0.753400 -0.554000
vn -0.536600 0.746200 -0.393900
vn -0.536600 0.746200 -0.393900
vn -0.121700 0.751400 0.648500
vn -0.374800 0.746300 0.550000
vn -0.374800 0.746300 0.550000
vn -0.149300 0.753500 0.640200
vn 0.330800 0.751400 0.570800
vn 0.354100 0.753500 0.553800
vn 0.536700 0.746300 0.393700
vn 0.536700 0.746300 0.393700
vn 0.121700 0.751400 -0.648500
vn 0.374800 0.746200 -0.550100
vn 0.374800 0.746200 -0.550100
vn 0.149300 0.753500 -0.640200
vn 0.471500 0.577400 -0.666500
vn 0.471500 0.577400 -0.666500
vn 0.471500 0.577400 -0.666500
vn 0.666400 0.577600 0.471400
vn 0.666400 0.577600 0.471400
vn 0.666400 0.577600 0.471400
vn -0.471500 0.577300 0.666600
vn -0.471500 0.577300 0.666600
vn -0.471500 0.577300 0.666600
vn -0.666500 0.577300 -0.471600
vn -0.666500 0.577300 -0.471600
vn -0.666500 0.577300 -0.471600
vn 0.000000 -1.000000 0.000000
vn 0.000000 -1.000000 0.000000
vn 0.000000 -1.000000 0.000000
vn 0.000000 -1.000000 0.000000
vn 0.000000 -1.000000 0.000000
vn 0.000000 -1.000000 0.000000
vn 0.000000 -1.000000 0.000000
vn 0.000000 -1.000000 0.000000
vn -0.296400 -0.862800 0.409500
vn -0.296400 -0.862800 0.409500
vn -0.296400 -0.862800 0.409500
vn -0.296400 -0.862800 0.409500
vn -0.415800 -0.862800 -0.287300
vn -0.415800 -0.862800 -0.287300
vn -0.415800 -0.862800 -0.287300
vn -0.415800 -0.862800 -0.287300
vn 0.296400 -0.862800 -0.409400
vn 0.296400 -0.862800 -0.409400
vn 0.296400 -0.862800 -0.409400
vn 0.296400 -0.862800 -0.409400
vn 0.415900 -0.862800 0.287300
vn 0.415900 -0.862800 0.287300
vn 0.415900 -0.862800 0.287300
vn 0.415900 -0.862800 0.287300
vn 0.666500 0.577400 0.471400
vn 0.666500 0.577400 0.471400
vn 0.666500 0.577400 0.471400
vn 0.471400 0.577400 -0.666600
vn 0.471400 0.577400 -0.666600
vn 0.471400 0.577400 -0.666600
vn -0.666700 0.577100 -0.471500
vn -0.666700 0.577100 -0.471500
vn -0.666700 0.577100 -0.471500
vn -0.471600 0.577100 0.666800
vn -0.471600 0.577100 0.666800
vn -0.471600 0.577100 0.666800
vn 0.000000 -1.000000 0.000000
vn 0.000000 -1.000000 0.000000
vn 0.000000 -1.000000 0.000000
vn 0.000000 -1.000000 0.000000
vn -0.696900 -0.707100 0.119500
vn -0.696900 -0.707100 0.119500
vn -0.696900 -0.707100 0.119500
vn -0.697000 -0.707100 0.119500
vn 0.696900 -0.707100 -0.119500
vn 0.696900 -0.707100 -0.119500
vn 0.696900 -0.707100 -0.119500
vn 0.696900 -0.707100 -0.119500
vn 0.697000 0.707100 -0.119500
vn 0.697000 0.707000 -0.119500
vn 0.697000 0.707000 -0.119500
vn 0.697000 0.707100 -0.119500
vn -0.697000 0.707000 0.119500
vn -0.697000 0.707000 0.119500
vn -0.697000 0.707000 0.119500
vn -0.697000 0.707000 0.119500
vn 0.577400 -0.577300 -0.577300
vn 0.577400 -0.577300 -0.577300
vn 0.577400 -0.577300 -0.577300
vn 0.577400 -0.577300 0.577300
vn 0.577400 -0.577300 0.577300
vn 0.577400 -0.577300 0.577300
vn -0.577300 -0.577100 0.577500
vn -0.577300 -0.577100 0.577500
vn -0.577300 -0.577100 0.577500
vn -0.577400 -0.577300 -0.577300
vn -0.577400 -0.577300 -0.577300
vn -0.577400 -0.577300 -0.577300
vn 0.393600 0.861400 -0.320900
vn 0.619500 0.777400 -0.108400
vn 0.492900 0.837400 -0.236300
vn 0.393600 0.861400 -0.320900
vn 0.393700 0.861400 0.321000
vn 0.393700 0.861400 0.321000
vn 0.492900 0.837300 0.236400
vn 0.619600 0.777400 0.108400
vn -0.393700 0.861300 0.321100
vn -0.619500 0.777500 0.108400
vn -0.493000 0.837300 0.236400
vn -0.393700 0.861300 0.321100
vn -0.393800 0.861300 -0.321000
vn -0.393800 0.861300 -0.321000
vn -0.493000 0.837300 -0.236400
vn -0.619500 0.777400 -0.108400
vn 0.229500 0.751400 0.618600
vn 0.255300 0.753600 0.605700
vn 0.462300 0.746400 0.478700
vn 0.462300 0.746400 0.478700
vn 0.229600 0.751400 -0.618600
vn 0.462400 0.746200 -0.478800
vn 0.462400 0.746200 -0.478800
vn 0.255400 0.753500 -0.605800
vn -0.229600 0.751400 -0.618600
vn -0.255400 0.753500 -0.605800
vn -0.462400 0.746300 -0.478800
vn -0.462400 0.746300 -0.478800
vn -0.229600 0.751300 0.618600
vn -0.462400 0.746200 0.478800
vn -0.462400 0.746200 0.478800
vn -0.255400 0.753500 0.605800
vn -0.577300 0.577400 0.577300
vn -0.577300 0.577400 0.577300
vn -0.577300 0.577400 0.577300
vn -0.577300 0.577500 -0.577200
vn -0.577300 0.577500 -0.577200
vn -0.577300 0.577500 -0.577200
vn 0.577400 0.577300 -0.577300
vn 0.577400 0.577300 -0.577300
vn 0.577400 0.577300 -0.577300
vn 0.577400 0.577300 0.577300
vn 0.577400 0.577300 0.577300
vn 0.577400 0.577300 0.577300
vn 0.000000 -1.000000 0.000000
vn 0.000000 -1.000000 0.000000
vn 0.000000 -1.000000 0.000000
vn 0.000000 -1.000000 0.000000
vn 0.000000 -1.000000 0.000000
vn 0.000000 -1.000000 0.000000
vn 0.000000 -1.000000 0.000000
vn 0.000000 -1.000000 0.000000
vn 0.361400 -0.862800 -0.353500
vn 0.361400 -0.862800 -0.353500
vn 0.361400 -0.862800 -0.353500
vn 0.361400 -0.862800 -0.353500
vn 0.361300 -0.862800 0.353400
vn 0.361300 -0.862800 0.353400
vn 0.361300 -0.862800 0.353400
vn 0.361300 -0.862800 0.353400
vn -0.361300 -0.862800 0.353400
vn -0.361300 -0.862800 0.353400
vn -0.361300 -0.862800 0.353400
vn -0.361300 -0.862800 0.353400
vn -0.361300 -0.862800 -0.353400
vn -0.361300 -0.862800 -0.353400
vn -0.361300 -0.862800 -0.353400
vn -0.361300 -0.862800 -0.353400
vn -0.577300 0.577400 -0.577300
vn -0.577300 0.577400 -0.577300
vn -0.577300 0.577400 -0.577300
vn -0.577400 0.577300 0.577300
vn -0.577400 0.577300 0.577300
vn -0.577400 0.577300 0.577300
vn 0.577300 0.577200 0.577500
vn 0.577300 0.577200 0.577500
vn 0.577300 0.577200 0.577500
vn 0.577400 0.577300 -0.577300
vn 0.577400 0.577300 -0.577300
vn 0.577400 0.577300 -0.577300
vn 0.000000 -1.000000 0.000000
vn 0.000000 -1.000000 0.000000
vn 0.000000 -1.000000 0.000000
vn 0.000000 -1.000000 0.000000
vn 0.707100 -0.707100 0.000000
vn 0.707100 -0.707100 0.000000
vn 0.707100 -0.707100 0.000000
vn 0.707100 -0.707100 0.000000
vn -0.707100 -0.707100 0.000000
vn -0.707100 -0.707100 0.000000
vn -0.707100 -0.707100 0.000000
vn -0.707100 -0.707100 0.000000
vn -0.707100 0.707100 0.000000
vn -0.707100 0.707100 0.000000
vn -0.707100 0.707100 0.000000
vn -0.707100 0.707100 0.000000
vn 0.707000 0.707200 0.000000
vn 0.707000 0.707100 0.000000
vn 0.707000 0.707100 0.000000
vn 0.707000 0.707200 0.000000
vn -0.680800 -0.706900 -0.191700
vn -0.680800 -0.706900 -0.191700
vn -0.680800 -0.706900 -0.191700
vn -0.680800 -0.706900 -0.191700
vn 0.680700 -0.707000 0.191700
vn 0.680700 -0.707000 0.191700
vn 0.680700 -0.707000 0.191700
vn 0.680700 -0.707000 0.191700
vn -0.680600 0.707100 -0.191600
vn -0.680600 0.707100 -0.191600
vn -0.680600 0.707100 -0.191600
vn -0.680600 0.707100 -0.191600
vn 0.680500 0.707200 0.191600
vn 0.680500 0.707200 0.191600
vn 0.680500 0.707200 0.191600
vn 0.680500 0.707200 0.191600
vn 0.513800 0.753500 0.410000
vn 0.652300 0.753600 -0.081600
vn 0.657600 0.751400 -0.053300
vn 0.533200 0.751400 0.388700
vn 0.680700 0.707000 0.191700
vn 0.680700 0.707000 0.191700
vn 0.680700 0.707000 0.191700
vn 0.680700 0.707000 0.191700
vn -0.680500 0.707200 -0.191700
vn -0.680500 0.707200 -0.191700
vn -0.680500 0.707200 -0.191700
vn -0.680500 0.707200 -0.191700
vn -0.191700 -0.707100 0.680600
vn -0.191700 -0.707100 0.680600
vn -0.191700 -0.707100 0.680600
vn -0.191700 -0.707100 0.680600
vn 0.191700 -0.707100 -0.680700
vn 0.191700 -0.707100 -0.680700
vn 0.191700 -0.707100 -0.680700
vn 0.191700 -0.707100 -0.680700
vn -0.361100 0.837400 0.410300
vn 0.093900 0.837300 0.538500
vn -0.063500 0.777500 0.625700
vn -0.272200 0.777500 0.566900
vn 0.063500 0.777500 -0.625700
vn 0.272300 0.777500 -0.566900
vn 0.361200 0.837400 -0.410300
vn -0.093900 0.837300 -0.538500
vn -0.191700 0.707100 0.680600
vn -0.191700 0.707100 0.680600
vn -0.191700 0.707100 0.680600
vn -0.191700 0.707100 0.680600
vn 0.191700 0.707100 -0.680600
vn 0.191700 0.707100 -0.680600
vn 0.191700 0.707100 -0.680600
vn 0.191700 0.707100 -0.680600
vn 0.191700 0.707000 -0.680700
vn 0.191700 0.707000 -0.680700
vn 0.191700 0.707000 -0.680700
vn 0.191700 0.707000 -0.680700
vn -0.191700 0.707100 0.680700
vn -0.191700 0.707100 0.680700
vn -0.191700 0.707100 0.680700
vn -0.191700 0.707100 0.680700
vn -0.872300 0.000000 0.488900
vn -0.872300 0.000000 0.488900
vn -0.872300 0.000000 0.488900
vn -0.872300 0.000000 0.488900
vn 0.489000 0.000000 0.872300
vn 0.489000 0.000000 0.872300
vn 0.489000 0.000000 0.872300
vn 0.489000 0.000000 0.872300
vn -0.488900 0.000000 -0.872300
vn -0.488900 0.000000 -0.872300
vn -0.488900 0.000000 -0.872300
vn -0.488900 0.000000 -0.872300
vn 0.872200 0.000000 -0.489000
vn 0.872200 0.000000 -0.489000
vn 0.872200 0.000000 -0.489000
vn 0.872200 0.000000 -0.489000
vn 0.000000 -1.000000 0.000000
vn 0.000000 -1.000000 0.000000
vn -0.680600 -0.707100 -0.191600
vn -0.680600 -0.707100 -0.191600
vn -0.680600 -0.707100 -0.191600
vn -0.680600 -0.707100 -0.191600
vn 0.680700 -0.707000 0.191700
vn 0.680700 -0.707000 0.191700
vn 0.680700 -0.707000 0.191700
vn 0.680700 -0.707000 0.191700
vn 0.680600 0.707100 0.191600
vn 0.680600 0.707100 0.191600
vn 0.680600 0.707100 0.191600
vn 0.680600 0.707100 0.191600
vn -0.680500 0.707200 -0.191700
vn -0.680500 0.707200 -0.191700
vn -0.680500 0.707200 -0.191700
vn -0.680500 0.707200 -0.191700
vn 0.000000 -1.000000 0.000000
vn 0.000000 -1.000000 0.000000
vn 0.000000 -1.000000 0.000000
vn 0.000000 -1.000000 0.000000
vn 0.000000 -1.000000 0.000000
vn 0.000000 -1.000000 0.000000
vn -0.191700 -0.707000 0.680700
vn -0.191700 -0.707000 0.680700
vn -0.191700 -0.707000 0.680700
vn -0.191700 -0.707000 0.680700
vn -0.191700 -0.707000 0.680700
vn -0.191700 -0.707000 0.680700
vn 0.191700 -0.707100 -0.680700
vn 0.191700 -0.707100 -0.680700
vn 0.191700 -0.707000 -0.680700
vn 0.191700 -0.707000 -0.680700
vn 0.191700 0.707100 -0.680600
vn 0.191700 0.707100 -0.680600
vn 0.191700 0.707200 -0.680500
vn 0.191700 0.707100 -0.680600
vn 0.191700 0.707100 -0.680600
vn 0.191700 0.707200 -0.680500
vn -0.191700 0.707200 0.680500
vn -0.191700 0.707200 0.680500
vn -0.191700 0.707100 0.680600
vn -0.191600 0.707100 0.680600
vn -0.191600 0.707100 0.680600
vn -0.191700 0.707100 0.680600
vn 0.488900 0.000000 0.872300
vn 0.488900 0.000000 0.872300
vn 0.488900 0.000000 0.872300
vn 0.488900 0.000000 0.872300
vn 0.872200 0.000000 -0.489000
vn 0.872200 0.000000 -0.489000
vn 0.872200 0.000000 -0.489000
vn 0.872200 0.000000 -0.489000
vn -0.489000 0.000000 -0.872300
vn -0.489000 0.000000 -0.872300
vn -0.489000 0.000000 -0.872300
vn -0.489000 0.000000 -0.872300
vn -0.872200 0.000000 0.489000
vn -0.872200 0.000000 0.489000
vn -0.872200 0.000000 0.489000
vn -0.872200 0.000000 0.489000
vn 0.000000 -1.000000 0.000000
vn 0.000000 -1.000000 0.000100
vn 0.000000 -1.000000 0.000000
vn -0.489000 0.000000 -0.872300
vn -0.489000 0.000000 -0.872300
vn -0.489000 0.000000 -0.872300
vn -0.489000 0.000000 -0.872300
vn 0.872300 0.000000 -0.488900
vn 0.872300 0.000000 -0.488900
vn 0.872300 0.000000 -0.488900
vn 0.872300 0.000000 -0.488900
vn 0.489000 0.000000 0.872300
vn 0.489000 0.000000 0.872300
vn 0.489000 0.000000 0.872300
vn 0.489000 0.000000 0.872300
vn -0.872300 0.000000 0.488900
vn -0.872300 0.000000 0.488900
vn -0.872300 0.000000 0.488900
vn -0.872300 0.000000 0.488900
vn -0.119500 -0.707100 -0.696900
vn -0.119500 -0.707100 -0.696900
vn -0.119500 -0.707100 -0.696900
vn -0.119500 -0.707100 -0.696900
vn 0.119500 -0.707100 0.697000
vn 0.119500 -0.707100 0.697000
vn 0.119500 -0.707100 0.697000
vn 0.119500 -0.707100 0.697000
vn -0.119500 0.707000 -0.697000
vn -0.119500 0.707000 -0.697000
vn -0.119500 0.707000 -0.697000
vn -0.119500 0.707000 -0.697000
vn 0.119500 0.707000 0.697000
vn 0.119500 0.707000 0.697000
vn 0.119500 0.707000 0.697000
vn 0.119500 0.707000 0.697000
vn -0.149300 0.753500 0.640200
vn 0.354100 0.753500 0.553800
vn 0.330800 0.751400 0.570800
vn -0.121700 0.751400 0.648500
vn 0.119500 0.707100 0.696900
vn 0.119500 0.707100 0.696900
vn 0.119500 0.707100 0.696900
vn 0.119500 0.707100 0.696900
vn -0.119500 0.707100 -0.696900
vn -0.119500 0.707100 -0.696900
vn -0.119500 0.707100 -0.696900
vn -0.119500 0.707100 -0.696900
vn -0.696900 -0.707100 0.119400
vn -0.696900 -0.707100 0.119400
vn -0.696900 -0.707100 0.119400
vn -0.696900 -0.707100 0.119400
vn 0.696900 -0.707100 -0.119400
vn 0.696900 -0.707100 -0.119400
vn 0.696900 -0.707100 -0.119400
vn 0.696900 -0.707100 -0.119400
vn -0.525800 0.837300 -0.149700
vn -0.445900 0.837300 0.316400
vn -0.592300 0.777400 0.211600
vn -0.629000 0.777400 -0.002100
vn 0.592300 0.777400 -0.211600
vn 0.629000 0.777400 0.002200
vn 0.525800 0.837300 0.149700
vn 0.445900 0.837300 -0.316400
vn -0.697000 0.707000 0.119500
vn -0.697000 0.707000 0.119500
vn -0.697000 0.707000 0.119500
vn -0.697000 0.707000 0.119500
vn 0.696900 0.707100 -0.119500
vn 0.696900 0.707100 -0.119500
vn 0.696900 0.707100 -0.119500
vn 0.696900 0.707100 -0.119500
vn 0.697000 0.707100 -0.119500
vn 0.697000 0.707100 -0.119500
vn 0.697000 0.707100 -0.119500
vn 0.697000 0.707100 -0.119500
vn -0.696900 0.707100 0.119400
vn -0.696900 0.707100 0.119400
vn -0.696900 0.707100 0.119400
vn -0.696900 0.707100 0.119400
vn -0.816400 0.000000 -0.577400
vn -0.816400 0.000000 -0.577400
vn -0.816400 0.000000 -0.577400
vn -0.816400 0.000000 -0.577400
vn -0.577500 0.000000 0.816400
vn -0.577500 0.000000 0.816400
vn -0.577500 0.000000 0.816400
vn -0.577500 0.000000 0.816400
vn 0.577500 0.000000 -0.816400
vn 0.577500 0.000000 -0.816400
vn 0.577500 0.000000 -0.816400
vn 0.577500 0.000000 -0.816400
vn 0.816400 0.000000 0.577400
vn 0.816400 0.000000 0.577400
vn 0.816400 0.000000 0.577400
vn 0.816400 0.000000 0.577400
vn 0.000000 -1.000000 0.000000
vn 0.000000 -1.000000 0.000000
vn -0.119500 -0.707100 -0.696900
vn -0.119500 -0.707100 -0.696900
vn -0.119500 -0.707100 -0.696900
vn -0.119500 -0.707100 -0.696900
vn 0.119400 -0.707000 0.697000
vn 0.119400 -0.707000 0.697000
vn 0.119400 -0.707000 0.697000
vn 0.119400 -0.707000 0.697000
vn 0.119500 0.707000 0.697000
vn 0.119500 0.707000 0.697000
vn 0.119500 0.707000 0.697000
vn 0.119500 0.707000 0.697000
vn -0.119500 0.707000 -0.697000
vn -0.119500 0.707000 -0.697000
vn -0.119500 0.707000 -0.697000
vn -0.119500 0.707000 -0.697000
vn 0.000000 -1.000000 0.000000
vn 0.000000 -1.000000 0.000000
vn 0.000000 -1.000000 0.000000
vn 0.000000 -1.000000 0.000000
vn 0.000000 -1.000000 0.000000
vn 0.000000 -1.000000 0.000000
vn -0.697000 -0.707100 0.119500
vn -0.697000 -0.707100 0.119500
vn -0.696900 -0.707100 0.119400
vn -0.696900 -0.707100 0.119500
vn -0.696900 -0.707100 0.119500
vn -0.696900 -0.707100 0.119400
vn 0.696900 -0.707100 -0.119500
vn 0.696900 -0.707100 -0.119500
vn 0.696800 -0.707200 -0.119500
vn 0.696800 -0.707200 -0.119500
vn 0.697000 0.707100 -0.119500
vn 0.697000 0.707100 -0.119500
vn 0.697000 0.707000 -0.119500
vn 0.697000 0.707000 -0.119500
vn 0.697000 0.707000 -0.119500
vn 0.697000 0.707000 -0.119500
vn -0.697000 0.707100 0.119500
vn -0.697000 0.707100 0.119500
vn -0.697000 0.707000 0.119500
vn -0.697000 0.707000 0.119500
vn -0.697000 0.707000 0.119500
vn -0.697000 0.707000 0.119500
vn -0.577400 0.000000 0.816500
vn -0.577400 0.000000 0.816500
vn -0.577400 0.000000 0.816500
vn -0.577400 0.000000 0.816500
vn 0.816400 0.000000 0.577400
vn 0.816400 0.000000 0.577400
vn 0.816400 0.000000 0.577400
vn 0.816400 0.000000 0.577400
vn 0.577400 0.000000 -0.816400
vn 0.577400 0.000000 -0.816400
vn 0.577400 0.000000 -0.816400
vn 0.577400 0.000000 -0.816400
vn -0.816400 0.000000 -0.577400
vn -0.816400 0.000000 -0.577400
vn -0.816400 0.000000 -0.577400
vn -0.816400 0.000000 -0.577400
vn 0.000000 -1.000000 0.000000
vn 0.000000 -1.000000 -0.000100
vn 0.000000 -1.000000 0.000000
vn 0.577500 0.000000 -0.816400
vn 0.577500 0.000000 -0.816400
vn 0.577500 0.000000 -0.816400
vn 0.577500 0.000000 -0.816400
vn 0.816400 0.000000 0.577400
vn 0.816400 0.000000 0.577400
vn 0.816400 0.000000 0.577400
vn 0.816400 0.000000 0.577400
vn -0.577500 0.000000 0.816400
vn -0.577500 0.000000 0.816400
vn -0.577500 0.000000 0.816400
vn -0.577500 0.000000 0.816400
vn -0.816300 0.000000 -0.577500
vn -0.816300 0.000000 -0.577500
vn -0.816300 0.000000 -0.577500
vn -0.816300 0.000000 -0.577500
vn 0.000000 -0.707100 0.707100
vn 0.000000 -0.707100 0.707100
vn 0.000000 -0.707100 0.707100
vn 0.000000 -0.707100 0.707100
vn 0.000000 -0.707100 -0.707100
vn 0.000000 -0.707100 -0.707100
vn 0.000000 -0.707100 -0.707100
vn 0.000000 -0.707100 -0.707100
vn 0.000000 0.707100 0.707100
vn 0.000000 0.707100 0.707100
vn 0.000000 0.707100 0.707100
vn 0.000000 0.707100 0.707100
vn 0.000000 0.707000 -0.707100
vn 0.000000 0.707000 -0.707100
vn 0.000000 0.707000 -0.707100
vn 0.000000 0.707000 -0.707100
vn 0.255400 0.753500 -0.605800
vn -0.255400 0.753500 -0.605800
vn -0.229600 0.751400 -0.618600
vn 0.229600 0.751400 -0.618600
vn 0.000000 0.707100 -0.707100
vn 0.000000 0.707100 -0.707100
vn 0.000000 0.707100 -0.707100
vn 0.000000 0.707100 -0.707100
vn 0.000000 0.707100 0.707100
vn 0.000000 0.707100 0.707100
vn 0.000000 0.707100 0.707100
vn 0.000000 0.707100 0.707100
vn 0.707100 -0.707100 0.000000
vn 0.707100 -0.707100 0.000000
vn 0.707100 -0.707100 0.000000
vn 0.707100 -0.707100 0.000000
vn -0.707100 -0.707100 0.000000
vn -0.707100 -0.707100 0.000000
vn -0.707100 -0.707100 0.000000
vn -0.707100 -0.707100 0.000000
vn 0.492900 0.837300 0.236400
vn 0.492900 0.837400 -0.236300
vn 0.619500 0.777400 -0.108400
vn 0.619600 0.777400 0.108400
vn -0.619500 0.777500 0.108400
vn -0.619500 0.777400 -0.108400
vn -0.493000 0.837300 -0.236400
vn -0.493000 0.837300 0.236400
vn 0.707100 0.707100 0.000000
vn 0.707100 0.707100 0.000000
vn 0.707100 0.707100 0.000000
vn 0.707100 0.707100 0.000000
vn -0.707100 0.707100 0.000000
vn -0.707100 0.707100 0.000000
vn -0.707100 0.707100 0.000000
vn -0.707100 0.707100 0.000000
vn -0.707100 0.707100 0.000000
vn -0.707100 0.707100 0.000000
vn -0.707100 0.707100 0.000000
vn -0.707100 0.707100 0.000000
vn 0.707100 0.707100 0.000000
vn 0.707100 0.707100 0.000000
vn 0.707100 0.707100 0.000000
vn 0.707100 0.707100 0.000000
vn 0.707100 0.000000 0.707100
vn 0.707100 0.000000 0.707100
vn 0.707100 0.000000 0.707100
vn 0.707100 0.000000 0.707100
vn 0.707100 0.000000 -0.707100
vn 0.707100 0.000000 -0.707100
vn 0.707100 0.000000 -0.707100
vn 0.707100 0.000000 -0.707100
vn -0.707000 0.000000 0.707100
vn -0.707000 0.000000 0.707100
vn -0.707000 0.000000 0.707100
vn -0.707000 0.000000 0.707100
vn -0.707100 0.000000 -0.707100
vn -0.707100 0.000000 -0.707100
vn -0.707100 0.000000 -0.707100
vn -0.707100 0.000000 -0.707100
vn 0.000000 -1.000000 0.000000
vn 0.000000 -1.000000 0.000000
vn 0.000000 -0.707100 0.707000
vn 0.000000 -0.707100 0.707000
vn 0.000000 -0.707100 0.707000
vn 0.000000 -0.707100 0.707000
vn 0.000000 -0.707100 -0.707100
vn 0.000000 -0.707100 -0.707100
vn 0.000000 -0.707100 -0.707100
vn 0.000000 -0.707100 -0.707100
vn 0.000000 0.707100 -0.707100
vn 0.000000 0.707100 -0.707100
vn 0.000000 0.707100 -0.707100
vn 0.000000 0.707100 -0.707100
vn 0.000000 0.707100 0.707100
vn 0.000000 0.707100 0.707100
vn 0.000000 0.707100 0.707100
vn 0.000000 0.707100 0.707100
vn 0.000000 -1.000000 0.000000
vn 0.000000 -1.000000 0.000000
vn 0.000000 -1.000000 0.000000
vn 0.000000 -1.000000 0.000000
vn 0.000000 -1.000000 0.000000
vn 0.000000 -1.000000 0.000000
vn 0.707100 -0.707100 0.000000
vn 0.707100 -0.707100 0.000000
vn 0.707000 -0.707100 0.000000
vn 0.707100 -0.707100 0.000000
vn 0.707100 -0.707100 0.000000
vn 0.707000 -0.707100 0.000000
vn -0.707000 -0.707100 0.000000
vn -0.707000 -0.707100 0.000000
vn -0.707100 -0.707100 0.000000
vn -0.707100 -0.707100 0.000000
vn -0.707000 0.707100 0.000000
vn -0.707000 0.707100 0.000000
vn -0.707100 0.707100 0.000000
vn -0.707100 0.707100 0.000000
vn -0.707100 0.707100 0.000000
vn -0.707100 0.707100 0.000000
vn 0.707000 0.707200 0.000000
vn 0.707000 0.707200 0.000000
vn 0.707100 0.707100 0.000000
vn 0.707000 0.707100 0.000000
vn 0.707000 0.707100 0.000000
vn 0.707100 0.707100 0.000000
vn 0.707100 0.000000 -0.707100
vn 0.707100 0.000000 -0.707100
vn 0.707100 0.000000 -0.707100
vn 0.707100 0.000000 -0.707100
vn -0.707100 0.000000 -0.707100
vn -0.707100 0.000000 -0.707100
vn -0.707100 0.000000 -0.707100
vn -0.707100 0.000000 -0.707100
vn -0.707100 0.000000 0.707100
vn -0.707100 0.000000 0.707100
vn -0.707100 0.000000 0.707100
vn -0.707100 0.000000 0.707100
vn 0.707100 0.000000 0.707100
vn 0.707100 0.000000 0.707100
vn 0.707100 0.000000 0.707100
vn 0.707100 0.000000 0.707100
vn 0.000000 -1.000000 0.000000
vn 0.000000 -1.000000 0.000000
vn 0.000000 -1.000000 0.000000
vn -0.707100 0.000000 0.707100
vn -0.707100 0.000000 0.707100
vn -0.707100 0.000000 0.707100
vn -0.707100 0.000000 0.707100
vn -0.707100 0.000000 -0.707100
vn -0.707100 0.000000 -0.707100
vn -0.707100 0.000000 -0.707100
vn -0.707100 0.000000 -0.707100
vn 0.707100 0.000000 -0.707100
vn 0.707100 0.000000 -0.707100
vn 0.707100 0.000000 -0.707100
vn 0.707100 0.000000 -0.707100
vn 0.707100 0.000000 0.707100
vn 0.707100 0.000000 0.707100
vn 0.707100 0.000000 0.707100
vn 0.707100 0.000000 0.707100
vn 0.962600 0.000000 0.271100
vn 0.962600 0.000000 0.271100
vn 0.962600 0.000000 0.271100
vn 0.962600 0.000000 0.271100
vt 1.328500 -0.708300
vt 1.801500 2.255500
vt 0.813500 1.635800
vt 1.931900 -0.538000
vt -0.843600 2.293200
vt -0.830700 2.291600
vt -0.843300 1.233100
vt 0.470900 1.233100
vt 0.470900 1.683100
vt -0.843300 1.683100
vt 1.316900 -0.127300
vt 0.478100 -0.127300
vt 0.478100 1.186900
vt 1.316900 1.186900
vt 0.466600 1.225900
vt -0.363700 1.225900
vt -0.347700 1.207500
vt 0.450700 1.207500
vt 1.792300 1.194100
vt 0.478100 1.194100
vt 0.478100 1.644000
vt 1.792300 1.644000
vt 2.163000 0.737000
vt 2.163000 1.186900
vt 1.324100 1.186900
vt 1.324100 0.737000
vt 0.470900 -0.082200
vt 0.470900 1.219900
vt 0.455900 1.202600
vt 0.455900 -0.064900
vt -0.367900 1.219900
vt -0.367900 -0.082200
vt -0.353000 -0.064900
vt -0.353000 1.202600
vt 0.470900 1.690300
vt 0.470900 2.119500
vt -0.792000 2.119500
vt -0.792000 1.690300
vt -0.363700 -0.088200
vt 0.466600 -0.088200
vt 0.450700 -0.069800
vt -0.347700 -0.069800
vt 0.470900 -1.450100
vt -0.417400 -1.450100
vt -0.417400 -1.460000
vt 0.470900 -1.460000
vt 2.163000 0.322700
vt 2.163000 -0.127300
vt 1.324100 -0.127300
vt 1.324100 0.322700
vt -0.876600 2.300600
vt -0.876600 2.126700
vt 0.470900 2.126700
vt 0.470900 2.300600
vt 0.478100 2.263500
vt 0.488100 2.263500
vt 0.488100 2.087700
vt 0.478100 2.087700
vt 0.470900 -1.442900
vt 0.470900 -0.095500
vt -0.417400 -0.095500
vt -0.417400 -1.442900
vt 0.495400 2.087700
vt 0.495400 2.263500
vt 1.857500 2.263500
vt 1.857500 2.087700
vt -0.883800 2.300600
vt -0.893700 2.300600
vt -0.893700 2.126700
vt -0.883800 2.126700
vt 1.324100 0.729800
vt 1.324100 0.555900
vt 2.212500 0.555900
vt 2.212500 0.729800
vt 0.147000 1.422700
vt 0.153200 1.423400
vt -0.962100 -0.773600
vt -0.962900 -0.779400
vt -0.424600 -1.448000
vt -0.424600 -1.454800
vt -0.436600 -1.442600
vt -0.436600 -1.436100
vt -1.307900 -0.095400
vt -0.429600 -0.095500
vt -0.441700 -0.107800
vt -1.295800 -0.107800
vt -1.307900 -1.460000
vt -1.295800 -1.447700
vt -0.441700 -1.447700
vt -0.429600 -1.460000
vt -0.424600 -1.437900
vt -0.436600 -1.426000
vt -0.436600 -0.112800
vt -0.424600 -0.100600
vt 2.212500 0.329900
vt 1.324100 0.329900
vt 1.324100 0.503700
vt 2.212500 0.503700
vt -0.958400 -0.767200
vt 0.160900 1.426000
vt 1.264100 1.671800
vt -0.708400 0.298700
vt 1.335200 -1.030800
vt 2.129700 -1.030800
vt 2.129700 -1.460000
vt 1.335200 -1.460000
vt 2.129700 -0.563700
vt 2.129700 -0.134500
vt 1.335200 -0.134500
vt 1.335200 -0.563700
vt -0.398100 -0.060200
vt 0.471400 2.067400
vt 1.740400 2.079300
vt 1.739100 1.647500
vt -1.219100 -0.088200
vt -0.424600 -0.088200
vt -0.424600 1.174700
vt -1.219100 1.174700
vt 1.328500 -0.708300
vt 1.801500 2.255500
vt 0.813500 1.635800
vt 1.931900 -0.538000
vt -0.843600 2.293200
vt -0.830700 2.291600
vt -0.843300 1.233100
vt 0.470900 1.233100
vt 0.470900 1.683100
vt -0.843300 1.683100
vt 1.316900 -0.127300
vt 0.478100 -0.127300
vt 0.478100 1.186900
vt 1.316900 1.186900
vt 0.466600 1.225900
vt -0.363700 1.225900
vt -0.347700 1.207500
vt 0.450700 1.207500
vt 1.792300 1.194100
vt 0.478100 1.194100
vt 0.478100 1.644000
vt 1.792300 1.644000
vt 2.163000 0.737000
vt 2.163000 1.186900
vt 1.324100 1.186900
vt 1.324100 0.737000
vt 0.470900 -0.082200
vt 0.470900 1.219900
vt 0.455900 1.202600
vt 0.455900 -0.064900
vt -0.367900 1.219900
vt -0.367900 -0.082200
vt -0.353000 -0.064900
vt -0.353000 1.202600
vt 0.470900 1.690300
vt 0.470900 2.119500
vt -0.792000 2.119500
vt -0.792000 1.690300
vt -0.363700 -0.088200
vt 0.466600 -0.088200
vt 0.450700 -0.069800
vt -0.347700 -0.069800
vt 0.470900 -1.450100
vt -0.417400 -1.450100
vt -0.417400 -1.460000
vt 0.470900 -1.460000
vt 2.163000 0.322700
vt 2.163000 -0.127300
vt 1.324100 -0.127300
vt 1.324100 0.322700
vt -0.876600 2.300600
vt -0.876600 2.126700
vt 0.470900 2.126700
vt 0.470900 2.300600
vt 0.478100 2.263500
vt 0.488100 2.263500
vt 0.488100 2.087700
vt 0.478100 2.087700
vt 0.470900 -1.442900
vt 0.470900 -0.095500
vt -0.417400 -0.095500
vt -0.417400 -1.442900
vt 0.495400 2.087700
vt 0.495400 2.263500
vt 1.857500 2.263500
vt 1.857500 2.087700
vt -0.883800 2.300600
vt -0.893700 2.300600
vt -0.893700 2.126700
vt -0.883800 2.126700
vt 1.324100 0.729800
vt 1.324100 0.555900
vt 2.212500 0.555900
vt 2.212500 0.729800
vt 0.147000 1.422700
vt 0.153200 1.423400
vt -0.962100 -0.773600
vt -0.962900 -0.779400
vt -0.424600 -1.448000
vt -0.424600 -1.454800
vt -0.436600 -1.442600
vt -0.436600 -1.436100
vt -1.307900 -0.095400
vt -0.429600 -0.095500
vt -0.441700 -0.107800
vt -1.295800 -0.107800
vt -1.307900 -1.460000
vt -1.295800 -1.447700
vt -0.441700 -1.447700
vt -0.429600 -1.460000
vt -0.424600 -1.437900
vt -0.436600 -1.426000
vt -0.436600 -0.112800
vt -0.424600 -0.100600
vt 2.212500 0.329900
vt 1.324100 0.329900
vt 1.324100 0.503700
vt 2.212500 0.503700
vt -0.958400 -0.767200
vt 0.160900 1.426000
vt 1.264100 1.671800
vt -0.708400 0.298700
vt 1.335200 -1.030800
vt 2.129700 -1.030800
vt 2.129700 -1.460000
vt 1.335200 -1.460000
vt 2.129700 -0.563700
vt 2.129700 -0.134500
vt 1.335200 -0.134500
vt 1.335200 -0.563700
vt -0.398100 -0.060200
vt 0.471400 2.067400
vt 1.740400 2.079300
vt 1.739100 1.647500
vt -1.219100 -0.088200
vt -0.424600 -0.088200
vt -0.424600 1.174700
vt -1.219100 1.174700
vt 1.328500 -0.708200
vt 1.801500 2.255500
vt 0.813500 1.635800
vt 1.931900 -0.538000
vt -0.843600 2.293200
vt -0.830700 2.291600
vt -0.843300 1.233100
vt 0.470900 1.233100
vt 0.470900 1.683100
vt -0.843300 1.683100
vt 1.316900 -0.127300
vt 0.478100 -0.127300
vt 0.478100 1.186900
vt 1.316900 1.186900
vt 0.466600 1.225900
vt -0.363700 1.225900
vt -0.347700 1.207500
vt 0.450700 1.207500
vt 1.792300 1.194100
vt 0.478100 1.194100
vt 0.478100 1.644000
vt 1.792300 1.644000
vt 2.163000 0.737000
vt 2.163000 1.186900
vt 1.324100 1.186900
vt 1.324100 0.737000
vt 0.470900 -0.082200
vt 0.470900 1.219900
vt 0.455900 1.202600
vt 0.455900 -0.064900
vt -0.367900 1.219900
vt -0.367900 -0.082200
vt -0.353000 -0.064900
vt -0.353000 1.202600
vt 0.470900 1.690300
vt 0.470900 2.119500
vt -0.792000 2.119500
vt -0.792000 1.690300
vt -0.363700 -0.088200
vt 0.466600 -0.088200
vt 0.450700 -0.069800
vt -0.347700 -0.069800
vt 0.470900 -1.450100
vt -0.417400 -1.450100
vt -0.417400 -1.460000
vt 0.470900 -1.460000
vt -0.876600 2.300600
vt -0.876600 2.126700
vt 0.470900 2.126700
vt 0.470900 2.300600
vt 0.478100 2.263500
vt 0.488100 2.263500
vt 0.488100 2.087700
vt 0.478100 2.087700
vt 0.470900 -1.442900
vt 0.470900 -0.095500
vt -0.417400 -0.095500
vt -0.417400 -1.442900
vt 0.495400 2.087700
vt 0.495400 2.263500
vt 1.857500 2.263500
vt 1.857500 2.087700
vt -0.883800 2.300600
vt -0.893700 2.300600
vt -0.893700 2.126700
vt -0.883800 2.126700
vt 1.324100 0.729800
vt 1.324100 0.555900
vt 2.212500 0.555900
vt 2.212500 0.729800
vt 0.147000 1.422700
vt 0.153200 1.423400
vt -0.962100 -0.773600
vt -0.962900 -0.779400
vt -0.424600 -1.448000
vt -0.424600 -1.454800
vt -0.436600 -1.442600
vt -0.436600 -1.436100
vt -1.307900 -0.095400
vt -0.429600 -0.095500
vt -0.441700 -0.107800
vt -1.295800 -0.107800
vt -1.307900 -1.460000
vt -1.295800 -1.447700
vt -0.441700 -1.447700
vt -0.429600 -1.460000
vt -0.424600 -1.437900
vt -0.436600 -1.426000
vt -0.436600 -0.112800
vt -0.424600 -0.100600
vt 2.212500 0.329900
vt 1.324100 0.329900
vt 1.324100 0.503700
vt 2.212500 0.503700
vt -0.958400 -0.767200
vt 0.160900 1.426000
vt 1.264100 1.671800
vt -0.708400 0.298700
vt 1.335200 -1.030800
vt 2.129700 -1.030800
vt 2.129700 -1.460000
vt 1.335200 -1.460000
vt 2.129700 -0.563700
vt 2.129700 -0.134500
vt 1.335200 -0.134500
vt 1.335200 -0.563700
vt -0.398100 -0.060200
vt 0.471400 2.067400
vt 1.740400 2.079300
vt 1.739100 1.647500
vt -1.219100 -0.088200
vt -0.424600 -0.088200
vt -0.424600 1.174700
vt -1.219100 1.174700
vt 2.163000 -0.127300
vt 2.166600 -0.127300
vt 2.163000 -0.130900
vt 2.163000 0.737000
vt 2.163000 0.733400
vt 2.166600 0.737000
vt 1.324100 0.737000
vt 1.320500 0.737000
vt 1.324100 0.733400
vt 1.324100 -0.127300
vt 1.324100 -0.130900
vt 1.320500 -0.127300
vt 0.466600 1.225900
vt 0.468200 1.222200
vt 0.472700 1.227500
vt 0.470900 1.229500
vt 0.466600 -0.088200
vt 0.470900 -0.091800
vt 0.472700 -0.089800
vt 0.468200 -0.084500
vt -0.363700 -0.088200
vt -0.365200 -0.084500
vt -0.369800 -0.089800
vt -0.367900 -0.091800
vt -0.363700 1.225900
vt -0.367900 1.229500
vt -0.369800 1.227500
vt -0.365200 1.222200
vt 1.335200 -0.134500
vt 1.333200 -0.130900
vt 1.331600 -0.130900
vt 1.331600 -0.134500
vt 1.335200 -1.030800
vt 1.331600 -1.030800
vt 1.331600 -1.027200
vt 1.333200 -1.027200
vt 2.129700 -1.030800
vt 2.131600 -1.027200
vt 2.133300 -1.027200
vt 2.133300 -1.030800
vt 2.129700 -0.134500
vt 2.133300 -0.134500
vt 2.133300 -0.130900
vt 2.131600 -0.130900
vt 2.129700 -0.563700
vt 2.129700 -0.567300
vt 2.133300 -0.563700
vt 2.129700 -1.460000
vt 2.133300 -1.460000
vt 2.129700 -1.463600
vt 1.335200 -1.460000
vt 1.335200 -1.463600
vt 1.331600 -1.460000
vt 1.335200 -0.563700
vt 1.331600 -0.563700
vt 1.335200 -0.567300
vt -1.293700 -0.111400
vt -1.298400 -0.110300
vt -1.298400 -1.445100
vt -1.293700 -1.444100
vt -0.443800 -1.444100
vt -0.439200 -1.445100
vt -0.439200 -0.110300
vt -0.443800 -0.111400
vt -0.429600 -0.095500
vt -0.424600 -0.091800
vt -0.422800 -0.093700
vt -0.427200 -0.098100
vt -0.429600 -1.460000
vt -0.427200 -1.457300
vt -0.422800 -1.461800
vt -0.424600 -1.463600
vt -1.307900 -1.460000
vt -1.312900 -1.463600
vt -1.314700 -1.461800
vt -1.310400 -1.457300
vt -1.307900 -0.095400
vt -1.310400 -0.098100
vt -1.314700 -0.093700
vt -1.312900 -0.091800
vt 1.324100 0.503700
vt 1.320500 0.503700
vt 1.324100 0.507300
vt 1.324100 0.729800
vt 1.324100 0.733400
vt 1.320500 0.729800
vt 2.212500 0.729800
vt 2.216100 0.729800
vt 2.212500 0.733400
vt 2.212500 0.503700
vt 2.212500 0.507300
vt 2.216100 0.503700
vt -1.297300 -1.427500
vt -0.725600 -0.305400
vt -0.440200 -1.427500
vt -0.439200 -1.428500
vt -0.424600 -1.448000
vt -0.427200 -1.440400
vt -0.422800 -1.444700
vt -0.421000 -1.450100
vt 0.160900 1.426000
vt 0.153200 1.423400
vt 0.488100 2.087700
vt 0.495400 2.087700
vt 0.495400 2.263500
vt 0.491800 2.263500
vt 0.491800 2.267100
vt 0.495400 2.267100
vt -0.883800 2.300600
vt -0.880200 2.300600
vt -0.880200 2.304200
vt -0.883800 2.304200
vt 2.163000 -0.127300
vt 2.166600 -0.127300
vt 2.163000 -0.130900
vt 2.163000 0.737000
vt 2.163000 0.733400
vt 2.166600 0.737000
vt 1.324100 0.737000
vt 1.320500 0.737000
vt 1.324100 0.733400
vt 1.324100 -0.127300
vt 1.324100 -0.130900
vt 1.320500 -0.127300
vt 0.466600 1.225900
vt 0.468200 1.222200
vt 0.472700 1.227500
vt 0.470900 1.229500
vt 0.466600 -0.088200
vt 0.470900 -0.091800
vt 0.472700 -0.089800
vt 0.468200 -0.084500
vt -0.363700 -0.088200
vt -0.365200 -0.084500
vt -0.369800 -0.089800
vt -0.367900 -0.091800
vt -0.363700 1.225900
vt -0.367900 1.229500
vt -0.369800 1.227500
vt -0.365200 1.222200
vt 1.335200 -0.134500
vt 1.333200 -0.130900
vt 1.331600 -0.130900
vt 1.331600 -0.134500
vt 1.335200 -1.030800
vt 1.331600 -1.030800
vt 1.331600 -1.027200
vt 1.333200 -1.027200
vt 2.129700 -1.030800
vt 2.131600 -1.027200
vt 2.133300 -1.027200
vt 2.133300 -1.030800
vt 2.129700 -0.134500
vt 2.133300 -0.134500
vt 2.133300 -0.130900
vt 2.131600 -0.130900
vt 2.129700 -0.563700
vt 2.129700 -0.567300
vt 2.133300 -0.563700
vt 2.129700 -1.460000
vt 2.133300 -1.460000
vt 2.129700 -1.463600
vt 1.335200 -1.460000
vt 1.335200 -1.463600
vt 1.331600 -1.460000
vt 1.335200 -0.563700
vt 1.331600 -0.563700
vt 1.335200 -0.567300
vt -1.293700 -0.111400
vt -1.298400 -0.110300
vt -1.298400 -1.445100
vt -1.293700 -1.444100
vt -0.443800 -1.444100
vt -0.439200 -1.445100
vt -0.439200 -0.110300
vt -0.443800 -0.111400
vt -0.429600 -0.095500
vt -0.424600 -0.091800
vt -0.422800 -0.093700
vt -0.427200 -0.098100
vt -0.429600 -1.460000
vt -0.427200 -1.457300
vt -0.422800 -1.461800
vt -0.424600 -1.463600
vt -1.307900 -1.460000
vt -1.312900 -1.463600
vt -1.314700 -1.461800
vt -1.310400 -1.457300
vt -1.307900 -0.095400
vt -1.310400 -0.098100
vt -1.314700 -0.093700
vt -1.312900 -0.091800
vt 1.324100 0.503700
vt 1.320500 0.503700
vt 1.324100 0.507300
vt 1.324100 0.729800
vt 1.324100 0.733400
vt 1.320500 0.729800
vt 2.212500 0.729800
vt 2.216100 0.729800
vt 2.212500 0.733400
vt 2.212500 0.503700
vt 2.212500 0.507300
vt 2.216100 0.503700
vt -1.297300 -1.427500
vt -0.725700 -0.305400
vt -0.440200 -1.427500
vt -0.439200 -1.428500
vt -0.424600 -1.448000
vt -0.427200 -1.440400
vt -0.422800 -1.444700
vt -0.421000 -1.450100
vt 0.160900 1.426000
vt 0.153200 1.423400
vt 0.488100 2.087700
vt 0.495400 2.087700
vt 0.495400 2.263500
vt 0.491800 2.263500
vt 0.491800 2.267100
vt 0.495400 2.267100
vt -0.883800 2.300600
vt -0.880200 2.300600
vt -0.880200 2.304200
vt -0.883800 2.304200
vt 2.163000 -0.127300
vt 2.166600 -0.127300
vt 2.163000 -0.130900
vt 2.163000 0.737000
vt 2.163000 0.733400
vt 2.166600 0.737000
vt 1.324100 0.737000
vt 1.320500 0.737000
vt 1.324100 0.733400
vt 1.324100 -0.127300
vt 1.324100 -0.130900
vt 1.320500 -0.127300
vt 0.466600 1.225900
vt 0.468200 1.222200
vt 0.472700 1.227500
vt 0.470900 1.229500
vt 0.466600 -0.088200
vt 0.470900 -0.091800
vt 0.472700 -0.089800
vt 0.468200 -0.084500
vt -0.363700 -0.088200
vt -0.365200 -0.084500
vt -0.369800 -0.089800
vt -0.367900 -0.091800
vt -0.363700 1.225900
vt -0.367900 1.229500
vt -0.369800 1.227500
vt -0.365200 1.222200
vt 1.335200 -0.134500
vt 1.333200 -0.130900
vt 1.331600 -0.130900
vt 1.331600 -0.134500
vt 1.335200 -1.030800
vt 1.331600 -1.030800
vt 1.331600 -1.027200
vt 1.333200 -1.027200
vt 2.129700 -1.030800
vt 2.131600 -1.027200
vt 2.133300 -1.027200
vt 2.133300 -1.030800
vt 2.129700 -0.134500
vt 2.133300 -0.134500
vt 2.133300 -0.130900
vt 2.131600 -0.130900
vt 2.129700 -0.563700
vt 2.129700 -0.567300
vt 2.133300 -0.563700
vt 2.129700 -1.460000
vt 2.133300 -1.460000
vt 2.129700 -1.463600
vt 1.335200 -1.460000
vt 1.335200 -1.463600
vt 1.331600 -1.460000
vt 1.335200 -0.563700
vt 1.331600 -0.563700
vt 1.335200 -0.567300
vt -1.293700 -0.111400
vt -1.298400 -0.110300
vt -1.298400 -1.445100
vt -1.293700 -1.444100
vt -0.443800 -1.444100
vt -0.439200 -1.445100
vt -0.439200 -0.110300
vt -0.443800 -0.111400
vt -0.429600 -0.095500
vt -0.424600 -0.091800
vt -0.422800 -0.093700
vt -0.427200 -0.098100
vt -0.429600 -1.460000
vt -0.427200 -1.457300
vt -0.422800 -1.461800
vt -0.424600 -1.463600
vt -1.307900 -1.460000
vt -1.312900 -1.463600
vt -1.314700 -1.461800
vt -1.310400 -1.457300
vt -1.307900 -0.095400
vt -1.310400 -0.098100
vt -1.314700 -0.093700
vt -1.312900 -0.091800
vt 1.324100 0.503700
vt 1.320500 0.503700
vt 1.324100 0.507300
vt 1.324100 0.729800
vt 1.324100 0.733400
vt 1.320500 0.729800
vt 2.212500 0.729800
vt 2.216100 0.729800
vt 2.212500 0.733400
vt 2.212500 0.503700
vt 2.212500 0.507300
vt 2.216100 0.503700
vt -1.297300 -1.427500
vt -0.725600 -0.305400
vt -0.440200 -1.427500
vt -0.439200 -1.428500
vt -0.424600 -1.448000
vt -0.427200 -1.440400
vt -0.422800 -1.444700
vt -0.421000 -1.450100
vt 0.160900 1.426000
vt 0.153200 1.423400
vt 0.488100 2.087700
vt 0.495400 2.087700
vt 0.495400 2.263500
vt 0.491800 2.263500
vt 0.491800 2.267100
vt 0.495400 2.267100
vt -0.883800 2.300600
vt -0.880200 2.300600
vt -0.880200 2.304200
vt -0.883800 2.304200
vt 0.478100 -0.127300
vt 1.316900 -0.127300
vt 1.316900 -0.130900
vt 0.478100 -0.130900
vt 1.324100 -0.127300
vt 2.163000 -0.127300
vt 2.163000 -0.130900
vt 1.324100 -0.130900
vt 0.466600 -0.088200
vt -0.363700 -0.088200
vt -0.367900 -0.091800
vt 0.470900 -0.091800
vt -0.363700 1.225900
vt 0.466600 1.225900
vt 0.470900 1.229500
vt -0.367900 1.229500
vt -0.347700 -0.069800
vt 0.450700 -0.069800
vt 0.448700 -0.066200
vt -0.345800 -0.066200
vt -0.424600 -0.088200
vt -1.219100 -0.088200
vt -1.219100 -0.091800
vt -0.424600 -0.091800
vt -1.219100 1.174700
vt -0.424600 1.174700
vt -0.424600 1.178300
vt -1.219100 1.178300
vt 0.470900 1.233100
vt -0.843300 1.233100
vt -0.843300 1.229500
vt 0.470900 1.229500
vt 0.478100 1.186900
vt 0.478100 -0.127300
vt 0.474500 -0.127300
vt 0.474500 1.186900
vt -0.843300 1.683100
vt 0.470900 1.683100
vt 0.464800 1.686700
vt -0.837200 1.686700
vt -0.367900 -0.082200
vt -0.367900 1.219900
vt -0.371500 1.225900
vt -0.371500 -0.088200
vt -0.792000 2.119500
vt 0.470900 2.119500
vt 0.473200 2.123100
vt -0.794300 2.123100
vt 1.740400 2.079300
vt 0.471400 2.067400
vt 0.475800 2.084100
vt 1.743300 2.084100
vt -0.398100 -0.060200
vt 1.739100 1.647500
vt 1.738500 1.642700
vt -0.404800 -0.076900
vt 0.470900 1.690300
vt -0.792000 1.690300
vt -0.792000 1.686700
vt 0.470900 1.686700
vt -0.843300 1.233100
vt -0.843300 1.683100
vt -0.846900 1.683100
vt -0.846900 1.233100
vt 2.163000 -0.127300
vt 2.163000 0.322700
vt 2.166600 0.322700
vt 2.166600 -0.127300
vt 1.324100 0.737000
vt 1.324100 1.186900
vt 1.320500 1.186900
vt 1.320500 0.737000
vt 1.792300 1.194100
vt 1.792300 1.644000
vt 1.795900 1.644000
vt 1.795900 1.194100
vt 2.183300 -1.021300
vt -0.852900 2.298300
vt -1.307900 -1.460000
vt -0.429600 -1.460000
vt -0.424600 -1.463600
vt -1.312900 -1.463600
vt 1.324100 0.329900
vt 2.212500 0.329900
vt 2.207500 0.326300
vt 1.329100 0.326300
vt 2.212500 0.503700
vt 1.324100 0.503700
vt 1.324100 0.507300
vt 2.212500 0.507300
vt 1.324100 0.729800
vt 2.212500 0.729800
vt 2.212500 0.733400
vt 1.324100 0.733400
vt -0.839100 2.300700
vt 1.329200 -0.723300
vt -1.297300 -1.440500
vt 1.374000 0.553900
vt 2.037900 -0.734500
vt -0.440200 -0.115000
vt -0.424600 -1.454800
vt -0.421000 -1.460000
vt 0.470900 2.126700
vt -0.876600 2.126700
vt -0.871500 2.123100
vt 0.465700 2.123100
vt 1.264100 1.671800
vt 1.857500 2.087700
vt 0.478100 2.087700
vt 0.147000 1.422700
vt 1.857500 2.263500
vt 1.857500 2.267100
vt -0.417400 -1.460000
vt -0.417400 -1.450100
vt -0.421000 -1.450100
vt -0.421000 -1.460000
vt -0.893700 2.300600
vt -0.893700 2.304200
vt 0.470900 -0.095500
vt 0.470900 -1.442900
vt 0.474500 -1.442900
vt 0.474500 -0.095500
vt 2.212500 0.329900
vt 2.212500 0.503700
vt 2.216100 0.503700
vt 2.216100 0.329900
vt 1.857500 2.087700
vt 1.857500 2.263500
vt 1.861200 2.263500
vt 1.861200 2.087700
vt 1.324100 0.555900
vt 1.324100 0.729800
vt 1.320500 0.729800
vt 1.320500 0.555900
vt -0.893700 2.126700
vt -0.893700 2.300600
vt -0.897300 2.300600
vt -0.897300 2.126700
vt -1.310400 -1.457300
vt 0.868900 1.394400
vt -1.123300 0.009600
vt 2.129700 -0.134500
vt 2.129700 -0.563700
vt 2.133300 -0.563700
vt 2.133300 -0.134500
vt 0.471400 2.067400
vt -0.398100 -0.060200
vt -0.403600 -0.063900
vt 0.467200 2.066200
vt -0.792000 1.690300
vt -0.792000 2.119500
vt -0.795600 2.119500
vt -0.795600 1.690300
vt 0.470900 2.119500
vt 0.470900 1.690300
vt 0.474500 1.690300
vt 0.474500 2.119500
vt 0.478100 -0.127300
vt 1.316900 -0.127300
vt 1.316900 -0.130900
vt 0.478100 -0.130900
vt 1.324100 -0.127300
vt 2.163000 -0.127300
vt 2.163000 -0.130900
vt 1.324100 -0.130900
vt 0.466600 -0.088200
vt -0.363700 -0.088200
vt -0.367900 -0.091800
vt 0.470900 -0.091800
vt -0.363700 1.225900
vt 0.466600 1.225900
vt 0.470900 1.229500
vt -0.367900 1.229500
vt -0.347700 -0.069800
vt 0.450700 -0.069800
vt 0.448700 -0.066200
vt -0.345800 -0.066200
vt -0.424600 -0.088200
vt -1.219100 -0.088200
vt -1.219100 -0.091800
vt -0.424600 -0.091800
vt -1.219100 1.174700
vt -0.424600 1.174700
vt -0.424600 1.178300
vt -1.219100 1.178300
vt 0.470900 1.233100
vt -0.843300 1.233100
vt -0.843300 1.229500
vt 0.470900 1.229500
vt 0.478100 1.186900
vt 0.478100 -0.127300
vt 0.474500 -0.127300
vt 0.474500 1.186900
vt -0.843300 1.683100
vt 0.470900 1.683100
vt 0.464800 1.686700
vt -0.837200 1.686700
vt -0.367900 -0.082200
vt -0.367900 1.219900
vt -0.371500 1.225900
vt -0.371500 -0.088200
vt -0.792000 2.119500
vt 0.470900 2.119500
vt 0.473200 2.123100
vt -0.794300 2.123100
vt 1.740400 2.079300
vt 0.471400 2.067400
vt 0.475800 2.084100
vt 1.743300 2.084100
vt -0.398100 -0.060200
vt 1.739100 1.647500
vt 1.738500 1.642700
vt -0.404800 -0.076900
vt 0.470900 1.690300
vt -0.792000 1.690300
vt -0.792000 1.686700
vt 0.470900 1.686700
vt -0.843300 1.233100
vt -0.843300 1.683100
vt -0.846900 1.683100
vt -0.846900 1.233100
vt 2.163000 -0.127300
vt 2.163000 0.322700
vt 2.166600 0.322700
vt 2.166600 -0.127300
vt 1.324100 0.737000
vt 1.324100 1.186900
vt 1.320500 1.186900
vt 1.320500 0.737000
vt 1.792300 1.194100
vt 1.792300 1.644000
vt 1.795900 1.644000
vt 1.795900 1.194100
vt 2.183300 -1.021300
vt -0.852900 2.298300
vt -1.307900 -1.460000
vt -0.429600 -1.460000
vt -0.424600 -1.463600
vt -1.312900 -1.463600
vt 1.324100 0.329900
vt 2.212500 0.329900
vt 2.207500 0.326300
vt 1.329100 0.326300
vt 2.212500 0.503700
vt 1.324100 0.503700
vt 1.324100 0.507300
vt 2.212500 0.507300
vt 1.324100 0.729800
vt 2.212500 0.729800
vt 2.212500 0.733400
vt 1.324100 0.733400
vt -0.839100 2.300700
vt 1.329200 -0.723300
vt -1.297300 -1.440500
vt 1.374000 0.553900
vt 2.037900 -0.734500
vt -0.440200 -0.115000
vt -0.424600 -1.454800
vt -0.421000 -1.460000
vt 0.470900 2.126700
vt -0.876600 2.126700
vt -0.871500 2.123100
vt 0.465700 2.123100
vt 1.264100 1.671800
vt 1.857500 2.087700
vt 0.478100 2.087700
vt 0.147000 1.422700
vt 1.857500 2.263500
vt 1.857500 2.267100
vt -0.417400 -1.460000
vt -0.417400 -1.450100
vt -0.421000 -1.450100
vt -0.421000 -1.460000
vt -0.893700 2.300600
vt -0.893700 2.304200
vt 0.470900 -0.095500
vt 0.470900 -1.442900
vt 0.474500 -1.442900
vt 0.474500 -0.095500
vt 2.212500 0.329900
vt 2.212500 0.503700
vt 2.216100 0.503700
vt 2.216100 0.329900
vt 1.857500 2.087700
vt 1.857500 2.263500
vt 1.861200 2.263500
vt 1.861200 2.087700
vt 1.324100 0.555900
vt 1.324100 0.729800
vt 1.320500 0.729800
vt 1.320500 0.555900
vt -0.893700 2.126700
vt -0.893700 2.300600
vt -0.897300 2.300600
vt -0.897300 2.126700
vt -1.310400 -1.457300
vt 0.868900 1.394400
vt -1.123300 0.009600
vt 2.129700 -0.134500
vt 2.129700 -0.563700
vt 2.133300 -0.563700
vt 2.133300 -0.134500
vt 0.471400 2.067400
vt -0.398100 -0.060200
vt -0.403600 -0.063900
vt 0.467200 2.066200
vt -0.792000 1.690300
vt -0.792000 2.119500
vt -0.795600 2.119500
vt -0.795600 1.690300
vt 0.470900 2.119500
vt 0.470900 1.690300
vt 0.474500 1.690300
vt 0.474500 2.119500
vt 0.478100 -0.127300
vt 1.316900 -0.127300
vt 1.316900 -0.130900
vt 0.478100 -0.130900
vt 1.324100 -0.127300
vt 2.163000 -0.127300
vt 2.163000 -0.130900
vt 1.324100 -0.130900
vt 0.466600 -0.088200
vt -0.363700 -0.088200
vt -0.367900 -0.091800
vt 0.470900 -0.091800
vt -0.363700 1.225900
vt 0.466600 1.225900
vt 0.470900 1.229500
vt -0.367900 1.229500
vt -0.347700 -0.069800
vt 0.450700 -0.069800
vt 0.448700 -0.066200
vt -0.345800 -0.066200
vt -0.424600 -0.088200
vt -1.219100 -0.088200
vt -1.219100 -0.091800
vt -0.424600 -0.091800
vt -1.219100 1.174700
vt -0.424600 1.174700
vt -0.424600 1.178300
vt -1.219100 1.178300
vt 0.470900 1.233100
vt -0.843300 1.233100
vt -0.843300 1.229500
vt 0.470900 1.229500
vt 0.478100 1.186900
vt 0.478100 -0.127300
vt 0.474500 -0.127300
vt 0.474500 1.186900
vt -0.843300 1.683100
vt 0.470900 1.683100
vt 0.464800 1.686700
vt -0.837200 1.686700
vt -0.367900 -0.082200
vt -0.367900 1.219900
vt -0.371500 1.225900
vt -0.371500 -0.088200
vt -0.792000 2.119500
vt 0.470900 2.119500
vt 0.473200 2.123100
vt -0.794300 2.123100
vt 1.740400 2.079300
vt 0.471400 2.067400
vt 0.475800 2.084100
vt 1.743300 2.084100
vt -0.398100 -0.060200
vt 1.739100 1.647500
vt 1.738500 1.642700
vt -0.404800 -0.076900
vt 0.470900 1.690300
vt -0.792000 1.690300
vt -0.792000 1.686700
vt 0.470900 1.686700
vt -0.843300 1.233100
vt -0.843300 1.683100
vt -0.846900 1.683100
vt -0.846900 1.233100
vt 2.163000 -0.127300
vt 2.163000 0.322700
vt 2.166600 0.322700
vt 2.166600 -0.127300
vt 1.324100 0.737000
vt 1.324100 1.186900
vt 1.320500 1.186900
vt 1.320500 0.737000
vt 1.792300 1.194100
vt 1.792300 1.644000
vt 1.795900 1.644000
vt 1.795900 1.194100
vt 2.183300 -1.021300
vt -0.852900 2.298300
vt -1.307900 -1.460000
vt -0.429600 -1.460000
vt -0.424600 -1.463600
vt -1.312900 -1.463600
vt 1.324100 0.329900
vt 2.212500 0.329900
vt 2.207500 0.326300
vt 1.329100 0.326300
vt 2.212500 0.503700
vt 1.324100 0.503700
vt 1.324100 0.507300
vt 2.212500 0.507300
vt 1.324100 0.729800
vt 2.212500 0.729800
vt 2.212500 0.733400
vt 1.324100 0.733400
vt -0.839100 2.300700
vt 1.329200 -0.723300
vt -1.297300 -1.440500
vt 1.374000 0.553900
vt 2.037900 -0.734500
vt -0.440200 -0.115000
vt -0.424600 -1.454800
vt -0.421000 -1.460000
vt 0.470900 2.126700
vt -0.876600 2.126700
vt -0.871500 2.123100
vt 0.465700 2.123100
vt 1.264100 1.671800
vt 1.857500 2.087700
vt 0.478100 2.087700
vt 0.147000 1.422700
vt 1.857500 2.263500
vt 1.857500 2.267100
vt -0.417400 -1.460000
vt -0.417400 -1.450100
vt -0.421000 -1.450100
vt -0.421000 -1.460000
vt -0.893700 2.300600
vt -0.893700 2.304200
vt 0.470900 -0.095500
vt 0.470900 -1.442900
vt 0.474500 -1.442900
vt 0.474500 -0.095500
vt 2.212500 0.329900
vt 2.212500 0.503700
vt 2.216100 0.503700
vt 2.216100 0.329900
vt 1.857500 2.087700
vt 1.857500 2.263500
vt 1.861200 2.263500
vt 1.861200 2.087700
vt 1.324100 0.555900
vt 1.324100 0.729800
vt 1.320500 0.729800
vt 1.320500 0.555900
vt -0.893700 2.126700
vt -0.893700 2.300600
vt -0.897300 2.300600
vt -0.897300 2.126700
vt -1.310400 -1.457300
vt 0.868900 1.394400
vt -1.123300 0.009600
vt 2.129700 -0.134500
vt 2.129700 -0.563700
vt 2.133300 -0.563700
vt 2.133300 -0.134500
vt 0.471400 2.067400
vt -0.398100 -0.060200
vt -0.403600 -0.063900
vt 0.467200 2.066200
vt -0.792000 1.690300
vt -0.792000 2.119500
vt -0.795600 2.119500
vt -0.795600 1.690300
vt 0.470900 2.119500
vt 0.470900 1.690300
vt 0.474500 1.690300
vt 0.474500 2.119500
vt 2.163000 0.322700
vt 2.163000 -0.127300
vt 1.324100 -0.127300
vt 1.324100 0.322700
f 1/1/1 2/2/2 3/3/3
f 1/1/1 3/3/3 4/4/4
f 1/1/1 4/4/4 5/5/5
f 1/1/1 5/5/5 6/6/6
f 7/7/7 8/8/8 9/9/9
f 7/7/7 9/9/9 10/10/10
f 11/11/11 12/12/12 13/13/13
f 11/11/11 13/13/13 14/14/14
f 15/15/15 16/16/16 17/17/17
f 15/15/15 17/17/17 18/18/18
f 19/19/19 20/20/20 21/21/21
f 19/19/19 21/21/21 22/22/22
f 23/23/23 24/24/24 25/25/25
f 23/23/23 25/25/25 26/26/26
f 27/27/27 28/28/28 29/29/29
f 27/27/27 29/29/29 30/30/30
f 31/31/31 32/32/32 33/33/33
f 31/31/31 33/33/33 34/34/34
f 35/35/35 36/36/36 37/37/37
f 35/35/35 37/37/37 38/38/38
f 39/39/39 40/40/40 41/41/41
f 39/39/39 41/41/41 42/42/42
f 43/43/43 44/44/44 45/45/45
f 43/43/43 45/45/45 46/46/46
f 47/47/47 48/48/48 49/49/49
f 47/47/47 49/49/49 50/50/50
f 51/51/51 52/52/52 53/53/53
f 51/51/51 53/53/53 54/54/54
f 55/55/55 56/56/56 57/57/57
f 55/55/55 57/57/57 58/58/58
f 59/59/59 60/60/60 61/61/61
f 59/59/59 61/61/61 62/62/62
f 63/63/63 64/64/64 65/65/65
f 63/63/63 65/65/65 66/66/66
f 67/67/67 68/68/68 69/69/69
f 67/67/67 69/69/69 70/70/70
f 71/71/71 72/72/72 73/73/73
f 71/71/71 73/73/73 74/74/74
f 75/75/75 76/76/76 77/77/77
f 75/75/75 77/77/77 78/78/78
f 79/79/79 80/80/80 81/81/81
f 79/79/79 81/81/81 82/82/82
f 83/83/83 84/84/84 85/85/85
f 83/83/83 85/85/85 86/86/86
f 87/87/87 88/88/88 89/89/89
f 87/87/87 89/89/89 90/90/90
f 91/91/91 92/92/92 93/93/93
f 91/91/91 93/93/93 94/94/94
f 95/95/95 96/96/96 97/97/97
f 95/95/95 97/97/97 98/98/98
f 99/99/99 100/100/100 101/101/101
f 99/99/99 101/101/101 102/102/102
f 103/103/103 104/104/104 105/105/105
f 103/103/103 105/105/105 106/106/106
f 107/107/107 108/108/108 109/109/109
f 107/107/107 109/109/109 110/110/110
f 111/111/111 112/112/112 113/113/113
f 111/111/111 113/113/113 114/114/114
f 115/115/115 116/116/116 117/117/117
f 115/115/115 117/117/117 118/118/118
f 119/119/119 120/120/120 121/121/121
f 119/119/119 121/121/121 122/122/122
f 119/119/119 122/122/122 123/123/123
f 119/119/119 123/123/123 124/124/124
f 125/125/125 126/126/126 127/127/127
f 125/125/125 127/127/127 128/128/128
f 129/129/129 130/130/130 131/131/131
f 129/129/129 131/131/131 132/132/132
f 133/133/133 134/134/134 135/135/135
f 133/133/133 135/135/135 136/136/136
f 137/137/137 138/138/138 139/139/139
f 137/137/137 139/139/139 140/140/140
f 141/141/141 142/142/142 143/143/143
f 141/141/141 143/143/143 144/144/144
f 145/145/145 146/146/146 147/147/147
f 145/145/145 147/147/147 148/148/148
f 149/149/149 150/150/150 151/151/151
f 149/149/149 151/151/151 152/152/152
f 153/153/153 154/154/154 155/155/155
f 153/153/153 155/155/155 156/156/156
f 157/157/157 158/158/158 159/159/159
f 157/157/157 159/159/159 160/160/160
f 161/161/161 162/162/162 163/163/163
f 161/161/161 163/163/163 164/164/164
f 165/165/165 166/166/166 167/167/167
f 165/165/165 167/167/167 168/168/168
f 169/169/169 170/170/170 171/171/171
f 169/169/169 171/171/171 172/172/172
f 173/173/173 174/174/174 175/175/175
f 173/173/173 175/175/175 176/176/176
f 177/177/177 178/178/178 179/179/179
f 177/177/177 179/179/179 180/180/180
f 181/181/181 182/182/182 183/183/183
f 181/181/181 183/183/183 184/184/184
f 185/185/185 186/186/186 187/187/187
f 185/185/185 187/187/187 188/188/188
f 189/189/189 190/190/190 191/191/191
f 189/189/189 191/191/191 192/192/192
f 193/193/193 194/194/194 195/195/195
f 193/193/193 195/195/195 196/196/196
f 197/197/197 198/198/198 199/199/199
f 197/197/197 199/199/199 200/200/200
f 201/201/201 202/202/202 203/203/203
f 201/201/201 203/203/203 204/204/204
f 205/205/205 206/206/206 207/207/207
f 205/205/205 207/207/207 208/208/208
f 209/209/209 210/210/210 211/211/211
f 209/209/209 211/211/211 212/212/212
f 213/213/213 214/214/214 215/215/215
f 213/213/213 215/215/215 216/216/216
f 217/217/217 218/218/218 219/219/219
f 217/217/217 219/219/219 220/220/220
f 221/221/221 222/222/222 223/223/223
f 221/221/221 223/223/223 224/224/224
f 225/225/225 226/226/226 227/227/227
f 225/225/225 227/227/227 228/228/228
f 229/229/229 230/230/230 231/231/231
f 229/229/229 231/231/231 232/232/232
f 233/233/233 234/234/234 235/235/235
f 233/233/233 235/235/235 236/236/236
f 237/237/237 238/238/238 239/239/239
f 237/237/237 239/239/239 240/240/240
f 237/237/237 240/240/240 241/241/241
f 237/237/237 241/241/241 242/242/242
f 243/243/243 244/244/244 245/245/245
f 243/243/243 245/245/245 246/246/246
f 247/247/247 248/248/248 249/249/249
f 247/247/247 249/249/249 250/250/250
f 251/251/251 252/252/252 253/253/253
f 251/251/251 253/253/253 254/254/254
f 255/255/255 256/256/256 257/257/257
f 255/255/255 257/257/257 258/258/258
f 259/259/259 260/260/260 261/261/261
f 259/259/259 261/261/261 262/262/262
f 263/263/263 264/264/264 265/265/265
f 263/263/263 265/265/265 266/266/266
f 267/267/267 268/268/268 269/269/269
f 267/267/267 269/269/269 270/270/270
f 271/271/271 272/272/272 273/273/273
f 271/271/271 273/273/273 274/274/274
f 275/275/275 276/276/276 277/277/277
f 275/275/275 277/277/277 278/278/278
f 279/279/279 280/280/280 281/281/281
f 279/279/279 281/281/281 282/282/282
f 283/283/283 284/284/284 285/285/285
f 283/283/283 285/285/285 286/286/286
f 287/287/287 288/288/288 289/289/289
f 287/287/287 289/289/289 290/290/290
f 291/291/291 292/292/292 293/293/293
f 291/291/291 293/293/293 294/294/294
f 295/295/295 296/296/296 297/297/297
f 295/295/295 297/297/297 298/298/298
f 299/299/299 300/300/300 301/301/301
f 299/299/299 301/301/301 302/302/302
f 303/303/303 304/304/304 305/305/305
f 303/303/303 305/305/305 306/306/306
f 307/307/307 308/308/308 309/309/309
f 307/307/307 309/309/309 310/310/310
f 311/311/311 312/312/312 313/313/313
f 311/311/311 313/313/313 314/314/314
f 315/315/315 316/316/316 317/317/317
f 315/315/315 317/317/317 318/318/318
f 319/319/319 320/320/320 321/321/321
f 319/319/319 321/321/321 322/322/322
f 323/323/323 324/324/324 325/325/325
f 323/323/323 325/325/325 326/326/326
f 327/327/327 328/328/328 329/329/329
f 327/327/327 329/329/329 330/330/330
f 331/331/331 332/332/332 333/333/333
f 331/331/331 333/333/333 334/334/334
f 335/335/335 336/336/336 337/337/337
f 335/335/335 337/337/337 338/338/338
f 339/339/339 340/340/340 341/341/341
f 339/339/339 341/341/341 342/342/342
f 343/343/343 344/344/344 345/345/345
f 343/343/343 345/345/345 346/346/346
f 347/347/347 348/348/348 349/349/349
f 347/347/347 349/349/349 350/350/350
f 351/351/351 352/352/352 353/353/353
f 354/354/354 355/355/355 356/356/356
f 357/357/357 358/358/358 359/359/359
f 360/360/360 361/361/361 362/362/362
f 363/363/363 364/364/364 365/365/365
f 363/363/363 365/365/365 366/366/366
f 367/367/367 368/368/368 369/369/369
f 367/367/367 369/369/369 370/370/370
f 371/371/371 372/372/372 373/373/373
f 371/371/371 373/373/373 374/374/374
f 375/375/375 376/376/376 377/377/377
f 375/375/375 377/377/377 378/378/378
f 379/379/379 380/380/380 381/381/381
f 379/379/379 381/381/381 382/382/382
f 383/383/383 384/384/384 385/385/385
f 383/383/383 385/385/385 386/386/386
f 387/387/387 388/388/388 389/389/389
f 387/387/387 389/389/389 390/390/390
f 391/391/391 392/392/392 393/393/393
f 391/391/391 393/393/393 394/394/394
f 395/395/395 396/396/396 397/397/397
f 398/398/398 399/399/399 400/400/400
f 401/401/401 402/402/402 403/403/403
f 404/404/404 405/405/405 406/406/406
f 86/86/86 407/407/407 408/408/408
f 88/88/88 409/409/409 410/410/410
f 89/89/89 411/411/411 412/412/412
f 85/85/85 413/413/413 414/414/414
f 415/415/415 416/416/416 417/417/417
f 415/415/415 417/417/417 418/418/418
f 419/419/419 420/420/420 421/421/421
f 419/419/419 421/421/421 422/422/422
f 423/423/423 424/424/424 425/425/425
f 423/423/423 425/425/425 426/426/426
f 427/427/427 428/428/428 429/429/429
f 427/427/427 429/429/429 430/430/430
f 431/431/431 432/432/432 433/433/433
f 434/434/434 435/435/435 436/436/436
f 437/437/437 438/438/438 439/439/439
f 440/440/440 441/441/441 442/442/442
f 99/99/99 443/443/443 444/444/444
f 82/82/82 445/445/445 446/446/446
f 447/447/447 448/448/448 449/449/449
f 447/447/447 449/449/449 450/450/450
f 451/451/451 452/452/452 453/453/453
f 451/451/451 453/453/453 454/454/454
f 455/455/455 456/456/456 457/457/457
f 455/455/455 457/457/457 458/458/458
f 459/459/459 460/460/460 461/461/461
f 459/459/459 461/461/461 462/462/462
f 463/463/463 464/464/464 465/465/465
f 466/466/466 467/467/467 468/468/468
f 469/469/469 470/470/470 471/471/471
f 472/472/472 473/473/473 474/474/474
f 475/475/475 476/476/476 477/477/477
f 475/475/475 477/477/477 478/478/478
f 479/479/479 480/480/480 481/481/481
f 479/479/479 481/481/481 482/482/482
f 483/483/483 484/484/484 485/485/485
f 483/483/483 485/485/485 486/486/486
f 487/487/487 488/488/488 489/489/489
f 487/487/487 489/489/489 490/490/490
f 491/491/491 492/492/492 493/493/493
f 491/491/491 493/493/493 494/494/494
f 495/495/495 496/496/496 497/497/497
f 495/495/495 497/497/497 498/498/498
f 499/499/499 500/500/500 501/501/501
f 499/499/499 501/501/501 502/502/502
f 503/503/503 504/504/504 505/505/505
f 503/503/503 505/505/505 506/506/506
f 507/507/507 508/508/508 509/509/509
f 510/510/510 511/511/511 512/512/512
f 513/513/513 514/514/514 515/515/515
f 516/516/516 517/517/517 518/518/518
f 204/204/204 519/519/519 520/520/520
f 206/206/206 521/521/521 522/522/522
f 207/207/207 523/523/523 524/524/524
f 203/203/203 525/525/525 526/526/526
f 527/527/527 528/528/528 529/529/529
f 527/527/527 529/529/529 530/530/530
f 531/531/531 532/532/532 533/533/533
f 531/531/531 533/533/533 534/534/534
f 535/535/535 536/536/536 537/537/537
f 535/535/535 537/537/537 538/538/538
f 539/539/539 540/540/540 541/541/541
f 539/539/539 541/541/541 542/542/542
f 543/543/543 544/544/544 545/545/545
f 546/546/546 547/547/547 548/548/548
f 549/549/549 550/550/550 551/551/551
f 552/552/552 553/553/553 554/554/554
f 217/217/217 555/555/555 556/556/556
f 200/200/200 557/557/557 558/558/558
f 559/559/559 560/560/560 561/561/561
f 559/559/559 561/561/561 562/562/562
f 563/563/563 564/564/564 565/565/565
f 563/563/563 565/565/565 566/566/566
f 567/567/567 568/568/568 569/569/569
f 567/567/567 569/569/569 570/570/570
f 571/571/571 572/572/572 573/573/573
f 571/571/571 573/573/573 574/574/574
f 575/575/575 576/576/576 577/577/577
f 578/578/578 579/579/579 580/580/580
f 581/581/581 582/582/582 583/583/583
f 584/584/584 585/585/585 586/586/586
f 587/587/587 588/588/588 589/589/589
f 587/587/587 589/589/589 590/590/590
f 591/591/591 592/592/592 593/593/593
f 591/591/591 593/593/593 594/594/594
f 595/595/595 596/596/596 597/597/597
f 595/595/595 597/597/597 598/598/598
f 599/599/599 600/600/600 601/601/601
f 599/599/599 601/601/601 602/602/602
f 603/603/603 604/604/604 605/605/605
f 603/603/603 605/605/605 606/606/606
f 607/607/607 608/608/608 609/609/609
f 607/607/607 609/609/609 610/610/610
f 611/611/611 612/612/612 613/613/613
f 611/611/611 613/613/613 614/614/614
f 615/615/615 616/616/616 617/617/617
f 615/615/615 617/617/617 618/618/618
f 619/619/619 620/620/620 621/621/621
f 622/622/622 623/623/623 624/624/624
f 625/625/625 626/626/626 627/627/627
f 628/628/628 629/629/629 630/630/630
f 318/318/318 631/631/631 632/632/632
f 320/320/320 633/633/633 634/634/634
f 321/321/321 635/635/635 636/636/636
f 317/317/317 637/637/637 638/638/638
f 639/639/639 640/640/640 641/641/641
f 639/639/639 641/641/641 642/642/642
f 643/643/643 644/644/644 645/645/645
f 643/643/643 645/645/645 646/646/646
f 647/647/647 648/648/648 649/649/649
f 647/647/647 649/649/649 650/650/650
f 651/651/651 652/652/652 653/653/653
f 651/651/651 653/653/653 654/654/654
f 655/655/655 656/656/656 657/657/657
f 658/658/658 659/659/659 660/660/660
f 661/661/661 662/662/662 663/663/663
f 664/664/664 665/665/665 666/666/666
f 331/331/331 667/667/667 668/668/668
f 314/314/314 669/669/669 670/670/670
f 671/671/671 672/672/672 673/673/673
f 671/671/671 673/673/673 674/674/674
f 675/675/675 676/676/676 677/677/677
f 675/675/675 677/677/677 678/678/678
f 679/679/679 680/680/680 681/681/681
f 679/679/679 681/681/681 682/682/682
f 683/683/683 684/684/684 685/685/685
f 683/683/683 685/685/685 686/686/686
f 687/687/687 688/688/688 689/689/689
f 687/687/687 689/689/689 690/690/690
f 691/691/691 692/692/692 693/693/693
f 691/691/691 693/693/693 694/694/694
f 695/695/695 696/696/696 697/697/697
f 695/695/695 697/697/697 698/698/698
f 699/699/699 700/700/700 701/701/701
f 699/699/699 701/701/701 702/702/702
f 379/379/379 391/391/391 394/394/394
f 379/379/379 394/394/394 380/380/380
f 703/703/703 704/704/704 705/705/705
f 703/703/703 705/705/705 706/706/706
f 707/707/707 708/708/708 709/709/709
f 707/707/707 709/709/709 710/710/710
f 711/711/711 712/712/712 713/713/713
f 711/711/711 713/713/713 714/714/714
f 715/715/715 716/716/716 717/717/717
f 715/715/715 717/717/717 718/718/718
f 719/719/719 720/720/720 721/721/721
f 719/719/719 721/721/721 722/722/722
f 723/723/723 724/724/724 725/725/725
f 723/723/723 725/725/725 726/726/726
f 727/727/727 728/728/728 729/729/729
f 727/727/727 729/729/729 730/730/730
f 731/731/731 732/732/732 733/733/733
f 731/731/731 733/733/733 734/734/734
f 735/735/735 736/736/736 737/737/737
f 735/735/735 737/737/737 738/738/738
f 739/739/739 740/740/740 741/741/741
f 739/739/739 741/741/741 742/742/742
f 743/743/743 744/744/744 745/745/745
f 743/743/743 745/745/745 746/746/746
f 747/747/747 748/748/748 749/749/749
f 747/747/747 749/749/749 750/750/750
f 751/751/751 752/752/752 753/753/753
f 751/751/751 753/753/753 754/754/754
f 755/755/755 756/756/756 757/757/757
f 755/755/755 757/757/757 758/758/758
f 759/759/759 760/760/760 761/761/761
f 759/759/759 761/761/761 762/762/762
f 17/17/17 16/16/16 31/31/31
f 17/17/17 31/31/31 34/34/34
f 29/29/29 28/28/28 15/15/15
f 29/29/29 15/15/15 18/18/18
f 33/33/33 32/32/32 39/39/39
f 33/33/33 39/39/39 42/42/42
f 41/41/41 40/40/40 27/27/27
f 41/41/41 27/27/27 30/30/30
f 86/86/86 85/85/85 414/414/414
f 86/86/86 414/414/414 407/407/407
f 5/5/5 4/4/4 763/763/763
f 5/5/5 763/763/763 764/764/764
f 765/765/765 766/766/766 767/767/767
f 765/765/765 767/767/767 768/768/768
f 769/769/769 770/770/770 771/771/771
f 769/769/769 771/771/771 772/772/772
f 773/773/773 774/774/774 775/775/775
f 773/773/773 775/775/775 776/776/776
f 777/777/777 778/778/778 779/779/779
f 777/777/777 779/779/779 780/780/780
f 1/1/1 6/6/6 781/781/781
f 1/1/1 781/781/781 782/782/782
f 78/78/78 77/77/77 443/443/443
f 78/78/78 443/443/443 783/783/783
f 4/4/4 3/3/3 784/784/784
f 4/4/4 784/784/784 785/785/785
f 93/93/93 92/92/92 445/445/445
f 93/93/93 445/445/445 786/786/786
f 787/787/787 447/447/447 450/450/450
f 787/787/787 450/450/450 788/788/788
f 789/789/789 790/790/790 791/791/791
f 789/789/789 791/791/791 792/792/792
f 793/793/793 451/451/451 454/454/454
f 793/793/793 454/454/454 794/794/794
f 795/795/795 453/453/453 452/452/452
f 795/795/795 452/452/452 796/796/796
f 797/797/797 455/455/455 458/458/458
f 797/797/797 458/458/458 798/798/798
f 799/799/799 800/800/800 801/801/801
f 799/799/799 801/801/801 802/802/802
f 803/803/803 459/459/459 462/462/462
f 803/803/803 462/462/462 804/804/804
f 805/805/805 806/806/806 807/807/807
f 805/805/805 807/807/807 808/808/808
f 59/59/59 62/62/62 44/44/44
f 59/59/59 44/44/44 43/43/43
f 809/809/809 810/810/810 811/811/811
f 809/809/809 811/811/811 812/812/812
f 813/813/813 814/814/814 815/815/815
f 813/813/813 815/815/815 816/816/816
f 817/817/817 818/818/818 819/819/819
f 817/817/817 819/819/819 820/820/820
f 821/821/821 822/822/822 823/823/823
f 821/821/821 823/823/823 824/824/824
f 57/57/57 56/56/56 64/64/64
f 57/57/57 64/64/64 63/63/63
f 52/52/52 51/51/51 67/67/67
f 52/52/52 67/67/67 70/70/70
f 94/94/94 93/93/93 85/85/85
f 94/94/94 85/85/85 84/84/84
f 81/81/81 80/80/80 90/90/90
f 81/81/81 90/90/90 89/89/89
f 88/88/88 87/87/87 825/825/825
f 88/88/88 825/825/825 409/409/409
f 102/102/102 101/101/101 826/826/826
f 102/102/102 826/826/826 827/827/827
f 92/92/92 91/91/91 79/79/79
f 92/92/92 79/79/79 82/82/82
f 100/100/100 99/99/99 77/77/77
f 100/100/100 77/77/77 76/76/76
f 828/828/828 829/829/829 830/830/830
f 828/828/828 830/830/830 831/831/831
f 832/832/832 833/833/833 834/834/834
f 832/832/832 834/834/834 835/835/835
f 836/836/836 837/837/837 838/838/838
f 836/836/836 838/838/838 839/839/839
f 840/840/840 841/841/841 842/842/842
f 840/840/840 842/842/842 843/843/843
f 844/844/844 845/845/845 846/846/846
f 844/844/844 846/846/846 847/847/847
f 848/848/848 849/849/849 850/850/850
f 848/848/848 850/850/850 851/851/851
f 852/852/852 853/853/853 854/854/854
f 852/852/852 854/854/854 855/855/855
f 856/856/856 857/857/857 858/858/858
f 856/856/856 858/858/858 859/859/859
f 491/491/491 503/503/503 506/506/506
f 491/491/491 506/506/506 492/492/492
f 860/860/860 861/861/861 862/862/862
f 860/860/860 862/862/862 863/863/863
f 864/864/864 865/865/865 866/866/866
f 864/864/864 866/866/866 867/867/867
f 868/868/868 869/869/869 870/870/870
f 868/868/868 870/870/870 871/871/871
f 872/872/872 873/873/873 874/874/874
f 872/872/872 874/874/874 875/875/875
f 876/876/876 877/877/877 878/878/878
f 876/876/876 878/878/878 879/879/879
f 880/880/880 881/881/881 882/882/882
f 880/880/880 882/882/882 883/883/883
f 884/884/884 885/885/885 886/886/886
f 884/884/884 886/886/886 887/887/887
f 888/888/888 889/889/889 890/890/890
f 888/888/888 890/890/890 891/891/891
f 892/892/892 893/893/893 894/894/894
f 892/892/892 894/894/894 895/895/895
f 896/896/896 897/897/897 898/898/898
f 896/896/896 898/898/898 899/899/899
f 900/900/900 901/901/901 902/902/902
f 900/900/900 902/902/902 903/903/903
f 904/904/904 905/905/905 906/906/906
f 904/904/904 906/906/906 907/907/907
f 908/908/908 909/909/909 910/910/910
f 908/908/908 910/910/910 911/911/911
f 912/912/912 913/913/913 914/914/914
f 912/912/912 914/914/914 915/915/915
f 916/916/916 917/917/917 918/918/918
f 916/916/916 918/918/918 919/919/919
f 135/135/135 134/134/134 149/149/149
f 135/135/135 149/149/149 152/152/152
f 147/147/147 146/146/146 133/133/133
f 147/147/147 133/133/133 136/136/136
f 151/151/151 150/150/150 157/157/157
f 151/151/151 157/157/157 160/160/160
f 159/159/159 158/158/158 145/145/145
f 159/159/159 145/145/145 148/148/148
f 204/204/204 203/203/203 526/526/526
f 204/204/204 526/526/526 519/519/519
f 123/123/123 122/122/122 920/920/920
f 123/123/123 920/920/920 921/921/921
f 922/922/922 923/923/923 924/924/924
f 922/922/922 924/924/924 925/925/925
f 926/926/926 927/927/927 928/928/928
f 926/926/926 928/928/928 929/929/929
f 930/930/930 931/931/931 932/932/932
f 930/930/930 932/932/932 933/933/933
f 934/934/934 935/935/935 936/936/936
f 934/934/934 936/936/936 937/937/937
f 119/119/119 124/124/124 938/938/938
f 119/119/119 938/938/938 939/939/939
f 196/196/196 195/195/195 555/555/555
f 196/196/196 555/555/555 940/940/940
f 122/122/122 121/121/121 941/941/941
f 122/122/122 941/941/941 942/942/942
f 211/211/211 210/210/210 557/557/557
f 211/211/211 557/557/557 943/943/943
f 944/944/944 559/559/559 562/562/562
f 944/944/944 562/562/562 945/945/945
f 946/946/946 947/947/947 948/948/948
f 946/946/946 948/948/948 949/949/949
f 950/950/950 563/563/563 566/566/566
f 950/950/950 566/566/566 951/951/951
f 952/952/952 565/565/565 564/564/564
f 952/952/952 564/564/564 953/953/953
f 954/954/954 567/567/567 570/570/570
f 954/954/954 570/570/570 955/955/955
f 956/956/956 957/957/957 958/958/958
f 956/956/956 958/958/958 959/959/959
f 960/960/960 571/571/571 574/574/574
f 960/960/960 574/574/574 961/961/961
f 962/962/962 963/963/963 964/964/964
f 962/962/962 964/964/964 965/965/965
f 177/177/177 180/180/180 162/162/162
f 177/177/177 162/162/162 161/161/161
f 966/966/966 967/967/967 968/968/968
f 966/966/966 968/968/968 969/969/969
f 970/970/970 971/971/971 972/972/972
f 970/970/970 972/972/972 973/973/973
f 974/974/974 975/975/975 976/976/976
f 974/974/974 976/976/976 977/977/977
f 978/978/978 979/979/979 980/980/980
f 978/978/978 980/980/980 981/981/981
f 175/175/175 174/174/174 182/182/182
f 175/175/175 182/182/182 181/181/181
f 170/170/170 169/169/169 185/185/185
f 170/170/170 185/185/185 188/188/188
f 212/212/212 211/211/211 203/203/203
f 212/212/212 203/203/203 202/202/202
f 199/199/199 198/198/198 208/208/208
f 199/199/199 208/208/208 207/207/207
f 206/206/206 205/205/205 982/982/982
f 206/206/206 982/982/982 521/521/521
f 220/220/220 219/219/219 983/983/983
f 220/220/220 983/983/983 984/984/984
f 210/210/210 209/209/209 197/197/197
f 210/210/210 197/197/197 200/200/200
f 218/218/218 217/217/217 195/195/195
f 218/218/218 195/195/195 194/194/194
f 985/985/985 986/986/986 987/987/987
f 985/985/985 987/987/987 988/988/988
f 989/989/989 990/990/990 991/991/991
f 989/989/989 991/991/991 992/992/992
f 993/993/993 994/994/994 995/995/995
f 993/993/993 995/995/995 996/996/996
f 997/997/997 998/998/998 999/999/999
f 997/997/997 999/999/999 1000/1000/1000
f 1001/1001/1001 1002/1002/1002 1003/1003/1003
f 1001/1001/1001 1003/1003/1003 1004/1004/1004
f 1005/1005/1005 1006/1006/1006 1007/1007/1007
f 1005/1005/1005 1007/1007/1007 1008/1008/1008
f 1009/1009/1009 1010/1010/1010 1011/1011/1011
f 1009/1009/1009 1011/1011/1011 1012/1012/1012
f 1013/1013/1013 1014/1014/1014 1015/1015/1015
f 1013/1013/1013 1015/1015/1015 1016/1016/1016
f 603/603/603 615/615/615 618/618/618
f 603/603/603 618/618/618 604/604/604
f 1017/1017/1017 1018/1018/1018 1019/1019/1019
f 1017/1017/1017 1019/1019/1019 1020/1020/1020
f 1021/1021/1021 1022/1022/1022 1023/1023/1023
f 1021/1021/1021 1023/1023/1023 1024/1024/1024
f 1025/1025/1025 1026/1026/1026 1027/1027/1027
f 1025/1025/1025 1027/1027/1027 1028/1028/1028
f 1029/1029/1029 1030/1030/1030 1031/1031/1031
f 1029/1029/1029 1031/1031/1031 1032/1032/1032
f 1033/1033/1033 1034/1034/1034 1035/1035/1035
f 1033/1033/1033 1035/1035/1035 1036/1036/1036
f 1037/1037/1037 1038/1038/1038 1039/1039/1039
f 1037/1037/1037 1039/1039/1039 1040/1040/1040
f 1041/1041/1041 1042/1042/1042 1043/1043/1043
f 1041/1041/1041 1043/1043/1043 1044/1044/1044
f 1045/1045/1045 1046/1046/1046 1047/1047/1047
f 1045/1045/1045 1047/1047/1047 1048/1048/1048
f 1049/1049/1049 1050/1050/1050 1051/1051/1051
f 1049/1049/1049 1051/1051/1051 1052/1052/1052
f 1053/1053/1053 1054/1054/1054 1055/1055/1055
f 1053/1053/1053 1055/1055/1055 1056/1056/1056
f 1057/1057/1057 1058/1058/1058 1059/1059/1059
f 1057/1057/1057 1059/1059/1059 1060/1060/1060
f 1061/1061/1061 1062/1062/1062 1063/1063/1063
f 1061/1061/1061 1063/1063/1063 1064/1064/1064
f 1065/1065/1065 1066/1066/1066 1067/1067/1067
f 1065/1065/1065 1067/1067/1067 1068/1068/1068
f 1069/1069/1069 1070/1070/1070 1071/1071/1071
f 1069/1069/1069 1071/1071/1071 1072/1072/1072
f 1073/1073/1073 1074/1074/1074 1075/1075/1075
f 1073/1073/1073 1075/1075/1075 1076/1076/1076
f 253/253/253 252/252/252 267/267/267
f 253/253/253 267/267/267 270/270/270
f 265/265/265 264/264/264 251/251/251
f 265/265/265 251/251/251 254/254/254
f 269/269/269 268/268/268 275/275/275
f 269/269/269 275/275/275 278/278/278
f 277/277/277 276/276/276 263/263/263
f 277/277/277 263/263/263 266/266/266
f 318/318/318 317/317/317 638/638/638
f 318/318/318 638/638/638 631/631/631
f 241/241/241 240/240/240 1077/1077/1077
f 241/241/241 1077/1077/1077 1078/1078/1078
f 1079/1079/1079 1080/1080/1080 1081/1081/1081
f 1079/1079/1079 1081/1081/1081 1082/1082/1082
f 1083/1083/1083 1084/1084/1084 1085/1085/1085
f 1083/1083/1083 1085/1085/1085 1086/1086/1086
f 1087/1087/1087 1088/1088/1088 1089/1089/1089
f 1087/1087/1087 1089/1089/1089 1090/1090/1090
f 1091/1091/1091 1092/1092/1092 1093/1093/1093
f 1091/1091/1091 1093/1093/1093 1094/1094/1094
f 237/237/237 242/242/242 1095/1095/1095
f 237/237/237 1095/1095/1095 1096/1096/1096
f 310/310/310 309/309/309 667/667/667
f 310/310/310 667/667/667 1097/1097/1097
f 240/240/240 239/239/239 1098/1098/1098
f 240/240/240 1098/1098/1098 1099/1099/1099
f 325/325/325 324/324/324 669/669/669
f 325/325/325 669/669/669 1100/1100/1100
f 1101/1101/1101 671/671/671 674/674/674
f 1101/1101/1101 674/674/674 1102/1102/1102
f 1103/1103/1103 1104/1104/1104 1105/1105/1105
f 1103/1103/1103 1105/1105/1105 1106/1106/1106
f 1107/1107/1107 675/675/675 678/678/678
f 1107/1107/1107 678/678/678 1108/1108/1108
f 1109/1109/1109 677/677/677 676/676/676
f 1109/1109/1109 676/676/676 1110/1110/1110
f 1111/1111/1111 679/679/679 682/682/682
f 1111/1111/1111 682/682/682 1112/1112/1112
f 1113/1113/1113 1114/1114/1114 1115/1115/1115
f 1113/1113/1113 1115/1115/1115 1116/1116/1116
f 1117/1117/1117 683/683/683 686/686/686
f 1117/1117/1117 686/686/686 1118/1118/1118
f 1119/1119/1119 1120/1120/1120 1121/1121/1121
f 1119/1119/1119 1121/1121/1121 1122/1122/1122
f 291/291/291 294/294/294 280/280/280
f 291/291/291 280/280/280 279/279/279
f 1123/1123/1123 1124/1124/1124 1125/1125/1125
f 1123/1123/1123 1125/1125/1125 1126/1126/1126
f 1127/1127/1127 1128/1128/1128 1129/1129/1129
f 1127/1127/1127 1129/1129/1129 1130/1130/1130
f 1131/1131/1131 1132/1132/1132 1133/1133/1133
f 1131/1131/1131 1133/1133/1133 1134/1134/1134
f 1135/1135/1135 1136/1136/1136 1137/1137/1137
f 1135/1135/1135 1137/1137/1137 1138/1138/1138
f 289/289/289 288/288/288 296/296/296
f 289/289/289 296/296/296 295/295/295
f 284/284/284 283/283/283 299/299/299
f 284/284/284 299/299/299 302/302/302
f 326/326/326 325/325/325 317/317/317
f 326/326/326 317/317/317 316/316/316
f 313/313/313 312/312/312 322/322/322
f 313/313/313 322/322/322 321/321/321
f 320/320/320 319/319/319 1139/1139/1139
f 320/320/320 1139/1139/1139 633/633/633
f 334/334/334 333/333/333 1140/1140/1140
f 334/334/334 1140/1140/1140 1141/1141/1141
f 324/324/324 323/323/323 311/311/311
f 324/324/324 311/311/311 314/314/314
f 332/332/332 331/331/331 309/309/309
f 332/332/332 309/309/309 308/308/308
f 1142/1142/1142 1143/1143/1143 1144/1144/1144
f 1142/1142/1142 1144/1144/1144 1145/1145/1145
f 1146/1146/1146 1147/1147/1147 1148/1148/1148
f 1146/1146/1146 1148/1148/1148 1149/1149/1149
f 1150/1150/1150 1151/1151/1151 1152/1152/1152
f 1150/1150/1150 1152/1152/1152 1153/1153/1153
f 1154/1154/1154 1155/1155/1155 1156/1156/1156
f 1154/1154/1154 1156/1156/1156 1157/1157/1157
f 1158/1158/1158 1159/1159/1159 1160/1160/1160
f 1158/1158/1158 1160/1160/1160 1161/1161/1161
