v -2.122756 0.881909 0.305099
v -2.122756 0.881900 0.304039
v -2.122378 0.881900 0.304039
v -2.122378 0.881909 0.305099
v -2.122756 0.882422 0.303117
v -2.122378 0.882422 0.303117
v -2.122378 0.881900 0.304039
v -2.122756 0.883335 0.302579
v -2.122378 0.883335 0.302579
v -2.122378 0.882422 0.303117
v -2.122756 0.883335 0.302579
v -2.122756 0.884395 0.302570
v -2.122378 0.884395 0.302570
v -2.122378 0.883335 0.302579
v -2.122756 0.884395 0.302570
v -2.122756 0.885318 0.303092
v -2.122378 0.885318 0.303092
v -2.122378 0.884395 0.302570
v -2.122756 0.885856 0.304005
v -2.122378 0.885856 0.304005
v -2.122378 0.885318 0.303092
v -2.122756 0.885865 0.305065
v -2.122378 0.885865 0.305065
v -2.122378 0.885856 0.304005
v -2.122756 0.885343 0.305988
v -2.122378 0.885343 0.305988
v -2.122378 0.885865 0.305065
v -2.122756 0.884430 0.306526
v -2.122378 0.884430 0.306526
v -2.122378 0.885343 0.305988
v -2.122756 0.884430 0.306526
v -2.122756 0.883370 0.306535
v -2.122378 0.883370 0.306535
v -2.122378 0.884430 0.306526
v -2.122756 0.883370 0.306535
v -2.122756 0.882447 0.306013
v -2.122378 0.882447 0.306013
v -2.122378 0.883370 0.306535
v -2.122378 0.881909 0.305099
v -2.122378 0.882447 0.306013
v -2.122378 0.882447 0.306013
v -2.122378 0.881909 0.305099
v -2.121806 0.882828 0.304845
v -2.121806 0.883116 0.305333
v -2.122378 0.883370 0.306535
v -2.121806 0.883609 0.305611
v -2.122378 0.884430 0.306526
v -2.121806 0.884175 0.305606
v -2.122378 0.885343 0.305988
v -2.121806 0.884663 0.305319
v -2.122378 0.885865 0.305065
v -2.121806 0.884942 0.304826
v -2.122378 0.885318 0.303092
v -2.122378 0.885856 0.304005
v -2.121806 0.884937 0.304260
v -2.121806 0.884649 0.303772
v -2.122378 0.884395 0.302570
v -2.121806 0.884156 0.303493
v -2.122378 0.883335 0.302579
v -2.121806 0.883590 0.303498
v -2.122378 0.882422 0.303117
v -2.121806 0.883102 0.303785
v -2.122378 0.881900 0.304039
v -2.121806 0.882823 0.304278
v -2.122756 0.881900 0.304039
v -2.122756 0.881909 0.305099
v -2.122756 0.883152 0.304755
v -2.122756 0.883149 0.304362
v -2.122756 0.882422 0.303117
v -2.122756 0.883342 0.304021
v -2.122756 0.883335 0.302579
v -2.122756 0.883680 0.303822
v -2.122756 0.884395 0.302570
v -2.122756 0.884072 0.303818
v -2.122756 0.885318 0.303092
v -2.122756 0.884414 0.304012
v -2.122756 0.885856 0.304005
v -2.122756 0.884613 0.304350
v -2.122756 0.885865 0.305065
v -2.122756 0.884616 0.304742
v -2.122756 0.885343 0.305988
v -2.122756 0.884423 0.305083
v -2.122756 0.884430 0.306526
v -2.122756 0.884085 0.305282
v -2.122756 0.883370 0.306535
v -2.122756 0.883693 0.305286
v -2.122756 0.882447 0.306013
v -2.122756 0.883351 0.305093
v -2.122756 0.883152 0.304755
v -2.122756 0.883351 0.305093
v -2.124757 0.883351 0.305093
v -2.124757 0.883152 0.304755
v -2.122756 0.883693 0.305286
v -2.124757 0.883693 0.305286
v -2.122756 0.883693 0.305286
v -2.122756 0.884085 0.305282
v -2.124757 0.884085 0.305282
v -2.124757 0.883693 0.305286
v -2.122756 0.884085 0.305282
v -2.122756 0.884423 0.305083
v -2.124757 0.884423 0.305083
v -2.124757 0.884085 0.305282
v -2.122756 0.884616 0.304742
v -2.124757 0.884616 0.304742
v -2.122756 0.884613 0.304350
v -2.124757 0.884613 0.304350
v -2.122756 0.884414 0.304012
v -2.124757 0.884414 0.304012
v -2.122756 0.884072 0.303818
v -2.124757 0.884072 0.303818
v -2.122756 0.884072 0.303818
v -2.122756 0.883680 0.303822
v -2.124757 0.883680 0.303822
v -2.124757 0.884072 0.303818
v -2.122756 0.883680 0.303822
v -2.122756 0.883342 0.304021
v -2.124757 0.883342 0.304021
v -2.124757 0.883680 0.303822
v -2.122756 0.883149 0.304362
v -2.124757 0.883149 0.304362
v -2.122756 0.883152 0.304755
v -2.124757 0.883152 0.304755
v -2.121806 0.882828 0.304845
v -2.121806 0.884942 0.304826
v -2.121678 0.884504 0.304830
v -2.121678 0.883266 0.304841
v -2.121678 0.884341 0.305119
v -2.121678 0.884504 0.304830
v -2.121678 0.884055 0.305287
v -2.121678 0.883723 0.305290
v -2.121678 0.883434 0.305127
v -2.121678 0.883266 0.304841
v -2.121806 0.882823 0.304278
v -2.121806 0.884937 0.304260
v -2.122249 0.884937 0.304260
v -2.122249 0.882823 0.304278
v -2.122249 0.882828 0.304845
v -2.122249 0.884942 0.304826
v -2.122378 0.881900 0.304039
v -2.122249 0.882185 0.304223
v -2.122378 0.885856 0.304005
v -2.122249 0.885574 0.304203
v -2.122378 0.885865 0.305065
v -2.122249 0.885580 0.304872
v -2.122378 0.881909 0.305099
v -2.122249 0.882191 0.304911
v -2.122378 0.885856 0.304005
v -2.122378 0.885865 0.305065
v -2.122249 0.885580 0.304872
v -2.122249 0.885574 0.304203
v -2.122378 0.881909 0.305099
v -2.122378 0.881900 0.304039
v -2.122249 0.882185 0.304223
v -2.122249 0.882191 0.304911
v -2.122249 0.884942 0.304826
v -2.122249 0.884937 0.304260
v -2.122249 0.882823 0.304278
v -2.122249 0.882828 0.304845
v -2.121678 0.884331 0.303978
v -2.121678 0.883424 0.303986
v -2.121678 0.883710 0.303817
v -2.121678 0.884042 0.303814
v -2.121678 0.884499 0.304264
v -2.121678 0.883261 0.304274
v -2.121678 0.883261 0.304274
v -2.121678 0.884499 0.304264
v -2.105982 0.884764 0.295288
v -2.105982 0.877322 0.296604
v -2.105982 0.877322 0.312501
v -2.105982 0.884764 0.313816
v -2.105982 0.865031 0.295288
v -2.105982 0.872474 0.296604
v -2.105982 0.877322 0.296604
v -2.105982 0.884764 0.295288
v -2.105982 0.884764 0.313816
v -2.105982 0.877322 0.312501
v -2.105982 0.872474 0.312501
v -2.105982 0.865031 0.313816
v -2.105982 0.865031 0.313816
v -2.105982 0.872474 0.312501
v -2.105982 0.872474 0.296604
v -2.105982 0.865031 0.295288
v -2.105982 0.872474 0.312501
v -2.122775 0.872474 0.312501
v -2.122775 0.872474 0.296604
v -2.105982 0.872474 0.296604
v -2.105982 0.877322 0.312501
v -2.122775 0.877322 0.312501
v -2.122775 0.872474 0.312501
v -2.105982 0.872474 0.312501
v -2.105982 0.872474 0.296604
v -2.122775 0.872474 0.296604
v -2.122775 0.877322 0.296604
v -2.105982 0.877322 0.296604
v -2.105982 0.877322 0.296604
v -2.122775 0.877322 0.296604
v -2.122775 0.877322 0.312501
v -2.105982 0.877322 0.312501
v -2.125897 0.872474 0.296604
v -2.125897 0.877322 0.296604
v -2.125897 0.877322 0.312501
v -2.125897 0.872474 0.312501
v -2.125897 0.877322 0.312501
v -2.125897 0.877322 0.296604
v -2.125897 0.872474 0.296604
v -2.125897 0.872474 0.312501
v -2.125897 0.870349 0.296604
v -2.125897 0.870349 0.312501
v -2.125897 0.872474 0.312501
v -2.125897 0.870349 0.312501
v -2.122775 0.870349 0.312501
v -2.122775 0.872474 0.312501
v -2.122775 0.872474 0.296604
v -2.122775 0.870349 0.296604
v -2.125897 0.870349 0.296604
v -2.125897 0.872474 0.296604
v -2.122775 0.872474 0.312501
v -2.122775 0.870349 0.312501
v -2.122775 0.870349 0.296604
v -2.122775 0.872474 0.296604
v -2.122775 0.870349 0.312501
v -2.125897 0.870349 0.312501
v -2.125897 0.870349 0.296604
v -2.122775 0.870349 0.296604
v -2.125897 0.877322 0.296604
v -2.125897 0.890440 0.296604
v -2.122775 0.890440 0.296604
v -2.122775 0.877322 0.296604
v -2.125897 0.890440 0.312501
v -2.125897 0.890440 0.296604
v -2.122775 0.877322 0.312501
v -2.122775 0.890440 0.312501
v -2.125897 0.890440 0.312501
v -2.125897 0.877322 0.312501
v -2.122775 0.877322 0.296604
v -2.122775 0.890440 0.296604
v -2.122775 0.890440 0.312501
v -2.122775 0.877322 0.312501
v -2.122775 0.890440 0.296604
v -2.125897 0.890440 0.296604
v -2.125897 0.890440 0.312501
v -2.122775 0.890440 0.312501
v -2.121806 0.991852 0.303458
v -2.121806 0.991305 0.305500
v -2.121678 0.991419 0.305077
v -2.121678 0.991739 0.303881
v -2.121806 0.991305 0.305500
v -2.121806 0.990905 0.305099
v -2.121678 0.991184 0.304842
v -2.121678 0.991419 0.305077
v -2.121806 0.990758 0.304552
v -2.121678 0.991098 0.304522
v -2.121806 0.990905 0.304005
v -2.121678 0.991184 0.304201
v -2.121806 0.991305 0.303605
v -2.121678 0.991419 0.303967
v -2.121806 0.991852 0.303458
v -2.121678 0.991739 0.303881
v -2.122249 0.991853 0.305646
v -2.122249 0.991306 0.305500
v -2.122249 0.991853 0.303458
v -2.122249 0.992400 0.303605
v -2.122249 0.991747 0.306278
v -2.122249 0.991081 0.306100
v -2.122249 0.991968 0.302829
v -2.122249 0.992614 0.303002
v -2.122378 0.991853 0.306600
v -2.122378 0.990829 0.306326
v -2.122378 0.991853 0.302504
v -2.122378 0.992876 0.302779
v -2.121806 0.991853 0.305646
v -2.122378 0.991853 0.306600
v -2.122249 0.991747 0.306278
v -2.122249 0.991853 0.305646
v -2.122378 0.992876 0.302779
v -2.121806 0.992400 0.303605
v -2.122249 0.992400 0.303605
v -2.122249 0.992614 0.303002
v -2.122378 0.991853 0.302504
v -2.122249 0.991968 0.302829
v -2.122249 0.991853 0.303458
v -2.122378 0.990829 0.306326
v -2.122249 0.991306 0.305500
v -2.122249 0.991081 0.306100
v -2.121678 0.992286 0.305138
v -2.121678 0.992521 0.304262
v -2.121678 0.992607 0.304583
v -2.121678 0.992521 0.304903
v -2.121678 0.991966 0.305224
v -2.121678 0.992286 0.304027
v -2.121806 0.992400 0.305500
v -2.121806 0.991853 0.305646
v -2.121806 0.992800 0.305099
v -2.121806 0.992947 0.304552
v -2.121806 0.992800 0.304005
v -2.121806 0.992400 0.303605
v -2.121678 0.992286 0.304027
v -2.121678 0.991966 0.305224
v -2.122756 0.991474 0.305208
v -2.122756 0.991853 0.305310
v -2.124757 0.991853 0.305310
v -2.124757 0.991474 0.305208
v -2.122756 0.991196 0.304931
v -2.122756 0.991474 0.305208
v -2.124757 0.991474 0.305208
v -2.124757 0.991196 0.304931
v -2.122756 0.991095 0.304552
v -2.124757 0.991095 0.304552
v -2.122756 0.991196 0.304173
v -2.124757 0.991196 0.304173
v -2.122756 0.991474 0.303896
v -2.124757 0.991474 0.303896
v -2.122756 0.991853 0.303794
v -2.122756 0.991474 0.303896
v -2.124757 0.991474 0.303896
v -2.124757 0.991853 0.303794
v -2.122756 0.992231 0.303896
v -2.122756 0.991853 0.303794
v -2.124757 0.991853 0.303794
v -2.124757 0.992231 0.303896
v -2.122756 0.992509 0.304173
v -2.122756 0.992231 0.303896
v -2.124757 0.992231 0.303896
v -2.124757 0.992509 0.304173
v -2.122756 0.992610 0.304552
v -2.124757 0.992610 0.304552
v -2.122756 0.992509 0.304931
v -2.124757 0.992509 0.304931
v -2.122756 0.992231 0.305208
v -2.124757 0.992231 0.305208
v -2.122756 0.991853 0.305310
v -2.122756 0.992231 0.305208
v -2.124757 0.992231 0.305208
v -2.124757 0.991853 0.305310
v -2.122756 0.991853 0.306600
v -2.122756 0.992876 0.306326
v -2.122756 0.992231 0.305208
v -2.122756 0.991853 0.305310
v -2.122756 0.993626 0.305576
v -2.122756 0.992509 0.304931
v -2.122756 0.993900 0.304552
v -2.122756 0.992610 0.304552
v -2.122756 0.993626 0.303528
v -2.122756 0.992509 0.304173
v -2.122756 0.992876 0.302779
v -2.122756 0.992231 0.303896
v -2.122756 0.991853 0.302504
v -2.122756 0.991853 0.303794
v -2.122756 0.990829 0.302779
v -2.122756 0.991474 0.303896
v -2.122756 0.990079 0.303528
v -2.122756 0.991196 0.304173
v -2.122756 0.989805 0.304552
v -2.122756 0.991095 0.304552
v -2.122756 0.990079 0.305576
v -2.122756 0.991196 0.304931
v -2.122756 0.990829 0.306326
v -2.122756 0.991474 0.305208
v -2.122378 0.990829 0.306326
v -2.122378 0.990079 0.305576
v -2.122378 0.989805 0.304552
v -2.122378 0.990079 0.303528
v -2.122378 0.990829 0.302779
v -2.122378 0.991853 0.302504
v -2.122378 0.992876 0.302779
v -2.122378 0.993626 0.303528
v -2.122378 0.993900 0.304552
v -2.122378 0.993626 0.305576
v -2.122378 0.992876 0.306326
v -2.122378 0.991853 0.306600
v -2.122756 0.992876 0.306326
v -2.122756 0.991853 0.306600
v -2.122378 0.991853 0.306600
v -2.122378 0.992876 0.306326
v -2.122756 0.993626 0.305576
v -2.122756 0.992876 0.306326
v -2.122378 0.992876 0.306326
v -2.122378 0.993626 0.305576
v -2.122756 0.993900 0.304552
v -2.122378 0.993626 0.305576
v -2.122378 0.993900 0.304552
v -2.122756 0.993626 0.303528
v -2.122378 0.993900 0.304552
v -2.122378 0.993626 0.303528
v -2.122756 0.992876 0.302779
v -2.122378 0.993626 0.303528
v -2.122378 0.992876 0.302779
v -2.122756 0.991853 0.302504
v -2.122756 0.992876 0.302779
v -2.122378 0.992876 0.302779
v -2.122378 0.991853 0.302504
v -2.122756 0.990829 0.302779
v -2.122756 0.991853 0.302504
v -2.122378 0.991853 0.302504
v -2.122378 0.990829 0.302779
v -2.122756 0.990079 0.303528
v -2.122756 0.990829 0.302779
v -2.122378 0.990829 0.302779
v -2.122378 0.990079 0.303528
v -2.122756 0.989805 0.304552
v -2.122378 0.990079 0.303528
v -2.122378 0.989805 0.304552
v -2.122756 0.990079 0.305576
v -2.122378 0.989805 0.304552
v -2.122378 0.990079 0.305576
v -2.122756 0.990829 0.306326
v -2.122378 0.990079 0.305576
v -2.122378 0.990829 0.306326
v -2.122756 0.991853 0.306600
v -2.122756 0.990829 0.306326
v -2.122378 0.990829 0.306326
v -2.122378 0.991853 0.306600
v -2.122775 0.985294 0.296604
v -2.122775 0.985294 0.312501
v -2.125897 0.985294 0.312501
v -2.125897 0.985294 0.296604
v -2.122775 0.998411 0.296604
v -2.122775 0.998411 0.312501
v -2.122775 0.985294 0.312501
v -2.122775 0.985294 0.296604
v -2.122775 0.998411 0.312501
v -2.125897 0.998411 0.312501
v -2.125897 0.985294 0.312501
v -2.122775 0.985294 0.312501
v -2.125897 0.998411 0.312501
v -2.125897 0.998411 0.296604
v -2.125897 0.985294 0.296604
v -2.125897 0.985294 0.312501
v -2.125897 0.998411 0.296604
v -2.122775 0.998411 0.296604
v -2.122775 0.985294 0.296604
v -2.125897 0.985294 0.296604
v -2.122775 1.005385 0.312501
v -2.122775 1.005385 0.296604
v -2.125897 1.005385 0.296604
v -2.125897 1.005385 0.312501
v -2.122775 1.003260 0.312501
v -2.122775 1.003260 0.296604
v -2.122775 1.005385 0.296604
v -2.122775 1.005385 0.312501
v -2.122775 1.003260 0.296604
v -2.125897 1.003260 0.296604
v -2.125897 1.005385 0.296604
v -2.122775 1.005385 0.296604
v -2.125897 1.003260 0.312501
v -2.122775 1.003260 0.312501
v -2.122775 1.005385 0.312501
v -2.125897 1.005385 0.312501
v -2.125897 1.003260 0.296604
v -2.125897 1.003260 0.312501
v -2.125897 1.005385 0.312501
v -2.125897 1.005385 0.296604
v -2.122775 0.998411 0.312501
v -2.122775 1.003260 0.312501
v -2.125897 1.003260 0.312501
v -2.125897 0.998411 0.312501
v -2.122775 1.003260 0.296604
v -2.122775 0.998411 0.296604
v -2.125897 0.998411 0.296604
v -2.125897 1.003260 0.296604
v -2.105982 0.998411 0.296604
v -2.105982 0.998411 0.312501
v -2.122775 0.998411 0.312501
v -2.122775 0.998411 0.296604
v -2.105982 1.003260 0.296604
v -2.105982 0.998411 0.296604
v -2.105982 0.998411 0.312501
v -2.105982 1.003260 0.312501
v -2.105982 1.003260 0.312501
v -2.105982 1.003260 0.296604
v -2.122775 1.003260 0.296604
v -2.122775 1.003260 0.312501
v -2.105982 1.010702 0.313816
v -2.105982 1.010702 0.295288
v -2.105982 1.003260 0.296604
v -2.105982 1.003260 0.312501
v -2.105982 0.990969 0.313816
v -2.105982 1.010702 0.313816
v -2.105982 1.003260 0.312501
v -2.105982 0.998411 0.312501
v -2.105982 1.010702 0.295288
v -2.105982 0.990969 0.295288
v -2.105982 0.998411 0.296604
v -2.105982 1.003260 0.296604
v -2.105982 0.990969 0.295288
v -2.105982 0.990969 0.313816
v -2.105982 0.998411 0.312501
v -2.105982 0.998411 0.296604
v -2.097291 0.990969 0.313816
v -2.097291 0.884764 0.313816
v -2.097291 0.884764 0.295288
v -2.097291 0.990969 0.295288
v -2.099288 0.884764 0.295288
v -2.099288 0.990969 0.295288
v -2.097291 0.990969 0.295288
v -2.097291 0.884764 0.295288
v -2.099288 0.990969 0.313816
v -2.099288 0.884764 0.313816
v -2.097291 0.884764 0.313816
v -2.097291 0.990969 0.313816
v -2.099288 0.990969 0.295288
v -2.099288 0.990969 0.313816
v -2.097291 0.990969 0.313816
v -2.097291 0.990969 0.295288
v -2.099288 0.884764 0.313816
v -2.099288 0.884764 0.295288
v -2.097291 0.884764 0.295288
v -2.097291 0.884764 0.313816
v -2.105982 0.884764 0.313816
v -2.105982 0.990969 0.313816
v -2.105982 0.990969 0.295288
v -2.105982 0.884764 0.295288
v -2.099288 0.884764 0.295288
v -2.099288 0.865031 0.295288
v -2.105982 0.865031 0.295288
v -2.105982 0.884764 0.295288
v -2.099288 0.990969 0.295288
v -2.105982 0.990969 0.295288
v -2.099288 1.010702 0.295288
v -2.105982 1.010702 0.295288
v -2.099288 0.990969 0.313816
v -2.099288 1.010702 0.313816
v -2.105982 1.010702 0.313816
v -2.105982 0.990969 0.313816
v -2.099288 0.884764 0.313816
v -2.105982 0.884764 0.313816
v -2.099288 0.865031 0.313816
v -2.105982 0.865031 0.313816
v -2.099288 0.884764 0.313816
v -2.099288 0.865031 0.313816
v -2.099288 0.865031 0.295288
v -2.099288 0.884764 0.295288
v -2.099288 1.010702 0.313816
v -2.099288 0.990969 0.313816
v -2.099288 0.990969 0.295288
v -2.099288 1.010702 0.295288
v -2.099288 1.010702 0.313816
v -2.099288 1.010702 0.295288
v -2.105982 1.010702 0.295288
v -2.105982 1.010702 0.313816
v -2.099288 0.865031 0.295288
v -2.099288 0.865031 0.313816
v -2.105982 0.865031 0.313816
v -2.105982 0.865031 0.295288
v -2.099288 0.865031 0.221912
v -2.099288 0.865031 0.240440
v -2.105982 0.865031 0.240440
v -2.105982 0.865031 0.221912
v -2.099288 1.010702 0.240440
v -2.099288 1.010702 0.221912
v -2.105982 1.010702 0.221912
v -2.105982 1.010702 0.240440
v -2.099288 1.010702 0.240440
v -2.099288 0.990969 0.240440
v -2.099288 0.990969 0.221912
v -2.099288 1.010702 0.221912
v -2.099288 0.884764 0.240440
v -2.099288 0.865031 0.240440
v -2.099288 0.865031 0.221912
v -2.099288 0.884764 0.221912
v -2.099288 0.865031 0.240440
v -2.099288 0.884764 0.240440
v -2.105982 0.884764 0.240440
v -2.105982 0.865031 0.240440
v -2.099288 0.990969 0.240440
v -2.105982 0.990969 0.240440
v -2.099288 1.010702 0.240440
v -2.105982 1.010702 0.240440
v -2.099288 1.010702 0.221912
v -2.099288 0.990969 0.221912
v -2.105982 0.990969 0.221912
v -2.105982 1.010702 0.221912
v -2.099288 0.884764 0.221912
v -2.105982 0.884764 0.221912
v -2.099288 0.865031 0.221912
v -2.105982 0.865031 0.221912
v -2.105982 0.884764 0.240440
v -2.105982 0.990969 0.240440
v -2.105982 0.990969 0.221912
v -2.105982 0.884764 0.221912
v -2.099288 0.884764 0.240440
v -2.099288 0.884764 0.221912
v -2.097291 0.884764 0.221912
v -2.097291 0.884764 0.240440
v -2.099288 0.990969 0.221912
v -2.099288 0.990969 0.240440
v -2.097291 0.990969 0.240440
v -2.097291 0.990969 0.221912
v -2.099288 0.990969 0.240440
v -2.099288 0.884764 0.240440
v -2.097291 0.884764 0.240440
v -2.097291 0.990969 0.240440
v -2.099288 0.884764 0.221912
v -2.099288 0.990969 0.221912
v -2.097291 0.990969 0.221912
v -2.097291 0.884764 0.221912
v -2.097291 0.990969 0.240440
v -2.097291 0.884764 0.240440
v -2.097291 0.884764 0.221912
v -2.097291 0.990969 0.221912
v -2.105982 0.990969 0.221912
v -2.105982 0.990969 0.240440
v -2.105982 0.998411 0.239124
v -2.105982 0.998411 0.223228
v -2.105982 1.010702 0.221912
v -2.105982 0.990969 0.221912
v -2.105982 0.998411 0.223228
v -2.105982 1.003260 0.223228
v -2.105982 0.990969 0.240440
v -2.105982 1.010702 0.240440
v -2.105982 1.003260 0.239124
v -2.105982 0.998411 0.239124
v -2.105982 1.010702 0.240440
v -2.105982 1.010702 0.221912
v -2.105982 1.003260 0.223228
v -2.105982 1.003260 0.239124
v -2.105982 1.003260 0.239124
v -2.105982 1.003260 0.223228
v -2.122775 1.003260 0.223228
v -2.122775 1.003260 0.239124
v -2.105982 0.998411 0.239124
v -2.105982 1.003260 0.239124
v -2.122775 1.003260 0.239124
v -2.122775 0.998411 0.239124
v -2.105982 1.003260 0.223228
v -2.105982 0.998411 0.223228
v -2.122775 0.998411 0.223228
v -2.122775 1.003260 0.223228
v -2.105982 0.998411 0.223228
v -2.105982 0.998411 0.239124
v -2.122775 0.998411 0.239124
v -2.122775 0.998411 0.223228
v -2.125897 0.998411 0.223228
v -2.125897 1.003260 0.223228
v -2.125897 1.003260 0.239124
v -2.125897 0.998411 0.239124
v -2.125897 0.998411 0.239124
v -2.125897 1.003260 0.239124
v -2.125897 1.003260 0.223228
v -2.125897 0.998411 0.223228
v -2.125897 1.005385 0.239124
v -2.125897 1.005385 0.223228
v -2.125897 1.003260 0.239124
v -2.122775 1.003260 0.239124
v -2.122775 1.005385 0.239124
v -2.125897 1.005385 0.239124
v -2.122775 1.003260 0.223228
v -2.125897 1.003260 0.223228
v -2.125897 1.005385 0.223228
v -2.122775 1.005385 0.223228
v -2.122775 1.003260 0.239124
v -2.122775 1.003260 0.223228
v -2.122775 1.005385 0.223228
v -2.122775 1.005385 0.239124
v -2.122775 1.005385 0.239124
v -2.122775 1.005385 0.223228
v -2.125897 1.005385 0.223228
v -2.125897 1.005385 0.239124
v -2.125897 0.998411 0.223228
v -2.122775 0.998411 0.223228
v -2.122775 0.985294 0.223228
v -2.125897 0.985294 0.223228
v -2.125897 0.985294 0.223228
v -2.125897 0.985294 0.239124
v -2.122775 0.998411 0.239124
v -2.125897 0.998411 0.239124
v -2.125897 0.985294 0.239124
v -2.122775 0.985294 0.239124
v -2.122775 0.998411 0.223228
v -2.122775 0.998411 0.239124
v -2.122775 0.985294 0.239124
v -2.122775 0.985294 0.223228
v -2.122775 0.985294 0.223228
v -2.122775 0.985294 0.239124
v -2.125897 0.985294 0.239124
v -2.125897 0.985294 0.223228
v -2.122756 0.991853 0.233224
v -2.122756 0.990829 0.232949
v -2.122378 0.990829 0.232949
v -2.122378 0.991853 0.233224
v -2.122756 0.990829 0.232949
v -2.122756 0.990079 0.232200
v -2.122378 0.990079 0.232200
v -2.122378 0.990829 0.232949
v -2.122756 0.989805 0.231176
v -2.122378 0.989805 0.231176
v -2.122378 0.990079 0.232200
v -2.122756 0.990079 0.230152
v -2.122378 0.990079 0.230152
v -2.122378 0.989805 0.231176
v -2.122756 0.990829 0.229402
v -2.122378 0.990829 0.229402
v -2.122378 0.990079 0.230152
v -2.122756 0.990829 0.229402
v -2.122756 0.991853 0.229128
v -2.122378 0.991853 0.229128
v -2.122378 0.990829 0.229402
v -2.122756 0.991853 0.229128
v -2.122756 0.992876 0.229402
v -2.122378 0.992876 0.229402
v -2.122378 0.991853 0.229128
v -2.122756 0.992876 0.229402
v -2.122756 0.993626 0.230152
v -2.122378 0.993626 0.230152
v -2.122378 0.992876 0.229402
v -2.122756 0.993900 0.231176
v -2.122378 0.993900 0.231176
v -2.122378 0.993626 0.230152
v -2.122756 0.993626 0.232200
v -2.122378 0.993626 0.232200
v -2.122378 0.993900 0.231176
v -2.122756 0.992876 0.232949
v -2.122378 0.992876 0.232949
v -2.122378 0.993626 0.232200
v -2.122756 0.992876 0.232949
v -2.122756 0.991853 0.233224
v -2.122378 0.991853 0.233224
v -2.122378 0.992876 0.232949
v -2.122378 0.992876 0.232949
v -2.122378 0.991853 0.233224
v -2.121806 0.991853 0.232270
v -2.121806 0.992400 0.232123
v -2.122378 0.993626 0.232200
v -2.121806 0.992800 0.231723
v -2.122378 0.993900 0.231176
v -2.121806 0.992947 0.231176
v -2.122378 0.993626 0.230152
v -2.121806 0.992800 0.230629
v -2.122378 0.992876 0.229402
v -2.121806 0.992400 0.230228
v -2.122378 0.990829 0.229402
v -2.122378 0.991853 0.229128
v -2.121806 0.991852 0.230082
v -2.121806 0.991305 0.230228
v -2.122378 0.990079 0.230152
v -2.121806 0.990905 0.230629
v -2.122378 0.989805 0.231176
v -2.121806 0.990758 0.231176
v -2.122378 0.990079 0.232200
v -2.121806 0.990905 0.231723
v -2.122378 0.990829 0.232949
v -2.121806 0.991305 0.232123
v -2.122756 0.990829 0.232949
v -2.122756 0.991853 0.233224
v -2.122756 0.991853 0.231934
v -2.122756 0.991474 0.231832
v -2.122756 0.990079 0.232200
v -2.122756 0.991196 0.231555
v -2.122756 0.989805 0.231176
v -2.122756 0.991095 0.231176
v -2.122756 0.990079 0.230152
v -2.122756 0.991196 0.230797
v -2.122756 0.990829 0.229402
v -2.122756 0.991474 0.230520
v -2.122756 0.991853 0.229128
v -2.122756 0.991853 0.230418
v -2.122756 0.992876 0.229402
v -2.122756 0.992231 0.230520
v -2.122756 0.993626 0.230152
v -2.122756 0.992509 0.230797
v -2.122756 0.993900 0.231176
v -2.122756 0.992610 0.231176
v -2.122756 0.993626 0.232200
v -2.122756 0.992509 0.231555
v -2.122756 0.992876 0.232949
v -2.122756 0.992231 0.231832
v -2.122756 0.991853 0.231934
v -2.122756 0.992231 0.231832
v -2.124757 0.992231 0.231832
v -2.124757 0.991853 0.231934
v -2.122756 0.992231 0.231832
v -2.122756 0.992509 0.231555
v -2.124757 0.992509 0.231555
v -2.124757 0.992231 0.231832
v -2.122756 0.992610 0.231176
v -2.124757 0.992610 0.231176
v -2.122756 0.992509 0.230797
v -2.124757 0.992509 0.230797
v -2.122756 0.992231 0.230520
v -2.124757 0.992231 0.230520
v -2.122756 0.992231 0.230520
v -2.122756 0.991853 0.230418
v -2.124757 0.991853 0.230418
v -2.124757 0.992231 0.230520
v -2.122756 0.991853 0.230418
v -2.122756 0.991474 0.230520
v -2.124757 0.991474 0.230520
v -2.124757 0.991853 0.230418
v -2.122756 0.991474 0.230520
v -2.122756 0.991196 0.230797
v -2.124757 0.991196 0.230797
v -2.124757 0.991474 0.230520
v -2.122756 0.991095 0.231176
v -2.124757 0.991095 0.231176
v -2.122756 0.991196 0.231555
v -2.124757 0.991196 0.231555
v -2.122756 0.991474 0.231832
v -2.124757 0.991474 0.231832
v -2.122756 0.991474 0.231832
v -2.122756 0.991853 0.231934
v -2.124757 0.991853 0.231934
v -2.124757 0.991474 0.231832
v -2.121806 0.991853 0.232270
v -2.121806 0.992400 0.230228
v -2.121678 0.992286 0.230651
v -2.121678 0.991966 0.231847
v -2.121678 0.992521 0.230886
v -2.121678 0.992286 0.230651
v -2.121678 0.992607 0.231206
v -2.121678 0.992521 0.231527
v -2.121678 0.992286 0.231761
v -2.121678 0.991966 0.231847
v -2.121806 0.991305 0.232123
v -2.121806 0.991852 0.230082
v -2.122249 0.991853 0.230082
v -2.122249 0.991306 0.232123
v -2.122249 0.991853 0.232270
v -2.122249 0.992400 0.230228
v -2.122378 0.990829 0.232949
v -2.122249 0.991081 0.232723
v -2.122378 0.991853 0.229128
v -2.122249 0.991968 0.229453
v -2.122378 0.992876 0.229402
v -2.122249 0.992614 0.229626
v -2.122378 0.991853 0.233224
v -2.122249 0.991747 0.232902
v -2.122378 0.991853 0.229128
v -2.122378 0.992876 0.229402
v -2.122249 0.992614 0.229626
v -2.122249 0.991968 0.229453
v -2.122378 0.991853 0.233224
v -2.122378 0.990829 0.232949
v -2.122249 0.991081 0.232723
v -2.122249 0.991747 0.232902
v -2.122249 0.992400 0.230228
v -2.122249 0.991853 0.230082
v -2.122249 0.991306 0.232123
v -2.122249 0.991853 0.232270
v -2.121678 0.991419 0.230590
v -2.121678 0.991184 0.231466
v -2.121678 0.991098 0.231146
v -2.121678 0.991184 0.230825
v -2.121678 0.991739 0.230504
v -2.121678 0.991419 0.231701
v -2.121678 0.991419 0.231701
v -2.121678 0.991739 0.230504
v -2.122775 0.890440 0.223228
v -2.125897 0.890440 0.223228
v -2.125897 0.890440 0.239124
v -2.122775 0.890440 0.239124
v -2.122775 0.877322 0.223228
v -2.122775 0.890440 0.223228
v -2.122775 0.890440 0.239124
v -2.122775 0.877322 0.239124
v -2.122775 0.877322 0.239124
v -2.122775 0.890440 0.239124
v -2.125897 0.890440 0.239124
v -2.125897 0.877322 0.239124
v -2.125897 0.877322 0.239124
v -2.125897 0.890440 0.239124
v -2.125897 0.890440 0.223228
v -2.125897 0.877322 0.223228
v -2.125897 0.877322 0.223228
v -2.125897 0.890440 0.223228
v -2.122775 0.890440 0.223228
v -2.122775 0.877322 0.223228
v -2.122775 0.870349 0.239124
v -2.125897 0.870349 0.239124
v -2.125897 0.870349 0.223228
v -2.122775 0.870349 0.223228
v -2.122775 0.872474 0.239124
v -2.122775 0.870349 0.239124
v -2.122775 0.870349 0.223228
v -2.122775 0.872474 0.223228
v -2.122775 0.872474 0.223228
v -2.122775 0.870349 0.223228
v -2.125897 0.870349 0.223228
v -2.125897 0.872474 0.223228
v -2.125897 0.872474 0.239124
v -2.125897 0.870349 0.239124
v -2.122775 0.870349 0.239124
v -2.122775 0.872474 0.239124
v -2.125897 0.872474 0.223228
v -2.125897 0.870349 0.223228
v -2.125897 0.870349 0.239124
v -2.125897 0.872474 0.239124
v -2.122775 0.877322 0.239124
v -2.125897 0.877322 0.239124
v -2.125897 0.872474 0.239124
v -2.122775 0.872474 0.239124
v -2.122775 0.872474 0.223228
v -2.125897 0.872474 0.223228
v -2.125897 0.877322 0.223228
v -2.122775 0.877322 0.223228
v -2.105982 0.877322 0.223228
v -2.122775 0.877322 0.223228
v -2.122775 0.877322 0.239124
v -2.105982 0.877322 0.239124
v -2.105982 0.872474 0.223228
v -2.105982 0.877322 0.223228
v -2.105982 0.877322 0.239124
v -2.105982 0.872474 0.239124
v -2.105982 0.872474 0.239124
v -2.122775 0.872474 0.239124
v -2.122775 0.872474 0.223228
v -2.105982 0.872474 0.223228
v -2.105982 0.865031 0.240440
v -2.105982 0.872474 0.239124
v -2.105982 0.872474 0.223228
v -2.105982 0.865031 0.221912
v -2.105982 0.884764 0.240440
v -2.105982 0.877322 0.239124
v -2.105982 0.872474 0.239124
v -2.105982 0.865031 0.240440
v -2.105982 0.865031 0.221912
v -2.105982 0.872474 0.223228
v -2.105982 0.877322 0.223228
v -2.105982 0.884764 0.221912
v -2.105982 0.884764 0.221912
v -2.105982 0.877322 0.223228
v -2.105982 0.877322 0.239124
v -2.105982 0.884764 0.240440
v -2.121806 0.884937 0.230883
v -2.121806 0.882823 0.230902
v -2.121678 0.883261 0.230898
v -2.121678 0.884499 0.230887
v -2.121806 0.882823 0.230902
v -2.121806 0.883102 0.230409
v -2.121678 0.883424 0.230609
v -2.121678 0.883261 0.230898
v -2.121806 0.883590 0.230122
v -2.121678 0.883710 0.230441
v -2.121806 0.884156 0.230117
v -2.121678 0.884042 0.230438
v -2.121806 0.884649 0.230396
v -2.121678 0.884331 0.230601
v -2.121806 0.884937 0.230883
v -2.121678 0.884499 0.230887
v -2.122249 0.882828 0.231468
v -2.122249 0.882823 0.230902
v -2.122249 0.884937 0.230884
v -2.122249 0.884942 0.231450
v -2.122249 0.882191 0.231535
v -2.122249 0.882185 0.230846
v -2.122249 0.885574 0.230826
v -2.122249 0.885580 0.231496
v -2.122378 0.881909 0.231723
v -2.122378 0.881900 0.230663
v -2.122378 0.885856 0.230629
v -2.122378 0.885865 0.231689
v -2.121806 0.882828 0.231468
v -2.122378 0.881909 0.231723
v -2.122249 0.882191 0.231535
v -2.122249 0.882828 0.231468
v -2.122378 0.885865 0.231689
v -2.121806 0.884942 0.231450
v -2.122249 0.884942 0.231450
v -2.122249 0.885580 0.231496
v -2.122378 0.885856 0.230629
v -2.122249 0.885574 0.230826
v -2.122249 0.884937 0.230884
v -2.122378 0.881900 0.230663
v -2.122249 0.882823 0.230902
v -2.122249 0.882185 0.230846
v -2.121678 0.883434 0.231750
v -2.121678 0.884341 0.231742
v -2.121678 0.884055 0.231911
v -2.121678 0.883723 0.231914
v -2.121678 0.883266 0.231464
v -2.121678 0.884504 0.231454
v -2.121806 0.883116 0.231956
v -2.121806 0.882828 0.231468
v -2.121806 0.883609 0.232235
v -2.121806 0.884175 0.232230
v -2.121806 0.884663 0.231943
v -2.121806 0.884942 0.231450
v -2.121678 0.884504 0.231454
v -2.121678 0.883266 0.231464
v -2.122756 0.883149 0.230986
v -2.122756 0.883152 0.231378
v -2.124757 0.883152 0.231378
v -2.124757 0.883149 0.230986
v -2.122756 0.883342 0.230645
v -2.124757 0.883342 0.230645
v -2.122756 0.883680 0.230446
v -2.124757 0.883680 0.230446
v -2.122756 0.884072 0.230442
v -2.122756 0.883680 0.230446
v -2.124757 0.883680 0.230446
v -2.124757 0.884072 0.230442
v -2.122756 0.884414 0.230635
v -2.122756 0.884072 0.230442
v -2.124757 0.884072 0.230442
v -2.124757 0.884414 0.230635
v -2.122756 0.884613 0.230973
v -2.124757 0.884613 0.230973
v -2.122756 0.884616 0.231366
v -2.124757 0.884616 0.231366
v -2.122756 0.884423 0.231707
v -2.124757 0.884423 0.231707
v -2.122756 0.884085 0.231906
v -2.124757 0.884085 0.231906
v -2.122756 0.883693 0.231910
v -2.122756 0.884085 0.231906
v -2.124757 0.884085 0.231906
v -2.124757 0.883693 0.231910
v -2.122756 0.883351 0.231716
v -2.122756 0.883693 0.231910
v -2.124757 0.883693 0.231910
v -2.124757 0.883351 0.231716
v -2.122756 0.883152 0.231378
v -2.124757 0.883152 0.231378
v -2.122756 0.881909 0.231723
v -2.122756 0.882447 0.232637
v -2.122756 0.883351 0.231716
v -2.122756 0.883152 0.231378
v -2.122756 0.883370 0.233159
v -2.122756 0.883693 0.231910
v -2.122756 0.884430 0.233149
v -2.122756 0.884085 0.231906
v -2.122756 0.885343 0.232611
v -2.122756 0.884423 0.231707
v -2.122756 0.885865 0.231689
v -2.122756 0.884616 0.231366
v -2.122756 0.885856 0.230629
v -2.122756 0.884613 0.230973
v -2.122756 0.885318 0.229715
v -2.122756 0.884414 0.230635
v -2.122756 0.884395 0.229193
v -2.122756 0.884072 0.230442
v -2.122756 0.883335 0.229203
v -2.122756 0.883680 0.230446
v -2.122756 0.882422 0.229741
v -2.122756 0.883342 0.230645
v -2.122756 0.881900 0.230663
v -2.122756 0.883149 0.230986
v -2.122378 0.881900 0.230663
v -2.122378 0.882422 0.229741
v -2.122378 0.883335 0.229203
v -2.122378 0.884395 0.229193
v -2.122378 0.885318 0.229715
v -2.122378 0.885856 0.230629
v -2.122378 0.885865 0.231689
v -2.122378 0.885343 0.232611
v -2.122378 0.884430 0.233149
v -2.122378 0.883370 0.233159
v -2.122378 0.882447 0.232637
v -2.122378 0.881909 0.231723
v -2.122756 0.882447 0.232637
v -2.122756 0.881909 0.231723
v -2.122378 0.881909 0.231723
v -2.122378 0.882447 0.232637
v -2.122756 0.883370 0.233159
v -2.122378 0.882447 0.232637
v -2.122378 0.883370 0.233159
v -2.122756 0.884430 0.233149
v -2.122756 0.883370 0.233159
v -2.122378 0.883370 0.233159
v -2.122378 0.884430 0.233149
v -2.122756 0.885343 0.232611
v -2.122756 0.884430 0.233149
v -2.122378 0.884430 0.233149
v -2.122378 0.885343 0.232611
v -2.122756 0.885865 0.231689
v -2.122378 0.885343 0.232611
v -2.122378 0.885865 0.231689
v -2.122756 0.885856 0.230629
v -2.122378 0.885865 0.231689
v -2.122378 0.885856 0.230629
v -2.122756 0.885318 0.229715
v -2.122378 0.885856 0.230629
v -2.122378 0.885318 0.229715
v -2.122756 0.884395 0.229193
v -2.122378 0.885318 0.229715
v -2.122378 0.884395 0.229193
v -2.122756 0.883335 0.229203
v -2.122756 0.884395 0.229193
v -2.122378 0.884395 0.229193
v -2.122378 0.883335 0.229203
v -2.122756 0.882422 0.229741
v -2.122756 0.883335 0.229203
v -2.122378 0.883335 0.229203
v -2.122378 0.882422 0.229741
v -2.122756 0.881900 0.230663
v -2.122378 0.882422 0.229741
v -2.122378 0.881900 0.230663
v -2.122378 0.881900 0.230663
v -2.122378 0.881909 0.231723
v -2.122756 0.881909 -0.325422
v -2.122756 0.881900 -0.326482
v -2.122378 0.881900 -0.326482
v -2.122378 0.881909 -0.325422
v -2.122756 0.882422 -0.327404
v -2.122378 0.882422 -0.327404
v -2.122378 0.881900 -0.326482
v -2.122756 0.883335 -0.327942
v -2.122378 0.883335 -0.327942
v -2.122378 0.882422 -0.327404
v -2.122756 0.883335 -0.327942
v -2.122756 0.884395 -0.327952
v -2.122378 0.884395 -0.327952
v -2.122378 0.883335 -0.327942
v -2.122756 0.884395 -0.327952
v -2.122756 0.885318 -0.327430
v -2.122378 0.885318 -0.327430
v -2.122378 0.884395 -0.327952
v -2.122756 0.885856 -0.326516
v -2.122378 0.885856 -0.326516
v -2.122378 0.885318 -0.327430
v -2.122756 0.885865 -0.325456
v -2.122378 0.885865 -0.325456
v -2.122378 0.885856 -0.326516
v -2.122756 0.885343 -0.324534
v -2.122378 0.885343 -0.324534
v -2.122378 0.885865 -0.325456
v -2.122756 0.884430 -0.323996
v -2.122378 0.884430 -0.323996
v -2.122378 0.885343 -0.324534
v -2.122756 0.884430 -0.323996
v -2.122756 0.883370 -0.323986
v -2.122378 0.883370 -0.323986
v -2.122378 0.884430 -0.323996
v -2.122756 0.883370 -0.323986
v -2.122756 0.882447 -0.324508
v -2.122378 0.882447 -0.324508
v -2.122378 0.883370 -0.323986
v -2.122378 0.881909 -0.325422
v -2.122378 0.882447 -0.324508
v -2.122378 0.882447 -0.324508
v -2.122378 0.881909 -0.325422
v -2.121806 0.882828 -0.325677
v -2.121806 0.883116 -0.325189
v -2.122378 0.883370 -0.323986
v -2.121806 0.883609 -0.324910
v -2.122378 0.884430 -0.323996
v -2.121806 0.884175 -0.324915
v -2.122378 0.885343 -0.324534
v -2.121806 0.884663 -0.325202
v -2.122378 0.885865 -0.325456
v -2.121806 0.884942 -0.325695
v -2.122378 0.885318 -0.327430
v -2.122378 0.885856 -0.326516
v -2.121806 0.884937 -0.326262
v -2.121806 0.884649 -0.326749
v -2.122378 0.884395 -0.327952
v -2.121806 0.884156 -0.327028
v -2.122378 0.883335 -0.327942
v -2.121806 0.883590 -0.327023
v -2.122378 0.882422 -0.327404
v -2.121806 0.883102 -0.326736
v -2.122378 0.881900 -0.326482
v -2.121806 0.882823 -0.326243
v -2.122756 0.881900 -0.326482
v -2.122756 0.881909 -0.325422
v -2.122756 0.883152 -0.325767
v -2.122756 0.883149 -0.326159
v -2.122756 0.882422 -0.327404
v -2.122756 0.883342 -0.326500
v -2.122756 0.883335 -0.327942
v -2.122756 0.883680 -0.326699
v -2.122756 0.884395 -0.327952
v -2.122756 0.884072 -0.326703
v -2.122756 0.885318 -0.327430
v -2.122756 0.884414 -0.326510
v -2.122756 0.885856 -0.326516
v -2.122756 0.884613 -0.326172
v -2.122756 0.885865 -0.325456
v -2.122756 0.884616 -0.325779
v -2.122756 0.885343 -0.324534
v -2.122756 0.884423 -0.325438
v -2.122756 0.884430 -0.323996
v -2.122756 0.884085 -0.325239
v -2.122756 0.883370 -0.323986
v -2.122756 0.883693 -0.325235
v -2.122756 0.882447 -0.324508
v -2.122756 0.883351 -0.325429
v -2.122756 0.883152 -0.325767
v -2.122756 0.883351 -0.325429
v -2.124757 0.883351 -0.325429
v -2.124757 0.883152 -0.325767
v -2.122756 0.883693 -0.325235
v -2.124757 0.883693 -0.325235
v -2.122756 0.883693 -0.325235
v -2.122756 0.884085 -0.325239
v -2.124757 0.884085 -0.325239
v -2.124757 0.883693 -0.325235
v -2.122756 0.884085 -0.325239
v -2.122756 0.884423 -0.325438
v -2.124757 0.884423 -0.325438
v -2.124757 0.884085 -0.325239
v -2.122756 0.884616 -0.325779
v -2.124757 0.884616 -0.325779
v -2.122756 0.884613 -0.326172
v -2.124757 0.884613 -0.326172
v -2.122756 0.884414 -0.326510
v -2.124757 0.884414 -0.326510
v -2.122756 0.884072 -0.326703
v -2.124757 0.884072 -0.326703
v -2.122756 0.884072 -0.326703
v -2.122756 0.883680 -0.326699
v -2.124757 0.883680 -0.326699
v -2.124757 0.884072 -0.326703
v -2.122756 0.883680 -0.326699
v -2.122756 0.883342 -0.326500
v -2.124757 0.883342 -0.326500
v -2.124757 0.883680 -0.326699
v -2.122756 0.883149 -0.326159
v -2.124757 0.883149 -0.326159
v -2.122756 0.883152 -0.325767
v -2.124757 0.883152 -0.325767
v -2.121806 0.882828 -0.325677
v -2.121806 0.884942 -0.325695
v -2.121678 0.884504 -0.325691
v -2.121678 0.883266 -0.325681
v -2.121678 0.884341 -0.325402
v -2.121678 0.884504 -0.325691
v -2.121678 0.884055 -0.325234
v -2.121678 0.883723 -0.325231
v -2.121678 0.883434 -0.325395
v -2.121678 0.883266 -0.325681
v -2.121806 0.882823 -0.326243
v -2.121806 0.884937 -0.326262
v -2.122249 0.884937 -0.326261
v -2.122249 0.882823 -0.326243
v -2.122249 0.882828 -0.325677
v -2.122249 0.884942 -0.325695
v -2.122378 0.881900 -0.326482
v -2.122249 0.882185 -0.326299
v -2.122378 0.885856 -0.326516
v -2.122249 0.885574 -0.326318
v -2.122378 0.885865 -0.325456
v -2.122249 0.885580 -0.325649
v -2.122378 0.881909 -0.325422
v -2.122249 0.882191 -0.325610
v -2.122378 0.885856 -0.326516
v -2.122378 0.885865 -0.325456
v -2.122249 0.885580 -0.325649
v -2.122249 0.885574 -0.326318
v -2.122378 0.881909 -0.325422
v -2.122378 0.881900 -0.326482
v -2.122249 0.882185 -0.326299
v -2.122249 0.882191 -0.325610
v -2.122249 0.884942 -0.325695
v -2.122249 0.884937 -0.326261
v -2.122249 0.882823 -0.326243
v -2.122249 0.882828 -0.325677
v -2.121678 0.884331 -0.326544
v -2.121678 0.883424 -0.326536
v -2.121678 0.883710 -0.326704
v -2.121678 0.884042 -0.326707
v -2.121678 0.884499 -0.326258
v -2.121678 0.883261 -0.326247
v -2.121678 0.883261 -0.326247
v -2.121678 0.884499 -0.326258
v -2.105982 0.884764 -0.335233
v -2.105982 0.877322 -0.333917
v -2.105982 0.877322 -0.318021
v -2.105982 0.884764 -0.316705
v -2.105982 0.865031 -0.335233
v -2.105982 0.872474 -0.333917
v -2.105982 0.877322 -0.333917
v -2.105982 0.884764 -0.335233
v -2.105982 0.884764 -0.316705
v -2.105982 0.877322 -0.318021
v -2.105982 0.872474 -0.318021
v -2.105982 0.865031 -0.316705
v -2.105982 0.865031 -0.316705
v -2.105982 0.872474 -0.318021
v -2.105982 0.872474 -0.333917
v -2.105982 0.865031 -0.335233
v -2.105982 0.872474 -0.318021
v -2.122775 0.872474 -0.318021
v -2.122775 0.872474 -0.333917
v -2.105982 0.872474 -0.333917
v -2.105982 0.877322 -0.318021
v -2.122775 0.877322 -0.318021
v -2.122775 0.872474 -0.318021
v -2.105982 0.872474 -0.318021
v -2.105982 0.872474 -0.333917
v -2.122775 0.872474 -0.333917
v -2.122775 0.877322 -0.333917
v -2.105982 0.877322 -0.333917
v -2.105982 0.877322 -0.333917
v -2.122775 0.877322 -0.333917
v -2.122775 0.877322 -0.318021
v -2.105982 0.877322 -0.318021
v -2.125897 0.872474 -0.333917
v -2.125897 0.877322 -0.333917
v -2.125897 0.877322 -0.318021
v -2.125897 0.872474 -0.318021
v -2.125897 0.877322 -0.318021
v -2.125897 0.877322 -0.333917
v -2.125897 0.872474 -0.333917
v -2.125897 0.872474 -0.318021
v -2.125897 0.870349 -0.333917
v -2.125897 0.870349 -0.318021
v -2.125897 0.872474 -0.318021
v -2.125897 0.870349 -0.318021
v -2.122775 0.870349 -0.318021
v -2.122775 0.872474 -0.318021
v -2.122775 0.872474 -0.333917
v -2.122775 0.870349 -0.333917
v -2.125897 0.870349 -0.333917
v -2.125897 0.872474 -0.333917
v -2.122775 0.872474 -0.318021
v -2.122775 0.870349 -0.318021
v -2.122775 0.870349 -0.333917
v -2.122775 0.872474 -0.333917
v -2.122775 0.870349 -0.318021
v -2.125897 0.870349 -0.318021
v -2.125897 0.870349 -0.333917
v -2.122775 0.870349 -0.333917
v -2.125897 0.877322 -0.333917
v -2.125897 0.890440 -0.333917
v -2.122775 0.890440 -0.333917
v -2.122775 0.877322 -0.333917
v -2.125897 0.890440 -0.318021
v -2.125897 0.890440 -0.333917
v -2.122775 0.877322 -0.318021
v -2.122775 0.890440 -0.318021
v -2.125897 0.890440 -0.318021
v -2.125897 0.877322 -0.318021
v -2.122775 0.877322 -0.333917
v -2.122775 0.890440 -0.333917
v -2.122775 0.890440 -0.318021
v -2.122775 0.877322 -0.318021
v -2.122775 0.890440 -0.333917
v -2.125897 0.890440 -0.333917
v -2.125897 0.890440 -0.318021
v -2.122775 0.890440 -0.318021
v -2.121806 0.991852 -0.327063
v -2.121806 0.991305 -0.325022
v -2.121678 0.991419 -0.325444
v -2.121678 0.991739 -0.326641
v -2.121806 0.991305 -0.325022
v -2.121806 0.990905 -0.325422
v -2.121678 0.991184 -0.325679
v -2.121678 0.991419 -0.325444
v -2.121806 0.990758 -0.325969
v -2.121678 0.991098 -0.325999
v -2.121806 0.990905 -0.326516
v -2.121678 0.991184 -0.326320
v -2.121806 0.991305 -0.326917
v -2.121678 0.991419 -0.326555
v -2.121806 0.991852 -0.327063
v -2.121678 0.991739 -0.326641
v -2.122249 0.991853 -0.324875
v -2.122249 0.991306 -0.325022
v -2.122249 0.991853 -0.327063
v -2.122249 0.992400 -0.326917
v -2.122249 0.991747 -0.324243
v -2.122249 0.991081 -0.324422
v -2.122249 0.991968 -0.327692
v -2.122249 0.992614 -0.327519
v -2.122378 0.991853 -0.323921
v -2.122378 0.990829 -0.324196
v -2.122378 0.991853 -0.328017
v -2.122378 0.992876 -0.327743
v -2.121806 0.991853 -0.324875
v -2.122378 0.991853 -0.323921
v -2.122249 0.991747 -0.324243
v -2.122249 0.991853 -0.324875
v -2.122378 0.992876 -0.327743
v -2.121806 0.992400 -0.326917
v -2.122249 0.992400 -0.326917
v -2.122249 0.992614 -0.327519
v -2.122378 0.991853 -0.328017
v -2.122249 0.991968 -0.327692
v -2.122249 0.991853 -0.327063
v -2.122378 0.990829 -0.324196
v -2.122249 0.991306 -0.325022
v -2.122249 0.991081 -0.324422
v -2.121678 0.992286 -0.325383
v -2.121678 0.992521 -0.326259
v -2.121678 0.992607 -0.325939
v -2.121678 0.992521 -0.325618
v -2.121678 0.991966 -0.325298
v -2.121678 0.992286 -0.326494
v -2.121806 0.992400 -0.325022
v -2.121806 0.991853 -0.324875
v -2.121806 0.992800 -0.325422
v -2.121806 0.992947 -0.325969
v -2.121806 0.992800 -0.326516
v -2.121806 0.992400 -0.326917
v -2.121678 0.992286 -0.326494
v -2.121678 0.991966 -0.325298
v -2.122756 0.991474 -0.325313
v -2.122756 0.991853 -0.325211
v -2.124757 0.991853 -0.325211
v -2.124757 0.991474 -0.325313
v -2.122756 0.991196 -0.325590
v -2.122756 0.991474 -0.325313
v -2.124757 0.991474 -0.325313
v -2.124757 0.991196 -0.325590
v -2.122756 0.991095 -0.325969
v -2.124757 0.991095 -0.325969
v -2.122756 0.991196 -0.326348
v -2.124757 0.991196 -0.326348
v -2.122756 0.991474 -0.326625
v -2.124757 0.991474 -0.326625
v -2.122756 0.991853 -0.326727
v -2.122756 0.991474 -0.326625
v -2.124757 0.991474 -0.326625
v -2.124757 0.991853 -0.326727
v -2.122756 0.992231 -0.326625
v -2.122756 0.991853 -0.326727
v -2.124757 0.991853 -0.326727
v -2.124757 0.992231 -0.326625
v -2.122756 0.992509 -0.326348
v -2.122756 0.992231 -0.326625
v -2.124757 0.992231 -0.326625
v -2.124757 0.992509 -0.326348
v -2.122756 0.992610 -0.325969
v -2.124757 0.992610 -0.325969
v -2.122756 0.992509 -0.325590
v -2.124757 0.992509 -0.325590
v -2.122756 0.992231 -0.325313
v -2.124757 0.992231 -0.325313
v -2.122756 0.991853 -0.325211
v -2.122756 0.992231 -0.325313
v -2.124757 0.992231 -0.325313
v -2.124757 0.991853 -0.325211
v -2.122756 0.991853 -0.323921
v -2.122756 0.992876 -0.324196
v -2.122756 0.992231 -0.325313
v -2.122756 0.991853 -0.325211
v -2.122756 0.993626 -0.324945
v -2.122756 0.992509 -0.325590
v -2.122756 0.993900 -0.325969
v -2.122756 0.992610 -0.325969
v -2.122756 0.993626 -0.326993
v -2.122756 0.992509 -0.326348
v -2.122756 0.992876 -0.327743
v -2.122756 0.992231 -0.326625
v -2.122756 0.991853 -0.328017
v -2.122756 0.991853 -0.326727
v -2.122756 0.990829 -0.327743
v -2.122756 0.991474 -0.326625
v -2.122756 0.990079 -0.326993
v -2.122756 0.991196 -0.326348
v -2.122756 0.989805 -0.325969
v -2.122756 0.991095 -0.325969
v -2.122756 0.990079 -0.324945
v -2.122756 0.991196 -0.325590
v -2.122756 0.990829 -0.324196
v -2.122756 0.991474 -0.325313
v -2.122378 0.990829 -0.324196
v -2.122378 0.990079 -0.324945
v -2.122378 0.989805 -0.325969
v -2.122378 0.990079 -0.326993
v -2.122378 0.990829 -0.327743
v -2.122378 0.991853 -0.328017
v -2.122378 0.992876 -0.327743
v -2.122378 0.993626 -0.326993
v -2.122378 0.993900 -0.325969
v -2.122378 0.993626 -0.324945
v -2.122378 0.992876 -0.324196
v -2.122378 0.991853 -0.323921
v -2.122756 0.992876 -0.324196
v -2.122756 0.991853 -0.323921
v -2.122378 0.991853 -0.323921
v -2.122378 0.992876 -0.324196
v -2.122756 0.993626 -0.324945
v -2.122756 0.992876 -0.324196
v -2.122378 0.992876 -0.324196
v -2.122378 0.993626 -0.324945
v -2.122756 0.993900 -0.325969
v -2.122378 0.993626 -0.324945
v -2.122378 0.993900 -0.325969
v -2.122756 0.993626 -0.326993
v -2.122378 0.993900 -0.325969
v -2.122378 0.993626 -0.326993
v -2.122756 0.992876 -0.327743
v -2.122378 0.993626 -0.326993
v -2.122378 0.992876 -0.327743
v -2.122756 0.991853 -0.328017
v -2.122756 0.992876 -0.327743
v -2.122378 0.992876 -0.327743
v -2.122378 0.991853 -0.328017
v -2.122756 0.990829 -0.327743
v -2.122756 0.991853 -0.328017
v -2.122378 0.991853 -0.328017
v -2.122378 0.990829 -0.327743
v -2.122756 0.990079 -0.326993
v -2.122756 0.990829 -0.327743
v -2.122378 0.990829 -0.327743
v -2.122378 0.990079 -0.326993
v -2.122756 0.989805 -0.325969
v -2.122378 0.990079 -0.326993
v -2.122378 0.989805 -0.325969
v -2.122756 0.990079 -0.324945
v -2.122378 0.989805 -0.325969
v -2.122378 0.990079 -0.324945
v -2.122756 0.990829 -0.324196
v -2.122378 0.990079 -0.324945
v -2.122378 0.990829 -0.324196
v -2.122756 0.991853 -0.323921
v -2.122756 0.990829 -0.324196
v -2.122378 0.990829 -0.324196
v -2.122378 0.991853 -0.323921
v -2.122775 0.985294 -0.333917
v -2.122775 0.985294 -0.318021
v -2.125897 0.985294 -0.318021
v -2.125897 0.985294 -0.333917
v -2.122775 0.998411 -0.333917
v -2.122775 0.998411 -0.318021
v -2.122775 0.985294 -0.318021
v -2.122775 0.985294 -0.333917
v -2.122775 0.998411 -0.318021
v -2.125897 0.998411 -0.318021
v -2.125897 0.985294 -0.318021
v -2.122775 0.985294 -0.318021
v -2.125897 0.998411 -0.318021
v -2.125897 0.998411 -0.333917
v -2.125897 0.985294 -0.333917
v -2.125897 0.985294 -0.318021
v -2.125897 0.998411 -0.333917
v -2.122775 0.998411 -0.333917
v -2.122775 0.985294 -0.333917
v -2.125897 0.985294 -0.333917
v -2.122775 1.005385 -0.318021
v -2.122775 1.005385 -0.333917
v -2.125897 1.005385 -0.333917
v -2.125897 1.005385 -0.318021
v -2.122775 1.003260 -0.318021
v -2.122775 1.003260 -0.333917
v -2.122775 1.005385 -0.333917
v -2.122775 1.005385 -0.318021
v -2.122775 1.003260 -0.333917
v -2.125897 1.003260 -0.333917
v -2.125897 1.005385 -0.333917
v -2.122775 1.005385 -0.333917
v -2.125897 1.003260 -0.318021
v -2.122775 1.003260 -0.318021
v -2.122775 1.005385 -0.318021
v -2.125897 1.005385 -0.318021
v -2.125897 1.003260 -0.333917
v -2.125897 1.003260 -0.318021
v -2.125897 1.005385 -0.318021
v -2.125897 1.005385 -0.333917
v -2.122775 0.998411 -0.318021
v -2.122775 1.003260 -0.318021
v -2.125897 1.003260 -0.318021
v -2.125897 0.998411 -0.318021
v -2.122775 1.003260 -0.333917
v -2.122775 0.998411 -0.333917
v -2.125897 0.998411 -0.333917
v -2.125897 1.003260 -0.333917
v -2.105982 0.998411 -0.333917
v -2.105982 0.998411 -0.318021
v -2.122775 0.998411 -0.318021
v -2.122775 0.998411 -0.333917
v -2.105982 1.003260 -0.333917
v -2.105982 0.998411 -0.333917
v -2.105982 0.998411 -0.318021
v -2.105982 1.003260 -0.318021
v -2.105982 1.003260 -0.318021
v -2.105982 1.003260 -0.333917
v -2.122775 1.003260 -0.333917
v -2.122775 1.003260 -0.318021
v -2.105982 1.010702 -0.316705
v -2.105982 1.010702 -0.335233
v -2.105982 1.003260 -0.333917
v -2.105982 1.003260 -0.318021
v -2.105982 0.990969 -0.316705
v -2.105982 1.010702 -0.316705
v -2.105982 1.003260 -0.318021
v -2.105982 0.998411 -0.318021
v -2.105982 1.010702 -0.335233
v -2.105982 0.990969 -0.335233
v -2.105982 0.998411 -0.333917
v -2.105982 1.003260 -0.333917
v -2.105982 0.990969 -0.335233
v -2.105982 0.990969 -0.316705
v -2.105982 0.998411 -0.318021
v -2.105982 0.998411 -0.333917
v -2.097291 0.990969 -0.316705
v -2.097291 0.884764 -0.316705
v -2.097291 0.884764 -0.335233
v -2.097291 0.990969 -0.335233
v -2.099288 0.884764 -0.335233
v -2.099288 0.990969 -0.335233
v -2.097291 0.990969 -0.335233
v -2.097291 0.884764 -0.335233
v -2.099288 0.990969 -0.316705
v -2.099288 0.884764 -0.316705
v -2.097291 0.884764 -0.316705
v -2.097291 0.990969 -0.316705
v -2.099288 0.990969 -0.335233
v -2.099288 0.990969 -0.316705
v -2.097291 0.990969 -0.316705
v -2.097291 0.990969 -0.335233
v -2.099288 0.884764 -0.316705
v -2.099288 0.884764 -0.335233
v -2.097291 0.884764 -0.335233
v -2.097291 0.884764 -0.316705
v -2.105982 0.884764 -0.316705
v -2.105982 0.990969 -0.316705
v -2.105982 0.990969 -0.335233
v -2.105982 0.884764 -0.335233
v -2.099288 0.884764 -0.335233
v -2.099288 0.865031 -0.335233
v -2.105982 0.865031 -0.335233
v -2.105982 0.884764 -0.335233
v -2.099288 0.990969 -0.335233
v -2.105982 0.990969 -0.335233
v -2.099288 1.010702 -0.335233
v -2.105982 1.010702 -0.335233
v -2.099288 0.990969 -0.316705
v -2.099288 1.010702 -0.316705
v -2.105982 1.010702 -0.316705
v -2.105982 0.990969 -0.316705
v -2.099288 0.884764 -0.316705
v -2.105982 0.884764 -0.316705
v -2.099288 0.865031 -0.316705
v -2.105982 0.865031 -0.316705
v -2.099288 0.884764 -0.316705
v -2.099288 0.865031 -0.316705
v -2.099288 0.865031 -0.335233
v -2.099288 0.884764 -0.335233
v -2.099288 1.010702 -0.316705
v -2.099288 0.990969 -0.316705
v -2.099288 0.990969 -0.335233
v -2.099288 1.010702 -0.335233
v -2.099288 1.010702 -0.316705
v -2.099288 1.010702 -0.335233
v -2.105982 1.010702 -0.335233
v -2.105982 1.010702 -0.316705
v -2.099288 0.865031 -0.335233
v -2.099288 0.865031 -0.316705
v -2.105982 0.865031 -0.316705
v -2.105982 0.865031 -0.335233
vn 0.000000 -0.963600 0.267300
vn 0.000000 -0.968100 -0.250300
vn 0.000000 -0.968100 -0.250300
vn 0.000000 -0.963600 0.267300
vn 0.000000 -0.713300 -0.700900
vn 0.000000 -0.713300 -0.700900
vn 0.000000 -0.968100 -0.250300
vn 0.000000 -0.507500 -0.861600
vn 0.000000 -0.507500 -0.861600
vn 0.000000 -0.713300 -0.700900
vn 0.000000 -0.008700 -0.999900
vn 0.000000 -0.008700 -0.999900
vn 0.000000 -0.008700 -0.999900
vn 0.000000 -0.008700 -0.999900
vn 0.000000 0.492300 -0.870400
vn 0.000000 0.700900 -0.713300
vn 0.000000 0.700900 -0.713300
vn 0.000000 0.492300 -0.870400
vn 0.000000 0.963600 -0.267200
vn 0.000000 0.963600 -0.267200
vn 0.000000 0.700900 -0.713300
vn 0.000000 0.968100 0.250300
vn 0.000000 0.968100 0.250300
vn 0.000000 0.963600 -0.267200
vn 0.000000 0.713300 0.700900
vn 0.000000 0.713300 0.700900
vn 0.000000 0.968100 0.250300
vn 0.000000 0.507500 0.861600
vn 0.000000 0.507500 0.861600
vn 0.000000 0.713300 0.700900
vn 0.000000 0.008700 0.999900
vn 0.000000 0.008700 0.999900
vn 0.000000 0.008700 0.999900
vn 0.000000 0.008700 0.999900
vn 0.000000 -0.492300 0.870400
vn 0.000000 -0.700900 0.713300
vn 0.000000 -0.700900 0.713300
vn 0.000000 -0.492300 0.870400
vn 0.000000 -0.963600 0.267300
vn 0.000000 -0.700900 0.713300
vn 0.857600 -0.360500 0.366800
vn 0.849600 -0.454400 0.267700
vn 0.891500 -0.390200 0.229900
vn 0.899800 -0.308600 0.308500
vn 0.857600 -0.128800 0.497900
vn 0.894300 -0.113700 0.432600
vn 0.857600 0.137500 0.495600
vn 0.894400 0.121200 0.430500
vn 0.857600 0.366800 0.360400
vn 0.899700 0.314000 0.303000
vn 0.849600 0.458900 0.259700
vn 0.891500 0.394200 0.223000
vn 0.857600 0.360500 -0.366800
vn 0.849500 0.454500 -0.267700
vn 0.891400 0.390400 -0.229900
vn 0.899700 0.308700 -0.308500
vn 0.857600 0.128800 -0.497900
vn 0.894400 0.113600 -0.432600
vn 0.857600 -0.137500 -0.495600
vn 0.894300 -0.121300 -0.430600
vn 0.857600 -0.366900 -0.360500
vn 0.899800 -0.314000 -0.303000
vn 0.849500 -0.459200 -0.259700
vn 0.891500 -0.394300 -0.223000
vn -1.000000 0.000100 0.000000
vn -1.000000 -0.000000 0.000000
vn -1.000000 -0.000000 0.000000
vn -1.000000 0.000100 0.000000
vn -1.000000 -0.000000 0.000000
vn -1.000000 -0.000000 0.000000
vn -1.000000 -0.000000 0.000000
vn -1.000000 -0.000000 0.000000
vn -1.000000 -0.000000 0.000000
vn -1.000000 -0.000000 0.000000
vn -1.000000 0.000100 0.000000
vn -1.000000 0.000100 0.000000
vn -1.000000 -0.000000 0.000000
vn -1.000000 -0.000000 0.000000
vn -1.000000 -0.000100 0.000000
vn -1.000000 -0.000100 0.000000
vn -1.000000 -0.000000 0.000000
vn -1.000000 -0.000000 0.000000
vn -1.000000 -0.000000 0.000000
vn -1.000000 -0.000000 0.000000
vn -1.000000 -0.000100 0.000000
vn -1.000000 -0.000100 0.000000
vn -1.000000 -0.000100 0.000000
vn -1.000000 -0.000100 0.000000
vn 0.000000 -0.963600 0.267300
vn 0.000000 -0.700900 0.713300
vn 0.000000 -0.700900 0.713300
vn 0.000000 -0.963600 0.267300
vn 0.000000 -0.492400 0.870400
vn 0.000000 -0.492400 0.870400
vn 0.000000 0.008700 0.999900
vn 0.000000 0.008700 0.999900
vn 0.000000 0.008700 0.999900
vn 0.000000 0.008700 0.999900
vn 0.000000 0.507500 0.861600
vn 0.000000 0.713200 0.700900
vn 0.000000 0.713200 0.700900
vn 0.000000 0.507500 0.861600
vn 0.000000 0.968100 0.250300
vn 0.000000 0.968100 0.250300
vn 0.000000 0.963600 -0.267300
vn 0.000000 0.963600 -0.267300
vn 0.000000 0.700900 -0.713200
vn 0.000000 0.700900 -0.713200
vn 0.000000 0.492500 -0.870300
vn 0.000000 0.492500 -0.870300
vn 0.000000 -0.008700 -0.999900
vn 0.000000 -0.008700 -0.999900
vn 0.000000 -0.008700 -0.999900
vn 0.000000 -0.008700 -0.999900
vn 0.000000 -0.507600 -0.861600
vn 0.000000 -0.713200 -0.700900
vn 0.000000 -0.713200 -0.700900
vn 0.000000 -0.507600 -0.861600
vn 0.000000 -0.968100 -0.250400
vn 0.000000 -0.968100 -0.250400
vn 0.000000 -0.963600 0.267300
vn 0.000000 -0.963600 0.267300
vn 0.103500 -0.112600 -0.988200
vn 0.112100 0.095900 -0.989000
vn 0.000100 -0.008700 -0.999900
vn 0.000100 -0.008700 -0.999900
vn 0.980800 0.132700 0.142500
vn 0.976500 0.187700 0.106100
vn 0.978000 0.052100 0.201800
vn 0.978000 -0.048800 0.202700
vn 0.980800 -0.130200 0.144800
vn 0.976500 -0.185600 0.109400
vn 0.103700 -0.095300 0.990000
vn 0.112200 0.113100 0.987200
vn 0.157400 0.155200 0.975200
vn 0.145400 -0.137300 0.979800
vn 0.145200 -0.154300 -0.977300
vn 0.157200 0.138200 -0.977800
vn 0.284500 -0.277400 0.917600
vn 0.284500 -0.277400 0.917600
vn 0.307300 0.294300 0.904900
vn 0.307300 0.294300 0.904900
vn 0.307100 0.278700 -0.909900
vn 0.307100 0.278700 -0.909900
vn 0.284300 -0.293300 -0.912700
vn 0.284300 -0.293300 -0.912700
vn 0.909600 0.415500 -0.003600
vn 0.909600 0.415500 -0.003600
vn 0.968200 0.250000 -0.002200
vn 0.968200 0.250000 -0.002200
vn 0.909400 -0.415900 0.003600
vn 0.909400 -0.415900 0.003600
vn 0.968200 -0.250200 0.002200
vn 0.968200 -0.250200 0.002200
vn 1.000000 0.000000 0.000000
vn 1.000000 0.000000 0.000000
vn 1.000000 0.000000 0.000000
vn 1.000000 0.000000 0.000000
vn 0.980800 0.130200 -0.144800
vn 0.980800 -0.132700 -0.142500
vn 0.978000 -0.052100 -0.201800
vn 0.978000 0.048700 -0.202700
vn 0.976500 0.185800 -0.109400
vn 0.976500 -0.187600 -0.106100
vn 0.000000 0.008700 0.999900
vn 0.000000 0.008700 0.999900
vn -1.000000 -0.000000 0.000000
vn -1.000000 -0.000000 0.000000
vn -1.000000 -0.000000 0.000000
vn -1.000000 -0.000000 0.000000
vn -1.000000 -0.000000 0.000000
vn -1.000000 -0.000000 0.000000
vn -1.000000 -0.000000 0.000000
vn -1.000000 -0.000000 0.000000
vn -1.000000 -0.000000 0.000000
vn -1.000000 -0.000000 0.000000
vn -1.000000 -0.000000 0.000000
vn -1.000000 -0.000000 0.000000
vn -1.000000 -0.000000 0.000000
vn -1.000000 -0.000000 0.000000
vn -1.000000 -0.000000 0.000000
vn -1.000000 -0.000000 0.000000
vn 0.000000 -1.000000 0.000000
vn 0.000000 -1.000000 0.000000
vn 0.000000 -1.000000 0.000000
vn 0.000000 -1.000000 0.000000
vn 0.000000 0.000000 1.000000
vn 0.000000 0.000000 1.000000
vn 0.000000 0.000000 1.000000
vn 0.000000 0.000000 1.000000
vn 0.000000 0.000000 -1.000000
vn 0.000000 0.000000 -1.000000
vn 0.000000 0.000000 -1.000000
vn 0.000000 0.000000 -1.000000
vn 0.000000 1.000000 0.000000
vn 0.000000 1.000000 0.000000
vn 0.000000 1.000000 0.000000
vn 0.000000 1.000000 0.000000
vn 0.000000 0.000000 -1.000000
vn 0.000000 0.000000 -1.000000
vn 0.000000 0.000000 1.000000
vn 0.000000 0.000000 1.000000
vn -1.000000 -0.000000 0.000000
vn -1.000000 -0.000000 0.000000
vn -1.000000 -0.000000 0.000000
vn -1.000000 -0.000000 0.000000
vn -1.000000 -0.000000 0.000000
vn -1.000000 -0.000000 0.000000
vn 0.000000 0.000000 1.000000
vn 0.000000 0.000000 1.000000
vn 0.000000 0.000000 1.000000
vn 0.000000 0.000000 1.000000
vn 0.000000 0.000000 -1.000000
vn 0.000000 0.000000 -1.000000
vn 0.000000 0.000000 -1.000000
vn 0.000000 0.000000 -1.000000
vn 1.000000 0.000000 0.000000
vn 1.000000 0.000000 0.000000
vn 1.000000 0.000000 0.000000
vn 1.000000 0.000000 0.000000
vn 0.000000 -1.000000 0.000000
vn 0.000000 -1.000000 0.000000
vn 0.000000 -1.000000 0.000000
vn 0.000000 -1.000000 0.000000
vn 0.000000 0.000000 -1.000000
vn 0.000000 0.000000 -1.000000
vn 0.000000 0.000000 -1.000000
vn 0.000000 0.000000 -1.000000
vn -1.000000 -0.000000 0.000000
vn -1.000000 -0.000000 0.000000
vn 0.000000 0.000000 1.000000
vn 0.000000 0.000000 1.000000
vn 0.000000 0.000000 1.000000
vn 0.000000 0.000000 1.000000
vn 1.000000 0.000000 0.000000
vn 1.000000 0.000000 0.000000
vn 1.000000 0.000000 0.000000
vn 1.000000 0.000000 0.000000
vn 0.000000 1.000000 0.000000
vn 0.000000 1.000000 0.000000
vn 0.000000 1.000000 0.000000
vn 0.000000 1.000000 0.000000
vn 0.112200 0.981500 0.154700
vn 0.103800 0.928500 0.356400
vn -0.000000 0.965900 0.258800
vn -0.000000 0.965900 0.258800
vn 0.891500 -0.320300 0.320300
vn 0.899700 -0.376000 0.221500
vn 0.980800 -0.172900 0.089700
vn 0.976500 -0.152500 0.152400
vn 0.894300 -0.447500 0.001700
vn 0.978000 -0.208600 -0.003700
vn 0.894400 -0.386500 -0.225100
vn 0.978000 -0.182300 -0.101000
vn 0.899800 -0.214600 -0.379800
vn 0.980900 -0.104500 -0.164100
vn 0.891500 -0.117200 -0.437500
vn 0.976500 -0.055600 -0.208200
vn 1.000000 0.000100 0.000000
vn 1.000000 0.000100 0.000000
vn 1.000000 0.000000 0.000000
vn 1.000000 0.000000 0.000000
vn 0.968200 -0.064700 0.241500
vn 0.968200 -0.064700 0.241500
vn 0.968200 0.064800 -0.241500
vn 0.968200 0.064800 -0.241500
vn 0.909500 -0.107700 0.401400
vn 0.909500 -0.107700 0.401400
vn 0.909500 0.107600 -0.401400
vn 0.909500 0.107600 -0.401400
vn 0.103500 -0.982400 -0.155700
vn 0.284300 -0.957900 0.038600
vn 0.284300 -0.957900 0.038600
vn 0.145200 -0.983000 -0.112500
vn 0.306900 -0.802500 -0.511500
vn 0.111900 -0.927500 -0.356700
vn 0.157100 -0.905400 -0.394400
vn 0.306900 -0.802500 -0.511500
vn 0.307000 0.950700 -0.042000
vn 0.307000 0.950700 -0.042000
vn 0.157300 0.981300 0.111000
vn 0.284600 0.810100 0.512500
vn 0.145500 0.907500 0.394100
vn 0.284600 0.810100 0.512500
vn 0.980900 0.104700 0.164100
vn 0.980800 0.172800 -0.089700
vn 0.978000 0.208700 0.003700
vn 0.978000 0.182500 0.101000
vn 0.976500 0.055700 0.208200
vn 0.976500 0.152200 -0.152400
vn 0.899800 0.214700 0.379800
vn 0.891500 0.117300 0.437600
vn 0.894300 0.386600 0.225000
vn 0.894300 0.447500 -0.001700
vn 0.899800 0.375900 -0.221500
vn 0.891500 0.320200 -0.320300
vn -0.000200 -0.965800 -0.259100
vn -0.000200 -0.965800 -0.259100
vn 0.000000 -0.258800 0.965900
vn 0.000000 -0.258800 0.965900
vn 0.000000 -0.258800 0.965900
vn 0.000000 -0.258800 0.965900
vn 0.000000 -0.866000 0.500000
vn 0.000000 -0.707000 0.707200
vn 0.000000 -0.707000 0.707200
vn 0.000000 -0.866000 0.500000
vn 0.000000 -1.000000 0.000000
vn 0.000000 -1.000000 0.000000
vn 0.000000 -0.866000 -0.500000
vn 0.000000 -0.866000 -0.500000
vn 0.000000 -0.707000 -0.707200
vn 0.000000 -0.707000 -0.707200
vn 0.000000 -0.258800 -0.965900
vn 0.000000 -0.258800 -0.965900
vn 0.000000 -0.258800 -0.965900
vn 0.000000 -0.258800 -0.965900
vn 0.000000 0.258900 -0.965900
vn 0.000000 0.258900 -0.965900
vn 0.000000 0.258900 -0.965900
vn 0.000000 0.258900 -0.965900
vn 0.000000 0.865900 -0.500100
vn 0.000000 0.707000 -0.707200
vn 0.000000 0.707000 -0.707200
vn 0.000000 0.865900 -0.500100
vn 0.000000 1.000000 0.000000
vn 0.000000 1.000000 0.000000
vn 0.000000 0.865900 0.500100
vn 0.000000 0.865900 0.500100
vn 0.000000 0.707000 0.707200
vn 0.000000 0.707000 0.707200
vn 0.000000 0.258900 0.965900
vn 0.000000 0.258900 0.965900
vn 0.000000 0.258900 0.965900
vn 0.000000 0.258900 0.965900
vn -1.000000 -0.000000 0.000000
vn -1.000000 -0.000000 0.000000
vn -1.000000 -0.000000 0.000000
vn -1.000000 -0.000000 0.000000
vn -1.000000 -0.000000 0.000000
vn -1.000000 -0.000000 0.000000
vn -1.000000 -0.000100 0.000000
vn -1.000000 -0.000100 0.000000
vn -1.000000 -0.000100 0.000000
vn -1.000000 -0.000100 0.000000
vn -1.000000 -0.000100 0.000000
vn -1.000000 -0.000100 0.000000
vn -1.000000 -0.000000 0.000000
vn -1.000000 -0.000000 0.000000
vn -1.000000 -0.000000 0.000000
vn -1.000000 -0.000000 0.000000
vn -1.000000 -0.000000 0.000000
vn -1.000000 -0.000000 0.000000
vn -1.000000 0.000100 0.000000
vn -1.000000 0.000100 0.000000
vn -1.000000 0.000100 0.000000
vn -1.000000 0.000100 0.000000
vn -1.000000 0.000100 0.000000
vn -1.000000 0.000100 0.000000
vn 0.849600 -0.372900 0.373000
vn 0.857600 -0.445400 0.257100
vn 0.857500 -0.514400 0.000000
vn 0.857600 -0.445400 -0.257100
vn 0.857600 -0.257100 -0.445400
vn 0.849600 -0.136600 -0.509400
vn 0.849600 0.372900 -0.372900
vn 0.857600 0.445400 -0.257100
vn 0.857500 0.514400 0.000000
vn 0.857600 0.445400 0.257100
vn 0.857600 0.257100 0.445400
vn 0.849500 0.136600 0.509500
vn 0.000000 0.258800 0.965900
vn 0.000000 0.258800 0.965900
vn 0.000000 0.258800 0.965900
vn 0.000000 0.258800 0.965900
vn 0.000000 0.866100 0.499900
vn 0.000000 0.707200 0.707000
vn 0.000000 0.707200 0.707000
vn 0.000000 0.866100 0.499900
vn 0.000000 1.000000 0.000000
vn 0.000000 0.866100 0.499900
vn 0.000000 1.000000 0.000000
vn 0.000000 0.866100 -0.499900
vn 0.000000 1.000000 0.000000
vn 0.000000 0.866100 -0.499900
vn 0.000000 0.707200 -0.707000
vn 0.000000 0.866100 -0.499900
vn 0.000000 0.707200 -0.707000
vn 0.000000 0.258800 -0.965900
vn 0.000000 0.258800 -0.965900
vn 0.000000 0.258800 -0.965900
vn 0.000000 0.258800 -0.965900
vn 0.000000 -0.258800 -0.965900
vn 0.000000 -0.258800 -0.965900
vn 0.000000 -0.258800 -0.965900
vn 0.000000 -0.258800 -0.965900
vn 0.000000 -0.866100 -0.499900
vn 0.000000 -0.707200 -0.707000
vn 0.000000 -0.707200 -0.707000
vn 0.000000 -0.866100 -0.499900
vn 0.000000 -1.000000 0.000000
vn 0.000000 -0.866100 -0.499900
vn 0.000000 -1.000000 0.000000
vn 0.000000 -0.866100 0.499900
vn 0.000000 -1.000000 0.000000
vn 0.000000 -0.866100 0.499900
vn 0.000000 -0.707200 0.707000
vn 0.000000 -0.866100 0.499900
vn 0.000000 -0.707200 0.707000
vn 0.000000 -0.258800 0.965900
vn 0.000000 -0.258800 0.965900
vn 0.000000 -0.258800 0.965900
vn 0.000000 -0.258800 0.965900
vn 0.000000 -1.000000 0.000000
vn 0.000000 -1.000000 0.000000
vn 0.000000 -1.000000 0.000000
vn 0.000000 -1.000000 0.000000
vn 1.000000 0.000000 0.000000
vn 1.000000 0.000000 0.000000
vn 1.000000 0.000000 0.000000
vn 1.000000 0.000000 0.000000
vn 0.000000 0.000000 1.000000
vn 0.000000 0.000000 1.000000
vn 0.000000 0.000000 1.000000
vn 0.000000 0.000000 1.000000
vn -1.000000 -0.000000 0.000000
vn -1.000000 -0.000000 0.000000
vn -1.000000 -0.000000 0.000000
vn -1.000000 -0.000000 0.000000
vn 0.000000 0.000000 -1.000000
vn 0.000000 0.000000 -1.000000
vn 0.000000 0.000000 -1.000000
vn 0.000000 0.000000 -1.000000
vn 0.000000 1.000000 0.000000
vn 0.000000 1.000000 0.000000
vn 0.000000 1.000000 0.000000
vn 0.000000 1.000000 0.000000
vn 1.000000 0.000000 0.000000
vn 1.000000 0.000000 0.000000
vn 1.000000 0.000000 0.000000
vn 1.000000 0.000000 0.000000
vn 0.000000 0.000000 -1.000000
vn 0.000000 0.000000 -1.000000
vn 0.000000 0.000000 -1.000000
vn 0.000000 0.000000 -1.000000
vn 0.000000 0.000000 1.000000
vn 0.000000 0.000000 1.000000
vn 0.000000 0.000000 1.000000
vn 0.000000 0.000000 1.000000
vn -1.000000 -0.000000 0.000000
vn -1.000000 -0.000000 0.000000
vn -1.000000 -0.000000 0.000000
vn -1.000000 -0.000000 0.000000
vn 0.000000 0.000000 1.000000
vn 0.000000 0.000000 1.000000
vn 0.000000 0.000000 1.000000
vn 0.000000 0.000000 1.000000
vn 0.000000 0.000000 -1.000000
vn 0.000000 0.000000 -1.000000
vn 0.000000 0.000000 -1.000000
vn 0.000000 0.000000 -1.000000
vn 0.000000 -1.000000 0.000000
vn 0.000000 -1.000000 0.000000
vn 0.000000 -1.000000 0.000000
vn 0.000000 -1.000000 0.000000
vn 0.000000 0.000000 -1.000000
vn 0.000000 0.000000 -1.000000
vn 0.000000 0.000000 1.000000
vn 0.000000 0.000000 1.000000
vn 0.000000 1.000000 0.000000
vn 0.000000 1.000000 0.000000
vn 0.000000 1.000000 0.000000
vn 0.000000 1.000000 0.000000
vn -1.000000 -0.000000 0.000000
vn -1.000000 -0.000000 0.000000
vn -1.000000 -0.000000 0.000000
vn -1.000000 -0.000000 0.000000
vn -1.000000 -0.000000 0.000000
vn -1.000000 -0.000000 0.000000
vn -1.000000 -0.000000 0.000000
vn -1.000000 -0.000000 0.000000
vn -1.000000 -0.000000 0.000000
vn -1.000000 -0.000000 0.000000
vn -1.000000 -0.000000 0.000000
vn -1.000000 -0.000000 0.000000
vn -1.000000 -0.000000 0.000000
vn -1.000000 -0.000000 0.000000
vn -1.000000 -0.000000 0.000000
vn -1.000000 -0.000000 0.000000
vn 1.000000 0.000000 0.000000
vn 1.000000 0.000000 0.000000
vn 1.000000 0.000000 0.000000
vn 1.000000 0.000000 0.000000
vn 0.000000 0.000000 -1.000000
vn 0.000000 0.000000 -1.000000
vn 0.000000 0.000000 -1.000000
vn 0.000000 0.000000 -1.000000
vn 0.000000 0.000000 1.000000
vn 0.000000 0.000000 1.000000
vn 0.000000 0.000000 1.000000
vn 0.000000 0.000000 1.000000
vn 0.000000 1.000000 0.000000
vn 0.000000 1.000000 0.000000
vn 0.000000 1.000000 0.000000
vn 0.000000 1.000000 0.000000
vn 0.000000 -1.000000 0.000000
vn 0.000000 -1.000000 0.000000
vn 0.000000 -1.000000 0.000000
vn 0.000000 -1.000000 0.000000
vn -1.000000 -0.000000 0.000000
vn -1.000000 -0.000000 0.000000
vn -1.000000 -0.000000 0.000000
vn -1.000000 -0.000000 0.000000
vn 0.000000 0.000000 -1.000000
vn 0.000000 0.000000 -1.000000
vn 0.000000 0.000000 -1.000000
vn 0.000000 0.000000 -1.000000
vn 0.000000 0.000000 -1.000000
vn 0.000000 0.000000 -1.000000
vn 0.000000 0.000000 -1.000000
vn 0.000000 0.000000 -1.000000
vn 0.000000 0.000000 1.000000
vn 0.000000 0.000000 1.000000
vn 0.000000 0.000000 1.000000
vn 0.000000 0.000000 1.000000
vn 0.000000 0.000000 1.000000
vn 0.000000 0.000000 1.000000
vn 0.000000 0.000000 1.000000
vn 0.000000 0.000000 1.000000
vn 1.000000 0.000000 0.000000
vn 1.000000 0.000000 0.000000
vn 1.000000 0.000000 0.000000
vn 1.000000 0.000000 0.000000
vn 1.000000 0.000000 0.000000
vn 1.000000 0.000000 0.000000
vn 1.000000 0.000000 0.000000
vn 1.000000 0.000000 0.000000
vn 0.000000 1.000000 0.000000
vn 0.000000 1.000000 0.000000
vn 0.000000 1.000000 0.000000
vn 0.000000 1.000000 0.000000
vn 0.000000 -1.000000 0.000000
vn 0.000000 -1.000000 0.000000
vn 0.000000 -1.000000 0.000000
vn 0.000000 -1.000000 0.000000
vn 0.000000 -1.000000 0.000000
vn 0.000000 -1.000000 0.000000
vn 0.000000 -1.000000 0.000000
vn 0.000000 -1.000000 0.000000
vn 0.000000 1.000000 0.000000
vn 0.000000 1.000000 0.000000
vn 0.000000 1.000000 0.000000
vn 0.000000 1.000000 0.000000
vn 1.000000 0.000000 0.000000
vn 1.000000 0.000000 0.000000
vn 1.000000 0.000000 0.000000
vn 1.000000 0.000000 0.000000
vn 1.000000 0.000000 0.000000
vn 1.000000 0.000000 0.000000
vn 1.000000 0.000000 0.000000
vn 1.000000 0.000000 0.000000
vn 0.000000 0.000000 1.000000
vn 0.000000 0.000000 1.000000
vn 0.000000 0.000000 1.000000
vn 0.000000 0.000000 1.000000
vn 0.000000 0.000000 1.000000
vn 0.000000 0.000000 1.000000
vn 0.000000 0.000000 1.000000
vn 0.000000 0.000000 1.000000
vn 0.000000 0.000000 -1.000000
vn 0.000000 0.000000 -1.000000
vn 0.000000 0.000000 -1.000000
vn 0.000000 0.000000 -1.000000
vn 0.000000 0.000000 -1.000000
vn 0.000000 0.000000 -1.000000
vn 0.000000 0.000000 -1.000000
vn 0.000000 0.000000 -1.000000
vn -1.000000 -0.000000 0.000000
vn -1.000000 -0.000000 0.000000
vn -1.000000 -0.000000 0.000000
vn -1.000000 -0.000000 0.000000
vn 0.000000 -1.000000 0.000000
vn 0.000000 -1.000000 0.000000
vn 0.000000 -1.000000 0.000000
vn 0.000000 -1.000000 0.000000
vn 0.000000 1.000000 0.000000
vn 0.000000 1.000000 0.000000
vn 0.000000 1.000000 0.000000
vn 0.000000 1.000000 0.000000
vn 0.000000 0.000000 1.000000
vn 0.000000 0.000000 1.000000
vn 0.000000 0.000000 1.000000
vn 0.000000 0.000000 1.000000
vn 0.000000 0.000000 -1.000000
vn 0.000000 0.000000 -1.000000
vn 0.000000 0.000000 -1.000000
vn 0.000000 0.000000 -1.000000
vn 1.000000 0.000000 0.000000
vn 1.000000 0.000000 0.000000
vn 1.000000 0.000000 0.000000
vn 1.000000 0.000000 0.000000
vn -1.000000 -0.000000 0.000000
vn -1.000000 -0.000000 0.000000
vn -1.000000 -0.000000 0.000000
vn -1.000000 -0.000000 0.000000
vn -1.000000 -0.000000 0.000000
vn -1.000000 -0.000000 0.000000
vn -1.000000 -0.000000 0.000000
vn -1.000000 -0.000000 0.000000
vn -1.000000 -0.000000 0.000000
vn -1.000000 -0.000000 0.000000
vn -1.000000 -0.000000 0.000000
vn -1.000000 -0.000000 0.000000
vn -1.000000 -0.000000 0.000000
vn -1.000000 -0.000000 0.000000
vn -1.000000 -0.000000 0.000000
vn -1.000000 -0.000000 0.000000
vn 0.000000 1.000000 0.000000
vn 0.000000 1.000000 0.000000
vn 0.000000 1.000000 0.000000
vn 0.000000 1.000000 0.000000
vn 0.000000 0.000000 1.000000
vn 0.000000 0.000000 1.000000
vn 0.000000 0.000000 1.000000
vn 0.000000 0.000000 1.000000
vn 0.000000 0.000000 -1.000000
vn 0.000000 0.000000 -1.000000
vn 0.000000 0.000000 -1.000000
vn 0.000000 0.000000 -1.000000
vn 0.000000 -1.000000 0.000000
vn 0.000000 -1.000000 0.000000
vn 0.000000 -1.000000 0.000000
vn 0.000000 -1.000000 0.000000
vn 0.000000 0.000000 -1.000000
vn 0.000000 0.000000 -1.000000
vn 0.000000 0.000000 1.000000
vn 0.000000 0.000000 1.000000
vn -1.000000 -0.000000 0.000000
vn -1.000000 -0.000000 0.000000
vn -1.000000 -0.000000 0.000000
vn -1.000000 -0.000000 0.000000
vn -1.000000 -0.000000 0.000000
vn -1.000000 -0.000000 0.000000
vn 0.000000 0.000000 1.000000
vn 0.000000 0.000000 1.000000
vn 0.000000 0.000000 1.000000
vn 0.000000 0.000000 1.000000
vn 0.000000 0.000000 -1.000000
vn 0.000000 0.000000 -1.000000
vn 0.000000 0.000000 -1.000000
vn 0.000000 0.000000 -1.000000
vn 1.000000 0.000000 0.000000
vn 1.000000 0.000000 0.000000
vn 1.000000 0.000000 0.000000
vn 1.000000 0.000000 0.000000
vn 0.000000 1.000000 0.000000
vn 0.000000 1.000000 0.000000
vn 0.000000 1.000000 0.000000
vn 0.000000 1.000000 0.000000
vn 0.000000 0.000000 -1.000000
vn 0.000000 0.000000 -1.000000
vn 0.000000 0.000000 -1.000000
vn 0.000000 0.000000 -1.000000
vn -1.000000 -0.000000 0.000000
vn -1.000000 -0.000000 0.000000
vn 0.000000 0.000000 1.000000
vn 0.000000 0.000000 1.000000
vn 0.000000 0.000000 1.000000
vn 0.000000 0.000000 1.000000
vn 1.000000 0.000000 0.000000
vn 1.000000 0.000000 0.000000
vn 1.000000 0.000000 0.000000
vn 1.000000 0.000000 0.000000
vn 0.000000 -1.000000 0.000000
vn 0.000000 -1.000000 0.000000
vn 0.000000 -1.000000 0.000000
vn 0.000000 -1.000000 0.000000
vn 0.000000 -0.258800 0.965900
vn 0.000000 -0.258800 0.965900
vn 0.000000 -0.258800 0.965900
vn 0.000000 -0.258800 0.965900
vn 0.000000 -0.707200 0.707000
vn 0.000000 -0.866100 0.499900
vn 0.000000 -0.866100 0.499900
vn 0.000000 -0.707200 0.707000
vn 0.000000 -1.000000 0.000000
vn 0.000000 -1.000000 0.000000
vn 0.000000 -0.866100 0.499900
vn 0.000000 -0.866100 -0.499900
vn 0.000000 -0.866100 -0.499900
vn 0.000000 -1.000000 0.000000
vn 0.000000 -0.707200 -0.707000
vn 0.000000 -0.707200 -0.707000
vn 0.000000 -0.866100 -0.499900
vn 0.000000 -0.258800 -0.965900
vn 0.000000 -0.258800 -0.965900
vn 0.000000 -0.258800 -0.965900
vn 0.000000 -0.258800 -0.965900
vn 0.000000 0.258800 -0.965900
vn 0.000000 0.258800 -0.965900
vn 0.000000 0.258800 -0.965900
vn 0.000000 0.258800 -0.965900
vn 0.000000 0.707200 -0.707000
vn 0.000000 0.866100 -0.499900
vn 0.000000 0.866100 -0.499900
vn 0.000000 0.707200 -0.707000
vn 0.000000 1.000000 0.000000
vn 0.000000 1.000000 0.000000
vn 0.000000 0.866100 -0.499900
vn 0.000000 0.866100 0.499900
vn 0.000000 0.866100 0.499900
vn 0.000000 1.000000 0.000000
vn 0.000000 0.707200 0.707000
vn 0.000000 0.707200 0.707000
vn 0.000000 0.866100 0.499900
vn 0.000000 0.258800 0.965900
vn 0.000000 0.258800 0.965900
vn 0.000000 0.258800 0.965900
vn 0.000000 0.258800 0.965900
vn 0.857600 0.257200 0.445400
vn 0.849500 0.136700 0.509500
vn 0.891500 0.117400 0.437500
vn 0.899700 0.214800 0.379800
vn 0.857600 0.445300 0.257100
vn 0.894400 0.386500 0.225100
vn 0.857600 0.514300 0.000000
vn 0.894300 0.447300 -0.001700
vn 0.857600 0.445400 -0.257100
vn 0.899800 0.375900 -0.221500
vn 0.849600 0.372900 -0.372900
vn 0.891600 0.320100 -0.320300
vn 0.857600 -0.257100 -0.445400
vn 0.849600 -0.136600 -0.509400
vn 0.891500 -0.117200 -0.437500
vn 0.899800 -0.214700 -0.379800
vn 0.857600 -0.445400 -0.257100
vn 0.894400 -0.386500 -0.225100
vn 0.857600 -0.514300 0.000000
vn 0.894300 -0.447400 0.001700
vn 0.857600 -0.445300 0.257200
vn 0.899800 -0.375900 0.221500
vn 0.849600 -0.372900 0.373000
vn 0.891500 -0.320300 0.320300
vn -1.000000 0.000100 0.000000
vn -1.000000 -0.000000 0.000000
vn -1.000000 -0.000000 0.000000
vn -1.000000 0.000100 0.000000
vn -1.000000 -0.000000 0.000000
vn -1.000000 -0.000000 0.000000
vn -1.000000 -0.000000 0.000000
vn -1.000000 -0.000000 0.000000
vn -1.000000 0.000100 0.000000
vn -1.000000 0.000100 0.000000
vn -1.000000 -0.000000 0.000000
vn -1.000000 -0.000000 0.000000
vn -1.000000 -0.000000 0.000000
vn -1.000000 -0.000000 0.000000
vn -1.000000 -0.000000 0.000000
vn -1.000000 -0.000000 0.000000
vn -1.000000 -0.000100 0.000000
vn -1.000000 -0.000100 0.000000
vn -1.000000 -0.000000 0.000000
vn -1.000000 -0.000000 0.000000
vn -1.000000 -0.000000 0.000000
vn -1.000000 -0.000000 0.000000
vn -1.000000 -0.000000 0.000000
vn -1.000000 -0.000000 0.000000
vn 0.000000 0.258800 0.965900
vn 0.000000 0.258800 0.965900
vn 0.000000 0.258800 0.965900
vn 0.000000 0.258800 0.965900
vn 0.000000 0.707100 0.707100
vn 0.000000 0.866000 0.500000
vn 0.000000 0.866000 0.500000
vn 0.000000 0.707100 0.707100
vn 0.000000 1.000000 0.000000
vn 0.000000 1.000000 0.000000
vn 0.000000 0.866000 -0.500100
vn 0.000000 0.866000 -0.500100
vn 0.000000 0.707100 -0.707100
vn 0.000000 0.707100 -0.707100
vn 0.000000 0.258900 -0.965900
vn 0.000000 0.258900 -0.965900
vn 0.000000 0.258900 -0.965900
vn 0.000000 0.258900 -0.965900
vn 0.000000 -0.258800 -0.965900
vn 0.000000 -0.258800 -0.965900
vn 0.000000 -0.258800 -0.965900
vn 0.000000 -0.258800 -0.965900
vn 0.000000 -0.707100 -0.707100
vn 0.000000 -0.866000 -0.500000
vn 0.000000 -0.866000 -0.500000
vn 0.000000 -0.707100 -0.707100
vn 0.000000 -1.000000 0.000000
vn 0.000000 -1.000000 0.000000
vn 0.000000 -0.866000 0.499900
vn 0.000000 -0.866000 0.499900
vn 0.000000 -0.707100 0.707100
vn 0.000000 -0.707100 0.707100
vn 0.000000 -0.258600 0.966000
vn 0.000000 -0.258600 0.966000
vn 0.000000 -0.258600 0.966000
vn 0.000000 -0.258600 0.966000
vn 0.103500 -0.982400 -0.155600
vn 0.111900 -0.927500 -0.356600
vn -0.000200 -0.965900 -0.258800
vn -0.000200 -0.965900 -0.258800
vn 0.980800 0.173000 -0.089700
vn 0.976500 0.152500 -0.152400
vn 0.978100 0.208200 0.003700
vn 0.978100 0.182100 0.101000
vn 0.980800 0.105000 0.164100
vn 0.976400 0.056200 0.208200
vn 0.103800 0.928500 0.356400
vn 0.112200 0.981500 0.154800
vn 0.157400 0.981300 0.111000
vn 0.145600 0.907500 0.394100
vn 0.145300 -0.982900 -0.112500
vn 0.157100 -0.905400 -0.394400
vn 0.284600 0.810100 0.512500
vn 0.284600 0.810100 0.512500
vn 0.307200 0.950700 -0.042000
vn 0.307200 0.950700 -0.042000
vn 0.306900 -0.802500 -0.511500
vn 0.306900 -0.802500 -0.511500
vn 0.284400 -0.957900 0.038600
vn 0.284400 -0.957900 0.038600
vn 0.909500 0.107600 -0.401300
vn 0.909500 0.107600 -0.401300
vn 0.968200 0.064900 -0.241500
vn 0.968200 0.064900 -0.241500
vn 0.909500 -0.107500 0.401400
vn 0.909500 -0.107500 0.401400
vn 0.968200 -0.064600 0.241500
vn 0.968200 -0.064600 0.241500
vn 1.000000 0.000100 0.000000
vn 1.000000 0.000100 0.000000
vn 1.000000 0.000000 0.000000
vn 1.000000 0.000000 0.000000
vn 0.980900 -0.104600 -0.164100
vn 0.980800 -0.172800 0.089700
vn 0.978000 -0.208500 -0.003700
vn 0.978000 -0.182400 -0.101000
vn 0.976500 -0.055700 -0.208200
vn 0.976500 -0.152400 0.152400
vn 0.000100 0.965800 0.259100
vn 0.000100 0.965800 0.259100
vn 0.000000 1.000000 0.000000
vn 0.000000 1.000000 0.000000
vn 0.000000 1.000000 0.000000
vn 0.000000 1.000000 0.000000
vn 1.000000 0.000000 0.000000
vn 1.000000 0.000000 0.000000
vn 1.000000 0.000000 0.000000
vn 1.000000 0.000000 0.000000
vn 0.000000 0.000000 1.000000
vn 0.000000 0.000000 1.000000
vn 0.000000 0.000000 1.000000
vn 0.000000 0.000000 1.000000
vn -1.000000 -0.000000 0.000000
vn -1.000000 -0.000000 0.000000
vn -1.000000 -0.000000 0.000000
vn -1.000000 -0.000000 0.000000
vn 0.000000 0.000000 -1.000000
vn 0.000000 0.000000 -1.000000
vn 0.000000 0.000000 -1.000000
vn 0.000000 0.000000 -1.000000
vn 0.000000 -1.000000 0.000000
vn 0.000000 -1.000000 0.000000
vn 0.000000 -1.000000 0.000000
vn 0.000000 -1.000000 0.000000
vn 1.000000 0.000000 0.000000
vn 1.000000 0.000000 0.000000
vn 1.000000 0.000000 0.000000
vn 1.000000 0.000000 0.000000
vn 0.000000 0.000000 -1.000000
vn 0.000000 0.000000 -1.000000
vn 0.000000 0.000000 -1.000000
vn 0.000000 0.000000 -1.000000
vn 0.000000 0.000000 1.000000
vn 0.000000 0.000000 1.000000
vn 0.000000 0.000000 1.000000
vn 0.000000 0.000000 1.000000
vn -1.000000 -0.000000 0.000000
vn -1.000000 -0.000000 0.000000
vn -1.000000 -0.000000 0.000000
vn -1.000000 -0.000000 0.000000
vn 0.000000 0.000000 1.000000
vn 0.000000 0.000000 1.000000
vn 0.000000 0.000000 1.000000
vn 0.000000 0.000000 1.000000
vn 0.000000 0.000000 -1.000000
vn 0.000000 0.000000 -1.000000
vn 0.000000 0.000000 -1.000000
vn 0.000000 0.000000 -1.000000
vn 0.000000 1.000000 0.000000
vn 0.000000 1.000000 0.000000
vn 0.000000 1.000000 0.000000
vn 0.000000 1.000000 0.000000
vn 0.000000 0.000000 -1.000000
vn 0.000000 0.000000 -1.000000
vn 0.000000 0.000000 1.000000
vn 0.000000 0.000000 1.000000
vn 0.000000 -1.000000 0.000000
vn 0.000000 -1.000000 0.000000
vn 0.000000 -1.000000 0.000000
vn 0.000000 -1.000000 0.000000
vn -1.000000 -0.000000 0.000000
vn -1.000000 -0.000000 0.000000
vn -1.000000 -0.000000 0.000000
vn -1.000000 -0.000000 0.000000
vn -1.000000 -0.000000 0.000000
vn -1.000000 -0.000000 0.000000
vn -1.000000 -0.000000 0.000000
vn -1.000000 -0.000000 0.000000
vn -1.000000 -0.000000 0.000000
vn -1.000000 -0.000000 0.000000
vn -1.000000 -0.000000 0.000000
vn -1.000000 -0.000000 0.000000
vn -1.000000 -0.000000 0.000000
vn -1.000000 -0.000000 0.000000
vn -1.000000 -0.000000 0.000000
vn -1.000000 -0.000000 0.000000
vn 0.112100 0.113100 0.987200
vn 0.103600 -0.095300 0.990000
vn -0.000100 0.008700 0.999900
vn -0.000100 0.008700 0.999900
vn 0.891500 -0.394300 -0.223000
vn 0.899800 -0.313900 -0.303000
vn 0.980900 -0.132600 -0.142500
vn 0.976500 -0.187600 -0.106100
vn 0.894300 -0.121200 -0.430600
vn 0.978000 -0.052100 -0.201800
vn 0.894400 0.113700 -0.432600
vn 0.978000 0.048600 -0.202700
vn 0.899700 0.308700 -0.308400
vn 0.980800 0.130300 -0.144800
vn 0.891500 0.390300 -0.229900
vn 0.976500 0.185800 -0.109400
vn 1.000000 -0.000100 0.000000
vn 1.000000 -0.000100 0.000000
vn 1.000000 0.000000 0.000000
vn 1.000000 0.000000 0.000000
vn 0.968100 -0.250300 0.002200
vn 0.968100 -0.250300 0.002200
vn 0.968100 0.250500 -0.002200
vn 0.968100 0.250400 -0.002200
vn 0.909400 -0.415900 0.003600
vn 0.909400 -0.415900 0.003600
vn 0.909200 0.416200 -0.003600
vn 0.909200 0.416200 -0.003600
vn 0.103600 -0.112500 -0.988200
vn 0.284500 -0.293200 -0.912700
vn 0.284500 -0.293200 -0.912700
vn 0.145300 -0.154300 -0.977300
vn 0.307000 0.278600 -0.910000
vn 0.112000 0.095900 -0.989000
vn 0.157200 0.138200 -0.977800
vn 0.307000 0.278600 -0.910000
vn 0.307200 0.294300 0.905000
vn 0.307200 0.294300 0.905000
vn 0.157400 0.155200 0.975200
vn 0.284400 -0.277500 0.917600
vn 0.145400 -0.137300 0.979800
vn 0.284400 -0.277500 0.917600
vn 0.980900 -0.130100 0.144700
vn 0.980900 0.132500 0.142500
vn 0.978000 0.051900 0.201800
vn 0.978000 -0.048600 0.202700
vn 0.976500 -0.185800 0.109400
vn 0.976500 0.187500 0.106100
vn 0.899800 -0.308600 0.308500
vn 0.891500 -0.390400 0.229900
vn 0.894400 -0.113600 0.432600
vn 0.894400 0.121100 0.430500
vn 0.899800 0.313900 0.303000
vn 0.891500 0.394300 0.223000
vn -0.000100 -0.008700 -0.999900
vn -0.000100 -0.008700 -0.999900
vn 0.000000 -0.968100 -0.250400
vn 0.000000 -0.963600 0.267200
vn 0.000000 -0.963600 0.267200
vn 0.000000 -0.968100 -0.250400
vn 0.000000 -0.713200 -0.700900
vn 0.000000 -0.713200 -0.700900
vn 0.000000 -0.507500 -0.861600
vn 0.000000 -0.507500 -0.861600
vn 0.000000 -0.008800 -0.999900
vn 0.000000 -0.008800 -0.999900
vn 0.000000 -0.008800 -0.999900
vn 0.000000 -0.008800 -0.999900
vn 0.000000 0.700900 -0.713200
vn 0.000000 0.492500 -0.870300
vn 0.000000 0.492500 -0.870300
vn 0.000000 0.700900 -0.713200
vn 0.000000 0.963600 -0.267300
vn 0.000000 0.963600 -0.267300
vn 0.000000 0.968100 0.250300
vn 0.000000 0.968100 0.250300
vn 0.000000 0.713200 0.700900
vn 0.000000 0.713200 0.700900
vn 0.000000 0.507600 0.861600
vn 0.000000 0.507600 0.861600
vn 0.000000 0.008600 0.999900
vn 0.000000 0.008600 0.999900
vn 0.000000 0.008600 0.999900
vn 0.000000 0.008600 0.999900
vn 0.000000 -0.700900 0.713300
vn 0.000000 -0.492300 0.870400
vn 0.000000 -0.492300 0.870400
vn 0.000000 -0.700900 0.713300
vn 0.000000 -0.963600 0.267200
vn 0.000000 -0.963600 0.267200
vn -1.000000 -0.000000 0.000000
vn -1.000000 -0.000000 0.000000
vn -1.000000 -0.000000 0.000000
vn -1.000000 -0.000000 0.000000
vn -1.000000 0.000100 0.000000
vn -1.000000 0.000100 0.000000
vn -1.000000 -0.000000 0.000000
vn -1.000000 -0.000000 0.000000
vn -1.000000 -0.000100 0.000000
vn -1.000000 -0.000100 0.000000
vn -1.000000 -0.000100 0.000000
vn -1.000000 -0.000100 0.000000
vn -1.000000 0.000100 0.000000
vn -1.000000 0.000100 0.000000
vn -1.000000 0.000100 0.000000
vn -1.000000 0.000100 0.000000
vn -1.000000 -0.000000 0.000000
vn -1.000000 -0.000000 0.000000
vn -1.000000 -0.000000 0.000000
vn -1.000000 -0.000000 0.000000
vn -1.000000 -0.000000 0.000000
vn -1.000000 -0.000000 0.000000
vn -1.000000 -0.000000 0.000000
vn -1.000000 -0.000000 0.000000
vn 0.849500 -0.459200 -0.259700
vn 0.857600 -0.366900 -0.360500
vn 0.857600 -0.137500 -0.495600
vn 0.857600 0.128800 -0.497900
vn 0.857600 0.360500 -0.366800
vn 0.849600 0.454400 -0.267700
vn 0.849500 0.459200 0.259700
vn 0.857500 0.367000 0.360400
vn 0.857600 0.137500 0.495600
vn 0.857600 -0.128700 0.497900
vn 0.857600 -0.360500 0.366800
vn 0.849500 -0.454500 0.267700
vn 0.000000 -0.700900 0.713300
vn 0.000000 -0.963600 0.267300
vn 0.000000 -0.963600 0.267300
vn 0.000000 -0.700900 0.713300
vn 0.000000 -0.492300 0.870400
vn 0.000000 -0.700900 0.713300
vn 0.000000 -0.492300 0.870400
vn 0.000000 0.008700 0.999900
vn 0.000000 0.008700 0.999900
vn 0.000000 0.008700 0.999900
vn 0.000000 0.008700 0.999900
vn 0.000000 0.713300 0.700900
vn 0.000000 0.507500 0.861600
vn 0.000000 0.507500 0.861600
vn 0.000000 0.713300 0.700900
vn 0.000000 0.968100 0.250300
vn 0.000000 0.713300 0.700900
vn 0.000000 0.968100 0.250300
vn 0.000000 0.963600 -0.267200
vn 0.000000 0.968100 0.250300
vn 0.000000 0.963600 -0.267200
vn 0.000000 0.700900 -0.713300
vn 0.000000 0.963600 -0.267200
vn 0.000000 0.700900 -0.713300
vn 0.000000 0.492300 -0.870400
vn 0.000000 0.700900 -0.713300
vn 0.000000 0.492300 -0.870400
vn 0.000000 -0.008700 -0.999900
vn 0.000000 -0.008700 -0.999900
vn 0.000000 -0.008700 -0.999900
vn 0.000000 -0.008700 -0.999900
vn 0.000000 -0.713400 -0.700800
vn 0.000000 -0.507700 -0.861500
vn 0.000000 -0.507700 -0.861500
vn 0.000000 -0.713400 -0.700800
vn 0.000000 -0.968100 -0.250300
vn 0.000000 -0.713400 -0.700800
vn 0.000000 -0.968100 -0.250300
vn 0.000000 -0.968100 -0.250300
vn 0.000000 -0.963600 0.267300
vn 0.000000 -0.963600 0.267300
vn 0.000000 -0.968100 -0.250300
vn 0.000000 -0.968100 -0.250300
vn 0.000000 -0.963600 0.267300
vn 0.000000 -0.713300 -0.700900
vn 0.000000 -0.713300 -0.700900
vn 0.000000 -0.968100 -0.250300
vn 0.000000 -0.507500 -0.861600
vn 0.000000 -0.507500 -0.861600
vn 0.000000 -0.713300 -0.700900
vn 0.000000 -0.008700 -0.999900
vn 0.000000 -0.008700 -0.999900
vn 0.000000 -0.008700 -0.999900
vn 0.000000 -0.008700 -0.999900
vn 0.000000 0.492500 -0.870300
vn 0.000000 0.700900 -0.713200
vn 0.000000 0.700900 -0.713200
vn 0.000000 0.492500 -0.870300
vn 0.000000 0.963600 -0.267200
vn 0.000000 0.963600 -0.267200
vn 0.000000 0.700900 -0.713200
vn 0.000000 0.968100 0.250300
vn 0.000000 0.968100 0.250300
vn 0.000000 0.963600 -0.267200
vn 0.000000 0.713300 0.700900
vn 0.000000 0.713300 0.700900
vn 0.000000 0.968100 0.250300
vn 0.000000 0.507500 0.861600
vn 0.000000 0.507500 0.861600
vn 0.000000 0.713300 0.700900
vn 0.000000 0.008700 0.999900
vn 0.000000 0.008700 0.999900
vn 0.000000 0.008700 0.999900
vn 0.000000 0.008700 0.999900
vn 0.000000 -0.492300 0.870400
vn 0.000000 -0.700900 0.713300
vn 0.000000 -0.700900 0.713300
vn 0.000000 -0.492300 0.870400
vn 0.000000 -0.963600 0.267300
vn 0.000000 -0.700900 0.713300
vn 0.857600 -0.360500 0.366800
vn 0.849500 -0.454500 0.267700
vn 0.891500 -0.390200 0.229900
vn 0.899800 -0.308500 0.308500
vn 0.857600 -0.128700 0.497900
vn 0.894400 -0.113600 0.432600
vn 0.857600 0.137500 0.495600
vn 0.894400 0.121100 0.430600
vn 0.857600 0.366800 0.360500
vn 0.899800 0.314000 0.303000
vn 0.849600 0.459100 0.259700
vn 0.891500 0.394300 0.223000
vn 0.857600 0.360600 -0.366800
vn 0.849500 0.454500 -0.267700
vn 0.891400 0.390400 -0.229900
vn 0.899700 0.308700 -0.308500
vn 0.857600 0.128700 -0.497900
vn 0.894400 0.113600 -0.432600
vn 0.857600 -0.137600 -0.495600
vn 0.894300 -0.121300 -0.430600
vn 0.857600 -0.366800 -0.360500
vn 0.899700 -0.314100 -0.303000
vn 0.849700 -0.458900 -0.259700
vn 0.891500 -0.394300 -0.223000
vn -1.000000 -0.000000 0.000000
vn -1.000000 -0.000100 0.000000
vn -1.000000 -0.000100 0.000000
vn -1.000000 -0.000000 0.000000
vn -1.000000 0.000100 0.000000
vn -1.000000 0.000100 0.000000
vn -1.000000 -0.000000 0.000000
vn -1.000000 -0.000000 0.000000
vn -1.000000 -0.000100 0.000000
vn -1.000000 -0.000100 0.000000
vn -1.000000 -0.000100 0.000000
vn -1.000000 -0.000100 0.000000
vn -1.000000 -0.000000 0.000000
vn -1.000000 -0.000000 0.000000
vn -1.000000 -0.000000 0.000000
vn -1.000000 -0.000000 0.000000
vn -1.000000 -0.000000 0.000000
vn -1.000000 -0.000000 0.000000
vn -1.000000 -0.000100 0.000000
vn -1.000000 -0.000100 0.000000
vn -1.000000 -0.000000 0.000000
vn -1.000000 -0.000000 0.000000
vn -1.000000 -0.000000 0.000000
vn -1.000000 -0.000000 0.000000
vn 0.000000 -0.963600 0.267200
vn 0.000000 -0.700900 0.713200
vn 0.000000 -0.700900 0.713200
vn 0.000000 -0.963600 0.267200
vn 0.000000 -0.492400 0.870400
vn 0.000000 -0.492400 0.870400
vn 0.000000 0.008600 0.999900
vn 0.000000 0.008600 0.999900
vn 0.000000 0.008600 0.999900
vn 0.000000 0.008600 0.999900
vn 0.000000 0.507600 0.861600
vn 0.000000 0.713200 0.700900
vn 0.000000 0.713200 0.700900
vn 0.000000 0.507600 0.861600
vn 0.000000 0.968100 0.250400
vn 0.000000 0.968100 0.250400
vn 0.000000 0.963600 -0.267300
vn 0.000000 0.963600 -0.267300
vn 0.000000 0.700900 -0.713200
vn 0.000000 0.700900 -0.713200
vn 0.000000 0.492400 -0.870300
vn 0.000000 0.492400 -0.870300
vn 0.000000 -0.008600 -0.999900
vn 0.000000 -0.008600 -0.999900
vn 0.000000 -0.008600 -0.999900
vn 0.000000 -0.008600 -0.999900
vn 0.000000 -0.507600 -0.861600
vn 0.000000 -0.713200 -0.700900
vn 0.000000 -0.713200 -0.700900
vn 0.000000 -0.507600 -0.861600
vn 0.000000 -0.968100 -0.250400
vn 0.000000 -0.968100 -0.250400
vn 0.000000 -0.963600 0.267200
vn 0.000000 -0.963600 0.267200
vn 0.103600 -0.112500 -0.988200
vn 0.112100 0.095900 -0.989000
vn -0.000100 -0.008700 -0.999900
vn -0.000100 -0.008700 -0.999900
vn 0.980800 0.132700 0.142500
vn 0.976400 0.187800 0.106100
vn 0.978000 0.052000 0.201800
vn 0.978000 -0.048600 0.202700
vn 0.980900 -0.130000 0.144700
vn 0.976500 -0.185500 0.109400
vn 0.103700 -0.095300 0.990000
vn 0.112300 0.113100 0.987200
vn 0.157600 0.155200 0.975200
vn 0.145400 -0.137400 0.979800
vn 0.145400 -0.154300 -0.977300
vn 0.157300 0.138200 -0.977800
vn 0.284400 -0.277600 0.917600
vn 0.284400 -0.277600 0.917600
vn 0.307600 0.294400 0.904800
vn 0.307600 0.294400 0.904800
vn 0.307200 0.278600 -0.909900
vn 0.307200 0.278600 -0.909900
vn 0.284500 -0.293300 -0.912700
vn 0.284500 -0.293300 -0.912700
vn 0.909600 0.415500 -0.003600
vn 0.909600 0.415500 -0.003600
vn 0.968200 0.250000 -0.002200
vn 0.968200 0.250000 -0.002200
vn 0.909400 -0.415900 0.003600
vn 0.909400 -0.415900 0.003600
vn 0.968200 -0.250200 0.002200
vn 0.968200 -0.250200 0.002200
vn 1.000000 0.000000 0.000000
vn 1.000000 0.000000 0.000000
vn 1.000000 0.000000 0.000000
vn 1.000000 0.000000 0.000000
vn 0.980900 0.130100 -0.144800
vn 0.980800 -0.132800 -0.142500
vn 0.978000 -0.052100 -0.201800
vn 0.978000 0.048600 -0.202700
vn 0.976500 0.185800 -0.109400
vn 0.976400 -0.188000 -0.106100
vn 0.000100 0.008800 0.999900
vn 0.000100 0.008800 0.999900
vn -1.000000 -0.000000 0.000000
vn -1.000000 -0.000000 0.000000
vn -1.000000 -0.000000 0.000000
vn -1.000000 -0.000000 0.000000
vn -1.000000 -0.000000 0.000000
vn -1.000000 -0.000000 0.000000
vn -1.000000 -0.000000 0.000000
vn -1.000000 -0.000000 0.000000
vn -1.000000 -0.000000 0.000000
vn -1.000000 -0.000000 0.000000
vn -1.000000 -0.000000 0.000000
vn -1.000000 -0.000000 0.000000
vn -1.000000 -0.000000 0.000000
vn -1.000000 -0.000000 0.000000
vn -1.000000 -0.000000 0.000000
vn -1.000000 -0.000000 0.000000
vn 0.000000 -1.000000 0.000000
vn 0.000000 -1.000000 0.000000
vn 0.000000 -1.000000 0.000000
vn 0.000000 -1.000000 0.000000
vn 0.000000 0.000000 1.000000
vn 0.000000 0.000000 1.000000
vn 0.000000 0.000000 1.000000
vn 0.000000 0.000000 1.000000
vn 0.000000 0.000000 -1.000000
vn 0.000000 0.000000 -1.000000
vn 0.000000 0.000000 -1.000000
vn 0.000000 0.000000 -1.000000
vn 0.000000 1.000000 0.000000
vn 0.000000 1.000000 0.000000
vn 0.000000 1.000000 0.000000
vn 0.000000 1.000000 0.000000
vn 0.000000 0.000000 -1.000000
vn 0.000000 0.000000 -1.000000
vn 0.000000 0.000000 1.000000
vn 0.000000 0.000000 1.000000
vn -1.000000 -0.000000 0.000000
vn -1.000000 -0.000000 0.000000
vn -1.000000 -0.000000 0.000000
vn -1.000000 -0.000000 0.000000
vn -1.000000 -0.000000 0.000000
vn -1.000000 -0.000000 0.000000
vn 0.000000 0.000000 1.000000
vn 0.000000 0.000000 1.000000
vn 0.000000 0.000000 1.000000
vn 0.000000 0.000000 1.000000
vn 0.000000 0.000000 -1.000000
vn 0.000000 0.000000 -1.000000
vn 0.000000 0.000000 -1.000000
vn 0.000000 0.000000 -1.000000
vn 1.000000 0.000000 0.000000
vn 1.000000 0.000000 0.000000
vn 1.000000 0.000000 0.000000
vn 1.000000 0.000000 0.000000
vn 0.000000 -1.000000 0.000000
vn 0.000000 -1.000000 0.000000
vn 0.000000 -1.000000 0.000000
vn 0.000000 -1.000000 0.000000
vn 0.000000 0.000000 -1.000000
vn 0.000000 0.000000 -1.000000
vn 0.000000 0.000000 -1.000000
vn 0.000000 0.000000 -1.000000
vn -1.000000 -0.000000 0.000000
vn -1.000000 -0.000000 0.000000
vn 0.000000 0.000000 1.000000
vn 0.000000 0.000000 1.000000
vn 0.000000 0.000000 1.000000
vn 0.000000 0.000000 1.000000
vn 1.000000 0.000000 0.000000
vn 1.000000 0.000000 0.000000
vn 1.000000 0.000000 0.000000
vn 1.000000 0.000000 0.000000
vn 0.000000 1.000000 0.000000
vn 0.000000 1.000000 0.000000
vn 0.000000 1.000000 0.000000
vn 0.000000 1.000000 0.000000
vn 0.112200 0.981500 0.154700
vn 0.103800 0.928500 0.356400
vn -0.000000 0.965900 0.258800
vn -0.000000 0.965900 0.258800
vn 0.891500 -0.320200 0.320300
vn 0.899800 -0.375800 0.221500
vn 0.980900 -0.172600 0.089700
vn 0.976500 -0.152100 0.152400
vn 0.894300 -0.447400 0.001700
vn 0.978000 -0.208500 -0.003700
vn 0.894300 -0.386600 -0.225100
vn 0.978000 -0.182500 -0.101000
vn 0.899800 -0.214800 -0.379800
vn 0.980900 -0.104600 -0.164100
vn 0.891500 -0.117200 -0.437500
vn 0.976500 -0.055500 -0.208200
vn 1.000000 0.000000 0.000000
vn 1.000000 0.000000 0.000000
vn 1.000000 0.000000 0.000000
vn 1.000000 0.000000 0.000000
vn 0.968200 -0.064700 0.241500
vn 0.968200 -0.064700 0.241500
vn 0.968200 0.064700 -0.241500
vn 0.968200 0.064700 -0.241500
vn 0.909500 -0.107500 0.401400
vn 0.909500 -0.107500 0.401400
vn 0.909600 0.107500 -0.401300
vn 0.909600 0.107500 -0.401300
vn 0.103500 -0.982400 -0.155600
vn 0.284400 -0.957900 0.038600
vn 0.284400 -0.957900 0.038600
vn 0.145300 -0.982900 -0.112500
vn 0.306800 -0.802600 -0.511500
vn 0.111900 -0.927500 -0.356600
vn 0.157100 -0.905400 -0.394400
vn 0.306800 -0.802600 -0.511500
vn 0.307200 0.950700 -0.042000
vn 0.307200 0.950700 -0.042000
vn 0.157400 0.981300 0.111000
vn 0.284600 0.810100 0.512500
vn 0.145500 0.907500 0.394100
vn 0.284600 0.810100 0.512500
vn 0.980900 0.104700 0.164100
vn 0.980800 0.172900 -0.089700
vn 0.978000 0.208600 0.003700
vn 0.978000 0.182400 0.101000
vn 0.976500 0.055700 0.208200
vn 0.976500 0.152400 -0.152400
vn 0.899700 0.214800 0.379800
vn 0.891500 0.117300 0.437500
vn 0.894300 0.386600 0.225000
vn 0.894300 0.447400 -0.001700
vn 0.899700 0.376000 -0.221500
vn 0.891500 0.320300 -0.320300
vn -0.000200 -0.966000 -0.258500
vn -0.000200 -0.966000 -0.258500
vn 0.000000 -0.258800 0.965900
vn 0.000000 -0.258800 0.965900
vn 0.000000 -0.258800 0.965900
vn 0.000000 -0.258800 0.965900
vn 0.000000 -0.866000 0.500000
vn 0.000000 -0.706900 0.707200
vn 0.000000 -0.706900 0.707200
vn 0.000000 -0.866000 0.500000
vn 0.000000 -1.000000 0.000000
vn 0.000000 -1.000000 0.000000
vn 0.000000 -0.866000 -0.500000
vn 0.000000 -0.866000 -0.500000
vn 0.000000 -0.706900 -0.707200
vn 0.000000 -0.706900 -0.707200
vn 0.000000 -0.259000 -0.965900
vn 0.000000 -0.259000 -0.965900
vn 0.000000 -0.259000 -0.965900
vn 0.000000 -0.259000 -0.965900
vn 0.000000 0.259100 -0.965800
vn 0.000000 0.259100 -0.965800
vn 0.000000 0.259100 -0.965800
vn 0.000000 0.259100 -0.965800
vn 0.000000 0.865900 -0.500100
vn 0.000000 0.706900 -0.707200
vn 0.000000 0.706900 -0.707200
vn 0.000000 0.865900 -0.500100
vn 0.000000 1.000000 0.000000
vn 0.000000 1.000000 0.000000
vn 0.000000 0.865900 0.500100
vn 0.000000 0.865900 0.500100
vn 0.000000 0.706900 0.707200
vn 0.000000 0.706900 0.707200
vn 0.000000 0.258900 0.965900
vn 0.000000 0.258900 0.965900
vn 0.000000 0.258900 0.965900
vn 0.000000 0.258900 0.965900
vn -1.000000 -0.000000 0.000000
vn -1.000000 -0.000000 0.000000
vn -1.000000 -0.000000 0.000000
vn -1.000000 -0.000000 0.000000
vn -1.000000 -0.000100 0.000000
vn -1.000000 -0.000100 0.000000
vn -1.000000 -0.000100 0.000000
vn -1.000000 -0.000100 0.000000
vn -1.000000 -0.000100 0.000000
vn -1.000000 -0.000100 0.000000
vn -1.000000 -0.000200 0.000000
vn -1.000000 -0.000200 0.000000
vn -1.000000 -0.000100 0.000000
vn -1.000000 -0.000100 0.000000
vn -1.000000 -0.000000 0.000000
vn -1.000000 -0.000000 0.000000
vn -1.000000 0.000100 0.000000
vn -1.000000 0.000100 0.000000
vn -1.000000 0.000100 0.000000
vn -1.000000 0.000100 0.000000
vn -1.000000 0.000100 0.000000
vn -1.000000 0.000100 0.000000
vn -1.000000 -0.000000 0.000000
vn -1.000000 -0.000000 0.000000
vn 0.849500 -0.373000 0.373000
vn 0.857600 -0.445400 0.257100
vn 0.857600 -0.514300 0.000000
vn 0.857600 -0.445400 -0.257100
vn 0.857600 -0.257200 -0.445400
vn 0.849600 -0.136600 -0.509400
vn 0.849500 0.373000 -0.372900
vn 0.857600 0.445400 -0.257100
vn 0.857600 0.514300 0.000000
vn 0.857600 0.445400 0.257100
vn 0.857600 0.257300 0.445400
vn 0.849500 0.136600 0.509500
vn 0.000000 0.258800 0.965900
vn 0.000000 0.258800 0.965900
vn 0.000000 0.258800 0.965900
vn 0.000000 0.258800 0.965900
vn 0.000000 0.866100 0.499900
vn 0.000000 0.707200 0.707000
vn 0.000000 0.707200 0.707000
vn 0.000000 0.866100 0.499900
vn 0.000000 1.000000 0.000000
vn 0.000000 0.866100 0.499900
vn 0.000000 1.000000 0.000000
vn 0.000000 0.866100 -0.499900
vn 0.000000 1.000000 0.000000
vn 0.000000 0.866100 -0.499900
vn 0.000000 0.707200 -0.707000
vn 0.000000 0.866100 -0.499900
vn 0.000000 0.707200 -0.707000
vn 0.000000 0.258800 -0.965900
vn 0.000000 0.258800 -0.965900
vn 0.000000 0.258800 -0.965900
vn 0.000000 0.258800 -0.965900
vn 0.000000 -0.258800 -0.965900
vn 0.000000 -0.258800 -0.965900
vn 0.000000 -0.258800 -0.965900
vn 0.000000 -0.258800 -0.965900
vn 0.000000 -0.866100 -0.499900
vn 0.000000 -0.707200 -0.707000
vn 0.000000 -0.707200 -0.707000
vn 0.000000 -0.866100 -0.499900
vn 0.000000 -1.000000 0.000000
vn 0.000000 -0.866100 -0.499900
vn 0.000000 -1.000000 0.000000
vn 0.000000 -0.866100 0.499900
vn 0.000000 -1.000000 0.000000
vn 0.000000 -0.866100 0.499900
vn 0.000000 -0.707200 0.707000
vn 0.000000 -0.866100 0.499900
vn 0.000000 -0.707200 0.707000
vn 0.000000 -0.258800 0.965900
vn 0.000000 -0.258800 0.965900
vn 0.000000 -0.258800 0.965900
vn 0.000000 -0.258800 0.965900
vn 0.000000 -1.000000 0.000000
vn 0.000000 -1.000000 0.000000
vn 0.000000 -1.000000 0.000000
vn 0.000000 -1.000000 0.000000
vn 1.000000 0.000000 0.000000
vn 1.000000 0.000000 0.000000
vn 1.000000 0.000000 0.000000
vn 1.000000 0.000000 0.000000
vn 0.000000 0.000000 1.000000
vn 0.000000 0.000000 1.000000
vn 0.000000 0.000000 1.000000
vn 0.000000 0.000000 1.000000
vn -1.000000 -0.000000 0.000000
vn -1.000000 -0.000000 0.000000
vn -1.000000 -0.000000 0.000000
vn -1.000000 -0.000000 0.000000
vn 0.000000 0.000000 -1.000000
vn 0.000000 0.000000 -1.000000
vn 0.000000 0.000000 -1.000000
vn 0.000000 0.000000 -1.000000
vn 0.000000 1.000000 0.000000
vn 0.000000 1.000000 0.000000
vn 0.000000 1.000000 0.000000
vn 0.000000 1.000000 0.000000
vn 1.000000 0.000000 0.000000
vn 1.000000 0.000000 0.000000
vn 1.000000 0.000000 0.000000
vn 1.000000 0.000000 0.000000
vn 0.000000 0.000000 -1.000000
vn 0.000000 0.000000 -1.000000
vn 0.000000 0.000000 -1.000000
vn 0.000000 0.000000 -1.000000
vn 0.000000 0.000000 1.000000
vn 0.000000 0.000000 1.000000
vn 0.000000 0.000000 1.000000
vn 0.000000 0.000000 1.000000
vn -1.000000 -0.000000 0.000000
vn -1.000000 -0.000000 0.000000
vn -1.000000 -0.000000 0.000000
vn -1.000000 -0.000000 0.000000
vn 0.000000 0.000000 1.000000
vn 0.000000 0.000000 1.000000
vn 0.000000 0.000000 1.000000
vn 0.000000 0.000000 1.000000
vn 0.000000 0.000000 -1.000000
vn 0.000000 0.000000 -1.000000
vn 0.000000 0.000000 -1.000000
vn 0.000000 0.000000 -1.000000
vn 0.000000 -1.000000 0.000000
vn 0.000000 -1.000000 0.000000
vn 0.000000 -1.000000 0.000000
vn 0.000000 -1.000000 0.000000
vn 0.000000 0.000000 -1.000000
vn 0.000000 0.000000 -1.000000
vn 0.000000 0.000000 1.000000
vn 0.000000 0.000000 1.000000
vn 0.000000 1.000000 0.000000
vn 0.000000 1.000000 0.000000
vn 0.000000 1.000000 0.000000
vn 0.000000 1.000000 0.000000
vn -1.000000 -0.000000 0.000000
vn -1.000000 -0.000000 0.000000
vn -1.000000 -0.000000 0.000000
vn -1.000000 -0.000000 0.000000
vn -1.000000 -0.000000 0.000000
vn -1.000000 -0.000000 0.000000
vn -1.000000 -0.000000 0.000000
vn -1.000000 -0.000000 0.000000
vn -1.000000 -0.000000 0.000000
vn -1.000000 -0.000000 0.000000
vn -1.000000 -0.000000 0.000000
vn -1.000000 -0.000000 0.000000
vn -1.000000 -0.000000 0.000000
vn -1.000000 -0.000000 0.000000
vn -1.000000 -0.000000 0.000000
vn -1.000000 -0.000000 0.000000
vn 1.000000 0.000000 0.000000
vn 1.000000 0.000000 0.000000
vn 1.000000 0.000000 0.000000
vn 1.000000 0.000000 0.000000
vn 0.000000 0.000000 -1.000000
vn 0.000000 0.000000 -1.000000
vn 0.000000 0.000000 -1.000000
vn 0.000000 0.000000 -1.000000
vn 0.000000 0.000000 1.000000
vn 0.000000 0.000000 1.000000
vn 0.000000 0.000000 1.000000
vn 0.000000 0.000000 1.000000
vn 0.000000 1.000000 0.000000
vn 0.000000 1.000000 0.000000
vn 0.000000 1.000000 0.000000
vn 0.000000 1.000000 0.000000
vn 0.000000 -1.000000 0.000000
vn 0.000000 -1.000000 0.000000
vn 0.000000 -1.000000 0.000000
vn 0.000000 -1.000000 0.000000
vn -1.000000 -0.000000 0.000000
vn -1.000000 -0.000000 0.000000
vn -1.000000 -0.000000 0.000000
vn -1.000000 -0.000000 0.000000
vn 0.000000 0.000000 -1.000000
vn 0.000000 0.000000 -1.000000
vn 0.000000 0.000000 -1.000000
vn 0.000000 0.000000 -1.000000
vn 0.000000 0.000000 -1.000000
vn 0.000000 0.000000 -1.000000
vn 0.000000 0.000000 -1.000000
vn 0.000000 0.000000 -1.000000
vn 0.000000 0.000000 1.000000
vn 0.000000 0.000000 1.000000
vn 0.000000 0.000000 1.000000
vn 0.000000 0.000000 1.000000
vn 0.000000 0.000000 1.000000
vn 0.000000 0.000000 1.000000
vn 0.000000 0.000000 1.000000
vn 0.000000 0.000000 1.000000
vn 1.000000 0.000000 0.000000
vn 1.000000 0.000000 0.000000
vn 1.000000 0.000000 0.000000
vn 1.000000 0.000000 0.000000
vn 1.000000 0.000000 0.000000
vn 1.000000 0.000000 0.000000
vn 1.000000 0.000000 0.000000
vn 1.000000 0.000000 0.000000
vn 0.000000 1.000000 0.000000
vn 0.000000 1.000000 0.000000
vn 0.000000 1.000000 0.000000
vn 0.000000 1.000000 0.000000
vn 0.000000 -1.000000 0.000000
vn 0.000000 -1.000000 0.000000
vn 0.000000 -1.000000 0.000000
vn 0.000000 -1.000000 0.000000
vt 3.988600 0.580500
vt 3.988600 0.580800
vt 3.988000 0.580800
vt 3.988000 0.580500
vt 3.989300 0.581000
vt 3.988800 0.581100
vt 3.988100 0.580800
vt 3.990500 0.581200
vt 3.990300 0.581300
vt 3.989000 0.581100
vt 3.990500 0.581200
vt 3.992000 0.581200
vt 3.992000 0.581300
vt 3.990500 0.581300
vt 3.992000 0.581200
vt 3.993200 0.581000
vt 3.993500 0.581100
vt 3.992200 0.581300
vt 3.993900 0.580800
vt 3.994400 0.580800
vt 3.993700 0.581100
vt 3.993900 0.580500
vt 3.994500 0.580500
vt 3.994500 0.580800
vt 3.993200 0.580300
vt 3.993700 0.580200
vt 3.994400 0.580500
vt 3.992000 0.580100
vt 3.992200 0.580000
vt 3.993500 0.580200
vt 3.992000 0.580100
vt 3.990500 0.580100
vt 3.990500 0.580000
vt 3.992000 0.580000
vt 3.990500 0.580100
vt 3.989300 0.580300
vt 3.989000 0.580200
vt 3.990300 0.580000
vt 3.988100 0.580500
vt 3.988800 0.580200
vt 3.999700 0.578100
vt 4.000500 0.578300
vt 3.999200 0.578400
vt 3.998800 0.578300
vt 3.998500 0.577900
vt 3.998200 0.578200
vt 3.997200 0.577900
vt 3.997500 0.578200
vt 3.996000 0.578100
vt 3.996900 0.578300
vt 3.995200 0.578300
vt 3.996500 0.578400
vt 3.995800 0.579800
vt 3.995100 0.579600
vt 3.996400 0.579500
vt 3.996800 0.579600
vt 3.997000 0.579900
vt 3.997400 0.579700
vt 3.998400 0.579900
vt 3.998000 0.579700
vt 3.999600 0.579800
vt 3.998700 0.579600
vt 4.000400 0.579600
vt 3.999000 0.579500
vt 3.988600 0.580800
vt 3.988600 0.580500
vt 3.990300 0.580600
vt 3.990300 0.580700
vt 3.989300 0.581000
vt 3.990500 0.580800
vt 3.990500 0.581200
vt 3.991000 0.580800
vt 3.992000 0.581200
vt 3.991500 0.580800
vt 3.993200 0.581000
vt 3.992000 0.580800
vt 3.993900 0.580800
vt 3.992200 0.580700
vt 3.993900 0.580500
vt 3.992200 0.580600
vt 3.993200 0.580300
vt 3.992000 0.580500
vt 3.992000 0.580100
vt 3.991500 0.580500
vt 3.990500 0.580100
vt 3.991000 0.580500
vt 3.989300 0.580300
vt 3.990500 0.580500
vt 3.906700 0.643100
vt 3.906700 0.643200
vt 3.903900 0.643200
vt 3.903900 0.643100
vt 3.906700 0.643300
vt 3.903900 0.643300
vt 3.906700 0.643300
vt 3.906700 0.643400
vt 3.903900 0.643400
vt 3.903900 0.643300
vt 3.906700 0.643400
vt 3.906700 0.643500
vt 3.903900 0.643500
vt 3.903900 0.643400
vt 3.906700 0.643600
vt 3.903900 0.643600
vt 3.906700 0.643700
vt 3.903900 0.643700
vt 3.906700 0.643800
vt 3.903900 0.643800
vt 3.906700 0.643900
vt 3.903900 0.643900
vt 3.906700 0.643900
vt 3.906700 0.644000
vt 3.903900 0.644000
vt 3.903900 0.643900
vt 3.906700 0.644000
vt 3.906700 0.644100
vt 3.903900 0.644100
vt 3.903900 0.644000
vt 3.906700 0.644200
vt 3.903900 0.644200
vt 3.906700 0.644300
vt 3.903900 0.644300
vt 3.999500 0.578400
vt 3.996100 0.578400
vt 3.997100 0.578400
vt 3.998600 0.578400
vt 3.997300 0.578300
vt 3.997100 0.578400
vt 3.997700 0.578300
vt 3.998100 0.578300
vt 3.998400 0.578300
vt 3.998600 0.578400
vt 3.999500 0.579400
vt 3.996100 0.579400
vt 3.996100 0.579300
vt 3.999500 0.579300
vt 3.999500 0.578600
vt 3.996100 0.578600
vt 4.001100 0.579300
vt 4.000500 0.579300
vt 3.994500 0.579300
vt 3.995000 0.579300
vt 3.994500 0.578600
vt 3.995000 0.578600
vt 4.001100 0.578600
vt 4.000500 0.578600
vt 3.962500 0.673300
vt 3.962500 0.673000
vt 3.962900 0.673000
vt 3.962900 0.673200
vt 3.968000 0.673000
vt 3.968000 0.673300
vt 3.967600 0.673200
vt 3.967600 0.673000
vt 3.963800 0.673000
vt 3.963800 0.673200
vt 3.966700 0.673200
vt 3.966700 0.673000
vt 3.997200 0.579600
vt 3.998300 0.579600
vt 3.997900 0.579600
vt 3.997500 0.579600
vt 3.996900 0.579500
vt 3.998500 0.579500
vt 3.998500 0.579500
vt 3.996900 0.579500
vt 3.955800 0.684300
vt 3.966000 0.684000
vt 3.966000 0.679800
vt 3.955800 0.679500
vt 2.119100 0.545600
vt 2.108300 0.545200
vt 2.098800 0.545300
vt 2.095800 0.545600
vt 4.021800 0.542600
vt 4.031900 0.543100
vt 4.035700 0.543000
vt 4.044200 0.542600
vt 3.966000 0.684300
vt 3.955800 0.684700
vt 3.955800 0.688900
vt 3.966000 0.689200
vt 3.941300 0.551000
vt 3.917800 0.551000
vt 3.917800 0.555100
vt 3.941300 0.555100
vt 2.112700 0.542700
vt 2.089800 0.542700
vt 2.089800 0.543900
vt 2.112700 0.543900
vt 2.204900 0.540100
vt 2.182000 0.540100
vt 2.182000 0.541400
vt 2.204900 0.541400
vt 2.122900 0.546400
vt 2.122900 0.550900
vt 2.144100 0.550900
vt 2.144100 0.546400
vt 2.177700 0.540100
vt 2.177700 0.541400
vt 2.085500 0.542700
vt 2.085500 0.543900
vt 2.168200 0.550900
vt 2.168200 0.555100
vt 2.174800 0.555100
vt 2.174800 0.550900
vt 2.177700 0.555100
vt 2.177700 0.550900
vt 2.093800 0.659500
vt 2.093800 0.660100
vt 2.098100 0.660100
vt 2.098100 0.659500
vt 2.098100 0.664700
vt 2.098100 0.664100
vt 2.093800 0.664100
vt 2.093800 0.664700
vt 3.917800 0.551000
vt 3.915000 0.551000
vt 3.915000 0.555100
vt 3.917800 0.555100
vt 2.098100 0.660100
vt 2.093800 0.660100
vt 2.093800 0.664100
vt 2.098100 0.664100
vt 2.098100 0.702000
vt 2.098100 0.698700
vt 2.093800 0.698700
vt 2.093800 0.702000
vt 2.150300 0.550900
vt 2.150300 0.555100
vt 2.093800 0.691300
vt 2.093800 0.694600
vt 2.098100 0.694600
vt 2.098100 0.691300
vt 2.032100 0.546900
vt 2.050000 0.546900
vt 2.050000 0.542700
vt 2.032100 0.542700
vt 2.093800 0.698700
vt 2.098100 0.698700
vt 2.098100 0.694600
vt 2.093800 0.694600
vt 3.904800 0.650200
vt 3.904800 0.649500
vt 3.905100 0.649700
vt 3.905100 0.650000
vt 3.905100 0.649600
vt 3.905700 0.649700
vt 3.905400 0.649700
vt 3.905100 0.649700
vt 3.906000 0.649800
vt 3.905600 0.649800
vt 3.906000 0.649900
vt 3.905600 0.649900
vt 3.905700 0.650000
vt 3.905400 0.649900
vt 3.905100 0.650100
vt 3.905100 0.650000
vt 3.967300 0.722600
vt 3.968000 0.722600
vt 3.968000 0.723200
vt 3.967300 0.723200
vt 3.967200 0.722500
vt 3.968100 0.722500
vt 3.968100 0.723400
vt 3.967200 0.723400
vt 3.966900 0.722400
vt 3.968400 0.722400
vt 3.968400 0.723400
vt 3.966900 0.723400
vt 3.906600 0.648200
vt 3.907400 0.647900
vt 3.907300 0.648000
vt 3.907300 0.648200
vt 3.907400 0.649200
vt 3.906600 0.648900
vt 3.907300 0.648900
vt 3.907300 0.649100
vt 3.903900 0.650500
vt 3.904000 0.650400
vt 3.904000 0.650200
vt 3.903900 0.649200
vt 3.904000 0.649500
vt 3.904000 0.649300
vt 3.905900 0.648400
vt 3.905900 0.648600
vt 3.905700 0.648500
vt 3.905700 0.648500
vt 3.906200 0.648400
vt 3.906200 0.648700
vt 3.905600 0.648300
vt 3.906200 0.648200
vt 3.905300 0.648400
vt 3.905300 0.648600
vt 3.905600 0.648700
vt 3.906200 0.648800
vt 3.906200 0.648700
vt 3.906200 0.648400
vt 3.906700 0.647800
vt 3.906700 0.647900
vt 3.903900 0.647900
vt 3.903900 0.647800
vt 3.906700 0.647700
vt 3.906700 0.647800
vt 3.903900 0.647800
vt 3.903900 0.647700
vt 3.906700 0.647600
vt 3.903900 0.647600
vt 3.906700 0.647500
vt 3.903900 0.647500
vt 3.906700 0.647400
vt 3.903900 0.647400
vt 3.906700 0.647300
vt 3.906700 0.647400
vt 3.903900 0.647400
vt 3.903900 0.647300
vt 3.906700 0.647200
vt 3.906700 0.647300
vt 3.903900 0.647300
vt 3.903900 0.647200
vt 3.906700 0.647100
vt 3.906700 0.647200
vt 3.903900 0.647200
vt 3.903900 0.647100
vt 3.906700 0.647000
vt 3.903900 0.647000
vt 3.906700 0.646900
vt 3.903900 0.646900
vt 3.906700 0.646800
vt 3.903900 0.646800
vt 3.906700 0.646700
vt 3.906700 0.646800
vt 3.903900 0.646800
vt 3.903900 0.646700
vt 3.999300 0.582700
vt 4.000300 0.582900
vt 3.998800 0.583000
vt 3.998400 0.583000
vt 4.000700 0.583100
vt 3.998900 0.583100
vt 4.000300 0.583400
vt 3.998800 0.583200
vt 3.999300 0.583600
vt 3.998400 0.583300
vt 3.997900 0.583700
vt 3.997900 0.583300
vt 3.996500 0.583600
vt 3.997400 0.583300
vt 3.995500 0.583400
vt 3.997000 0.583200
vt 3.995100 0.583100
vt 3.996900 0.583100
vt 3.995500 0.582900
vt 3.997000 0.583000
vt 3.996500 0.582700
vt 3.997400 0.583000
vt 3.997900 0.582600
vt 3.997900 0.582900
vt 3.905700 0.649300
vt 3.906800 0.649500
vt 3.907400 0.649700
vt 3.907400 0.650000
vt 3.906800 0.650200
vt 3.905700 0.650400
vt 3.905600 0.649000
vt 3.904600 0.648900
vt 3.903900 0.648600
vt 3.903900 0.648400
vt 3.904600 0.648100
vt 3.905600 0.648000
vt 4.000300 0.582900
vt 3.999300 0.582700
vt 3.999600 0.582600
vt 4.000700 0.582800
vt 4.000700 0.583100
vt 4.000300 0.582900
vt 4.000800 0.582900
vt 4.001200 0.583100
vt 4.000300 0.583400
vt 4.001200 0.583200
vt 4.000800 0.583400
vt 3.999300 0.583600
vt 4.000700 0.583500
vt 3.999600 0.583700
vt 3.997900 0.583700
vt 3.999400 0.583700
vt 3.998000 0.583800
vt 3.996500 0.583600
vt 3.997900 0.583700
vt 3.997800 0.583800
vt 3.996400 0.583700
vt 3.995500 0.583400
vt 3.996500 0.583600
vt 3.996100 0.583700
vt 3.995100 0.583500
vt 3.995100 0.583100
vt 3.995500 0.583400
vt 3.995000 0.583400
vt 3.994600 0.583200
vt 3.995500 0.582900
vt 3.994600 0.583100
vt 3.995000 0.582900
vt 3.996500 0.582700
vt 3.995100 0.582800
vt 3.996100 0.582600
vt 3.997900 0.582600
vt 3.996400 0.582600
vt 3.997700 0.582500
vt 3.999300 0.582700
vt 3.997900 0.582600
vt 3.998000 0.582500
vt 3.999400 0.582600
vt 2.093800 0.688000
vt 2.093800 0.683900
vt 2.098100 0.683900
vt 2.098100 0.688000
vt 2.058500 0.546500
vt 2.058500 0.542300
vt 2.076400 0.542300
vt 2.076400 0.546500
vt 2.093800 0.680600
vt 2.098100 0.680600
vt 2.098100 0.683900
vt 2.093800 0.683900
vt 4.074000 0.554300
vt 4.052300 0.554300
vt 4.052300 0.550900
vt 4.074000 0.550900
vt 2.098100 0.691300
vt 2.093800 0.691300
vt 2.093800 0.688000
vt 2.098100 0.688000
vt 2.098100 0.654900
vt 2.098100 0.659000
vt 2.093800 0.659000
vt 2.093800 0.654900
vt 3.944200 0.551000
vt 3.944200 0.555100
vt 3.941300 0.555100
vt 3.941300 0.551000
vt 2.098100 0.659500
vt 2.093800 0.659500
vt 2.093800 0.659000
vt 2.098100 0.659000
vt 2.093800 0.654300
vt 2.098100 0.654300
vt 2.098100 0.654900
vt 2.093800 0.654900
vt 4.052300 0.555600
vt 4.074000 0.555600
vt 4.074000 0.556200
vt 4.052300 0.556200
vt 3.940500 0.541000
vt 3.940500 0.542300
vt 3.936200 0.542300
vt 3.936200 0.541000
vt 2.182000 0.541400
vt 2.182000 0.542600
vt 2.177700 0.542600
vt 2.177700 0.541400
vt 2.150300 0.546400
vt 2.171500 0.546400
vt 2.171500 0.550900
vt 2.150300 0.550900
vt 2.204900 0.541400
vt 2.204900 0.542600
vt 3.963400 0.541000
vt 3.963400 0.542300
vt 3.967600 0.551000
vt 3.967600 0.555100
vt 3.944200 0.555100
vt 3.944200 0.551000
vt 3.966000 0.703900
vt 3.966000 0.708800
vt 3.955800 0.708400
vt 3.955800 0.704200
vt 2.055500 0.542300
vt 2.032100 0.542300
vt 2.035200 0.542000
vt 2.044700 0.541900
vt 2.032100 0.541600
vt 2.055500 0.541600
vt 2.052400 0.541900
vt 2.042900 0.541900
vt 3.955800 0.723400
vt 3.955800 0.718600
vt 3.966000 0.718900
vt 3.966000 0.723100
vt 4.733400 0.194300
vt 4.854000 0.194300
vt 4.854000 0.199600
vt 4.733400 0.199600
vt 2.177000 0.543700
vt 2.122900 0.543700
vt 2.123600 0.542300
vt 2.177700 0.542300
vt 2.123600 0.541000
vt 2.177700 0.541000
vt 2.177000 0.542300
vt 2.122900 0.542300
vt 4.729700 0.199600
vt 4.729700 0.194300
vt 4.733400 0.194300
vt 4.733400 0.199600
vt 4.857600 0.194300
vt 4.857600 0.199600
vt 4.854000 0.199600
vt 4.854000 0.194300
vt 2.158600 0.278400
vt 2.032100 0.278400
vt 2.032100 0.272800
vt 2.158600 0.272800
vt 2.151600 0.291300
vt 2.183900 0.291200
vt 2.184200 0.293400
vt 2.152000 0.293500
vt 2.064400 0.291200
vt 2.064700 0.293400
vt 2.032100 0.291300
vt 2.032400 0.293500
vt 2.064700 0.291000
vt 2.032400 0.291200
vt 2.032100 0.288900
vt 2.064400 0.288800
vt 2.152000 0.291200
vt 2.151600 0.288900
vt 2.184200 0.291000
vt 2.183900 0.288800
vt 4.857600 0.194300
vt 4.887000 0.194300
vt 4.887000 0.199600
vt 4.857600 0.199600
vt 4.700300 0.194300
vt 4.729700 0.194300
vt 4.729700 0.199600
vt 4.700300 0.199600
vt 3.997400 0.588600
vt 3.997400 0.593300
vt 3.988000 0.593300
vt 3.988000 0.588600
vt 3.988000 0.598100
vt 3.988000 0.593300
vt 3.997400 0.593300
vt 3.997400 0.598100
vt 3.988000 0.588600
vt 3.988000 0.583800
vt 3.997400 0.583800
vt 3.997400 0.588600
vt 3.997400 0.602900
vt 3.997400 0.607700
vt 3.988000 0.607700
vt 3.988000 0.602900
vt 4.700300 0.188900
vt 4.729700 0.188900
vt 4.729700 0.194200
vt 4.700300 0.194200
vt 4.857600 0.188900
vt 4.887000 0.188900
vt 4.887000 0.194300
vt 4.857600 0.194300
vt 2.184200 0.286200
vt 2.152000 0.286400
vt 2.151600 0.284200
vt 2.183900 0.284000
vt 2.064700 0.286200
vt 2.064400 0.284000
vt 2.032400 0.286400
vt 2.032100 0.284200
vt 2.032100 0.293700
vt 2.064400 0.293500
vt 2.064700 0.295700
vt 2.032400 0.295900
vt 2.151600 0.293700
vt 2.152000 0.295900
vt 2.183900 0.293500
vt 2.184200 0.295700
vt 2.158600 0.272800
vt 2.032100 0.272800
vt 2.032100 0.267200
vt 2.158600 0.267200
vt 4.857600 0.188900
vt 4.857600 0.194300
vt 4.854000 0.194200
vt 4.854000 0.188900
vt 4.729700 0.194200
vt 4.729700 0.188900
vt 4.733400 0.188900
vt 4.733400 0.194200
vt 2.123600 0.545000
vt 2.177700 0.545000
vt 2.177000 0.546400
vt 2.122900 0.546400
vt 2.177000 0.541000
vt 2.122900 0.541000
vt 2.123600 0.539600
vt 2.177700 0.539600
vt 4.733400 0.188900
vt 4.854000 0.188900
vt 4.854000 0.194200
vt 4.733400 0.194200
vt 3.955800 0.718600
vt 3.955800 0.713700
vt 3.966000 0.714000
vt 3.966000 0.718200
vt 4.021800 0.542200
vt 4.045100 0.542200
vt 4.042100 0.542600
vt 4.032600 0.542600
vt 4.045100 0.542200
vt 4.021800 0.542200
vt 4.024800 0.541900
vt 4.034300 0.541900
vt 3.966000 0.674600
vt 3.966000 0.679500
vt 3.955800 0.679100
vt 3.955800 0.674900
vt 2.058500 0.546900
vt 2.058500 0.551000
vt 2.035000 0.551000
vt 2.035000 0.546900
vt 4.073500 0.543900
vt 4.073500 0.545100
vt 4.050600 0.545100
vt 4.050600 0.543900
vt 4.073500 0.545100
vt 4.073500 0.546300
vt 4.050600 0.546300
vt 4.050600 0.545100
vt 4.052300 0.546300
vt 4.073500 0.546300
vt 4.073500 0.550900
vt 4.052300 0.550900
vt 4.046300 0.546300
vt 4.046300 0.545100
vt 4.046300 0.545100
vt 4.046300 0.543900
vt 2.202500 0.553300
vt 2.202500 0.554500
vt 2.180800 0.554500
vt 2.180800 0.553300
vt 2.202500 0.555100
vt 2.180800 0.555100
vt 2.093800 0.649200
vt 2.098100 0.649200
vt 2.098100 0.649700
vt 2.093800 0.649700
vt 2.098100 0.654300
vt 2.093800 0.654300
vt 2.093800 0.653800
vt 2.098100 0.653800
vt 2.035000 0.546900
vt 2.035000 0.551000
vt 2.032100 0.551000
vt 2.032100 0.546900
vt 2.098100 0.649700
vt 2.098100 0.653800
vt 2.093800 0.653800
vt 2.093800 0.649700
vt 2.098100 0.680600
vt 2.093800 0.680600
vt 2.093800 0.677200
vt 2.098100 0.677200
vt 2.180800 0.549800
vt 2.202500 0.549800
vt 2.093800 0.669900
vt 2.098100 0.669900
vt 2.098100 0.673200
vt 2.093800 0.673200
vt 2.101200 0.549800
vt 2.101200 0.545600
vt 2.119100 0.545600
vt 2.119100 0.549800
vt 2.093800 0.677200
vt 2.093800 0.673200
vt 2.098100 0.673200
vt 2.098100 0.677200
vt 3.992700 0.582700
vt 3.991300 0.582600
vt 3.991500 0.582500
vt 3.992800 0.582600
vt 3.991300 0.582600
vt 3.989900 0.582700
vt 3.989800 0.582600
vt 3.991200 0.582500
vt 3.988900 0.582900
vt 3.988600 0.582800
vt 3.989600 0.582600
vt 3.988600 0.583100
vt 3.988000 0.583100
vt 3.988400 0.582900
vt 3.988900 0.583400
vt 3.988400 0.583400
vt 3.988000 0.583200
vt 3.988900 0.583400
vt 3.989900 0.583600
vt 3.989600 0.583700
vt 3.988600 0.583500
vt 3.989900 0.583600
vt 3.991300 0.583700
vt 3.991200 0.583800
vt 3.989800 0.583700
vt 3.991300 0.583700
vt 3.992700 0.583600
vt 3.992800 0.583700
vt 3.991500 0.583800
vt 3.993700 0.583400
vt 3.994100 0.583500
vt 3.993100 0.583700
vt 3.994100 0.583100
vt 3.994600 0.583200
vt 3.994200 0.583400
vt 3.993700 0.582900
vt 3.994200 0.582900
vt 3.994600 0.583100
vt 3.993700 0.582900
vt 3.992700 0.582700
vt 3.993100 0.582600
vt 3.994100 0.582800
vt 2.094400 0.648100
vt 2.095500 0.648000
vt 2.096000 0.648200
vt 2.095400 0.648300
vt 2.093800 0.648400
vt 2.095100 0.648400
vt 2.093800 0.648600
vt 2.095100 0.648600
vt 2.094400 0.648900
vt 2.095400 0.648700
vt 2.095500 0.649000
vt 2.096000 0.648800
vt 3.906800 0.651500
vt 3.905700 0.651700
vt 3.905100 0.651400
vt 3.905700 0.651300
vt 3.907400 0.651300
vt 3.906000 0.651200
vt 3.907400 0.651000
vt 3.906000 0.651100
vt 3.906800 0.650800
vt 3.905700 0.651000
vt 3.905700 0.650600
vt 3.905100 0.650900
vt 3.991300 0.582600
vt 3.992700 0.582700
vt 3.991800 0.583000
vt 3.991300 0.582900
vt 3.989900 0.582700
vt 3.990800 0.583000
vt 3.988900 0.582900
vt 3.990400 0.583000
vt 3.988600 0.583100
vt 3.990300 0.583100
vt 3.988900 0.583400
vt 3.990400 0.583200
vt 3.989900 0.583600
vt 3.990800 0.583300
vt 3.991300 0.583700
vt 3.991300 0.583300
vt 3.992700 0.583600
vt 3.991800 0.583300
vt 3.993700 0.583400
vt 3.992200 0.583200
vt 3.994100 0.583100
vt 3.992300 0.583100
vt 3.993700 0.582900
vt 3.992200 0.583000
vt 2.096500 0.644200
vt 2.096500 0.644300
vt 2.093800 0.644300
vt 2.093800 0.644200
vt 2.096500 0.644300
vt 2.096500 0.644400
vt 2.093800 0.644400
vt 2.093800 0.644300
vt 2.096500 0.644500
vt 2.093800 0.644500
vt 2.096500 0.644600
vt 2.093800 0.644600
vt 2.096500 0.644700
vt 2.093800 0.644700
vt 2.096500 0.644700
vt 2.096500 0.644800
vt 2.093800 0.644800
vt 2.093800 0.644700
vt 2.096500 0.644800
vt 2.096500 0.644900
vt 2.093800 0.644900
vt 2.093800 0.644800
vt 2.096500 0.644900
vt 2.096500 0.645000
vt 2.093800 0.645000
vt 2.093800 0.644900
vt 2.096500 0.645100
vt 2.093800 0.645100
vt 2.096500 0.645200
vt 2.093800 0.645200
vt 2.096500 0.645300
vt 2.093800 0.645300
vt 2.096500 0.645300
vt 2.096500 0.645400
vt 2.093800 0.645400
vt 2.093800 0.645300
vt 2.096400 0.648200
vt 2.096400 0.648900
vt 2.096100 0.648700
vt 2.096100 0.648400
vt 2.095700 0.648600
vt 2.096100 0.648700
vt 2.095500 0.648500
vt 2.095500 0.648500
vt 2.095700 0.648400
vt 2.096100 0.648400
vt 3.904800 0.650800
vt 3.904800 0.651500
vt 3.904000 0.651500
vt 3.904000 0.650800
vt 2.097100 0.648200
vt 2.097100 0.648900
vt 3.903900 0.650500
vt 3.904000 0.650600
vt 3.903900 0.651800
vt 3.904000 0.651700
vt 2.097200 0.649200
vt 2.097100 0.649100
vt 2.097200 0.647900
vt 2.097100 0.648000
vt 2.093700 0.723400
vt 2.092200 0.723400
vt 2.092500 0.723400
vt 2.093400 0.723400
vt 2.092200 0.722400
vt 2.093700 0.722400
vt 2.093400 0.722500
vt 2.092500 0.722500
vt 2.092600 0.723200
vt 2.093400 0.723200
vt 2.093400 0.722600
vt 2.092600 0.722600
vt 3.905400 0.651200
vt 3.905400 0.651000
vt 3.905600 0.651100
vt 3.905600 0.651200
vt 3.905100 0.651300
vt 3.905100 0.651000
vt 3.905100 0.651000
vt 3.905100 0.651300
vt 2.093800 0.720100
vt 2.098100 0.720100
vt 2.098100 0.716100
vt 2.093800 0.716100
vt 2.180800 0.549800
vt 2.198700 0.549800
vt 2.198700 0.545600
vt 2.180800 0.545600
vt 2.093800 0.712700
vt 2.093800 0.716100
vt 2.098100 0.716100
vt 2.098100 0.712700
vt 2.140800 0.550900
vt 2.122900 0.550900
vt 2.122900 0.555100
vt 2.140800 0.555100
vt 2.098100 0.723400
vt 2.098100 0.720100
vt 2.093800 0.720100
vt 2.093800 0.723400
vt 3.908300 0.657500
vt 3.903900 0.657500
vt 3.903900 0.661600
vt 3.908300 0.661600
vt 4.024600 0.547900
vt 4.021800 0.547900
vt 4.021800 0.552000
vt 4.024600 0.552000
vt 3.908300 0.662100
vt 3.908300 0.661600
vt 3.903900 0.661600
vt 3.903900 0.662100
vt 3.903900 0.656900
vt 3.903900 0.657500
vt 3.908300 0.657500
vt 3.908300 0.656900
vt 2.147400 0.555100
vt 2.150300 0.555100
vt 2.150300 0.550900
vt 2.147400 0.550900
vt 4.050600 0.541400
vt 4.046300 0.541400
vt 4.046300 0.542700
vt 4.050600 0.542700
vt 2.182000 0.542600
vt 2.177700 0.542600
vt 2.177700 0.543800
vt 2.182000 0.543800
vt 3.915000 0.546500
vt 3.915000 0.551000
vt 3.936200 0.551000
vt 3.936200 0.546500
vt 2.204900 0.542600
vt 2.204900 0.543800
vt 4.073500 0.541400
vt 4.073500 0.542700
vt 4.048100 0.547900
vt 4.024600 0.547900
vt 4.024600 0.552000
vt 4.048100 0.552000
vt 3.966000 0.699000
vt 3.955800 0.699400
vt 3.955800 0.703500
vt 3.966000 0.703900
vt 4.021800 0.543100
vt 4.031900 0.543700
vt 4.035700 0.543500
vt 4.044200 0.543100
vt 2.108900 0.542700
vt 2.098100 0.542300
vt 2.088600 0.542400
vt 2.085500 0.542700
vt 3.988000 0.622200
vt 3.998200 0.621900
vt 3.998200 0.617700
vt 3.988000 0.617300
vt 3.996100 0.580100
vt 3.999500 0.580100
vt 3.998500 0.580200
vt 3.996900 0.580200
vt 3.999000 0.580200
vt 3.998700 0.580300
vt 3.998300 0.580200
vt 3.998500 0.580200
vt 3.998000 0.580300
vt 3.997900 0.580300
vt 3.997400 0.580300
vt 3.997500 0.580300
vt 3.996800 0.580300
vt 3.997200 0.580200
vt 3.996400 0.580200
vt 3.996900 0.580200
vt 2.096800 0.622000
vt 2.096800 0.622200
vt 2.093900 0.622200
vt 2.093900 0.622000
vt 2.097700 0.622000
vt 2.097700 0.622200
vt 2.093000 0.622200
vt 2.093000 0.622000
vt 2.098100 0.621900
vt 2.098100 0.622200
vt 2.092600 0.622200
vt 2.092600 0.621900
vt 3.999500 0.579100
vt 4.001100 0.579300
vt 4.000500 0.579300
vt 3.999500 0.579300
vt 3.994500 0.579300
vt 3.996100 0.579100
vt 3.996100 0.579300
vt 3.995000 0.579300
vt 3.994500 0.579900
vt 3.995000 0.579900
vt 3.996100 0.579900
vt 4.001100 0.579900
vt 3.999500 0.580000
vt 4.000500 0.580000
vt 3.998400 0.579000
vt 3.997300 0.579000
vt 3.997700 0.578900
vt 3.998100 0.578900
vt 3.998600 0.579000
vt 3.997100 0.579100
vt 3.998800 0.578900
vt 3.999200 0.579000
vt 3.998200 0.578900
vt 3.997500 0.578900
vt 3.996900 0.578900
vt 3.996500 0.579000
vt 3.997100 0.579100
vt 3.998600 0.579000
vt 3.906700 0.645400
vt 3.906700 0.645500
vt 3.903900 0.645500
vt 3.903900 0.645400
vt 3.906700 0.645300
vt 3.903900 0.645300
vt 3.906700 0.645200
vt 3.903900 0.645200
vt 3.906700 0.645100
vt 3.906700 0.645200
vt 3.903900 0.645200
vt 3.903900 0.645100
vt 3.906700 0.645000
vt 3.906700 0.645100
vt 3.903900 0.645100
vt 3.903900 0.645000
vt 3.906700 0.644900
vt 3.903900 0.644900
vt 3.906700 0.644800
vt 3.903900 0.644800
vt 3.906700 0.644700
vt 3.903900 0.644700
vt 3.906700 0.644600
vt 3.903900 0.644600
vt 3.906700 0.644500
vt 3.906700 0.644600
vt 3.903900 0.644600
vt 3.903900 0.644500
vt 3.906700 0.644400
vt 3.906700 0.644500
vt 3.903900 0.644500
vt 3.903900 0.644400
vt 3.906700 0.644300
vt 3.903900 0.644300
vt 3.995100 0.581800
vt 3.995900 0.581500
vt 3.997100 0.581800
vt 3.996800 0.581800
vt 3.997100 0.581400
vt 3.997500 0.581700
vt 3.998500 0.581400
vt 3.998100 0.581700
vt 3.999800 0.581500
vt 3.998500 0.581800
vt 4.000500 0.581800
vt 3.998800 0.581800
vt 4.000500 0.582000
vt 3.998800 0.581900
vt 3.999800 0.582300
vt 3.998500 0.582000
vt 3.998500 0.582400
vt 3.998100 0.582100
vt 3.997100 0.582400
vt 3.997500 0.582100
vt 3.995900 0.582300
vt 3.997100 0.582000
vt 3.995100 0.582000
vt 3.996800 0.581900
vt 4.000400 0.580300
vt 3.999600 0.580500
vt 3.998400 0.580600
vt 3.997000 0.580600
vt 3.995800 0.580500
vt 3.995100 0.580300
vt 3.995200 0.578900
vt 3.996000 0.578700
vt 3.997200 0.578600
vt 3.998500 0.578600
vt 3.999700 0.578700
vt 4.000500 0.578900
vt 3.995900 0.581500
vt 3.995100 0.581800
vt 3.994700 0.581700
vt 3.995400 0.581500
vt 3.997100 0.581400
vt 3.995600 0.581400
vt 3.996800 0.581300
vt 3.998500 0.581400
vt 3.997100 0.581400
vt 3.997100 0.581300
vt 3.998500 0.581300
vt 3.999800 0.581500
vt 3.998500 0.581400
vt 3.998800 0.581300
vt 4.000000 0.581400
vt 4.000500 0.581800
vt 4.000200 0.581500
vt 4.000900 0.581700
vt 4.000500 0.582000
vt 4.001000 0.581800
vt 4.001000 0.582000
vt 3.999800 0.582300
vt 4.000900 0.582100
vt 4.000200 0.582300
vt 3.998500 0.582400
vt 4.000000 0.582400
vt 3.998800 0.582500
vt 3.997100 0.582400
vt 3.998500 0.582400
vt 3.998500 0.582500
vt 3.997100 0.582500
vt 3.995900 0.582300
vt 3.997100 0.582400
vt 3.996800 0.582500
vt 3.995600 0.582400
vt 3.995100 0.582000
vt 3.995400 0.582300
vt 3.994700 0.582100
vt 3.994600 0.582000
vt 3.994600 0.581800
vt 3.988600 0.581800
vt 3.988600 0.582000
vt 3.988000 0.582000
vt 3.988000 0.581800
vt 3.989300 0.582300
vt 3.988800 0.582300
vt 3.988100 0.582100
vt 3.990500 0.582400
vt 3.990300 0.582500
vt 3.989000 0.582400
vt 3.990500 0.582400
vt 3.992000 0.582400
vt 3.992000 0.582500
vt 3.990500 0.582500
vt 3.992000 0.582400
vt 3.993200 0.582300
vt 3.993500 0.582400
vt 3.992200 0.582500
vt 3.993900 0.582000
vt 3.994400 0.582100
vt 3.993700 0.582300
vt 3.993900 0.581800
vt 3.994500 0.581800
vt 3.994500 0.582000
vt 3.993200 0.581500
vt 3.993700 0.581500
vt 3.994400 0.581700
vt 3.992000 0.581400
vt 3.992200 0.581300
vt 3.993500 0.581400
vt 3.992000 0.581400
vt 3.990500 0.581400
vt 3.990500 0.581300
vt 3.992000 0.581300
vt 3.990500 0.581400
vt 3.989300 0.581500
vt 3.989000 0.581400
vt 3.990300 0.581300
vt 3.988100 0.581700
vt 3.988800 0.581500
vt 3.999700 0.577400
vt 4.000500 0.577600
vt 3.999200 0.577700
vt 3.998800 0.577600
vt 3.998500 0.577300
vt 3.998200 0.577500
vt 3.997200 0.577300
vt 3.997500 0.577500
vt 3.996000 0.577400
vt 3.996900 0.577600
vt 3.995200 0.577600
vt 3.996500 0.577700
vt 3.995800 0.581100
vt 3.995100 0.580900
vt 3.996400 0.580800
vt 3.996800 0.580900
vt 3.997000 0.581300
vt 3.997400 0.581000
vt 3.998400 0.581300
vt 3.998000 0.581000
vt 3.999600 0.581200
vt 3.998700 0.580900
vt 4.000400 0.580900
vt 3.999000 0.580800
vt 3.988600 0.582000
vt 3.988600 0.581800
vt 3.990300 0.581800
vt 3.990300 0.581900
vt 3.989300 0.582300
vt 3.990500 0.582000
vt 3.990500 0.582400
vt 3.991000 0.582100
vt 3.992000 0.582400
vt 3.991500 0.582100
vt 3.993200 0.582300
vt 3.992000 0.582000
vt 3.993900 0.582000
vt 3.992200 0.581900
vt 3.993900 0.581800
vt 3.992200 0.581800
vt 3.993200 0.581500
vt 3.992000 0.581800
vt 3.992000 0.581400
vt 3.991500 0.581700
vt 3.990500 0.581400
vt 3.991000 0.581700
vt 3.989300 0.581500
vt 3.990500 0.581800
vt 2.096500 0.645400
vt 2.096500 0.645500
vt 2.093800 0.645500
vt 2.093800 0.645400
vt 2.096500 0.645600
vt 2.093800 0.645600
vt 2.096500 0.645600
vt 2.096500 0.645700
vt 2.093800 0.645700
vt 2.093800 0.645600
vt 2.096500 0.645700
vt 2.096500 0.645800
vt 2.093800 0.645800
vt 2.093800 0.645700
vt 2.096500 0.645900
vt 2.093800 0.645900
vt 2.096500 0.646000
vt 2.093800 0.646000
vt 2.096500 0.646100
vt 2.093800 0.646100
vt 2.096500 0.646200
vt 2.093800 0.646200
vt 2.096500 0.646200
vt 2.096500 0.646300
vt 2.093800 0.646300
vt 2.093800 0.646200
vt 2.096500 0.646300
vt 2.096500 0.646400
vt 2.093800 0.646400
vt 2.093800 0.646300
vt 2.096500 0.646500
vt 2.093800 0.646500
vt 2.096500 0.646600
vt 2.093800 0.646600
vt 3.999500 0.577800
vt 3.996100 0.577800
vt 3.997100 0.577700
vt 3.998600 0.577700
vt 3.997300 0.577600
vt 3.997100 0.577700
vt 3.997700 0.577600
vt 3.998100 0.577600
vt 3.998400 0.577600
vt 3.998600 0.577700
vt 3.999500 0.580800
vt 3.996100 0.580800
vt 3.996100 0.580600
vt 3.999500 0.580600
vt 3.999500 0.577900
vt 3.996100 0.577900
vt 4.001100 0.580600
vt 4.000500 0.580600
vt 3.994500 0.580600
vt 3.995000 0.580600
vt 3.994500 0.577900
vt 3.995000 0.577900
vt 4.001100 0.577900
vt 4.000500 0.577900
vt 3.955800 0.673300
vt 3.955800 0.673000
vt 3.956200 0.673100
vt 3.956200 0.673200
vt 3.961300 0.673000
vt 3.961300 0.673300
vt 3.960900 0.673200
vt 3.960900 0.673100
vt 3.957100 0.673100
vt 3.957100 0.673200
vt 3.960000 0.673200
vt 3.960000 0.673100
vt 3.997200 0.580900
vt 3.998300 0.580900
vt 3.997900 0.580900
vt 3.997500 0.580900
vt 3.996900 0.580800
vt 3.998500 0.580800
vt 3.998500 0.580800
vt 3.996900 0.580800
vt 3.955800 0.694100
vt 3.966000 0.693800
vt 3.966000 0.689600
vt 3.955800 0.689200
vt 4.045100 0.541900
vt 4.034300 0.541500
vt 4.024800 0.541500
vt 4.021800 0.541900
vt 2.180800 0.545100
vt 2.191000 0.545600
vt 2.194700 0.545400
vt 2.203200 0.545100
vt 3.966000 0.694100
vt 3.955800 0.694500
vt 3.955800 0.698700
vt 3.966000 0.699000
vt 2.084800 0.551000
vt 2.061300 0.551000
vt 2.061300 0.555100
vt 2.084800 0.555100
vt 2.204900 0.543800
vt 2.182000 0.543800
vt 2.182000 0.545000
vt 2.204900 0.545000
vt 4.073500 0.542700
vt 4.050600 0.542700
vt 4.050600 0.543900
vt 4.073500 0.543900
vt 2.058500 0.546500
vt 2.058500 0.551000
vt 2.079700 0.551000
vt 2.079700 0.546500
vt 4.046300 0.542700
vt 4.046300 0.543900
vt 2.177700 0.543800
vt 2.177700 0.545000
vt 4.039700 0.552000
vt 4.039700 0.556200
vt 4.046300 0.556200
vt 4.046300 0.552000
vt 4.049200 0.556200
vt 4.049200 0.552000
vt 2.093800 0.664700
vt 2.093800 0.665200
vt 2.098100 0.665200
vt 2.098100 0.664700
vt 2.098100 0.669900
vt 2.098100 0.669300
vt 2.093800 0.669300
vt 2.093800 0.669900
vt 2.061300 0.551000
vt 2.058500 0.551000
vt 2.058500 0.555100
vt 2.061300 0.555100
vt 2.098100 0.665200
vt 2.093800 0.665200
vt 2.093800 0.669300
vt 2.098100 0.669300
vt 2.098100 0.712700
vt 2.098100 0.709400
vt 2.093800 0.709400
vt 2.093800 0.712700
vt 4.021800 0.552000
vt 4.021800 0.556200
vt 2.093800 0.702000
vt 2.093800 0.705400
vt 2.098100 0.705400
vt 2.098100 0.702000
vt 4.021800 0.547900
vt 4.039700 0.547900
vt 4.039700 0.543700
vt 4.021800 0.543700
vt 2.093800 0.709400
vt 2.098100 0.709400
vt 2.098100 0.705400
vt 2.093800 0.705400
vt 3.963300 0.674200
vt 3.963300 0.673600
vt 3.963700 0.673800
vt 3.963600 0.674100
vt 3.963700 0.673700
vt 3.964300 0.673700
vt 3.964000 0.673800
vt 3.963700 0.673800
vt 3.964600 0.673900
vt 3.964200 0.673900
vt 3.964600 0.674000
vt 3.964200 0.674000
vt 3.964300 0.674100
vt 3.964000 0.674000
vt 3.963700 0.674200
vt 3.963600 0.674100
vt 3.967300 0.721600
vt 3.968000 0.721600
vt 3.968000 0.722100
vt 3.967300 0.722100
vt 3.967200 0.721400
vt 3.968100 0.721400
vt 3.968100 0.722300
vt 3.967200 0.722300
vt 3.966900 0.721300
vt 3.968400 0.721300
vt 3.968400 0.722400
vt 3.966900 0.722400
vt 2.096400 0.646900
vt 2.097200 0.646600
vt 2.097100 0.646700
vt 2.097100 0.646900
vt 2.097200 0.647900
vt 2.096400 0.647600
vt 2.097100 0.647600
vt 2.097100 0.647800
vt 3.962500 0.674600
vt 3.962600 0.674400
vt 3.962600 0.674200
vt 3.962500 0.673300
vt 3.962600 0.673600
vt 3.962600 0.673400
vt 2.095700 0.647100
vt 2.095700 0.647300
vt 2.095500 0.647200
vt 2.095500 0.647200
vt 2.096100 0.647100
vt 2.096100 0.647400
vt 2.095400 0.647000
vt 2.096000 0.646900
vt 2.095100 0.647100
vt 2.095100 0.647300
vt 2.095400 0.647400
vt 2.096000 0.647500
vt 2.096100 0.647400
vt 2.096100 0.647100
vt 3.906700 0.646600
vt 3.906700 0.646700
vt 3.903900 0.646700
vt 3.903900 0.646600
vt 3.906700 0.646500
vt 3.906700 0.646600
vt 3.903900 0.646600
vt 3.903900 0.646500
vt 3.906700 0.646400
vt 3.903900 0.646400
vt 3.906700 0.646300
vt 3.903900 0.646300
vt 3.906700 0.646200
vt 3.903900 0.646200
vt 3.906700 0.646100
vt 3.906700 0.646200
vt 3.903900 0.646200
vt 3.903900 0.646100
vt 3.906700 0.646000
vt 3.906700 0.646100
vt 3.903900 0.646100
vt 3.903900 0.646000
vt 3.906700 0.645900
vt 3.906700 0.646000
vt 3.903900 0.646000
vt 3.903900 0.645900
vt 3.906700 0.645800
vt 3.903900 0.645800
vt 3.906700 0.645700
vt 3.903900 0.645700
vt 3.906700 0.645600
vt 3.903900 0.645600
vt 3.906700 0.645500
vt 3.906700 0.645600
vt 3.903900 0.645600
vt 3.903900 0.645500
vt 3.960500 0.673500
vt 3.961500 0.673700
vt 3.960000 0.673800
vt 3.959600 0.673800
vt 3.961900 0.673900
vt 3.960100 0.673900
vt 3.961500 0.674200
vt 3.960000 0.674000
vt 3.960500 0.674400
vt 3.959600 0.674100
vt 3.959100 0.674500
vt 3.959100 0.674100
vt 3.957700 0.674400
vt 3.958600 0.674100
vt 3.956700 0.674200
vt 3.958200 0.674000
vt 3.956300 0.673900
vt 3.958100 0.673900
vt 3.956700 0.673700
vt 3.958200 0.673800
vt 3.957700 0.673500
vt 3.958600 0.673800
vt 3.959100 0.673400
vt 3.959100 0.673700
vt 3.964300 0.673400
vt 3.965400 0.673600
vt 3.966000 0.673800
vt 3.966000 0.674100
vt 3.965300 0.674300
vt 3.964200 0.674400
vt 2.095500 0.647700
vt 2.094400 0.647600
vt 2.093800 0.647300
vt 2.093800 0.647100
vt 2.094400 0.646800
vt 2.095500 0.646700
vt 3.961500 0.673700
vt 3.960500 0.673500
vt 3.960900 0.673400
vt 3.961900 0.673600
vt 3.961900 0.673900
vt 3.961500 0.673700
vt 3.962000 0.673600
vt 3.962400 0.673900
vt 3.961500 0.674200
vt 3.962400 0.674000
vt 3.962000 0.674200
vt 3.960500 0.674400
vt 3.961900 0.674300
vt 3.960900 0.674500
vt 3.959100 0.674500
vt 3.960600 0.674500
vt 3.959200 0.674600
vt 3.957700 0.674400
vt 3.959100 0.674500
vt 3.959000 0.674600
vt 3.957600 0.674500
vt 3.956700 0.674200
vt 3.957700 0.674400
vt 3.957300 0.674500
vt 3.956300 0.674300
vt 3.956300 0.673900
vt 3.956700 0.674200
vt 3.956200 0.674200
vt 3.955800 0.674000
vt 3.956700 0.673700
vt 3.955800 0.673900
vt 3.956200 0.673600
vt 3.957700 0.673500
vt 3.956300 0.673600
vt 3.957300 0.673400
vt 3.959100 0.673400
vt 3.957600 0.673400
vt 3.959000 0.673300
vt 3.960500 0.673500
vt 3.959100 0.673400
vt 3.959200 0.673300
vt 3.960600 0.673400
vt 3.904000 0.669500
vt 3.904000 0.665500
vt 3.908300 0.665500
vt 3.908300 0.669500
vt 3.936200 0.546500
vt 3.936200 0.542300
vt 3.954100 0.542300
vt 3.954100 0.546500
vt 3.904000 0.662100
vt 3.908300 0.662100
vt 3.908300 0.665500
vt 3.904000 0.665500
vt 2.122900 0.553300
vt 2.101200 0.553300
vt 2.101200 0.549800
vt 2.122900 0.549800
vt 3.908300 0.672800
vt 3.904000 0.672800
vt 3.904000 0.669500
vt 3.908300 0.669500
vt 3.908300 0.652300
vt 3.908300 0.656400
vt 3.903900 0.656400
vt 3.903900 0.652300
vt 2.035000 0.551000
vt 2.035000 0.555100
vt 2.032100 0.555100
vt 2.032100 0.551000
vt 3.908300 0.656900
vt 3.903900 0.656900
vt 3.903900 0.656400
vt 3.908300 0.656400
vt 3.903900 0.651800
vt 3.908300 0.651800
vt 3.908300 0.652300
vt 3.903900 0.652300
vt 2.101200 0.554500
vt 2.122900 0.554500
vt 2.122900 0.555100
vt 2.101200 0.555100
vt 2.089800 0.543900
vt 2.089800 0.545100
vt 2.085500 0.545100
vt 2.085500 0.543900
vt 4.050600 0.540200
vt 4.050600 0.541400
vt 4.046300 0.541400
vt 4.046300 0.540200
vt 3.936200 0.546500
vt 3.957400 0.546500
vt 3.957400 0.551000
vt 3.936200 0.551000
vt 4.073500 0.540200
vt 4.073500 0.541400
vt 2.112700 0.543900
vt 2.112700 0.545100
vt 2.058500 0.551000
vt 2.058500 0.555100
vt 2.035000 0.555100
vt 2.035000 0.551000
vt 3.966000 0.708800
vt 3.966000 0.713700
vt 3.955800 0.713300
vt 3.955800 0.709100
vt 2.055500 0.542700
vt 2.032100 0.542700
vt 2.035200 0.542400
vt 2.044700 0.542300
vt 2.032100 0.541200
vt 2.055500 0.541200
vt 2.052400 0.541500
vt 2.042900 0.541600
vt 3.988000 0.617300
vt 3.988000 0.612500
vt 3.998200 0.612800
vt 3.998200 0.617000
vt 2.863100 0.194300
vt 2.983700 0.194300
vt 2.983700 0.199600
vt 2.863100 0.199600
vt 2.177000 0.545000
vt 2.122900 0.545000
vt 2.123600 0.543700
vt 2.177700 0.543700
vt 2.059200 0.540900
vt 2.113300 0.540900
vt 2.112500 0.542300
vt 2.058500 0.542300
vt 2.859400 0.199600
vt 2.859400 0.194300
vt 2.863100 0.194300
vt 2.863100 0.199600
vt 2.987300 0.194300
vt 2.987300 0.199600
vt 2.983700 0.199600
vt 2.983700 0.194300
vt 2.158600 0.284000
vt 2.032100 0.284000
vt 2.032100 0.278400
vt 2.158600 0.278400
vt 2.151600 0.296100
vt 2.183900 0.295900
vt 2.184200 0.298100
vt 2.152000 0.298300
vt 2.064400 0.295900
vt 2.064700 0.298100
vt 2.032100 0.296100
vt 2.032400 0.298300
vt 2.064700 0.288600
vt 2.032400 0.288800
vt 2.032100 0.286600
vt 2.064400 0.286400
vt 2.152000 0.288800
vt 2.151600 0.286600
vt 2.184200 0.288600
vt 2.183900 0.286400
vt 2.987300 0.194300
vt 3.016700 0.194300
vt 3.016700 0.199600
vt 2.987300 0.199600
vt 2.830000 0.194300
vt 2.859400 0.194300
vt 2.859400 0.199600
vt 2.830000 0.199600
vt 3.997400 0.607700
vt 3.997400 0.612500
vt 3.988000 0.612500
vt 3.988000 0.607700
vt 3.988000 0.602900
vt 3.988000 0.598100
vt 3.997400 0.598100
vt 3.997400 0.602900
f 1/1/1 2/2/2 3/3/3
f 1/1/1 3/3/3 4/4/4
f 2/2/2 5/5/5 6/6/6
f 2/2/2 6/6/6 7/7/7
f 5/5/5 8/8/8 9/9/9
f 5/5/5 9/9/9 10/10/10
f 11/11/11 12/12/12 13/13/13
f 11/11/11 13/13/13 14/14/14
f 15/15/15 16/16/16 17/17/17
f 15/15/15 17/17/17 18/18/18
f 16/16/16 19/19/19 20/20/20
f 16/16/16 20/20/20 21/21/21
f 19/19/19 22/22/22 23/23/23
f 19/19/19 23/23/23 24/24/24
f 22/22/22 25/25/25 26/26/26
f 22/22/22 26/26/26 27/27/27
f 25/25/25 28/28/28 29/29/29
f 25/25/25 29/29/29 30/30/30
f 31/31/31 32/32/32 33/33/33
f 31/31/31 33/33/33 34/34/34
f 35/35/35 36/36/36 37/37/37
f 35/35/35 37/37/37 38/38/38
f 36/36/36 1/1/1 39/39/39
f 36/36/36 39/39/39 40/40/40
f 41/41/41 42/42/42 43/43/43
f 41/41/41 43/43/43 44/44/44
f 45/45/45 41/41/41 44/44/44
f 45/45/45 44/44/44 46/46/46
f 47/47/47 45/45/45 46/46/46
f 47/47/47 46/46/46 48/48/48
f 49/49/49 47/47/47 48/48/48
f 49/49/49 48/48/48 50/50/50
f 51/51/51 49/49/49 50/50/50
f 51/51/51 50/50/50 52/52/52
f 53/53/53 54/54/54 55/55/55
f 53/53/53 55/55/55 56/56/56
f 57/57/57 53/53/53 56/56/56
f 57/57/57 56/56/56 58/58/58
f 59/59/59 57/57/57 58/58/58
f 59/59/59 58/58/58 60/60/60
f 61/61/61 59/59/59 60/60/60
f 61/61/61 60/60/60 62/62/62
f 63/63/63 61/61/61 62/62/62
f 63/63/63 62/62/62 64/64/64
f 65/65/65 66/66/66 67/67/67
f 65/65/65 67/67/67 68/68/68
f 69/69/69 65/65/65 68/68/68
f 69/69/69 68/68/68 70/70/70
f 71/71/71 69/69/69 70/70/70
f 71/71/71 70/70/70 72/72/72
f 73/73/73 71/71/71 72/72/72
f 73/73/73 72/72/72 74/74/74
f 75/75/75 73/73/73 74/74/74
f 75/75/75 74/74/74 76/76/76
f 77/77/77 75/75/75 76/76/76
f 77/77/77 76/76/76 78/78/78
f 79/79/79 77/77/77 78/78/78
f 79/79/79 78/78/78 80/80/80
f 81/81/81 79/79/79 80/80/80
f 81/81/81 80/80/80 82/82/82
f 83/83/83 81/81/81 82/82/82
f 83/83/83 82/82/82 84/84/84
f 85/85/85 83/83/83 84/84/84
f 85/85/85 84/84/84 86/86/86
f 87/87/87 85/85/85 86/86/86
f 87/87/87 86/86/86 88/88/88
f 66/66/66 87/87/87 88/88/88
f 66/66/66 88/88/88 67/67/67
f 89/89/89 90/90/90 91/91/91
f 89/89/89 91/91/91 92/92/92
f 90/90/90 93/93/93 94/94/94
f 90/90/90 94/94/94 91/91/91
f 95/95/95 96/96/96 97/97/97
f 95/95/95 97/97/97 98/98/98
f 99/99/99 100/100/100 101/101/101
f 99/99/99 101/101/101 102/102/102
f 100/100/100 103/103/103 104/104/104
f 100/100/100 104/104/104 101/101/101
f 103/103/103 105/105/105 106/106/106
f 103/103/103 106/106/106 104/104/104
f 105/105/105 107/107/107 108/108/108
f 105/105/105 108/108/108 106/106/106
f 107/107/107 109/109/109 110/110/110
f 107/107/107 110/110/110 108/108/108
f 111/111/111 112/112/112 113/113/113
f 111/111/111 113/113/113 114/114/114
f 115/115/115 116/116/116 117/117/117
f 115/115/115 117/117/117 118/118/118
f 116/116/116 119/119/119 120/120/120
f 116/116/116 120/120/120 117/117/117
f 119/119/119 121/121/121 122/122/122
f 119/119/119 122/122/122 120/120/120
f 123/123/123 124/124/124 125/125/125
f 123/123/123 125/125/125 126/126/126
f 52/52/52 50/50/50 127/127/127
f 52/52/52 127/127/127 128/128/128
f 50/50/50 48/48/48 129/129/129
f 50/50/50 129/129/129 127/127/127
f 48/48/48 46/46/46 130/130/130
f 48/48/48 130/130/130 129/129/129
f 46/46/46 44/44/44 131/131/131
f 46/46/46 131/131/131 130/130/130
f 44/44/44 43/43/43 132/132/132
f 44/44/44 132/132/132 131/131/131
f 132/132/132 128/128/128 127/127/127
f 132/132/132 127/127/127 131/131/131
f 131/131/131 127/127/127 129/129/129
f 131/131/131 129/129/129 130/130/130
f 133/133/133 134/134/134 135/135/135
f 133/133/133 135/135/135 136/136/136
f 124/124/124 123/123/123 137/137/137
f 124/124/124 137/137/137 138/138/138
f 139/139/139 133/133/133 136/136/136
f 139/139/139 136/136/136 140/140/140
f 134/134/134 141/141/141 142/142/142
f 134/134/134 142/142/142 135/135/135
f 143/143/143 124/124/124 138/138/138
f 143/143/143 138/138/138 144/144/144
f 123/123/123 145/145/145 146/146/146
f 123/123/123 146/146/146 137/137/137
f 147/147/147 148/148/148 149/149/149
f 147/147/147 149/149/149 150/150/150
f 151/151/151 152/152/152 153/153/153
f 151/151/151 153/153/153 154/154/154
f 150/150/150 149/149/149 155/155/155
f 150/150/150 155/155/155 156/156/156
f 154/154/154 153/153/153 157/157/157
f 154/154/154 157/157/157 158/158/158
f 158/158/158 157/157/157 156/156/156
f 158/158/158 156/156/156 155/155/155
f 159/159/159 160/160/160 161/161/161
f 159/159/159 161/161/161 162/162/162
f 163/163/163 164/164/164 160/160/160
f 163/163/163 160/160/160 159/159/159
f 56/56/56 55/55/55 163/163/163
f 56/56/56 163/163/163 159/159/159
f 58/58/58 56/56/56 159/159/159
f 58/58/58 159/159/159 162/162/162
f 60/60/60 58/58/58 162/162/162
f 60/60/60 162/162/162 161/161/161
f 62/62/62 60/60/60 161/161/161
f 62/62/62 161/161/161 160/160/160
f 64/64/64 62/62/62 160/160/160
f 64/64/64 160/160/160 164/164/164
f 134/134/134 133/133/133 165/165/165
f 134/134/134 165/165/165 166/166/166
f 167/167/167 168/168/168 169/169/169
f 167/167/167 169/169/169 170/170/170
f 171/171/171 172/172/172 173/173/173
f 171/171/171 173/173/173 174/174/174
f 175/175/175 176/176/176 177/177/177
f 175/175/175 177/177/177 178/178/178
f 179/179/179 180/180/180 181/181/181
f 179/179/179 181/181/181 182/182/182
f 183/183/183 184/184/184 185/185/185
f 183/183/183 185/185/185 186/186/186
f 187/187/187 188/188/188 189/189/189
f 187/187/187 189/189/189 190/190/190
f 191/191/191 192/192/192 193/193/193
f 191/191/191 193/193/193 194/194/194
f 195/195/195 196/196/196 197/197/197
f 195/195/195 197/197/197 198/198/198
f 192/192/192 199/199/199 200/200/200
f 192/192/192 200/200/200 193/193/193
f 188/188/188 201/201/201 202/202/202
f 188/188/188 202/202/202 189/189/189
f 203/203/203 204/204/204 205/205/205
f 203/203/203 205/205/205 206/206/206
f 205/205/205 207/207/207 208/208/208
f 205/205/205 208/208/208 206/206/206
f 209/209/209 210/210/210 211/211/211
f 209/209/209 211/211/211 212/212/212
f 213/213/213 214/214/214 215/215/215
f 213/213/213 215/215/215 216/216/216
f 217/217/217 218/218/218 219/219/219
f 217/217/217 219/219/219 220/220/220
f 221/221/221 222/222/222 223/223/223
f 221/221/221 223/223/223 224/224/224
f 225/225/225 226/226/226 227/227/227
f 225/225/225 227/227/227 228/228/228
f 203/203/203 229/229/229 230/230/230
f 203/203/203 230/230/230 204/204/204
f 231/231/231 232/232/232 233/233/233
f 231/231/231 233/233/233 234/234/234
f 235/235/235 236/236/236 237/237/237
f 235/235/235 237/237/237 238/238/238
f 239/239/239 240/240/240 241/241/241
f 239/239/239 241/241/241 242/242/242
f 243/243/243 244/244/244 245/245/245
f 243/243/243 245/245/245 246/246/246
f 247/247/247 248/248/248 249/249/249
f 247/247/247 249/249/249 250/250/250
f 248/248/248 251/251/251 252/252/252
f 248/248/248 252/252/252 249/249/249
f 251/251/251 253/253/253 254/254/254
f 251/251/251 254/254/254 252/252/252
f 253/253/253 255/255/255 256/256/256
f 253/253/253 256/256/256 254/254/254
f 255/255/255 257/257/257 258/258/258
f 255/255/255 258/258/258 256/256/256
f 258/258/258 250/250/250 249/249/249
f 258/258/258 249/249/249 256/256/256
f 256/256/256 249/249/249 252/252/252
f 256/256/256 252/252/252 254/254/254
f 259/259/259 260/260/260 261/261/261
f 259/259/259 261/261/261 262/262/262
f 263/263/263 264/264/264 260/260/260
f 263/263/263 260/260/260 259/259/259
f 265/265/265 266/266/266 262/262/262
f 265/265/265 262/262/262 261/261/261
f 267/267/267 268/268/268 264/264/264
f 267/267/267 264/264/264 263/263/263
f 269/269/269 270/270/270 266/266/266
f 269/269/269 266/266/266 265/265/265
f 271/271/271 272/272/272 273/273/273
f 271/271/271 273/273/273 274/274/274
f 275/275/275 276/276/276 277/277/277
f 275/275/275 277/277/277 278/278/278
f 243/243/243 279/279/279 280/280/280
f 243/243/243 280/280/280 281/281/281
f 282/282/282 244/244/244 283/283/283
f 282/282/282 283/283/283 284/284/284
f 276/276/276 271/271/271 274/274/274
f 276/276/276 274/274/274 277/277/277
f 244/244/244 243/243/243 281/281/281
f 244/244/244 281/281/281 283/283/283
f 285/285/285 286/286/286 287/287/287
f 285/285/285 287/287/287 288/288/288
f 289/289/289 290/290/290 286/286/286
f 289/289/289 286/286/286 285/285/285
f 291/291/291 292/292/292 289/289/289
f 291/291/291 289/289/289 285/285/285
f 293/293/293 291/291/291 285/285/285
f 293/293/293 285/285/285 288/288/288
f 294/294/294 293/293/293 288/288/288
f 294/294/294 288/288/288 287/287/287
f 295/295/295 294/294/294 287/287/287
f 295/295/295 287/287/287 286/286/286
f 296/296/296 295/295/295 286/286/286
f 296/296/296 286/286/286 290/290/290
f 271/271/271 276/276/276 297/297/297
f 271/271/271 297/297/297 298/298/298
f 299/299/299 300/300/300 301/301/301
f 299/299/299 301/301/301 302/302/302
f 303/303/303 304/304/304 305/305/305
f 303/303/303 305/305/305 306/306/306
f 307/307/307 303/303/303 306/306/306
f 307/307/307 306/306/306 308/308/308
f 309/309/309 307/307/307 308/308/308
f 309/309/309 308/308/308 310/310/310
f 311/311/311 309/309/309 310/310/310
f 311/311/311 310/310/310 312/312/312
f 313/313/313 314/314/314 315/315/315
f 313/313/313 315/315/315 316/316/316
f 317/317/317 318/318/318 319/319/319
f 317/317/317 319/319/319 320/320/320
f 321/321/321 322/322/322 323/323/323
f 321/321/321 323/323/323 324/324/324
f 325/325/325 321/321/321 324/324/324
f 325/325/325 324/324/324 326/326/326
f 327/327/327 325/325/325 326/326/326
f 327/327/327 326/326/326 328/328/328
f 329/329/329 327/327/327 328/328/328
f 329/329/329 328/328/328 330/330/330
f 331/331/331 332/332/332 333/333/333
f 331/331/331 333/333/333 334/334/334
f 335/335/335 336/336/336 337/337/337
f 335/335/335 337/337/337 338/338/338
f 336/336/336 339/339/339 340/340/340
f 336/336/336 340/340/340 337/337/337
f 339/339/339 341/341/341 342/342/342
f 339/339/339 342/342/342 340/340/340
f 341/341/341 343/343/343 344/344/344
f 341/341/341 344/344/344 342/342/342
f 343/343/343 345/345/345 346/346/346
f 343/343/343 346/346/346 344/344/344
f 345/345/345 347/347/347 348/348/348
f 345/345/345 348/348/348 346/346/346
f 347/347/347 349/349/349 350/350/350
f 347/347/347 350/350/350 348/348/348
f 349/349/349 351/351/351 352/352/352
f 349/349/349 352/352/352 350/350/350
f 351/351/351 353/353/353 354/354/354
f 351/351/351 354/354/354 352/352/352
f 353/353/353 355/355/355 356/356/356
f 353/353/353 356/356/356 354/354/354
f 355/355/355 357/357/357 358/358/358
f 355/355/355 358/358/358 356/356/356
f 357/357/357 335/335/335 338/338/338
f 357/357/357 338/338/338 358/358/358
f 359/359/359 360/360/360 248/248/248
f 359/359/359 248/248/248 247/247/247
f 360/360/360 361/361/361 251/251/251
f 360/360/360 251/251/251 248/248/248
f 361/361/361 362/362/362 253/253/253
f 361/361/361 253/253/253 251/251/251
f 362/362/362 363/363/363 255/255/255
f 362/362/362 255/255/255 253/253/253
f 363/363/363 364/364/364 257/257/257
f 363/363/363 257/257/257 255/255/255
f 365/365/365 366/366/366 295/295/295
f 365/365/365 295/295/295 296/296/296
f 366/366/366 367/367/367 294/294/294
f 366/366/366 294/294/294 295/295/295
f 367/367/367 368/368/368 293/293/293
f 367/367/367 293/293/293 294/294/294
f 368/368/368 369/369/369 291/291/291
f 368/368/368 291/291/291 293/293/293
f 369/369/369 370/370/370 292/292/292
f 369/369/369 292/292/292 291/291/291
f 371/371/371 372/372/372 373/373/373
f 371/371/371 373/373/373 374/374/374
f 375/375/375 376/376/376 377/377/377
f 375/375/375 377/377/377 378/378/378
f 379/379/379 375/375/375 380/380/380
f 379/379/379 380/380/380 381/381/381
f 382/382/382 379/379/379 383/383/383
f 382/382/382 383/383/383 384/384/384
f 385/385/385 382/382/382 386/386/386
f 385/385/385 386/386/386 387/387/387
f 388/388/388 389/389/389 390/390/390
f 388/388/388 390/390/390 391/391/391
f 392/392/392 393/393/393 394/394/394
f 392/392/392 394/394/394 395/395/395
f 396/396/396 397/397/397 398/398/398
f 396/396/396 398/398/398 399/399/399
f 400/400/400 396/396/396 401/401/401
f 400/400/400 401/401/401 402/402/402
f 403/403/403 400/400/400 404/404/404
f 403/403/403 404/404/404 405/405/405
f 406/406/406 403/403/403 407/407/407
f 406/406/406 407/407/407 408/408/408
f 409/409/409 410/410/410 411/411/411
f 409/409/409 411/411/411 412/412/412
f 413/413/413 414/414/414 415/415/415
f 413/413/413 415/415/415 416/416/416
f 417/417/417 418/418/418 419/419/419
f 417/417/417 419/419/419 420/420/420
f 421/421/421 422/422/422 423/423/423
f 421/421/421 423/423/423 424/424/424
f 425/425/425 426/426/426 427/427/427
f 425/425/425 427/427/427 428/428/428
f 429/429/429 430/430/430 431/431/431
f 429/429/429 431/431/431 432/432/432
f 433/433/433 434/434/434 435/435/435
f 433/433/433 435/435/435 436/436/436
f 437/437/437 438/438/438 439/439/439
f 437/437/437 439/439/439 440/440/440
f 441/441/441 442/442/442 443/443/443
f 441/441/441 443/443/443 444/444/444
f 445/445/445 446/446/446 447/447/447
f 445/445/445 447/447/447 448/448/448
f 449/449/449 450/450/450 451/451/451
f 449/449/449 451/451/451 452/452/452
f 425/425/425 450/450/450 449/449/449
f 425/425/425 449/449/449 426/426/426
f 453/453/453 454/454/454 455/455/455
f 453/453/453 455/455/455 456/456/456
f 457/457/457 458/458/458 459/459/459
f 457/457/457 459/459/459 460/460/460
f 461/461/461 462/462/462 463/463/463
f 461/461/461 463/463/463 464/464/464
f 465/465/465 466/466/466 458/458/458
f 465/465/465 458/458/458 457/457/457
f 467/467/467 468/468/468 454/454/454
f 467/467/467 454/454/454 453/453/453
f 469/469/469 470/470/470 471/471/471
f 469/469/469 471/471/471 472/472/472
f 473/473/473 474/474/474 475/475/475
f 473/473/473 475/475/475 476/476/476
f 477/477/477 478/478/478 479/479/479
f 477/477/477 479/479/479 480/480/480
f 481/481/481 482/482/482 483/483/483
f 481/481/481 483/483/483 484/484/484
f 485/485/485 486/486/486 487/487/487
f 485/485/485 487/487/487 488/488/488
f 489/489/489 490/490/490 491/491/491
f 489/489/489 491/491/491 492/492/492
f 493/493/493 494/494/494 495/495/495
f 493/493/493 495/495/495 496/496/496
f 497/497/497 498/498/498 499/499/499
f 497/497/497 499/499/499 500/500/500
f 501/501/501 502/502/502 503/503/503
f 501/501/501 503/503/503 504/504/504
f 505/505/505 506/506/506 507/507/507
f 505/505/505 507/507/507 508/508/508
f 509/509/509 510/510/510 511/511/511
f 509/509/509 511/511/511 512/512/512
f 513/513/513 514/514/514 515/515/515
f 513/513/513 515/515/515 516/516/516
f 517/517/517 513/513/513 516/516/516
f 517/517/517 516/516/516 518/518/518
f 519/519/519 517/517/517 518/518/518
f 519/519/519 518/518/518 520/520/520
f 521/521/521 522/522/522 523/523/523
f 521/521/521 523/523/523 524/524/524
f 525/525/525 521/521/521 524/524/524
f 525/525/525 524/524/524 526/526/526
f 527/527/527 525/525/525 526/526/526
f 527/527/527 526/526/526 528/528/528
f 529/529/529 530/530/530 531/531/531
f 529/529/529 531/531/531 532/532/532
f 533/533/533 534/534/534 535/535/535
f 533/533/533 535/535/535 536/536/536
f 537/537/537 538/538/538 539/539/539
f 537/537/537 539/539/539 540/540/540
f 541/541/541 542/542/542 543/543/543
f 541/541/541 543/543/543 544/544/544
f 545/545/545 546/546/546 547/547/547
f 545/545/545 547/547/547 548/548/548
f 549/549/549 550/550/550 551/551/551
f 549/549/549 551/551/551 552/552/552
f 553/553/553 554/554/554 555/555/555
f 553/553/553 555/555/555 556/556/556
f 557/557/557 558/558/558 559/559/559
f 557/557/557 559/559/559 560/560/560
f 561/561/561 562/562/562 563/563/563
f 561/561/561 563/563/563 564/564/564
f 562/562/562 565/565/565 566/566/566
f 562/562/562 566/566/566 563/563/563
f 565/565/565 567/567/567 568/568/568
f 565/565/565 568/568/568 566/566/566
f 569/569/569 570/570/570 571/571/571
f 569/569/569 571/571/571 572/572/572
f 570/570/570 573/573/573 574/574/574
f 570/570/570 574/574/574 571/571/571
f 573/573/573 575/575/575 576/576/576
f 573/573/573 576/576/576 574/574/574
f 577/577/577 578/578/578 579/579/579
f 577/577/577 579/579/579 580/580/580
f 581/581/581 582/582/582 583/583/583
f 581/581/581 583/583/583 584/584/584
f 585/585/585 586/586/586 587/587/587
f 585/585/585 587/587/587 588/588/588
f 589/589/589 590/590/590 591/591/591
f 589/589/589 591/591/591 592/592/592
f 593/593/593 594/594/594 595/595/595
f 593/593/593 595/595/595 596/596/596
f 597/597/597 598/598/598 599/599/599
f 597/597/597 599/599/599 600/600/600
f 601/601/601 602/602/602 603/603/603
f 601/601/601 603/603/603 604/604/604
f 605/605/605 606/606/606 607/607/607
f 605/605/605 607/607/607 608/608/608
f 609/609/609 610/610/610 611/611/611
f 609/609/609 611/611/611 612/612/612
f 613/613/613 614/614/614 615/615/615
f 613/613/613 615/615/615 616/616/616
f 617/617/617 618/618/618 619/619/619
f 617/617/617 619/619/619 620/620/620
f 621/621/621 622/622/622 623/623/623
f 621/621/621 623/623/623 624/624/624
f 625/625/625 626/626/626 627/627/627
f 625/625/625 627/627/627 628/628/628
f 629/629/629 630/630/630 631/631/631
f 629/629/629 631/631/631 632/632/632
f 628/628/628 627/627/627 633/633/633
f 628/628/628 633/633/633 634/634/634
f 624/624/624 623/623/623 635/635/635
f 624/624/624 635/635/635 636/636/636
f 637/637/637 638/638/638 639/639/639
f 637/637/637 639/639/639 640/640/640
f 639/639/639 638/638/638 641/641/641
f 639/639/639 641/641/641 642/642/642
f 643/643/643 644/644/644 645/645/645
f 643/643/643 645/645/645 646/646/646
f 647/647/647 648/648/648 649/649/649
f 647/647/647 649/649/649 650/650/650
f 651/651/651 652/652/652 653/653/653
f 651/651/651 653/653/653 654/654/654
f 655/655/655 656/656/656 657/657/657
f 655/655/655 657/657/657 658/658/658
f 659/659/659 660/660/660 661/661/661
f 659/659/659 661/661/661 662/662/662
f 637/637/637 640/640/640 663/663/663
f 637/637/637 663/663/663 664/664/664
f 665/665/665 666/666/666 667/667/667
f 665/665/665 667/667/667 668/668/668
f 669/669/669 670/670/670 671/671/671
f 669/669/669 671/671/671 672/672/672
f 673/673/673 674/674/674 675/675/675
f 673/673/673 675/675/675 676/676/676
f 677/677/677 678/678/678 679/679/679
f 677/677/677 679/679/679 680/680/680
f 681/681/681 682/682/682 683/683/683
f 681/681/681 683/683/683 684/684/684
f 682/682/682 685/685/685 686/686/686
f 682/682/682 686/686/686 687/687/687
f 685/685/685 688/688/688 689/689/689
f 685/685/685 689/689/689 690/690/690
f 688/688/688 691/691/691 692/692/692
f 688/688/688 692/692/692 693/693/693
f 694/694/694 695/695/695 696/696/696
f 694/694/694 696/696/696 697/697/697
f 698/698/698 699/699/699 700/700/700
f 698/698/698 700/700/700 701/701/701
f 702/702/702 703/703/703 704/704/704
f 702/702/702 704/704/704 705/705/705
f 703/703/703 706/706/706 707/707/707
f 703/703/703 707/707/707 708/708/708
f 706/706/706 709/709/709 710/710/710
f 706/706/706 710/710/710 711/711/711
f 709/709/709 712/712/712 713/713/713
f 709/709/709 713/713/713 714/714/714
f 715/715/715 716/716/716 717/717/717
f 715/715/715 717/717/717 718/718/718
f 719/719/719 720/720/720 721/721/721
f 719/719/719 721/721/721 722/722/722
f 723/723/723 719/719/719 722/722/722
f 723/723/723 722/722/722 724/724/724
f 725/725/725 723/723/723 724/724/724
f 725/725/725 724/724/724 726/726/726
f 727/727/727 725/725/725 726/726/726
f 727/727/727 726/726/726 728/728/728
f 729/729/729 727/727/727 728/728/728
f 729/729/729 728/728/728 730/730/730
f 731/731/731 732/732/732 733/733/733
f 731/731/731 733/733/733 734/734/734
f 735/735/735 731/731/731 734/734/734
f 735/735/735 734/734/734 736/736/736
f 737/737/737 735/735/735 736/736/736
f 737/737/737 736/736/736 738/738/738
f 739/739/739 737/737/737 738/738/738
f 739/739/739 738/738/738 740/740/740
f 741/741/741 739/739/739 740/740/740
f 741/741/741 740/740/740 742/742/742
f 743/743/743 744/744/744 745/745/745
f 743/743/743 745/745/745 746/746/746
f 747/747/747 743/743/743 746/746/746
f 747/747/747 746/746/746 748/748/748
f 749/749/749 747/747/747 748/748/748
f 749/749/749 748/748/748 750/750/750
f 751/751/751 749/749/749 750/750/750
f 751/751/751 750/750/750 752/752/752
f 753/753/753 751/751/751 752/752/752
f 753/753/753 752/752/752 754/754/754
f 755/755/755 753/753/753 754/754/754
f 755/755/755 754/754/754 756/756/756
f 757/757/757 755/755/755 756/756/756
f 757/757/757 756/756/756 758/758/758
f 759/759/759 757/757/757 758/758/758
f 759/759/759 758/758/758 760/760/760
f 761/761/761 759/759/759 760/760/760
f 761/761/761 760/760/760 762/762/762
f 763/763/763 761/761/761 762/762/762
f 763/763/763 762/762/762 764/764/764
f 765/765/765 763/763/763 764/764/764
f 765/765/765 764/764/764 766/766/766
f 744/744/744 765/765/765 766/766/766
f 744/744/744 766/766/766 745/745/745
f 767/767/767 768/768/768 769/769/769
f 767/767/767 769/769/769 770/770/770
f 771/771/771 772/772/772 773/773/773
f 771/771/771 773/773/773 774/774/774
f 772/772/772 775/775/775 776/776/776
f 772/772/772 776/776/776 773/773/773
f 775/775/775 777/777/777 778/778/778
f 775/775/775 778/778/778 776/776/776
f 777/777/777 779/779/779 780/780/780
f 777/777/777 780/780/780 778/778/778
f 781/781/781 782/782/782 783/783/783
f 781/781/781 783/783/783 784/784/784
f 785/785/785 786/786/786 787/787/787
f 785/785/785 787/787/787 788/788/788
f 789/789/789 790/790/790 791/791/791
f 789/789/789 791/791/791 792/792/792
f 790/790/790 793/793/793 794/794/794
f 790/790/790 794/794/794 791/791/791
f 793/793/793 795/795/795 796/796/796
f 793/793/793 796/796/796 794/794/794
f 795/795/795 797/797/797 798/798/798
f 795/795/795 798/798/798 796/796/796
f 799/799/799 800/800/800 801/801/801
f 799/799/799 801/801/801 802/802/802
f 803/803/803 804/804/804 805/805/805
f 803/803/803 805/805/805 806/806/806
f 730/730/730 728/728/728 807/807/807
f 730/730/730 807/807/807 808/808/808
f 728/728/728 726/726/726 809/809/809
f 728/728/728 809/809/809 807/807/807
f 726/726/726 724/724/724 810/810/810
f 726/726/726 810/810/810 809/809/809
f 724/724/724 722/722/722 811/811/811
f 724/724/724 811/811/811 810/810/810
f 722/722/722 721/721/721 812/812/812
f 722/722/722 812/812/812 811/811/811
f 812/812/812 808/808/808 807/807/807
f 812/812/812 807/807/807 811/811/811
f 811/811/811 807/807/807 809/809/809
f 811/811/811 809/809/809 810/810/810
f 813/813/813 814/814/814 815/815/815
f 813/813/813 815/815/815 816/816/816
f 804/804/804 803/803/803 817/817/817
f 804/804/804 817/817/817 818/818/818
f 819/819/819 813/813/813 816/816/816
f 819/819/819 816/816/816 820/820/820
f 814/814/814 821/821/821 822/822/822
f 814/814/814 822/822/822 815/815/815
f 823/823/823 804/804/804 818/818/818
f 823/823/823 818/818/818 824/824/824
f 803/803/803 825/825/825 826/826/826
f 803/803/803 826/826/826 817/817/817
f 827/827/827 828/828/828 829/829/829
f 827/827/827 829/829/829 830/830/830
f 831/831/831 832/832/832 833/833/833
f 831/831/831 833/833/833 834/834/834
f 830/830/830 829/829/829 835/835/835
f 830/830/830 835/835/835 836/836/836
f 834/834/834 833/833/833 837/837/837
f 834/834/834 837/837/837 838/838/838
f 838/838/838 837/837/837 836/836/836
f 838/838/838 836/836/836 835/835/835
f 839/839/839 840/840/840 841/841/841
f 839/839/839 841/841/841 842/842/842
f 843/843/843 844/844/844 840/840/840
f 843/843/843 840/840/840 839/839/839
f 734/734/734 733/733/733 843/843/843
f 734/734/734 843/843/843 839/839/839
f 736/736/736 734/734/734 839/839/839
f 736/736/736 839/839/839 842/842/842
f 738/738/738 736/736/736 842/842/842
f 738/738/738 842/842/842 841/841/841
f 740/740/740 738/738/738 841/841/841
f 740/740/740 841/841/841 840/840/840
f 742/742/742 740/740/740 840/840/840
f 742/742/742 840/840/840 844/844/844
f 814/814/814 813/813/813 845/845/845
f 814/814/814 845/845/845 846/846/846
f 847/847/847 848/848/848 849/849/849
f 847/847/847 849/849/849 850/850/850
f 851/851/851 852/852/852 853/853/853
f 851/851/851 853/853/853 854/854/854
f 855/855/855 856/856/856 857/857/857
f 855/855/855 857/857/857 858/858/858
f 859/859/859 860/860/860 861/861/861
f 859/859/859 861/861/861 862/862/862
f 863/863/863 864/864/864 865/865/865
f 863/863/863 865/865/865 866/866/866
f 867/867/867 868/868/868 869/869/869
f 867/867/867 869/869/869 870/870/870
f 871/871/871 872/872/872 873/873/873
f 871/871/871 873/873/873 874/874/874
f 875/875/875 876/876/876 877/877/877
f 875/875/875 877/877/877 878/878/878
f 879/879/879 880/880/880 881/881/881
f 879/879/879 881/881/881 882/882/882
f 883/883/883 884/884/884 885/885/885
f 883/883/883 885/885/885 886/886/886
f 859/859/859 862/862/862 883/883/883
f 859/859/859 883/883/883 886/886/886
f 887/887/887 888/888/888 889/889/889
f 887/887/887 889/889/889 890/890/890
f 891/891/891 892/892/892 893/893/893
f 891/891/891 893/893/893 894/894/894
f 895/895/895 896/896/896 897/897/897
f 895/895/895 897/897/897 898/898/898
f 899/899/899 891/891/891 894/894/894
f 899/899/899 894/894/894 900/900/900
f 901/901/901 887/887/887 890/890/890
f 901/901/901 890/890/890 902/902/902
f 903/903/903 904/904/904 905/905/905
f 903/903/903 905/905/905 906/906/906
f 907/907/907 908/908/908 909/909/909
f 907/907/907 909/909/909 910/910/910
f 911/911/911 912/912/912 913/913/913
f 911/911/911 913/913/913 914/914/914
f 915/915/915 916/916/916 917/917/917
f 915/915/915 917/917/917 918/918/918
f 919/919/919 920/920/920 921/921/921
f 919/919/919 921/921/921 922/922/922
f 923/923/923 924/924/924 925/925/925
f 923/923/923 925/925/925 926/926/926
f 927/927/927 928/928/928 929/929/929
f 927/927/927 929/929/929 930/930/930
f 928/928/928 931/931/931 932/932/932
f 928/928/928 932/932/932 929/929/929
f 931/931/931 933/933/933 934/934/934
f 931/931/931 934/934/934 932/932/932
f 933/933/933 935/935/935 936/936/936
f 933/933/933 936/936/936 934/934/934
f 935/935/935 937/937/937 938/938/938
f 935/935/935 938/938/938 936/936/936
f 938/938/938 930/930/930 929/929/929
f 938/938/938 929/929/929 936/936/936
f 936/936/936 929/929/929 932/932/932
f 936/936/936 932/932/932 934/934/934
f 939/939/939 940/940/940 941/941/941
f 939/939/939 941/941/941 942/942/942
f 943/943/943 944/944/944 940/940/940
f 943/943/943 940/940/940 939/939/939
f 945/945/945 946/946/946 942/942/942
f 945/945/945 942/942/942 941/941/941
f 947/947/947 948/948/948 944/944/944
f 947/947/947 944/944/944 943/943/943
f 949/949/949 950/950/950 946/946/946
f 949/949/949 946/946/946 945/945/945
f 951/951/951 952/952/952 953/953/953
f 951/951/951 953/953/953 954/954/954
f 955/955/955 956/956/956 957/957/957
f 955/955/955 957/957/957 958/958/958
f 923/923/923 959/959/959 960/960/960
f 923/923/923 960/960/960 961/961/961
f 962/962/962 924/924/924 963/963/963
f 962/962/962 963/963/963 964/964/964
f 956/956/956 951/951/951 954/954/954
f 956/956/956 954/954/954 957/957/957
f 924/924/924 923/923/923 961/961/961
f 924/924/924 961/961/961 963/963/963
f 965/965/965 966/966/966 967/967/967
f 965/965/965 967/967/967 968/968/968
f 969/969/969 970/970/970 966/966/966
f 969/969/969 966/966/966 965/965/965
f 971/971/971 972/972/972 969/969/969
f 971/971/971 969/969/969 965/965/965
f 973/973/973 971/971/971 965/965/965
f 973/973/973 965/965/965 968/968/968
f 974/974/974 973/973/973 968/968/968
f 974/974/974 968/968/968 967/967/967
f 975/975/975 974/974/974 967/967/967
f 975/975/975 967/967/967 966/966/966
f 976/976/976 975/975/975 966/966/966
f 976/976/976 966/966/966 970/970/970
f 951/951/951 956/956/956 977/977/977
f 951/951/951 977/977/977 978/978/978
f 979/979/979 980/980/980 981/981/981
f 979/979/979 981/981/981 982/982/982
f 983/983/983 979/979/979 982/982/982
f 983/983/983 982/982/982 984/984/984
f 985/985/985 983/983/983 984/984/984
f 985/985/985 984/984/984 986/986/986
f 987/987/987 988/988/988 989/989/989
f 987/987/987 989/989/989 990/990/990
f 991/991/991 992/992/992 993/993/993
f 991/991/991 993/993/993 994/994/994
f 995/995/995 991/991/991 994/994/994
f 995/995/995 994/994/994 996/996/996
f 997/997/997 995/995/995 996/996/996
f 997/997/997 996/996/996 998/998/998
f 999/999/999 997/997/997 998/998/998
f 999/999/999 998/998/998 1000/1000/1000
f 1001/1001/1001 999/999/999 1000/1000/1000
f 1001/1001/1001 1000/1000/1000 1002/1002/1002
f 1003/1003/1003 1004/1004/1004 1005/1005/1005
f 1003/1003/1003 1005/1005/1005 1006/1006/1006
f 1007/1007/1007 1008/1008/1008 1009/1009/1009
f 1007/1007/1007 1009/1009/1009 1010/1010/1010
f 1011/1011/1011 1007/1007/1007 1010/1010/1010
f 1011/1011/1011 1010/1010/1010 1012/1012/1012
f 1013/1013/1013 1014/1014/1014 1015/1015/1015
f 1013/1013/1013 1015/1015/1015 1016/1016/1016
f 1014/1014/1014 1017/1017/1017 1018/1018/1018
f 1014/1014/1014 1018/1018/1018 1015/1015/1015
f 1017/1017/1017 1019/1019/1019 1020/1020/1020
f 1017/1017/1017 1020/1020/1020 1018/1018/1018
f 1019/1019/1019 1021/1021/1021 1022/1022/1022
f 1019/1019/1019 1022/1022/1022 1020/1020/1020
f 1021/1021/1021 1023/1023/1023 1024/1024/1024
f 1021/1021/1021 1024/1024/1024 1022/1022/1022
f 1023/1023/1023 1025/1025/1025 1026/1026/1026
f 1023/1023/1023 1026/1026/1026 1024/1024/1024
f 1025/1025/1025 1027/1027/1027 1028/1028/1028
f 1025/1025/1025 1028/1028/1028 1026/1026/1026
f 1027/1027/1027 1029/1029/1029 1030/1030/1030
f 1027/1027/1027 1030/1030/1030 1028/1028/1028
f 1029/1029/1029 1031/1031/1031 1032/1032/1032
f 1029/1029/1029 1032/1032/1032 1030/1030/1030
f 1031/1031/1031 1033/1033/1033 1034/1034/1034
f 1031/1031/1031 1034/1034/1034 1032/1032/1032
f 1033/1033/1033 1035/1035/1035 1036/1036/1036
f 1033/1033/1033 1036/1036/1036 1034/1034/1034
f 1035/1035/1035 1013/1013/1013 1016/1016/1016
f 1035/1035/1035 1016/1016/1016 1036/1036/1036
f 1037/1037/1037 1038/1038/1038 928/928/928
f 1037/1037/1037 928/928/928 927/927/927
f 1038/1038/1038 1039/1039/1039 931/931/931
f 1038/1038/1038 931/931/931 928/928/928
f 1039/1039/1039 1040/1040/1040 933/933/933
f 1039/1039/1039 933/933/933 931/931/931
f 1040/1040/1040 1041/1041/1041 935/935/935
f 1040/1040/1040 935/935/935 933/933/933
f 1041/1041/1041 1042/1042/1042 937/937/937
f 1041/1041/1041 937/937/937 935/935/935
f 1043/1043/1043 1044/1044/1044 975/975/975
f 1043/1043/1043 975/975/975 976/976/976
f 1044/1044/1044 1045/1045/1045 974/974/974
f 1044/1044/1044 974/974/974 975/975/975
f 1045/1045/1045 1046/1046/1046 973/973/973
f 1045/1045/1045 973/973/973 974/974/974
f 1046/1046/1046 1047/1047/1047 971/971/971
f 1046/1046/1046 971/971/971 973/973/973
f 1047/1047/1047 1048/1048/1048 972/972/972
f 1047/1047/1047 972/972/972 971/971/971
f 1049/1049/1049 1050/1050/1050 1051/1051/1051
f 1049/1049/1049 1051/1051/1051 1052/1052/1052
f 1053/1053/1053 1049/1049/1049 1054/1054/1054
f 1053/1053/1053 1054/1054/1054 1055/1055/1055
f 1056/1056/1056 1057/1057/1057 1058/1058/1058
f 1056/1056/1056 1058/1058/1058 1059/1059/1059
f 1060/1060/1060 1061/1061/1061 1062/1062/1062
f 1060/1060/1060 1062/1062/1062 1063/1063/1063
f 1064/1064/1064 1060/1060/1060 1065/1065/1065
f 1064/1064/1064 1065/1065/1065 1066/1066/1066
f 1067/1067/1067 1064/1064/1064 1068/1068/1068
f 1067/1067/1067 1068/1068/1068 1069/1069/1069
f 1070/1070/1070 1067/1067/1067 1071/1071/1071
f 1070/1070/1070 1071/1071/1071 1072/1072/1072
f 1073/1073/1073 1070/1070/1070 1074/1074/1074
f 1073/1073/1073 1074/1074/1074 1075/1075/1075
f 1076/1076/1076 1077/1077/1077 1078/1078/1078
f 1076/1076/1076 1078/1078/1078 1079/1079/1079
f 1080/1080/1080 1081/1081/1081 1082/1082/1082
f 1080/1080/1080 1082/1082/1082 1083/1083/1083
f 1084/1084/1084 1080/1080/1080 1085/1085/1085
f 1084/1084/1084 1085/1085/1085 1086/1086/1086
f 1050/1050/1050 1084/1084/1084 1087/1087/1087
f 1050/1050/1050 1087/1087/1087 1088/1088/1088
f 1089/1089/1089 1090/1090/1090 1091/1091/1091
f 1089/1089/1089 1091/1091/1091 1092/1092/1092
f 1090/1090/1090 1093/1093/1093 1094/1094/1094
f 1090/1090/1090 1094/1094/1094 1095/1095/1095
f 1093/1093/1093 1096/1096/1096 1097/1097/1097
f 1093/1093/1093 1097/1097/1097 1098/1098/1098
f 1099/1099/1099 1100/1100/1100 1101/1101/1101
f 1099/1099/1099 1101/1101/1101 1102/1102/1102
f 1103/1103/1103 1104/1104/1104 1105/1105/1105
f 1103/1103/1103 1105/1105/1105 1106/1106/1106
f 1104/1104/1104 1107/1107/1107 1108/1108/1108
f 1104/1104/1104 1108/1108/1108 1109/1109/1109
f 1107/1107/1107 1110/1110/1110 1111/1111/1111
f 1107/1107/1107 1111/1111/1111 1112/1112/1112
f 1110/1110/1110 1113/1113/1113 1114/1114/1114
f 1110/1110/1110 1114/1114/1114 1115/1115/1115
f 1113/1113/1113 1116/1116/1116 1117/1117/1117
f 1113/1113/1113 1117/1117/1117 1118/1118/1118
f 1119/1119/1119 1120/1120/1120 1121/1121/1121
f 1119/1119/1119 1121/1121/1121 1122/1122/1122
f 1123/1123/1123 1124/1124/1124 1125/1125/1125
f 1123/1123/1123 1125/1125/1125 1126/1126/1126
f 1124/1124/1124 1089/1089/1089 1127/1127/1127
f 1124/1124/1124 1127/1127/1127 1128/1128/1128
f 1129/1129/1129 1130/1130/1130 1131/1131/1131
f 1129/1129/1129 1131/1131/1131 1132/1132/1132
f 1133/1133/1133 1129/1129/1129 1132/1132/1132
f 1133/1133/1133 1132/1132/1132 1134/1134/1134
f 1135/1135/1135 1133/1133/1133 1134/1134/1134
f 1135/1135/1135 1134/1134/1134 1136/1136/1136
f 1137/1137/1137 1135/1135/1135 1136/1136/1136
f 1137/1137/1137 1136/1136/1136 1138/1138/1138
f 1139/1139/1139 1137/1137/1137 1138/1138/1138
f 1139/1139/1139 1138/1138/1138 1140/1140/1140
f 1141/1141/1141 1142/1142/1142 1143/1143/1143
f 1141/1141/1141 1143/1143/1143 1144/1144/1144
f 1145/1145/1145 1141/1141/1141 1144/1144/1144
f 1145/1145/1145 1144/1144/1144 1146/1146/1146
f 1147/1147/1147 1145/1145/1145 1146/1146/1146
f 1147/1147/1147 1146/1146/1146 1148/1148/1148
f 1149/1149/1149 1147/1147/1147 1148/1148/1148
f 1149/1149/1149 1148/1148/1148 1150/1150/1150
f 1151/1151/1151 1149/1149/1149 1150/1150/1150
f 1151/1151/1151 1150/1150/1150 1152/1152/1152
f 1153/1153/1153 1154/1154/1154 1155/1155/1155
f 1153/1153/1153 1155/1155/1155 1156/1156/1156
f 1157/1157/1157 1153/1153/1153 1156/1156/1156
f 1157/1157/1157 1156/1156/1156 1158/1158/1158
f 1159/1159/1159 1157/1157/1157 1158/1158/1158
f 1159/1159/1159 1158/1158/1158 1160/1160/1160
f 1161/1161/1161 1159/1159/1159 1160/1160/1160
f 1161/1161/1161 1160/1160/1160 1162/1162/1162
f 1163/1163/1163 1161/1161/1161 1162/1162/1162
f 1163/1163/1163 1162/1162/1162 1164/1164/1164
f 1165/1165/1165 1163/1163/1163 1164/1164/1164
f 1165/1165/1165 1164/1164/1164 1166/1166/1166
f 1167/1167/1167 1165/1165/1165 1166/1166/1166
f 1167/1167/1167 1166/1166/1166 1168/1168/1168
f 1169/1169/1169 1167/1167/1167 1168/1168/1168
f 1169/1169/1169 1168/1168/1168 1170/1170/1170
f 1171/1171/1171 1169/1169/1169 1170/1170/1170
f 1171/1171/1171 1170/1170/1170 1172/1172/1172
f 1173/1173/1173 1171/1171/1171 1172/1172/1172
f 1173/1173/1173 1172/1172/1172 1174/1174/1174
f 1175/1175/1175 1173/1173/1173 1174/1174/1174
f 1175/1175/1175 1174/1174/1174 1176/1176/1176
f 1154/1154/1154 1175/1175/1175 1176/1176/1176
f 1154/1154/1154 1176/1176/1176 1155/1155/1155
f 1177/1177/1177 1178/1178/1178 1179/1179/1179
f 1177/1177/1177 1179/1179/1179 1180/1180/1180
f 1178/1178/1178 1181/1181/1181 1182/1182/1182
f 1178/1178/1178 1182/1182/1182 1179/1179/1179
f 1183/1183/1183 1184/1184/1184 1185/1185/1185
f 1183/1183/1183 1185/1185/1185 1186/1186/1186
f 1187/1187/1187 1188/1188/1188 1189/1189/1189
f 1187/1187/1187 1189/1189/1189 1190/1190/1190
f 1188/1188/1188 1191/1191/1191 1192/1192/1192
f 1188/1188/1188 1192/1192/1192 1189/1189/1189
f 1191/1191/1191 1193/1193/1193 1194/1194/1194
f 1191/1191/1191 1194/1194/1194 1192/1192/1192
f 1193/1193/1193 1195/1195/1195 1196/1196/1196
f 1193/1193/1193 1196/1196/1196 1194/1194/1194
f 1195/1195/1195 1197/1197/1197 1198/1198/1198
f 1195/1195/1195 1198/1198/1198 1196/1196/1196
f 1199/1199/1199 1200/1200/1200 1201/1201/1201
f 1199/1199/1199 1201/1201/1201 1202/1202/1202
f 1203/1203/1203 1204/1204/1204 1205/1205/1205
f 1203/1203/1203 1205/1205/1205 1206/1206/1206
f 1204/1204/1204 1207/1207/1207 1208/1208/1208
f 1204/1204/1204 1208/1208/1208 1205/1205/1205
f 1207/1207/1207 1209/1209/1209 1210/1210/1210
f 1207/1207/1207 1210/1210/1210 1208/1208/1208
f 1211/1211/1211 1212/1212/1212 1213/1213/1213
f 1211/1211/1211 1213/1213/1213 1214/1214/1214
f 1140/1140/1140 1138/1138/1138 1215/1215/1215
f 1140/1140/1140 1215/1215/1215 1216/1216/1216
f 1138/1138/1138 1136/1136/1136 1217/1217/1217
f 1138/1138/1138 1217/1217/1217 1215/1215/1215
f 1136/1136/1136 1134/1134/1134 1218/1218/1218
f 1136/1136/1136 1218/1218/1218 1217/1217/1217
f 1134/1134/1134 1132/1132/1132 1219/1219/1219
f 1134/1134/1134 1219/1219/1219 1218/1218/1218
f 1132/1132/1132 1131/1131/1131 1220/1220/1220
f 1132/1132/1132 1220/1220/1220 1219/1219/1219
f 1220/1220/1220 1216/1216/1216 1215/1215/1215
f 1220/1220/1220 1215/1215/1215 1219/1219/1219
f 1219/1219/1219 1215/1215/1215 1217/1217/1217
f 1219/1219/1219 1217/1217/1217 1218/1218/1218
f 1221/1221/1221 1222/1222/1222 1223/1223/1223
f 1221/1221/1221 1223/1223/1223 1224/1224/1224
f 1212/1212/1212 1211/1211/1211 1225/1225/1225
f 1212/1212/1212 1225/1225/1225 1226/1226/1226
f 1227/1227/1227 1221/1221/1221 1224/1224/1224
f 1227/1227/1227 1224/1224/1224 1228/1228/1228
f 1222/1222/1222 1229/1229/1229 1230/1230/1230
f 1222/1222/1222 1230/1230/1230 1223/1223/1223
f 1231/1231/1231 1212/1212/1212 1226/1226/1226
f 1231/1231/1231 1226/1226/1226 1232/1232/1232
f 1211/1211/1211 1233/1233/1233 1234/1234/1234
f 1211/1211/1211 1234/1234/1234 1225/1225/1225
f 1235/1235/1235 1236/1236/1236 1237/1237/1237
f 1235/1235/1235 1237/1237/1237 1238/1238/1238
f 1239/1239/1239 1240/1240/1240 1241/1241/1241
f 1239/1239/1239 1241/1241/1241 1242/1242/1242
f 1238/1238/1238 1237/1237/1237 1243/1243/1243
f 1238/1238/1238 1243/1243/1243 1244/1244/1244
f 1242/1242/1242 1241/1241/1241 1245/1245/1245
f 1242/1242/1242 1245/1245/1245 1246/1246/1246
f 1246/1246/1246 1245/1245/1245 1244/1244/1244
f 1246/1246/1246 1244/1244/1244 1243/1243/1243
f 1247/1247/1247 1248/1248/1248 1249/1249/1249
f 1247/1247/1247 1249/1249/1249 1250/1250/1250
f 1251/1251/1251 1252/1252/1252 1248/1248/1248
f 1251/1251/1251 1248/1248/1248 1247/1247/1247
f 1144/1144/1144 1143/1143/1143 1251/1251/1251
f 1144/1144/1144 1251/1251/1251 1247/1247/1247
f 1146/1146/1146 1144/1144/1144 1247/1247/1247
f 1146/1146/1146 1247/1247/1247 1250/1250/1250
f 1148/1148/1148 1146/1146/1146 1250/1250/1250
f 1148/1148/1148 1250/1250/1250 1249/1249/1249
f 1150/1150/1150 1148/1148/1148 1249/1249/1249
f 1150/1150/1150 1249/1249/1249 1248/1248/1248
f 1152/1152/1152 1150/1150/1150 1248/1248/1248
f 1152/1152/1152 1248/1248/1248 1252/1252/1252
f 1222/1222/1222 1221/1221/1221 1253/1253/1253
f 1222/1222/1222 1253/1253/1253 1254/1254/1254
f 1255/1255/1255 1256/1256/1256 1257/1257/1257
f 1255/1255/1255 1257/1257/1257 1258/1258/1258
f 1259/1259/1259 1260/1260/1260 1261/1261/1261
f 1259/1259/1259 1261/1261/1261 1262/1262/1262
f 1263/1263/1263 1264/1264/1264 1265/1265/1265
f 1263/1263/1263 1265/1265/1265 1266/1266/1266
f 1267/1267/1267 1268/1268/1268 1269/1269/1269
f 1267/1267/1267 1269/1269/1269 1270/1270/1270
f 1271/1271/1271 1272/1272/1272 1273/1273/1273
f 1271/1271/1271 1273/1273/1273 1274/1274/1274
f 1275/1275/1275 1276/1276/1276 1277/1277/1277
f 1275/1275/1275 1277/1277/1277 1278/1278/1278
f 1279/1279/1279 1280/1280/1280 1281/1281/1281
f 1279/1279/1279 1281/1281/1281 1282/1282/1282
f 1283/1283/1283 1284/1284/1284 1285/1285/1285
f 1283/1283/1283 1285/1285/1285 1286/1286/1286
f 1280/1280/1280 1287/1287/1287 1288/1288/1288
f 1280/1280/1280 1288/1288/1288 1281/1281/1281
f 1276/1276/1276 1289/1289/1289 1290/1290/1290
f 1276/1276/1276 1290/1290/1290 1277/1277/1277
f 1291/1291/1291 1292/1292/1292 1293/1293/1293
f 1291/1291/1291 1293/1293/1293 1294/1294/1294
f 1293/1293/1293 1295/1295/1295 1296/1296/1296
f 1293/1293/1293 1296/1296/1296 1294/1294/1294
f 1297/1297/1297 1298/1298/1298 1299/1299/1299
f 1297/1297/1297 1299/1299/1299 1300/1300/1300
f 1301/1301/1301 1302/1302/1302 1303/1303/1303
f 1301/1301/1301 1303/1303/1303 1304/1304/1304
f 1305/1305/1305 1306/1306/1306 1307/1307/1307
f 1305/1305/1305 1307/1307/1307 1308/1308/1308
f 1309/1309/1309 1310/1310/1310 1311/1311/1311
f 1309/1309/1309 1311/1311/1311 1312/1312/1312
f 1313/1313/1313 1314/1314/1314 1315/1315/1315
f 1313/1313/1313 1315/1315/1315 1316/1316/1316
f 1291/1291/1291 1317/1317/1317 1318/1318/1318
f 1291/1291/1291 1318/1318/1318 1292/1292/1292
f 1319/1319/1319 1320/1320/1320 1321/1321/1321
f 1319/1319/1319 1321/1321/1321 1322/1322/1322
f 1323/1323/1323 1324/1324/1324 1325/1325/1325
f 1323/1323/1323 1325/1325/1325 1326/1326/1326
f 1327/1327/1327 1328/1328/1328 1329/1329/1329
f 1327/1327/1327 1329/1329/1329 1330/1330/1330
f 1331/1331/1331 1332/1332/1332 1333/1333/1333
f 1331/1331/1331 1333/1333/1333 1334/1334/1334
f 1335/1335/1335 1336/1336/1336 1337/1337/1337
f 1335/1335/1335 1337/1337/1337 1338/1338/1338
f 1336/1336/1336 1339/1339/1339 1340/1340/1340
f 1336/1336/1336 1340/1340/1340 1337/1337/1337
f 1339/1339/1339 1341/1341/1341 1342/1342/1342
f 1339/1339/1339 1342/1342/1342 1340/1340/1340
f 1341/1341/1341 1343/1343/1343 1344/1344/1344
f 1341/1341/1341 1344/1344/1344 1342/1342/1342
f 1343/1343/1343 1345/1345/1345 1346/1346/1346
f 1343/1343/1343 1346/1346/1346 1344/1344/1344
f 1346/1346/1346 1338/1338/1338 1337/1337/1337
f 1346/1346/1346 1337/1337/1337 1344/1344/1344
f 1344/1344/1344 1337/1337/1337 1340/1340/1340
f 1344/1344/1344 1340/1340/1340 1342/1342/1342
f 1347/1347/1347 1348/1348/1348 1349/1349/1349
f 1347/1347/1347 1349/1349/1349 1350/1350/1350
f 1351/1351/1351 1352/1352/1352 1348/1348/1348
f 1351/1351/1351 1348/1348/1348 1347/1347/1347
f 1353/1353/1353 1354/1354/1354 1350/1350/1350
f 1353/1353/1353 1350/1350/1350 1349/1349/1349
f 1355/1355/1355 1356/1356/1356 1352/1352/1352
f 1355/1355/1355 1352/1352/1352 1351/1351/1351
f 1357/1357/1357 1358/1358/1358 1354/1354/1354
f 1357/1357/1357 1354/1354/1354 1353/1353/1353
f 1359/1359/1359 1360/1360/1360 1361/1361/1361
f 1359/1359/1359 1361/1361/1361 1362/1362/1362
f 1363/1363/1363 1364/1364/1364 1365/1365/1365
f 1363/1363/1363 1365/1365/1365 1366/1366/1366
f 1331/1331/1331 1367/1367/1367 1368/1368/1368
f 1331/1331/1331 1368/1368/1368 1369/1369/1369
f 1370/1370/1370 1332/1332/1332 1371/1371/1371
f 1370/1370/1370 1371/1371/1371 1372/1372/1372
f 1364/1364/1364 1359/1359/1359 1362/1362/1362
f 1364/1364/1364 1362/1362/1362 1365/1365/1365
f 1332/1332/1332 1331/1331/1331 1369/1369/1369
f 1332/1332/1332 1369/1369/1369 1371/1371/1371
f 1373/1373/1373 1374/1374/1374 1375/1375/1375
f 1373/1373/1373 1375/1375/1375 1376/1376/1376
f 1377/1377/1377 1378/1378/1378 1374/1374/1374
f 1377/1377/1377 1374/1374/1374 1373/1373/1373
f 1379/1379/1379 1380/1380/1380 1377/1377/1377
f 1379/1379/1379 1377/1377/1377 1373/1373/1373
f 1381/1381/1381 1379/1379/1379 1373/1373/1373
f 1381/1381/1381 1373/1373/1373 1376/1376/1376
f 1382/1382/1382 1381/1381/1381 1376/1376/1376
f 1382/1382/1382 1376/1376/1376 1375/1375/1375
f 1383/1383/1383 1382/1382/1382 1375/1375/1375
f 1383/1383/1383 1375/1375/1375 1374/1374/1374
f 1384/1384/1384 1383/1383/1383 1374/1374/1374
f 1384/1384/1384 1374/1374/1374 1378/1378/1378
f 1359/1359/1359 1364/1364/1364 1385/1385/1385
f 1359/1359/1359 1385/1385/1385 1386/1386/1386
f 1387/1387/1387 1388/1388/1388 1389/1389/1389
f 1387/1387/1387 1389/1389/1389 1390/1390/1390
f 1391/1391/1391 1392/1392/1392 1393/1393/1393
f 1391/1391/1391 1393/1393/1393 1394/1394/1394
f 1395/1395/1395 1391/1391/1391 1394/1394/1394
f 1395/1395/1395 1394/1394/1394 1396/1396/1396
f 1397/1397/1397 1395/1395/1395 1396/1396/1396
f 1397/1397/1397 1396/1396/1396 1398/1398/1398
f 1399/1399/1399 1397/1397/1397 1398/1398/1398
f 1399/1399/1399 1398/1398/1398 1400/1400/1400
f 1401/1401/1401 1402/1402/1402 1403/1403/1403
f 1401/1401/1401 1403/1403/1403 1404/1404/1404
f 1405/1405/1405 1406/1406/1406 1407/1407/1407
f 1405/1405/1405 1407/1407/1407 1408/1408/1408
f 1409/1409/1409 1410/1410/1410 1411/1411/1411
f 1409/1409/1409 1411/1411/1411 1412/1412/1412
f 1413/1413/1413 1409/1409/1409 1412/1412/1412
f 1413/1413/1413 1412/1412/1412 1414/1414/1414
f 1415/1415/1415 1413/1413/1413 1414/1414/1414
f 1415/1415/1415 1414/1414/1414 1416/1416/1416
f 1417/1417/1417 1415/1415/1415 1416/1416/1416
f 1417/1417/1417 1416/1416/1416 1418/1418/1418
f 1419/1419/1419 1420/1420/1420 1421/1421/1421
f 1419/1419/1419 1421/1421/1421 1422/1422/1422
f 1423/1423/1423 1424/1424/1424 1425/1425/1425
f 1423/1423/1423 1425/1425/1425 1426/1426/1426
f 1424/1424/1424 1427/1427/1427 1428/1428/1428
f 1424/1424/1424 1428/1428/1428 1425/1425/1425
f 1427/1427/1427 1429/1429/1429 1430/1430/1430
f 1427/1427/1427 1430/1430/1430 1428/1428/1428
f 1429/1429/1429 1431/1431/1431 1432/1432/1432
f 1429/1429/1429 1432/1432/1432 1430/1430/1430
f 1431/1431/1431 1433/1433/1433 1434/1434/1434
f 1431/1431/1431 1434/1434/1434 1432/1432/1432
f 1433/1433/1433 1435/1435/1435 1436/1436/1436
f 1433/1433/1433 1436/1436/1436 1434/1434/1434
f 1435/1435/1435 1437/1437/1437 1438/1438/1438
f 1435/1435/1435 1438/1438/1438 1436/1436/1436
f 1437/1437/1437 1439/1439/1439 1440/1440/1440
f 1437/1437/1437 1440/1440/1440 1438/1438/1438
f 1439/1439/1439 1441/1441/1441 1442/1442/1442
f 1439/1439/1439 1442/1442/1442 1440/1440/1440
f 1441/1441/1441 1443/1443/1443 1444/1444/1444
f 1441/1441/1441 1444/1444/1444 1442/1442/1442
f 1443/1443/1443 1445/1445/1445 1446/1446/1446
f 1443/1443/1443 1446/1446/1446 1444/1444/1444
f 1445/1445/1445 1423/1423/1423 1426/1426/1426
f 1445/1445/1445 1426/1426/1426 1446/1446/1446
f 1447/1447/1447 1448/1448/1448 1336/1336/1336
f 1447/1447/1447 1336/1336/1336 1335/1335/1335
f 1448/1448/1448 1449/1449/1449 1339/1339/1339
f 1448/1448/1448 1339/1339/1339 1336/1336/1336
f 1449/1449/1449 1450/1450/1450 1341/1341/1341
f 1449/1449/1449 1341/1341/1341 1339/1339/1339
f 1450/1450/1450 1451/1451/1451 1343/1343/1343
f 1450/1450/1450 1343/1343/1343 1341/1341/1341
f 1451/1451/1451 1452/1452/1452 1345/1345/1345
f 1451/1451/1451 1345/1345/1345 1343/1343/1343
f 1453/1453/1453 1454/1454/1454 1383/1383/1383
f 1453/1453/1453 1383/1383/1383 1384/1384/1384
f 1454/1454/1454 1455/1455/1455 1382/1382/1382
f 1454/1454/1454 1382/1382/1382 1383/1383/1383
f 1455/1455/1455 1456/1456/1456 1381/1381/1381
f 1455/1455/1455 1381/1381/1381 1382/1382/1382
f 1456/1456/1456 1457/1457/1457 1379/1379/1379
f 1456/1456/1456 1379/1379/1379 1381/1381/1381
f 1457/1457/1457 1458/1458/1458 1380/1380/1380
f 1457/1457/1457 1380/1380/1380 1379/1379/1379
f 1459/1459/1459 1460/1460/1460 1461/1461/1461
f 1459/1459/1459 1461/1461/1461 1462/1462/1462
f 1463/1463/1463 1464/1464/1464 1465/1465/1465
f 1463/1463/1463 1465/1465/1465 1466/1466/1466
f 1467/1467/1467 1463/1463/1463 1468/1468/1468
f 1467/1467/1467 1468/1468/1468 1469/1469/1469
f 1470/1470/1470 1467/1467/1467 1471/1471/1471
f 1470/1470/1470 1471/1471/1471 1472/1472/1472
f 1473/1473/1473 1470/1470/1470 1474/1474/1474
f 1473/1473/1473 1474/1474/1474 1475/1475/1475
f 1476/1476/1476 1477/1477/1477 1478/1478/1478
f 1476/1476/1476 1478/1478/1478 1479/1479/1479
f 1480/1480/1480 1481/1481/1481 1482/1482/1482
f 1480/1480/1480 1482/1482/1482 1483/1483/1483
f 1484/1484/1484 1485/1485/1485 1486/1486/1486
f 1484/1484/1484 1486/1486/1486 1487/1487/1487
f 1488/1488/1488 1484/1484/1484 1489/1489/1489
f 1488/1488/1488 1489/1489/1489 1490/1490/1490
f 1491/1491/1491 1488/1488/1488 1492/1492/1492
f 1491/1491/1491 1492/1492/1492 1493/1493/1493
f 1494/1494/1494 1491/1491/1491 1495/1495/1495
f 1494/1494/1494 1495/1495/1495 1496/1496/1496
f 1497/1497/1497 1498/1498/1498 1499/1499/1499
f 1497/1497/1497 1499/1499/1499 1500/1500/1500
f 1501/1501/1501 1502/1502/1502 1503/1503/1503
f 1501/1501/1501 1503/1503/1503 1504/1504/1504
f 1505/1505/1505 1506/1506/1506 1507/1507/1507
f 1505/1505/1505 1507/1507/1507 1508/1508/1508
f 1509/1509/1509 1510/1510/1510 1511/1511/1511
f 1509/1509/1509 1511/1511/1511 1512/1512/1512
f 1513/1513/1513 1514/1514/1514 1515/1515/1515
f 1513/1513/1513 1515/1515/1515 1516/1516/1516
f 1517/1517/1517 1518/1518/1518 1519/1519/1519
f 1517/1517/1517 1519/1519/1519 1520/1520/1520
f 1521/1521/1521 1522/1522/1522 1523/1523/1523
f 1521/1521/1521 1523/1523/1523 1524/1524/1524
f 1525/1525/1525 1526/1526/1526 1527/1527/1527
f 1525/1525/1525 1527/1527/1527 1528/1528/1528
f 1529/1529/1529 1530/1530/1530 1531/1531/1531
f 1529/1529/1529 1531/1531/1531 1532/1532/1532
f 1533/1533/1533 1534/1534/1534 1535/1535/1535
f 1533/1533/1533 1535/1535/1535 1536/1536/1536
f 1537/1537/1537 1538/1538/1538 1539/1539/1539
f 1537/1537/1537 1539/1539/1539 1540/1540/1540
f 1513/1513/1513 1538/1538/1538 1537/1537/1537
f 1513/1513/1513 1537/1537/1537 1514/1514/1514
f 1541/1541/1541 1542/1542/1542 1543/1543/1543
f 1541/1541/1541 1543/1543/1543 1544/1544/1544
f 1545/1545/1545 1546/1546/1546 1547/1547/1547
f 1545/1545/1545 1547/1547/1547 1548/1548/1548
f 1549/1549/1549 1550/1550/1550 1551/1551/1551
f 1549/1549/1549 1551/1551/1551 1552/1552/1552
f 1553/1553/1553 1554/1554/1554 1546/1546/1546
f 1553/1553/1553 1546/1546/1546 1545/1545/1545
f 1555/1555/1555 1556/1556/1556 1542/1542/1542
f 1555/1555/1555 1542/1542/1542 1541/1541/1541
f 1557/1557/1557 1558/1558/1558 1559/1559/1559
f 1557/1557/1557 1559/1559/1559 1560/1560/1560
f 1561/1561/1561 1562/1562/1562 1563/1563/1563
f 1561/1561/1561 1563/1563/1563 1564/1564/1564
f 1565/1565/1565 1566/1566/1566 1567/1567/1567
f 1565/1565/1565 1567/1567/1567 1568/1568/1568
f 1569/1569/1569 1570/1570/1570 1571/1571/1571
f 1569/1569/1569 1571/1571/1571 1572/1572/1572
f 1573/1573/1573 1574/1574/1574 1575/1575/1575
f 1573/1573/1573 1575/1575/1575 1576/1576/1576
f 1577/1577/1577 1578/1578/1578 1579/1579/1579
f 1577/1577/1577 1579/1579/1579 1580/1580/1580
f 1581/1581/1581 1582/1582/1582 1583/1583/1583
f 1581/1581/1581 1583/1583/1583 1584/1584/1584
f 1585/1585/1585 1586/1586/1586 1587/1587/1587
f 1585/1585/1585 1587/1587/1587 1588/1588/1588
f 1589/1589/1589 1590/1590/1590 1591/1591/1591
f 1589/1589/1589 1591/1591/1591 1592/1592/1592
f 1593/1593/1593 1594/1594/1594 1595/1595/1595
f 1593/1593/1593 1595/1595/1595 1596/1596/1596
f 1597/1597/1597 1598/1598/1598 1599/1599/1599
f 1597/1597/1597 1599/1599/1599 1600/1600/1600
f 1601/1601/1601 1602/1602/1602 1603/1603/1603
f 1601/1601/1601 1603/1603/1603 1604/1604/1604
f 1605/1605/1605 1601/1601/1601 1604/1604/1604
f 1605/1605/1605 1604/1604/1604 1606/1606/1606
f 1607/1607/1607 1605/1605/1605 1606/1606/1606
f 1607/1607/1607 1606/1606/1606 1608/1608/1608
f 1609/1609/1609 1610/1610/1610 1611/1611/1611
f 1609/1609/1609 1611/1611/1611 1612/1612/1612
f 1613/1613/1613 1609/1609/1609 1612/1612/1612
f 1613/1613/1613 1612/1612/1612 1614/1614/1614
f 1615/1615/1615 1613/1613/1613 1614/1614/1614
f 1615/1615/1615 1614/1614/1614 1616/1616/1616
f 1617/1617/1617 1618/1618/1618 1619/1619/1619
f 1617/1617/1617 1619/1619/1619 1620/1620/1620
f 1621/1621/1621 1622/1622/1622 1623/1623/1623
f 1621/1621/1621 1623/1623/1623 1624/1624/1624
f 1625/1625/1625 1626/1626/1626 1627/1627/1627
f 1625/1625/1625 1627/1627/1627 1628/1628/1628
f 1629/1629/1629 1630/1630/1630 1631/1631/1631
f 1629/1629/1629 1631/1631/1631 1632/1632/1632
