v -1.456550 0.102857 -0.567171
v -1.463992 0.104172 -0.567171
v -1.463992 0.104847 -0.567171
v -1.456550 0.103644 -0.567171
v -1.476283 0.103644 -0.567171
v -1.468841 0.104847 -0.567171
v -1.468841 0.104172 -0.567171
v -1.476283 0.102857 -0.567171
v -1.355988 0.103644 -0.567171
v -1.355988 0.102857 -0.567171
v -1.363431 0.104172 -0.567171
v -1.363431 0.104847 -0.567171
v -1.375721 0.102857 -0.567171
v -1.375721 0.103644 -0.567171
v -1.368279 0.104847 -0.567171
v -1.368279 0.104172 -0.567171
v -1.463992 0.119601 -0.567171
v -1.456550 0.120839 -0.567171
v -1.463992 0.120069 -0.567171
v -1.456550 0.121384 -0.567171
v -1.476283 0.121384 -0.567171
v -1.468841 0.120069 -0.567171
v -1.468841 0.119601 -0.567171
v -1.476283 0.120839 -0.567171
v -1.355988 0.121384 -0.567171
v -1.355988 0.120839 -0.567171
v -1.363431 0.119601 -0.567171
v -1.363431 0.120069 -0.567171
v -1.375721 0.120839 -0.567171
v -1.368279 0.119601 -0.567171
v -1.375721 0.121384 -0.567171
v -1.368279 0.120069 -0.567171
v -1.355988 0.102857 -0.565976
v -1.355988 0.102857 -0.567171
v -1.355988 0.103644 -0.567171
v -1.355988 0.103644 -0.565976
v -1.476283 0.103644 -0.565976
v -1.476283 0.103644 -0.567171
v -1.476283 0.102857 -0.567171
v -1.476283 0.102857 -0.565976
v -1.355988 0.120839 -0.565976
v -1.355988 0.120839 -0.567171
v -1.355988 0.121384 -0.567171
v -1.355988 0.121384 -0.565976
v -1.476283 0.120839 -0.565976
v -1.476283 0.120839 -0.567171
v -1.476283 0.121384 -0.565976
v -1.476283 0.121384 -0.567171
v -1.355988 0.102857 -0.560477
v -1.355988 0.102857 -0.561464
v -1.355988 0.103644 -0.561464
v -1.355988 0.103644 -0.560477
v -1.476283 0.103644 -0.560477
v -1.476283 0.103644 -0.561464
v -1.476283 0.102857 -0.561464
v -1.476283 0.102857 -0.560477
v -1.355988 0.120839 -0.560477
v -1.355988 0.120839 -0.561464
v -1.355988 0.121384 -0.561464
v -1.355988 0.121384 -0.560477
v -1.476283 0.120839 -0.560477
v -1.476283 0.120839 -0.561464
v -1.476283 0.121384 -0.560477
v -1.476283 0.121384 -0.561464
v -1.476283 0.102857 -0.567171
v -1.468841 0.104172 -0.567171
v -1.468534 0.104172 -0.567171
v -1.475033 0.102857 -0.567171
v -1.475033 0.121384 -0.567171
v -1.468534 0.120069 -0.567171
v -1.468841 0.120069 -0.567171
v -1.476283 0.121384 -0.567171
v -1.468841 0.104172 -0.587086
v -1.468841 0.104847 -0.587086
v -1.468534 0.104847 -0.587086
v -1.468534 0.104172 -0.587086
v -1.476283 0.102857 -0.560477
v -1.475033 0.102857 -0.560477
v -1.475033 0.103644 -0.560477
v -1.476283 0.103644 -0.560477
v -1.468841 0.119601 -0.587086
v -1.468841 0.120069 -0.587086
v -1.468534 0.120069 -0.587086
v -1.468534 0.119601 -0.587086
v -1.476283 0.120839 -0.560477
v -1.475033 0.120839 -0.560477
v -1.475033 0.121384 -0.560477
v -1.476283 0.121384 -0.560477
v -1.476283 0.102857 -0.567171
v -1.475033 0.102857 -0.567171
v -1.475033 0.102857 -0.565976
v -1.476283 0.102857 -0.565976
v -1.475033 0.121384 -0.567171
v -1.476283 0.121384 -0.567171
v -1.476283 0.121384 -0.565976
v -1.475033 0.121384 -0.565976
v -1.476283 0.102857 -0.561464
v -1.475033 0.102857 -0.561464
v -1.475033 0.102857 -0.560477
v -1.476283 0.102857 -0.560477
v -1.475033 0.121384 -0.561464
v -1.476283 0.121384 -0.561464
v -1.476283 0.121384 -0.560477
v -1.475033 0.121384 -0.560477
v -1.464179 0.104172 -0.567171
v -1.457312 0.102857 -0.567171
v -1.463992 0.104172 -0.567171
v -1.456550 0.102857 -0.567171
v -1.456550 0.121384 -0.567171
v -1.463992 0.120069 -0.567171
v -1.464179 0.120069 -0.567171
v -1.457312 0.121384 -0.567171
v -1.464179 0.104847 -0.587086
v -1.464179 0.104172 -0.587086
v -1.463992 0.104847 -0.587086
v -1.463992 0.104172 -0.587086
v -1.457312 0.102857 -0.560477
v -1.457312 0.103644 -0.560477
v -1.456550 0.102857 -0.560477
v -1.456550 0.103644 -0.560477
v -1.464179 0.120069 -0.587086
v -1.464179 0.119601 -0.587086
v -1.463992 0.120069 -0.587086
v -1.463992 0.119601 -0.587086
v -1.457312 0.120839 -0.560477
v -1.457312 0.121384 -0.560477
v -1.456550 0.120839 -0.560477
v -1.456550 0.121384 -0.560477
v -1.457312 0.102857 -0.567171
v -1.457312 0.102857 -0.565976
v -1.456550 0.102857 -0.567171
v -1.456550 0.102857 -0.565976
v -1.456550 0.121384 -0.567171
v -1.457312 0.121384 -0.567171
v -1.457312 0.121384 -0.565976
v -1.456550 0.121384 -0.565976
v -1.457312 0.102857 -0.561464
v -1.457312 0.102857 -0.560477
v -1.456550 0.102857 -0.561464
v -1.456550 0.102857 -0.560477
v -1.456550 0.121384 -0.561464
v -1.457312 0.121384 -0.561464
v -1.457312 0.121384 -0.560477
v -1.456550 0.121384 -0.560477
v -1.456550 0.102857 -0.558479
v -1.455552 0.102857 -0.558479
v -1.455552 0.103644 -0.558479
v -1.456550 0.103644 -0.558479
v -1.455552 0.102857 -0.567171
v -1.456550 0.102857 -0.567171
v -1.456550 0.103644 -0.567171
v -1.455552 0.103644 -0.567171
v -1.456550 0.120839 -0.558479
v -1.455552 0.120839 -0.558479
v -1.455552 0.121384 -0.558479
v -1.456550 0.121384 -0.558479
v -1.455552 0.120839 -0.567171
v -1.456550 0.120839 -0.567171
v -1.456550 0.121384 -0.567171
v -1.455552 0.121384 -0.567171
v -1.455552 0.102857 -0.567171
v -1.455552 0.102857 -0.565976
v -1.455552 0.121384 -0.567171
v -1.455552 0.121384 -0.565976
v -1.455552 0.102857 -0.561464
v -1.455552 0.102857 -0.560477
v -1.455552 0.121384 -0.561464
v -1.455552 0.121384 -0.560477
v -1.468841 0.104172 -0.567171
v -1.468841 0.104847 -0.567171
v -1.468841 0.104847 -0.567534
v -1.468841 0.104172 -0.567534
v -1.463992 0.104847 -0.567171
v -1.463992 0.104172 -0.567171
v -1.463992 0.104172 -0.567534
v -1.463992 0.104847 -0.567534
v -1.468841 0.119601 -0.567171
v -1.468841 0.120069 -0.567171
v -1.468841 0.120069 -0.567534
v -1.468841 0.119601 -0.567534
v -1.463992 0.119601 -0.567171
v -1.463992 0.119601 -0.567534
v -1.463992 0.120069 -0.567171
v -1.463992 0.120069 -0.567534
v -1.468841 0.120069 -0.567171
v -1.468534 0.120069 -0.567171
v -1.468534 0.120069 -0.567534
v -1.468841 0.120069 -0.567534
v -1.468534 0.104172 -0.567171
v -1.468841 0.104172 -0.567171
v -1.468841 0.104172 -0.567534
v -1.468534 0.104172 -0.567534
v -1.464179 0.120069 -0.567171
v -1.463992 0.120069 -0.567171
v -1.463992 0.120069 -0.567534
v -1.464179 0.120069 -0.567534
v -1.464179 0.104172 -0.567171
v -1.464179 0.104172 -0.567534
v -1.463992 0.104172 -0.567171
v -1.463992 0.104172 -0.567534
v -1.468841 0.104847 -0.583554
v -1.468841 0.104172 -0.583554
v -1.468841 0.104847 -0.583963
v -1.468841 0.104172 -0.583963
v -1.463992 0.104172 -0.583554
v -1.463992 0.104847 -0.583554
v -1.463992 0.104172 -0.583963
v -1.463992 0.104847 -0.583963
v -1.468841 0.120069 -0.583554
v -1.468841 0.119601 -0.583554
v -1.468841 0.120069 -0.583963
v -1.468841 0.119601 -0.583963
v -1.463992 0.119601 -0.583554
v -1.463992 0.119601 -0.583963
v -1.463992 0.120069 -0.583554
v -1.463992 0.120069 -0.583963
v -1.468534 0.120069 -0.583554
v -1.468841 0.120069 -0.583554
v -1.468534 0.120069 -0.583963
v -1.468841 0.120069 -0.583963
v -1.468841 0.104172 -0.583554
v -1.468534 0.104172 -0.583554
v -1.468841 0.104172 -0.583963
v -1.468534 0.104172 -0.583963
v -1.463992 0.120069 -0.583554
v -1.464179 0.120069 -0.583554
v -1.463992 0.120069 -0.583963
v -1.464179 0.120069 -0.583963
v -1.464179 0.104172 -0.583554
v -1.464179 0.104172 -0.583963
v -1.463992 0.104172 -0.583554
v -1.463992 0.104172 -0.583963
v -1.470966 0.104172 -0.586727
v -1.470966 0.104847 -0.586727
v -1.470966 0.104847 -0.587086
v -1.470966 0.104172 -0.587086
v -1.450874 0.104847 -0.586727
v -1.450874 0.104172 -0.586727
v -1.450874 0.104172 -0.587086
v -1.450874 0.104847 -0.587086
v -1.470965 0.119601 -0.586727
v -1.470965 0.120069 -0.586727
v -1.470965 0.120069 -0.587086
v -1.470965 0.119601 -0.587086
v -1.450874 0.119601 -0.586727
v -1.450874 0.119601 -0.587086
v -1.450874 0.120069 -0.586727
v -1.450874 0.120069 -0.587086
v -1.468534 0.104172 -0.586727
v -1.468841 0.104172 -0.586727
v -1.468841 0.104172 -0.587086
v -1.468534 0.104172 -0.587086
v -1.468841 0.120069 -0.586727
v -1.468534 0.120069 -0.586727
v -1.468534 0.120069 -0.587086
v -1.468841 0.120069 -0.587086
v -1.464179 0.104172 -0.586727
v -1.464179 0.104172 -0.587086
v -1.463992 0.104172 -0.586727
v -1.463992 0.104172 -0.587086
v -1.464179 0.120069 -0.586727
v -1.463992 0.120069 -0.586727
v -1.463992 0.120069 -0.587086
v -1.464179 0.120069 -0.587086
v -1.470966 0.104172 -0.583963
v -1.470966 0.104847 -0.583963
v -1.470966 0.104847 -0.584280
v -1.470966 0.104172 -0.584280
v -1.450874 0.104847 -0.583963
v -1.450874 0.104172 -0.583963
v -1.450874 0.104172 -0.584280
v -1.450874 0.104847 -0.584280
v -1.470965 0.119601 -0.583963
v -1.470965 0.120069 -0.583963
v -1.470965 0.120069 -0.584280
v -1.470965 0.119601 -0.584280
v -1.450874 0.119601 -0.583963
v -1.450874 0.119601 -0.584280
v -1.450874 0.120069 -0.583963
v -1.450874 0.120069 -0.584280
v -1.468841 0.104172 -0.584280
v -1.468534 0.104172 -0.584280
v -1.468534 0.120069 -0.584280
v -1.468841 0.120069 -0.584280
v -1.464179 0.104172 -0.584280
v -1.463992 0.104172 -0.584280
v -1.463992 0.120069 -0.584280
v -1.464179 0.120069 -0.584280
v -1.470436 0.104847 -0.587086
v -1.470436 0.104172 -0.587086
v -1.470966 0.104172 -0.587086
v -1.470966 0.104847 -0.587086
v -1.470436 0.104172 -0.583963
v -1.470436 0.104847 -0.583963
v -1.470966 0.104847 -0.583963
v -1.470966 0.104172 -0.583963
v -1.470436 0.119601 -0.587086
v -1.470965 0.119601 -0.587086
v -1.470436 0.120069 -0.587086
v -1.470965 0.120069 -0.587086
v -1.470436 0.119601 -0.583963
v -1.470436 0.120069 -0.583963
v -1.470965 0.120069 -0.583963
v -1.470965 0.119601 -0.583963
v -1.470436 0.120069 -0.586727
v -1.470436 0.120069 -0.587086
v -1.470965 0.120069 -0.587086
v -1.470965 0.120069 -0.586727
v -1.470436 0.104172 -0.587086
v -1.470436 0.104172 -0.586727
v -1.470966 0.104172 -0.586727
v -1.470966 0.104172 -0.587086
v -1.470436 0.120069 -0.584280
v -1.470965 0.120069 -0.584280
v -1.470436 0.120069 -0.583963
v -1.470965 0.120069 -0.583963
v -1.470436 0.104172 -0.584280
v -1.470436 0.104172 -0.583963
v -1.470966 0.104172 -0.583963
v -1.470966 0.104172 -0.584280
v -1.469408 0.104172 -0.587086
v -1.469408 0.104847 -0.587086
v -1.468841 0.104172 -0.583963
v -1.468841 0.104847 -0.583963
v -1.469408 0.104847 -0.583963
v -1.469408 0.104172 -0.583963
v -1.469408 0.119601 -0.587086
v -1.469408 0.120069 -0.587086
v -1.468841 0.119601 -0.583963
v -1.468841 0.120069 -0.583963
v -1.469408 0.120069 -0.583963
v -1.469408 0.119601 -0.583963
v -1.468841 0.120069 -0.586727
v -1.468841 0.120069 -0.587086
v -1.469408 0.120069 -0.587086
v -1.469408 0.120069 -0.586727
v -1.468841 0.104172 -0.587086
v -1.468841 0.104172 -0.586727
v -1.469408 0.104172 -0.586727
v -1.469408 0.104172 -0.587086
v -1.468841 0.120069 -0.584280
v -1.469408 0.120069 -0.584280
v -1.468841 0.120069 -0.583963
v -1.469408 0.120069 -0.583963
v -1.468841 0.104172 -0.584280
v -1.468841 0.104172 -0.583963
v -1.469408 0.104172 -0.583963
v -1.469408 0.104172 -0.584280
v -1.463563 0.104847 -0.587086
v -1.463563 0.104172 -0.587086
v -1.463992 0.104847 -0.583963
v -1.463992 0.104172 -0.583963
v -1.463563 0.104172 -0.583963
v -1.463563 0.104847 -0.583963
v -1.463563 0.120069 -0.587086
v -1.463563 0.119601 -0.587086
v -1.463992 0.119601 -0.583963
v -1.463563 0.119601 -0.583963
v -1.463992 0.120069 -0.583963
v -1.463563 0.120069 -0.583963
v -1.463992 0.104172 -0.586727
v -1.463992 0.104172 -0.587086
v -1.463563 0.104172 -0.587086
v -1.463563 0.104172 -0.586727
v -1.463992 0.120069 -0.587086
v -1.463992 0.120069 -0.586727
v -1.463563 0.120069 -0.586727
v -1.463563 0.120069 -0.587086
v -1.463992 0.104172 -0.584280
v -1.463563 0.104172 -0.584280
v -1.463992 0.104172 -0.583963
v -1.463563 0.104172 -0.583963
v -1.463992 0.120069 -0.584280
v -1.463992 0.120069 -0.583963
v -1.463563 0.120069 -0.583963
v -1.463563 0.120069 -0.584280
v -1.451324 0.104847 -0.587086
v -1.451324 0.104172 -0.587086
v -1.450874 0.104847 -0.587086
v -1.450874 0.104172 -0.587086
v -1.451324 0.104172 -0.583963
v -1.451324 0.104847 -0.583963
v -1.450874 0.104172 -0.583963
v -1.450874 0.104847 -0.583963
v -1.451324 0.120069 -0.587086
v -1.451324 0.119601 -0.587086
v -1.450874 0.120069 -0.587086
v -1.450874 0.119601 -0.587086
v -1.451324 0.119601 -0.583963
v -1.450874 0.119601 -0.583963
v -1.451324 0.120069 -0.583963
v -1.450874 0.120069 -0.583963
v -1.451324 0.104172 -0.587086
v -1.451324 0.104172 -0.586727
v -1.450874 0.104172 -0.587086
v -1.450874 0.104172 -0.586727
v -1.451324 0.120069 -0.586727
v -1.451324 0.120069 -0.587086
v -1.450874 0.120069 -0.586727
v -1.450874 0.120069 -0.587086
v -1.451324 0.104172 -0.584280
v -1.450874 0.104172 -0.584280
v -1.451324 0.104172 -0.583963
v -1.450874 0.104172 -0.583963
v -1.451324 0.120069 -0.583963
v -1.451324 0.120069 -0.584280
v -1.450874 0.120069 -0.583963
v -1.450874 0.120069 -0.584280
v -1.375721 0.103644 -0.560477
v -1.375721 0.103644 -0.560109
v -1.375721 0.102857 -0.560109
v -1.375721 0.102857 -0.560477
v -1.456550 0.102857 -0.560477
v -1.456550 0.102857 -0.560109
v -1.456550 0.103644 -0.560109
v -1.456550 0.103644 -0.560477
v -1.375721 0.120839 -0.560477
v -1.375721 0.120839 -0.560109
v -1.375721 0.121384 -0.560477
v -1.375721 0.121384 -0.560109
v -1.456550 0.120839 -0.560477
v -1.456550 0.120839 -0.560109
v -1.456550 0.121384 -0.560109
v -1.456550 0.121384 -0.560477
v -1.455552 0.102857 -0.560477
v -1.455552 0.102857 -0.560109
v -1.456550 0.102857 -0.560109
v -1.456550 0.102857 -0.560477
v -1.456550 0.121384 -0.560477
v -1.456550 0.121384 -0.560109
v -1.455552 0.121384 -0.560109
v -1.455552 0.121384 -0.560477
v -1.375721 0.103644 -0.558917
v -1.375721 0.102857 -0.558917
v -1.375721 0.103644 -0.558479
v -1.375721 0.102857 -0.558479
v -1.456550 0.102857 -0.558917
v -1.456550 0.103644 -0.558917
v -1.456550 0.102857 -0.558479
v -1.456550 0.103644 -0.558479
v -1.375721 0.120839 -0.558917
v -1.375721 0.120839 -0.558479
v -1.375721 0.121384 -0.558917
v -1.375721 0.121384 -0.558479
v -1.456550 0.120839 -0.558917
v -1.456550 0.121384 -0.558917
v -1.456550 0.120839 -0.558479
v -1.456550 0.121384 -0.558479
v -1.455552 0.102857 -0.558917
v -1.456550 0.102857 -0.558917
v -1.455552 0.102857 -0.558479
v -1.456550 0.102857 -0.558479
v -1.456550 0.121384 -0.558917
v -1.455552 0.121384 -0.558917
v -1.456550 0.121384 -0.558479
v -1.455552 0.121384 -0.558479
v -1.376323 0.102857 -0.558479
v -1.376323 0.103644 -0.558479
v -1.375721 0.102857 -0.558479
v -1.375721 0.103644 -0.558479
v -1.375721 0.102857 -0.567171
v -1.376323 0.102857 -0.567171
v -1.376323 0.103644 -0.567171
v -1.375721 0.103644 -0.567171
v -1.376323 0.120839 -0.558479
v -1.376323 0.121384 -0.558479
v -1.375721 0.120839 -0.558479
v -1.375721 0.121384 -0.558479
v -1.375721 0.120839 -0.567171
v -1.376323 0.120839 -0.567171
v -1.376323 0.121384 -0.567171
v -1.375721 0.121384 -0.567171
v -1.376323 0.102857 -0.567171
v -1.376323 0.102857 -0.565976
v -1.375721 0.102857 -0.567171
v -1.375721 0.102857 -0.565976
v -1.375721 0.121384 -0.567171
v -1.376323 0.121384 -0.567171
v -1.376323 0.121384 -0.565976
v -1.375721 0.121384 -0.565976
v -1.376323 0.102857 -0.561464
v -1.376323 0.102857 -0.560477
v -1.375721 0.102857 -0.561464
v -1.375721 0.102857 -0.560477
v -1.375721 0.121384 -0.561464
v -1.376323 0.121384 -0.561464
v -1.376323 0.121384 -0.560477
v -1.375721 0.121384 -0.560477
v -1.375721 0.102857 -0.560109
v -1.376323 0.102857 -0.560109
v -1.376323 0.102857 -0.560477
v -1.375721 0.102857 -0.560477
v -1.376323 0.121384 -0.560109
v -1.376323 0.121384 -0.560477
v -1.375721 0.121384 -0.560109
v -1.375721 0.121384 -0.560477
v -1.375721 0.102857 -0.558917
v -1.376323 0.102857 -0.558917
v -1.375721 0.102857 -0.558479
v -1.376323 0.102857 -0.558479
v -1.376323 0.121384 -0.558917
v -1.375721 0.121384 -0.558917
v -1.376323 0.121384 -0.558479
v -1.375721 0.121384 -0.558479
v -1.375721 0.121384 -0.567171
v -1.375296 0.121384 -0.567171
v -1.368175 0.120069 -0.567171
v -1.368279 0.120069 -0.567171
v -1.375296 0.102857 -0.567171
v -1.375721 0.102857 -0.567171
v -1.368279 0.104172 -0.567171
v -1.368175 0.104172 -0.567171
v -1.368175 0.104172 -0.587086
v -1.368279 0.104172 -0.587086
v -1.368279 0.104847 -0.587086
v -1.368175 0.104847 -0.587086
v -1.375721 0.102857 -0.560477
v -1.375296 0.102857 -0.560477
v -1.375296 0.103644 -0.560477
v -1.375721 0.103644 -0.560477
v -1.368175 0.119601 -0.587086
v -1.368279 0.119601 -0.587086
v -1.368279 0.120069 -0.587086
v -1.368175 0.120069 -0.587086
v -1.375721 0.120839 -0.560477
v -1.375296 0.120839 -0.560477
v -1.375296 0.121384 -0.560477
v -1.375721 0.121384 -0.560477
v -1.375296 0.102857 -0.567171
v -1.375296 0.102857 -0.565976
v -1.375296 0.121384 -0.567171
v -1.375296 0.121384 -0.565976
v -1.375296 0.102857 -0.561464
v -1.375296 0.102857 -0.560477
v -1.375296 0.121384 -0.561464
v -1.375296 0.121384 -0.560477
v -1.356634 0.121384 -0.567171
v -1.363589 0.120069 -0.567171
v -1.355988 0.121384 -0.567171
v -1.363431 0.120069 -0.567171
v -1.355988 0.102857 -0.567171
v -1.356634 0.102857 -0.567171
v -1.363589 0.104172 -0.567171
v -1.363431 0.104172 -0.567171
v -1.363431 0.104172 -0.587086
v -1.363589 0.104172 -0.587086
v -1.363589 0.104847 -0.587086
v -1.363431 0.104847 -0.587086
v -1.356634 0.102857 -0.560477
v -1.356634 0.103644 -0.560477
v -1.355988 0.102857 -0.560477
v -1.355988 0.103644 -0.560477
v -1.363431 0.119601 -0.587086
v -1.363589 0.119601 -0.587086
v -1.363589 0.120069 -0.587086
v -1.363431 0.120069 -0.587086
v -1.356634 0.120839 -0.560477
v -1.356634 0.121384 -0.560477
v -1.355988 0.120839 -0.560477
v -1.355988 0.121384 -0.560477
v -1.356634 0.102857 -0.567171
v -1.356634 0.102857 -0.565976
v -1.355988 0.102857 -0.567171
v -1.355988 0.102857 -0.565976
v -1.355988 0.121384 -0.567171
v -1.356634 0.121384 -0.567171
v -1.356634 0.121384 -0.565976
v -1.355988 0.121384 -0.565976
v -1.356634 0.102857 -0.561464
v -1.356634 0.102857 -0.560477
v -1.355988 0.102857 -0.561464
v -1.355988 0.102857 -0.560477
v -1.355988 0.121384 -0.561464
v -1.356634 0.121384 -0.561464
v -1.356634 0.121384 -0.560477
v -1.355988 0.121384 -0.560477
v -1.368279 0.104847 -0.567171
v -1.368279 0.104847 -0.567692
v -1.368279 0.104172 -0.567692
v -1.368279 0.104172 -0.567171
v -1.363431 0.104172 -0.567171
v -1.363431 0.104172 -0.567692
v -1.363431 0.104847 -0.567692
v -1.363431 0.104847 -0.567171
v -1.368279 0.119601 -0.567171
v -1.368279 0.119601 -0.567692
v -1.368279 0.120069 -0.567171
v -1.368279 0.120069 -0.567692
v -1.363431 0.119601 -0.567171
v -1.363431 0.119601 -0.567692
v -1.363431 0.120069 -0.567692
v -1.363431 0.120069 -0.567171
v -1.368279 0.104172 -0.567171
v -1.368279 0.104172 -0.567692
v -1.368175 0.104172 -0.567692
v -1.368175 0.104172 -0.567171
v -1.368175 0.120069 -0.567171
v -1.368175 0.120069 -0.567692
v -1.368279 0.120069 -0.567692
v -1.368279 0.120069 -0.567171
v -1.363589 0.104172 -0.567171
v -1.363589 0.104172 -0.567692
v -1.363431 0.104172 -0.567692
v -1.363431 0.104172 -0.567171
v -1.363589 0.120069 -0.567171
v -1.363589 0.120069 -0.567692
v -1.363431 0.120069 -0.567171
v -1.363431 0.120069 -0.567692
v -1.368279 0.104847 -0.583499
v -1.368279 0.104172 -0.583499
v -1.368279 0.104847 -0.583963
v -1.368279 0.104172 -0.583963
v -1.363431 0.104172 -0.583499
v -1.363431 0.104847 -0.583499
v -1.363431 0.104172 -0.583963
v -1.363431 0.104847 -0.583963
v -1.368279 0.119601 -0.583499
v -1.368279 0.119601 -0.583963
v -1.368279 0.120069 -0.583499
v -1.368279 0.120069 -0.583963
v -1.363431 0.119601 -0.583499
v -1.363431 0.120069 -0.583499
v -1.363431 0.119601 -0.583963
v -1.363431 0.120069 -0.583963
v -1.368279 0.104172 -0.583499
v -1.368175 0.104172 -0.583499
v -1.368279 0.104172 -0.583963
v -1.368175 0.104172 -0.583963
v -1.368175 0.120069 -0.583499
v -1.368279 0.120069 -0.583499
v -1.368175 0.120069 -0.583963
v -1.368279 0.120069 -0.583963
v -1.363589 0.104172 -0.583499
v -1.363431 0.104172 -0.583499
v -1.363589 0.104172 -0.583963
v -1.363431 0.104172 -0.583963
v -1.363589 0.120069 -0.583499
v -1.363589 0.120069 -0.583963
v -1.363431 0.120069 -0.583499
v -1.363431 0.120069 -0.583963
v -1.361982 0.104172 -0.583963
v -1.361306 0.104172 -0.583963
v -1.361306 0.104847 -0.583963
v -1.361982 0.104847 -0.583963
v -1.361982 0.104847 -0.587086
v -1.361306 0.104847 -0.587086
v -1.361306 0.104172 -0.587086
v -1.361982 0.104172 -0.587086
v -1.361982 0.119601 -0.583963
v -1.361306 0.119601 -0.583963
v -1.361306 0.120069 -0.583963
v -1.361982 0.120069 -0.583963
v -1.361982 0.119601 -0.587086
v -1.361306 0.119601 -0.587086
v -1.361982 0.120069 -0.587086
v -1.361306 0.120069 -0.587086
v -1.380786 0.104847 -0.583963
v -1.381397 0.104847 -0.583963
v -1.381397 0.104172 -0.583963
v -1.380786 0.104172 -0.583963
v -1.380786 0.104172 -0.587086
v -1.381397 0.104172 -0.587086
v -1.381397 0.104847 -0.587086
v -1.380786 0.104847 -0.587086
v -1.380786 0.119601 -0.583963
v -1.381397 0.119601 -0.583963
v -1.380786 0.120069 -0.583963
v -1.381397 0.120069 -0.583963
v -1.380786 0.119601 -0.587086
v -1.381397 0.119601 -0.587086
v -1.381397 0.120069 -0.587086
v -1.380786 0.120069 -0.587086
v -1.381397 0.104847 -0.586730
v -1.381397 0.104847 -0.587086
v -1.381397 0.104172 -0.587086
v -1.381397 0.104172 -0.586730
v -1.361306 0.104172 -0.586730
v -1.361306 0.104172 -0.587086
v -1.361306 0.104847 -0.587086
v -1.361306 0.104847 -0.586730
v -1.381397 0.119601 -0.586730
v -1.381397 0.119601 -0.587086
v -1.381397 0.120069 -0.586730
v -1.381397 0.120069 -0.587086
v -1.361306 0.119601 -0.586730
v -1.361306 0.119601 -0.587086
v -1.361306 0.120069 -0.587086
v -1.361306 0.120069 -0.586730
v -1.368175 0.120069 -0.586730
v -1.368175 0.120069 -0.587086
v -1.368279 0.120069 -0.587086
v -1.368279 0.120069 -0.586730
v -1.368279 0.104172 -0.586730
v -1.368279 0.104172 -0.587086
v -1.368175 0.104172 -0.587086
v -1.368175 0.104172 -0.586730
v -1.363589 0.120069 -0.586730
v -1.363589 0.120069 -0.587086
v -1.363431 0.120069 -0.586730
v -1.363431 0.120069 -0.587086
v -1.363589 0.104172 -0.586730
v -1.363589 0.104172 -0.587086
v -1.363431 0.104172 -0.587086
v -1.363431 0.104172 -0.586730
v -1.361306 0.104172 -0.587086
v -1.361306 0.104172 -0.586730
v -1.361982 0.104172 -0.586730
v -1.361982 0.104172 -0.587086
v -1.361306 0.120069 -0.586730
v -1.361306 0.120069 -0.587086
v -1.361982 0.120069 -0.587086
v -1.361982 0.120069 -0.586730
v -1.381397 0.120069 -0.587086
v -1.381397 0.120069 -0.586730
v -1.380786 0.120069 -0.586730
v -1.380786 0.120069 -0.587086
v -1.381397 0.104172 -0.586730
v -1.381397 0.104172 -0.587086
v -1.380786 0.104172 -0.587086
v -1.380786 0.104172 -0.586730
v -1.381397 0.104847 -0.583963
v -1.381397 0.104847 -0.584415
v -1.381397 0.104172 -0.584415
v -1.381397 0.104172 -0.583963
v -1.361306 0.104172 -0.583963
v -1.361306 0.104172 -0.584415
v -1.361306 0.104847 -0.584415
v -1.361306 0.104847 -0.583963
v -1.381397 0.119601 -0.583963
v -1.381397 0.119601 -0.584415
v -1.381397 0.120069 -0.583963
v -1.381397 0.120069 -0.584415
v -1.361306 0.119601 -0.583963
v -1.361306 0.119601 -0.584415
v -1.361306 0.120069 -0.584415
v -1.361306 0.120069 -0.583963
v -1.368175 0.120069 -0.584415
v -1.368279 0.120069 -0.584415
v -1.368279 0.104172 -0.584415
v -1.368175 0.104172 -0.584415
v -1.363589 0.120069 -0.584415
v -1.363431 0.120069 -0.584415
v -1.363589 0.104172 -0.584415
v -1.363431 0.104172 -0.584415
v -1.361306 0.104172 -0.584415
v -1.361982 0.104172 -0.584415
v -1.361306 0.104172 -0.583963
v -1.361982 0.104172 -0.583963
v -1.361306 0.120069 -0.583963
v -1.361306 0.120069 -0.584415
v -1.361982 0.120069 -0.584415
v -1.361982 0.120069 -0.583963
v -1.381397 0.120069 -0.584415
v -1.380786 0.120069 -0.584415
v -1.381397 0.120069 -0.583963
v -1.380786 0.120069 -0.583963
v -1.381397 0.104172 -0.583963
v -1.381397 0.104172 -0.584415
v -1.380786 0.104172 -0.584415
v -1.380786 0.104172 -0.583963
v -1.363431 0.104172 -0.583963
v -1.363048 0.104172 -0.583963
v -1.363048 0.104847 -0.583963
v -1.363431 0.104847 -0.583963
v -1.363048 0.104847 -0.587086
v -1.363048 0.104172 -0.587086
v -1.363431 0.119601 -0.583963
v -1.363048 0.119601 -0.583963
v -1.363048 0.120069 -0.583963
v -1.363431 0.120069 -0.583963
v -1.363048 0.119601 -0.587086
v -1.363048 0.120069 -0.587086
v -1.363048 0.104172 -0.586730
v -1.363048 0.104172 -0.587086
v -1.363431 0.104172 -0.586730
v -1.363431 0.104172 -0.587086
v -1.363048 0.120069 -0.587086
v -1.363048 0.120069 -0.586730
v -1.363431 0.120069 -0.587086
v -1.363431 0.120069 -0.586730
v -1.363048 0.104172 -0.584415
v -1.363431 0.104172 -0.584415
v -1.363048 0.104172 -0.583963
v -1.363431 0.104172 -0.583963
v -1.363048 0.120069 -0.584415
v -1.363048 0.120069 -0.583963
v -1.363431 0.120069 -0.584415
v -1.363431 0.120069 -0.583963
v -1.368279 0.104847 -0.583963
v -1.368738 0.104847 -0.583963
v -1.368738 0.104172 -0.583963
v -1.368279 0.104172 -0.583963
v -1.368738 0.104172 -0.587086
v -1.368738 0.104847 -0.587086
v -1.368279 0.119601 -0.583963
v -1.368738 0.119601 -0.583963
v -1.368279 0.120069 -0.583963
v -1.368738 0.120069 -0.583963
v -1.368738 0.119601 -0.587086
v -1.368738 0.120069 -0.587086
v -1.368738 0.120069 -0.586730
v -1.368738 0.120069 -0.587086
v -1.368279 0.120069 -0.586730
v -1.368279 0.120069 -0.587086
v -1.368738 0.104172 -0.587086
v -1.368738 0.104172 -0.586730
v -1.368279 0.104172 -0.587086
v -1.368279 0.104172 -0.586730
v -1.368738 0.120069 -0.584415
v -1.368279 0.120069 -0.584415
v -1.368738 0.120069 -0.583963
v -1.368279 0.120069 -0.583963
v -1.368738 0.104172 -0.584415
v -1.368738 0.104172 -0.583963
v -1.368279 0.104172 -0.584415
v -1.368279 0.104172 -0.583963
vn 0.000000 0.000000 -1.000000
vn 0.000000 0.000000 -1.000000
vn 0.000000 0.000000 -1.000000
vn 0.000000 0.000000 -1.000000
vn 0.000000 0.000000 -1.000000
vn 0.000000 0.000000 -1.000000
vn 0.000000 0.000000 -1.000000
vn 0.000000 0.000000 -1.000000
vn 0.000000 0.000000 -1.000000
vn 0.000000 0.000000 -1.000000
vn 0.000000 0.000000 -1.000000
vn 0.000000 0.000000 -1.000000
vn 0.000000 0.000000 -1.000000
vn 0.000000 0.000000 -1.000000
vn 0.000000 0.000000 -1.000000
vn 0.000000 0.000000 -1.000000
vn 0.000000 0.000000 -1.000000
vn 0.000000 0.000000 -1.000000
vn 0.000000 0.000000 -1.000000
vn 0.000000 0.000000 -1.000000
vn 0.000000 0.000000 -1.000000
vn 0.000000 0.000000 -1.000000
vn 0.000000 0.000000 -1.000000
vn 0.000000 0.000000 -1.000000
vn 0.000000 0.000000 -1.000000
vn 0.000000 0.000000 -1.000000
vn 0.000000 0.000000 -1.000000
vn 0.000000 0.000000 -1.000000
vn 0.000000 0.000000 -1.000000
vn 0.000000 0.000000 -1.000000
vn 0.000000 0.000000 -1.000000
vn 0.000000 0.000000 -1.000000
vn 1.000000 0.000000 0.000000
vn 1.000000 0.000000 0.000000
vn 1.000000 0.000000 0.000000
vn 1.000000 0.000000 0.000000
vn -1.000000 0.000000 0.000000
vn -1.000000 0.000000 0.000000
vn -1.000000 0.000000 0.000000
vn -1.000000 0.000000 0.000000
vn 1.000000 0.000000 0.000000
vn 1.000000 0.000000 0.000000
vn 1.000000 0.000000 0.000000
vn 1.000000 0.000000 0.000000
vn -1.000000 0.000000 0.000000
vn -1.000000 0.000000 0.000000
vn -1.000000 0.000000 0.000000
vn -1.000000 0.000000 0.000000
vn 1.000000 0.000000 0.000000
vn 1.000000 0.000000 0.000000
vn 1.000000 0.000000 0.000000
vn 1.000000 0.000000 0.000000
vn -1.000000 0.000000 0.000000
vn -1.000000 0.000000 0.000000
vn -1.000000 0.000000 0.000000
vn -1.000000 0.000000 0.000000
vn 1.000000 0.000000 0.000000
vn 1.000000 0.000000 0.000000
vn 1.000000 0.000000 0.000000
vn 1.000000 0.000000 0.000000
vn -1.000000 0.000000 0.000000
vn -1.000000 0.000000 0.000000
vn -1.000000 0.000000 0.000000
vn -1.000000 0.000000 0.000000
vn 0.000000 0.000000 -1.000000
vn 0.000000 0.000000 -1.000000
vn 0.000000 0.000000 -1.000000
vn 0.000000 0.000000 -1.000000
vn 0.000000 0.000000 -1.000000
vn 0.000000 0.000000 -1.000000
vn 0.000000 0.000000 -1.000000
vn 0.000000 0.000000 -1.000000
vn 0.000000 0.000000 -1.000000
vn 0.000000 0.000000 -1.000000
vn 0.000000 0.000000 -1.000000
vn 0.000000 0.000000 -1.000000
vn 0.000000 0.000000 1.000000
vn 0.000000 0.000000 1.000000
vn 0.000000 0.000000 1.000000
vn 0.000000 0.000000 1.000000
vn 0.000000 0.000000 -1.000000
vn 0.000000 0.000000 -1.000000
vn 0.000000 0.000000 -1.000000
vn 0.000000 0.000000 -1.000000
vn 0.000000 0.000000 1.000000
vn 0.000000 0.000000 1.000000
vn 0.000000 0.000000 1.000000
vn 0.000000 0.000000 1.000000
vn 0.000000 -1.000000 0.000000
vn 0.000000 -1.000000 0.000000
vn 0.000000 -1.000000 0.000000
vn 0.000000 -1.000000 0.000000
vn 0.000000 1.000000 0.000000
vn 0.000000 1.000000 0.000000
vn 0.000000 1.000000 0.000000
vn 0.000000 1.000000 0.000000
vn 0.000000 -1.000000 0.000000
vn 0.000000 -1.000000 0.000000
vn 0.000000 -1.000000 0.000000
vn 0.000000 -1.000000 0.000000
vn 0.000000 1.000000 0.000000
vn 0.000000 1.000000 0.000000
vn 0.000000 1.000000 0.000000
vn 0.000000 1.000000 0.000000
vn 0.000000 0.000000 -1.000000
vn 0.000000 0.000000 -1.000000
vn 0.000000 0.000000 -1.000000
vn 0.000000 0.000000 -1.000000
vn 0.000000 0.000000 -1.000000
vn 0.000000 0.000000 -1.000000
vn 0.000000 0.000000 -1.000000
vn 0.000000 0.000000 -1.000000
vn 0.000000 0.000000 -1.000000
vn 0.000000 0.000000 -1.000000
vn 0.000000 0.000000 -1.000000
vn 0.000000 0.000000 -1.000000
vn 0.000000 0.000000 1.000000
vn 0.000000 0.000000 1.000000
vn 0.000000 0.000000 1.000000
vn 0.000000 0.000000 1.000000
vn 0.000000 0.000000 -1.000000
vn 0.000000 0.000000 -1.000000
vn 0.000000 0.000000 -1.000000
vn 0.000000 0.000000 -1.000000
vn 0.000000 0.000000 1.000000
vn 0.000000 0.000000 1.000000
vn 0.000000 0.000000 1.000000
vn 0.000000 0.000000 1.000000
vn 0.000000 -1.000000 0.000000
vn 0.000000 -1.000000 0.000000
vn 0.000000 -1.000000 0.000000
vn 0.000000 -1.000000 0.000000
vn 0.000000 1.000000 0.000000
vn 0.000000 1.000000 0.000000
vn 0.000000 1.000000 0.000000
vn 0.000000 1.000000 0.000000
vn 0.000000 -1.000000 0.000000
vn 0.000000 -1.000000 0.000000
vn 0.000000 -1.000000 0.000000
vn 0.000000 -1.000000 0.000000
vn 0.000000 1.000000 0.000000
vn 0.000000 1.000000 0.000000
vn 0.000000 1.000000 0.000000
vn 0.000000 1.000000 0.000000
vn 0.000000 0.000000 1.000000
vn 0.000000 0.000000 1.000000
vn 0.000000 0.000000 1.000000
vn 0.000000 0.000000 1.000000
vn 0.000000 0.000000 -1.000000
vn 0.000000 0.000000 -1.000000
vn 0.000000 0.000000 -1.000000
vn 0.000000 0.000000 -1.000000
vn 0.000000 0.000000 1.000000
vn 0.000000 0.000000 1.000000
vn 0.000000 0.000000 1.000000
vn 0.000000 0.000000 1.000000
vn 0.000000 0.000000 -1.000000
vn 0.000000 0.000000 -1.000000
vn 0.000000 0.000000 -1.000000
vn 0.000000 0.000000 -1.000000
vn 0.000000 -1.000000 0.000000
vn 0.000000 -1.000000 0.000000
vn 0.000000 1.000000 0.000000
vn 0.000000 1.000000 0.000000
vn 0.000000 -1.000000 0.000000
vn 0.000000 -1.000000 0.000000
vn 0.000000 1.000000 0.000000
vn 0.000000 1.000000 0.000000
vn -1.000000 0.000000 0.000000
vn -1.000000 0.000000 0.000000
vn -1.000000 0.000000 0.000000
vn -1.000000 0.000000 0.000000
vn 1.000000 0.000000 0.000000
vn 1.000000 0.000000 0.000000
vn 1.000000 0.000000 0.000000
vn 1.000000 0.000000 0.000000
vn -1.000000 0.000000 0.000000
vn -1.000000 0.000000 0.000000
vn -1.000000 0.000000 0.000000
vn -1.000000 0.000000 0.000000
vn 1.000000 0.000000 0.000000
vn 1.000000 0.000000 0.000000
vn 1.000000 0.000000 0.000000
vn 1.000000 0.000000 0.000000
vn 0.000000 1.000000 0.000000
vn 0.000000 1.000000 0.000000
vn 0.000000 1.000000 0.000000
vn 0.000000 1.000000 0.000000
vn 0.000000 -1.000000 0.000000
vn 0.000000 -1.000000 0.000000
vn 0.000000 -1.000000 0.000000
vn 0.000000 -1.000000 0.000000
vn 0.000000 1.000000 0.000000
vn 0.000000 1.000000 0.000000
vn 0.000000 1.000000 0.000000
vn 0.000000 1.000000 0.000000
vn 0.000000 -1.000000 0.000000
vn 0.000000 -1.000000 0.000000
vn 0.000000 -1.000000 0.000000
vn 0.000000 -1.000000 0.000000
vn -1.000000 0.000000 0.000000
vn -1.000000 0.000000 0.000000
vn -1.000000 0.000000 0.000000
vn -1.000000 0.000000 0.000000
vn 1.000000 0.000000 0.000000
vn 1.000000 0.000000 0.000000
vn 1.000000 0.000000 0.000000
vn 1.000000 0.000000 0.000000
vn -1.000000 0.000000 0.000000
vn -1.000000 0.000000 0.000000
vn -1.000000 0.000000 0.000000
vn -1.000000 0.000000 0.000000
vn 1.000000 0.000000 0.000000
vn 1.000000 0.000000 0.000000
vn 1.000000 0.000000 0.000000
vn 1.000000 0.000000 0.000000
vn 0.000000 1.000000 0.000000
vn 0.000000 1.000000 0.000000
vn 0.000000 1.000000 0.000000
vn 0.000000 1.000000 0.000000
vn 0.000000 -1.000000 0.000000
vn 0.000000 -1.000000 0.000000
vn 0.000000 -1.000000 0.000000
vn 0.000000 -1.000000 0.000000
vn 0.000000 1.000000 0.000000
vn 0.000000 1.000000 0.000000
vn 0.000000 1.000000 0.000000
vn 0.000000 1.000000 0.000000
vn 0.000000 -1.000000 0.000000
vn 0.000000 -1.000000 0.000000
vn 0.000000 -1.000000 0.000000
vn 0.000000 -1.000000 0.000000
vn -1.000000 0.000000 0.000000
vn -1.000000 0.000000 0.000000
vn -1.000000 0.000000 0.000000
vn -1.000000 0.000000 0.000000
vn 1.000000 0.000000 0.000000
vn 1.000000 0.000000 0.000000
vn 1.000000 0.000000 0.000000
vn 1.000000 0.000000 0.000000
vn -1.000000 0.000000 0.000000
vn -1.000000 0.000000 0.000000
vn -1.000000 0.000000 0.000000
vn -1.000000 0.000000 0.000000
vn 1.000000 0.000000 0.000000
vn 1.000000 0.000000 0.000000
vn 1.000000 0.000000 0.000000
vn 1.000000 0.000000 0.000000
vn 0.000000 -1.000000 0.000000
vn 0.000000 -1.000000 0.000000
vn 0.000000 -1.000000 0.000000
vn 0.000000 -1.000000 0.000000
vn 0.000000 1.000000 0.000000
vn 0.000000 1.000000 0.000000
vn 0.000000 1.000000 0.000000
vn 0.000000 1.000000 0.000000
vn 0.000000 -1.000000 0.000000
vn 0.000000 -1.000000 0.000000
vn 0.000000 -1.000000 0.000000
vn 0.000000 -1.000000 0.000000
vn 0.000000 1.000000 0.000000
vn 0.000000 1.000000 0.000000
vn 0.000000 1.000000 0.000000
vn 0.000000 1.000000 0.000000
vn -1.000000 0.000000 0.000000
vn -1.000000 0.000000 0.000000
vn -1.000000 0.000000 0.000000
vn -1.000000 0.000000 0.000000
vn 1.000000 0.000000 0.000000
vn 1.000000 0.000000 0.000000
vn 1.000000 0.000000 0.000000
vn 1.000000 0.000000 0.000000
vn -1.000000 0.000000 0.000000
vn -1.000000 0.000000 0.000000
vn -1.000000 0.000000 0.000000
vn -1.000000 0.000000 0.000000
vn 1.000000 0.000000 0.000000
vn 1.000000 0.000000 0.000000
vn 1.000000 0.000000 0.000000
vn 1.000000 0.000000 0.000000
vn 0.000000 -1.000000 0.000000
vn 0.000000 -1.000000 0.000000
vn 0.000000 1.000000 0.000000
vn 0.000000 1.000000 0.000000
vn 0.000000 -1.000000 0.000000
vn 0.000000 -1.000000 0.000000
vn 0.000000 1.000000 0.000000
vn 0.000000 1.000000 0.000000
vn 0.000000 0.000000 -1.000000
vn 0.000000 0.000000 -1.000000
vn 0.000000 0.000000 -1.000000
vn 0.000000 0.000000 -1.000000
vn 0.000000 0.000000 1.000000
vn 0.000000 0.000000 1.000000
vn 0.000000 0.000000 1.000000
vn 0.000000 0.000000 1.000000
vn 0.000000 0.000000 -1.000000
vn 0.000000 0.000000 -1.000000
vn 0.000000 0.000000 -1.000000
vn 0.000000 0.000000 -1.000000
vn 0.000000 0.000000 1.000000
vn 0.000000 0.000000 1.000000
vn 0.000000 0.000000 1.000000
vn 0.000000 0.000000 1.000000
vn 0.000000 1.000000 0.000000
vn 0.000000 1.000000 0.000000
vn 0.000000 1.000000 0.000000
vn 0.000000 1.000000 0.000000
vn 0.000000 -1.000000 0.000000
vn 0.000000 -1.000000 0.000000
vn 0.000000 -1.000000 0.000000
vn 0.000000 -1.000000 0.000000
vn 0.000000 1.000000 0.000000
vn 0.000000 1.000000 0.000000
vn 0.000000 1.000000 0.000000
vn 0.000000 1.000000 0.000000
vn 0.000000 -1.000000 0.000000
vn 0.000000 -1.000000 0.000000
vn 0.000000 -1.000000 0.000000
vn 0.000000 -1.000000 0.000000
vn 0.000000 0.000000 -1.000000
vn 0.000000 0.000000 -1.000000
vn 0.000000 0.000000 1.000000
vn 0.000000 0.000000 1.000000
vn 0.000000 0.000000 1.000000
vn 0.000000 0.000000 1.000000
vn 0.000000 0.000000 -1.000000
vn 0.000000 0.000000 -1.000000
vn 0.000000 0.000000 1.000000
vn 0.000000 0.000000 1.000000
vn 0.000000 0.000000 1.000000
vn 0.000000 0.000000 1.000000
vn 0.000000 1.000000 0.000000
vn 0.000000 1.000000 0.000000
vn 0.000000 1.000000 0.000000
vn 0.000000 1.000000 0.000000
vn 0.000000 -1.000000 0.000000
vn 0.000000 -1.000000 0.000000
vn 0.000000 -1.000000 0.000000
vn 0.000000 -1.000000 0.000000
vn 0.000000 1.000000 0.000000
vn 0.000000 1.000000 0.000000
vn 0.000000 1.000000 0.000000
vn 0.000000 1.000000 0.000000
vn 0.000000 -1.000000 0.000000
vn 0.000000 -1.000000 0.000000
vn 0.000000 -1.000000 0.000000
vn 0.000000 -1.000000 0.000000
vn 0.000000 0.000000 -1.000000
vn 0.000000 0.000000 -1.000000
vn 0.000000 0.000000 1.000000
vn 0.000000 0.000000 1.000000
vn 0.000000 0.000000 1.000000
vn 0.000000 0.000000 1.000000
vn 0.000000 0.000000 -1.000000
vn 0.000000 0.000000 -1.000000
vn 0.000000 0.000000 1.000000
vn 0.000000 0.000000 1.000000
vn 0.000000 0.000000 1.000000
vn 0.000000 0.000000 1.000000
vn 0.000000 -1.000000 0.000000
vn 0.000000 -1.000000 0.000000
vn 0.000000 -1.000000 0.000000
vn 0.000000 -1.000000 0.000000
vn 0.000000 1.000000 0.000000
vn 0.000000 1.000000 0.000000
vn 0.000000 1.000000 0.000000
vn 0.000000 1.000000 0.000000
vn 0.000000 -1.000000 0.000000
vn 0.000000 -1.000000 0.000000
vn 0.000000 -1.000000 0.000000
vn 0.000000 -1.000000 0.000000
vn 0.000000 1.000000 0.000000
vn 0.000000 1.000000 0.000000
vn 0.000000 1.000000 0.000000
vn 0.000000 1.000000 0.000000
vn 0.000000 0.000000 -1.000000
vn 0.000000 0.000000 -1.000000
vn 0.000000 0.000000 -1.000000
vn 0.000000 0.000000 -1.000000
vn 0.000000 0.000000 1.000000
vn 0.000000 0.000000 1.000000
vn 0.000000 0.000000 1.000000
vn 0.000000 0.000000 1.000000
vn 0.000000 0.000000 -1.000000
vn 0.000000 0.000000 -1.000000
vn 0.000000 0.000000 -1.000000
vn 0.000000 0.000000 -1.000000
vn 0.000000 0.000000 1.000000
vn 0.000000 0.000000 1.000000
vn 0.000000 0.000000 1.000000
vn 0.000000 0.000000 1.000000
vn 0.000000 -1.000000 0.000000
vn 0.000000 -1.000000 0.000000
vn 0.000000 -1.000000 0.000000
vn 0.000000 -1.000000 0.000000
vn 0.000000 1.000000 0.000000
vn 0.000000 1.000000 0.000000
vn 0.000000 1.000000 0.000000
vn 0.000000 1.000000 0.000000
vn 0.000000 -1.000000 0.000000
vn 0.000000 -1.000000 0.000000
vn 0.000000 -1.000000 0.000000
vn 0.000000 -1.000000 0.000000
vn 0.000000 1.000000 0.000000
vn 0.000000 1.000000 0.000000
vn 0.000000 1.000000 0.000000
vn 0.000000 1.000000 0.000000
vn 1.000000 0.000000 0.000000
vn 1.000000 0.000000 0.000000
vn 1.000000 0.000000 0.000000
vn 1.000000 0.000000 0.000000
vn -1.000000 0.000000 0.000000
vn -1.000000 0.000000 0.000000
vn -1.000000 0.000000 0.000000
vn -1.000000 0.000000 0.000000
vn 1.000000 0.000000 0.000000
vn 1.000000 0.000000 0.000000
vn 1.000000 0.000000 0.000000
vn 1.000000 0.000000 0.000000
vn -1.000000 0.000000 0.000000
vn -1.000000 0.000000 0.000000
vn -1.000000 0.000000 0.000000
vn -1.000000 0.000000 0.000000
vn 0.000000 -1.000000 0.000000
vn 0.000000 -1.000000 0.000000
vn 0.000000 -1.000000 0.000000
vn 0.000000 -1.000000 0.000000
vn 0.000000 1.000000 0.000000
vn 0.000000 1.000000 0.000000
vn 0.000000 1.000000 0.000000
vn 0.000000 1.000000 0.000000
vn 1.000000 0.000000 0.000000
vn 1.000000 0.000000 0.000000
vn 1.000000 0.000000 0.000000
vn 1.000000 0.000000 0.000000
vn -1.000000 0.000000 0.000000
vn -1.000000 0.000000 0.000000
vn -1.000000 0.000000 0.000000
vn -1.000000 0.000000 0.000000
vn 1.000000 0.000000 0.000000
vn 1.000000 0.000000 0.000000
vn 1.000000 0.000000 0.000000
vn 1.000000 0.000000 0.000000
vn -1.000000 0.000000 0.000000
vn -1.000000 0.000000 0.000000
vn -1.000000 0.000000 0.000000
vn -1.000000 0.000000 0.000000
vn 0.000000 -1.000000 0.000000
vn 0.000000 -1.000000 0.000000
vn 0.000000 -1.000000 0.000000
vn 0.000000 -1.000000 0.000000
vn 0.000000 1.000000 0.000000
vn 0.000000 1.000000 0.000000
vn 0.000000 1.000000 0.000000
vn 0.000000 1.000000 0.000000
vn 0.000000 0.000000 1.000000
vn 0.000000 0.000000 1.000000
vn 0.000000 0.000000 1.000000
vn 0.000000 0.000000 1.000000
vn 0.000000 0.000000 -1.000000
vn 0.000000 0.000000 -1.000000
vn 0.000000 0.000000 -1.000000
vn 0.000000 0.000000 -1.000000
vn 0.000000 0.000000 1.000000
vn 0.000000 0.000000 1.000000
vn 0.000000 0.000000 1.000000
vn 0.000000 0.000000 1.000000
vn 0.000000 0.000000 -1.000000
vn 0.000000 0.000000 -1.000000
vn 0.000000 0.000000 -1.000000
vn 0.000000 0.000000 -1.000000
vn 0.000000 -1.000000 0.000000
vn 0.000000 -1.000000 0.000000
vn 0.000000 -1.000000 0.000000
vn 0.000000 -1.000000 0.000000
vn 0.000000 1.000000 0.000000
vn 0.000000 1.000000 0.000000
vn 0.000000 1.000000 0.000000
vn 0.000000 1.000000 0.000000
vn 0.000000 -1.000000 0.000000
vn 0.000000 -1.000000 0.000000
vn 0.000000 -1.000000 0.000000
vn 0.000000 -1.000000 0.000000
vn 0.000000 1.000000 0.000000
vn 0.000000 1.000000 0.000000
vn 0.000000 1.000000 0.000000
vn 0.000000 1.000000 0.000000
vn 0.000000 -1.000000 0.000000
vn 0.000000 -1.000000 0.000000
vn 0.000000 -1.000000 0.000000
vn 0.000000 -1.000000 0.000000
vn 0.000000 1.000000 0.000000
vn 0.000000 1.000000 0.000000
vn 0.000000 1.000000 0.000000
vn 0.000000 1.000000 0.000000
vn 0.000000 -1.000000 0.000000
vn 0.000000 -1.000000 0.000000
vn 0.000000 -1.000000 0.000000
vn 0.000000 -1.000000 0.000000
vn 0.000000 1.000000 0.000000
vn 0.000000 1.000000 0.000000
vn 0.000000 1.000000 0.000000
vn 0.000000 1.000000 0.000000
vn 0.000000 0.000000 -1.000000
vn 0.000000 0.000000 -1.000000
vn 0.000000 0.000000 -1.000000
vn 0.000000 0.000000 -1.000000
vn 0.000000 0.000000 -1.000000
vn 0.000000 0.000000 -1.000000
vn 0.000000 0.000000 -1.000000
vn 0.000000 0.000000 -1.000000
vn 0.000000 0.000000 -1.000000
vn 0.000000 0.000000 -1.000000
vn 0.000000 0.000000 -1.000000
vn 0.000000 0.000000 -1.000000
vn 0.000000 0.000000 1.000000
vn 0.000000 0.000000 1.000000
vn 0.000000 0.000000 1.000000
vn 0.000000 0.000000 1.000000
vn 0.000000 0.000000 -1.000000
vn 0.000000 0.000000 -1.000000
vn 0.000000 0.000000 -1.000000
vn 0.000000 0.000000 -1.000000
vn 0.000000 0.000000 1.000000
vn 0.000000 0.000000 1.000000
vn 0.000000 0.000000 1.000000
vn 0.000000 0.000000 1.000000
vn 0.000000 -1.000000 0.000000
vn 0.000000 -1.000000 0.000000
vn 0.000000 1.000000 0.000000
vn 0.000000 1.000000 0.000000
vn 0.000000 -1.000000 0.000000
vn 0.000000 -1.000000 0.000000
vn 0.000000 1.000000 0.000000
vn 0.000000 1.000000 0.000000
vn 0.000000 0.000000 -1.000000
vn 0.000000 0.000000 -1.000000
vn 0.000000 0.000000 -1.000000
vn 0.000000 0.000000 -1.000000
vn 0.000000 0.000000 -1.000000
vn 0.000000 0.000000 -1.000000
vn 0.000000 0.000000 -1.000000
vn 0.000000 0.000000 -1.000000
vn 0.000000 0.000000 -1.000000
vn 0.000000 0.000000 -1.000000
vn 0.000000 0.000000 -1.000000
vn 0.000000 0.000000 -1.000000
vn 0.000000 0.000000 1.000000
vn 0.000000 0.000000 1.000000
vn 0.000000 0.000000 1.000000
vn 0.000000 0.000000 1.000000
vn 0.000000 0.000000 -1.000000
vn 0.000000 0.000000 -1.000000
vn 0.000000 0.000000 -1.000000
vn 0.000000 0.000000 -1.000000
vn 0.000000 0.000000 1.000000
vn 0.000000 0.000000 1.000000
vn 0.000000 0.000000 1.000000
vn 0.000000 0.000000 1.000000
vn 0.000000 -1.000000 0.000000
vn 0.000000 -1.000000 0.000000
vn 0.000000 -1.000000 0.000000
vn 0.000000 -1.000000 0.000000
vn 0.000000 1.000000 0.000000
vn 0.000000 1.000000 0.000000
vn 0.000000 1.000000 0.000000
vn 0.000000 1.000000 0.000000
vn 0.000000 -1.000000 0.000000
vn 0.000000 -1.000000 0.000000
vn 0.000000 -1.000000 0.000000
vn 0.000000 -1.000000 0.000000
vn 0.000000 1.000000 0.000000
vn 0.000000 1.000000 0.000000
vn 0.000000 1.000000 0.000000
vn 0.000000 1.000000 0.000000
vn -1.000000 0.000000 0.000000
vn -1.000000 0.000000 0.000000
vn -1.000000 0.000000 0.000000
vn -1.000000 0.000000 0.000000
vn 1.000000 0.000000 0.000000
vn 1.000000 0.000000 0.000000
vn 1.000000 0.000000 0.000000
vn 1.000000 0.000000 0.000000
vn -1.000000 0.000000 0.000000
vn -1.000000 0.000000 0.000000
vn -1.000000 0.000000 0.000000
vn -1.000000 0.000000 0.000000
vn 1.000000 0.000000 0.000000
vn 1.000000 0.000000 0.000000
vn 1.000000 0.000000 0.000000
vn 1.000000 0.000000 0.000000
vn 0.000000 -1.000000 0.000000
vn 0.000000 -1.000000 0.000000
vn 0.000000 -1.000000 0.000000
vn 0.000000 -1.000000 0.000000
vn 0.000000 1.000000 0.000000
vn 0.000000 1.000000 0.000000
vn 0.000000 1.000000 0.000000
vn 0.000000 1.000000 0.000000
vn 0.000000 -1.000000 0.000000
vn 0.000000 -1.000000 0.000000
vn 0.000000 -1.000000 0.000000
vn 0.000000 -1.000000 0.000000
vn 0.000000 1.000000 0.000000
vn 0.000000 1.000000 0.000000
vn 0.000000 1.000000 0.000000
vn 0.000000 1.000000 0.000000
vn -1.000000 0.000000 0.000000
vn -1.000000 0.000000 0.000000
vn -1.000000 0.000000 0.000000
vn -1.000000 0.000000 0.000000
vn 1.000000 0.000000 0.000000
vn 1.000000 0.000000 0.000000
vn 1.000000 0.000000 0.000000
vn 1.000000 0.000000 0.000000
vn -1.000000 0.000000 0.000000
vn -1.000000 0.000000 0.000000
vn -1.000000 0.000000 0.000000
vn -1.000000 0.000000 0.000000
vn 1.000000 0.000000 0.000000
vn 1.000000 0.000000 0.000000
vn 1.000000 0.000000 0.000000
vn 1.000000 0.000000 0.000000
vn 0.000000 -1.000000 0.000000
vn 0.000000 -1.000000 0.000000
vn 0.000000 -1.000000 0.000000
vn 0.000000 -1.000000 0.000000
vn 0.000000 1.000000 0.000000
vn 0.000000 1.000000 0.000000
vn 0.000000 1.000000 0.000000
vn 0.000000 1.000000 0.000000
vn 0.000000 -1.000000 0.000000
vn 0.000000 -1.000000 0.000000
vn 0.000000 -1.000000 0.000000
vn 0.000000 -1.000000 0.000000
vn 0.000000 1.000000 0.000000
vn 0.000000 1.000000 0.000000
vn 0.000000 1.000000 0.000000
vn 0.000000 1.000000 0.000000
vn 0.000000 0.000000 1.000000
vn 0.000000 0.000000 1.000000
vn 0.000000 0.000000 1.000000
vn 0.000000 0.000000 1.000000
vn 0.000000 0.000000 -1.000000
vn 0.000000 0.000000 -1.000000
vn 0.000000 0.000000 -1.000000
vn 0.000000 0.000000 -1.000000
vn 0.000000 0.000000 1.000000
vn 0.000000 0.000000 1.000000
vn 0.000000 0.000000 1.000000
vn 0.000000 0.000000 1.000000
vn 0.000000 0.000000 -1.000000
vn 0.000000 0.000000 -1.000000
vn 0.000000 0.000000 -1.000000
vn 0.000000 0.000000 -1.000000
vn 0.000000 0.000000 1.000000
vn 0.000000 0.000000 1.000000
vn 0.000000 0.000000 1.000000
vn 0.000000 0.000000 1.000000
vn 0.000000 0.000000 -1.000000
vn 0.000000 0.000000 -1.000000
vn 0.000000 0.000000 -1.000000
vn 0.000000 0.000000 -1.000000
vn 0.000000 0.000000 1.000000
vn 0.000000 0.000000 1.000000
vn 0.000000 0.000000 1.000000
vn 0.000000 0.000000 1.000000
vn 0.000000 0.000000 -1.000000
vn 0.000000 0.000000 -1.000000
vn 0.000000 0.000000 -1.000000
vn 0.000000 0.000000 -1.000000
vn -1.000000 0.000000 0.000000
vn -1.000000 0.000000 0.000000
vn -1.000000 0.000000 0.000000
vn -1.000000 0.000000 0.000000
vn 1.000000 0.000000 0.000000
vn 1.000000 0.000000 0.000000
vn 1.000000 0.000000 0.000000
vn 1.000000 0.000000 0.000000
vn -1.000000 0.000000 0.000000
vn -1.000000 0.000000 0.000000
vn -1.000000 0.000000 0.000000
vn -1.000000 0.000000 0.000000
vn 1.000000 0.000000 0.000000
vn 1.000000 0.000000 0.000000
vn 1.000000 0.000000 0.000000
vn 1.000000 0.000000 0.000000
vn 0.000000 1.000000 0.000000
vn 0.000000 1.000000 0.000000
vn 0.000000 1.000000 0.000000
vn 0.000000 1.000000 0.000000
vn 0.000000 -1.000000 0.000000
vn 0.000000 -1.000000 0.000000
vn 0.000000 -1.000000 0.000000
vn 0.000000 -1.000000 0.000000
vn 0.000000 1.000000 0.000000
vn 0.000000 1.000000 0.000000
vn 0.000000 1.000000 0.000000
vn 0.000000 1.000000 0.000000
vn 0.000000 -1.000000 0.000000
vn 0.000000 -1.000000 0.000000
vn 0.000000 -1.000000 0.000000
vn 0.000000 -1.000000 0.000000
vn 0.000000 -1.000000 0.000000
vn 0.000000 -1.000000 0.000000
vn 0.000000 -1.000000 0.000000
vn 0.000000 -1.000000 0.000000
vn 0.000000 1.000000 0.000000
vn 0.000000 1.000000 0.000000
vn 0.000000 1.000000 0.000000
vn 0.000000 1.000000 0.000000
vn 0.000000 1.000000 0.000000
vn 0.000000 1.000000 0.000000
vn 0.000000 1.000000 0.000000
vn 0.000000 1.000000 0.000000
vn 0.000000 -1.000000 0.000000
vn 0.000000 -1.000000 0.000000
vn 0.000000 -1.000000 0.000000
vn 0.000000 -1.000000 0.000000
vn -1.000000 0.000000 0.000000
vn -1.000000 0.000000 0.000000
vn -1.000000 0.000000 0.000000
vn -1.000000 0.000000 0.000000
vn 1.000000 0.000000 0.000000
vn 1.000000 0.000000 0.000000
vn 1.000000 0.000000 0.000000
vn 1.000000 0.000000 0.000000
vn -1.000000 0.000000 0.000000
vn -1.000000 0.000000 0.000000
vn -1.000000 0.000000 0.000000
vn -1.000000 0.000000 0.000000
vn 1.000000 0.000000 0.000000
vn 1.000000 0.000000 0.000000
vn 1.000000 0.000000 0.000000
vn 1.000000 0.000000 0.000000
vn 0.000000 1.000000 0.000000
vn 0.000000 1.000000 0.000000
vn 0.000000 -1.000000 0.000000
vn 0.000000 -1.000000 0.000000
vn 0.000000 1.000000 0.000000
vn 0.000000 1.000000 0.000000
vn 0.000000 -1.000000 0.000000
vn 0.000000 -1.000000 0.000000
vn 0.000000 -1.000000 0.000000
vn 0.000000 -1.000000 0.000000
vn 0.000000 -1.000000 0.000000
vn 0.000000 -1.000000 0.000000
vn 0.000000 1.000000 0.000000
vn 0.000000 1.000000 0.000000
vn 0.000000 1.000000 0.000000
vn 0.000000 1.000000 0.000000
vn 0.000000 1.000000 0.000000
vn 0.000000 1.000000 0.000000
vn 0.000000 1.000000 0.000000
vn 0.000000 1.000000 0.000000
vn 0.000000 -1.000000 0.000000
vn 0.000000 -1.000000 0.000000
vn 0.000000 -1.000000 0.000000
vn 0.000000 -1.000000 0.000000
vn 0.000000 0.000000 1.000000
vn 0.000000 0.000000 1.000000
vn 0.000000 0.000000 1.000000
vn 0.000000 0.000000 1.000000
vn 0.000000 0.000000 -1.000000
vn 0.000000 0.000000 -1.000000
vn 0.000000 0.000000 1.000000
vn 0.000000 0.000000 1.000000
vn 0.000000 0.000000 1.000000
vn 0.000000 0.000000 1.000000
vn 0.000000 0.000000 -1.000000
vn 0.000000 0.000000 -1.000000
vn 0.000000 -1.000000 0.000000
vn 0.000000 -1.000000 0.000000
vn 0.000000 -1.000000 0.000000
vn 0.000000 -1.000000 0.000000
vn 0.000000 1.000000 0.000000
vn 0.000000 1.000000 0.000000
vn 0.000000 1.000000 0.000000
vn 0.000000 1.000000 0.000000
vn 0.000000 -1.000000 0.000000
vn 0.000000 -1.000000 0.000000
vn 0.000000 -1.000000 0.000000
vn 0.000000 -1.000000 0.000000
vn 0.000000 1.000000 0.000000
vn 0.000000 1.000000 0.000000
vn 0.000000 1.000000 0.000000
vn 0.000000 1.000000 0.000000
vn 0.000000 0.000000 1.000000
vn 0.000000 0.000000 1.000000
vn 0.000000 0.000000 1.000000
vn 0.000000 0.000000 1.000000
vn 0.000000 0.000000 -1.000000
vn 0.000000 0.000000 -1.000000
vn 0.000000 0.000000 1.000000
vn 0.000000 0.000000 1.000000
vn 0.000000 0.000000 1.000000
vn 0.000000 0.000000 1.000000
vn 0.000000 0.000000 -1.000000
vn 0.000000 0.000000 -1.000000
vn 0.000000 1.000000 0.000000
vn 0.000000 1.000000 0.000000
vn 0.000000 1.000000 0.000000
vn 0.000000 1.000000 0.000000
vn 0.000000 -1.000000 0.000000
vn 0.000000 -1.000000 0.000000
vn 0.000000 -1.000000 0.000000
vn 0.000000 -1.000000 0.000000
vn 0.000000 1.000000 0.000000
vn 0.000000 1.000000 0.000000
vn 0.000000 1.000000 0.000000
vn 0.000000 1.000000 0.000000
vn 0.000000 -1.000000 0.000000
vn 0.000000 -1.000000 0.000000
vn 0.000000 -1.000000 0.000000
vn 0.000000 -1.000000 0.000000
vt 0.435800 1.826600
vt 0.438800 1.818700
vt 0.441100 1.818700
vt 0.438200 1.826600
vt 0.669300 1.818700
vt 0.672200 1.826600
vt 0.669800 1.826600
vt 0.666900 1.818700
vt 0.484300 1.826600
vt 0.481900 1.826600
vt 0.484800 1.818700
vt 0.487200 1.818700
vt 0.620900 1.818700
vt 0.623200 1.818700
vt 0.626100 1.826600
vt 0.623800 1.826600
vt 0.476600 1.818700
vt 0.479500 1.826600
vt 0.479000 1.818700
vt 0.481900 1.826600
vt 0.713000 1.818700
vt 0.710000 1.826600
vt 0.707700 1.826600
vt 0.710600 1.818700
vt 0.528000 1.826600
vt 0.525600 1.826600
vt 0.522700 1.818700
vt 0.525000 1.818700
vt 0.664600 1.818700
vt 0.661600 1.826600
vt 0.666900 1.818700
vt 0.664000 1.826600
vt 0.807400 1.823700
vt 0.807100 1.822000
vt 0.809600 1.821900
vt 0.809600 1.823700
vt 0.715500 1.825700
vt 0.715500 1.827500
vt 0.713000 1.827400
vt 0.713300 1.825700
vt 0.845100 1.823700
vt 0.845000 1.821900
vt 0.846800 1.821900
vt 0.846800 1.823700
vt 0.751100 1.825600
vt 0.750900 1.827500
vt 0.752800 1.825700
vt 0.752700 1.827500
vt 0.807000 1.830600
vt 0.807100 1.829100
vt 0.809400 1.829000
vt 0.809600 1.830600
vt 0.716400 1.818700
vt 0.716300 1.820300
vt 0.713900 1.820300
vt 0.713700 1.818700
vt 0.844700 1.830700
vt 0.844700 1.828900
vt 0.846400 1.828900
vt 0.846700 1.830600
vt 0.751300 1.818800
vt 0.751500 1.820500
vt 0.753300 1.818800
vt 0.753200 1.820500
vt -1.405300 0.589900
vt -1.407300 0.586900
vt -1.407500 0.584900
vt -1.405800 0.587900
vt -2.317400 0.587400
vt -2.314000 0.581900
vt -2.312600 0.582400
vt -2.316600 0.588600
vt 1.502300 1.800200
vt 1.502500 1.798900
vt 1.504200 1.798900
vt 1.503800 1.800200
vt 2.644900 -0.251600
vt 2.644400 -0.254400
vt 2.648500 -0.254400
vt 2.648900 -0.251800
vt 1.502900 1.786000
vt 1.503200 1.784900
vt 1.504900 1.785000
vt 1.504800 1.786000
vt 2.690800 -0.253900
vt 2.690100 -0.256700
vt 2.693400 -0.256900
vt 2.693700 -0.254000
vt -2.329600 0.749600
vt -2.329900 0.747500
vt -2.324700 0.747500
vt -2.324700 0.749500
vt -0.179300 -0.318900
vt -0.179100 -0.316800
vt -0.184000 -0.316700
vt -0.184500 -0.318700
vt -2.309300 0.749700
vt -2.309500 0.747600
vt -2.304900 0.747500
vt -2.305000 0.749700
vt -0.199600 -0.318200
vt -0.199500 -0.316100
vt -0.203700 -0.315900
vt -0.204200 -0.318100
vt -1.405900 0.579100
vt -1.401400 0.573000
vt -1.407500 0.578700
vt -1.402600 0.572100
vt -2.317400 0.569600
vt -2.314700 0.575100
vt -2.314700 0.578800
vt -2.317100 0.573400
vt 1.518600 1.799800
vt 1.518600 1.801100
vt 1.519500 1.799800
vt 1.519400 1.801100
vt 2.642500 -0.270800
vt 2.647500 -0.270800
vt 2.642100 -0.272900
vt 2.647400 -0.273100
vt 1.519300 1.786700
vt 1.518900 1.787900
vt 1.520400 1.786700
vt 1.520200 1.787900
vt 2.685800 -0.271000
vt 2.689700 -0.271100
vt 2.685400 -0.273300
vt 2.689200 -0.273500
vt -2.330000 0.727300
vt -2.324700 0.727200
vt -2.330100 0.726000
vt -2.324700 0.725900
vt -0.185500 -0.340200
vt -0.185300 -0.338800
vt -0.190700 -0.338700
vt -0.190900 -0.339900
vt -2.309500 0.727600
vt -2.304700 0.727700
vt -2.309400 0.726300
vt -2.304800 0.726200
vt -0.206200 -0.339400
vt -0.205800 -0.338200
vt -0.210500 -0.337800
vt -0.210700 -0.339200
vt 2.641500 -0.278700
vt 2.641300 -0.281600
vt 2.647100 -0.281500
vt 2.647000 -0.278900
vt -0.124900 -0.319200
vt -0.126100 -0.315900
vt -0.132000 -0.316400
vt -0.131800 -0.319300
vt 2.685300 -0.279100
vt 2.685200 -0.281700
vt 2.689100 -0.281800
vt 2.688900 -0.279100
vt -0.173400 -0.319000
vt -0.173600 -0.316300
vt -0.177100 -0.316300
vt -0.177300 -0.319100
vt -2.330400 0.724100
vt -2.324400 0.724200
vt -0.185700 -0.342100
vt -0.191700 -0.341600
vt -2.309800 0.724600
vt -2.304900 0.724400
vt -0.206300 -0.341100
vt -0.211200 -0.341000
vt 1.602000 1.785800
vt 1.601800 1.788000
vt 1.598800 1.787900
vt 1.599200 1.785800
vt 1.696100 1.215900
vt 1.690600 1.215800
vt 1.690700 1.214500
vt 1.696000 1.214400
vt 1.600500 1.800000
vt 1.600300 1.801800
vt 1.596800 1.801700
vt 1.597000 1.799900
vt 1.724600 1.215300
vt 1.724600 1.213700
vt 1.729100 1.215300
vt 1.729000 1.213700
vt -1.376800 0.606500
vt -1.378500 0.606400
vt -1.378500 0.605600
vt -1.376700 0.605600
vt -2.329700 0.609300
vt -2.331400 0.609400
vt -2.331700 0.608500
vt -2.329700 0.608500
vt -1.389800 0.606100
vt -1.390700 0.606100
vt -1.390800 0.605300
vt -1.389700 0.605400
vt -2.318400 0.609700
vt -2.318400 0.608900
vt -2.317500 0.609700
vt -2.317400 0.608900
vt 1.564900 1.786400
vt 1.565000 1.784400
vt 1.561700 1.786300
vt 1.562100 1.784400
vt 1.690700 1.197900
vt 1.695700 1.198000
vt 1.690600 1.196500
vt 1.695900 1.196400
vt 1.565000 1.800900
vt 1.565200 1.799300
vt 1.561800 1.800700
vt 1.561900 1.799300
vt 1.725500 1.198200
vt 1.725600 1.196400
vt 1.730000 1.198200
vt 1.730000 1.196400
vt -1.378500 0.591800
vt -1.377000 0.591900
vt -1.378400 0.591100
vt -1.377100 0.591100
vt -2.331200 0.594900
vt -2.329800 0.594900
vt -2.331100 0.594100
vt -2.329900 0.594100
vt -1.390500 0.591500
vt -1.389700 0.591500
vt -1.390500 0.590700
vt -1.389700 0.590700
vt -2.318800 0.594900
vt -2.318800 0.594200
vt -2.318000 0.594900
vt -2.318000 0.594200
vt 0.349000 1.830100
vt 0.351100 1.830100
vt 0.351100 1.830700
vt 0.348900 1.830600
vt 0.163500 1.819400
vt 0.161200 1.819300
vt 0.161200 1.818700
vt 0.163600 1.818700
vt 0.379000 1.830600
vt 0.380400 1.830600
vt 0.380400 1.831100
vt 0.379000 1.831100
vt 0.192000 1.819700
vt 0.191900 1.819000
vt 0.193500 1.819700
vt 0.193500 1.819100
vt -2.329700 0.590200
vt -2.330800 0.590200
vt -2.330700 0.589600
vt -2.329600 0.589600
vt -1.377000 0.587200
vt -1.378100 0.587200
vt -1.378100 0.586500
vt -1.377000 0.586600
vt -2.318300 0.590700
vt -2.318200 0.590000
vt -2.317500 0.590700
vt -2.317400 0.590000
vt -1.389300 0.587200
vt -1.390100 0.587200
vt -1.390000 0.586500
vt -1.389300 0.586600
vt 0.349000 1.826600
vt 0.351100 1.826600
vt 0.351000 1.827100
vt 0.348900 1.827000
vt 0.163700 1.823000
vt 0.161400 1.823000
vt 0.161300 1.822500
vt 0.163700 1.822400
vt 0.379000 1.827100
vt 0.380500 1.827200
vt 0.380400 1.827600
vt 0.379000 1.827600
vt 0.191900 1.823300
vt 0.192000 1.822700
vt 0.193500 1.823300
vt 0.193500 1.822800
vt -2.331000 0.593500
vt -2.329900 0.593600
vt -1.378300 0.590500
vt -1.377200 0.590500
vt -2.318800 0.593500
vt -2.318000 0.593500
vt -1.390400 0.590100
vt -1.389500 0.590100
vt 1.495000 1.798900
vt 1.494900 1.800400
vt 1.492000 1.800500
vt 1.491800 1.798900
vt 1.553100 1.784400
vt 1.553200 1.786100
vt 1.549800 1.786100
vt 1.550000 1.784300
vt 1.495100 1.785900
vt 1.491800 1.786000
vt 1.494900 1.784900
vt 1.491900 1.784800
vt 1.553200 1.799400
vt 1.553000 1.800600
vt 1.549800 1.800500
vt 1.549900 1.799300
vt 0.381900 1.830600
vt 0.381900 1.831100
vt 0.380400 1.831100
vt 0.380400 1.830600
vt 0.347400 1.830600
vt 0.347400 1.830100
vt 0.349000 1.830100
vt 0.348900 1.830600
vt 0.381900 1.827600
vt 0.380400 1.827600
vt 0.382000 1.827200
vt 0.380500 1.827200
vt 0.347400 1.827000
vt 0.347400 1.826600
vt 0.349000 1.826600
vt 0.348900 1.827000
vt 1.499600 1.800300
vt 1.499400 1.798900
vt 1.562100 1.784400
vt 1.561700 1.786300
vt 1.558100 1.786100
vt 1.558400 1.784300
vt 1.499600 1.785900
vt 1.499800 1.784800
vt 1.561900 1.799300
vt 1.561800 1.800700
vt 1.558100 1.800600
vt 1.558100 1.799400
vt 0.386300 1.830600
vt 0.386300 1.831100
vt 0.384700 1.831100
vt 0.384700 1.830600
vt 0.342900 1.830600
vt 0.342900 1.830100
vt 0.344500 1.830100
vt 0.344500 1.830600
vt 0.386300 1.827600
vt 0.384800 1.827600
vt 0.386300 1.827200
vt 0.384800 1.827200
vt 0.342900 1.827000
vt 0.342900 1.826600
vt 0.344500 1.826600
vt 0.344500 1.827000
vt 1.521900 1.799800
vt 1.521600 1.801200
vt 1.772200 1.212000
vt 1.767700 1.211900
vt 1.767900 1.210600
vt 1.772100 1.210600
vt 1.523100 1.786700
vt 1.523100 1.788000
vt 1.800100 1.211600
vt 1.800200 1.210100
vt 1.803800 1.211600
vt 1.803800 1.210100
vt 0.135100 1.820000
vt 0.134800 1.819400
vt 0.136500 1.819200
vt 0.136500 1.820000
vt 0.219500 1.818700
vt 0.219400 1.819300
vt 0.218000 1.819400
vt 0.217900 1.818700
vt 0.134800 1.823100
vt 0.136200 1.823100
vt 0.134800 1.823700
vt 0.136400 1.823700
vt 0.219000 1.822400
vt 0.219200 1.822900
vt 0.217600 1.823000
vt 0.217600 1.822400
vt 1.546300 1.800200
vt 1.546300 1.801800
vt 1.549100 1.800100
vt 1.548900 1.801800
vt 1.767800 1.197700
vt 1.771900 1.197800
vt 1.767700 1.196400
vt 1.772100 1.196400
vt 1.546700 1.787400
vt 1.546600 1.788800
vt 1.549800 1.787400
vt 1.549800 1.788800
vt 1.800600 1.198100
vt 1.800700 1.196500
vt 1.804300 1.198100
vt 1.804400 1.196600
vt 0.159600 1.818700
vt 0.159800 1.819400
vt 0.161200 1.818700
vt 0.161200 1.819300
vt 0.195000 1.819700
vt 0.195100 1.819000
vt 0.193500 1.819700
vt 0.193500 1.819100
vt 0.159800 1.822500
vt 0.161300 1.822500
vt 0.159800 1.823100
vt 0.161400 1.823000
vt 0.195100 1.823300
vt 0.195000 1.822700
vt 0.193500 1.823300
vt 0.193500 1.822800
vt 2.646800 -0.349300
vt 2.646500 -0.347600
vt 2.639800 -0.347900
vt 2.639800 -0.349300
vt 2.642100 -0.272900
vt 2.641800 -0.274100
vt 2.647100 -0.274500
vt 2.647400 -0.273100
vt 2.686800 -0.349400
vt 2.687400 -0.347600
vt 2.692200 -0.349500
vt 2.692100 -0.347900
vt 2.685400 -0.273300
vt 2.685400 -0.274700
vt 2.689000 -0.274700
vt 2.689200 -0.273500
vt -1.393900 0.655100
vt -1.389700 0.655300
vt -1.390800 0.659300
vt -1.394400 0.659200
vt -2.302500 0.662800
vt -2.306300 0.662900
vt -2.307400 0.658700
vt -2.303000 0.658600
vt 2.645800 -0.344300
vt 2.638800 -0.344000
vt 2.646400 -0.342300
vt 2.638700 -0.342100
vt 2.641800 -0.277300
vt 2.647000 -0.277300
vt 2.641500 -0.278700
vt 2.647000 -0.278900
vt 2.686900 -0.344300
vt 2.686500 -0.342300
vt 2.691300 -0.344200
vt 2.691600 -0.342400
vt 2.685500 -0.277500
vt 2.689000 -0.277700
vt 2.685300 -0.279100
vt 2.688900 -0.279100
vt -1.382000 0.655500
vt -1.381000 0.659600
vt -1.377100 0.655500
vt -1.376700 0.659600
vt -2.316200 0.662500
vt -2.315100 0.658500
vt -2.320400 0.662300
vt -2.319800 0.658300
vt 2.638500 -0.339500
vt 2.647100 -0.339700
vt 2.638700 -0.342100
vt 2.646400 -0.342300
vt -0.115900 -0.385800
vt -0.115900 -0.382300
vt -0.127300 -0.382700
vt -0.127000 -0.385700
vt 2.686300 -0.339900
vt 2.692000 -0.339900
vt 2.686500 -0.342300
vt 2.691600 -0.342400
vt -0.170400 -0.384800
vt -0.170500 -0.381800
vt -0.179100 -0.381700
vt -0.177900 -0.385300
vt -2.329400 0.688500
vt -2.323100 0.688200
vt -2.329400 0.687200
vt -2.323200 0.687200
vt -0.198500 -0.378600
vt -0.198200 -0.377300
vt -0.204500 -0.377200
vt -0.204700 -0.378200
vt -2.308500 0.688300
vt -2.302500 0.688500
vt -2.308400 0.687200
vt -2.302800 0.687100
vt -0.219500 -0.377700
vt -0.219100 -0.376700
vt -0.225000 -0.376200
vt -0.225100 -0.377600
vt -1.389500 0.632600
vt -1.389600 0.634800
vt -1.393600 0.634800
vt -1.393000 0.632400
vt -2.307000 0.638100
vt -2.303000 0.638300
vt -2.306100 0.635800
vt -2.302500 0.635900
vt -1.380800 0.632600
vt -1.381700 0.634800
vt -1.376700 0.632800
vt -1.377200 0.635100
vt -2.314800 0.638000
vt -2.314800 0.635800
vt -2.319500 0.638000
vt -2.318900 0.635600
vt -0.548600 0.599600
vt -0.550100 0.598900
vt -0.545300 0.592600
vt -0.543600 0.593000
vt -2.302900 0.584800
vt -2.302500 0.588600
vt -2.305100 0.583300
vt -2.305200 0.579600
vt 1.576300 1.199400
vt 1.576700 1.199400
vt 1.576600 1.200600
vt 1.576100 1.200600
vt 2.639800 -0.349300
vt 2.639900 -0.351000
vt 2.646600 -0.351100
vt 2.646800 -0.349300
vt 1.574200 1.213200
vt 1.574800 1.213200
vt 1.574800 1.214400
vt 1.574300 1.214300
vt 2.686800 -0.349400
vt 2.686600 -0.351500
vt 2.692200 -0.351500
vt 2.692200 -0.349500
vt -2.329400 0.686300
vt -2.323200 0.686400
vt -0.198700 -0.379500
vt -0.204900 -0.379100
vt -2.308500 0.686300
vt -2.302800 0.686100
vt -0.219600 -0.378600
vt -0.225300 -0.378600
vt -0.545300 0.584200
vt -0.543600 0.586700
vt -0.545900 0.582300
vt -0.544000 0.584900
vt -2.303800 0.570400
vt -2.302500 0.571200
vt -2.306200 0.576900
vt -2.307700 0.576500
vt 1.560300 1.199800
vt 1.560900 1.199800
vt 1.561100 1.201100
vt 1.560300 1.201100
vt 2.638500 -0.372100
vt 2.644900 -0.372100
vt 2.638500 -0.374500
vt 2.644900 -0.374500
vt 1.558500 1.213900
vt 1.559400 1.214000
vt 1.559300 1.215000
vt 1.558500 1.215000
vt 2.686900 -0.371000
vt 2.692100 -0.370900
vt 2.687100 -0.373500
vt 2.692200 -0.373500
vt -2.330400 0.664400
vt -2.324900 0.664400
vt -2.330300 0.663200
vt -2.325000 0.663300
vt -0.205300 -0.402500
vt -0.205100 -0.401300
vt -0.210500 -0.401200
vt -0.210600 -0.402200
vt -2.309100 0.664100
vt -2.304200 0.664200
vt -2.309100 0.663000
vt -2.304300 0.662900
vt -0.226500 -0.401600
vt -0.226200 -0.400500
vt -0.231300 -0.400300
vt -0.231300 -0.401600
vt 1.691200 1.800900
vt 1.691300 1.799100
vt 1.696100 1.799200
vt 1.696000 1.800900
vt 1.733400 1.824700
vt 1.733400 1.823100
vt 1.737700 1.823100
vt 1.737900 1.824700
vt 1.659900 1.800000
vt 1.660100 1.798100
vt 1.656100 1.799900
vt 1.656200 1.798000
vt 1.767600 1.824500
vt 1.767400 1.822700
vt 1.771200 1.822700
vt 1.771200 1.824500
vt -2.333700 0.641600
vt -2.333700 0.640900
vt -2.333400 0.640900
vt -2.333400 0.641600
vt -1.395200 0.632300
vt -1.395200 0.631600
vt -1.394900 0.631600
vt -1.394900 0.632300
vt -2.321600 0.641600
vt -2.321600 0.640800
vt -2.321100 0.640800
vt -2.321100 0.641600
vt -1.406900 0.632400
vt -1.406900 0.631700
vt -1.407400 0.632400
vt -1.407400 0.631700
vt 1.691200 1.783400
vt 1.696000 1.783400
vt 1.691100 1.781800
vt 1.696100 1.781900
vt 1.732800 1.808400
vt 1.737200 1.808500
vt 1.732800 1.807000
vt 1.737300 1.807000
vt 1.660500 1.783400
vt 1.660500 1.781600
vt 1.656300 1.783400
vt 1.656400 1.781600
vt 1.766400 1.809300
vt 1.770000 1.809200
vt 1.766500 1.807700
vt 1.769700 1.807600
vt -2.333400 0.624800
vt -2.333000 0.624800
vt -2.333400 0.624000
vt -2.333000 0.624000
vt -1.395000 0.615500
vt -1.394600 0.615500
vt -1.395000 0.614700
vt -1.394600 0.614700
vt -2.321200 0.624800
vt -2.320500 0.624800
vt -2.321100 0.624000
vt -2.320500 0.624000
vt -1.406900 0.615600
vt -1.407000 0.614900
vt -1.407600 0.615600
vt -1.407500 0.614900
vt 1.733400 1.803500
vt 1.733600 1.801800
vt 1.737300 1.801900
vt 1.737100 1.803600
vt 1.553900 1.200800
vt 1.550500 1.200700
vt 1.550900 1.199300
vt 1.554100 1.199500
vt 1.767200 1.804200
vt 1.767200 1.802600
vt 1.769700 1.802600
vt 1.769700 1.804200
vt 1.551600 1.213800
vt 1.548200 1.213600
vt 1.551400 1.214800
vt 1.547900 1.214600
vt 1.733900 1.210200
vt 1.733900 1.211800
vt 1.730000 1.211800
vt 1.730100 1.210200
vt 1.603100 1.199600
vt 1.606400 1.199700
vt 1.606200 1.201300
vt 1.602800 1.201100
vt 1.764500 1.210000
vt 1.764600 1.211800
vt 1.767700 1.209900
vt 1.767700 1.211800
vt 1.600700 1.213600
vt 1.604400 1.213700
vt 1.604100 1.215000
vt 1.600400 1.214900
vt 0.248400 1.822800
vt 0.248500 1.823400
vt 0.246200 1.823500
vt 0.246100 1.822900
vt 0.436600 1.827400
vt 0.436600 1.826900
vt 0.438700 1.826900
vt 0.438700 1.827500
vt 0.276200 1.822400
vt 0.276200 1.823100
vt 0.277800 1.822400
vt 0.277800 1.823000
vt 0.466100 1.827200
vt 0.466000 1.826600
vt 0.467500 1.826600
vt 0.467500 1.827100
vt -1.395200 0.612100
vt -1.395100 0.611400
vt -1.394600 0.611400
vt -1.394700 0.612100
vt -2.333600 0.621400
vt -2.333700 0.620700
vt -2.333200 0.620700
vt -2.333100 0.621400
vt -1.406700 0.611800
vt -1.406700 0.611100
vt -1.407400 0.611800
vt -1.407300 0.611100
vt -2.321500 0.621000
vt -2.321500 0.620300
vt -2.320900 0.620300
vt -2.320800 0.621000
vt 0.436600 1.826900
vt 0.436600 1.827400
vt 0.434600 1.827400
vt 0.434600 1.827000
vt 0.467500 1.827100
vt 0.467500 1.826600
vt 0.469400 1.826600
vt 0.469400 1.827100
vt 0.277800 1.823000
vt 0.277800 1.822400
vt 0.279800 1.822300
vt 0.279900 1.823000
vt 0.246100 1.822900
vt 0.246200 1.823500
vt 0.243900 1.823600
vt 0.244100 1.822800
vt 0.248700 1.819000
vt 0.248600 1.819900
vt 0.246300 1.819900
vt 0.246300 1.819100
vt 0.436500 1.831000
vt 0.436500 1.830400
vt 0.438600 1.830300
vt 0.438700 1.831000
vt 0.276300 1.818800
vt 0.276400 1.819600
vt 0.277900 1.818700
vt 0.278000 1.819500
vt 0.465900 1.830700
vt 0.466000 1.829900
vt 0.467400 1.830000
vt 0.467400 1.830600
vt -1.395100 0.614000
vt -1.394600 0.614000
vt -2.333400 0.623300
vt -2.333000 0.623300
vt -1.406900 0.614100
vt -1.407500 0.614100
vt -2.321200 0.623300
vt -2.320500 0.623300
vt 0.436500 1.830400
vt 0.434500 1.830400
vt 0.436500 1.831000
vt 0.434500 1.831000
vt 0.467400 1.830600
vt 0.467400 1.830000
vt 0.469300 1.830000
vt 0.469400 1.830600
vt 0.278000 1.819500
vt 0.279900 1.819600
vt 0.277900 1.818700
vt 0.280200 1.818700
vt 0.246300 1.819100
vt 0.246300 1.819900
vt 0.244200 1.820000
vt 0.244100 1.819100
vt 1.732800 1.807000
vt 1.732900 1.805900
vt 1.737100 1.805700
vt 1.737300 1.807000
vt 1.558200 1.201000
vt 1.558500 1.199700
vt 1.766500 1.807700
vt 1.766800 1.806400
vt 1.769500 1.806500
vt 1.769700 1.807600
vt 1.556200 1.213900
vt 1.556300 1.215000
vt 0.431600 1.827400
vt 0.431600 1.826900
vt 0.430500 1.827400
vt 0.430500 1.826900
vt 0.472300 1.826600
vt 0.472300 1.827100
vt 0.473400 1.826700
vt 0.473300 1.827100
vt 0.431500 1.830400
vt 0.430400 1.830400
vt 0.431500 1.831000
vt 0.430400 1.831000
vt 0.472300 1.830000
vt 0.472300 1.830600
vt 0.473300 1.830000
vt 0.473400 1.830600
vt 1.735100 1.196400
vt 1.735000 1.197800
vt 1.730900 1.197800
vt 1.730800 1.196500
vt 1.578900 1.199300
vt 1.579000 1.200700
vt 1.763500 1.197000
vt 1.763500 1.198600
vt 1.767000 1.197000
vt 1.766900 1.198600
vt 1.577800 1.213300
vt 1.577600 1.214500
vt 0.302100 1.822900
vt 0.302000 1.823500
vt 0.303600 1.822900
vt 0.303600 1.823600
vt 0.221300 1.823100
vt 0.221300 1.822400
vt 0.219500 1.823000
vt 0.219800 1.822400
vt 0.302000 1.820100
vt 0.303500 1.820200
vt 0.302100 1.819300
vt 0.303800 1.819400
vt 0.221000 1.819500
vt 0.221200 1.818700
vt 0.219500 1.819500
vt 0.219500 1.818700
f 1/1/1 2/2/2 3/3/3
f 1/1/1 3/3/3 4/4/4
f 5/5/5 6/6/6 7/7/7
f 5/5/5 7/7/7 8/8/8
f 9/9/9 10/10/10 11/11/11
f 9/9/9 11/11/11 12/12/12
f 13/13/13 14/14/14 15/15/15
f 13/13/13 15/15/15 16/16/16
f 4/4/4 3/3/3 17/17/17
f 4/4/4 17/17/17 18/18/18
f 18/18/18 17/17/17 19/19/19
f 18/18/18 19/19/19 20/20/20
f 21/21/21 22/22/22 23/23/23
f 21/21/21 23/23/23 24/24/24
f 24/24/24 23/23/23 6/6/6
f 24/24/24 6/6/6 5/5/5
f 25/25/25 26/26/26 27/27/27
f 25/25/25 27/27/27 28/28/28
f 26/26/26 9/9/9 12/12/12
f 26/26/26 12/12/12 27/27/27
f 14/14/14 29/29/29 30/30/30
f 14/14/14 30/30/30 15/15/15
f 29/29/29 31/31/31 32/32/32
f 29/29/29 32/32/32 30/30/30
f 33/33/33 34/34/34 35/35/35
f 33/33/33 35/35/35 36/36/36
f 37/37/37 38/38/38 39/39/39
f 37/37/37 39/39/39 40/40/40
f 41/41/41 42/42/42 43/43/43
f 41/41/41 43/43/43 44/44/44
f 36/36/36 35/35/35 42/42/42
f 36/36/36 42/42/42 41/41/41
f 45/45/45 46/46/46 38/38/38
f 45/45/45 38/38/38 37/37/37
f 47/47/47 48/48/48 46/46/46
f 47/47/47 46/46/46 45/45/45
f 49/49/49 50/50/50 51/51/51
f 49/49/49 51/51/51 52/52/52
f 50/50/50 33/33/33 36/36/36
f 50/50/50 36/36/36 51/51/51
f 53/53/53 54/54/54 55/55/55
f 53/53/53 55/55/55 56/56/56
f 54/54/54 37/37/37 40/40/40
f 54/54/54 40/40/40 55/55/55
f 57/57/57 58/58/58 59/59/59
f 57/57/57 59/59/59 60/60/60
f 58/58/58 41/41/41 44/44/44
f 58/58/58 44/44/44 59/59/59
f 52/52/52 51/51/51 58/58/58
f 52/52/52 58/58/58 57/57/57
f 51/51/51 36/36/36 41/41/41
f 51/51/51 41/41/41 58/58/58
f 61/61/61 62/62/62 54/54/54
f 61/61/61 54/54/54 53/53/53
f 62/62/62 45/45/45 37/37/37
f 62/62/62 37/37/37 54/54/54
f 63/63/63 64/64/64 62/62/62
f 63/63/63 62/62/62 61/61/61
f 64/64/64 47/47/47 45/45/45
f 64/64/64 45/45/45 62/62/62
f 65/65/65 66/66/66 67/67/67
f 65/65/65 67/67/67 68/68/68
f 69/69/69 70/70/70 71/71/71
f 69/69/69 71/71/71 72/72/72
f 73/73/73 74/74/74 75/75/75
f 73/73/73 75/75/75 76/76/76
f 77/77/77 78/78/78 79/79/79
f 77/77/77 79/79/79 80/80/80
f 81/81/81 82/82/82 83/83/83
f 81/81/81 83/83/83 84/84/84
f 74/74/74 81/81/81 84/84/84
f 74/74/74 84/84/84 75/75/75
f 85/85/85 86/86/86 87/87/87
f 85/85/85 87/87/87 88/88/88
f 80/80/80 79/79/79 86/86/86
f 80/80/80 86/86/86 85/85/85
f 89/89/89 90/90/90 91/91/91
f 89/89/89 91/91/91 92/92/92
f 93/93/93 94/94/94 95/95/95
f 93/93/93 95/95/95 96/96/96
f 97/97/97 98/98/98 99/99/99
f 97/97/97 99/99/99 100/100/100
f 92/92/92 91/91/91 98/98/98
f 92/92/92 98/98/98 97/97/97
f 101/101/101 102/102/102 103/103/103
f 101/101/101 103/103/103 104/104/104
f 96/96/96 95/95/95 102/102/102
f 96/96/96 102/102/102 101/101/101
f 68/68/68 67/67/67 105/105/105
f 68/68/68 105/105/105 106/106/106
f 106/106/106 105/105/105 107/107/107
f 106/106/106 107/107/107 108/108/108
f 109/109/109 110/110/110 111/111/111
f 109/109/109 111/111/111 112/112/112
f 112/112/112 111/111/111 70/70/70
f 112/112/112 70/70/70 69/69/69
f 76/76/76 75/75/75 113/113/113
f 76/76/76 113/113/113 114/114/114
f 114/114/114 113/113/113 115/115/115
f 114/114/114 115/115/115 116/116/116
f 78/78/78 117/117/117 118/118/118
f 78/78/78 118/118/118 79/79/79
f 117/117/117 119/119/119 120/120/120
f 117/117/117 120/120/120 118/118/118
f 84/84/84 83/83/83 121/121/121
f 84/84/84 121/121/121 122/122/122
f 122/122/122 121/121/121 123/123/123
f 122/122/122 123/123/123 124/124/124
f 75/75/75 84/84/84 122/122/122
f 75/75/75 122/122/122 113/113/113
f 113/113/113 122/122/122 124/124/124
f 113/113/113 124/124/124 115/115/115
f 86/86/86 125/125/125 126/126/126
f 86/86/86 126/126/126 87/87/87
f 125/125/125 127/127/127 128/128/128
f 125/125/125 128/128/128 126/126/126
f 79/79/79 118/118/118 125/125/125
f 79/79/79 125/125/125 86/86/86
f 118/118/118 120/120/120 127/127/127
f 118/118/118 127/127/127 125/125/125
f 90/90/90 129/129/129 130/130/130
f 90/90/90 130/130/130 91/91/91
f 129/129/129 131/131/131 132/132/132
f 129/129/129 132/132/132 130/130/130
f 133/133/133 134/134/134 135/135/135
f 133/133/133 135/135/135 136/136/136
f 134/134/134 93/93/93 96/96/96
f 134/134/134 96/96/96 135/135/135
f 98/98/98 137/137/137 138/138/138
f 98/98/98 138/138/138 99/99/99
f 137/137/137 139/139/139 140/140/140
f 137/137/137 140/140/140 138/138/138
f 91/91/91 130/130/130 137/137/137
f 91/91/91 137/137/137 98/98/98
f 130/130/130 132/132/132 139/139/139
f 130/130/130 139/139/139 137/137/137
f 141/141/141 142/142/142 143/143/143
f 141/141/141 143/143/143 144/144/144
f 142/142/142 101/101/101 104/104/104
f 142/142/142 104/104/104 143/143/143
f 136/136/136 135/135/135 142/142/142
f 136/136/136 142/142/142 141/141/141
f 135/135/135 96/96/96 101/101/101
f 135/135/135 101/101/101 142/142/142
f 145/145/145 146/146/146 147/147/147
f 145/145/145 147/147/147 148/148/148
f 149/149/149 150/150/150 151/151/151
f 149/149/149 151/151/151 152/152/152
f 153/153/153 154/154/154 155/155/155
f 153/153/153 155/155/155 156/156/156
f 148/148/148 147/147/147 154/154/154
f 148/148/148 154/154/154 153/153/153
f 157/157/157 158/158/158 159/159/159
f 157/157/157 159/159/159 160/160/160
f 152/152/152 151/151/151 158/158/158
f 152/152/152 158/158/158 157/157/157
f 131/131/131 161/161/161 162/162/162
f 131/131/131 162/162/162 132/132/132
f 163/163/163 133/133/133 136/136/136
f 163/163/163 136/136/136 164/164/164
f 139/139/139 165/165/165 166/166/166
f 139/139/139 166/166/166 140/140/140
f 132/132/132 162/162/162 165/165/165
f 132/132/132 165/165/165 139/139/139
f 167/167/167 141/141/141 144/144/144
f 167/167/167 144/144/144 168/168/168
f 164/164/164 136/136/136 141/141/141
f 164/164/164 141/141/141 167/167/167
f 169/169/169 170/170/170 171/171/171
f 169/169/169 171/171/171 172/172/172
f 173/173/173 174/174/174 175/175/175
f 173/173/173 175/175/175 176/176/176
f 177/177/177 178/178/178 179/179/179
f 177/177/177 179/179/179 180/180/180
f 170/170/170 177/177/177 180/180/180
f 170/170/170 180/180/180 171/171/171
f 181/181/181 173/173/173 176/176/176
f 181/181/181 176/176/176 182/182/182
f 183/183/183 181/181/181 182/182/182
f 183/183/183 182/182/182 184/184/184
f 185/185/185 186/186/186 187/187/187
f 185/185/185 187/187/187 188/188/188
f 189/189/189 190/190/190 191/191/191
f 189/189/189 191/191/191 192/192/192
f 193/193/193 194/194/194 195/195/195
f 193/193/193 195/195/195 196/196/196
f 186/186/186 193/193/193 196/196/196
f 186/186/186 196/196/196 187/187/187
f 197/197/197 189/189/189 192/192/192
f 197/197/197 192/192/192 198/198/198
f 199/199/199 197/197/197 198/198/198
f 199/199/199 198/198/198 200/200/200
f 172/172/172 171/171/171 201/201/201
f 172/172/172 201/201/201 202/202/202
f 202/202/202 201/201/201 203/203/203
f 202/202/202 203/203/203 204/204/204
f 176/176/176 175/175/175 205/205/205
f 176/176/176 205/205/205 206/206/206
f 206/206/206 205/205/205 207/207/207
f 206/206/206 207/207/207 208/208/208
f 180/180/180 179/179/179 209/209/209
f 180/180/180 209/209/209 210/210/210
f 210/210/210 209/209/209 211/211/211
f 210/210/210 211/211/211 212/212/212
f 171/171/171 180/180/180 210/210/210
f 171/171/171 210/210/210 201/201/201
f 201/201/201 210/210/210 212/212/212
f 201/201/201 212/212/212 203/203/203
f 182/182/182 176/176/176 206/206/206
f 182/182/182 206/206/206 213/213/213
f 213/213/213 206/206/206 208/208/208
f 213/213/213 208/208/208 214/214/214
f 184/184/184 182/182/182 213/213/213
f 184/184/184 213/213/213 215/215/215
f 215/215/215 213/213/213 214/214/214
f 215/215/215 214/214/214 216/216/216
f 188/188/188 187/187/187 217/217/217
f 188/188/188 217/217/217 218/218/218
f 218/218/218 217/217/217 219/219/219
f 218/218/218 219/219/219 220/220/220
f 192/192/192 191/191/191 221/221/221
f 192/192/192 221/221/221 222/222/222
f 222/222/222 221/221/221 223/223/223
f 222/222/222 223/223/223 224/224/224
f 196/196/196 195/195/195 225/225/225
f 196/196/196 225/225/225 226/226/226
f 226/226/226 225/225/225 227/227/227
f 226/226/226 227/227/227 228/228/228
f 187/187/187 196/196/196 226/226/226
f 187/187/187 226/226/226 217/217/217
f 217/217/217 226/226/226 228/228/228
f 217/217/217 228/228/228 219/219/219
f 198/198/198 192/192/192 222/222/222
f 198/198/198 222/222/222 229/229/229
f 229/229/229 222/222/222 224/224/224
f 229/229/229 224/224/224 230/230/230
f 200/200/200 198/198/198 229/229/229
f 200/200/200 229/229/229 231/231/231
f 231/231/231 229/229/229 230/230/230
f 231/231/231 230/230/230 232/232/232
f 233/233/233 234/234/234 235/235/235
f 233/233/233 235/235/235 236/236/236
f 237/237/237 238/238/238 239/239/239
f 237/237/237 239/239/239 240/240/240
f 241/241/241 242/242/242 243/243/243
f 241/241/241 243/243/243 244/244/244
f 234/234/234 241/241/241 244/244/244
f 234/234/234 244/244/244 235/235/235
f 245/245/245 237/237/237 240/240/240
f 245/245/245 240/240/240 246/246/246
f 247/247/247 245/245/245 246/246/246
f 247/247/247 246/246/246 248/248/248
f 249/249/249 250/250/250 251/251/251
f 249/249/249 251/251/251 252/252/252
f 253/253/253 254/254/254 255/255/255
f 253/253/253 255/255/255 256/256/256
f 257/257/257 249/249/249 252/252/252
f 257/257/257 252/252/252 258/258/258
f 259/259/259 257/257/257 258/258/258
f 259/259/259 258/258/258 260/260/260
f 261/261/261 262/262/262 263/263/263
f 261/261/261 263/263/263 264/264/264
f 254/254/254 261/261/261 264/264/264
f 254/254/254 264/264/264 255/255/255
f 265/265/265 266/266/266 267/267/267
f 265/265/265 267/267/267 268/268/268
f 268/268/268 267/267/267 234/234/234
f 268/268/268 234/234/234 233/233/233
f 269/269/269 270/270/270 271/271/271
f 269/269/269 271/271/271 272/272/272
f 272/272/272 271/271/271 238/238/238
f 272/272/272 238/238/238 237/237/237
f 273/273/273 274/274/274 275/275/275
f 273/273/273 275/275/275 276/276/276
f 276/276/276 275/275/275 242/242/242
f 276/276/276 242/242/242 241/241/241
f 266/266/266 273/273/273 276/276/276
f 266/266/266 276/276/276 267/267/267
f 267/267/267 276/276/276 241/241/241
f 267/267/267 241/241/241 234/234/234
f 277/277/277 269/269/269 272/272/272
f 277/277/277 272/272/272 278/278/278
f 278/278/278 272/272/272 237/237/237
f 278/278/278 237/237/237 245/245/245
f 279/279/279 277/277/277 278/278/278
f 279/279/279 278/278/278 280/280/280
f 280/280/280 278/278/278 245/245/245
f 280/280/280 245/245/245 247/247/247
f 224/224/224 223/223/223 281/281/281
f 224/224/224 281/281/281 282/282/282
f 282/282/282 281/281/281 250/250/250
f 282/282/282 250/250/250 249/249/249
f 220/220/220 219/219/219 283/283/283
f 220/220/220 283/283/283 284/284/284
f 284/284/284 283/283/283 254/254/254
f 284/284/284 254/254/254 253/253/253
f 230/230/230 224/224/224 282/282/282
f 230/230/230 282/282/282 285/285/285
f 285/285/285 282/282/282 249/249/249
f 285/285/285 249/249/249 257/257/257
f 232/232/232 230/230/230 285/285/285
f 232/232/232 285/285/285 286/286/286
f 286/286/286 285/285/285 257/257/257
f 286/286/286 257/257/257 259/259/259
f 228/228/228 227/227/227 287/287/287
f 228/228/228 287/287/287 288/288/288
f 288/288/288 287/287/287 262/262/262
f 288/288/288 262/262/262 261/261/261
f 219/219/219 228/228/228 288/288/288
f 219/219/219 288/288/288 283/283/283
f 283/283/283 288/288/288 261/261/261
f 283/283/283 261/261/261 254/254/254
f 289/289/289 290/290/290 291/291/291
f 289/289/289 291/291/291 292/292/292
f 293/293/293 294/294/294 295/295/295
f 293/293/293 295/295/295 296/296/296
f 297/297/297 289/289/289 292/292/292
f 297/297/297 292/292/292 298/298/298
f 299/299/299 297/297/297 298/298/298
f 299/299/299 298/298/298 300/300/300
f 301/301/301 302/302/302 303/303/303
f 301/301/301 303/303/303 304/304/304
f 294/294/294 301/301/301 304/304/304
f 294/294/294 304/304/304 295/295/295
f 305/305/305 306/306/306 307/307/307
f 305/305/305 307/307/307 308/308/308
f 309/309/309 310/310/310 311/311/311
f 309/309/309 311/311/311 312/312/312
f 313/313/313 305/305/305 308/308/308
f 313/313/313 308/308/308 314/314/314
f 315/315/315 313/313/313 314/314/314
f 315/315/315 314/314/314 316/316/316
f 317/317/317 318/318/318 319/319/319
f 317/317/317 319/319/319 320/320/320
f 310/310/310 317/317/317 320/320/320
f 310/310/310 320/320/320 311/311/311
f 74/74/74 73/73/73 321/321/321
f 74/74/74 321/321/321 322/322/322
f 322/322/322 321/321/321 290/290/290
f 322/322/322 290/290/290 289/289/289
f 323/323/323 324/324/324 325/325/325
f 323/323/323 325/325/325 326/326/326
f 326/326/326 325/325/325 294/294/294
f 326/326/326 294/294/294 293/293/293
f 81/81/81 74/74/74 322/322/322
f 81/81/81 322/322/322 327/327/327
f 327/327/327 322/322/322 289/289/289
f 327/327/327 289/289/289 297/297/297
f 82/82/82 81/81/81 327/327/327
f 82/82/82 327/327/327 328/328/328
f 328/328/328 327/327/327 297/297/297
f 328/328/328 297/297/297 299/299/299
f 329/329/329 330/330/330 331/331/331
f 329/329/329 331/331/331 332/332/332
f 332/332/332 331/331/331 302/302/302
f 332/332/332 302/302/302 301/301/301
f 324/324/324 329/329/329 332/332/332
f 324/324/324 332/332/332 325/325/325
f 325/325/325 332/332/332 301/301/301
f 325/325/325 301/301/301 294/294/294
f 333/333/333 334/334/334 335/335/335
f 333/333/333 335/335/335 336/336/336
f 336/336/336 335/335/335 306/306/306
f 336/336/336 306/306/306 305/305/305
f 337/337/337 338/338/338 339/339/339
f 337/337/337 339/339/339 340/340/340
f 340/340/340 339/339/339 310/310/310
f 340/340/340 310/310/310 309/309/309
f 341/341/341 333/333/333 336/336/336
f 341/341/341 336/336/336 342/342/342
f 342/342/342 336/336/336 305/305/305
f 342/342/342 305/305/305 313/313/313
f 343/343/343 341/341/341 342/342/342
f 343/343/343 342/342/342 344/344/344
f 344/344/344 342/342/342 313/313/313
f 344/344/344 313/313/313 315/315/315
f 345/345/345 346/346/346 347/347/347
f 345/345/345 347/347/347 348/348/348
f 348/348/348 347/347/347 318/318/318
f 348/348/348 318/318/318 317/317/317
f 338/338/338 345/345/345 348/348/348
f 338/338/338 348/348/348 339/339/339
f 339/339/339 348/348/348 317/317/317
f 339/339/339 317/317/317 310/310/310
f 116/116/116 115/115/115 349/349/349
f 116/116/116 349/349/349 350/350/350
f 351/351/351 352/352/352 353/353/353
f 351/351/351 353/353/353 354/354/354
f 124/124/124 123/123/123 355/355/355
f 124/124/124 355/355/355 356/356/356
f 115/115/115 124/124/124 356/356/356
f 115/115/115 356/356/356 349/349/349
f 357/357/357 351/351/351 354/354/354
f 357/357/357 354/354/354 358/358/358
f 359/359/359 357/357/357 358/358/358
f 359/359/359 358/358/358 360/360/360
f 361/361/361 362/362/362 363/363/363
f 361/361/361 363/363/363 364/364/364
f 365/365/365 366/366/366 367/367/367
f 365/365/365 367/367/367 368/368/368
f 369/369/369 361/361/361 364/364/364
f 369/369/369 364/364/364 370/370/370
f 371/371/371 369/369/369 370/370/370
f 371/371/371 370/370/370 372/372/372
f 373/373/373 374/374/374 375/375/375
f 373/373/373 375/375/375 376/376/376
f 366/366/366 373/373/373 376/376/376
f 366/366/366 376/376/376 367/367/367
f 350/350/350 349/349/349 377/377/377
f 350/350/350 377/377/377 378/378/378
f 378/378/378 377/377/377 379/379/379
f 378/378/378 379/379/379 380/380/380
f 354/354/354 353/353/353 381/381/381
f 354/354/354 381/381/381 382/382/382
f 382/382/382 381/381/381 383/383/383
f 382/382/382 383/383/383 384/384/384
f 356/356/356 355/355/355 385/385/385
f 356/356/356 385/385/385 386/386/386
f 386/386/386 385/385/385 387/387/387
f 386/386/386 387/387/387 388/388/388
f 349/349/349 356/356/356 386/386/386
f 349/349/349 386/386/386 377/377/377
f 377/377/377 386/386/386 388/388/388
f 377/377/377 388/388/388 379/379/379
f 358/358/358 354/354/354 382/382/382
f 358/358/358 382/382/382 389/389/389
f 389/389/389 382/382/382 384/384/384
f 389/389/389 384/384/384 390/390/390
f 360/360/360 358/358/358 389/389/389
f 360/360/360 389/389/389 391/391/391
f 391/391/391 389/389/389 390/390/390
f 391/391/391 390/390/390 392/392/392
f 364/364/364 363/363/363 393/393/393
f 364/364/364 393/393/393 394/394/394
f 394/394/394 393/393/393 395/395/395
f 394/394/394 395/395/395 396/396/396
f 368/368/368 367/367/367 397/397/397
f 368/368/368 397/397/397 398/398/398
f 398/398/398 397/397/397 399/399/399
f 398/398/398 399/399/399 400/400/400
f 370/370/370 364/364/364 394/394/394
f 370/370/370 394/394/394 401/401/401
f 401/401/401 394/394/394 396/396/396
f 401/401/401 396/396/396 402/402/402
f 372/372/372 370/370/370 401/401/401
f 372/372/372 401/401/401 403/403/403
f 403/403/403 401/401/401 402/402/402
f 403/403/403 402/402/402 404/404/404
f 376/376/376 375/375/375 405/405/405
f 376/376/376 405/405/405 406/406/406
f 406/406/406 405/405/405 407/407/407
f 406/406/406 407/407/407 408/408/408
f 367/367/367 376/376/376 406/406/406
f 367/367/367 406/406/406 397/397/397
f 397/397/397 406/406/406 408/408/408
f 397/397/397 408/408/408 399/399/399
f 409/409/409 410/410/410 411/411/411
f 409/409/409 411/411/411 412/412/412
f 413/413/413 414/414/414 415/415/415
f 413/413/413 415/415/415 416/416/416
f 417/417/417 418/418/418 410/410/410
f 417/417/417 410/410/410 409/409/409
f 419/419/419 420/420/420 418/418/418
f 419/419/419 418/418/418 417/417/417
f 421/421/421 422/422/422 423/423/423
f 421/421/421 423/423/423 424/424/424
f 416/416/416 415/415/415 422/422/422
f 416/416/416 422/422/422 421/421/421
f 425/425/425 426/426/426 427/427/427
f 425/425/425 427/427/427 428/428/428
f 429/429/429 430/430/430 431/431/431
f 429/429/429 431/431/431 432/432/432
f 410/410/410 433/433/433 434/434/434
f 410/410/410 434/434/434 411/411/411
f 433/433/433 435/435/435 436/436/436
f 433/433/433 436/436/436 434/434/434
f 414/414/414 437/437/437 438/438/438
f 414/414/414 438/438/438 415/415/415
f 437/437/437 439/439/439 440/440/440
f 437/437/437 440/440/440 438/438/438
f 418/418/418 441/441/441 433/433/433
f 418/418/418 433/433/433 410/410/410
f 441/441/441 442/442/442 435/435/435
f 441/441/441 435/435/435 433/433/433
f 420/420/420 443/443/443 441/441/441
f 420/420/420 441/441/441 418/418/418
f 443/443/443 444/444/444 442/442/442
f 443/443/443 442/442/442 441/441/441
f 422/422/422 445/445/445 446/446/446
f 422/422/422 446/446/446 423/423/423
f 445/445/445 447/447/447 448/448/448
f 445/445/445 448/448/448 446/446/446
f 415/415/415 438/438/438 445/445/445
f 415/415/415 445/445/445 422/422/422
f 438/438/438 440/440/440 447/447/447
f 438/438/438 447/447/447 445/445/445
f 426/426/426 449/449/449 450/450/450
f 426/426/426 450/450/450 427/427/427
f 449/449/449 451/451/451 452/452/452
f 449/449/449 452/452/452 450/450/450
f 430/430/430 453/453/453 454/454/454
f 430/430/430 454/454/454 431/431/431
f 453/453/453 455/455/455 456/456/456
f 453/453/453 456/456/456 454/454/454
f 146/146/146 457/457/457 458/458/458
f 146/146/146 458/458/458 147/147/147
f 457/457/457 459/459/459 460/460/460
f 457/457/457 460/460/460 458/458/458
f 461/461/461 462/462/462 463/463/463
f 461/461/461 463/463/463 464/464/464
f 462/462/462 149/149/149 152/152/152
f 462/462/462 152/152/152 463/463/463
f 154/154/154 465/465/465 466/466/466
f 154/154/154 466/466/466 155/155/155
f 465/465/465 467/467/467 468/468/468
f 465/465/465 468/468/468 466/466/466
f 147/147/147 458/458/458 465/465/465
f 147/147/147 465/465/465 154/154/154
f 458/458/458 460/460/460 467/467/467
f 458/458/458 467/467/467 465/465/465
f 469/469/469 470/470/470 471/471/471
f 469/469/469 471/471/471 472/472/472
f 470/470/470 157/157/157 160/160/160
f 470/470/470 160/160/160 471/471/471
f 464/464/464 463/463/463 470/470/470
f 464/464/464 470/470/470 469/469/469
f 463/463/463 152/152/152 157/157/157
f 463/463/463 157/157/157 470/470/470
f 161/161/161 473/473/473 474/474/474
f 161/161/161 474/474/474 162/162/162
f 473/473/473 475/475/475 476/476/476
f 473/473/473 476/476/476 474/474/474
f 477/477/477 478/478/478 479/479/479
f 477/477/477 479/479/479 480/480/480
f 478/478/478 163/163/163 164/164/164
f 478/478/478 164/164/164 479/479/479
f 165/165/165 481/481/481 482/482/482
f 165/165/165 482/482/482 166/166/166
f 481/481/481 483/483/483 484/484/484
f 481/481/481 484/484/484 482/482/482
f 162/162/162 474/474/474 481/481/481
f 162/162/162 481/481/481 165/165/165
f 474/474/474 476/476/476 483/483/483
f 474/474/474 483/483/483 481/481/481
f 485/485/485 486/486/486 487/487/487
f 485/485/485 487/487/487 488/488/488
f 486/486/486 167/167/167 168/168/168
f 486/486/486 168/168/168 487/487/487
f 480/480/480 479/479/479 486/486/486
f 480/480/480 486/486/486 485/485/485
f 479/479/479 164/164/164 167/167/167
f 479/479/479 167/167/167 486/486/486
f 489/489/489 490/490/490 491/491/491
f 489/489/489 491/491/491 492/492/492
f 490/490/490 426/426/426 425/425/425
f 490/490/490 425/425/425 491/491/491
f 431/431/431 493/493/493 494/494/494
f 431/431/431 494/494/494 432/432/432
f 493/493/493 495/495/495 496/496/496
f 493/493/493 496/496/496 494/494/494
f 497/497/497 498/498/498 490/490/490
f 497/497/497 490/490/490 489/489/489
f 498/498/498 449/449/449 426/426/426
f 498/498/498 426/426/426 490/490/490
f 499/499/499 500/500/500 498/498/498
f 499/499/499 498/498/498 497/497/497
f 500/500/500 451/451/451 449/449/449
f 500/500/500 449/449/449 498/498/498
f 454/454/454 501/501/501 493/493/493
f 454/454/454 493/493/493 431/431/431
f 501/501/501 502/502/502 495/495/495
f 501/501/501 495/495/495 493/493/493
f 456/456/456 503/503/503 501/501/501
f 456/456/456 501/501/501 454/454/454
f 503/503/503 504/504/504 502/502/502
f 503/503/503 502/502/502 501/501/501
f 505/505/505 506/506/506 507/507/507
f 505/505/505 507/507/507 508/508/508
f 509/509/509 510/510/510 511/511/511
f 509/509/509 511/511/511 512/512/512
f 513/513/513 514/514/514 515/515/515
f 513/513/513 515/515/515 516/516/516
f 517/517/517 518/518/518 519/519/519
f 517/517/517 519/519/519 520/520/520
f 521/521/521 522/522/522 523/523/523
f 521/521/521 523/523/523 524/524/524
f 516/516/516 515/515/515 522/522/522
f 516/516/516 522/522/522 521/521/521
f 525/525/525 526/526/526 527/527/527
f 525/525/525 527/527/527 528/528/528
f 520/520/520 519/519/519 526/526/526
f 520/520/520 526/526/526 525/525/525
f 475/475/475 529/529/529 530/530/530
f 475/475/475 530/530/530 476/476/476
f 531/531/531 477/477/477 480/480/480
f 531/531/531 480/480/480 532/532/532
f 483/483/483 533/533/533 534/534/534
f 483/483/483 534/534/534 484/484/484
f 476/476/476 530/530/530 533/533/533
f 476/476/476 533/533/533 483/483/483
f 535/535/535 485/485/485 488/488/488
f 535/535/535 488/488/488 536/536/536
f 532/532/532 480/480/480 485/485/485
f 532/532/532 485/485/485 535/535/535
f 506/506/506 537/537/537 538/538/538
f 506/506/506 538/538/538 507/507/507
f 537/537/537 539/539/539 540/540/540
f 537/537/537 540/540/540 538/538/538
f 541/541/541 542/542/542 543/543/543
f 541/541/541 543/543/543 544/544/544
f 542/542/542 509/509/509 512/512/512
f 542/542/542 512/512/512 543/543/543
f 545/545/545 546/546/546 547/547/547
f 545/545/545 547/547/547 548/548/548
f 546/546/546 513/513/513 516/516/516
f 546/546/546 516/516/516 547/547/547
f 518/518/518 549/549/549 550/550/550
f 518/518/518 550/550/550 519/519/519
f 549/549/549 551/551/551 552/552/552
f 549/549/549 552/552/552 550/550/550
f 553/553/553 554/554/554 555/555/555
f 553/553/553 555/555/555 556/556/556
f 554/554/554 521/521/521 524/524/524
f 554/554/554 524/524/524 555/555/555
f 548/548/548 547/547/547 554/554/554
f 548/548/548 554/554/554 553/553/553
f 547/547/547 516/516/516 521/521/521
f 547/547/547 521/521/521 554/554/554
f 526/526/526 557/557/557 558/558/558
f 526/526/526 558/558/558 527/527/527
f 557/557/557 559/559/559 560/560/560
f 557/557/557 560/560/560 558/558/558
f 519/519/519 550/550/550 557/557/557
f 519/519/519 557/557/557 526/526/526
f 550/550/550 552/552/552 559/559/559
f 550/550/550 559/559/559 557/557/557
f 529/529/529 561/561/561 562/562/562
f 529/529/529 562/562/562 530/530/530
f 561/561/561 563/563/563 564/564/564
f 561/561/561 564/564/564 562/562/562
f 565/565/565 566/566/566 567/567/567
f 565/565/565 567/567/567 568/568/568
f 566/566/566 531/531/531 532/532/532
f 566/566/566 532/532/532 567/567/567
f 533/533/533 569/569/569 570/570/570
f 533/533/533 570/570/570 534/534/534
f 569/569/569 571/571/571 572/572/572
f 569/569/569 572/572/572 570/570/570
f 530/530/530 562/562/562 569/569/569
f 530/530/530 569/569/569 533/533/533
f 562/562/562 564/564/564 571/571/571
f 562/562/562 571/571/571 569/569/569
f 573/573/573 574/574/574 575/575/575
f 573/573/573 575/575/575 576/576/576
f 574/574/574 535/535/535 536/536/536
f 574/574/574 536/536/536 575/575/575
f 568/568/568 567/567/567 574/574/574
f 568/568/568 574/574/574 573/573/573
f 567/567/567 532/532/532 535/535/535
f 567/567/567 535/535/535 574/574/574
f 577/577/577 578/578/578 579/579/579
f 577/577/577 579/579/579 580/580/580
f 581/581/581 582/582/582 583/583/583
f 581/581/581 583/583/583 584/584/584
f 585/585/585 586/586/586 578/578/578
f 585/585/585 578/578/578 577/577/577
f 587/587/587 588/588/588 586/586/586
f 587/587/587 586/586/586 585/585/585
f 589/589/589 590/590/590 591/591/591
f 589/589/589 591/591/591 592/592/592
f 584/584/584 583/583/583 590/590/590
f 584/584/584 590/590/590 589/589/589
f 593/593/593 594/594/594 595/595/595
f 593/593/593 595/595/595 596/596/596
f 597/597/597 598/598/598 599/599/599
f 597/597/597 599/599/599 600/600/600
f 601/601/601 602/602/602 603/603/603
f 601/601/601 603/603/603 604/604/604
f 596/596/596 595/595/595 602/602/602
f 596/596/596 602/602/602 601/601/601
f 605/605/605 606/606/606 598/598/598
f 605/605/605 598/598/598 597/597/597
f 607/607/607 608/608/608 606/606/606
f 607/607/607 606/606/606 605/605/605
f 578/578/578 609/609/609 610/610/610
f 578/578/578 610/610/610 579/579/579
f 609/609/609 611/611/611 612/612/612
f 609/609/609 612/612/612 610/610/610
f 582/582/582 613/613/613 614/614/614
f 582/582/582 614/614/614 583/583/583
f 613/613/613 615/615/615 616/616/616
f 613/613/613 616/616/616 614/614/614
f 586/586/586 617/617/617 609/609/609
f 586/586/586 609/609/609 578/578/578
f 617/617/617 618/618/618 611/611/611
f 617/617/617 611/611/611 609/609/609
f 588/588/588 619/619/619 617/617/617
f 588/588/588 617/617/617 586/586/586
f 619/619/619 620/620/620 618/618/618
f 619/619/619 618/618/618 617/617/617
f 590/590/590 621/621/621 622/622/622
f 590/590/590 622/622/622 591/591/591
f 621/621/621 623/623/623 624/624/624
f 621/621/621 624/624/624 622/622/622
f 583/583/583 614/614/614 621/621/621
f 583/583/583 621/621/621 590/590/590
f 614/614/614 616/616/616 623/623/623
f 614/614/614 623/623/623 621/621/621
f 594/594/594 625/625/625 626/626/626
f 594/594/594 626/626/626 595/595/595
f 625/625/625 627/627/627 628/628/628
f 625/625/625 628/628/628 626/626/626
f 598/598/598 629/629/629 630/630/630
f 598/598/598 630/630/630 599/599/599
f 629/629/629 631/631/631 632/632/632
f 629/629/629 632/632/632 630/630/630
f 602/602/602 633/633/633 634/634/634
f 602/602/602 634/634/634 603/603/603
f 633/633/633 635/635/635 636/636/636
f 633/633/633 636/636/636 634/634/634
f 595/595/595 626/626/626 633/633/633
f 595/595/595 633/633/633 602/602/602
f 626/626/626 628/628/628 635/635/635
f 626/626/626 635/635/635 633/633/633
f 606/606/606 637/637/637 629/629/629
f 606/606/606 629/629/629 598/598/598
f 637/637/637 638/638/638 631/631/631
f 637/637/637 631/631/631 629/629/629
f 608/608/608 639/639/639 637/637/637
f 608/608/608 637/637/637 606/606/606
f 639/639/639 640/640/640 638/638/638
f 639/639/639 638/638/638 637/637/637
f 641/641/641 642/642/642 643/643/643
f 641/641/641 643/643/643 644/644/644
f 645/645/645 646/646/646 647/647/647
f 645/645/645 647/647/647 648/648/648
f 649/649/649 650/650/650 651/651/651
f 649/649/649 651/651/651 652/652/652
f 644/644/644 643/643/643 650/650/650
f 644/644/644 650/650/650 649/649/649
f 653/653/653 654/654/654 646/646/646
f 653/653/653 646/646/646 645/645/645
f 655/655/655 656/656/656 654/654/654
f 655/655/655 654/654/654 653/653/653
f 657/657/657 658/658/658 659/659/659
f 657/657/657 659/659/659 660/660/660
f 661/661/661 662/662/662 663/663/663
f 661/661/661 663/663/663 664/664/664
f 665/665/665 666/666/666 658/658/658
f 665/665/665 658/658/658 657/657/657
f 667/667/667 668/668/668 666/666/666
f 667/667/667 666/666/666 665/665/665
f 669/669/669 670/670/670 671/671/671
f 669/669/669 671/671/671 672/672/672
f 664/664/664 663/663/663 670/670/670
f 664/664/664 670/670/670 669/669/669
f 673/673/673 674/674/674 675/675/675
f 673/673/673 675/675/675 676/676/676
f 677/677/677 678/678/678 679/679/679
f 677/677/677 679/679/679 680/680/680
f 681/681/681 682/682/682 674/674/674
f 681/681/681 674/674/674 673/673/673
f 683/683/683 684/684/684 682/682/682
f 683/683/683 682/682/682 681/681/681
f 685/685/685 686/686/686 687/687/687
f 685/685/685 687/687/687 688/688/688
f 680/680/680 679/679/679 686/686/686
f 680/680/680 686/686/686 685/685/685
f 689/689/689 690/690/690 691/691/691
f 689/689/689 691/691/691 692/692/692
f 693/693/693 694/694/694 695/695/695
f 693/693/693 695/695/695 696/696/696
f 697/697/697 698/698/698 690/690/690
f 697/697/697 690/690/690 689/689/689
f 699/699/699 700/700/700 698/698/698
f 699/699/699 698/698/698 697/697/697
f 701/701/701 702/702/702 703/703/703
f 701/701/701 703/703/703 704/704/704
f 696/696/696 695/695/695 702/702/702
f 696/696/696 702/702/702 701/701/701
f 705/705/705 706/706/706 707/707/707
f 705/705/705 707/707/707 708/708/708
f 709/709/709 710/710/710 711/711/711
f 709/709/709 711/711/711 712/712/712
f 713/713/713 714/714/714 715/715/715
f 713/713/713 715/715/715 716/716/716
f 717/717/717 718/718/718 719/719/719
f 717/717/717 719/719/719 720/720/720
f 721/721/721 722/722/722 723/723/723
f 721/721/721 723/723/723 724/724/724
f 722/722/722 673/673/673 676/676/676
f 722/722/722 676/676/676 723/723/723
f 725/725/725 726/726/726 727/727/727
f 725/725/725 727/727/727 728/728/728
f 726/726/726 677/677/677 680/680/680
f 726/726/726 680/680/680 727/727/727
f 729/729/729 730/730/730 722/722/722
f 729/729/729 722/722/722 721/721/721
f 730/730/730 681/681/681 673/673/673
f 730/730/730 673/673/673 722/722/722
f 731/731/731 732/732/732 730/730/730
f 731/731/731 730/730/730 729/729/729
f 732/732/732 683/683/683 681/681/681
f 732/732/732 681/681/681 730/730/730
f 733/733/733 734/734/734 735/735/735
f 733/733/733 735/735/735 736/736/736
f 734/734/734 685/685/685 688/688/688
f 734/734/734 688/688/688 735/735/735
f 728/728/728 727/727/727 734/734/734
f 728/728/728 734/734/734 733/733/733
f 727/727/727 680/680/680 685/685/685
f 727/727/727 685/685/685 734/734/734
f 631/631/631 737/737/737 738/738/738
f 631/631/631 738/738/738 632/632/632
f 737/737/737 689/689/689 692/692/692
f 737/737/737 692/692/692 738/738/738
f 627/627/627 739/739/739 740/740/740
f 627/627/627 740/740/740 628/628/628
f 739/739/739 693/693/693 696/696/696
f 739/739/739 696/696/696 740/740/740
f 638/638/638 741/741/741 737/737/737
f 638/638/638 737/737/737 631/631/631
f 741/741/741 697/697/697 689/689/689
f 741/741/741 689/689/689 737/737/737
f 640/640/640 742/742/742 741/741/741
f 640/640/640 741/741/741 638/638/638
f 742/742/742 699/699/699 697/697/697
f 742/742/742 697/697/697 741/741/741
f 635/635/635 743/743/743 744/744/744
f 635/635/635 744/744/744 636/636/636
f 743/743/743 701/701/701 704/704/704
f 743/743/743 704/704/704 744/744/744
f 628/628/628 740/740/740 743/743/743
f 628/628/628 743/743/743 635/635/635
f 740/740/740 696/696/696 701/701/701
f 740/740/740 701/701/701 743/743/743
f 706/706/706 745/745/745 746/746/746
f 706/706/706 746/746/746 707/707/707
f 745/745/745 747/747/747 748/748/748
f 745/745/745 748/748/748 746/746/746
f 749/749/749 750/750/750 751/751/751
f 749/749/749 751/751/751 752/752/752
f 750/750/750 709/709/709 712/712/712
f 750/750/750 712/712/712 751/751/751
f 714/714/714 753/753/753 754/754/754
f 714/714/714 754/754/754 715/715/715
f 753/753/753 755/755/755 756/756/756
f 753/753/753 756/756/756 754/754/754
f 757/757/757 758/758/758 759/759/759
f 757/757/757 759/759/759 760/760/760
f 758/758/758 717/717/717 720/720/720
f 758/758/758 720/720/720 759/759/759
f 761/761/761 762/762/762 763/763/763
f 761/761/761 763/763/763 764/764/764
f 762/762/762 641/641/641 644/644/644
f 762/762/762 644/644/644 763/763/763
f 548/548/548 765/765/765 766/766/766
f 548/548/548 766/766/766 545/545/545
f 765/765/765 645/645/645 648/648/648
f 765/765/765 648/648/648 766/766/766
f 767/767/767 768/768/768 769/769/769
f 767/767/767 769/769/769 770/770/770
f 768/768/768 649/649/649 652/652/652
f 768/768/768 652/652/652 769/769/769
f 764/764/764 763/763/763 768/768/768
f 764/764/764 768/768/768 767/767/767
f 763/763/763 644/644/644 649/649/649
f 763/763/763 649/649/649 768/768/768
f 553/553/553 771/771/771 765/765/765
f 553/553/553 765/765/765 548/548/548
f 771/771/771 653/653/653 645/645/645
f 771/771/771 645/645/645 765/765/765
f 556/556/556 772/772/772 771/771/771
f 556/556/556 771/771/771 553/553/553
f 772/772/772 655/655/655 653/653/653
f 772/772/772 653/653/653 771/771/771
f 707/707/707 773/773/773 774/774/774
f 707/707/707 774/774/774 708/708/708
f 773/773/773 775/775/775 776/776/776
f 773/773/773 776/776/776 774/774/774
f 711/711/711 777/777/777 778/778/778
f 711/711/711 778/778/778 712/712/712
f 777/777/777 779/779/779 780/780/780
f 777/777/777 780/780/780 778/778/778
f 746/746/746 781/781/781 773/773/773
f 746/746/746 773/773/773 707/707/707
f 781/781/781 782/782/782 775/775/775
f 781/781/781 775/775/775 773/773/773
f 748/748/748 783/783/783 781/781/781
f 748/748/748 781/781/781 746/746/746
f 783/783/783 784/784/784 782/782/782
f 783/783/783 782/782/782 781/781/781
f 751/751/751 785/785/785 786/786/786
f 751/751/751 786/786/786 752/752/752
f 785/785/785 787/787/787 788/788/788
f 785/785/785 788/788/788 786/786/786
f 712/712/712 778/778/778 785/785/785
f 712/712/712 785/785/785 751/751/751
f 778/778/778 780/780/780 787/787/787
f 778/778/778 787/787/787 785/785/785
f 789/789/789 790/790/790 791/791/791
f 789/789/789 791/791/791 792/792/792
f 790/790/790 657/657/657 660/660/660
f 790/790/790 660/660/660 791/791/791
f 514/514/514 793/793/793 794/794/794
f 514/514/514 794/794/794 515/515/515
f 793/793/793 661/661/661 664/664/664
f 793/793/793 664/664/664 794/794/794
f 795/795/795 796/796/796 790/790/790
f 795/795/795 790/790/790 789/789/789
f 796/796/796 665/665/665 657/657/657
f 796/796/796 657/657/657 790/790/790
f 797/797/797 798/798/798 796/796/796
f 797/797/797 796/796/796 795/795/795
f 798/798/798 667/667/667 665/665/665
f 798/798/798 665/665/665 796/796/796
f 522/522/522 799/799/799 800/800/800
f 522/522/522 800/800/800 523/523/523
f 799/799/799 669/669/669 672/672/672
f 799/799/799 672/672/672 800/800/800
f 515/515/515 794/794/794 799/799/799
f 515/515/515 799/799/799 522/522/522
f 794/794/794 664/664/664 669/669/669
f 794/794/794 669/669/669 799/799/799
f 715/715/715 801/801/801 802/802/802
f 715/715/715 802/802/802 716/716/716
f 801/801/801 803/803/803 804/804/804
f 801/801/801 804/804/804 802/802/802
f 719/719/719 805/805/805 806/806/806
f 719/719/719 806/806/806 720/720/720
f 805/805/805 807/807/807 808/808/808
f 805/805/805 808/808/808 806/806/806
f 754/754/754 809/809/809 801/801/801
f 754/754/754 801/801/801 715/715/715
f 809/809/809 810/810/810 803/803/803
f 809/809/809 803/803/803 801/801/801
f 756/756/756 811/811/811 809/809/809
f 756/756/756 809/809/809 754/754/754
f 811/811/811 812/812/812 810/810/810
f 811/811/811 810/810/810 809/809/809
f 759/759/759 813/813/813 814/814/814
f 759/759/759 814/814/814 760/760/760
f 813/813/813 815/815/815 816/816/816
f 813/813/813 816/816/816 814/814/814
f 720/720/720 806/806/806 813/813/813
f 720/720/720 813/813/813 759/759/759
f 806/806/806 808/808/808 815/815/815
f 806/806/806 815/815/815 813/813/813
