v -0.140322 0.507391 -0.615608
v -0.137073 0.502189 -0.610023
v -0.113591 0.499435 -0.608777
v -0.117373 0.504594 -0.614045
v -0.092473 0.496619 -0.608817
v -0.096728 0.501643 -0.613603
v -0.133684 0.497415 -0.605334
v -0.109716 0.494739 -0.604433
v -0.088162 0.492072 -0.604950
v -0.120792 0.510004 -0.620350
v -0.143220 0.512802 -0.622206
v -0.123578 0.515450 -0.627807
v -0.145556 0.518205 -0.629934
v -0.100585 0.506935 -0.619440
v -0.103703 0.512287 -0.626459
v -0.167468 0.515261 -0.624552
v -0.165137 0.509908 -0.617811
v -0.193133 0.517309 -0.626933
v -0.191378 0.512024 -0.620172
v -0.169290 0.520541 -0.632421
v -0.194436 0.522446 -0.634845
v -0.162460 0.504712 -0.612059
v -0.159600 0.499898 -0.607161
v -0.189292 0.506835 -0.614391
v -0.186995 0.501987 -0.609420
v -0.127449 0.489667 -0.598283
v -0.102826 0.487240 -0.598109
v -0.106019 0.490720 -0.600898
v -0.130369 0.493286 -0.601426
v -0.080712 0.484889 -0.599472
v -0.084134 0.488209 -0.601870
v -0.156720 0.495692 -0.602980
v -0.154126 0.491957 -0.599554
v -0.184608 0.497723 -0.605089
v -0.182403 0.493898 -0.601483
v -0.152122 0.488552 -0.596924
v -0.125246 0.486418 -0.595892
v -0.151014 0.485339 -0.595127
v -0.124084 0.483402 -0.594238
v -0.180656 0.490366 -0.598687
v -0.179638 0.486981 -0.596786
v -0.100465 0.484158 -0.595998
v -0.078215 0.481969 -0.597652
v -0.099263 0.481336 -0.594502
v -0.076963 0.479305 -0.596304
v -0.045251 0.481067 -0.607950
v -0.049037 0.484036 -0.609549
v -0.065180 0.485969 -0.604813
v -0.061559 0.482829 -0.602814
v -0.053583 0.487456 -0.611572
v -0.069489 0.489614 -0.607381
v -0.058930 0.480046 -0.601260
v -0.042506 0.478395 -0.606648
v -0.057598 0.477475 -0.600029
v -0.041078 0.475865 -0.605519
v -0.028834 0.477020 -0.613638
v -0.031671 0.479612 -0.614694
v -0.017808 0.475926 -0.622055
v -0.020700 0.478472 -0.622862
v -0.027313 0.474499 -0.612618
v -0.016213 0.473397 -0.621170
v -0.035583 0.482444 -0.615900
v -0.040331 0.485687 -0.617371
v -0.024699 0.481230 -0.623687
v -0.029617 0.484397 -0.624626
v -0.063648 0.495919 -0.617467
v -0.078828 0.498661 -0.614765
v -0.074181 0.493911 -0.610640
v -0.058614 0.491484 -0.614142
v -0.045674 0.489511 -0.619222
v -0.051165 0.493692 -0.621644
v -0.035262 0.488166 -0.625776
v -0.041313 0.492293 -0.627283
v -0.056357 0.498010 -0.624826
v -0.068206 0.500566 -0.621751
v -0.059919 0.502065 -0.629177
v -0.071588 0.505181 -0.627254
v -0.047444 0.496534 -0.629294
v -0.052395 0.499916 -0.631301
v -0.083003 0.503665 -0.619931
v -0.086278 0.508726 -0.626312
v -0.125554 0.477512 -0.593152
v -0.127593 0.474349 -0.593824
v -0.103301 0.472969 -0.593669
v -0.100998 0.475897 -0.593247
v -0.081323 0.471398 -0.594968
v -0.078837 0.474170 -0.594838
v -0.130107 0.470846 -0.595376
v -0.106138 0.469692 -0.594913
v -0.084414 0.468290 -0.595840
v -0.099546 0.478634 -0.593555
v -0.124285 0.480482 -0.593307
v -0.077277 0.476756 -0.595325
v -0.151107 0.482176 -0.594203
v -0.152141 0.478941 -0.594168
v -0.179623 0.483596 -0.595866
v -0.180398 0.480112 -0.595914
v -0.153856 0.475510 -0.595038
v -0.155992 0.471759 -0.596829
v -0.181748 0.476427 -0.596920
v -0.183461 0.472442 -0.598871
v -0.135342 0.462404 -0.601487
v -0.112089 0.461641 -0.600372
v -0.109193 0.465912 -0.597069
v -0.132801 0.466859 -0.597861
v -0.091024 0.460624 -0.600452
v -0.087792 0.464696 -0.597578
v -0.158288 0.467565 -0.599556
v -0.160449 0.462943 -0.603409
v -0.185322 0.468056 -0.601756
v -0.187078 0.463289 -0.605750
v -0.162180 0.457911 -0.608578
v -0.137396 0.457495 -0.606464
v -0.163187 0.452485 -0.615251
v -0.138630 0.452147 -0.613000
v -0.188475 0.458161 -0.611027
v -0.189262 0.452690 -0.617761
v -0.114452 0.456893 -0.605057
v -0.093679 0.456083 -0.604731
v -0.115905 0.451679 -0.611361
v -0.095325 0.451084 -0.610686
v -0.056510 0.457811 -0.605378
v -0.052599 0.461471 -0.603702
v -0.068929 0.463181 -0.599787
v -0.072479 0.459320 -0.602116
v -0.048685 0.464841 -0.603036
v -0.065266 0.466630 -0.598558
v -0.075407 0.455047 -0.605859
v -0.059873 0.453893 -0.608405
v -0.077203 0.450367 -0.611329
v -0.061893 0.449682 -0.613180
v -0.047312 0.452730 -0.612336
v -0.043171 0.456178 -0.610253
v -0.037625 0.451230 -0.617749
v -0.032434 0.454396 -0.616786
v -0.049746 0.449187 -0.616129
v -0.041936 0.448970 -0.619169
v -0.038798 0.459667 -0.609329
v -0.034663 0.463053 -0.609245
v -0.027522 0.457873 -0.616674
v -0.023191 0.461396 -0.617156
v -0.042745 0.470689 -0.603559
v -0.059434 0.472403 -0.598309
v -0.062001 0.469664 -0.598114
v -0.045313 0.467888 -0.603040
v -0.031235 0.466192 -0.609683
v -0.028726 0.469122 -0.610490
v -0.019744 0.464699 -0.617974
v -0.017332 0.467794 -0.619001
v -0.027347 0.471878 -0.611519
v -0.041245 0.473323 -0.604437
v -0.016104 0.470689 -0.620109
v -0.057866 0.474967 -0.598996
v -0.359286 0.509178 -0.625258
v -0.360267 0.504253 -0.620672
v -0.332156 0.506739 -0.620784
v -0.331591 0.511855 -0.625572
v -0.303435 0.508549 -0.620584
v -0.303314 0.513798 -0.625604
v -0.361197 0.499700 -0.616736
v -0.332638 0.501966 -0.616687
v -0.303440 0.503622 -0.616288
v -0.330982 0.517059 -0.631393
v -0.358318 0.514291 -0.630830
v -0.330369 0.522092 -0.638588
v -0.357427 0.519409 -0.637723
v -0.303091 0.519060 -0.631682
v -0.302781 0.524023 -0.639149
v -0.384670 0.511129 -0.630364
v -0.385991 0.506130 -0.625011
v -0.409607 0.507948 -0.630367
v -0.411297 0.503075 -0.625182
v -0.383511 0.516314 -0.636963
v -0.408176 0.513148 -0.636716
v -0.387387 0.501423 -0.620585
v -0.388770 0.497115 -0.616766
v -0.413135 0.498579 -0.620863
v -0.415008 0.494505 -0.617111
v -0.362640 0.492063 -0.609931
v -0.333208 0.494030 -0.609675
v -0.332995 0.497796 -0.612940
v -0.362013 0.495701 -0.613115
v -0.303091 0.495469 -0.609015
v -0.303312 0.499328 -0.612386
v -0.390054 0.493313 -0.613236
v -0.391113 0.489827 -0.610099
v -0.416807 0.490902 -0.613630
v -0.418353 0.487584 -0.610499
v -0.391824 0.486470 -0.607464
v -0.363008 0.488592 -0.607307
v -0.392060 0.483053 -0.605435
v -0.363041 0.485096 -0.605366
v -0.419470 0.484362 -0.607802
v -0.419978 0.481051 -0.605621
v -0.333259 0.490471 -0.607025
v -0.302814 0.491848 -0.606309
v -0.333127 0.486921 -0.605121
v -0.302521 0.488267 -0.604406
v -0.242011 0.496035 -0.605756
v -0.243242 0.499950 -0.609360
v -0.273276 0.500026 -0.611127
v -0.272562 0.496118 -0.607630
v -0.244496 0.504302 -0.613598
v -0.273950 0.504375 -0.615207
v -0.271912 0.492465 -0.604851
v -0.240971 0.492383 -0.602917
v -0.271426 0.488877 -0.602928
v -0.240286 0.488820 -0.600974
v -0.210412 0.491664 -0.600774
v -0.211829 0.495277 -0.603629
v -0.209542 0.488165 -0.598831
v -0.213567 0.499163 -0.607282
v -0.215402 0.503480 -0.611618
v -0.246531 0.514535 -0.623845
v -0.274864 0.514644 -0.625003
v -0.274484 0.509355 -0.619731
v -0.245608 0.509266 -0.618340
v -0.217109 0.508389 -0.616522
v -0.218606 0.513614 -0.622209
v -0.219812 0.518879 -0.628893
v -0.247221 0.519804 -0.630375
v -0.220645 0.523910 -0.636788
v -0.247631 0.524769 -0.638191
v -0.275075 0.519919 -0.631324
v -0.275105 0.524861 -0.638997
v -0.362006 0.477429 -0.603965
v -0.361168 0.473221 -0.604636
v -0.331795 0.475020 -0.604816
v -0.332327 0.479225 -0.603983
v -0.301825 0.476418 -0.604373
v -0.302011 0.480595 -0.603429
v -0.360271 0.468738 -0.606309
v -0.331265 0.470537 -0.606629
v -0.301703 0.471959 -0.606284
v -0.332794 0.483182 -0.604096
v -0.362669 0.481381 -0.604230
v -0.302248 0.484530 -0.603443
v -0.391697 0.479389 -0.604119
v -0.390891 0.475466 -0.603624
v -0.419702 0.477464 -0.604036
v -0.418829 0.473595 -0.603212
v -0.389799 0.471276 -0.604058
v -0.388577 0.466808 -0.605529
v -0.417547 0.469438 -0.603309
v -0.416044 0.464989 -0.604490
v -0.358751 0.458974 -0.612908
v -0.330469 0.460712 -0.613377
v -0.330807 0.465747 -0.609455
v -0.359430 0.463963 -0.609051
v -0.301690 0.462117 -0.613149
v -0.301660 0.467175 -0.609171
v -0.387381 0.462053 -0.608144
v -0.386368 0.457109 -0.611918
v -0.414509 0.460241 -0.606917
v -0.413151 0.455326 -0.610583
v -0.385695 0.452077 -0.616867
v -0.358337 0.453846 -0.617928
v -0.385520 0.447056 -0.623006
v -0.358294 0.448659 -0.624157
v -0.412182 0.450373 -0.615481
v -0.411813 0.445514 -0.621603
v -0.330302 0.455495 -0.618477
v -0.301783 0.456837 -0.618330
v -0.330358 0.450157 -0.624837
v -0.301934 0.451386 -0.624829
v -0.243523 0.463404 -0.610294
v -0.242646 0.468384 -0.606230
v -0.272141 0.468021 -0.608014
v -0.272581 0.462983 -0.612045
v -0.241744 0.473043 -0.603256
v -0.271723 0.472761 -0.605071
v -0.272973 0.457689 -0.617300
v -0.244240 0.458136 -0.615599
v -0.273245 0.452179 -0.623914
v -0.244658 0.452611 -0.622296
v -0.215951 0.458264 -0.613438
v -0.214896 0.463475 -0.608120
v -0.216541 0.452756 -0.620177
v -0.213574 0.468363 -0.604062
v -0.212184 0.472903 -0.601101
v -0.240381 0.481369 -0.600148
v -0.271213 0.481280 -0.602054
v -0.271399 0.477163 -0.603081
v -0.240955 0.477349 -0.601221
v -0.210926 0.477072 -0.599074
v -0.209960 0.480951 -0.598005
v -0.209445 0.484621 -0.597916
v -0.240123 0.485171 -0.600059
v -0.271208 0.485167 -0.601999
v -0.525399 0.497061 -0.639362
v -0.530833 0.494216 -0.635402
v -0.515627 0.492866 -0.631621
v -0.510885 0.496146 -0.635782
v -0.498619 0.492244 -0.628417
v -0.494529 0.495919 -0.632659
v -0.536523 0.491465 -0.631855
v -0.520669 0.489827 -0.627931
v -0.502990 0.488919 -0.624655
v -0.506897 0.499671 -0.640557
v -0.520795 0.500032 -0.643782
v -0.504116 0.503447 -0.646091
v -0.517764 0.503183 -0.648855
v -0.491044 0.499919 -0.637570
v -0.488492 0.504218 -0.643339
v -0.532572 0.500789 -0.647132
v -0.538004 0.498397 -0.643445
v -0.542022 0.501931 -0.651081
v -0.548617 0.499934 -0.648224
v -0.529216 0.503244 -0.651362
v -0.537055 0.503390 -0.653212
v -0.544180 0.495950 -0.639871
v -0.550468 0.493423 -0.636550
v -0.555611 0.497723 -0.645136
v -0.562418 0.495291 -0.642137
v -0.546605 0.486043 -0.625806
v -0.529930 0.484302 -0.621481
v -0.525560 0.487023 -0.624569
v -0.541899 0.488777 -0.628672
v -0.511235 0.483209 -0.617965
v -0.507315 0.485968 -0.621187
v -0.556231 0.490793 -0.633622
v -0.561150 0.487997 -0.631053
v -0.568454 0.492634 -0.639544
v -0.573455 0.489729 -0.637335
v -0.564901 0.484976 -0.628808
v -0.550285 0.483159 -0.623210
v -0.567165 0.481668 -0.626853
v -0.552586 0.480018 -0.620837
v -0.577154 0.486553 -0.635490
v -0.579288 0.483085 -0.633990
v -0.533414 0.481516 -0.618615
v -0.514392 0.480456 -0.614944
v -0.535643 0.478511 -0.615920
v -0.516429 0.477525 -0.612077
v -0.468212 0.484061 -0.612985
v -0.465464 0.487050 -0.616213
v -0.487266 0.486051 -0.618401
v -0.490628 0.483198 -0.615145
v -0.462423 0.490305 -0.619711
v -0.483570 0.489151 -0.621905
v -0.493328 0.480391 -0.612114
v -0.470381 0.481142 -0.610040
v -0.495037 0.477435 -0.609286
v -0.471685 0.478092 -0.607386
v -0.445708 0.482525 -0.608632
v -0.444087 0.485592 -0.611449
v -0.446593 0.479347 -0.606218
v -0.441961 0.488741 -0.614622
v -0.439564 0.492162 -0.618103
v -0.456493 0.498185 -0.627740
v -0.476401 0.496649 -0.629949
v -0.479869 0.492693 -0.625680
v -0.459373 0.494025 -0.623469
v -0.437129 0.496050 -0.621844
v -0.434794 0.500377 -0.626121
v -0.432699 0.505119 -0.631211
v -0.453959 0.502760 -0.632775
v -0.430981 0.510249 -0.637391
v -0.451951 0.507725 -0.638828
v -0.473403 0.500987 -0.634935
v -0.471112 0.505679 -0.640864
v -0.552242 0.472665 -0.616843
v -0.550124 0.468500 -0.615671
v -0.533621 0.467311 -0.609767
v -0.535491 0.471403 -0.611188
v -0.514638 0.466524 -0.605547
v -0.516308 0.470567 -0.607025
v -0.547059 0.464042 -0.615350
v -0.530894 0.462870 -0.609386
v -0.512220 0.462092 -0.605240
v -0.536250 0.475138 -0.613341
v -0.553150 0.476512 -0.618640
v -0.516986 0.474231 -0.609319
v -0.567619 0.478013 -0.625152
v -0.566526 0.474046 -0.623830
v -0.579591 0.479303 -0.632814
v -0.578310 0.475240 -0.631987
v -0.564147 0.469803 -0.623011
v -0.560742 0.465321 -0.622820
v -0.575688 0.470934 -0.631535
v -0.571971 0.466419 -0.631483
v -0.539446 0.454609 -0.618115
v -0.524178 0.453246 -0.612816
v -0.527566 0.458084 -0.610353
v -0.543310 0.459313 -0.616104
v -0.506336 0.452330 -0.609277
v -0.509298 0.457264 -0.606458
v -0.556574 0.460635 -0.623381
v -0.552139 0.456071 -0.624817
v -0.567404 0.461732 -0.631856
v -0.562323 0.457211 -0.632669
v -0.547935 0.451955 -0.627252
v -0.536034 0.450223 -0.621568
v -0.545366 0.448583 -0.631362
v -0.533872 0.446443 -0.626784
v -0.557066 0.453196 -0.633936
v -0.552780 0.450390 -0.635266
v -0.521268 0.448647 -0.616922
v -0.503798 0.447578 -0.613773
v -0.519378 0.444578 -0.622820
v -0.502149 0.443300 -0.620021
v -0.463320 0.452748 -0.607981
v -0.465447 0.457700 -0.604639
v -0.488458 0.457170 -0.604746
v -0.485919 0.452206 -0.607856
v -0.467649 0.462502 -0.602790
v -0.491008 0.461997 -0.603223
v -0.483784 0.447369 -0.612577
v -0.461597 0.447866 -0.612813
v -0.482449 0.442924 -0.618937
v -0.460607 0.443279 -0.619131
v -0.437606 0.448919 -0.613955
v -0.438933 0.453830 -0.609080
v -0.436952 0.444199 -0.620166
v -0.440664 0.458758 -0.605555
v -0.442531 0.463527 -0.603395
v -0.471070 0.470998 -0.603288
v -0.494726 0.470464 -0.604514
v -0.493176 0.466424 -0.603261
v -0.469598 0.466931 -0.602440
v -0.444268 0.467963 -0.602612
v -0.445663 0.472074 -0.602977
v -0.446508 0.475866 -0.604256
v -0.471841 0.474715 -0.605036
v -0.495425 0.474130 -0.606638
v -0.074539 0.468539 -0.976406
v -0.077559 0.464390 -0.975947
v -0.095835 0.464453 -0.977698
v -0.093262 0.468583 -0.978244
v -0.115490 0.464528 -0.978485
v -0.113338 0.468646 -0.979095
v -0.081033 0.460492 -0.974896
v -0.098716 0.460542 -0.976524
v -0.117833 0.460601 -0.977223
v -0.091302 0.472804 -0.978139
v -0.072313 0.472800 -0.976233
v -0.090263 0.476985 -0.977364
v -0.071221 0.477034 -0.975387
v -0.111646 0.472836 -0.979048
v -0.110686 0.476974 -0.978336
v -0.054939 0.472820 -0.973065
v -0.057388 0.468511 -0.973323
v -0.039438 0.472860 -0.968371
v -0.042026 0.468498 -0.968733
v -0.053851 0.477111 -0.972147
v -0.038443 0.477207 -0.967382
v -0.060835 0.464331 -0.972980
v -0.064915 0.460426 -0.972098
v -0.045837 0.464267 -0.968547
v -0.050498 0.460318 -0.967892
v -0.087845 0.453829 -0.971090
v -0.104056 0.453719 -0.972312
v -0.101598 0.456982 -0.974742
v -0.084620 0.456985 -0.973292
v -0.121945 0.453639 -0.972745
v -0.120097 0.456989 -0.975316
v -0.069265 0.456942 -0.970736
v -0.073457 0.453887 -0.968883
v -0.055638 0.456796 -0.966846
v -0.060960 0.453759 -0.965446
v -0.077063 0.451273 -0.966524
v -0.090231 0.450984 -0.968242
v -0.078633 0.449016 -0.963445
v -0.091048 0.448389 -0.964650
v -0.066169 0.451259 -0.963731
v -0.070233 0.449585 -0.962133
v -0.105663 0.450701 -0.969192
v -0.123039 0.450501 -0.969492
v -0.105993 0.447874 -0.965343
v -0.123043 0.447524 -0.965536
v -0.162111 0.453786 -0.971990
v -0.161158 0.457193 -0.974692
v -0.140011 0.457060 -0.975241
v -0.141366 0.453667 -0.972586
v -0.159809 0.460828 -0.976730
v -0.138248 0.460695 -0.977228
v -0.142043 0.450462 -0.969256
v -0.162449 0.450550 -0.968622
v -0.141771 0.447391 -0.965243
v -0.161950 0.447426 -0.964587
v -0.184030 0.450733 -0.967729
v -0.183971 0.453979 -0.971113
v -0.206562 0.450980 -0.966714
v -0.206737 0.454228 -0.970111
v -0.183354 0.447582 -0.963689
v -0.205755 0.447812 -0.962673
v -0.183356 0.457382 -0.973841
v -0.182365 0.461006 -0.975913
v -0.206422 0.457623 -0.972863
v -0.205761 0.461233 -0.974966
v -0.156794 0.468843 -0.978817
v -0.134550 0.468731 -0.979221
v -0.136348 0.464624 -0.978555
v -0.158286 0.464750 -0.978105
v -0.181177 0.464914 -0.977328
v -0.179969 0.468992 -0.978081
v -0.204896 0.465125 -0.976417
v -0.203969 0.469186 -0.977208
v -0.178915 0.473126 -0.978168
v -0.155540 0.472994 -0.978865
v -0.178191 0.477201 -0.977586
v -0.154729 0.477086 -0.978248
v -0.203127 0.473299 -0.977330
v -0.202511 0.477349 -0.976776
v -0.133088 0.472898 -0.979224
v -0.132201 0.477009 -0.978564
v -0.154926 0.484881 -0.975054
v -0.155677 0.488841 -0.972556
v -0.133794 0.488757 -0.972797
v -0.132707 0.484824 -0.975301
v -0.113083 0.488723 -0.972424
v -0.111586 0.484824 -0.974960
v -0.156693 0.493014 -0.969509
v -0.135233 0.492857 -0.969776
v -0.115037 0.492728 -0.969405
v -0.132125 0.480946 -0.977240
v -0.154567 0.481005 -0.976964
v -0.110726 0.480939 -0.976952
v -0.177974 0.481102 -0.976329
v -0.178155 0.484969 -0.974431
v -0.202266 0.481223 -0.975537
v -0.202308 0.485067 -0.973645
v -0.178631 0.488941 -0.971925
v -0.179295 0.493158 -0.968846
v -0.202554 0.489025 -0.971132
v -0.202919 0.493245 -0.968028
v -0.159012 0.502176 -0.961776
v -0.138539 0.501707 -0.962224
v -0.136871 0.497239 -0.966288
v -0.157843 0.497530 -0.965954
v -0.119531 0.501165 -0.962008
v -0.117267 0.496932 -0.965968
v -0.180041 0.497757 -0.965227
v -0.180788 0.502521 -0.960946
v -0.203321 0.497872 -0.964366
v -0.203704 0.502691 -0.960017
v -0.181455 0.507228 -0.955882
v -0.160082 0.506739 -0.956860
v -0.181962 0.511659 -0.949916
v -0.160937 0.511005 -0.951093
v -0.204013 0.507486 -0.954851
v -0.204193 0.512043 -0.948739
v -0.140069 0.506066 -0.957476
v -0.121590 0.505255 -0.957420
v -0.141292 0.510118 -0.951933
v -0.123203 0.509033 -0.952100
v -0.086683 0.500082 -0.958714
v -0.082853 0.496448 -0.962482
v -0.099174 0.496656 -0.964733
v -0.102151 0.500598 -0.960843
v -0.079083 0.492678 -0.965885
v -0.096227 0.492668 -0.968156
v -0.104821 0.504354 -0.956384
v -0.090166 0.503462 -0.954526
v -0.106846 0.507787 -0.951257
v -0.092670 0.506480 -0.949743
v -0.078031 0.502680 -0.952002
v -0.073412 0.499693 -0.955608
v -0.068643 0.502308 -0.948479
v -0.062578 0.499556 -0.951385
v -0.081123 0.505213 -0.947901
v -0.073516 0.504228 -0.946292
v -0.068564 0.496345 -0.959115
v -0.063890 0.492758 -0.962451
v -0.056567 0.496383 -0.954530
v -0.050928 0.492908 -0.957711
v -0.073207 0.485041 -0.971659
v -0.091650 0.484904 -0.973818
v -0.093647 0.488772 -0.971211
v -0.075785 0.488888 -0.968977
v -0.059795 0.489052 -0.965541
v -0.056566 0.485216 -0.968266
v -0.045976 0.489247 -0.960719
v -0.042032 0.485406 -0.963423
v -0.054489 0.481239 -0.970508
v -0.071603 0.481102 -0.973829
v -0.039414 0.481391 -0.965688
v -0.090450 0.480996 -0.975896
v -0.355035 0.455712 -0.970230
v -0.356865 0.459080 -0.972980
v -0.330782 0.458983 -0.971693
v -0.329415 0.455595 -0.968877
v -0.304918 0.458786 -0.970927
v -0.303968 0.455384 -0.968071
v -0.358669 0.462514 -0.975078
v -0.332071 0.462480 -0.973859
v -0.305733 0.462334 -0.973134
v -0.328068 0.452266 -0.965422
v -0.353340 0.452370 -0.966824
v -0.326841 0.448949 -0.961340
v -0.351940 0.449011 -0.962763
v -0.302924 0.452072 -0.964587
v -0.301826 0.448791 -0.960491
v -0.378545 0.452341 -0.968637
v -0.380625 0.455697 -0.971986
v -0.403489 0.452141 -0.970704
v -0.405983 0.455512 -0.974001
v -0.376934 0.448941 -0.964591
v -0.401633 0.448697 -0.966656
v -0.382951 0.459042 -0.974657
v -0.385298 0.462409 -0.976674
v -0.408826 0.458836 -0.976594
v -0.411730 0.462142 -0.978531
v -0.361614 0.469619 -0.977317
v -0.334062 0.469856 -0.976201
v -0.333184 0.466137 -0.975364
v -0.360287 0.466055 -0.976525
v -0.306826 0.469940 -0.975545
v -0.306373 0.466088 -0.974677
v -0.387441 0.465832 -0.978058
v -0.389226 0.469238 -0.978805
v -0.414404 0.465458 -0.979857
v -0.416643 0.468723 -0.980573
v -0.390498 0.472553 -0.978913
v -0.362545 0.473119 -0.977450
v -0.391101 0.475706 -0.978380
v -0.362973 0.476472 -0.976918
v -0.418242 0.471876 -0.980676
v -0.418994 0.474855 -0.980167
v -0.334649 0.473541 -0.976363
v -0.307080 0.473785 -0.975731
v -0.334889 0.477094 -0.975845
v -0.307125 0.477517 -0.975227
v -0.254103 0.469674 -0.975765
v -0.254397 0.465672 -0.974908
v -0.280097 0.465918 -0.974568
v -0.280160 0.469862 -0.975441
v -0.254570 0.461816 -0.973382
v -0.279883 0.462101 -0.973022
v -0.280104 0.473820 -0.975631
v -0.253760 0.473709 -0.975943
v -0.279961 0.477682 -0.975127
v -0.253440 0.477662 -0.975430
v -0.228088 0.473514 -0.976549
v -0.228694 0.469431 -0.976395
v -0.227609 0.477527 -0.976019
v -0.229316 0.465393 -0.975567
v -0.229847 0.461515 -0.974076
v -0.254280 0.454821 -0.968369
v -0.278896 0.455118 -0.967957
v -0.279486 0.458522 -0.970812
v -0.254551 0.458222 -0.971197
v -0.230175 0.457913 -0.971931
v -0.230200 0.454517 -0.969142
v -0.229818 0.451258 -0.965715
v -0.253697 0.451547 -0.964910
v -0.228927 0.448069 -0.961661
v -0.252745 0.448331 -0.960836
v -0.278100 0.451825 -0.964475
v -0.277087 0.448578 -0.960385
v -0.362143 0.482671 -0.973899
v -0.361150 0.485907 -0.971506
v -0.333498 0.487109 -0.970371
v -0.334231 0.483698 -0.972799
v -0.306075 0.488066 -0.969714
v -0.306587 0.484491 -0.972170
v -0.359951 0.489493 -0.968588
v -0.332604 0.490830 -0.967407
v -0.305449 0.491924 -0.966705
v -0.334722 0.480420 -0.974641
v -0.362795 0.479591 -0.975719
v -0.306949 0.481030 -0.974024
v -0.390881 0.478623 -0.977204
v -0.390026 0.481513 -0.975424
v -0.418693 0.477601 -0.979043
v -0.417588 0.480330 -0.977328
v -0.388728 0.484583 -0.973078
v -0.387174 0.488041 -0.970206
v -0.415926 0.483259 -0.975045
v -0.413954 0.486606 -0.972216
v -0.357359 0.498234 -0.961136
v -0.330590 0.499662 -0.959839
v -0.331629 0.495044 -0.963957
v -0.358679 0.493624 -0.965193
v -0.303966 0.500872 -0.958997
v -0.304745 0.496230 -0.963190
v -0.385555 0.492097 -0.966846
v -0.383913 0.496699 -0.962817
v -0.411920 0.490589 -0.968863
v -0.409891 0.495165 -0.964813
v -0.382291 0.501795 -0.957932
v -0.356017 0.503257 -0.956231
v -0.380733 0.507335 -0.952010
v -0.354681 0.508625 -0.950294
v -0.407936 0.500294 -0.959889
v -0.406123 0.505933 -0.953918
v -0.329498 0.504597 -0.954875
v -0.303116 0.505737 -0.953955
v -0.328369 0.509763 -0.948883
v -0.302200 0.510713 -0.947889
v -0.252351 0.502333 -0.958799
v -0.252591 0.497571 -0.963127
v -0.278362 0.497055 -0.962946
v -0.277847 0.501753 -0.958679
v -0.252772 0.493056 -0.966758
v -0.278807 0.492643 -0.966525
v -0.277254 0.506594 -0.953559
v -0.252035 0.507171 -0.953622
v -0.276577 0.511435 -0.947426
v -0.251621 0.511911 -0.947446
v -0.227580 0.507468 -0.954075
v -0.227598 0.502637 -0.959273
v -0.227453 0.512120 -0.947900
v -0.227541 0.497826 -0.963634
v -0.227444 0.493234 -0.967296
v -0.253051 0.485135 -0.972342
v -0.279504 0.484942 -0.972056
v -0.279186 0.488658 -0.969576
v -0.252914 0.488962 -0.969842
v -0.227342 0.489058 -0.970399
v -0.227296 0.485149 -0.972910
v -0.227365 0.481355 -0.974795
v -0.253215 0.481419 -0.974217
v -0.279761 0.481337 -0.973921
v -0.534837 0.455023 -0.972065
v -0.539746 0.458076 -0.973090
v -0.522933 0.457614 -0.977550
v -0.518139 0.454470 -0.975971
v -0.503628 0.457409 -0.980299
v -0.499009 0.454189 -0.978297
v -0.544550 0.461170 -0.973597
v -0.527756 0.460738 -0.978539
v -0.508327 0.460569 -0.981677
v -0.514012 0.451341 -0.973512
v -0.530474 0.452096 -0.970188
v -0.511193 0.448261 -0.969885
v -0.527587 0.449369 -0.967046
v -0.495028 0.450913 -0.975451
v -0.492246 0.447583 -0.971540
v -0.543817 0.453044 -0.965793
v -0.548727 0.455722 -0.966853
v -0.553885 0.453792 -0.960506
v -0.559541 0.456379 -0.960573
v -0.540693 0.450755 -0.963395
v -0.549043 0.451953 -0.960093
v -0.553776 0.458684 -0.967210
v -0.558454 0.461767 -0.967188
v -0.564734 0.459325 -0.960200
v -0.569209 0.462428 -0.959648
v -0.551695 0.467193 -0.974062
v -0.535294 0.466792 -0.979611
v -0.531967 0.463807 -0.979227
v -0.548603 0.464218 -0.973923
v -0.515968 0.466675 -0.983221
v -0.512546 0.463668 -0.982651
v -0.562251 0.464808 -0.967115
v -0.565032 0.467783 -0.966980
v -0.572710 0.465484 -0.959178
v -0.575164 0.468470 -0.958766
v -0.566661 0.470670 -0.966771
v -0.553622 0.470071 -0.974011
v -0.567004 0.473442 -0.966479
v -0.554175 0.472825 -0.973765
v -0.576497 0.471363 -0.958392
v -0.576635 0.474142 -0.958032
v -0.537465 0.469666 -0.979690
v -0.518276 0.469557 -0.983385
v -0.538206 0.472401 -0.979462
v -0.519156 0.472282 -0.983142
v -0.469542 0.467446 -0.984048
v -0.466492 0.464358 -0.983344
v -0.490542 0.463896 -0.983822
v -0.493856 0.466934 -0.984489
v -0.462830 0.461181 -0.982102
v -0.486523 0.460763 -0.982674
v -0.496143 0.469841 -0.984674
v -0.471681 0.470401 -0.984214
v -0.497081 0.472579 -0.984376
v -0.472611 0.473181 -0.983841
v -0.445508 0.471119 -0.982662
v -0.443609 0.468084 -0.982532
v -0.446373 0.473977 -0.982212
v -0.440933 0.464923 -0.981821
v -0.437736 0.461687 -0.980530
v -0.454987 0.454664 -0.977886
v -0.477823 0.454304 -0.978772
v -0.482121 0.457571 -0.981045
v -0.458856 0.457958 -0.980321
v -0.434276 0.458427 -0.978660
v -0.430905 0.455117 -0.976131
v -0.427977 0.451730 -0.972868
v -0.451642 0.451276 -0.974680
v -0.425845 0.448241 -0.968790
v -0.449240 0.447771 -0.970587
v -0.474115 0.450948 -0.975690
v -0.471484 0.447486 -0.971639
v -0.550848 0.477992 -0.972556
v -0.547587 0.480615 -0.971353
v -0.531664 0.480165 -0.976488
v -0.534944 0.477510 -0.977972
v -0.512884 0.480032 -0.979603
v -0.516068 0.477346 -0.981344
v -0.543674 0.483404 -0.969594
v -0.527768 0.483076 -0.974362
v -0.509130 0.483054 -0.977177
v -0.537245 0.474969 -0.978927
v -0.553147 0.475430 -0.973320
v -0.518289 0.474821 -0.982493
v -0.565924 0.476078 -0.966092
v -0.563667 0.478651 -0.965494
v -0.575504 0.476784 -0.957664
v -0.573288 0.479345 -0.957187
v -0.560480 0.481235 -0.964568
v -0.556610 0.483906 -0.963197
v -0.570172 0.481883 -0.956498
v -0.566339 0.484452 -0.955498
v -0.535111 0.489726 -0.963924
v -0.519514 0.490029 -0.967723
v -0.523618 0.486383 -0.971485
v -0.539417 0.486464 -0.967156
v -0.501332 0.490577 -0.969878
v -0.505196 0.486586 -0.973975
v -0.552301 0.486738 -0.961264
v -0.547719 0.489629 -0.958742
v -0.561974 0.487111 -0.954083
v -0.557052 0.489751 -0.952335
v -0.543031 0.492478 -0.955603
v -0.531047 0.493118 -0.959780
v -0.539518 0.495180 -0.951346
v -0.527798 0.496569 -0.954487
v -0.551549 0.492263 -0.950336
v -0.546700 0.494207 -0.948562
v -0.515758 0.493958 -0.962946
v -0.497786 0.494976 -0.964768
v -0.512649 0.498114 -0.957020
v -0.494809 0.499731 -0.958526
v -0.458730 0.492477 -0.969006
v -0.461735 0.488065 -0.973222
v -0.484445 0.487166 -0.974352
v -0.480966 0.491407 -0.970126
v -0.464799 0.484247 -0.976626
v -0.487995 0.483468 -0.977713
v -0.477757 0.496146 -0.964912
v -0.455931 0.497441 -0.963840
v -0.475013 0.501338 -0.958589
v -0.453486 0.502918 -0.957588
v -0.432570 0.498833 -0.962012
v -0.434934 0.493744 -0.967055
v -0.430448 0.504455 -0.955904
v -0.437437 0.489225 -0.971190
v -0.439974 0.485317 -0.974575
v -0.470303 0.478299 -0.981446
v -0.494334 0.477640 -0.982270
v -0.491420 0.480359 -0.980330
v -0.467773 0.481062 -0.979357
v -0.442441 0.482057 -0.977366
v -0.444534 0.479227 -0.979567
v -0.445946 0.476606 -0.981182
v -0.472034 0.475743 -0.982930
v -0.496350 0.475113 -0.983597
v -0.137882 0.440630 -0.631220
v -0.136375 0.435358 -0.642587
v -0.113685 0.435174 -0.640726
v -0.115240 0.440358 -0.629361
v -0.092990 0.435234 -0.639560
v -0.094638 0.440197 -0.628265
v -0.134431 0.431008 -0.655247
v -0.111692 0.430924 -0.653446
v -0.090928 0.431207 -0.652305
v -0.116074 0.446013 -0.619517
v -0.138713 0.446376 -0.621305
v -0.115905 0.451679 -0.611361
v -0.138630 0.452147 -0.613000
v -0.095531 0.445635 -0.618586
v -0.095325 0.451084 -0.610686
v -0.163174 0.446683 -0.623619
v -0.162343 0.440933 -0.633535
v -0.189183 0.446896 -0.626128
v -0.188404 0.441187 -0.635997
v -0.163187 0.452485 -0.615251
v -0.189262 0.452690 -0.617761
v -0.160896 0.435663 -0.644855
v -0.159034 0.431302 -0.657432
v -0.187085 0.435968 -0.647238
v -0.185390 0.431647 -0.659721
v -0.130178 0.426147 -0.684182
v -0.107474 0.426331 -0.682674
v -0.109542 0.428069 -0.667355
v -0.132287 0.428030 -0.669042
v -0.086814 0.427073 -0.681854
v -0.088795 0.428579 -0.666336
v -0.156958 0.428278 -0.671122
v -0.154883 0.426318 -0.686102
v -0.183483 0.428629 -0.673316
v -0.181544 0.426644 -0.688160
v -0.153020 0.425146 -0.702551
v -0.128336 0.425082 -0.700876
v -0.151584 0.424491 -0.720647
v -0.126995 0.424559 -0.719333
v -0.179755 0.425417 -0.704391
v -0.178297 0.424679 -0.722144
v -0.105725 0.425433 -0.699625
v -0.085209 0.426410 -0.699061
v -0.104533 0.425097 -0.718429
v -0.084202 0.426314 -0.718159
v -0.051795 0.430854 -0.682943
v -0.053545 0.431645 -0.667001
v -0.070117 0.429746 -0.666264
v -0.068241 0.428571 -0.681997
v -0.055681 0.433484 -0.652707
v -0.072250 0.432018 -0.652106
v -0.066809 0.428222 -0.699444
v -0.050563 0.430847 -0.700593
v -0.066006 0.428425 -0.718749
v -0.049982 0.431363 -0.720009
v -0.036510 0.434265 -0.702327
v -0.037515 0.433947 -0.684537
v -0.024686 0.438455 -0.704465
v -0.025439 0.437879 -0.686620
v -0.036168 0.435063 -0.721751
v -0.024600 0.439462 -0.723784
v -0.039115 0.434356 -0.668407
v -0.041245 0.435734 -0.653964
v -0.026864 0.437954 -0.670345
v -0.028965 0.438897 -0.655737
v -0.060253 0.440661 -0.629072
v -0.076298 0.440229 -0.628243
v -0.074453 0.435661 -0.639382
v -0.058069 0.436632 -0.640002
v -0.043836 0.438328 -0.641234
v -0.046538 0.441700 -0.630534
v -0.031749 0.440926 -0.642889
v -0.035060 0.443623 -0.632200
v -0.048998 0.445415 -0.622181
v -0.061774 0.445141 -0.620100
v -0.049746 0.449187 -0.616129
v -0.061893 0.449682 -0.613180
v -0.038741 0.446568 -0.624066
v -0.041936 0.448970 -0.619169
v -0.077358 0.445279 -0.618841
v -0.077203 0.450367 -0.611329
v -0.126415 0.424247 -0.761589
v -0.126977 0.424331 -0.784225
v -0.105237 0.425416 -0.784647
v -0.104411 0.425180 -0.761598
v -0.085575 0.427274 -0.785169
v -0.084521 0.426869 -0.761922
v -0.127977 0.424491 -0.807093
v -0.106492 0.425659 -0.807795
v -0.087044 0.427601 -0.808380
v -0.104136 0.425043 -0.739306
v -0.126387 0.424302 -0.739765
v -0.084018 0.426508 -0.739349
v -0.150788 0.424076 -0.740568
v -0.150563 0.423866 -0.761823
v -0.177353 0.424155 -0.741557
v -0.176887 0.423830 -0.762227
v -0.150838 0.423821 -0.783922
v -0.151546 0.423904 -0.806375
v -0.176864 0.423686 -0.783755
v -0.177250 0.423706 -0.805739
v -0.131063 0.424988 -0.851237
v -0.109997 0.426058 -0.851939
v -0.108055 0.425815 -0.830383
v -0.129314 0.424662 -0.829612
v -0.090886 0.427855 -0.852180
v -0.088793 0.427727 -0.830846
v -0.152617 0.424077 -0.828691
v -0.154119 0.424460 -0.850265
v -0.178009 0.423872 -0.827776
v -0.179203 0.424286 -0.849216
v -0.156123 0.425171 -0.870489
v -0.133298 0.425613 -0.871421
v -0.158696 0.426329 -0.888759
v -0.136093 0.426680 -0.889619
v -0.180891 0.425049 -0.869406
v -0.183133 0.426261 -0.887696
v -0.112394 0.426558 -0.871992
v -0.093391 0.428186 -0.871994
v -0.115320 0.427487 -0.890069
v -0.096371 0.428924 -0.889899
v -0.058383 0.434069 -0.850873
v -0.056126 0.434251 -0.830489
v -0.071482 0.430588 -0.830846
v -0.073694 0.430567 -0.851767
v -0.054141 0.434232 -0.808934
v -0.069582 0.430512 -0.808748
v -0.076266 0.430681 -0.871217
v -0.060941 0.433946 -0.869883
v -0.079243 0.431164 -0.888900
v -0.063830 0.434141 -0.887317
v -0.047338 0.437887 -0.868213
v -0.044912 0.438238 -0.849671
v -0.035379 0.442408 -0.866427
v -0.033244 0.442950 -0.848333
v -0.050026 0.437791 -0.885393
v -0.037725 0.442049 -0.883372
v -0.042726 0.438570 -0.829884
v -0.040757 0.438606 -0.808970
v -0.031284 0.443398 -0.829138
v -0.029463 0.443476 -0.808889
v -0.051036 0.432997 -0.763616
v -0.066713 0.429519 -0.762631
v -0.067946 0.430104 -0.785770
v -0.052400 0.433754 -0.786410
v -0.038983 0.438072 -0.787045
v -0.037538 0.437169 -0.764764
v -0.027744 0.442906 -0.787632
v -0.026268 0.441903 -0.765965
v -0.036555 0.436099 -0.742781
v -0.050185 0.432139 -0.741249
v -0.025173 0.440683 -0.744483
v -0.066021 0.428908 -0.740051
v -0.086521 0.443731 -0.954676
v -0.082665 0.441604 -0.947748
v -0.098430 0.440212 -0.948253
v -0.101963 0.442634 -0.955103
v -0.115725 0.439253 -0.948460
v -0.119077 0.441900 -0.955240
v -0.078482 0.439609 -0.939234
v -0.094436 0.437917 -0.939945
v -0.111871 0.436716 -0.940298
v -0.104622 0.445187 -0.960723
v -0.089563 0.445982 -0.960219
v -0.105993 0.447874 -0.965343
v -0.091048 0.448389 -0.964650
v -0.121619 0.444657 -0.960859
v -0.123043 0.447524 -0.965536
v -0.076716 0.447036 -0.959434
v -0.072807 0.445221 -0.954114
v -0.066057 0.448527 -0.959002
v -0.060807 0.447181 -0.953710
v -0.078633 0.449016 -0.963445
v -0.070233 0.449585 -0.962133
v -0.068401 0.443461 -0.947109
v -0.063956 0.441812 -0.938322
v -0.055609 0.445820 -0.946500
v -0.050806 0.444547 -0.937366
v -0.070639 0.436155 -0.916843
v -0.086433 0.433816 -0.918173
v -0.090395 0.435745 -0.929950
v -0.074456 0.437757 -0.928932
v -0.103772 0.432101 -0.918996
v -0.107826 0.434291 -0.930535
v -0.059930 0.440329 -0.927657
v -0.056288 0.439104 -0.915214
v -0.046737 0.443466 -0.926303
v -0.043283 0.442645 -0.913494
v -0.052998 0.438228 -0.901093
v -0.067080 0.434914 -0.902971
v -0.040319 0.442150 -0.899122
v -0.082674 0.432249 -0.904521
v -0.099892 0.430270 -0.905509
v -0.143351 0.430452 -0.918671
v -0.147341 0.432922 -0.930018
v -0.126827 0.433391 -0.930508
v -0.122756 0.431027 -0.919104
v -0.151257 0.435624 -0.939578
v -0.130841 0.435987 -0.940133
v -0.118847 0.429018 -0.905699
v -0.139523 0.428332 -0.905287
v -0.161909 0.428053 -0.904467
v -0.165526 0.430234 -0.917866
v -0.185992 0.428022 -0.903433
v -0.189247 0.430231 -0.916865
v -0.169311 0.432760 -0.929212
v -0.173030 0.435522 -0.938756
v -0.192679 0.432784 -0.928236
v -0.196071 0.435577 -0.937794
v -0.157970 0.441356 -0.954292
v -0.137803 0.441499 -0.954933
v -0.134578 0.438692 -0.948203
v -0.154862 0.438440 -0.947596
v -0.176447 0.438408 -0.946752
v -0.179409 0.441396 -0.953425
v -0.199203 0.438508 -0.945785
v -0.201947 0.441545 -0.952440
v -0.181762 0.444462 -0.958996
v -0.160395 0.444356 -0.959883
v -0.183354 0.447582 -0.963689
v -0.161950 0.447426 -0.964587
v -0.204174 0.444657 -0.957993
v -0.205755 0.447812 -0.962673
v -0.140279 0.444401 -0.960541
v -0.141771 0.447391 -0.965243
v -0.359475 0.438601 -0.640417
v -0.360391 0.434263 -0.650507
v -0.331714 0.435010 -0.651940
v -0.331174 0.439613 -0.641576
v -0.302444 0.435640 -0.652725
v -0.302324 0.440456 -0.642073
v -0.361318 0.430738 -0.661945
v -0.332196 0.431256 -0.663624
v -0.302435 0.431699 -0.664667
v -0.330685 0.444763 -0.632539
v -0.358724 0.443489 -0.631643
v -0.330358 0.450157 -0.624837
v -0.358294 0.448659 -0.624157
v -0.302134 0.445815 -0.632759
v -0.301934 0.451386 -0.624829
v -0.385999 0.442144 -0.630351
v -0.386940 0.437563 -0.638954
v -0.412255 0.440879 -0.628943
v -0.413283 0.436638 -0.637549
v -0.385520 0.447056 -0.623006
v -0.411813 0.445514 -0.621603
v -0.388152 0.433535 -0.648870
v -0.389440 0.430281 -0.660151
v -0.414673 0.432961 -0.647472
v -0.416203 0.430016 -0.658761
v -0.362644 0.426684 -0.688969
v -0.332602 0.426942 -0.690940
v -0.332509 0.428653 -0.676621
v -0.362100 0.428293 -0.674761
v -0.301848 0.427167 -0.692294
v -0.302237 0.428964 -0.677853
v -0.390612 0.428022 -0.672850
v -0.391537 0.426535 -0.686994
v -0.417647 0.427974 -0.671466
v -0.418845 0.426637 -0.685626
v -0.392083 0.425596 -0.702606
v -0.362855 0.425665 -0.704582
v -0.392117 0.424983 -0.719713
v -0.362640 0.424994 -0.721614
v -0.419634 0.425810 -0.701279
v -0.419853 0.425294 -0.718463
v -0.332425 0.425864 -0.706587
v -0.301264 0.426040 -0.708005
v -0.331927 0.425160 -0.723573
v -0.300483 0.425313 -0.724998
v -0.240059 0.427126 -0.691592
v -0.241361 0.429062 -0.676954
v -0.271683 0.429092 -0.677876
v -0.270818 0.427218 -0.692421
v -0.242551 0.431988 -0.663526
v -0.272393 0.431935 -0.664553
v -0.269845 0.426040 -0.708217
v -0.238739 0.425907 -0.707501
v -0.268810 0.425285 -0.725297
v -0.237497 0.425132 -0.724740
v -0.208518 0.425685 -0.706133
v -0.210118 0.426924 -0.690081
v -0.207131 0.424911 -0.723598
v -0.211789 0.428899 -0.675347
v -0.213390 0.431884 -0.661834
v -0.244248 0.441260 -0.640219
v -0.273212 0.440990 -0.641549
v -0.272901 0.436019 -0.652418
v -0.243532 0.436178 -0.651248
v -0.214778 0.436151 -0.649445
v -0.215842 0.441311 -0.638296
v -0.216467 0.446976 -0.628502
v -0.244642 0.446862 -0.630535
v -0.216541 0.452756 -0.620177
v -0.244658 0.452611 -0.622296
v -0.273325 0.446495 -0.632022
v -0.273245 0.452179 -0.623914
v -0.360823 0.423996 -0.759734
v -0.359576 0.423741 -0.780335
v -0.328792 0.423859 -0.781711
v -0.329964 0.424127 -0.761359
v -0.297387 0.424012 -0.782874
v -0.298430 0.424278 -0.762650
v -0.358339 0.423696 -0.801638
v -0.327691 0.423796 -0.802736
v -0.296483 0.423941 -0.803739
v -0.331058 0.424571 -0.741905
v -0.361903 0.424426 -0.740079
v -0.299500 0.424719 -0.743286
v -0.391507 0.424471 -0.738339
v -0.390458 0.424092 -0.758219
v -0.419339 0.424894 -0.737216
v -0.418318 0.424621 -0.757259
v -0.389171 0.423878 -0.779088
v -0.387850 0.423861 -0.800680
v -0.417013 0.424489 -0.778311
v -0.415648 0.424509 -0.800094
v -0.356349 0.424402 -0.844906
v -0.326098 0.424444 -0.845422
v -0.326806 0.423970 -0.824211
v -0.357289 0.423898 -0.823401
v -0.295431 0.424525 -0.846034
v -0.295834 0.424087 -0.825027
v -0.386698 0.424073 -0.822729
v -0.385602 0.424566 -0.844522
v -0.414447 0.424695 -0.822326
v -0.413269 0.425107 -0.844307
v -0.384448 0.425393 -0.865344
v -0.355442 0.425263 -0.865437
v -0.383123 0.426607 -0.884479
v -0.354489 0.426537 -0.884277
v -0.411972 0.425809 -0.865333
v -0.410414 0.426860 -0.884702
v -0.325526 0.425286 -0.865658
v -0.295270 0.425331 -0.866051
v -0.325050 0.426559 -0.884205
v -0.295343 0.426581 -0.884374
v -0.235084 0.424369 -0.847450
v -0.234689 0.423945 -0.826362
v -0.264958 0.424050 -0.825721
v -0.264936 0.424475 -0.846705
v -0.234665 0.423802 -0.804885
v -0.265295 0.423912 -0.804413
v -0.265245 0.425269 -0.866663
v -0.235885 0.425160 -0.867453
v -0.265906 0.426512 -0.884894
v -0.237130 0.426402 -0.885678
v -0.207622 0.425066 -0.868381
v -0.206348 0.424281 -0.848282
v -0.209409 0.426302 -0.886641
v -0.205536 0.423857 -0.827024
v -0.205136 0.423703 -0.805285
v -0.235575 0.424100 -0.763117
v -0.266773 0.424242 -0.763163
v -0.265925 0.423981 -0.783482
v -0.234973 0.423856 -0.783713
v -0.205098 0.423728 -0.783745
v -0.205418 0.423936 -0.762732
v -0.206097 0.424329 -0.742574
v -0.236429 0.424528 -0.743369
v -0.267760 0.424681 -0.743690
v -0.352341 0.430442 -0.914891
v -0.351396 0.432969 -0.926980
v -0.324156 0.433090 -0.926116
v -0.324316 0.430529 -0.914267
v -0.296824 0.433126 -0.925656
v -0.296147 0.430558 -0.913999
v -0.350707 0.435811 -0.937133
v -0.324202 0.435944 -0.936066
v -0.297649 0.435973 -0.935449
v -0.324630 0.428329 -0.900353
v -0.353414 0.428281 -0.900709
v -0.295644 0.428350 -0.900297
v -0.381515 0.428260 -0.901213
v -0.379813 0.430322 -0.915691
v -0.408453 0.428324 -0.901712
v -0.406322 0.430197 -0.916489
v -0.378207 0.432765 -0.928058
v -0.376889 0.435558 -0.938457
v -0.404253 0.432479 -0.929157
v -0.402477 0.435167 -0.939843
v -0.350488 0.442205 -0.952385
v -0.325049 0.442260 -0.951050
v -0.324503 0.439023 -0.944284
v -0.350398 0.438916 -0.945508
v -0.299629 0.442209 -0.950249
v -0.298595 0.439019 -0.943556
v -0.376049 0.438671 -0.947035
v -0.375740 0.442006 -0.954065
v -0.401227 0.438259 -0.948670
v -0.400602 0.441629 -0.955904
v -0.376017 0.445462 -0.959826
v -0.350996 0.445596 -0.958043
v -0.376934 0.448941 -0.964591
v -0.351940 0.449011 -0.962763
v -0.400704 0.445151 -0.961812
v -0.401633 0.448697 -0.966656
v -0.325832 0.445591 -0.956642
v -0.300717 0.445485 -0.955803
v -0.326841 0.448949 -0.961340
v -0.301826 0.448791 -0.960491
v -0.249635 0.441916 -0.950631
v -0.247639 0.438802 -0.943992
v -0.272905 0.438936 -0.943517
v -0.274432 0.442085 -0.950170
v -0.245456 0.435809 -0.935990
v -0.271321 0.435917 -0.935479
v -0.275845 0.445316 -0.955705
v -0.251364 0.445106 -0.956161
v -0.277087 0.448578 -0.960385
v -0.252745 0.448331 -0.960836
v -0.227424 0.444879 -0.956986
v -0.225415 0.441727 -0.951448
v -0.228927 0.448069 -0.961661
v -0.223003 0.438649 -0.944806
v -0.220293 0.435684 -0.936817
v -0.240918 0.430405 -0.914923
v -0.268244 0.430504 -0.914264
v -0.269736 0.433077 -0.925793
v -0.243166 0.432979 -0.926372
v -0.217389 0.432869 -0.927238
v -0.214481 0.430301 -0.915837
v -0.211758 0.428080 -0.902382
v -0.238857 0.428182 -0.901430
v -0.266936 0.428286 -0.900696
v -0.534969 0.441421 -0.643232
v -0.536803 0.439906 -0.653986
v -0.521345 0.437008 -0.651277
v -0.519846 0.438831 -0.640214
v -0.503890 0.434847 -0.648984
v -0.502552 0.436984 -0.637813
v -0.538808 0.438956 -0.666091
v -0.523116 0.435790 -0.663628
v -0.505510 0.433324 -0.661424
v -0.519047 0.441330 -0.630656
v -0.533754 0.443554 -0.634085
v -0.519378 0.444578 -0.622820
v -0.533872 0.446443 -0.626784
v -0.501852 0.439785 -0.628096
v -0.502149 0.443300 -0.620021
v -0.545839 0.446247 -0.637827
v -0.547958 0.444644 -0.646375
v -0.555648 0.449473 -0.640717
v -0.558973 0.448459 -0.649002
v -0.545366 0.448583 -0.631362
v -0.552780 0.450390 -0.635266
v -0.550329 0.443472 -0.656736
v -0.552612 0.442757 -0.668562
v -0.561992 0.447637 -0.659150
v -0.564560 0.447127 -0.670788
v -0.541934 0.438562 -0.693620
v -0.526075 0.434909 -0.691595
v -0.524730 0.435103 -0.677050
v -0.540536 0.438516 -0.679288
v -0.508369 0.431911 -0.689607
v -0.507055 0.432366 -0.674945
v -0.554471 0.442523 -0.681505
v -0.555914 0.442763 -0.695595
v -0.566537 0.447048 -0.683543
v -0.567988 0.447403 -0.697436
v -0.556951 0.443469 -0.710864
v -0.542950 0.439074 -0.709127
v -0.557591 0.444631 -0.727341
v -0.543531 0.440027 -0.725852
v -0.568981 0.448201 -0.712488
v -0.569583 0.449445 -0.728721
v -0.527042 0.435166 -0.707316
v -0.509295 0.431896 -0.705471
v -0.527520 0.435835 -0.724266
v -0.509678 0.432258 -0.722595
v -0.467447 0.428116 -0.686275
v -0.466095 0.429056 -0.671810
v -0.487510 0.430383 -0.673130
v -0.488843 0.429678 -0.687742
v -0.464519 0.430578 -0.658655
v -0.485958 0.431623 -0.659732
v -0.489774 0.429413 -0.703629
v -0.468386 0.427630 -0.702106
v -0.490123 0.429496 -0.720850
v -0.468723 0.427469 -0.719360
v -0.445037 0.426458 -0.701217
v -0.444132 0.427134 -0.685478
v -0.445344 0.426096 -0.718455
v -0.442808 0.428286 -0.671187
v -0.441248 0.430079 -0.658297
v -0.461536 0.435702 -0.636158
v -0.483049 0.435991 -0.636519
v -0.484369 0.433490 -0.647485
v -0.462908 0.432809 -0.646752
v -0.439634 0.432676 -0.646756
v -0.438214 0.435968 -0.636559
v -0.437237 0.439845 -0.627698
v -0.460678 0.439208 -0.626932
v -0.436952 0.444199 -0.620166
v -0.460607 0.443279 -0.619131
v -0.482306 0.439133 -0.626960
v -0.482449 0.442924 -0.618937
v -0.543326 0.442887 -0.762846
v -0.542730 0.444184 -0.782643
v -0.525979 0.439030 -0.781875
v -0.526833 0.438029 -0.761778
v -0.507459 0.434408 -0.780959
v -0.508553 0.433721 -0.760574
v -0.541930 0.444987 -0.802992
v -0.524990 0.439619 -0.802556
v -0.506287 0.434792 -0.801963
v -0.527399 0.436877 -0.742498
v -0.543625 0.441399 -0.743837
v -0.509362 0.432935 -0.741041
v -0.557844 0.446241 -0.745057
v -0.557750 0.447971 -0.763773
v -0.569860 0.451142 -0.746156
v -0.569824 0.452959 -0.764555
v -0.557352 0.449489 -0.783249
v -0.556690 0.450467 -0.803245
v -0.569485 0.454566 -0.783680
v -0.568853 0.455631 -0.803293
v -0.540019 0.444442 -0.844098
v -0.523024 0.439006 -0.844424
v -0.524022 0.439534 -0.823590
v -0.541021 0.444991 -0.823657
v -0.504222 0.434232 -0.844552
v -0.505244 0.434665 -0.823351
v -0.555806 0.450575 -0.823522
v -0.554774 0.450056 -0.843549
v -0.567938 0.455821 -0.823156
v -0.566858 0.455363 -0.842748
v -0.553670 0.449156 -0.862793
v -0.538937 0.443585 -0.863775
v -0.552570 0.448118 -0.880722
v -0.537790 0.442665 -0.882146
v -0.565729 0.454483 -0.861545
v -0.564669 0.453409 -0.879027
v -0.521945 0.438267 -0.864504
v -0.503113 0.433699 -0.864993
v -0.520734 0.437549 -0.883280
v -0.501808 0.433270 -0.884103
v -0.462291 0.427977 -0.844394
v -0.463434 0.427981 -0.822582
v -0.485123 0.430848 -0.822970
v -0.484044 0.430606 -0.844511
v -0.464605 0.427979 -0.800556
v -0.486237 0.430934 -0.801234
v -0.482857 0.430376 -0.865255
v -0.461019 0.428092 -0.865354
v -0.481417 0.430326 -0.884597
v -0.459457 0.428454 -0.884821
v -0.437443 0.426639 -0.865358
v -0.438766 0.426194 -0.844295
v -0.435824 0.427387 -0.884836
v -0.439950 0.425964 -0.822322
v -0.441154 0.425859 -0.800114
v -0.467267 0.427659 -0.758050
v -0.488765 0.430283 -0.759237
v -0.487530 0.430698 -0.779907
v -0.465964 0.427844 -0.778958
v -0.442534 0.425792 -0.778347
v -0.443853 0.425791 -0.757296
v -0.444869 0.425883 -0.737240
v -0.468268 0.427507 -0.738096
v -0.489709 0.429834 -0.739469
v -0.535280 0.441491 -0.913415
v -0.533791 0.441467 -0.926439
v -0.516088 0.437397 -0.928601
v -0.517783 0.436992 -0.915292
v -0.496485 0.434307 -0.930105
v -0.498390 0.433456 -0.916635
v -0.532061 0.441972 -0.937808
v -0.514277 0.438419 -0.940159
v -0.494588 0.435819 -0.941745
v -0.519339 0.437084 -0.900197
v -0.536592 0.441929 -0.898672
v -0.500199 0.433150 -0.901309
v -0.551547 0.447188 -0.896806
v -0.550460 0.446470 -0.911143
v -0.563793 0.452365 -0.894671
v -0.562902 0.451446 -0.908618
v -0.549168 0.446066 -0.923836
v -0.547529 0.446082 -0.934984
v -0.561793 0.450743 -0.921006
v -0.560267 0.450350 -0.931977
v -0.528205 0.444806 -0.955736
v -0.510882 0.442517 -0.958194
v -0.512372 0.440180 -0.950002
v -0.530027 0.443122 -0.947585
v -0.491546 0.440974 -0.959734
v -0.492805 0.438111 -0.951578
v -0.545401 0.446620 -0.944688
v -0.543115 0.447606 -0.952763
v -0.558121 0.450358 -0.941669
v -0.555389 0.450707 -0.949813
v -0.541003 0.448963 -0.959025
v -0.527112 0.446913 -0.962225
v -0.540693 0.450755 -0.963395
v -0.527587 0.449369 -0.967046
v -0.552102 0.451336 -0.956139
v -0.549043 0.451953 -0.960093
v -0.510319 0.445265 -0.964800
v -0.491223 0.444201 -0.966345
v -0.511193 0.448261 -0.969885
v -0.492246 0.447583 -0.971540
v -0.448284 0.440534 -0.959171
v -0.449260 0.437193 -0.951408
v -0.471698 0.437231 -0.951954
v -0.470595 0.440413 -0.959952
v -0.450892 0.434297 -0.941983
v -0.473408 0.434571 -0.942276
v -0.470417 0.443903 -0.966453
v -0.448199 0.444125 -0.965490
v -0.471484 0.447486 -0.971639
v -0.449240 0.447771 -0.970587
v -0.424863 0.444623 -0.963821
v -0.424868 0.441039 -0.957714
v -0.425845 0.448241 -0.968790
v -0.425700 0.437651 -0.950221
v -0.427197 0.434621 -0.941095
v -0.455202 0.430362 -0.917418
v -0.477521 0.431365 -0.917302
v -0.475406 0.432648 -0.930738
v -0.452946 0.432042 -0.930673
v -0.429197 0.432112 -0.930088
v -0.431461 0.430092 -0.917106
v -0.433750 0.428527 -0.902054
v -0.457445 0.429188 -0.902155
v -0.479581 0.430623 -0.901934
v -0.161650 0.518191 -0.936733
v -0.161510 0.521467 -0.928284
v -0.142261 0.519966 -0.930061
v -0.142350 0.516892 -0.938183
v -0.124322 0.518119 -0.931140
v -0.124470 0.515301 -0.938956
v -0.161040 0.524769 -0.919087
v -0.141811 0.523066 -0.921163
v -0.123788 0.520947 -0.922502
v -0.142040 0.513668 -0.945488
v -0.161459 0.514763 -0.944360
v -0.124130 0.512326 -0.945944
v -0.182229 0.515594 -0.942925
v -0.182238 0.519202 -0.935003
v -0.204190 0.516144 -0.941552
v -0.203982 0.519934 -0.933393
v -0.181972 0.522652 -0.926242
v -0.181414 0.526111 -0.916735
v -0.203550 0.523553 -0.924365
v -0.202871 0.527145 -0.914572
v -0.159254 0.531926 -0.898460
v -0.140063 0.529810 -0.900948
v -0.141037 0.526366 -0.911533
v -0.160241 0.528277 -0.909212
v -0.121952 0.527078 -0.902550
v -0.122965 0.523947 -0.913045
v -0.180547 0.529748 -0.906574
v -0.179523 0.533509 -0.895602
v -0.201925 0.530852 -0.904116
v -0.200866 0.534642 -0.892888
v -0.178495 0.537337 -0.883659
v -0.158223 0.535653 -0.886632
v -0.177615 0.541177 -0.870587
v -0.157289 0.539395 -0.873529
v -0.199850 0.538481 -0.880777
v -0.199029 0.542339 -0.867675
v -0.139013 0.533338 -0.889184
v -0.120846 0.530300 -0.890797
v -0.138011 0.536892 -0.876017
v -0.119744 0.533570 -0.877566
v -0.088973 0.519689 -0.902059
v -0.090276 0.517493 -0.912652
v -0.106055 0.520947 -0.913253
v -0.104924 0.523648 -0.902752
v -0.091492 0.515384 -0.922071
v -0.107032 0.518358 -0.922640
v -0.103701 0.526446 -0.890958
v -0.087608 0.521992 -0.890174
v -0.102450 0.529329 -0.877692
v -0.086205 0.524421 -0.876881
v -0.072598 0.517150 -0.888955
v -0.074094 0.515373 -0.900979
v -0.058701 0.512137 -0.887808
v -0.060282 0.510869 -0.900019
v -0.071088 0.519101 -0.875622
v -0.057174 0.513619 -0.874400
v -0.075594 0.513710 -0.911742
v -0.077114 0.512108 -0.921289
v -0.061977 0.509724 -0.911018
v -0.063845 0.508612 -0.920789
v -0.093363 0.511257 -0.937787
v -0.108140 0.513410 -0.938652
v -0.107791 0.515895 -0.931093
v -0.092597 0.513341 -0.930431
v -0.078673 0.510507 -0.929669
v -0.080142 0.508880 -0.936876
v -0.065948 0.507440 -0.929320
v -0.068336 0.506261 -0.936547
v -0.081393 0.507198 -0.942906
v -0.093562 0.509024 -0.944194
v -0.071058 0.505123 -0.942410
v -0.107889 0.510756 -0.945360
v -0.156055 0.546433 -0.843112
v -0.155585 0.549135 -0.826228
v -0.135824 0.546236 -0.827779
v -0.136469 0.543622 -0.845061
v -0.116972 0.542340 -0.828774
v -0.117827 0.539861 -0.846282
v -0.155100 0.550895 -0.808513
v -0.135192 0.547976 -0.809634
v -0.116160 0.544014 -0.810384
v -0.137181 0.540413 -0.861225
v -0.156595 0.543087 -0.858951
v -0.118744 0.536847 -0.862637
v -0.177037 0.544974 -0.856228
v -0.176647 0.548405 -0.840753
v -0.198559 0.546181 -0.853471
v -0.198310 0.549647 -0.838301
v -0.176335 0.551144 -0.824331
v -0.175989 0.552870 -0.807133
v -0.198154 0.552375 -0.822299
v -0.197961 0.554002 -0.805602
v -0.153851 0.550927 -0.771612
v -0.133797 0.548189 -0.771874
v -0.134521 0.548561 -0.790879
v -0.154516 0.551416 -0.790183
v -0.114570 0.544306 -0.772112
v -0.115372 0.544611 -0.791384
v -0.175497 0.553258 -0.789328
v -0.174909 0.552582 -0.771294
v -0.197603 0.554167 -0.788345
v -0.197150 0.553214 -0.770889
v -0.174275 0.551117 -0.753408
v -0.153123 0.549657 -0.753176
v -0.173647 0.549138 -0.736047
v -0.152353 0.547834 -0.735251
v -0.196672 0.551487 -0.753595
v -0.196238 0.549329 -0.736827
v -0.133007 0.547059 -0.752982
v -0.113717 0.543277 -0.752904
v -0.132136 0.545370 -0.734561
v -0.112776 0.541698 -0.734097
v -0.078464 0.533205 -0.772547
v -0.079569 0.533475 -0.791759
v -0.096929 0.539483 -0.791669
v -0.095991 0.539219 -0.772357
v -0.080749 0.532962 -0.810569
v -0.097902 0.538906 -0.810653
v -0.095046 0.538265 -0.753024
v -0.077407 0.532284 -0.753217
v -0.094054 0.536773 -0.733978
v -0.076370 0.530846 -0.734050
v -0.061211 0.525597 -0.753357
v -0.062393 0.526542 -0.772621
v -0.046873 0.518463 -0.753320
v -0.048181 0.519509 -0.772518
v -0.060124 0.524168 -0.734156
v -0.045716 0.516990 -0.734141
v -0.063667 0.526880 -0.791679
v -0.065032 0.526489 -0.810261
v -0.049598 0.519996 -0.791456
v -0.051082 0.519795 -0.809857
v -0.083388 0.529459 -0.845932
v -0.100065 0.535040 -0.846459
v -0.098951 0.537336 -0.829001
v -0.082032 0.531535 -0.828697
v -0.066487 0.525245 -0.828100
v -0.068002 0.523418 -0.845041
v -0.052588 0.518776 -0.827444
v -0.054111 0.517220 -0.844125
v -0.069545 0.521280 -0.860933
v -0.084789 0.526999 -0.862064
v -0.055642 0.515407 -0.859808
v -0.101235 0.532282 -0.862774
v -0.150772 0.543162 -0.702142
v -0.150028 0.540198 -0.687123
v -0.129197 0.537895 -0.684894
v -0.130172 0.540848 -0.700368
v -0.109536 0.534474 -0.683026
v -0.110602 0.537357 -0.698926
v -0.149359 0.536740 -0.673238
v -0.128308 0.534400 -0.670700
v -0.108596 0.531035 -0.668559
v -0.131171 0.543320 -0.716974
v -0.151558 0.545688 -0.718212
v -0.111710 0.539745 -0.716027
v -0.173073 0.546920 -0.719588
v -0.172562 0.544400 -0.704061
v -0.195917 0.547085 -0.720946
v -0.195700 0.544665 -0.705938
v -0.172122 0.541515 -0.689495
v -0.171761 0.538203 -0.675920
v -0.195575 0.541979 -0.691791
v -0.195529 0.538938 -0.678491
v -0.148124 0.528251 -0.649124
v -0.126702 0.525705 -0.646559
v -0.127564 0.530301 -0.657935
v -0.148798 0.532730 -0.660569
v -0.107021 0.522426 -0.644530
v -0.107865 0.526980 -0.655756
v -0.171487 0.534402 -0.663363
v -0.171110 0.530160 -0.651887
v -0.195553 0.535450 -0.666024
v -0.195486 0.531530 -0.654513
v -0.170441 0.525524 -0.641553
v -0.147117 0.523382 -0.638910
v -0.195166 0.527191 -0.644079
v -0.125461 0.520719 -0.636530
v -0.105741 0.517489 -0.634794
v -0.073443 0.513621 -0.642915
v -0.073363 0.517504 -0.653508
v -0.089780 0.522637 -0.654325
v -0.089256 0.518317 -0.643374
v -0.073293 0.521051 -0.666141
v -0.090207 0.526500 -0.667068
v -0.088226 0.513645 -0.634081
v -0.073093 0.509523 -0.634236
v -0.060521 0.505461 -0.635104
v -0.059619 0.508583 -0.642977
v -0.050108 0.501249 -0.635762
v -0.047673 0.503311 -0.643192
v -0.058671 0.511817 -0.653168
v -0.058003 0.514946 -0.665689
v -0.045757 0.505810 -0.653171
v -0.044488 0.508444 -0.665623
v -0.074388 0.526792 -0.697482
v -0.091905 0.532585 -0.698002
v -0.090949 0.529801 -0.681739
v -0.073673 0.524141 -0.680943
v -0.057943 0.517757 -0.680550
v -0.058361 0.520237 -0.697250
v -0.043995 0.510912 -0.680471
v -0.044132 0.513181 -0.697190
v -0.059131 0.522378 -0.715286
v -0.075326 0.529021 -0.715328
v -0.044754 0.515218 -0.715255
v -0.092974 0.534894 -0.715527
v -0.352114 0.519901 -0.934789
v -0.350918 0.525212 -0.925258
v -0.324921 0.525263 -0.923811
v -0.326059 0.520310 -0.933312
v -0.299146 0.525128 -0.922763
v -0.300198 0.520533 -0.932233
v -0.349802 0.529907 -0.914567
v -0.323821 0.529717 -0.913220
v -0.298083 0.529348 -0.912279
v -0.327215 0.515072 -0.941682
v -0.353374 0.514272 -0.943141
v -0.301222 0.515686 -0.940628
v -0.379281 0.513268 -0.944867
v -0.377937 0.519226 -0.936505
v -0.404519 0.512040 -0.946724
v -0.403098 0.518207 -0.938301
v -0.376702 0.524843 -0.926928
v -0.375579 0.529751 -0.916139
v -0.401835 0.524024 -0.928645
v -0.400704 0.529082 -0.917750
v -0.347900 0.536820 -0.889878
v -0.321862 0.536709 -0.888970
v -0.322780 0.533457 -0.901576
v -0.348783 0.533687 -0.902736
v -0.296059 0.536456 -0.888507
v -0.297024 0.533067 -0.900842
v -0.374570 0.533582 -0.904141
v -0.373695 0.536632 -0.891067
v -0.399677 0.532970 -0.905612
v -0.398772 0.535986 -0.892368
v -0.372976 0.539192 -0.877050
v -0.347190 0.539574 -0.876111
v -0.372435 0.541557 -0.862223
v -0.346692 0.542217 -0.861550
v -0.398003 0.538423 -0.878159
v -0.397388 0.540578 -0.863122
v -0.321129 0.539697 -0.875489
v -0.295278 0.539687 -0.875330
v -0.320643 0.542645 -0.861224
v -0.294770 0.542929 -0.861368
v -0.246679 0.535901 -0.889426
v -0.247723 0.532245 -0.901201
v -0.271977 0.532688 -0.900711
v -0.270968 0.536218 -0.888655
v -0.248764 0.528513 -0.912184
v -0.273036 0.528967 -0.911929
v -0.270123 0.539670 -0.875780
v -0.245766 0.539538 -0.876837
v -0.269555 0.543157 -0.862105
v -0.245115 0.543212 -0.863414
v -0.222307 0.539178 -0.878503
v -0.223282 0.535407 -0.890833
v -0.221568 0.542978 -0.865278
v -0.224344 0.531658 -0.902331
v -0.225348 0.527926 -0.913060
v -0.250444 0.520615 -0.931737
v -0.274960 0.520648 -0.931711
v -0.274033 0.524940 -0.922289
v -0.249669 0.524647 -0.922394
v -0.226145 0.524202 -0.923084
v -0.226751 0.520391 -0.932301
v -0.227182 0.516396 -0.940607
v -0.251093 0.516381 -0.940120
v -0.275810 0.516133 -0.940117
v -0.346447 0.547518 -0.830576
v -0.346693 0.549272 -0.814532
v -0.320892 0.550591 -0.814966
v -0.320564 0.548594 -0.830783
v -0.295118 0.551655 -0.815775
v -0.294764 0.549439 -0.831422
v -0.347180 0.549827 -0.798363
v -0.321413 0.551267 -0.798990
v -0.295610 0.552478 -0.799902
v -0.320468 0.545778 -0.846262
v -0.346446 0.545015 -0.846310
v -0.294623 0.546355 -0.846676
v -0.372092 0.544020 -0.846721
v -0.371975 0.546193 -0.830728
v -0.396940 0.542745 -0.847396
v -0.396709 0.544606 -0.831170
v -0.372112 0.547690 -0.814433
v -0.372532 0.548123 -0.798023
v -0.396742 0.545838 -0.814631
v -0.397089 0.546122 -0.797967
v -0.348805 0.546600 -0.766309
v -0.322876 0.547828 -0.767225
v -0.322087 0.550120 -0.783032
v -0.347906 0.548730 -0.782254
v -0.296779 0.549066 -0.768153
v -0.296168 0.551383 -0.783971
v -0.373262 0.547105 -0.781683
v -0.374216 0.545177 -0.765508
v -0.397796 0.545137 -0.781365
v -0.398760 0.543355 -0.764925
v -0.375306 0.542882 -0.749592
v -0.349813 0.544057 -0.750634
v -0.376447 0.540760 -0.734027
v -0.350865 0.541718 -0.735333
v -0.399874 0.541246 -0.748746
v -0.401034 0.539282 -0.732925
v -0.323740 0.545070 -0.751701
v -0.297433 0.546221 -0.752620
v -0.324638 0.542524 -0.736589
v -0.298117 0.543544 -0.737541
v -0.245422 0.551888 -0.769730
v -0.245361 0.553644 -0.786140
v -0.270509 0.552627 -0.785025
v -0.270863 0.550517 -0.768991
v -0.245254 0.554178 -0.802505
v -0.270154 0.553494 -0.801101
v -0.271237 0.547808 -0.753220
v -0.245488 0.549462 -0.753550
v -0.271651 0.545147 -0.737936
v -0.245605 0.546921 -0.737878
v -0.220521 0.550811 -0.753659
v -0.220753 0.552885 -0.770365
v -0.220346 0.548452 -0.737473
v -0.220975 0.554227 -0.787265
v -0.221119 0.554393 -0.804033
v -0.244882 0.550378 -0.834136
v -0.269485 0.550067 -0.832563
v -0.269779 0.552470 -0.816997
v -0.245053 0.552933 -0.818548
v -0.221119 0.552936 -0.820344
v -0.221106 0.550272 -0.836072
v -0.221211 0.546814 -0.851092
v -0.244862 0.546982 -0.849136
v -0.269377 0.546793 -0.847649
v -0.352882 0.539033 -0.706239
v -0.353801 0.537724 -0.692590
v -0.327219 0.538424 -0.694544
v -0.326400 0.539650 -0.708005
v -0.300209 0.539099 -0.695872
v -0.299525 0.540381 -0.709215
v -0.354628 0.535798 -0.679637
v -0.327968 0.536737 -0.681644
v -0.300851 0.537484 -0.683013
v -0.325532 0.540867 -0.722022
v -0.351896 0.540204 -0.720510
v -0.298822 0.541730 -0.723089
v -0.377551 0.539355 -0.718906
v -0.378595 0.538171 -0.704366
v -0.402135 0.537935 -0.717563
v -0.403160 0.536707 -0.702837
v -0.379558 0.536714 -0.690540
v -0.380415 0.534488 -0.677565
v -0.404092 0.535103 -0.688923
v -0.404914 0.532626 -0.675999
v -0.356002 0.528880 -0.656256
v -0.329223 0.530753 -0.657834
v -0.328625 0.534140 -0.669312
v -0.355340 0.532773 -0.667452
v -0.301949 0.532093 -0.658924
v -0.301432 0.535138 -0.670590
v -0.381146 0.531000 -0.665574
v -0.381842 0.526585 -0.654713
v -0.405609 0.528780 -0.664243
v -0.406302 0.523976 -0.653728
v -0.382599 0.521578 -0.645128
v -0.356676 0.524349 -0.646272
v -0.407116 0.518628 -0.644528
v -0.329794 0.526697 -0.647497
v -0.302399 0.528377 -0.648336
v -0.247557 0.532895 -0.658205
v -0.247241 0.536113 -0.669882
v -0.274192 0.535810 -0.670720
v -0.274621 0.532790 -0.659003
v -0.246851 0.538803 -0.682328
v -0.273694 0.538220 -0.683170
v -0.274940 0.529146 -0.648326
v -0.247715 0.529123 -0.647554
v -0.221024 0.528431 -0.646109
v -0.221073 0.532459 -0.656663
v -0.220917 0.536007 -0.668257
v -0.220678 0.539090 -0.680697
v -0.246119 0.542922 -0.708812
v -0.272638 0.541584 -0.709419
v -0.273168 0.540038 -0.696046
v -0.246469 0.540995 -0.695281
v -0.220481 0.541724 -0.693791
v -0.220346 0.544061 -0.707587
v -0.220294 0.546253 -0.722131
v -0.245823 0.544819 -0.722988
v -0.272125 0.543180 -0.723359
v -0.524938 0.503317 -0.939814
v -0.524286 0.506376 -0.930562
v -0.508049 0.510721 -0.931761
v -0.509037 0.506714 -0.941377
v -0.489921 0.514692 -0.932457
v -0.491091 0.509875 -0.942334
v -0.523815 0.509016 -0.920154
v -0.507283 0.514239 -0.921017
v -0.488926 0.518959 -0.921443
v -0.510490 0.502439 -0.949813
v -0.525935 0.500008 -0.947810
v -0.492648 0.504793 -0.951036
v -0.538463 0.497632 -0.945472
v -0.538548 0.499878 -0.938062
v -0.548491 0.495224 -0.943826
v -0.549854 0.496540 -0.936682
v -0.538458 0.501964 -0.929194
v -0.538305 0.503731 -0.919088
v -0.550387 0.497790 -0.927991
v -0.550534 0.498822 -0.918053
v -0.523021 0.512674 -0.896159
v -0.505785 0.519286 -0.896320
v -0.506496 0.517048 -0.909195
v -0.523361 0.511067 -0.908687
v -0.486904 0.525129 -0.896166
v -0.487891 0.522390 -0.909328
v -0.538202 0.505021 -0.907960
v -0.538248 0.505991 -0.895774
v -0.550738 0.499482 -0.907167
v -0.551104 0.499933 -0.895257
v -0.538542 0.506800 -0.882491
v -0.522895 0.513982 -0.882564
v -0.539182 0.507604 -0.868075
v -0.523078 0.515135 -0.867899
v -0.551734 0.500337 -0.882246
v -0.552734 0.500856 -0.868057
v -0.505247 0.521087 -0.882420
v -0.486054 0.527317 -0.882014
v -0.504976 0.522587 -0.867519
v -0.485430 0.529096 -0.866924
v -0.445316 0.532636 -0.894727
v -0.446385 0.529573 -0.908111
v -0.467828 0.526521 -0.908932
v -0.466740 0.529509 -0.895606
v -0.447522 0.525641 -0.920411
v -0.468964 0.522738 -0.921197
v -0.465772 0.531877 -0.881302
v -0.444363 0.535055 -0.880368
v -0.464994 0.533801 -0.866105
v -0.443572 0.537049 -0.865144
v -0.421786 0.537140 -0.879292
v -0.422653 0.534725 -0.893618
v -0.421068 0.539192 -0.864123
v -0.423642 0.531678 -0.906970
v -0.424727 0.527734 -0.919218
v -0.449981 0.514897 -0.941419
v -0.471346 0.512601 -0.942270
v -0.470080 0.517983 -0.932316
v -0.448681 0.520619 -0.931516
v -0.425880 0.522625 -0.930233
v -0.427172 0.516765 -0.940017
v -0.428672 0.510570 -0.948573
v -0.451542 0.508867 -0.950112
v -0.472933 0.506938 -0.951034
v -0.524502 0.517297 -0.835603
v -0.525412 0.518075 -0.818482
v -0.505954 0.525578 -0.817894
v -0.505428 0.524963 -0.835025
v -0.485298 0.532236 -0.817205
v -0.485089 0.531706 -0.834308
v -0.526233 0.518496 -0.801055
v -0.506546 0.525638 -0.800483
v -0.485712 0.532050 -0.799853
v -0.505069 0.523923 -0.851643
v -0.523669 0.516279 -0.852160
v -0.485121 0.530609 -0.850951
v -0.540265 0.508561 -0.852488
v -0.541569 0.509569 -0.836012
v -0.554207 0.501652 -0.852613
v -0.555890 0.502639 -0.836223
v -0.542868 0.510525 -0.818928
v -0.543938 0.511326 -0.801519
v -0.557518 0.503728 -0.819192
v -0.558827 0.504832 -0.801827
v -0.527080 0.518103 -0.766287
v -0.507563 0.523969 -0.765755
v -0.507108 0.525011 -0.783023
v -0.526800 0.518444 -0.783575
v -0.486936 0.529419 -0.765267
v -0.486294 0.530996 -0.782466
v -0.544555 0.511871 -0.784065
v -0.544723 0.512250 -0.766800
v -0.559554 0.505864 -0.784436
v -0.559732 0.506839 -0.767228
v -0.544450 0.512555 -0.749957
v -0.527038 0.517654 -0.749435
v -0.543741 0.512878 -0.733769
v -0.526640 0.517278 -0.733263
v -0.559398 0.507772 -0.750415
v -0.558585 0.508677 -0.734206
v -0.507838 0.522784 -0.748921
v -0.487528 0.527661 -0.748483
v -0.507856 0.521724 -0.732762
v -0.487964 0.526065 -0.732338
v -0.444414 0.537838 -0.764667
v -0.443533 0.539674 -0.781565
v -0.465176 0.535825 -0.781959
v -0.465958 0.534021 -0.764886
v -0.442890 0.540850 -0.798636
v -0.464566 0.537029 -0.799213
v -0.466787 0.532002 -0.748191
v -0.445404 0.535750 -0.748100
v -0.467539 0.530149 -0.732066
v -0.446377 0.533819 -0.732022
v -0.423170 0.538850 -0.748267
v -0.422087 0.540928 -0.764663
v -0.424276 0.536916 -0.732283
v -0.421147 0.542719 -0.781347
v -0.420469 0.543790 -0.798196
v -0.442657 0.540218 -0.832629
v -0.464224 0.536666 -0.833482
v -0.464251 0.537249 -0.816454
v -0.442611 0.540960 -0.815721
v -0.420175 0.543709 -0.815087
v -0.420211 0.542739 -0.831831
v -0.420526 0.541146 -0.848239
v -0.442990 0.538842 -0.849168
v -0.464475 0.535457 -0.850099
v -0.524714 0.516976 -0.703872
v -0.523264 0.516412 -0.691027
v -0.506116 0.519446 -0.690386
v -0.506947 0.520427 -0.703343
v -0.487855 0.522642 -0.689632
v -0.488084 0.523973 -0.702779
v -0.521540 0.515148 -0.679664
v -0.505096 0.517749 -0.678796
v -0.487490 0.520565 -0.677751
v -0.507543 0.521062 -0.717519
v -0.525853 0.517158 -0.718013
v -0.488135 0.524975 -0.717059
v -0.542601 0.513312 -0.718469
v -0.541043 0.513590 -0.704288
v -0.557329 0.509571 -0.718813
v -0.555590 0.510239 -0.704513
v -0.539076 0.513449 -0.691459
v -0.536712 0.512625 -0.680212
v -0.553328 0.510468 -0.691582
v -0.550504 0.510044 -0.680298
v -0.517910 0.509895 -0.661738
v -0.503086 0.511430 -0.660022
v -0.503936 0.514965 -0.668727
v -0.519581 0.512865 -0.669969
v -0.486824 0.513281 -0.658100
v -0.487034 0.517325 -0.667270
v -0.533963 0.510852 -0.670778
v -0.531318 0.508485 -0.662961
v -0.547078 0.508754 -0.670938
v -0.543402 0.506950 -0.663312
v -0.529267 0.505879 -0.656564
v -0.517054 0.506569 -0.654770
v -0.539830 0.504981 -0.657233
v -0.502996 0.507478 -0.652528
v -0.487197 0.508792 -0.650152
v -0.449842 0.518325 -0.654751
v -0.449346 0.523108 -0.664641
v -0.468881 0.520115 -0.665816
v -0.469107 0.515638 -0.656259
v -0.448959 0.526977 -0.675831
v -0.468832 0.523731 -0.676669
v -0.469765 0.510695 -0.647957
v -0.450644 0.513055 -0.646150
v -0.429779 0.515743 -0.644937
v -0.428938 0.521164 -0.653824
v -0.428299 0.526073 -0.664025
v -0.427707 0.530033 -0.675515
v -0.447902 0.531173 -0.701971
v -0.468467 0.527646 -0.702259
v -0.468705 0.526091 -0.688865
v -0.448483 0.529507 -0.688329
v -0.427006 0.532606 -0.688267
v -0.426198 0.534284 -0.702101
v -0.425287 0.535557 -0.716833
v -0.447205 0.532452 -0.716590
v -0.468088 0.528848 -0.716708
v -0.021125 0.451271 -0.910436
v -0.024225 0.451299 -0.923904
v -0.015119 0.455701 -0.922889
v -0.012215 0.455982 -0.909167
v -0.007590 0.460231 -0.922018
v -0.004915 0.460709 -0.908117
v -0.028528 0.451566 -0.935784
v -0.019518 0.455638 -0.935125
v -0.012004 0.459943 -0.934531
v -0.010442 0.456458 -0.894246
v -0.018937 0.451486 -0.895653
v -0.009434 0.457108 -0.878414
v -0.017372 0.451948 -0.879828
v -0.003549 0.461339 -0.893118
v -0.003064 0.462086 -0.877310
v -0.028931 0.446643 -0.897294
v -0.031521 0.446763 -0.911890
v -0.040319 0.442150 -0.899122
v -0.043283 0.442645 -0.913494
v -0.026822 0.446848 -0.881499
v -0.037725 0.442049 -0.883372
v -0.034800 0.447172 -0.925047
v -0.038977 0.447833 -0.936526
v -0.046737 0.443466 -0.926303
v -0.050806 0.444547 -0.937366
v -0.041621 0.452688 -0.954031
v -0.033886 0.456134 -0.954323
v -0.025776 0.455815 -0.945585
v -0.034325 0.452069 -0.945803
v -0.027249 0.459972 -0.954535
v -0.018585 0.459881 -0.945367
v -0.044260 0.448713 -0.946086
v -0.050503 0.449687 -0.953754
v -0.055609 0.445820 -0.946500
v -0.060807 0.447181 -0.953710
v -0.057561 0.450633 -0.959555
v -0.050424 0.453305 -0.960537
v -0.066169 0.451259 -0.963731
v -0.060960 0.453759 -0.965446
v -0.066057 0.448527 -0.959002
v -0.070233 0.449585 -0.962133
v -0.043843 0.456494 -0.961393
v -0.037915 0.460142 -0.962040
v -0.055638 0.456796 -0.966846
v -0.050498 0.460318 -0.967892
v -0.017446 0.468537 -0.954323
v -0.008471 0.468647 -0.944637
v -0.012723 0.464194 -0.945086
v -0.021661 0.464149 -0.954567
v -0.001870 0.468857 -0.933386
v -0.006044 0.464376 -0.933987
v -0.032739 0.464190 -0.962399
v -0.028672 0.468496 -0.962377
v -0.045837 0.464267 -0.968547
v -0.042026 0.468498 -0.968733
v -0.026069 0.472918 -0.961886
v -0.014928 0.473005 -0.953703
v -0.025288 0.477314 -0.960833
v -0.014431 0.477426 -0.952610
v -0.039438 0.472860 -0.968371
v -0.038443 0.477207 -0.967382
v -0.006110 0.473132 -0.943917
v 0.000290 0.473309 -0.932621
v -0.005918 0.477540 -0.942824
v 0.000205 0.477651 -0.931585
v 0.004363 0.469650 -0.906662
v 0.000655 0.465265 -0.907320
v -0.001745 0.464744 -0.921305
v 0.002237 0.469196 -0.920639
v 0.004176 0.473547 -0.919910
v 0.006074 0.473862 -0.906027
v 0.003892 0.477755 -0.919005
v 0.005655 0.477899 -0.905303
v 0.006510 0.474266 -0.891220
v 0.005023 0.470205 -0.891721
v 0.006011 0.474773 -0.875734
v 0.004731 0.470846 -0.876084
v 0.006004 0.478130 -0.890698
v 0.005450 0.478494 -0.875410
v 0.001638 0.465909 -0.892315
v 0.001682 0.466641 -0.876571
v 0.003137 0.472188 -0.843433
v 0.002439 0.472568 -0.826244
v 0.000236 0.468548 -0.826295
v 0.000690 0.468119 -0.843637
v -0.003262 0.464124 -0.826514
v -0.003184 0.463649 -0.844071
v 0.002210 0.472542 -0.808361
v 0.000200 0.468557 -0.808267
v -0.003003 0.464167 -0.808248
v 0.001269 0.467431 -0.860370
v 0.004001 0.471560 -0.860017
v -0.003030 0.462913 -0.860982
v 0.005102 0.475397 -0.859815
v 0.004087 0.475966 -0.843364
v 0.004506 0.479039 -0.859657
v 0.003469 0.479567 -0.843337
v 0.003266 0.476306 -0.826286
v 0.002943 0.476243 -0.808483
v 0.002639 0.479882 -0.826347
v 0.002316 0.479784 -0.808584
v 0.003794 0.470971 -0.770645
v 0.001995 0.467030 -0.770311
v 0.000874 0.467990 -0.789479
v 0.002752 0.471949 -0.789698
v -0.000924 0.462639 -0.769792
v -0.002143 0.463607 -0.789211
v 0.003418 0.475604 -0.789858
v 0.004417 0.474575 -0.770821
v 0.002798 0.479077 -0.789946
v 0.003806 0.477957 -0.770869
v 0.005662 0.473338 -0.751784
v 0.005066 0.469789 -0.751592
v 0.006879 0.472079 -0.733158
v 0.006297 0.468586 -0.732930
v 0.005063 0.476619 -0.751790
v 0.006289 0.475260 -0.733145
v 0.003304 0.465865 -0.751148
v 0.000409 0.461456 -0.750386
v 0.004541 0.464678 -0.732370
v 0.001613 0.460251 -0.731382
v -0.010256 0.452408 -0.768151
v -0.011654 0.453437 -0.788549
v -0.006222 0.458681 -0.788905
v -0.004906 0.457682 -0.769059
v -0.012997 0.454013 -0.808529
v -0.007318 0.459246 -0.808353
v -0.003589 0.456455 -0.749241
v -0.008988 0.451140 -0.747810
v -0.002487 0.455202 -0.729874
v -0.008037 0.449845 -0.728002
v -0.016083 0.445790 -0.746192
v -0.017275 0.447066 -0.767107
v -0.025173 0.440683 -0.744483
v -0.026268 0.441903 -0.765965
v -0.015315 0.444494 -0.725920
v -0.024600 0.439462 -0.723784
v -0.018732 0.448103 -0.788129
v -0.020294 0.448684 -0.808724
v -0.027744 0.442906 -0.787632
v -0.029463 0.443476 -0.808889
v -0.015096 0.453396 -0.845841
v -0.008411 0.458663 -0.844829
v -0.007978 0.459175 -0.826978
v -0.014096 0.453923 -0.827616
v -0.021803 0.448590 -0.828359
v -0.023339 0.448080 -0.847032
v -0.031284 0.443398 -0.829138
v -0.033244 0.442950 -0.848333
v -0.024985 0.447413 -0.864746
v -0.016140 0.452661 -0.863234
v -0.035379 0.442408 -0.866427
v -0.008827 0.457909 -0.861958
v 0.007565 0.466702 -0.698039
v 0.007084 0.466102 -0.681979
v 0.005214 0.462304 -0.681029
v 0.005756 0.462847 -0.697215
v 0.002015 0.457940 -0.679579
v 0.002660 0.458424 -0.695870
v 0.005514 0.465787 -0.666958
v 0.003561 0.462074 -0.665899
v 0.000266 0.457832 -0.664411
v 0.005445 0.463655 -0.714360
v 0.007216 0.467543 -0.715051
v 0.002445 0.459217 -0.713174
v 0.007792 0.470983 -0.715352
v 0.008149 0.470087 -0.698446
v 0.007205 0.474075 -0.715371
v 0.007570 0.473102 -0.698542
v 0.007701 0.469430 -0.682518
v 0.006195 0.469052 -0.667645
v 0.007142 0.472380 -0.682734
v 0.005676 0.471948 -0.668019
v -0.001979 0.466133 -0.640375
v -0.004156 0.462698 -0.639201
v 0.000537 0.462209 -0.651921
v 0.002595 0.465797 -0.653060
v -0.007573 0.458908 -0.637881
v -0.002830 0.458171 -0.650475
v 0.003381 0.468990 -0.653907
v -0.001060 0.469244 -0.641364
v 0.002932 0.471845 -0.654474
v -0.001414 0.472059 -0.642129
v -0.007448 0.469811 -0.630078
v -0.008519 0.466798 -0.628993
v -0.016104 0.470689 -0.620109
v -0.017332 0.467794 -0.619001
v -0.007688 0.472580 -0.631017
v -0.016213 0.473397 -0.621170
v -0.010817 0.463531 -0.627850
v -0.014261 0.459999 -0.626737
v -0.019744 0.464699 -0.617974
v -0.023191 0.461396 -0.617156
v -0.018216 0.450545 -0.635006
v -0.013802 0.448973 -0.646766
v -0.007544 0.453626 -0.648711
v -0.012212 0.454735 -0.636451
v -0.010756 0.447933 -0.660188
v -0.004442 0.452981 -0.662436
v -0.018766 0.456190 -0.625744
v -0.024271 0.452436 -0.625025
v -0.027522 0.457873 -0.616674
v -0.032434 0.454396 -0.616786
v -0.030714 0.449069 -0.624740
v -0.025725 0.446707 -0.633640
v -0.038741 0.446568 -0.624066
v -0.035060 0.443623 -0.632200
v -0.037625 0.451230 -0.617749
v -0.041936 0.448970 -0.619169
v -0.021804 0.444607 -0.644779
v -0.018866 0.443101 -0.657883
v -0.031749 0.440926 -0.642889
v -0.028965 0.438897 -0.655737
v -0.007798 0.447955 -0.691540
v -0.001783 0.453332 -0.693898
v -0.002590 0.452916 -0.677540
v -0.008803 0.447640 -0.675158
v -0.016827 0.442517 -0.672678
v -0.015609 0.442676 -0.689034
v -0.026864 0.437954 -0.670345
v -0.025439 0.437879 -0.686620
v -0.015131 0.443395 -0.706824
v -0.007592 0.448737 -0.709200
v -0.024686 0.438455 -0.704465
v -0.001817 0.454127 -0.711385
v -0.048372 0.500257 -0.939176
v -0.043855 0.500774 -0.931189
v -0.034417 0.497214 -0.932984
v -0.039865 0.496906 -0.941436
v -0.026005 0.493530 -0.935071
v -0.032266 0.493355 -0.943953
v -0.040486 0.501245 -0.921956
v -0.030411 0.497437 -0.923302
v -0.021417 0.493588 -0.924945
v -0.047125 0.496600 -0.948627
v -0.054422 0.499798 -0.945908
v -0.056567 0.496383 -0.954530
v -0.062578 0.499556 -0.951385
v -0.040480 0.493127 -0.951522
v -0.050928 0.492908 -0.957711
v -0.062234 0.502648 -0.943623
v -0.057804 0.503381 -0.937430
v -0.068643 0.502308 -0.948479
v -0.054354 0.504189 -0.929897
v -0.051633 0.504980 -0.921065
v -0.035893 0.501875 -0.899860
v -0.025421 0.497512 -0.900427
v -0.027476 0.497486 -0.912420
v -0.037879 0.501565 -0.911488
v -0.016168 0.493322 -0.901268
v -0.018221 0.493468 -0.913642
v -0.049392 0.505660 -0.910977
v -0.047531 0.506349 -0.899685
v -0.045947 0.507165 -0.887243
v -0.034383 0.502315 -0.887148
v -0.044543 0.508229 -0.873702
v -0.033208 0.503025 -0.873427
v -0.024054 0.497666 -0.887414
v -0.015007 0.493297 -0.887930
v -0.023185 0.498099 -0.873471
v -0.014489 0.493546 -0.873732
v -0.001723 0.485549 -0.903333
v -0.003576 0.485688 -0.916451
v -0.010153 0.489560 -0.915022
v -0.008186 0.489368 -0.902267
v -0.007042 0.485817 -0.928507
v -0.013512 0.489729 -0.926722
v -0.007287 0.489289 -0.888585
v -0.001085 0.485512 -0.889312
v -0.007134 0.489459 -0.874107
v -0.001265 0.485687 -0.874545
v 0.003409 0.481835 -0.890039
v 0.002974 0.481760 -0.904375
v 0.002978 0.482082 -0.874997
v 0.001207 0.481777 -0.917815
v -0.002354 0.481806 -0.930171
v -0.020110 0.485739 -0.948851
v -0.025560 0.489634 -0.946472
v -0.018584 0.489739 -0.937237
v -0.012520 0.485824 -0.939344
v -0.008176 0.481764 -0.941253
v -0.016279 0.481670 -0.950944
v -0.026685 0.481540 -0.959128
v -0.029914 0.485590 -0.956914
v -0.039414 0.481391 -0.965688
v -0.042032 0.485406 -0.963423
v -0.034627 0.489455 -0.954331
v -0.045976 0.489247 -0.960719
v -0.031312 0.505363 -0.843179
v -0.030354 0.506365 -0.826643
v -0.021640 0.500690 -0.826445
v -0.022170 0.499935 -0.843027
v -0.014276 0.495549 -0.826345
v -0.014376 0.494993 -0.843008
v -0.029229 0.506837 -0.809161
v -0.020838 0.500906 -0.808902
v -0.013809 0.495565 -0.808725
v -0.022621 0.498964 -0.858689
v -0.032224 0.504146 -0.858772
v -0.014363 0.494218 -0.858781
v -0.043216 0.509661 -0.859116
v -0.041920 0.511163 -0.843525
v -0.040607 0.512438 -0.826968
v -0.039229 0.513189 -0.809484
v -0.026276 0.505449 -0.771710
v -0.018041 0.498986 -0.771239
v -0.019570 0.500260 -0.790358
v -0.027820 0.506465 -0.790726
v -0.011257 0.493278 -0.770876
v -0.012721 0.494722 -0.790079
v -0.037739 0.513117 -0.791115
v -0.036232 0.512384 -0.772175
v -0.034803 0.511146 -0.752981
v -0.024749 0.503985 -0.752483
v -0.033547 0.509563 -0.733847
v -0.023388 0.502271 -0.733414
v -0.016453 0.497320 -0.751970
v -0.009662 0.491493 -0.751586
v -0.015009 0.495498 -0.732979
v -0.008181 0.489627 -0.732677
v -0.001256 0.484688 -0.770747
v -0.002470 0.486074 -0.789937
v -0.007001 0.490073 -0.789959
v -0.005653 0.488607 -0.770740
v -0.003186 0.486955 -0.808625
v -0.007898 0.490981 -0.808646
v -0.004121 0.486844 -0.751474
v 0.000177 0.483038 -0.751537
v -0.002674 0.485041 -0.732648
v 0.001549 0.481367 -0.732786
v 0.003236 0.479741 -0.751675
v 0.001906 0.481233 -0.770818
v 0.004524 0.478231 -0.732986
v 0.000816 0.482488 -0.789953
v 0.000246 0.483289 -0.808618
v -0.002583 0.486744 -0.843154
v -0.007813 0.490651 -0.843060
v -0.008073 0.491074 -0.826318
v -0.003124 0.487089 -0.826331
v 0.000478 0.483417 -0.826351
v 0.001211 0.483105 -0.843256
v 0.002145 0.482583 -0.859437
v -0.001864 0.486187 -0.859192
v -0.007405 0.490013 -0.858961
v -0.021818 0.498734 -0.697249
v -0.021999 0.496999 -0.680925
v -0.013642 0.490666 -0.681331
v -0.013383 0.492130 -0.697381
v -0.006837 0.485240 -0.681771
v -0.006531 0.486464 -0.697591
v -0.023087 0.495345 -0.666287
v -0.014908 0.489403 -0.666815
v -0.008216 0.484303 -0.667340
v -0.013912 0.493754 -0.714690
v -0.022346 0.500506 -0.714875
v -0.007058 0.487938 -0.714619
v -0.032559 0.507794 -0.715091
v -0.032009 0.505882 -0.697188
v -0.032065 0.503870 -0.680617
v -0.032898 0.501801 -0.665856
v -0.028833 0.492639 -0.643120
v -0.021427 0.487741 -0.643111
v -0.017403 0.488381 -0.654112
v -0.025276 0.493816 -0.653721
v -0.015182 0.483458 -0.643112
v -0.010905 0.483688 -0.654475
v -0.034676 0.499718 -0.653382
v -0.037496 0.497913 -0.643194
v -0.041455 0.496676 -0.635290
v -0.034024 0.492037 -0.634375
v -0.047444 0.496534 -0.629294
v -0.041313 0.492293 -0.627283
v -0.027280 0.487623 -0.633702
v -0.021327 0.483674 -0.633184
v -0.035262 0.488166 -0.625776
v -0.029617 0.484397 -0.624626
v -0.005942 0.477172 -0.642927
v -0.001567 0.477031 -0.654847
v -0.005628 0.480013 -0.654734
v -0.010002 0.480028 -0.643069
v 0.001199 0.477244 -0.668039
v -0.002865 0.480371 -0.667760
v -0.016265 0.480430 -0.632732
v -0.012222 0.477655 -0.632269
v -0.024699 0.481230 -0.623687
v -0.020700 0.478472 -0.622862
v -0.009321 0.475116 -0.631723
v -0.003061 0.474608 -0.642632
v -0.017808 0.475926 -0.622055
v 0.001285 0.474417 -0.654774
v 0.004029 0.474558 -0.668138
v 0.003029 0.478722 -0.698189
v -0.001085 0.482128 -0.697884
v -0.001432 0.481087 -0.682183
v 0.002650 0.477820 -0.682515
v 0.005483 0.475047 -0.682716
v 0.005889 0.475847 -0.698432
v 0.005489 0.476921 -0.715214
v 0.002581 0.479917 -0.714974
v -0.001581 0.483457 -0.714745
v -0.594550 0.476261 -0.651346
v -0.599564 0.476311 -0.662571
v -0.596553 0.472005 -0.662739
v -0.591607 0.471926 -0.651394
v -0.592276 0.467395 -0.662784
v -0.587443 0.467334 -0.651460
v -0.602879 0.476203 -0.674843
v -0.599870 0.471949 -0.675032
v -0.595567 0.467355 -0.675006
v -0.584746 0.471606 -0.640995
v -0.587558 0.475942 -0.641156
v -0.575688 0.470934 -0.631535
v -0.578310 0.475240 -0.631987
v -0.580773 0.467050 -0.641028
v -0.571971 0.466419 -0.631483
v -0.588999 0.480043 -0.641564
v -0.596112 0.480355 -0.651428
v -0.588862 0.483894 -0.642273
v -0.596133 0.484225 -0.651750
v -0.579591 0.479303 -0.632814
v -0.579288 0.483085 -0.633990
v -0.601199 0.480363 -0.662432
v -0.604529 0.480189 -0.674604
v -0.601349 0.484211 -0.662470
v -0.604755 0.483983 -0.674481
v -0.605493 0.475894 -0.702445
v -0.602690 0.471817 -0.702419
v -0.601842 0.471869 -0.688281
v -0.604774 0.476048 -0.688173
v -0.598608 0.467396 -0.702135
v -0.597611 0.467337 -0.688131
v -0.606372 0.479956 -0.687970
v -0.606996 0.479702 -0.702357
v -0.606600 0.483672 -0.687834
v -0.607178 0.483315 -0.702300
v -0.606668 0.479468 -0.717594
v -0.605280 0.475788 -0.717543
v -0.605659 0.479292 -0.733507
v -0.604379 0.475776 -0.733353
v -0.606787 0.482945 -0.717651
v -0.605725 0.482597 -0.733658
v -0.602638 0.471847 -0.717383
v -0.598758 0.467589 -0.716995
v -0.601906 0.472015 -0.733108
v -0.598261 0.467972 -0.732687
v -0.586494 0.457487 -0.700408
v -0.585207 0.457189 -0.686592
v -0.592116 0.462371 -0.687561
v -0.593265 0.462557 -0.701450
v -0.583121 0.457152 -0.673777
v -0.590033 0.462346 -0.674597
v -0.593656 0.462954 -0.716264
v -0.587129 0.458084 -0.715237
v -0.593466 0.463612 -0.732001
v -0.587260 0.459017 -0.731088
v -0.578972 0.453119 -0.713962
v -0.578125 0.452374 -0.699055
v -0.568981 0.448201 -0.712488
v -0.567988 0.447403 -0.697436
v -0.579386 0.454267 -0.729983
v -0.569583 0.449445 -0.728721
v -0.576731 0.452009 -0.685246
v -0.574680 0.452002 -0.672516
v -0.566537 0.447048 -0.683543
v -0.564560 0.447127 -0.670788
v -0.575828 0.457555 -0.651153
v -0.582217 0.462468 -0.651431
v -0.586840 0.462433 -0.662558
v -0.580088 0.457338 -0.661951
v -0.571858 0.452333 -0.660852
v -0.568172 0.452824 -0.650469
v -0.561992 0.447637 -0.659150
v -0.558973 0.448459 -0.649002
v -0.563526 0.453299 -0.641586
v -0.570063 0.457609 -0.641420
v -0.557066 0.453196 -0.633936
v -0.562323 0.457211 -0.632669
v -0.555648 0.449473 -0.640717
v -0.552780 0.450390 -0.635266
v -0.575845 0.462289 -0.641202
v -0.567404 0.461732 -0.631856
v -0.601382 0.476099 -0.766650
v -0.599559 0.476269 -0.783926
v -0.597516 0.473208 -0.783953
v -0.599208 0.472808 -0.766522
v -0.594578 0.469982 -0.783993
v -0.596050 0.469322 -0.766340
v -0.597701 0.476338 -0.801478
v -0.595777 0.473458 -0.801693
v -0.593026 0.470427 -0.801993
v -0.600717 0.472373 -0.749531
v -0.603034 0.475907 -0.749757
v -0.597318 0.468601 -0.749187
v -0.604235 0.479215 -0.749925
v -0.602522 0.479181 -0.766761
v -0.604287 0.482306 -0.750095
v -0.602577 0.482042 -0.766890
v -0.600642 0.479136 -0.783928
v -0.598721 0.479025 -0.801341
v -0.600701 0.481776 -0.783975
v -0.598762 0.481476 -0.801278
v -0.594356 0.475933 -0.836669
v -0.592635 0.473193 -0.837281
v -0.594128 0.473445 -0.819615
v -0.595944 0.476223 -0.819200
v -0.590115 0.470259 -0.838115
v -0.591513 0.470503 -0.820183
v -0.596882 0.478794 -0.818914
v -0.595205 0.478442 -0.836233
v -0.596865 0.481113 -0.818731
v -0.595104 0.480683 -0.835928
v -0.593767 0.477970 -0.852883
v -0.593007 0.475475 -0.853460
v -0.592649 0.477377 -0.868451
v -0.591965 0.474855 -0.869149
v -0.593576 0.480182 -0.852462
v -0.592374 0.479608 -0.867930
v -0.591364 0.472724 -0.854257
v -0.588905 0.469746 -0.855335
v -0.590382 0.472062 -0.870104
v -0.587957 0.469014 -0.871394
v -0.582312 0.463760 -0.840444
v -0.583533 0.464083 -0.821751
v -0.588179 0.467438 -0.820932
v -0.586873 0.467168 -0.839214
v -0.584704 0.463882 -0.802782
v -0.589523 0.467288 -0.802382
v -0.585698 0.466568 -0.856759
v -0.581157 0.463055 -0.858373
v -0.584749 0.465732 -0.873098
v -0.580182 0.462109 -0.875049
v -0.574696 0.459071 -0.860020
v -0.575839 0.459878 -0.841667
v -0.565729 0.454483 -0.861545
v -0.566858 0.455363 -0.842748
v -0.573681 0.458036 -0.877081
v -0.564669 0.453409 -0.879027
v -0.576983 0.460267 -0.822529
v -0.578003 0.460049 -0.803112
v -0.567938 0.455821 -0.823156
v -0.568853 0.455631 -0.803293
v -0.586503 0.461742 -0.765688
v -0.591956 0.465653 -0.766067
v -0.590811 0.466624 -0.784033
v -0.585710 0.463015 -0.784026
v -0.578770 0.459035 -0.783924
v -0.579267 0.457530 -0.765189
v -0.569485 0.454566 -0.783680
v -0.569824 0.452959 -0.764555
v -0.579479 0.455839 -0.747133
v -0.587036 0.460323 -0.747973
v -0.569860 0.451142 -0.746156
v -0.592870 0.464580 -0.748663
v -0.590809 0.473216 -0.896217
v -0.590298 0.472310 -0.908128
v -0.588737 0.469328 -0.909301
v -0.589275 0.470294 -0.897368
v -0.586260 0.466118 -0.910882
v -0.586852 0.467122 -0.898921
v -0.589569 0.471425 -0.919311
v -0.587934 0.468401 -0.920447
v -0.585352 0.465180 -0.921970
v -0.589754 0.471228 -0.884389
v -0.591298 0.474083 -0.883313
v -0.587345 0.468113 -0.885841
v -0.591928 0.476664 -0.882523
v -0.591414 0.475874 -0.895369
v -0.591595 0.478957 -0.881925
v -0.591049 0.478256 -0.894721
v -0.590913 0.475050 -0.907260
v -0.590232 0.474236 -0.918466
v -0.590546 0.477533 -0.906593
v -0.589896 0.476817 -0.917813
v -0.586128 0.469868 -0.940227
v -0.584184 0.466842 -0.941096
v -0.586660 0.467582 -0.931064
v -0.588423 0.470617 -0.930033
v -0.581219 0.463694 -0.942229
v -0.583911 0.464387 -0.932433
v -0.589180 0.473475 -0.929258
v -0.587026 0.472752 -0.939560
v -0.588910 0.476136 -0.928655
v -0.586858 0.475474 -0.939032
v -0.583042 0.472053 -0.949296
v -0.581952 0.469158 -0.949827
v -0.576497 0.471363 -0.958392
v -0.575164 0.468470 -0.958766
v -0.583009 0.474814 -0.948853
v -0.576635 0.474142 -0.958032
v -0.579778 0.466152 -0.950486
v -0.576558 0.463056 -0.951314
v -0.572710 0.465484 -0.959178
v -0.569209 0.462428 -0.959648
v -0.571910 0.457157 -0.945434
v -0.575005 0.457590 -0.936391
v -0.580198 0.461051 -0.934224
v -0.577255 0.460443 -0.943689
v -0.576872 0.458184 -0.926380
v -0.581850 0.461779 -0.923979
v -0.572330 0.459890 -0.952354
v -0.567012 0.456805 -0.953464
v -0.564734 0.459325 -0.960200
v -0.559541 0.456379 -0.960573
v -0.560521 0.453952 -0.954506
v -0.564804 0.453901 -0.947423
v -0.552102 0.451336 -0.956139
v -0.555389 0.450707 -0.949813
v -0.553885 0.453792 -0.960506
v -0.549043 0.451953 -0.960093
v -0.567818 0.454020 -0.938888
v -0.569863 0.454379 -0.929077
v -0.558121 0.450358 -0.941669
v -0.560267 0.450350 -0.931977
v -0.578884 0.460005 -0.903380
v -0.583581 0.463713 -0.900976
v -0.582901 0.462694 -0.912973
v -0.578086 0.459017 -0.915444
v -0.571241 0.455047 -0.918166
v -0.572184 0.455937 -0.905979
v -0.561793 0.450743 -0.921006
v -0.562902 0.451446 -0.908618
v -0.572920 0.456963 -0.892342
v -0.579504 0.461064 -0.889983
v -0.563793 0.452365 -0.894671
v -0.584120 0.464753 -0.887761
v -0.563981 0.502801 -0.660708
v -0.569426 0.503807 -0.668944
v -0.578533 0.500996 -0.667368
v -0.572667 0.500301 -0.658637
v -0.586180 0.497987 -0.665792
v -0.580179 0.497549 -0.656558
v -0.573578 0.504321 -0.678864
v -0.582785 0.501223 -0.677750
v -0.590387 0.497995 -0.676641
v -0.565067 0.499192 -0.651309
v -0.557161 0.501456 -0.653890
v -0.555611 0.497723 -0.645136
v -0.548617 0.499934 -0.648224
v -0.572290 0.496658 -0.648740
v -0.562418 0.495291 -0.642137
v -0.548938 0.503446 -0.656103
v -0.554258 0.505036 -0.662414
v -0.542022 0.501931 -0.651081
v -0.558920 0.506400 -0.670230
v -0.562805 0.507269 -0.679781
v -0.578465 0.503547 -0.704223
v -0.587096 0.500210 -0.703853
v -0.585541 0.500926 -0.690030
v -0.576522 0.504190 -0.690737
v -0.594059 0.496879 -0.703428
v -0.592896 0.497600 -0.689305
v -0.565797 0.507376 -0.691298
v -0.568013 0.506891 -0.704467
v -0.569574 0.505984 -0.718973
v -0.579618 0.502528 -0.718979
v -0.570597 0.504826 -0.734502
v -0.580189 0.501267 -0.734663
v -0.587742 0.499180 -0.718861
v -0.594229 0.495915 -0.718650
v -0.587772 0.497940 -0.734699
v -0.593759 0.494787 -0.734615
v -0.603476 0.490210 -0.702671
v -0.602780 0.490792 -0.688226
v -0.598623 0.494227 -0.688694
v -0.599504 0.493557 -0.703021
v -0.600702 0.491215 -0.675069
v -0.596347 0.494661 -0.675741
v -0.599359 0.492710 -0.718378
v -0.603150 0.489515 -0.718089
v -0.598560 0.491748 -0.734421
v -0.602162 0.488752 -0.734164
v -0.605620 0.486277 -0.717831
v -0.606019 0.486807 -0.702418
v -0.604555 0.485726 -0.733893
v -0.605420 0.487279 -0.687930
v -0.603492 0.487657 -0.674643
v -0.591169 0.491334 -0.653451
v -0.586379 0.494557 -0.654829
v -0.592302 0.494797 -0.664504
v -0.596883 0.491434 -0.663515
v -0.599904 0.487903 -0.662834
v -0.594453 0.487887 -0.652424
v -0.586937 0.487481 -0.643336
v -0.583411 0.490803 -0.644762
v -0.577154 0.486553 -0.635490
v -0.573455 0.489729 -0.637335
v -0.578467 0.493862 -0.646561
v -0.568454 0.492634 -0.639544
v -0.580177 0.498478 -0.767657
v -0.579517 0.497064 -0.784688
v -0.585842 0.493844 -0.784640
v -0.586843 0.495209 -0.767690
v -0.590635 0.491126 -0.784525
v -0.591959 0.492336 -0.767625
v -0.578370 0.495714 -0.801890
v -0.584454 0.492564 -0.801757
v -0.589030 0.490000 -0.801592
v -0.587480 0.496595 -0.751009
v -0.580388 0.499898 -0.750936
v -0.593001 0.493575 -0.750964
v -0.571202 0.503588 -0.750739
v -0.571345 0.502301 -0.767508
v -0.570981 0.501000 -0.784631
v -0.570067 0.499716 -0.801932
v -0.574760 0.493422 -0.836044
v -0.580684 0.490469 -0.835826
v -0.582658 0.491431 -0.818940
v -0.576699 0.494486 -0.819124
v -0.585185 0.488175 -0.835634
v -0.587148 0.489015 -0.818753
v -0.568557 0.498483 -0.819233
v -0.566725 0.497368 -0.836205
v -0.564842 0.496436 -0.852521
v -0.572813 0.492566 -0.852304
v -0.563181 0.495754 -0.867853
v -0.571114 0.491961 -0.867557
v -0.578763 0.489697 -0.852054
v -0.583335 0.487483 -0.851863
v -0.577122 0.489137 -0.867264
v -0.581796 0.486946 -0.867065
v -0.591905 0.484407 -0.835582
v -0.593796 0.485025 -0.818594
v -0.590884 0.486932 -0.818637
v -0.588949 0.486207 -0.835555
v -0.595743 0.485693 -0.801344
v -0.592816 0.487760 -0.801450
v -0.587174 0.485580 -0.851822
v -0.590208 0.483833 -0.851918
v -0.585726 0.485048 -0.867054
v -0.588845 0.483293 -0.867210
v -0.592366 0.482085 -0.852136
v -0.593980 0.482619 -0.835709
v -0.591084 0.481530 -0.867509
v -0.595813 0.483137 -0.818625
v -0.597748 0.483648 -0.801283
v -0.599337 0.487185 -0.767283
v -0.596140 0.489701 -0.767478
v -0.594577 0.488697 -0.784378
v -0.597609 0.486420 -0.784222
v -0.599670 0.484158 -0.784080
v -0.601499 0.484671 -0.767076
v -0.603154 0.485193 -0.750328
v -0.600873 0.487969 -0.750579
v -0.597477 0.490732 -0.750806
v -0.569096 0.491517 -0.894177
v -0.568496 0.491440 -0.905888
v -0.574616 0.488526 -0.905481
v -0.575211 0.488637 -0.893760
v -0.579496 0.486076 -0.905282
v -0.580056 0.486293 -0.893522
v -0.567981 0.491302 -0.916763
v -0.574046 0.488396 -0.916474
v -0.578904 0.485864 -0.916399
v -0.575992 0.488812 -0.881093
v -0.569922 0.491651 -0.881457
v -0.580763 0.486566 -0.880867
v -0.562015 0.495390 -0.881871
v -0.561223 0.495195 -0.894700
v -0.560686 0.495024 -0.906463
v -0.560285 0.494728 -0.917284
v -0.565964 0.490558 -0.936388
v -0.571651 0.487851 -0.936803
v -0.573338 0.488162 -0.926957
v -0.567410 0.490982 -0.926976
v -0.576276 0.485292 -0.937316
v -0.578100 0.485606 -0.927126
v -0.559899 0.494161 -0.927286
v -0.558845 0.493444 -0.936236
v -0.556441 0.492698 -0.943899
v -0.562822 0.490104 -0.944863
v -0.551549 0.492263 -0.950336
v -0.557052 0.489751 -0.952335
v -0.568144 0.487491 -0.945888
v -0.572625 0.484911 -0.946822
v -0.561974 0.487111 -0.954083
v -0.566339 0.484452 -0.955498
v -0.583350 0.480448 -0.938167
v -0.585302 0.480914 -0.927717
v -0.582113 0.483222 -0.927379
v -0.580209 0.482849 -0.937758
v -0.586208 0.481361 -0.916815
v -0.582978 0.483558 -0.916521
v -0.576488 0.482411 -0.947513
v -0.579597 0.479935 -0.948034
v -0.570172 0.481883 -0.956498
v -0.573288 0.479345 -0.957187
v -0.581816 0.477422 -0.948457
v -0.585599 0.478014 -0.938580
v -0.575504 0.476784 -0.957664
v -0.587592 0.478584 -0.928142
v -0.588534 0.479153 -0.917254
v -0.587344 0.482290 -0.893768
v -0.584119 0.484224 -0.893538
v -0.583584 0.483884 -0.905331
v -0.586826 0.481818 -0.905591
v -0.589165 0.479745 -0.906024
v -0.589673 0.480347 -0.894175
v -0.590250 0.480946 -0.881429
v -0.587954 0.482780 -0.881067
v -0.584771 0.484604 -0.880869
vn 0.033300 0.759900 0.649200
vn 0.032200 0.725300 0.687700
vn 0.072200 0.723100 0.686900
vn 0.070300 0.756500 0.650200
vn 0.134800 0.727500 0.672700
vn 0.129700 0.758100 0.639100
vn 0.034600 0.706300 0.707100
vn 0.077300 0.704000 0.705900
vn 0.142200 0.710700 0.689000
vn 0.071300 0.797500 0.599100
vn 0.036500 0.802500 0.595400
vn 0.074600 0.840700 0.536400
vn 0.040600 0.847600 0.529000
vn 0.128100 0.796200 0.591400
vn 0.130300 0.836300 0.532500
vn 0.016700 0.808700 0.587900
vn 0.011200 0.763700 0.645500
vn 0.007000 0.813400 0.581600
vn -0.000600 0.764200 0.644900
vn 0.021500 0.856400 0.515800
vn 0.012700 0.865400 0.501000
vn 0.007300 0.727800 0.685700
vn 0.007000 0.709800 0.704400
vn -0.007400 0.726100 0.687600
vn -0.010600 0.709100 0.705000
vn 0.037600 0.639600 0.767800
vn 0.085800 0.638200 0.765000
vn 0.082800 0.684200 0.724600
vn 0.037800 0.686700 0.725900
vn 0.156200 0.648500 0.745000
vn 0.149500 0.692600 0.705600
vn 0.007800 0.691700 0.722100
vn 0.005200 0.644300 0.764800
vn -0.012100 0.693600 0.720300
vn -0.016500 0.646700 0.762600
vn -0.002600 0.548700 0.836000
vn 0.032700 0.548100 0.835700
vn -0.016400 0.385700 0.922500
vn 0.022100 0.397600 0.917300
vn -0.025600 0.548300 0.835900
vn -0.040000 0.375000 0.926100
vn 0.085400 0.550700 0.830300
vn 0.162500 0.562800 0.810400
vn 0.080400 0.410200 0.908400
vn 0.166500 0.423200 0.890600
vn 0.328700 0.701000 0.632900
vn 0.311500 0.741200 0.594600
vn 0.230600 0.713600 0.661500
vn 0.241800 0.671500 0.700400
vn 0.302500 0.750600 0.587400
vn 0.222100 0.727700 0.648800
vn 0.257300 0.584200 0.769800
vn 0.357700 0.609200 0.707700
vn 0.273400 0.434700 0.858000
vn 0.392300 0.442100 0.806600
vn 0.458600 0.632200 0.624400
vn 0.410200 0.730300 0.546300
vn 0.554400 0.647000 0.523400
vn 0.482300 0.752200 0.449000
vn 0.519700 0.441800 0.731200
vn 0.648000 0.430900 0.627900
vn 0.384900 0.769100 0.510200
vn 0.375800 0.774000 0.509600
vn 0.447100 0.789900 0.419500
vn 0.438100 0.791000 0.427100
vn 0.280900 0.771800 0.570500
vn 0.204300 0.764100 0.611800
vn 0.213200 0.739300 0.638700
vn 0.293200 0.754900 0.586700
vn 0.367800 0.771600 0.518900
vn 0.353500 0.780900 0.515000
vn 0.431700 0.783800 0.446300
vn 0.414600 0.788400 0.454500
vn 0.337200 0.798900 0.498000
vn 0.269600 0.797800 0.539300
vn 0.327000 0.821800 0.466600
vn 0.264800 0.828300 0.493700
vn 0.391800 0.801600 0.451500
vn 0.371000 0.816000 0.443300
vn 0.198600 0.797100 0.570100
vn 0.198400 0.832900 0.516500
vn -0.020300 -0.061800 0.997900
vn -0.039600 -0.279300 0.959300
vn 0.008600 -0.252000 0.967700
vn 0.036200 -0.032400 0.998800
vn 0.087200 -0.231600 0.968900
vn 0.123900 -0.015000 0.992200
vn -0.052500 -0.435800 0.898500
vn -0.013700 -0.413600 0.910300
vn 0.052800 -0.393900 0.917600
vn 0.063300 0.208500 0.976000
vn 0.002800 0.184400 0.982800
vn 0.153800 0.222000 0.962800
vn -0.035500 0.158100 0.986800
vn -0.053800 -0.091600 0.994300
vn -0.056800 0.135900 0.989100
vn -0.069600 -0.115000 0.990900
vn -0.065800 -0.304400 0.950300
vn -0.071700 -0.454300 0.887900
vn -0.075500 -0.322500 0.943500
vn -0.076500 -0.467000 0.880900
vn -0.064800 -0.652000 0.755400
vn -0.043200 -0.641800 0.765600
vn -0.030900 -0.536500 0.843300
vn -0.060700 -0.552800 0.831100
vn -0.002000 -0.631100 0.775700
vn 0.022700 -0.520100 0.853800
vn -0.073800 -0.565700 0.821300
vn -0.072800 -0.660100 0.747600
vn -0.074700 -0.574300 0.815200
vn -0.070700 -0.665400 0.743100
vn -0.069600 -0.736100 0.673300
vn -0.065300 -0.731800 0.678400
vn -0.065000 -0.795100 0.602900
vn -0.062900 -0.793500 0.605300
vn -0.065400 -0.738900 0.670600
vn -0.059500 -0.796300 0.601900
vn -0.049900 -0.726900 0.684900
vn -0.018600 -0.722500 0.691100
vn -0.051100 -0.792500 0.607700
vn -0.025800 -0.793300 0.608300
vn 0.150200 -0.617100 0.772400
vn 0.207900 -0.502900 0.838900
vn 0.103000 -0.506900 0.855800
vn 0.062000 -0.621300 0.781100
vn 0.265500 -0.383700 0.884400
vn 0.147900 -0.381700 0.912400
vn 0.030900 -0.719300 0.694000
vn 0.101700 -0.719000 0.687500
vn 0.014400 -0.796000 0.605000
vn 0.073100 -0.799600 0.596100
vn 0.191000 -0.726900 0.659700
vn 0.259700 -0.629300 0.732400
vn 0.285500 -0.747800 0.599400
vn 0.375300 -0.662300 0.648400
vn 0.148900 -0.802000 0.578400
vn 0.217600 -0.801300 0.557300
vn 0.332800 -0.521300 0.785800
vn 0.399500 -0.412000 0.818900
vn 0.461300 -0.566400 0.682900
vn 0.533800 -0.467900 0.704300
vn 0.371400 -0.030900 0.927900
vn 0.238700 -0.013700 0.971000
vn 0.194300 -0.224000 0.955000
vn 0.321500 -0.234200 0.917500
vn 0.462400 -0.272000 0.843900
vn 0.517700 -0.072300 0.852500
vn 0.602500 -0.336900 0.723500
vn 0.664800 -0.136900 0.734300
vn 0.544100 0.180800 0.819200
vn 0.399800 0.210000 0.892200
vn 0.691800 0.135200 0.709300
vn 0.268600 0.222800 0.937100
vn -0.067400 0.715500 0.695400
vn -0.062100 0.674900 0.735200
vn -0.051700 0.671600 0.739100
vn -0.054500 0.718300 0.693500
vn -0.043800 0.676400 0.735300
vn -0.042200 0.726000 0.686400
vn -0.059100 0.669900 0.740000
vn -0.050800 0.663600 0.746300
vn -0.045800 0.665900 0.744700
vn -0.057200 0.785400 0.616400
vn -0.072100 0.774500 0.628400
vn -0.056900 0.855400 0.514700
vn -0.072100 0.837100 0.542300
vn -0.041000 0.796200 0.603600
vn -0.039000 0.869100 0.493100
vn -0.087600 0.766000 0.636800
vn -0.082400 0.717900 0.691200
vn -0.105600 0.762800 0.637900
vn -0.100300 0.726300 0.680000
vn -0.087600 0.818000 0.568400
vn -0.106600 0.803600 0.585600
vn -0.076000 0.685900 0.723700
vn -0.071400 0.684500 0.725500
vn -0.093500 0.703700 0.704300
vn -0.087500 0.706500 0.702300
vn -0.052000 0.636900 0.769200
vn -0.047900 0.628800 0.776100
vn -0.050400 0.664700 0.745400
vn -0.056800 0.671600 0.738700
vn -0.047600 0.627800 0.776900
vn -0.047200 0.665200 0.745200
vn -0.067200 0.686600 0.723900
vn -0.060400 0.654000 0.754100
vn -0.081300 0.710200 0.699300
vn -0.073000 0.681600 0.728100
vn -0.050000 0.573000 0.818000
vn -0.043800 0.550000 0.834000
vn -0.034200 0.431800 0.901300
vn -0.030400 0.394700 0.918300
vn -0.061500 0.610000 0.789900
vn -0.044900 0.487200 0.872100
vn -0.043000 0.538100 0.841800
vn -0.047100 0.534300 0.844000
vn -0.033800 0.372600 0.927300
vn -0.044300 0.361600 0.931300
vn -0.041500 0.638200 0.768800
vn -0.036800 0.680900 0.731400
vn -0.043800 0.671600 0.739600
vn -0.046800 0.631700 0.773800
vn -0.033200 0.689100 0.723900
vn -0.040800 0.675600 0.736100
vn -0.050600 0.535500 0.843000
vn -0.048400 0.539900 0.840300
vn -0.054400 0.357700 0.932200
vn -0.057300 0.359700 0.931300
vn -0.040200 0.544900 0.837500
vn -0.031400 0.644200 0.764200
vn -0.052800 0.366000 0.929100
vn -0.026200 0.689500 0.723800
vn -0.023000 0.701700 0.712100
vn -0.019300 0.749100 0.662100
vn -0.030400 0.737100 0.675100
vn -0.036300 0.688200 0.724600
vn -0.027600 0.703400 0.710300
vn -0.017700 0.717400 0.696400
vn -0.009200 0.759100 0.650800
vn -0.000300 0.814400 0.580300
vn -0.011100 0.811400 0.584400
vn 0.005800 0.872500 0.488600
vn -0.005500 0.876300 0.481600
vn -0.024800 0.805100 0.592600
vn -0.020600 0.875800 0.482300
vn 0.008800 -0.038600 0.999200
vn 0.028400 -0.246000 0.968800
vn 0.010800 -0.282200 0.959300
vn -0.004500 -0.080100 0.996800
vn -0.016500 -0.307400 0.951400
vn -0.027600 -0.107900 0.993800
vn 0.044000 -0.416300 0.908100
vn 0.023300 -0.439500 0.897900
vn -0.006500 -0.455900 0.890000
vn -0.020300 0.150000 0.988500
vn -0.011900 0.185400 0.982600
vn -0.037600 0.128300 0.991000
vn -0.012600 0.239000 0.970900
vn 0.012000 0.021000 0.999700
vn -0.021900 0.314600 0.948900
vn 0.005600 0.103800 0.994600
vn 0.036000 -0.195200 0.980100
vn 0.055200 -0.383800 0.921700
vn 0.033600 -0.124400 0.991600
vn 0.056900 -0.338200 0.939300
vn 0.061300 -0.651600 0.756000
vn 0.039100 -0.656400 0.753300
vn 0.032600 -0.560100 0.827800
vn 0.054700 -0.548500 0.834300
vn 0.008600 -0.660800 0.750500
vn 0.001700 -0.568700 0.822500
vn 0.068100 -0.532500 0.843700
vn 0.075100 -0.645900 0.759700
vn 0.072300 -0.510000 0.857100
vn 0.080100 -0.638700 0.765200
vn 0.077200 -0.734000 0.674800
vn 0.064400 -0.732600 0.677600
vn 0.074400 -0.803100 0.591200
vn 0.064100 -0.796500 0.601100
vn 0.081100 -0.737600 0.670300
vn 0.075400 -0.814300 0.575400
vn 0.043400 -0.733100 0.678800
vn 0.014200 -0.734800 0.678200
vn 0.045400 -0.793800 0.606400
vn 0.018100 -0.793500 0.608200
vn -0.044900 -0.666800 0.743800
vn -0.051600 -0.578200 0.814200
vn -0.029000 -0.574800 0.817700
vn -0.021900 -0.664400 0.747100
vn -0.057600 -0.472900 0.879200
vn -0.036400 -0.467100 0.883400
vn -0.015400 -0.736800 0.675900
vn -0.038100 -0.738700 0.673000
vn -0.009900 -0.794300 0.607300
vn -0.031800 -0.795500 0.605100
vn -0.054600 -0.739600 0.670800
vn -0.061000 -0.667400 0.742100
vn -0.048200 -0.796400 0.602900
vn -0.066700 -0.578400 0.813000
vn -0.071000 -0.473100 0.878100
vn -0.066200 -0.131800 0.989000
vn -0.051200 -0.124900 0.990800
vn -0.044100 -0.323900 0.945100
vn -0.063000 -0.332000 0.941200
vn -0.073600 -0.331700 0.940500
vn -0.072500 -0.128600 0.989000
vn -0.065300 0.121000 0.990500
vn -0.064500 0.114400 0.991300
vn -0.055100 0.116600 0.991600
vn -0.073200 0.854200 0.514700
vn -0.064500 0.840800 0.537500
vn -0.073700 0.818700 0.569400
vn -0.088200 0.830100 0.550600
vn -0.095300 0.797800 0.595300
vn -0.110100 0.805000 0.582900
vn -0.065200 0.824300 0.562300
vn -0.064700 0.811100 0.581300
vn -0.082600 0.800200 0.594000
vn -0.106500 0.840700 0.530800
vn -0.088400 0.863800 0.495900
vn -0.125200 0.847400 0.515900
vn -0.108100 0.867100 0.486300
vn -0.125800 0.816400 0.563600
vn -0.140400 0.828200 0.542500
vn -0.079300 0.882000 0.464600
vn -0.072600 0.875300 0.478000
vn -0.089200 0.897900 0.430900
vn -0.093500 0.896100 0.434000
vn -0.094300 0.884100 0.457600
vn -0.090800 0.896000 0.434600
vn -0.073900 0.863400 0.499000
vn -0.089100 0.842300 0.531500
vn -0.108100 0.887800 0.447300
vn -0.141900 0.866300 0.478900
vn -0.106900 0.765800 0.634100
vn -0.077700 0.776200 0.625700
vn -0.065200 0.800200 0.596100
vn -0.078700 0.801500 0.592800
vn -0.076800 0.783400 0.616700
vn -0.075500 0.800200 0.594900
vn -0.120900 0.809900 0.574000
vn -0.170200 0.760500 0.626700
vn -0.196200 0.828000 0.525200
vn -0.272100 0.764100 0.584900
vn -0.242400 0.675400 0.696500
vn -0.152000 0.705300 0.692400
vn -0.341700 0.520100 0.782700
vn -0.217600 0.598800 0.770700
vn -0.377200 0.646700 0.662900
vn -0.507400 0.428100 0.747800
vn -0.102400 0.731200 0.674400
vn -0.085900 0.744400 0.662100
vn -0.140300 0.653600 0.743700
vn -0.102100 0.677400 0.728500
vn -0.089600 0.752000 0.652900
vn -0.097800 0.769000 0.631700
vn -0.091800 0.791200 0.604500
vn -0.086600 0.776700 0.623900
vn -0.107200 0.760700 0.640200
vn -0.101500 0.784500 0.611800
vn -0.085100 0.736000 0.671600
vn -0.081900 0.704000 0.705400
vn -0.085500 0.665600 0.741300
vn -0.072800 0.621300 0.780100
vn -0.073700 0.657700 0.749600
vn -0.084600 0.717100 0.691800
vn -0.059100 0.556100 0.829000
vn -0.093600 0.739700 0.666400
vn -0.101700 0.733300 0.672300
vn -0.126200 0.758900 0.638800
vn -0.125200 0.781000 0.611800
vn -0.113300 0.775600 0.621000
vn -0.116900 0.750800 0.650100
vn -0.109300 0.726100 0.678800
vn -0.116900 0.740300 0.661900
vn -0.123100 0.766800 0.630000
vn -0.134400 0.777800 0.613900
vn -0.126300 0.797900 0.589300
vn -0.140800 0.801400 0.581300
vn -0.136600 0.794800 0.591200
vn -0.146700 0.812100 0.564700
vn -0.365200 0.187000 0.911900
vn -0.405300 -0.083900 0.910300
vn -0.277100 0.046200 0.959700
vn -0.240700 0.317400 0.917200
vn -0.161000 0.115000 0.980200
vn -0.146700 0.378500 0.913900
vn -0.408200 -0.332000 0.850300
vn -0.284000 -0.238800 0.928600
vn -0.157300 -0.184500 0.970200
vn -0.189000 0.523000 0.831100
vn -0.295100 0.426300 0.855100
vn -0.123700 0.564200 0.816300
vn -0.441000 0.284300 0.851300
vn -0.506500 0.010500 0.862100
vn -0.604700 0.124500 0.786600
vn -0.636200 -0.168200 0.752900
vn -0.527100 -0.244200 0.813900
vn -0.513700 -0.441400 0.735600
vn -0.621400 -0.391600 0.678600
vn -0.588500 -0.538100 0.603400
vn -0.348000 -0.667000 0.658700
vn -0.236800 -0.649700 0.722300
vn -0.265800 -0.475800 0.838400
vn -0.384400 -0.524200 0.759800
vn -0.117600 -0.633900 0.764400
vn -0.139100 -0.443600 0.885300
vn -0.482200 -0.582500 0.654300
vn -0.440700 -0.690700 0.573300
vn -0.549500 -0.637800 0.539700
vn -0.502500 -0.719300 0.479600
vn -0.393800 -0.778900 0.488000
vn -0.307400 -0.779600 0.545600
vn -0.353100 -0.849300 0.392400
vn -0.272300 -0.865500 0.420400
vn -0.450700 -0.787800 0.419800
vn -0.407300 -0.834300 0.371500
vn -0.207100 -0.780400 0.590000
vn -0.100100 -0.774400 0.624700
vn -0.183500 -0.875000 0.448000
vn -0.090700 -0.874400 0.476500
vn 0.040200 -0.624600 0.779900
vn 0.028500 -0.453700 0.890700
vn -0.034900 -0.436400 0.899000
vn -0.019300 -0.624200 0.781000
vn 0.008700 -0.221400 0.975100
vn -0.054700 -0.181200 0.981900
vn -0.011400 -0.763200 0.646000
vn 0.042900 -0.752500 0.657200
vn -0.013200 -0.863800 0.503600
vn 0.035900 -0.847600 0.529500
vn 0.071900 -0.743700 0.664600
vn 0.071000 -0.630600 0.772800
vn 0.064100 -0.830000 0.554100
vn 0.061900 -0.481500 0.874200
vn 0.043800 -0.280200 0.958900
vn -0.040300 0.302900 0.952100
vn -0.082100 0.369100 0.925700
vn -0.072200 0.112900 0.991000
vn -0.016300 0.052400 0.998500
vn 0.017700 -0.035700 0.999200
vn -0.011600 0.205200 0.978600
vn -0.038300 0.406400 0.912800
vn -0.059400 0.492800 0.868100
vn -0.085300 0.551000 0.830100
vn 0.137500 -0.119900 -0.983200
vn 0.128600 -0.282400 -0.950600
vn 0.064600 -0.250600 -0.965900
vn 0.070300 -0.091200 -0.993300
vn 0.020100 -0.237400 -0.971200
vn 0.024200 -0.079100 -0.996600
vn 0.116100 -0.430900 -0.894900
vn 0.056800 -0.404600 -0.912700
vn 0.015000 -0.395000 -0.918500
vn 0.073900 0.077200 -0.994300
vn 0.142300 0.061900 -0.987900
vn 0.075100 0.256100 -0.963700
vn 0.141600 0.263300 -0.954200
vn 0.027400 0.082100 -0.996200
vn 0.029700 0.247900 -0.968300
vn 0.239100 0.033700 -0.970400
vn 0.230000 -0.169300 -0.958300
vn 0.369900 -0.006400 -0.929000
vn 0.350000 -0.239200 -0.905600
vn 0.235800 0.269300 -0.933700
vn 0.363800 0.276300 -0.889600
vn 0.214300 -0.337700 -0.916500
vn 0.193700 -0.479600 -0.855800
vn 0.319900 -0.415800 -0.851300
vn 0.285600 -0.550200 -0.784600
vn 0.084600 -0.684300 -0.724200
vn 0.039500 -0.673100 -0.738500
vn 0.047500 -0.549400 -0.834200
vn 0.100200 -0.566500 -0.817900
vn 0.006600 -0.668100 -0.744000
vn 0.009900 -0.543700 -0.839200
vn 0.169000 -0.601900 -0.780500
vn 0.142800 -0.707400 -0.692300
vn 0.248100 -0.657500 -0.711400
vn 0.208100 -0.745400 -0.633200
vn 0.120000 -0.790300 -0.600800
vn 0.073800 -0.776900 -0.625200
vn 0.111000 -0.846400 -0.520800
vn 0.072200 -0.840500 -0.537000
vn 0.170000 -0.812600 -0.557500
vn 0.143900 -0.849600 -0.507300
vn 0.035900 -0.767800 -0.639600
vn 0.006400 -0.761600 -0.648000
vn 0.038200 -0.833000 -0.551900
vn 0.009900 -0.826000 -0.563500
vn -0.030400 -0.669200 -0.742500
vn -0.030900 -0.549600 -0.834800
vn -0.015300 -0.544800 -0.838400
vn -0.016300 -0.667200 -0.744700
vn -0.030000 -0.401700 -0.915300
vn -0.012800 -0.395700 -0.918300
vn -0.015000 -0.758100 -0.652000
vn -0.028400 -0.756900 -0.652900
vn -0.011500 -0.820800 -0.571000
vn -0.025000 -0.817200 -0.575700
vn -0.035300 -0.757000 -0.652400
vn -0.037600 -0.672600 -0.739000
vn -0.037000 -0.757700 -0.651500
vn -0.039000 -0.676900 -0.735000
vn -0.032200 -0.814600 -0.579100
vn -0.034200 -0.812400 -0.582100
vn -0.038700 -0.556300 -0.830000
vn -0.038500 -0.410500 -0.911000
vn -0.039900 -0.564400 -0.824500
vn -0.039500 -0.421400 -0.906000
vn -0.025300 -0.083100 -0.996200
vn -0.006200 -0.078000 -0.996900
vn -0.009600 -0.236300 -0.971600
vn -0.028000 -0.241900 -0.969900
vn -0.037000 -0.251300 -0.967200
vn -0.034600 -0.092000 -0.995100
vn -0.037900 -0.263300 -0.964000
vn -0.035400 -0.103100 -0.994000
vn -0.031700 0.067600 -0.997200
vn -0.022300 0.075000 -0.996900
vn -0.028700 0.228700 -0.973100
vn -0.019300 0.233900 -0.972000
vn -0.032600 0.059200 -0.997700
vn -0.029700 0.224400 -0.974000
vn -0.003100 0.080300 -0.996700
vn -0.000400 0.240300 -0.970700
vn -0.014900 0.487800 -0.872800
vn -0.013500 0.560800 -0.827800
vn 0.004600 0.568100 -0.822900
vn 0.003100 0.494700 -0.869000
vn 0.032700 0.585600 -0.809900
vn 0.031100 0.510100 -0.859500
vn -0.012400 0.603300 -0.797400
vn 0.006700 0.611400 -0.791300
vn 0.036200 0.631400 -0.774600
vn 0.001600 0.385100 -0.922800
vn -0.016800 0.378100 -0.925600
vn 0.030500 0.398000 -0.916800
vn -0.026000 0.375200 -0.926500
vn -0.024000 0.486700 -0.873200
vn -0.027100 0.375200 -0.926500
vn -0.025300 0.489200 -0.871800
vn -0.022900 0.560300 -0.828000
vn -0.022500 0.602400 -0.797900
vn -0.024600 0.563500 -0.825700
vn -0.024700 0.605300 -0.795600
vn -0.007800 0.701500 -0.712600
vn 0.014500 0.709700 -0.704300
vn 0.009800 0.652100 -0.758000
vn -0.010800 0.643400 -0.765400
vn 0.048600 0.729300 -0.682400
vn 0.041600 0.673100 -0.738300
vn -0.021800 0.642100 -0.766300
vn -0.019800 0.699900 -0.713900
vn -0.024600 0.644400 -0.764300
vn -0.023600 0.701100 -0.712700
vn -0.015900 0.768100 -0.640100
vn -0.002600 0.770100 -0.637900
vn -0.009100 0.838500 -0.544800
vn 0.005300 0.840900 -0.541200
vn -0.020800 0.767600 -0.640500
vn -0.015200 0.836100 -0.548400
vn 0.021100 0.777000 -0.629100
vn 0.057300 0.792700 -0.606800
vn 0.030100 0.845800 -0.532600
vn 0.067500 0.855800 -0.512900
vn 0.131200 0.797900 -0.588300
vn 0.126100 0.752800 -0.646100
vn 0.081500 0.708200 -0.701300
vn 0.089400 0.760600 -0.643000
vn 0.121700 0.710200 -0.693400
vn 0.074900 0.665300 -0.742800
vn 0.098600 0.817000 -0.568100
vn 0.136900 0.844400 -0.517900
vn 0.109100 0.870900 -0.479100
vn 0.145000 0.887400 -0.437500
vn 0.173100 0.870600 -0.460400
vn 0.174100 0.837200 -0.518300
vn 0.204700 0.896200 -0.393500
vn 0.214700 0.874200 -0.435500
vn 0.176200 0.901200 -0.396000
vn 0.197500 0.910000 -0.364400
vn 0.174500 0.800900 -0.572700
vn 0.176200 0.760600 -0.624800
vn 0.224600 0.846400 -0.482900
vn 0.237000 0.810700 -0.535300
vn 0.125700 0.571800 -0.810700
vn 0.071000 0.536000 -0.841200
vn 0.071100 0.615400 -0.784900
vn 0.121000 0.656100 -0.744800
vn 0.183200 0.704600 -0.685500
vn 0.197400 0.616400 -0.762200
vn 0.256500 0.757200 -0.600700
vn 0.286300 0.668700 -0.686200
vn 0.217000 0.477900 -0.851200
vn 0.133800 0.444400 -0.885700
vn 0.325700 0.519400 -0.790000
vn 0.073100 0.417900 -0.905500
vn 0.044100 -0.660400 -0.749600
vn 0.046400 -0.560200 -0.827100
vn 0.029100 -0.575400 -0.817300
vn 0.026800 -0.673900 -0.738300
vn 0.008800 -0.584200 -0.811500
vn 0.006900 -0.682800 -0.730500
vn 0.048500 -0.430500 -0.901300
vn 0.031500 -0.445000 -0.895000
vn 0.011100 -0.452400 -0.891700
vn 0.025100 -0.743900 -0.667800
vn 0.041800 -0.733500 -0.678400
vn 0.023900 -0.792100 -0.609900
vn 0.039700 -0.785300 -0.617800
vn 0.005800 -0.751900 -0.659200
vn 0.005600 -0.798400 -0.602100
vn 0.056200 -0.721600 -0.690000
vn 0.058800 -0.643400 -0.763200
vn 0.068200 -0.709600 -0.701300
vn 0.071100 -0.624500 -0.777700
vn 0.053300 -0.778900 -0.624800
vn 0.064500 -0.773700 -0.630300
vn 0.061000 -0.539800 -0.839500
vn 0.062400 -0.410500 -0.909700
vn 0.072800 -0.516300 -0.853300
vn 0.073300 -0.387600 -0.918900
vn 0.048300 -0.112000 -0.992500
vn 0.032900 -0.124700 -0.991600
vn 0.033100 -0.291500 -0.956000
vn 0.049400 -0.278700 -0.959100
vn 0.013900 -0.131700 -0.991200
vn 0.013100 -0.297700 -0.954600
vn 0.062500 -0.261600 -0.963100
vn 0.060600 -0.096900 -0.993400
vn 0.072500 -0.243400 -0.967200
vn 0.070300 -0.083500 -0.994000
vn 0.056200 0.082400 -0.995000
vn 0.044500 0.068600 -0.996600
vn 0.048300 0.273000 -0.960800
vn 0.037300 0.260500 -0.964700
vn 0.065800 0.090600 -0.993700
vn 0.058600 0.275300 -0.959500
vn 0.030300 0.054800 -0.998000
vn 0.013100 0.045400 -0.998900
vn 0.024800 0.245000 -0.969200
vn 0.010000 0.231900 -0.972700
vn -0.019600 -0.124800 -0.992000
vn -0.021900 -0.287900 -0.957400
vn -0.006700 -0.296000 -0.955100
vn -0.004900 -0.131300 -0.991300
vn -0.024000 -0.444300 -0.895500
vn -0.008800 -0.451700 -0.892100
vn -0.004100 0.042300 -0.999100
vn -0.017600 0.044900 -0.998800
vn -0.004600 0.224000 -0.974600
vn -0.016300 0.221000 -0.975100
vn -0.027200 0.051100 -0.998300
vn -0.029900 -0.114700 -0.993000
vn -0.024800 0.221600 -0.974800
vn -0.032400 -0.276100 -0.960500
vn -0.034400 -0.433400 -0.900500
vn -0.025900 -0.685200 -0.727900
vn -0.012000 -0.686300 -0.727200
vn -0.010800 -0.585600 -0.810500
vn -0.025500 -0.581100 -0.813400
vn -0.035300 -0.573300 -0.818600
vn -0.035000 -0.681500 -0.730900
vn -0.033700 -0.758400 -0.650900
vn -0.025400 -0.758300 -0.651300
vn -0.031500 -0.810000 -0.585500
vn -0.023900 -0.807100 -0.589900
vn -0.012200 -0.756600 -0.653800
vn -0.011600 -0.803400 -0.595300
vn 0.017900 0.548400 -0.836000
vn 0.011000 0.610100 -0.792300
vn 0.002500 0.601200 -0.799100
vn 0.008700 0.534800 -0.844900
vn -0.005000 0.591800 -0.806100
vn -0.000400 0.521100 -0.853500
vn 0.007800 0.631200 -0.775600
vn -0.000800 0.628100 -0.778100
vn -0.008000 0.624300 -0.781100
vn 0.016800 0.416000 -0.909200
vn 0.027400 0.432000 -0.901400
vn 0.005100 0.400800 -0.916100
vn 0.037700 0.443300 -0.895500
vn 0.027900 0.557800 -0.829500
vn 0.049000 0.442800 -0.895300
vn 0.039900 0.557700 -0.829100
vn 0.021200 0.616100 -0.787300
vn 0.018100 0.633500 -0.773500
vn 0.033800 0.616600 -0.786600
vn 0.030900 0.634700 -0.772100
vn 0.003600 0.680000 -0.733200
vn -0.004300 0.688000 -0.725700
vn -0.002700 0.649800 -0.760100
vn 0.005800 0.647100 -0.762300
vn -0.011200 0.695500 -0.718400
vn -0.009900 0.651800 -0.758300
vn 0.015900 0.645600 -0.763500
vn 0.012500 0.674600 -0.738100
vn 0.027700 0.646900 -0.762000
vn 0.022000 0.674800 -0.737600
vn 0.009200 0.711700 -0.702400
vn 0.002500 0.721100 -0.692800
vn 0.007800 0.751200 -0.660000
vn 0.004000 0.764400 -0.644700
vn 0.015200 0.709900 -0.704100
vn 0.008900 0.746700 -0.665100
vn -0.004300 0.734200 -0.678900
vn -0.010900 0.746900 -0.664800
vn -0.001400 0.781900 -0.623300
vn -0.007700 0.799400 -0.600700
vn -0.020400 0.702300 -0.711500
vn -0.020000 0.650200 -0.759500
vn -0.015600 0.651900 -0.758100
vn -0.016600 0.700300 -0.713600
vn -0.018800 0.614700 -0.788500
vn -0.014000 0.619700 -0.784700
vn -0.016200 0.756600 -0.653600
vn -0.019500 0.762800 -0.646300
vn -0.013000 0.813800 -0.580900
vn -0.015900 0.824400 -0.565800
vn -0.021000 0.766300 -0.642200
vn -0.022700 0.702300 -0.711500
vn -0.016600 0.831700 -0.555000
vn -0.023000 0.647500 -0.761700
vn -0.022500 0.609800 -0.792200
vn -0.016300 0.500600 -0.865500
vn -0.009000 0.509500 -0.860400
vn -0.011800 0.583000 -0.812400
vn -0.017500 0.575300 -0.817700
vn -0.021800 0.568800 -0.822200
vn -0.021800 0.493900 -0.869200
vn -0.022800 0.377300 -0.925800
vn -0.015800 0.381700 -0.924100
vn -0.006400 0.389300 -0.921100
vn -0.233500 -0.692900 -0.682100
vn -0.272200 -0.610900 -0.743400
vn -0.170200 -0.579200 -0.797100
vn -0.142800 -0.666800 -0.731300
vn -0.072100 -0.538900 -0.839200
vn -0.055500 -0.637600 -0.768400
vn -0.309400 -0.544100 -0.779900
vn -0.197100 -0.504700 -0.840400
vn -0.089400 -0.449300 -0.888900
vn -0.120900 -0.756600 -0.642500
vn -0.199300 -0.779000 -0.594500
vn -0.111500 -0.832100 -0.543300
vn -0.180000 -0.851200 -0.493000
vn -0.043700 -0.731900 -0.680000
vn -0.041100 -0.809300 -0.585900
vn -0.275500 -0.804400 -0.526300
vn -0.324900 -0.725700 -0.606400
vn -0.338800 -0.834100 -0.435300
vn -0.410000 -0.765300 -0.496200
vn -0.245400 -0.864400 -0.438800
vn -0.293000 -0.871300 -0.393500
vn -0.378700 -0.644400 -0.664300
vn -0.428100 -0.576600 -0.695900
vn -0.483700 -0.687400 -0.541700
vn -0.549000 -0.613700 -0.567400
vn -0.384400 -0.329300 -0.862400
vn -0.246700 -0.291300 -0.924300
vn -0.222000 -0.420100 -0.879900
vn -0.345800 -0.462800 -0.816200
vn -0.118100 -0.224300 -0.967300
vn -0.104400 -0.353500 -0.929600
vn -0.478400 -0.489800 -0.728800
vn -0.533000 -0.344200 -0.772900
vn -0.615900 -0.515300 -0.595900
vn -0.688200 -0.351100 -0.634900
vn -0.575600 -0.117300 -0.809200
vn -0.416100 -0.122400 -0.901000
vn -0.570200 0.179900 -0.801500
vn -0.416000 0.155200 -0.896000
vn -0.740300 -0.098900 -0.664900
vn -0.724600 0.218900 -0.653400
vn -0.267100 -0.101600 -0.958300
vn -0.129800 -0.051900 -0.990200
vn -0.269300 0.150500 -0.951200
vn -0.133400 0.166400 -0.977000
vn 0.040000 -0.104600 -0.993700
vn 0.043900 -0.247900 -0.967800
vn -0.011100 -0.286500 -0.958000
vn -0.017700 -0.151700 -0.988300
vn 0.048100 -0.373300 -0.926500
vn -0.003200 -0.397800 -0.917400
vn -0.023500 0.009900 -0.999700
vn 0.035800 0.056500 -0.997700
vn -0.027000 0.197700 -0.979900
vn 0.031500 0.232900 -0.972000
vn 0.063000 0.083700 -0.994500
vn 0.067200 -0.082900 -0.994300
vn 0.057100 0.261400 -0.963500
vn 0.070000 -0.235100 -0.969400
vn 0.072100 -0.371600 -0.925600
vn 0.055400 -0.604800 -0.794500
vn 0.014300 -0.613300 -0.789700
vn 0.006100 -0.504500 -0.863400
vn 0.052500 -0.492000 -0.869000
vn 0.073400 -0.497300 -0.864400
vn 0.073100 -0.609400 -0.789500
vn 0.070900 -0.701200 -0.709400
vn 0.055300 -0.701200 -0.710800
vn 0.066700 -0.772000 -0.632100
vn 0.051800 -0.776800 -0.627600
vn 0.018600 -0.711000 -0.702900
vn 0.017100 -0.789300 -0.613700
vn -0.303100 0.595700 -0.743800
vn -0.253900 0.696300 -0.671300
vn -0.162100 0.669900 -0.724400
vn -0.193800 0.570500 -0.798100
vn -0.076600 0.641400 -0.763300
vn -0.092200 0.546400 -0.832400
vn -0.221200 0.750600 -0.622600
vn -0.142100 0.722600 -0.676500
vn -0.067700 0.691300 -0.719400
vn -0.234900 0.398100 -0.886700
vn -0.365100 0.418700 -0.831400
vn -0.114000 0.386200 -0.915300
vn -0.500700 0.450900 -0.738900
vn -0.417900 0.626600 -0.657800
vn -0.632400 0.495500 -0.595400
vn -0.528500 0.667300 -0.524800
vn -0.351700 0.725500 -0.591500
vn -0.306300 0.779600 -0.546200
vn -0.447600 0.761700 -0.468400
vn -0.392700 0.812700 -0.430500
vn -0.184600 0.822000 -0.538700
vn -0.125600 0.793500 -0.595500
vn -0.130500 0.758100 -0.638900
vn -0.199400 0.787100 -0.583600
vn -0.067600 0.761300 -0.644800
vn -0.064700 0.725500 -0.685100
vn -0.273900 0.816100 -0.508800
vn -0.247000 0.850000 -0.465300
vn -0.351100 0.846800 -0.399500
vn -0.310600 0.877200 -0.366000
vn -0.229400 0.878600 -0.418700
vn -0.179800 0.854300 -0.487700
vn -0.231600 0.899000 -0.371500
vn -0.190300 0.880000 -0.435100
vn -0.276900 0.900300 -0.335900
vn -0.260800 0.910100 -0.321900
vn -0.129600 0.826600 -0.547700
vn -0.077400 0.795400 -0.601100
vn -0.144800 0.854300 -0.499100
vn -0.094600 0.824900 -0.557200
vn 0.011300 0.702700 -0.711400
vn 0.020000 0.670100 -0.742000
vn -0.011600 0.694000 -0.719800
vn -0.019000 0.729100 -0.684100
vn 0.024300 0.646100 -0.762800
vn -0.009100 0.663400 -0.748200
vn -0.031300 0.764000 -0.644400
vn -0.001000 0.737500 -0.675300
vn -0.048400 0.795800 -0.603600
vn -0.016100 0.770900 -0.636700
vn 0.014200 0.718500 -0.695300
vn 0.024500 0.683900 -0.729100
vn 0.002700 0.753500 -0.657400
vn 0.032500 0.654300 -0.755500
vn 0.036700 0.637400 -0.769600
vn 0.027800 0.536500 -0.843400
vn -0.014600 0.532600 -0.846200
vn -0.010600 0.619600 -0.784900
vn 0.026100 0.612000 -0.790400
vn 0.039400 0.613100 -0.789000
vn 0.043900 0.548200 -0.835200
vn 0.050400 0.428100 -0.902300
vn 0.029700 0.405900 -0.913400
vn -0.021100 0.387600 -0.921600
vn -0.050900 -0.888500 0.455900
vn -0.041300 -0.929300 0.366900
vn -0.027100 -0.931900 0.361500
vn -0.039000 -0.891000 0.452300
vn 0.000800 -0.936400 0.350800
vn -0.014300 -0.895900 0.444000
vn -0.029400 -0.964400 0.262900
vn -0.012200 -0.966500 0.256200
vn 0.019600 -0.969500 0.244300
vn -0.047200 -0.845000 0.532600
vn -0.058100 -0.843600 0.533700
vn -0.051100 -0.792500 0.607700
vn -0.062900 -0.793500 0.605300
vn -0.023700 -0.848800 0.528100
vn -0.025800 -0.793300 0.608300
vn -0.059600 -0.843700 0.533400
vn -0.052900 -0.887900 0.457000
vn -0.053600 -0.844200 0.533400
vn -0.047100 -0.888000 0.457400
vn -0.065000 -0.795100 0.602900
vn -0.059500 -0.796300 0.601900
vn -0.044900 -0.928300 0.369000
vn -0.035200 -0.963300 0.266200
vn -0.040000 -0.928300 0.369800
vn -0.032000 -0.963000 0.267600
vn -0.005800 -0.995700 0.091800
vn 0.017600 -0.996300 0.083700
vn 0.003400 -0.987700 0.156100
vn -0.016800 -0.986300 0.163800
vn 0.056600 -0.995800 0.072400
vn 0.038900 -0.988800 0.144200
vn -0.025300 -0.985400 0.168400
vn -0.016800 -0.995100 0.097400
vn -0.024200 -0.985000 0.170900
vn -0.018100 -0.994700 0.101100
vn -0.009600 -0.998600 0.051900
vn 0.003900 -0.998900 0.045400
vn -0.003300 -0.999600 0.027600
vn 0.012700 -0.999700 0.020300
vn -0.013200 -0.998300 0.056400
vn -0.009100 -0.999400 0.032900
vn 0.030200 -0.998800 0.037000
vn 0.072600 -0.997000 0.026000
vn 0.041800 -0.999100 0.011100
vn 0.087600 -0.996200 -0.000200
vn 0.177100 -0.983300 0.040600
vn 0.155000 -0.982000 0.107400
vn 0.089400 -0.987800 0.127200
vn 0.110100 -0.992200 0.057400
vn 0.130300 -0.970300 0.203500
vn 0.066600 -0.971800 0.226000
vn 0.129000 -0.991500 0.012200
vn 0.197300 -0.980300 -0.002900
vn 0.146900 -0.989000 -0.013800
vn 0.216600 -0.975800 -0.028500
vn 0.282600 -0.959100 -0.017200
vn 0.263400 -0.964400 0.024800
vn 0.391900 -0.919500 -0.028600
vn 0.376700 -0.926200 0.012900
vn 0.301100 -0.952600 -0.042600
vn 0.407000 -0.911800 -0.054500
vn 0.242300 -0.966100 0.088700
vn 0.217700 -0.959000 0.181400
vn 0.359600 -0.930100 0.075000
vn 0.338400 -0.926500 0.164600
vn 0.080400 -0.909300 0.408200
vn 0.024500 -0.903100 0.428800
vn 0.043600 -0.941900 0.332900
vn 0.103600 -0.945200 0.309700
vn 0.188900 -0.939500 0.285700
vn 0.161400 -0.907800 0.387100
vn 0.310300 -0.911900 0.268400
vn 0.278000 -0.884600 0.374300
vn 0.144700 -0.860400 0.488500
vn 0.068200 -0.861200 0.503700
vn 0.148900 -0.802000 0.578400
vn 0.073100 -0.799600 0.596100
vn 0.245300 -0.841500 0.481300
vn 0.217600 -0.801300 0.557300
vn 0.013500 -0.855200 0.518100
vn 0.014400 -0.796000 0.605000
vn 0.028800 -0.999600 -0.001400
vn 0.034900 -0.999400 -0.006800
vn 0.070800 -0.997400 -0.013700
vn 0.062900 -0.998000 -0.010100
vn 0.124600 -0.991900 -0.022600
vn 0.114700 -0.993200 -0.020900
vn 0.038400 -0.999200 -0.009300
vn 0.075300 -0.997100 -0.013300
vn 0.130000 -0.991300 -0.018900
vn 0.052900 -0.998600 -0.002200
vn 0.021000 -0.999700 0.007200
vn 0.101800 -0.994700 -0.013800
vn 0.002700 -0.999900 0.014800
vn 0.008300 -0.999900 0.005500
vn -0.005200 -0.999800 0.020500
vn -0.001400 -0.999900 0.010700
vn 0.012800 -0.999900 -0.001400
vn 0.015400 -0.999800 -0.006400
vn 0.001600 -1.000000 0.002500
vn 0.003400 -1.000000 -0.004400
vn 0.035500 -0.999000 -0.026000
vn 0.071100 -0.997100 -0.025100
vn 0.075200 -0.997000 -0.014800
vn 0.038500 -0.999100 -0.013900
vn 0.124200 -0.991900 -0.024800
vn 0.129700 -0.991400 -0.016900
vn 0.015600 -0.999800 -0.013500
vn 0.013600 -0.999500 -0.027200
vn 0.003600 -0.999900 -0.013400
vn 0.002300 -0.999600 -0.028400
vn 0.010100 -0.998700 -0.050000
vn 0.030600 -0.998400 -0.048200
vn 0.005900 -0.996200 -0.086700
vn 0.024900 -0.996000 -0.085600
vn 0.000000 -0.998700 -0.051500
vn -0.002900 -0.996100 -0.087900
vn 0.064500 -0.996800 -0.046500
vn 0.115400 -0.992300 -0.044900
vn 0.056800 -0.994800 -0.084400
vn 0.105000 -0.991000 -0.082600
vn 0.259700 -0.965400 -0.024000
vn 0.268600 -0.963000 -0.023000
vn 0.196400 -0.980300 -0.019800
vn 0.189400 -0.981600 -0.024500
vn 0.270400 -0.962200 -0.033300
vn 0.197200 -0.980000 -0.025800
vn 0.178200 -0.983100 -0.042500
vn 0.246000 -0.968500 -0.038600
vn 0.164800 -0.983200 -0.078500
vn 0.229300 -0.970700 -0.071200
vn 0.318600 -0.947300 -0.033400
vn 0.335700 -0.941600 -0.023100
vn 0.395900 -0.917900 -0.026300
vn 0.417900 -0.908200 -0.020800
vn 0.298000 -0.952600 -0.061100
vn 0.370300 -0.927700 -0.048200
vn 0.347500 -0.937300 -0.026300
vn 0.351500 -0.935300 -0.040800
vn 0.434700 -0.900100 -0.028400
vn 0.443400 -0.895000 -0.047200
vn 0.251600 -0.966700 -0.046800
vn 0.179300 -0.983200 -0.033400
vn 0.191100 -0.981000 -0.033100
vn 0.264200 -0.963400 -0.044200
vn 0.346700 -0.936300 -0.055200
vn 0.335000 -0.940300 -0.059900
vn 0.442800 -0.894300 -0.064800
vn 0.434500 -0.897800 -0.071400
vn 0.319000 -0.946100 -0.055900
vn 0.235100 -0.971100 -0.041900
vn 0.421700 -0.904200 -0.068100
vn 0.164000 -0.986100 -0.027300
vn 0.096600 -0.919600 -0.380600
vn 0.115800 -0.942300 -0.314000
vn 0.075300 -0.940500 -0.331400
vn 0.059500 -0.915700 -0.397400
vn 0.039800 -0.937700 -0.345200
vn 0.027600 -0.910800 -0.411900
vn 0.138200 -0.956500 -0.256900
vn 0.093200 -0.956900 -0.274900
vn 0.053100 -0.956100 -0.287900
vn 0.046800 -0.879900 -0.472800
vn 0.081500 -0.885500 -0.457400
vn 0.038200 -0.833000 -0.551900
vn 0.072200 -0.840500 -0.537000
vn 0.017400 -0.873500 -0.486500
vn 0.009900 -0.826000 -0.563500
vn 0.121900 -0.886600 -0.446100
vn 0.140500 -0.919500 -0.367000
vn 0.165900 -0.878900 -0.447100
vn 0.192700 -0.910800 -0.365200
vn 0.111000 -0.846400 -0.520800
vn 0.143900 -0.849600 -0.507300
vn 0.163300 -0.940500 -0.297700
vn 0.189200 -0.952700 -0.237700
vn 0.219400 -0.931800 -0.289000
vn 0.247600 -0.943200 -0.221500
vn 0.186700 -0.969400 -0.159200
vn 0.131600 -0.975900 -0.174000
vn 0.112400 -0.968200 -0.223600
vn 0.162200 -0.965000 -0.205900
vn 0.080800 -0.979800 -0.182800
vn 0.067100 -0.969600 -0.235200
vn 0.217100 -0.958400 -0.185100
vn 0.246000 -0.959000 -0.140300
vn 0.277800 -0.946500 -0.164200
vn 0.309700 -0.943300 -0.119200
vn 0.273600 -0.956600 -0.099500
vn 0.209500 -0.971000 -0.114600
vn 0.341300 -0.936400 -0.081400
vn 0.149400 -0.980700 -0.125700
vn 0.093500 -0.986800 -0.131700
vn 0.013200 -0.982100 -0.187500
vn 0.007200 -0.969800 -0.243600
vn 0.030900 -0.970000 -0.241000
vn 0.040000 -0.981700 -0.186400
vn 0.000800 -0.953700 -0.300700
vn 0.021500 -0.955000 -0.295800
vn 0.048600 -0.989800 -0.133800
vn 0.019000 -0.990700 -0.134500
vn 0.001600 -0.990900 -0.134700
vn -0.002400 -0.982200 -0.187700
vn -0.006000 -0.990800 -0.135200
vn -0.009100 -0.982100 -0.188100
vn -0.006600 -0.969600 -0.244700
vn -0.011200 -0.952600 -0.303800
vn -0.012300 -0.969200 -0.245800
vn -0.016000 -0.951600 -0.306800
vn -0.013200 -0.902400 -0.430700
vn 0.002700 -0.906300 -0.422500
vn 0.012000 -0.934800 -0.354800
vn -0.006100 -0.932200 -0.361900
vn -0.016400 -0.929900 -0.367400
vn -0.022200 -0.899000 -0.437400
vn -0.020500 -0.927800 -0.372500
vn -0.025500 -0.895700 -0.443800
vn -0.027700 -0.859600 -0.510100
vn -0.019800 -0.863500 -0.504000
vn -0.032200 -0.814600 -0.579100
vn -0.025000 -0.817200 -0.575700
vn -0.030400 -0.856000 -0.516000
vn -0.034200 -0.812400 -0.582100
vn -0.005300 -0.868000 -0.496500
vn -0.011500 -0.820800 -0.571000
vn 0.053200 -0.898800 0.435000
vn 0.043000 -0.939500 0.339900
vn 0.035600 -0.934800 0.353300
vn 0.041700 -0.893300 0.447400
vn 0.018800 -0.932000 0.361900
vn 0.020700 -0.890500 0.454500
vn 0.031300 -0.970800 0.237800
vn 0.027500 -0.968000 0.249400
vn 0.015000 -0.966100 0.257600
vn 0.044900 -0.845800 0.531500
vn 0.060500 -0.850700 0.522200
vn 0.045400 -0.793800 0.606400
vn 0.064100 -0.796500 0.601100
vn 0.020400 -0.843900 0.536000
vn 0.018100 -0.793500 0.608200
vn 0.066700 -0.860000 0.506000
vn 0.055000 -0.907900 0.415600
vn 0.063200 -0.874400 0.481100
vn 0.046500 -0.920700 0.387300
vn 0.074400 -0.803100 0.591200
vn 0.075400 -0.814300 0.575400
vn 0.040800 -0.946300 0.320700
vn 0.026300 -0.974500 0.222500
vn 0.028400 -0.955200 0.294600
vn 0.012000 -0.979100 0.203000
vn 0.013000 -0.996000 0.088000
vn 0.013200 -0.995500 0.093300
vn 0.019400 -0.987500 0.156500
vn 0.020700 -0.988700 0.148300
vn 0.006900 -0.995200 0.097300
vn 0.010600 -0.986600 0.162800
vn 0.014300 -0.990300 0.138100
vn 0.005900 -0.996600 0.081500
vn -0.000500 -0.992000 0.125700
vn -0.009200 -0.997300 0.073500
vn 0.000200 -0.998900 0.047400
vn 0.008100 -0.998600 0.051900
vn -0.003800 -0.999500 0.030900
vn 0.005100 -0.999400 0.034800
vn -0.015500 -0.999000 0.041200
vn -0.021000 -0.999500 0.024600
vn 0.009300 -0.998400 0.055000
vn 0.004500 -0.998400 0.057100
vn 0.007200 -0.999300 0.036800
vn 0.003100 -0.999300 0.037700
vn -0.008700 -0.994700 0.102500
vn -0.010400 -0.985300 0.170500
vn -0.000900 -0.985800 0.167600
vn -0.001700 -0.994900 0.100500
vn -0.013200 -0.963700 0.266500
vn -0.000400 -0.964700 0.263300
vn -0.002500 -0.998300 0.058800
vn -0.007700 -0.998200 0.059600
vn -0.002900 -0.999300 0.038100
vn -0.007000 -0.999200 0.037800
vn -0.011300 -0.998200 0.059000
vn -0.014100 -0.994600 0.102800
vn -0.009100 -0.999300 0.036300
vn -0.018100 -0.985000 0.171700
vn -0.023700 -0.963100 0.267900
vn -0.021200 -0.888300 0.458600
vn -0.002500 -0.889000 0.457900
vn -0.000900 -0.930200 0.367000
vn -0.017000 -0.929100 0.369400
vn -0.029900 -0.928500 0.370100
vn -0.036000 -0.888100 0.458100
vn -0.042100 -0.844100 0.534500
vn -0.026200 -0.843700 0.536100
vn -0.048200 -0.796400 0.602900
vn -0.031800 -0.795500 0.605100
vn -0.005600 -0.843500 0.537100
vn -0.009900 -0.794300 0.607300
vn 0.001400 -0.999800 0.016800
vn -0.000000 -1.000000 0.007000
vn 0.004600 -0.999900 0.008100
vn 0.005300 -0.999800 0.018000
vn 0.002100 -0.999900 0.008200
vn 0.002300 -0.999800 0.018000
vn -0.001200 -1.000000 -0.003600
vn 0.003800 -1.000000 -0.002400
vn 0.001700 -1.000000 -0.001800
vn 0.006100 -0.999600 0.027500
vn 0.003100 -0.999600 0.026000
vn 0.002600 -0.999600 0.027700
vn -0.007200 -0.999700 0.022200
vn -0.010400 -0.999800 0.013500
vn -0.026600 -0.999500 0.015500
vn -0.031900 -0.999500 0.007400
vn -0.012800 -0.999900 0.004500
vn -0.014100 -0.999900 -0.005000
vn -0.035800 -0.999300 0.000100
vn -0.037200 -0.999300 -0.006500
vn -0.002400 -0.999500 -0.032200
vn 0.001500 -0.999500 -0.031700
vn 0.002700 -0.999900 -0.015000
vn -0.002000 -0.999800 -0.016100
vn -0.000100 -0.999500 -0.030700
vn 0.000900 -0.999900 -0.014000
vn -0.014100 -0.999800 -0.016200
vn -0.012500 -0.999400 -0.030900
vn -0.035400 -0.999300 -0.014500
vn -0.030600 -0.999200 -0.026400
vn -0.009500 -0.998700 -0.050900
vn -0.001900 -0.998500 -0.054000
vn -0.004900 -0.996800 -0.079800
vn -0.000100 -0.996300 -0.085600
vn -0.023300 -0.998700 -0.043700
vn -0.014100 -0.997500 -0.069400
vn 0.000800 -0.998500 -0.054700
vn -0.001100 -0.998500 -0.054200
vn 0.000900 -0.996100 -0.088200
vn -0.001600 -0.996000 -0.089100
vn -0.004100 -0.999500 -0.029600
vn -0.003600 -0.999900 -0.013300
vn -0.002700 -0.999900 -0.013500
vn -0.003300 -0.999500 -0.030000
vn -0.003600 -1.000000 -0.002200
vn -0.002400 -1.000000 -0.001800
vn -0.004100 -0.998500 -0.053700
vn -0.005100 -0.998500 -0.053300
vn -0.004900 -0.996000 -0.089400
vn -0.006400 -0.996000 -0.089400
vn -0.003800 -0.998600 -0.052700
vn -0.002400 -0.999500 -0.029200
vn -0.005800 -0.996000 -0.088900
vn -0.001700 -0.999900 -0.013400
vn -0.001900 -1.000000 -0.003000
vn -0.005100 -0.999800 0.016200
vn -0.002700 -0.999800 0.017400
vn -0.002400 -0.999900 0.007800
vn -0.004200 -0.999900 0.006900
vn -0.003000 -1.000000 0.005200
vn -0.004800 -0.999900 0.014200
vn -0.007000 -0.999700 0.024300
vn -0.006100 -0.999600 0.026400
vn -0.002900 -0.999600 0.027300
vn 0.008200 -0.984300 -0.175900
vn 0.014100 -0.971900 -0.235100
vn 0.008500 -0.970100 -0.242700
vn 0.005000 -0.983100 -0.182800
vn 0.001000 -0.969100 -0.246700
vn -0.000400 -0.982400 -0.186700
vn 0.020400 -0.951500 -0.306800
vn 0.012500 -0.949700 -0.312800
vn 0.002600 -0.949000 -0.315100
vn 0.002300 -0.991200 -0.131800
vn 0.003300 -0.991900 -0.126800
vn -0.001400 -0.990900 -0.134500
vn 0.001600 -0.993000 -0.118000
vn 0.009300 -0.986300 -0.164800
vn -0.003300 -0.994500 -0.104200
vn 0.008400 -0.988900 -0.148400
vn 0.018000 -0.974600 -0.223100
vn 0.026900 -0.954600 -0.296600
vn 0.020400 -0.978300 -0.205900
vn 0.031900 -0.958900 -0.281800
vn 0.032200 -0.880200 -0.473600
vn 0.019600 -0.880800 -0.473000
vn 0.016200 -0.920000 -0.391500
vn 0.026600 -0.921000 -0.388700
vn 0.004800 -0.882900 -0.469500
vn 0.003900 -0.920400 -0.390900
vn 0.035200 -0.923400 -0.382100
vn 0.042700 -0.881100 -0.471000
vn 0.042400 -0.927400 -0.371700
vn 0.051400 -0.883700 -0.465100
vn 0.049000 -0.830200 -0.555300
vn 0.036800 -0.832100 -0.553300
vn 0.053300 -0.778900 -0.624800
vn 0.039700 -0.785300 -0.617800
vn 0.059100 -0.830000 -0.554600
vn 0.064500 -0.773700 -0.630300
vn 0.022300 -0.835400 -0.549100
vn 0.005400 -0.839700 -0.543000
vn 0.023900 -0.792100 -0.609900
vn 0.005600 -0.798400 -0.602100
vn -0.018500 -0.889000 -0.457600
vn -0.015400 -0.923400 -0.383400
vn -0.007500 -0.921600 -0.388000
vn -0.008900 -0.885700 -0.464100
vn -0.012800 -0.949700 -0.313000
vn -0.006600 -0.949100 -0.314900
vn -0.010400 -0.844000 -0.536200
vn -0.021600 -0.848200 -0.529200
vn -0.011600 -0.803400 -0.595300
vn -0.023900 -0.807100 -0.589900
vn -0.028300 -0.852200 -0.522400
vn -0.024100 -0.892400 -0.450600
vn -0.031500 -0.810000 -0.585500
vn -0.019800 -0.925600 -0.378000
vn -0.016000 -0.950600 -0.310000
vn -0.009300 -0.981900 -0.189100
vn -0.005900 -0.982000 -0.188500
vn -0.006100 -0.968700 -0.248300
vn -0.010900 -0.968600 -0.248200
vn -0.013000 -0.968900 -0.247100
vn -0.010400 -0.982000 -0.188700
vn -0.008100 -0.990700 -0.135900
vn -0.007800 -0.990600 -0.136100
vn -0.005600 -0.990700 -0.135700
vn -0.245200 -0.945200 0.215400
vn -0.244000 -0.958500 0.147600
vn -0.174800 -0.972400 0.154400
vn -0.170900 -0.959200 0.225300
vn -0.111800 -0.979000 0.170300
vn -0.100500 -0.964300 0.244800
vn -0.246100 -0.964900 0.091800
vn -0.181200 -0.978500 0.098500
vn -0.123100 -0.986100 0.111700
vn -0.172300 -0.931500 0.320200
vn -0.252800 -0.918400 0.304200
vn -0.183500 -0.875000 0.448000
vn -0.272300 -0.865500 0.420400
vn -0.092200 -0.934500 0.343900
vn -0.090700 -0.874400 0.476500
vn -0.334200 -0.894200 0.297900
vn -0.325500 -0.920300 0.217000
vn -0.408600 -0.858900 0.308600
vn -0.407500 -0.883500 0.231000
vn -0.353100 -0.849300 0.392400
vn -0.407300 -0.834300 0.371500
vn -0.321000 -0.935100 0.149900
vn -0.319600 -0.943100 0.092000
vn -0.405000 -0.900000 0.161000
vn -0.402900 -0.909800 0.098900
vn -0.257400 -0.966300 0.004400
vn -0.197800 -0.980100 0.014200
vn -0.188700 -0.980600 0.052400
vn -0.250400 -0.967100 0.044200
vn -0.143100 -0.989300 0.026300
vn -0.133300 -0.989000 0.064400
vn -0.320500 -0.946300 0.041100
vn -0.323900 -0.946100 -0.001000
vn -0.401200 -0.914900 0.044300
vn -0.400200 -0.916400 -0.000500
vn -0.329000 -0.943600 -0.036100
vn -0.266300 -0.963400 -0.029100
vn -0.335100 -0.939900 -0.065500
vn -0.276900 -0.959200 -0.057400
vn -0.399800 -0.915800 -0.037200
vn -0.399500 -0.914200 -0.067400
vn -0.208700 -0.977800 -0.017600
vn -0.153900 -0.988100 -0.004100
vn -0.221400 -0.974200 -0.044200
vn -0.166500 -0.985600 -0.028400
vn -0.059700 -0.996900 0.051800
vn -0.050500 -0.994200 0.094900
vn -0.086600 -0.993100 0.078900
vn -0.096200 -0.994600 0.039200
vn -0.038100 -0.987300 0.154400
vn -0.074700 -0.988600 0.130800
vn -0.105800 -0.994300 0.009600
vn -0.068000 -0.997400 0.022000
vn -0.116900 -0.993000 -0.012100
vn -0.077200 -0.997000 0.002700
vn -0.038400 -0.998700 0.032700
vn -0.031300 -0.997500 0.063400
vn -0.045800 -0.998800 0.015100
vn -0.022500 -0.993600 0.111000
vn -0.010000 -0.983700 0.179400
vn -0.000500 -0.950400 0.311000
vn -0.041800 -0.960800 0.273900
vn -0.059400 -0.978900 0.195200
vn -0.021100 -0.973600 0.227200
vn 0.007400 -0.965000 0.262100
vn 0.028000 -0.936000 0.350800
vn 0.048200 -0.892800 0.447800
vn 0.019900 -0.911700 0.410400
vn 0.064100 -0.830000 0.554100
vn 0.035900 -0.847600 0.529500
vn -0.024900 -0.926900 0.374300
vn -0.013200 -0.863800 0.503600
vn -0.302100 -0.950300 -0.074400
vn -0.314200 -0.947400 -0.060100
vn -0.264700 -0.963000 -0.049500
vn -0.251300 -0.965900 -0.061500
vn -0.209400 -0.977100 -0.037100
vn -0.196600 -0.979400 -0.045700
vn -0.323600 -0.945600 -0.032200
vn -0.273900 -0.961400 -0.024800
vn -0.216900 -0.976000 -0.017900
vn -0.236000 -0.969800 -0.060400
vn -0.289000 -0.954400 -0.074300
vn -0.181300 -0.982500 -0.043200
vn -0.342600 -0.935800 -0.082800
vn -0.351400 -0.932500 -0.082800
vn -0.400400 -0.912400 -0.085200
vn -0.403100 -0.911100 -0.086100
vn -0.360500 -0.930300 -0.067900
vn -0.368800 -0.928600 -0.039000
vn -0.407600 -0.910200 -0.072300
vn -0.413600 -0.909300 -0.044700
vn -0.328700 -0.944300 0.015400
vn -0.274000 -0.961600 0.015000
vn -0.277100 -0.960800 0.000400
vn -0.328700 -0.944400 -0.003100
vn -0.210300 -0.977600 0.010800
vn -0.217200 -0.976100 0.001300
vn -0.374900 -0.927000 -0.008500
vn -0.377500 -0.925900 0.012500
vn -0.419800 -0.907400 -0.014900
vn -0.424800 -0.905300 0.007000
vn -0.375700 -0.926400 0.025400
vn -0.323700 -0.945800 0.024300
vn -0.368500 -0.929100 0.029800
vn -0.313600 -0.949200 0.022800
vn -0.426200 -0.904300 0.022700
vn -0.422000 -0.906000 0.032600
vn -0.265500 -0.963900 0.019400
vn -0.197800 -0.980200 0.010600
vn -0.252400 -0.967500 0.012400
vn -0.181300 -0.983400 -0.001000
vn -0.096700 -0.995300 -0.007800
vn -0.106700 -0.994300 -0.005600
vn -0.157000 -0.987600 -0.000900
vn -0.147300 -0.989100 0.002700
vn -0.110400 -0.993800 -0.009700
vn -0.159500 -0.987100 -0.012800
vn -0.132200 -0.991200 -0.002100
vn -0.082200 -0.996500 -0.017300
vn -0.113900 -0.993300 -0.017400
vn -0.065000 -0.997200 -0.036000
vn -0.046500 -0.998400 -0.032000
vn -0.058200 -0.998100 -0.018300
vn -0.032500 -0.998000 -0.054100
vn -0.066400 -0.997700 -0.010700
vn -0.069800 -0.997500 -0.007900
vn -0.099000 -0.995000 -0.014300
vn -0.143600 -0.989200 -0.029300
vn -0.154400 -0.987700 -0.025100
vn -0.107300 -0.994100 -0.014600
vn -0.068000 -0.997700 -0.006200
vn -0.062000 -0.998000 -0.001900
vn -0.054000 -0.998500 0.005000
vn -0.088100 -0.996100 -0.008800
vn -0.130100 -0.991200 -0.025300
vn -0.281000 -0.959600 -0.014000
vn -0.261600 -0.963600 -0.055600
vn -0.196800 -0.976700 -0.085700
vn -0.216600 -0.975600 -0.037100
vn -0.122100 -0.986000 -0.113100
vn -0.142100 -0.988000 -0.059500
vn -0.241700 -0.962700 -0.121100
vn -0.177100 -0.971200 -0.159600
vn -0.102900 -0.975800 -0.192800
vn -0.235600 -0.971800 -0.006100
vn -0.298900 -0.954200 0.010500
vn -0.162200 -0.986400 -0.024000
vn -0.355800 -0.934200 0.024600
vn -0.339200 -0.940700 0.007400
vn -0.411800 -0.910600 0.034500
vn -0.397200 -0.917400 0.024200
vn -0.320400 -0.946900 -0.026400
vn -0.301000 -0.950000 -0.082700
vn -0.380500 -0.924700 -0.002600
vn -0.363000 -0.930400 -0.051000
vn -0.199300 -0.936000 -0.290000
vn -0.135400 -0.929500 -0.342900
vn -0.156200 -0.955700 -0.249400
vn -0.220100 -0.954300 -0.202100
vn -0.065300 -0.919200 -0.388400
vn -0.083700 -0.953600 -0.289200
vn -0.279900 -0.947400 -0.155200
vn -0.260800 -0.934900 -0.240800
vn -0.344200 -0.931400 -0.118100
vn -0.326000 -0.922900 -0.204900
vn -0.247900 -0.907100 -0.340100
vn -0.183900 -0.903200 -0.387900
vn -0.245400 -0.864400 -0.438800
vn -0.180000 -0.851200 -0.493000
vn -0.309500 -0.899100 -0.309400
vn -0.293000 -0.871300 -0.393500
vn -0.118800 -0.889200 -0.441800
vn -0.050000 -0.870900 -0.488800
vn -0.111500 -0.832100 -0.543300
vn -0.041100 -0.809300 -0.585900
vn 0.033500 -0.896500 -0.441800
vn 0.020800 -0.939900 -0.340800
vn -0.019400 -0.947700 -0.318600
vn -0.004200 -0.907300 -0.420500
vn 0.006200 -0.970100 -0.242700
vn -0.036200 -0.974900 -0.219600
vn 0.008600 -0.853500 -0.521000
vn 0.044200 -0.840500 -0.540000
vn 0.017100 -0.789300 -0.613700
vn 0.051800 -0.776800 -0.627600
vn 0.060200 -0.832900 -0.550200
vn 0.051200 -0.888600 -0.455800
vn 0.066700 -0.772000 -0.632100
vn 0.040500 -0.932900 -0.357900
vn 0.028000 -0.964300 -0.263400
vn -0.027800 -0.994100 -0.104700
vn -0.073700 -0.993900 -0.081700
vn -0.054300 -0.989000 -0.137700
vn -0.010100 -0.986800 -0.161500
vn 0.013900 -0.982700 -0.184600
vn -0.001400 -0.991800 -0.127500
vn -0.017100 -0.996200 -0.085700
vn -0.046400 -0.996800 -0.064700
vn -0.093900 -0.994600 -0.043500
vn 0.023000 0.922500 -0.385300
vn 0.030000 0.936400 -0.349700
vn 0.058900 0.938200 -0.341000
vn 0.049900 0.924900 -0.376800
vn 0.102200 0.940000 -0.325400
vn 0.090100 0.928000 -0.361500
vn 0.035000 0.940900 -0.336600
vn 0.067500 0.942400 -0.327700
vn 0.115900 0.943600 -0.310100
vn 0.040300 0.897200 -0.439700
vn 0.014600 0.893800 -0.448100
vn 0.078600 0.902600 -0.423100
vn -0.000600 0.891300 -0.453300
vn 0.007200 0.920300 -0.391000
vn -0.007500 0.887900 -0.459900
vn 0.000300 0.917400 -0.397900
vn 0.013200 0.934900 -0.354600
vn 0.016400 0.940400 -0.339600
vn 0.006600 0.933200 -0.359200
vn 0.009500 0.940500 -0.339700
vn 0.047500 0.948800 -0.312300
vn 0.091000 0.948900 -0.302300
vn 0.077800 0.944400 -0.319400
vn 0.040100 0.943500 -0.328800
vn 0.152000 0.946900 -0.283100
vn 0.132500 0.944600 -0.300100
vn 0.018000 0.943700 -0.330400
vn 0.020400 0.949100 -0.314300
vn 0.009100 0.945100 -0.326600
vn 0.007500 0.950700 -0.309900
vn 0.024700 0.955700 -0.293300
vn 0.057300 0.955500 -0.289300
vn 0.031600 0.962700 -0.268600
vn 0.069300 0.962600 -0.261900
vn 0.006600 0.956700 -0.290900
vn 0.008000 0.962700 -0.270400
vn 0.106400 0.954400 -0.278800
vn 0.172300 0.949800 -0.261200
vn 0.122600 0.960200 -0.250900
vn 0.191200 0.952700 -0.236100
vn 0.264900 0.939100 -0.219100
vn 0.236800 0.943300 -0.232600
vn 0.190500 0.943800 -0.270100
vn 0.215200 0.942800 -0.254400
vn 0.211000 0.945300 -0.248600
vn 0.168200 0.944300 -0.282700
vn 0.239300 0.941600 -0.236600
vn 0.291800 0.933700 -0.207200
vn 0.260000 0.940800 -0.217600
vn 0.314500 0.928600 -0.196500
vn 0.330300 0.927500 -0.175200
vn 0.301400 0.936100 -0.181200
vn 0.355800 0.923600 -0.142200
vn 0.325900 0.934400 -0.143800
vn 0.355400 0.918500 -0.173200
vn 0.383600 0.911600 -0.147300
vn 0.271700 0.942900 -0.192800
vn 0.244500 0.946100 -0.212400
vn 0.296500 0.942400 -0.154700
vn 0.269500 0.946300 -0.178700
vn 0.172100 0.935700 -0.308000
vn 0.134300 0.931800 -0.337300
vn 0.149700 0.941700 -0.301200
vn 0.189500 0.943600 -0.271400
vn 0.221700 0.944900 -0.240700
vn 0.203500 0.938200 -0.279800
vn 0.246700 0.945100 -0.214000
vn 0.227700 0.938600 -0.259000
vn 0.188000 0.924400 -0.331800
vn 0.157200 0.918600 -0.362500
vn 0.211100 0.925900 -0.313300
vn 0.121000 0.910400 -0.395700
vn 0.096600 0.978100 -0.184100
vn 0.107700 0.985600 -0.130300
vn 0.163300 0.978400 -0.126800
vn 0.152300 0.972400 -0.176300
vn 0.228400 0.965700 -0.123400
vn 0.219600 0.960900 -0.168600
vn 0.113900 0.991300 -0.066000
vn 0.169700 0.983100 -0.068200
vn 0.233300 0.969900 -0.069600
vn 0.138200 0.966200 -0.217500
vn 0.082900 0.970100 -0.227900
vn 0.207000 0.956400 -0.206100
vn 0.041400 0.970800 -0.236100
vn 0.052800 0.980200 -0.190600
vn 0.013100 0.970500 -0.240800
vn 0.020600 0.980700 -0.194400
vn 0.062300 0.989200 -0.132500
vn 0.066700 0.995900 -0.061300
vn 0.027100 0.990900 -0.131700
vn 0.028500 0.998200 -0.052300
vn 0.106800 0.993300 0.044200
vn 0.166400 0.985500 0.033100
vn 0.170500 0.985300 -0.011500
vn 0.113300 0.993500 -0.003900
vn 0.230800 0.972700 0.024000
vn 0.234000 0.972100 -0.017300
vn 0.063600 0.997900 0.007200
vn 0.054000 0.996800 0.058800
vn 0.021900 0.999500 0.023600
vn 0.008900 0.996900 0.078100
vn 0.042100 0.994400 0.096600
vn 0.097300 0.991900 0.081300
vn 0.031400 0.992000 0.122000
vn 0.087100 0.990200 0.108900
vn -0.005300 0.993400 0.114300
vn -0.015700 0.990900 0.133500
vn 0.159100 0.984900 0.068100
vn 0.225300 0.972600 0.056700
vn 0.150200 0.984000 0.095200
vn 0.218300 0.972400 0.082200
vn 0.353600 0.935300 0.009600
vn 0.354500 0.934600 -0.026900
vn 0.296700 0.954700 -0.022500
vn 0.294200 0.955600 0.016100
vn 0.353300 0.932700 -0.072400
vn 0.296600 0.952300 -0.071200
vn 0.290100 0.955800 0.046900
vn 0.351500 0.935400 0.038800
vn 0.285400 0.955800 0.070900
vn 0.348800 0.935100 0.062000
vn 0.413400 0.910000 0.032400
vn 0.413000 0.910700 0.004800
vn 0.481200 0.876200 0.027200
vn 0.477200 0.878700 0.002100
vn 0.412700 0.909200 0.054800
vn 0.482400 0.874600 0.047900
vn 0.410900 0.911200 -0.029300
vn 0.406400 0.910800 -0.071700
vn 0.470200 0.882100 -0.028600
vn 0.459500 0.885600 -0.066900
vn 0.342300 0.926800 -0.154300
vn 0.286400 0.944400 -0.161400
vn 0.293300 0.948400 -0.120800
vn 0.349400 0.929500 -0.118200
vn 0.399200 0.909700 -0.113700
vn 0.389000 0.909700 -0.145400
vn 0.445300 0.889200 -0.104700
vn 0.428000 0.894100 -0.131900
vn 0.374900 0.912100 -0.165900
vn 0.331200 0.926100 -0.180800
vn 0.407700 0.901200 -0.147100
vn 0.275600 0.941500 -0.193800
vn 0.069000 0.983100 0.169400
vn 0.061100 0.975200 0.212500
vn 0.118100 0.971800 0.203800
vn 0.129700 0.978900 0.157800
vn 0.189100 0.963500 0.189600
vn 0.200800 0.969100 0.143000
vn 0.054100 0.962200 0.266800
vn 0.106000 0.958800 0.263500
vn 0.175000 0.951700 0.252300
vn 0.140400 0.982500 0.122300
vn 0.077700 0.987700 0.135400
vn 0.210300 0.971600 0.108200
vn 0.024100 0.989200 0.144700
vn 0.019900 0.984400 0.174400
vn -0.019600 0.988800 0.147900
vn -0.017800 0.985200 0.170200
vn 0.018000 0.977000 0.212500
vn 0.017800 0.965300 0.260400
vn -0.012500 0.979300 0.201700
vn -0.005500 0.969900 0.243500
vn 0.046000 0.918800 0.392100
vn 0.086200 0.912700 0.399500
vn 0.094800 0.938700 0.331200
vn 0.049000 0.943300 0.328300
vn 0.147000 0.906300 0.396100
vn 0.160000 0.932200 0.324400
vn 0.019200 0.948700 0.315600
vn 0.021700 0.926600 0.375400
vn 0.002100 0.955800 0.294000
vn 0.009000 0.936000 0.351900
vn 0.023300 0.896900 0.441500
vn 0.043900 0.887500 0.458700
vn 0.013400 0.907500 0.419700
vn 0.079800 0.880100 0.467900
vn 0.137000 0.874100 0.466000
vn 0.287600 0.885400 0.365200
vn 0.305300 0.905600 0.294200
vn 0.234300 0.921200 0.310600
vn 0.218600 0.897400 0.383200
vn 0.321900 0.920400 0.221800
vn 0.250600 0.938600 0.237000
vn 0.205800 0.867400 0.453000
vn 0.272200 0.858900 0.433700
vn 0.335300 0.847000 0.412400
vn 0.354000 0.869000 0.345600
vn 0.391600 0.830300 0.396500
vn 0.416100 0.847700 0.329100
vn 0.373300 0.885300 0.277400
vn 0.390200 0.897000 0.207500
vn 0.438700 0.859800 0.261200
vn 0.457400 0.867900 0.193500
vn 0.341400 0.932600 0.117100
vn 0.273400 0.953200 0.128700
vn 0.263900 0.948700 0.173900
vn 0.333900 0.928900 0.160200
vn 0.401600 0.903700 0.148200
vn 0.408000 0.906600 0.107300
vn 0.470100 0.871900 0.136800
vn 0.477500 0.873100 0.097800
vn 0.411200 0.908200 0.077500
vn 0.345800 0.934400 0.085600
vn 0.481300 0.873800 0.069400
vn 0.280100 0.955200 0.095500
vn 0.014100 0.852200 -0.522900
vn 0.018500 0.895200 -0.445200
vn 0.020900 0.904200 -0.426600
vn 0.013600 0.867300 -0.497500
vn 0.016800 0.913200 -0.407100
vn 0.008600 0.882500 -0.470100
vn 0.018900 0.934800 -0.354600
vn 0.023500 0.936900 -0.348700
vn 0.020500 0.939000 -0.343300
vn 0.005200 0.826800 -0.562400
vn 0.008400 0.808200 -0.588900
vn -0.000600 0.845500 -0.533900
vn 0.008100 0.793700 -0.608200
vn 0.009100 0.840400 -0.541900
vn 0.003100 0.787700 -0.616100
vn -0.002700 0.835000 -0.550200
vn 0.009100 0.888200 -0.459400
vn 0.006100 0.933200 -0.359400
vn -0.009000 0.884900 -0.465700
vn -0.016200 0.932300 -0.361400
vn 0.006200 0.976000 -0.217600
vn 0.011900 0.972100 -0.234100
vn 0.020100 0.959900 -0.279500
vn 0.014400 0.962200 -0.272000
vn 0.009800 0.967700 -0.252000
vn 0.017800 0.957300 -0.288600
vn 0.000300 0.963900 -0.266300
vn -0.007000 0.978900 -0.204200
vn -0.023000 0.964600 -0.262700
vn -0.028900 0.980300 -0.195300
vn -0.016400 0.985400 -0.169200
vn -0.004700 0.982100 -0.187900
vn -0.027900 0.987100 -0.157400
vn -0.017700 0.983600 -0.179600
vn -0.035400 0.987200 -0.155600
vn -0.043900 0.989300 -0.139200
vn 0.000300 0.977800 -0.209600
vn -0.001300 0.972800 -0.231600
vn -0.012900 0.979000 -0.203200
vn -0.013600 0.974200 -0.225400
vn 0.002600 0.958100 -0.286400
vn 0.008800 0.950900 -0.309400
vn 0.012300 0.954200 -0.298800
vn 0.004900 0.962900 -0.269900
vn 0.010700 0.940800 -0.338800
vn 0.014600 0.940300 -0.340000
vn -0.005000 0.967700 -0.252000
vn -0.005300 0.963000 -0.269400
vn -0.015100 0.969600 -0.244000
vn -0.012600 0.966100 -0.257900
vn -0.001800 0.959200 -0.282800
vn 0.003200 0.953800 -0.300300
vn -0.005300 0.963700 -0.266900
vn 0.007600 0.947700 -0.319100
vn 0.008900 0.940700 -0.339000
vn -0.000500 0.905300 -0.424800
vn 0.002700 0.895400 -0.445200
vn 0.010800 0.920700 -0.390000
vn 0.007100 0.926400 -0.376400
vn 0.005700 0.930500 -0.366300
vn -0.001300 0.912500 -0.408900
vn -0.009500 0.882200 -0.470800
vn -0.009100 0.873400 -0.486800
vn -0.006200 0.861300 -0.508000
vn -0.045700 0.990100 -0.132900
vn -0.055800 0.995800 -0.072400
vn -0.046900 0.995300 -0.084700
vn -0.038500 0.987600 -0.151900
vn -0.040000 0.994500 -0.096800
vn -0.033900 0.985100 -0.168500
vn -0.059100 0.998100 0.014700
vn -0.049500 0.998700 0.012100
vn -0.042800 0.999100 0.005400
vn -0.026500 0.981200 -0.191200
vn -0.032000 0.985200 -0.168500
vn -0.024900 0.977100 -0.211200
vn -0.041500 0.988400 -0.145700
vn -0.055600 0.992000 -0.113100
vn -0.055400 0.990600 -0.125100
vn -0.068800 0.993200 -0.094000
vn -0.066900 0.996000 -0.059700
vn -0.071700 0.997300 0.016100
vn -0.081000 0.995600 -0.046200
vn -0.088400 0.995900 0.019600
vn -0.045800 0.988700 0.142800
vn -0.040800 0.987100 0.154700
vn -0.046600 0.993500 0.103500
vn -0.054700 0.993800 0.096900
vn -0.045200 0.986600 0.156700
vn -0.044100 0.993800 0.101800
vn -0.068700 0.993800 0.087600
vn -0.060300 0.990000 0.127600
vn -0.089400 0.992700 0.081000
vn -0.085500 0.989600 0.115300
vn -0.050800 0.989300 0.136200
vn -0.035900 0.987600 0.152700
vn -0.044200 0.992800 0.111400
vn -0.028500 0.991800 0.124500
vn -0.080400 0.989200 0.122600
vn -0.077400 0.991900 0.101100
vn -0.034200 0.985400 0.166600
vn -0.045600 0.984000 0.172000
vn -0.028700 0.990100 0.137200
vn -0.044300 0.988300 0.146100
vn -0.042800 0.991100 0.125900
vn -0.029600 0.997200 0.068500
vn -0.040700 0.995200 0.089200
vn -0.049300 0.988000 0.146100
vn -0.021200 0.999500 -0.022700
vn -0.034900 0.999400 -0.006800
vn -0.057100 0.984400 0.166500
vn -0.055400 0.986800 0.152400
vn -0.060400 0.986900 0.149400
vn -0.062100 0.987000 0.147900
vn -0.039000 0.990200 0.133800
vn -0.024200 0.994500 0.101600
vn -0.048200 0.988600 0.142400
vn -0.009500 0.998900 0.045100
vn -0.000600 0.999200 -0.038900
vn -0.018000 0.981600 -0.190100
vn -0.028300 0.983000 -0.181500
vn -0.031600 0.993600 -0.108600
vn -0.018400 0.992700 -0.119100
vn 0.000700 0.991900 -0.127100
vn -0.002100 0.980900 -0.194500
vn -0.005200 0.970500 -0.241100
vn -0.016900 0.971500 -0.236400
vn -0.023100 0.973700 -0.226400
vn -0.023400 0.995800 0.087900
vn -0.024800 0.992400 0.120500
vn -0.019900 0.993600 0.111400
vn -0.021100 0.995800 0.089100
vn -0.027400 0.993200 0.112800
vn -0.033600 0.994700 0.097100
vn -0.029100 0.980700 0.193000
vn -0.021900 0.985300 0.169500
vn -0.023900 0.987000 0.159000
vn -0.024400 0.994800 0.098900
vn -0.024600 0.995600 0.090600
vn -0.040000 0.993200 0.109400
vn -0.041400 0.995500 0.084400
vn -0.041400 0.995000 0.090200
vn -0.077000 0.993800 0.080400
vn -0.078100 0.992600 0.093100
vn -0.043600 0.990100 0.133600
vn -0.047800 0.974300 0.220100
vn -0.080200 0.986200 0.144600
vn -0.082700 0.966800 0.241700
vn -0.051600 0.928300 0.368300
vn -0.039800 0.944700 0.325500
vn -0.028900 0.968700 0.246400
vn -0.038100 0.958300 0.283200
vn -0.029300 0.954400 0.296900
vn -0.024800 0.974200 0.224000
vn -0.055900 0.944800 0.322700
vn -0.068100 0.908200 0.412900
vn -0.087300 0.931400 0.353400
vn -0.094800 0.889600 0.446800
vn -0.080300 0.866100 0.493300
vn -0.064700 0.889300 0.452600
vn -0.102300 0.846000 0.523300
vn -0.050700 0.909600 0.412400
vn -0.034900 0.922700 0.383800
vn -0.008100 0.953200 0.302200
vn -0.015500 0.970600 0.240200
vn -0.021300 0.974500 0.223200
vn -0.018600 0.956800 0.290200
vn -0.025700 0.981500 0.189600
vn -0.027400 0.985500 0.167100
vn -0.018400 0.927300 0.373900
vn -0.004400 0.924800 0.380400
vn 0.006300 0.917500 0.397600
vn 0.000900 0.945600 0.325300
vn -0.008000 0.963700 0.266600
vn -0.019000 0.975800 0.217900
vn -0.050800 0.989500 0.135300
vn -0.047800 0.992400 0.113600
vn -0.036900 0.991100 0.128100
vn -0.038200 0.987400 0.153200
vn -0.030900 0.983100 0.180300
vn -0.041700 0.986800 0.156000
vn -0.048600 0.988400 0.143900
vn -0.060000 0.989100 0.134200
vn -0.056800 0.990900 0.121700
vn -0.250000 0.914200 -0.318800
vn -0.288100 0.923200 -0.254100
vn -0.239700 0.916900 -0.319000
vn -0.204000 0.899200 -0.387000
vn -0.179400 0.909100 -0.375800
vn -0.148700 0.881600 -0.447900
vn -0.324800 0.927000 -0.187200
vn -0.273700 0.930700 -0.242600
vn -0.208100 0.933700 -0.291200
vn -0.170900 0.878000 -0.447100
vn -0.215900 0.899500 -0.379900
vn -0.119300 0.852900 -0.508200
vn -0.254900 0.913800 -0.316000
vn -0.287500 0.924200 -0.251300
vn -0.285400 0.921200 -0.264300
vn -0.317200 0.928300 -0.194100
vn -0.325000 0.926700 -0.188500
vn -0.361500 0.922900 -0.132400
vn -0.351300 0.926800 -0.132600
vn -0.382600 0.919800 -0.086800
vn -0.377600 0.920800 -0.097100
vn -0.322600 0.938000 -0.126600
vn -0.301700 0.937500 -0.173500
vn -0.355200 0.925500 -0.131000
vn -0.247300 0.956500 -0.154500
vn -0.230900 0.949600 -0.211700
vn -0.391300 0.915800 -0.090700
vn -0.412900 0.908000 -0.070700
vn -0.407400 0.911300 -0.058700
vn -0.424900 0.903800 -0.050400
vn -0.426200 0.902100 -0.067600
vn -0.391800 0.916400 -0.081300
vn -0.431100 0.899000 -0.077300
vn -0.397800 0.914000 -0.079600
vn -0.435800 0.898200 -0.057300
vn -0.440300 0.894700 -0.075600
vn -0.336500 0.936500 -0.098300
vn -0.258300 0.959000 -0.116400
vn -0.343500 0.935300 -0.084900
vn -0.265100 0.959600 -0.094200
vn -0.107700 0.976800 -0.185100
vn -0.101100 0.962100 -0.253200
vn -0.158700 0.958000 -0.238700
vn -0.169300 0.970000 -0.174500
vn -0.089400 0.933200 -0.347900
vn -0.142200 0.934400 -0.326600
vn -0.176400 0.975600 -0.131000
vn -0.112200 0.983700 -0.140300
vn -0.182000 0.977700 -0.104900
vn -0.117300 0.986400 -0.115100
vn -0.065800 0.986900 -0.147000
vn -0.061600 0.979800 -0.190300
vn -0.071600 0.989500 -0.125700
vn -0.056500 0.964000 -0.259600
vn -0.048000 0.932300 -0.358500
vn -0.053200 0.848300 -0.526800
vn -0.094800 0.863800 -0.494800
vn -0.119700 0.900200 -0.418600
vn -0.072500 0.891800 -0.446600
vn -0.036100 0.886100 -0.462000
vn -0.023000 0.837900 -0.545300
vn -0.009700 0.792400 -0.609900
vn -0.033800 0.806800 -0.589800
vn -0.070100 0.828100 -0.556200
vn -0.388700 0.918700 -0.069600
vn -0.375300 0.925500 -0.051400
vn -0.330900 0.943100 -0.030900
vn -0.340300 0.938600 -0.056600
vn -0.267600 0.963400 -0.017600
vn -0.269900 0.961500 -0.050400
vn -0.356100 0.934100 -0.024500
vn -0.316400 0.948600 0.003100
vn -0.261000 0.965000 0.023500
vn -0.344500 0.935800 -0.074500
vn -0.396300 0.914600 -0.079200
vn -0.268900 0.960200 -0.075700
vn -0.428500 0.899300 -0.086600
vn -0.419700 0.903700 -0.084700
vn -0.438900 0.893800 -0.092100
vn -0.432500 0.896400 -0.096600
vn -0.405000 0.911300 -0.073400
vn -0.384500 0.921600 -0.053300
vn -0.420900 0.902500 -0.091300
vn -0.403100 0.911800 -0.077400
vn -0.301800 0.953200 0.019400
vn -0.272500 0.960600 0.054800
vn -0.296400 0.954400 0.035200
vn -0.331100 0.943600 0.002100
vn -0.235600 0.968300 0.082600
vn -0.250000 0.966300 0.061000
vn -0.357800 0.933200 -0.032000
vn -0.326500 0.945000 -0.017100
vn -0.379000 0.923400 -0.061100
vn -0.349900 0.935500 -0.048500
vn -0.293500 0.955900 -0.008700
vn -0.271000 0.962200 0.026900
vn -0.262500 0.964900 -0.007200
vn -0.242100 0.969900 0.023500
vn -0.318900 0.946900 -0.039400
vn -0.289600 0.956500 -0.033700
vn -0.247400 0.966900 0.061300
vn -0.220300 0.971400 0.088100
vn -0.224200 0.973100 0.053000
vn -0.206400 0.975500 0.075500
vn -0.155100 0.982200 0.105700
vn -0.154800 0.984700 0.079500
vn -0.199300 0.977000 0.075200
vn -0.194600 0.975900 0.098800
vn -0.151300 0.987900 0.031900
vn -0.201100 0.979000 0.032600
vn -0.188900 0.976500 0.103700
vn -0.154300 0.981800 0.110700
vn -0.184100 0.978900 0.087900
vn -0.154100 0.983600 0.093000
vn -0.117800 0.986300 0.115000
vn -0.118500 0.986900 0.109000
vn -0.118100 0.988400 0.095700
vn -0.117900 0.989800 0.079400
vn -0.113600 0.993200 0.025900
vn -0.134300 0.989000 -0.062500
vn -0.194100 0.979600 -0.052900
vn -0.199000 0.979900 -0.014600
vn -0.144000 0.989300 -0.020800
vn -0.104600 0.994000 -0.032400
vn -0.092600 0.992700 -0.076800
vn -0.080700 0.990900 -0.107900
vn -0.124700 0.987700 -0.093900
vn -0.187900 0.978700 -0.082800
vn -0.198600 0.979000 0.046300
vn -0.181600 0.978400 0.098800
vn -0.176800 0.976900 0.120300
vn -0.189700 0.979500 0.067500
vn -0.178400 0.974400 0.136700
vn -0.186200 0.978900 0.083500
vn -0.165600 0.966800 0.194500
vn -0.165400 0.961900 0.217800
vn -0.171400 0.956600 0.235500
vn -0.205000 0.977600 0.047800
vn -0.218000 0.975600 0.023800
vn -0.195100 0.978600 0.065600
vn -0.236400 0.971600 -0.001200
vn -0.215000 0.976300 0.024000
vn -0.264500 0.964100 -0.022600
vn -0.243200 0.969900 0.005200
vn -0.195500 0.977800 0.076100
vn -0.174900 0.970100 0.168100
vn -0.222200 0.973400 0.056400
vn -0.197200 0.969900 0.143000
vn -0.136400 0.906400 0.399700
vn -0.146800 0.893800 0.423600
vn -0.155200 0.930500 0.331800
vn -0.150100 0.939600 0.307600
vn -0.157900 0.883300 0.441300
vn -0.164400 0.922300 0.349700
vn -0.152200 0.948600 0.277400
vn -0.130000 0.921000 0.367100
vn -0.166500 0.954900 0.245900
vn -0.135200 0.933500 0.332000
vn -0.111700 0.895200 0.431300
vn -0.124200 0.878200 0.461800
vn -0.108400 0.911100 0.397700
vn -0.138600 0.862600 0.486500
vn -0.150900 0.848900 0.506500
vn -0.148300 0.873400 0.463800
vn -0.151100 0.916700 0.369900
vn -0.165900 0.917100 0.362500
vn -0.160400 0.875900 0.455100
vn -0.153600 0.955100 0.253300
vn -0.170800 0.953700 0.247400
vn -0.154500 0.838300 0.522900
vn -0.145100 0.832700 0.534300
vn -0.126600 0.834600 0.536100
vn -0.125200 0.877500 0.462800
vn -0.123600 0.921400 0.368300
vn -0.123100 0.959800 0.252300
vn -0.155100 0.983300 0.095100
vn -0.177500 0.979800 0.092100
vn -0.174400 0.973700 0.146600
vn -0.154900 0.976300 0.150700
vn -0.122500 0.981000 0.150100
vn -0.121100 0.988100 0.094800
vn -0.119500 0.989700 0.078700
vn -0.154600 0.984900 0.078000
vn -0.180400 0.980700 0.075000
vn 0.442200 -0.893500 -0.078300
vn 0.411200 -0.901700 -0.133300
vn 0.486500 -0.864100 -0.128700
vn 0.513900 -0.855500 -0.063200
vn 0.573400 -0.808300 -0.133900
vn 0.596000 -0.801100 -0.054900
vn 0.382900 -0.898800 -0.213300
vn 0.461000 -0.858000 -0.226400
vn 0.548800 -0.797100 -0.251800
vn 0.545400 -0.837900 -0.019800
vn 0.476200 -0.878400 -0.039600
vn 0.580000 -0.814600 0.006900
vn 0.511300 -0.859300 -0.013100
vn 0.622300 -0.782700 -0.004100
vn 0.652900 -0.757000 0.025100
vn 0.409300 -0.910400 -0.061000
vn 0.375300 -0.921700 -0.097800
vn 0.341300 -0.936400 -0.081400
vn 0.309700 -0.943300 -0.119200
vn 0.442200 -0.896300 -0.032200
vn 0.370300 -0.927700 -0.048200
vn 0.342700 -0.928000 -0.146000
vn 0.312400 -0.925900 -0.212300
vn 0.277800 -0.946500 -0.164200
vn 0.247600 -0.943200 -0.221500
vn 0.318800 -0.846100 -0.427000
vn 0.386400 -0.786700 -0.481500
vn 0.430000 -0.832300 -0.349800
vn 0.353900 -0.880700 -0.314800
vn 0.455600 -0.704800 -0.543700
vn 0.511800 -0.762100 -0.396500
vn 0.283600 -0.912700 -0.294200
vn 0.253500 -0.887100 -0.385800
vn 0.219400 -0.931800 -0.289000
vn 0.192700 -0.910800 -0.365200
vn 0.215900 -0.849700 -0.481000
vn 0.270500 -0.796900 -0.540100
vn 0.170000 -0.812600 -0.557500
vn 0.208100 -0.745400 -0.633200
vn 0.165900 -0.878900 -0.447100
vn 0.143900 -0.849600 -0.507300
vn 0.324900 -0.724700 -0.607600
vn 0.378100 -0.630700 -0.677600
vn 0.248100 -0.657500 -0.711400
vn 0.285600 -0.550200 -0.784600
vn 0.612000 -0.389100 -0.688500
vn 0.720700 -0.449300 -0.528000
vn 0.607600 -0.649500 -0.457100
vn 0.530400 -0.584200 -0.614300
vn 0.798500 -0.491800 -0.347100
vn 0.659100 -0.692700 -0.292700
vn 0.431300 -0.503200 -0.748800
vn 0.483900 -0.316900 -0.815700
vn 0.319900 -0.415800 -0.851300
vn 0.350000 -0.239200 -0.905600
vn 0.521800 -0.047900 -0.851700
vn 0.674300 -0.082300 -0.733800
vn 0.510400 0.289500 -0.809700
vn 0.653700 0.309300 -0.690600
vn 0.369900 -0.006400 -0.929000
vn 0.363800 0.276300 -0.889600
vn 0.810800 -0.108400 -0.575200
vn 0.913500 -0.127100 -0.386500
vn 0.777500 0.330000 -0.535400
vn 0.868400 0.343900 -0.357100
vn 0.859700 -0.506200 -0.067400
vn 0.707200 -0.704700 -0.056300
vn 0.687800 -0.709700 -0.152500
vn 0.840000 -0.510600 -0.183600
vn 0.968600 -0.134600 -0.209100
vn 0.988600 -0.128100 -0.079300
vn 0.916200 0.350700 -0.193800
vn 0.931700 0.355100 -0.076000
vn 0.993800 -0.110800 0.003400
vn 0.873700 -0.486400 0.007000
vn 0.995100 -0.087300 0.046100
vn 0.888400 -0.456700 0.047000
vn 0.933200 0.359300 -0.002700
vn 0.931400 0.362600 0.032400
vn 0.727400 -0.686100 0.005000
vn 0.751400 -0.658700 0.038900
vn 0.921200 -0.385400 0.053200
vn 0.935200 -0.353000 0.027600
vn 0.832300 -0.554100 0.017700
vn 0.806800 -0.589300 0.042900
vn 0.753500 -0.657400 0.005000
vn 0.721400 -0.691900 0.028200
vn 0.944800 -0.327300 -0.013900
vn 0.851200 -0.524300 -0.022900
vn 0.778000 -0.627400 -0.032200
vn 0.778700 -0.625300 0.050500
vn 0.904900 -0.421300 0.060400
vn 0.686700 -0.726100 0.035500
vn 0.996300 -0.061600 0.059900
vn 0.997700 -0.039100 0.054400
vn 0.930500 0.363600 0.043400
vn 0.931700 0.360700 0.041500
vn 0.999200 -0.021600 0.032000
vn 0.999900 -0.009600 -0.004600
vn 0.934200 0.355500 0.027800
vn 0.936600 0.350400 0.003400
vn 0.950900 -0.300200 -0.074900
vn 0.866300 -0.492600 -0.082200
vn 0.861800 -0.503500 -0.061200
vn 0.949200 -0.310100 -0.053000
vn 0.797000 -0.597900 -0.085300
vn 0.791900 -0.607000 -0.066900
vn 0.999200 -0.002700 -0.039400
vn 0.998300 0.001900 -0.058800
vn 0.937900 0.346300 -0.020300
vn 0.937700 0.345900 -0.033300
vn 0.997900 0.004900 -0.064900
vn 0.951600 -0.296300 -0.081800
vn 0.998300 0.006600 -0.057700
vn 0.952100 -0.296500 -0.073900
vn 0.936700 0.348200 -0.036600
vn 0.935600 0.351800 -0.030200
vn 0.867300 -0.489900 -0.088400
vn 0.796400 -0.598100 -0.089400
vn 0.866500 -0.492700 -0.079500
vn 0.793100 -0.603900 -0.079100
vn 0.643500 -0.760700 -0.084600
vn 0.642700 -0.762600 -0.073300
vn 0.726900 -0.683000 -0.071400
vn 0.730600 -0.677400 -0.086200
vn 0.632100 -0.773400 -0.048000
vn 0.713000 -0.699900 -0.041300
vn 0.727600 -0.680300 -0.087600
vn 0.638000 -0.765500 -0.083700
vn 0.721700 -0.688100 -0.075500
vn 0.629900 -0.773500 -0.070300
vn 0.533400 -0.842300 -0.077400
vn 0.542200 -0.836500 -0.079800
vn 0.421700 -0.904200 -0.068100
vn 0.434500 -0.897800 -0.071400
vn 0.522600 -0.850200 -0.063400
vn 0.407000 -0.911800 -0.054500
vn 0.545600 -0.835000 -0.071200
vn 0.540400 -0.839900 -0.050100
vn 0.442800 -0.894300 -0.064800
vn 0.443400 -0.895000 -0.047200
vn 0.580100 -0.814500 -0.003700
vn 0.653400 -0.756900 0.011600
vn 0.687200 -0.726300 -0.008600
vn 0.610200 -0.792000 -0.020100
vn 0.524900 -0.850700 -0.027000
vn 0.501300 -0.865100 -0.014800
vn 0.434700 -0.900100 -0.028400
vn 0.417900 -0.908200 -0.020800
vn 0.473100 -0.880900 -0.015600
vn 0.546300 -0.837500 -0.000500
vn 0.395900 -0.917900 -0.026300
vn 0.616600 -0.787100 0.017400
vn 0.953100 -0.302600 -0.008700
vn 0.950600 -0.305600 0.054600
vn 0.859900 -0.508000 0.049000
vn 0.863500 -0.504100 -0.013500
vn 0.780400 -0.623200 0.049200
vn 0.785100 -0.619200 -0.012400
vn 0.941400 -0.304800 0.144000
vn 0.851300 -0.506500 0.136900
vn 0.771900 -0.621000 0.135700
vn 0.865300 -0.498200 -0.055100
vn 0.952900 -0.298900 -0.050300
vn 0.789100 -0.611900 -0.053900
vn 0.999300 0.007700 -0.035800
vn 0.999900 0.007700 0.003500
vn 0.934500 0.355700 -0.012100
vn 0.933000 0.359100 0.020800
vn 0.997900 0.007100 0.063900
vn 0.988700 0.008200 0.149500
vn 0.929300 0.362200 0.071800
vn 0.919200 0.366500 0.144100
vn 0.871800 -0.262500 0.413600
vn 0.790600 -0.462800 0.401000
vn 0.831500 -0.493900 0.254300
vn 0.918800 -0.293400 0.263900
vn 0.714100 -0.579900 0.392100
vn 0.753100 -0.608400 0.250300
vn 0.964100 0.017000 0.265000
vn 0.911600 0.041100 0.409000
vn 0.894700 0.375100 0.242300
vn 0.844900 0.390400 0.365600
vn 0.820500 0.083300 0.565500
vn 0.788300 -0.207500 0.579200
vn 0.691800 0.135200 0.709300
vn 0.664800 -0.136900 0.734300
vn 0.761600 0.411200 0.500800
vn 0.648000 0.430900 0.627900
vn 0.716400 -0.408200 0.565700
vn 0.643200 -0.531300 0.551400
vn 0.602500 -0.336900 0.723500
vn 0.533800 -0.467900 0.704300
vn 0.535100 -0.753600 0.381800
vn 0.571600 -0.780100 0.254400
vn 0.674400 -0.694100 0.252000
vn 0.635700 -0.667200 0.388100
vn 0.593200 -0.791900 0.145000
vn 0.694000 -0.706300 0.139500
vn 0.567000 -0.622400 0.539600
vn 0.472500 -0.710300 0.521700
vn 0.461300 -0.566400 0.682900
vn 0.375300 -0.662300 0.648400
vn 0.361600 -0.789100 0.496500
vn 0.412900 -0.830100 0.374700
vn 0.245300 -0.841500 0.481300
vn 0.278000 -0.884600 0.374300
vn 0.285500 -0.747800 0.599400
vn 0.217600 -0.801300 0.557300
vn 0.447800 -0.855700 0.259100
vn 0.472500 -0.867900 0.153200
vn 0.310300 -0.911900 0.268400
vn 0.338400 -0.926500 0.164600
vn 0.613700 -0.789500 -0.002000
vn 0.709400 -0.704700 -0.007700
vn 0.703500 -0.708700 0.053600
vn 0.605500 -0.793700 0.059000
vn 0.489000 -0.869800 0.065900
vn 0.500900 -0.865500 0.004600
vn 0.359600 -0.930100 0.075000
vn 0.376700 -0.926200 0.012900
vn 0.511600 -0.858400 -0.036900
vn 0.621500 -0.782100 -0.043600
vn 0.391900 -0.919500 -0.028600
vn 0.715300 -0.697100 -0.049300
vn 0.277800 0.923500 -0.264600
vn 0.300500 0.933700 -0.194300
vn 0.333200 0.920500 -0.204000
vn 0.306800 0.907000 -0.288400
vn 0.369400 0.901500 -0.225500
vn 0.339000 0.883300 -0.323700
vn 0.322000 0.936600 -0.138000
vn 0.354500 0.925300 -0.134700
vn 0.390700 0.909500 -0.142300
vn 0.270800 0.882700 -0.384000
vn 0.249900 0.903800 -0.347300
vn 0.224600 0.846400 -0.482900
vn 0.214700 0.874200 -0.435500
vn 0.294800 0.853100 -0.430400
vn 0.237000 0.810700 -0.535300
vn 0.229800 0.918800 -0.320900
vn 0.251000 0.934200 -0.253500
vn 0.204700 0.896200 -0.393500
vn 0.271200 0.942000 -0.197500
vn 0.293400 0.943700 -0.152800
vn 0.369900 0.925400 -0.082700
vn 0.396300 0.916000 -0.062100
vn 0.374500 0.923200 -0.086600
vn 0.344800 0.933300 -0.100100
vn 0.425800 0.903500 -0.048600
vn 0.408100 0.909200 -0.082200
vn 0.318600 0.939800 -0.123000
vn 0.346400 0.931600 -0.110300
vn 0.376000 0.920000 -0.110000
vn 0.398100 0.913800 -0.080600
vn 0.406000 0.906000 -0.119200
vn 0.428900 0.898800 -0.090500
vn 0.421900 0.904900 -0.055500
vn 0.447600 0.893500 -0.035600
vn 0.452100 0.889700 -0.063100
vn 0.474900 0.879100 -0.039100
vn 0.566600 0.822600 -0.047600
vn 0.554000 0.825200 -0.109700
vn 0.459900 0.883400 -0.088900
vn 0.474200 0.879300 -0.043600
vn 0.534700 0.819500 -0.206100
vn 0.443700 0.881000 -0.164000
vn 0.491500 0.870600 -0.022000
vn 0.579700 0.814700 -0.013900
vn 0.514500 0.857300 -0.019700
vn 0.597400 0.801900 -0.003300
vn 0.735200 0.677800 -0.008400
vn 0.727100 0.683900 -0.059900
vn 0.744600 0.667400 0.013400
vn 0.713900 0.684700 -0.147000
vn 0.684000 0.675900 -0.274300
vn 0.450100 0.767300 -0.456700
vn 0.382900 0.843500 -0.376500
vn 0.419900 0.868400 -0.263700
vn 0.501700 0.800600 -0.327500
vn 0.628600 0.652000 -0.424000
vn 0.547400 0.613400 -0.569200
vn 0.443000 0.566700 -0.694600
vn 0.376700 0.721700 -0.580700
vn 0.325700 0.519400 -0.790000
vn 0.286300 0.668700 -0.686200
vn 0.327900 0.805800 -0.493000
vn 0.256500 0.757200 -0.600700
vn 0.494800 0.864500 -0.088400
vn 0.527000 0.847000 -0.069100
vn 0.558100 0.828400 -0.046500
vn 0.522500 0.850400 -0.062200
vn 0.577500 0.816000 -0.025200
vn 0.543000 0.838900 -0.037500
vn 0.555400 0.830500 -0.041900
vn 0.589300 0.807500 -0.025500
vn 0.606800 0.794800 -0.009900
vn 0.486100 0.871200 -0.069200
vn 0.461500 0.881800 -0.096900
vn 0.507500 0.860600 -0.043500
vn 0.435000 0.891800 -0.123700
vn 0.462700 0.879300 -0.112600
vn 0.488400 0.868000 -0.089500
vn 0.510800 0.857800 -0.056600
vn 0.592800 0.805300 0.004500
vn 0.628500 0.777700 0.008100
vn 0.613100 0.790000 -0.006000
vn 0.577700 0.816100 -0.015500
vn 0.640100 0.768200 0.012700
vn 0.627700 0.778400 0.003300
vn 0.528600 0.848600 -0.023700
vn 0.540700 0.841200 0.002200
vn 0.547700 0.836300 0.023400
vn 0.601100 0.798900 0.020900
vn 0.550100 0.834100 0.041200
vn 0.603500 0.796600 0.035100
vn 0.636500 0.771000 0.019600
vn 0.645000 0.763800 0.020600
vn 0.638000 0.769500 0.030100
vn 0.644200 0.764300 0.028000
vn 0.700900 0.713200 0.007900
vn 0.698100 0.715900 0.006800
vn 0.644100 0.764900 0.008800
vn 0.651100 0.758800 0.014300
vn 0.687700 0.725900 0.006800
vn 0.628600 0.777700 0.001300
vn 0.651700 0.758200 0.019700
vn 0.698100 0.715900 0.011000
vn 0.647600 0.761600 0.025300
vn 0.692000 0.721700 0.016200
vn 0.802100 0.597100 -0.007800
vn 0.804700 0.593600 -0.008100
vn 0.797800 0.602900 -0.002300
vn 0.803700 0.595000 -0.003000
vn 0.797500 0.603200 0.007400
vn 0.645800 0.763500 0.002300
vn 0.574600 0.818200 -0.016400
vn 0.604600 0.796500 -0.007900
vn 0.669600 0.742600 0.005700
vn 0.786700 0.617100 0.017500
vn 0.772300 0.634800 0.021400
vn 0.757300 0.652700 0.019700
vn 0.620300 0.784300 -0.001500
vn 0.543100 0.839400 -0.021500
vn 0.593700 0.801000 0.076900
vn 0.582600 0.804800 0.112700
vn 0.613500 0.783200 0.101300
vn 0.625700 0.777100 0.067300
vn 0.616700 0.781900 0.091200
vn 0.629600 0.774600 0.060100
vn 0.566200 0.807700 0.164400
vn 0.596000 0.788800 0.150100
vn 0.598800 0.789300 0.135400
vn 0.634100 0.772000 0.044200
vn 0.600800 0.797700 0.051900
vn 0.638800 0.768400 0.039500
vn 0.548400 0.834000 0.060700
vn 0.542900 0.835200 0.087400
vn 0.533500 0.836500 0.124800
vn 0.518600 0.836000 0.179000
vn 0.510200 0.804000 0.305300
vn 0.534800 0.794100 0.288700
vn 0.570500 0.792900 0.213800
vn 0.542500 0.807800 0.230400
vn 0.537700 0.800400 0.265000
vn 0.573100 0.796200 0.193900
vn 0.497200 0.832100 0.245700
vn 0.469900 0.823800 0.317100
vn 0.434800 0.811300 0.390800
vn 0.467000 0.796200 0.384500
vn 0.391800 0.801600 0.451500
vn 0.414600 0.788400 0.454500
vn 0.487600 0.791100 0.369400
vn 0.492000 0.799400 0.344700
vn 0.431700 0.783800 0.446300
vn 0.438100 0.791000 0.427100
vn 0.590900 0.764200 0.258600
vn 0.625400 0.758900 0.181200
vn 0.576700 0.797100 0.179000
vn 0.543200 0.801900 0.248700
vn 0.648900 0.751100 0.121300
vn 0.601200 0.789400 0.123900
vn 0.499900 0.800500 0.330600
vn 0.543100 0.763100 0.350200
vn 0.447100 0.789900 0.419500
vn 0.482300 0.752200 0.449000
vn 0.637800 0.650800 0.411800
vn 0.701100 0.646000 0.301700
vn 0.554400 0.647000 0.523400
vn 0.742700 0.637300 0.205400
vn 0.766900 0.628400 0.130100
vn 0.675500 0.735800 0.046700
vn 0.630900 0.773900 0.054000
vn 0.618400 0.781500 0.083000
vn 0.664500 0.743200 0.077600
vn 0.780000 0.621200 0.075100
vn 0.787600 0.615100 0.036300
vn 0.793000 0.609100 0.011200
vn 0.684300 0.728700 0.026800
vn 0.640500 0.767100 0.035200
vn -0.798900 -0.406000 0.443700
vn -0.837200 -0.457200 0.299900
vn -0.750000 -0.606600 0.263400
vn -0.725600 -0.569000 0.386900
vn -0.687400 -0.686100 0.238200
vn -0.669000 -0.657600 0.346300
vn -0.859900 -0.477200 0.181000
vn -0.765100 -0.623000 0.162500
vn -0.697400 -0.700900 0.149100
vn -0.685200 -0.500400 0.529300
vn -0.734700 -0.311800 0.602400
vn -0.621400 -0.391600 0.678600
vn -0.636200 -0.168200 0.752900
vn -0.637500 -0.609900 0.470700
vn -0.588500 -0.538100 0.603400
vn -0.751400 -0.020400 0.659500
vn -0.857200 -0.127800 0.498800
vn -0.681400 0.332400 0.652100
vn -0.824800 0.245600 0.509300
vn -0.604700 0.124500 0.786600
vn -0.507400 0.428100 0.747800
vn -0.921200 -0.192800 0.337800
vn -0.954800 -0.220500 0.199100
vn -0.919900 0.179100 0.348900
vn -0.969300 0.140700 0.201500
vn -0.883100 -0.468800 0.019700
vn -0.782000 -0.622800 0.021900
vn -0.775300 -0.626100 0.083000
vn -0.874100 -0.477400 0.088700
vn -0.704800 -0.709000 0.021700
vn -0.702600 -0.707300 0.077800
vn -0.970800 -0.221800 0.091600
vn -0.977400 -0.210700 0.014200
vn -0.987800 0.129700 0.085800
vn -0.990800 0.135600 0.004600
vn -0.979500 -0.197500 -0.038900
vn -0.888000 -0.458900 -0.029900
vn -0.979400 -0.188700 -0.072000
vn -0.889600 -0.452300 -0.063400
vn -0.987800 0.148100 -0.048600
vn -0.983800 0.160500 -0.079200
vn -0.785900 -0.617800 -0.024000
vn -0.705000 -0.708900 -0.021500
vn -0.787100 -0.614100 -0.056900
vn -0.703600 -0.708500 -0.053800
vn -0.562300 -0.826800 0.012700
vn -0.566800 -0.821400 0.062500
vn -0.639800 -0.765200 0.071500
vn -0.637600 -0.770100 0.018800
vn -0.568700 -0.813100 0.124400
vn -0.638900 -0.756800 0.137700
vn -0.633700 -0.773200 -0.022500
vn -0.556400 -0.830500 -0.026900
vn -0.628700 -0.775700 -0.054200
vn -0.549400 -0.833500 -0.058200
vn -0.477200 -0.878200 -0.033000
vn -0.482100 -0.876100 0.005200
vn -0.399800 -0.915800 -0.037200
vn -0.400200 -0.916400 -0.000500
vn -0.471600 -0.879500 -0.063800
vn -0.399500 -0.914200 -0.067400
vn -0.486200 -0.872200 0.052500
vn -0.488900 -0.865200 0.110800
vn -0.401200 -0.914900 0.044300
vn -0.402900 -0.909800 0.098900
vn -0.558500 -0.778800 0.285300
vn -0.619000 -0.719000 0.315800
vn -0.633000 -0.742500 0.218900
vn -0.566700 -0.799600 0.198700
vn -0.489700 -0.853400 0.178600
vn -0.487000 -0.835200 0.255600
vn -0.405000 -0.900000 0.161000
vn -0.407500 -0.883500 0.231000
vn -0.476200 -0.810600 0.340600
vn -0.538800 -0.750400 0.382800
vn -0.450700 -0.787800 0.419800
vn -0.502500 -0.719300 0.479600
vn -0.408600 -0.858900 0.308600
vn -0.407300 -0.834300 0.371500
vn -0.592400 -0.684000 0.425600
vn -0.549500 -0.637800 0.539700
vn -0.886700 -0.452400 -0.094800
vn -0.886000 -0.453400 -0.096700
vn -0.786000 -0.611900 -0.087900
vn -0.785300 -0.612800 -0.087700
vn -0.702500 -0.706900 -0.081500
vn -0.700700 -0.708600 -0.083300
vn -0.888800 -0.449100 -0.090600
vn -0.790400 -0.607500 -0.079100
vn -0.708500 -0.702200 -0.070100
vn -0.786400 -0.612800 -0.077900
vn -0.888700 -0.450700 -0.084100
vn -0.701600 -0.708600 -0.074600
vn -0.978200 -0.186400 -0.091600
vn -0.976700 -0.188200 -0.102800
vn -0.980800 0.169700 -0.096300
vn -0.978300 0.177400 -0.107000
vn -0.976300 -0.188400 -0.106700
vn -0.978200 -0.179900 -0.103800
vn -0.975400 0.189600 -0.112100
vn -0.970800 0.212100 -0.112000
vn -0.906700 -0.416200 -0.068800
vn -0.810300 -0.583600 -0.052400
vn -0.798900 -0.597800 -0.066000
vn -0.896100 -0.436400 -0.080300
vn -0.730900 -0.681400 -0.039300
vn -0.718600 -0.693300 -0.054500
vn -0.982600 -0.158400 -0.096800
vn -0.988100 -0.125800 -0.088000
vn -0.962800 0.247600 -0.107900
vn -0.951500 0.290400 -0.101100
vn -0.993000 -0.089800 -0.076000
vn -0.918000 -0.392800 -0.054600
vn -0.996500 -0.059100 -0.058900
vn -0.927600 -0.371800 -0.035500
vn -0.939400 0.330500 -0.091200
vn -0.930300 0.358600 -0.076900
vn -0.821900 -0.568400 -0.036700
vn -0.742100 -0.669800 -0.022800
vn -0.831000 -0.556000 -0.016400
vn -0.749400 -0.662100 -0.002400
vn -0.559400 -0.828800 -0.012800
vn -0.549400 -0.835000 -0.032100
vn -0.637900 -0.768900 -0.043400
vn -0.650100 -0.759400 -0.026300
vn -0.541300 -0.839000 -0.055100
vn -0.627800 -0.775900 -0.062100
vn -0.660600 -0.750700 -0.009200
vn -0.567600 -0.823300 0.004700
vn -0.665600 -0.746100 0.010400
vn -0.569800 -0.821400 0.022300
vn -0.487000 -0.873200 0.015700
vn -0.482200 -0.876000 -0.001400
vn -0.426200 -0.904300 0.022700
vn -0.424800 -0.905300 0.007000
vn -0.486100 -0.873300 0.030200
vn -0.422000 -0.906000 0.032600
vn -0.474900 -0.879700 -0.022600
vn -0.468400 -0.882100 -0.049700
vn -0.419800 -0.907400 -0.014900
vn -0.413600 -0.909300 -0.044700
vn -0.538500 -0.838500 -0.082500
vn -0.621400 -0.779200 -0.081500
vn -0.622200 -0.779000 -0.077100
vn -0.537600 -0.839800 -0.074700
vn -0.464600 -0.882400 -0.073900
vn -0.464200 -0.881600 -0.085100
vn -0.407600 -0.910200 -0.072300
vn -0.403100 -0.911100 -0.086100
vn -0.466800 -0.880500 -0.082400
vn -0.542900 -0.836200 -0.077700
vn -0.400400 -0.912400 -0.085200
vn -0.624100 -0.777800 -0.074500
vn -0.938600 -0.344700 -0.013300
vn -0.940100 -0.339900 -0.024400
vn -0.841400 -0.540300 -0.005200
vn -0.840500 -0.541700 0.006600
vn -0.750700 -0.660600 0.006000
vn -0.752600 -0.658100 0.019300
vn -0.937500 -0.343600 -0.054000
vn -0.837600 -0.545000 -0.036900
vn -0.744600 -0.666900 -0.028400
vn -0.836900 -0.547300 0.001500
vn -0.934400 -0.355700 -0.018300
vn -0.752300 -0.658700 0.015000
vn -0.998300 -0.038900 -0.043200
vn -0.998800 -0.028500 -0.038700
vn -0.926900 0.369900 -0.063700
vn -0.928000 0.367700 -0.059700
vn -0.998400 -0.027200 -0.048700
vn -0.996500 -0.035200 -0.075600
vn -0.932000 0.355900 -0.067700
vn -0.937100 0.337200 -0.089800
vn -0.896200 -0.355100 -0.265800
vn -0.798800 -0.550400 -0.242800
vn -0.827300 -0.550800 -0.109900
vn -0.927900 -0.350500 -0.127300
vn -0.707200 -0.668800 -0.229200
vn -0.733100 -0.672400 -0.101800
vn -0.988100 -0.047500 -0.146300
vn -0.956400 -0.061000 -0.285700
vn -0.936600 0.315200 -0.152800
vn -0.913800 0.291400 -0.282700
vn -0.876900 -0.078400 -0.474300
vn -0.818900 -0.355500 -0.450500
vn -0.740300 -0.098900 -0.664900
vn -0.688200 -0.351100 -0.634900
vn -0.847000 0.259300 -0.464000
vn -0.724600 0.218900 -0.653400
vn -0.730900 -0.538700 -0.419000
vn -0.648500 -0.649200 -0.397300
vn -0.615900 -0.515300 -0.595900
vn -0.549000 -0.613700 -0.567400
vn -0.509700 -0.835700 -0.204200
vn -0.526100 -0.845100 -0.094900
vn -0.636400 -0.765000 -0.098700
vn -0.614600 -0.757700 -0.219600
vn -0.538000 -0.842600 -0.024100
vn -0.648000 -0.761200 -0.025100
vn -0.567100 -0.731300 -0.378900
vn -0.475400 -0.807500 -0.349200
vn -0.483700 -0.687400 -0.541700
vn -0.410000 -0.765300 -0.496200
vn -0.383300 -0.867700 -0.316500
vn -0.408900 -0.891800 -0.193700
vn -0.309500 -0.899100 -0.309400
vn -0.326000 -0.922900 -0.204900
vn -0.338800 -0.834100 -0.435300
vn -0.293000 -0.871300 -0.393500
vn -0.425100 -0.899700 -0.098500
vn -0.440000 -0.897500 -0.031400
vn -0.344200 -0.931400 -0.118100
vn -0.363000 -0.930400 -0.051000
vn -0.558400 -0.828900 0.034300
vn -0.661800 -0.749100 0.028400
vn -0.656500 -0.754200 0.012600
vn -0.549100 -0.835600 0.016100
vn -0.454200 -0.890800 0.011900
vn -0.467500 -0.883400 0.033400
vn -0.380500 -0.924700 -0.002600
vn -0.397200 -0.917400 0.024200
vn -0.478900 -0.877000 0.038100
vn -0.566000 -0.823600 0.034800
vn -0.411800 -0.910600 0.034500
vn -0.665300 -0.746100 0.026100
vn -0.184300 0.937400 0.295300
vn -0.235100 0.950200 0.204700
vn -0.291300 0.935500 0.200000
vn -0.229500 0.927500 0.294900
vn -0.370100 0.905100 0.209100
vn -0.297800 0.902300 0.311600
vn -0.278800 0.954000 0.110000
vn -0.340600 0.934400 0.104600
vn -0.424100 0.899000 0.108700
vn -0.164500 0.910900 0.378500
vn -0.134300 0.918100 0.373000
vn -0.108100 0.887800 0.447300
vn -0.093500 0.896100 0.434000
vn -0.217200 0.888900 0.403400
vn -0.141900 0.866300 0.478900
vn -0.117500 0.918000 0.378800
vn -0.154300 0.938900 0.307700
vn -0.089200 0.897900 0.430900
vn -0.194500 0.955700 0.220700
vn -0.232200 0.964800 0.123200
vn -0.333500 0.942500 -0.017900
vn -0.397400 0.917300 -0.024100
vn -0.374200 0.926900 0.027400
vn -0.310600 0.950000 0.032300
vn -0.477700 0.878000 -0.026900
vn -0.457700 0.888600 0.027800
vn -0.261100 0.964400 0.042000
vn -0.283100 0.959000 -0.008400
vn -0.303700 0.952000 -0.038200
vn -0.353600 0.934100 -0.049000
vn -0.326400 0.943700 -0.053000
vn -0.374000 0.925000 -0.066000
vn -0.416100 0.907600 -0.056700
vn -0.490800 0.869100 -0.061500
vn -0.433000 0.898300 -0.074700
vn -0.500200 0.862200 -0.080000
vn -0.727300 0.686100 -0.018700
vn -0.718400 0.693800 0.049100
vn -0.570300 0.820700 0.034800
vn -0.584800 0.810800 -0.025300
vn -0.687500 0.710900 0.147900
vn -0.537800 0.834000 0.123100
vn -0.589400 0.805400 -0.062900
vn -0.724800 0.686300 -0.061000
vn -0.588600 0.804200 -0.082200
vn -0.716700 0.692400 -0.082600
vn -0.880400 0.470900 -0.056400
vn -0.886000 0.463500 -0.008000
vn -0.871500 0.483400 -0.082200
vn -0.882000 0.466200 0.068600
vn -0.856000 0.484900 0.179100
vn -0.521700 0.755700 0.395900
vn -0.393400 0.852100 0.345200
vn -0.478300 0.846800 0.232500
vn -0.622300 0.734700 0.270200
vn -0.792000 0.521900 0.316900
vn -0.682000 0.568400 0.460100
vn -0.535500 0.612200 0.581700
vn -0.398100 0.765800 0.504900
vn -0.377200 0.646700 0.662900
vn -0.272100 0.764100 0.584900
vn -0.294100 0.845500 0.445600
vn -0.196200 0.828000 0.525200
vn -0.415800 0.905400 -0.085200
vn -0.432900 0.896500 -0.093700
vn -0.470600 0.876600 -0.099900
vn -0.462200 0.881800 -0.093400
vn -0.506900 0.856000 -0.101500
vn -0.509500 0.854900 -0.097100
vn -0.443500 0.890500 -0.101500
vn -0.471500 0.875600 -0.104300
vn -0.497000 0.861600 -0.103000
vn -0.448900 0.889500 -0.085100
vn -0.395300 0.915300 -0.076100
vn -0.506800 0.857400 -0.089900
vn -0.351900 0.934000 -0.061700
vn -0.378100 0.923000 -0.071000
vn -0.401900 0.912000 -0.081500
vn -0.420200 0.902600 -0.093300
vn -0.442600 0.890900 -0.102300
vn -0.450800 0.887100 -0.098900
vn -0.463900 0.879700 -0.104600
vn -0.446100 0.888700 -0.105500
vn -0.459900 0.883000 -0.093800
vn -0.480100 0.871400 -0.100600
vn -0.431400 0.896400 -0.101700
vn -0.436500 0.893900 -0.102100
vn -0.437200 0.894500 -0.093400
vn -0.436400 0.895100 -0.091200
vn -0.435300 0.897300 -0.073100
vn -0.430800 0.899700 -0.070400
vn -0.437500 0.895000 -0.087100
vn -0.442400 0.893000 -0.082700
vn -0.429000 0.900700 -0.068100
vn -0.433400 0.898700 -0.066800
vn -0.585900 0.805100 -0.091900
vn -0.615500 0.781900 -0.098400
vn -0.517100 0.850400 -0.097200
vn -0.491900 0.865900 -0.090300
vn -0.645800 0.756600 -0.102200
vn -0.542000 0.834300 -0.101000
vn -0.472500 0.877600 -0.080700
vn -0.563500 0.821800 -0.083400
vn -0.464200 0.883100 -0.068000
vn -0.553900 0.829400 -0.072500
vn -0.739300 0.667300 -0.090100
vn -0.762700 0.639100 -0.098600
vn -0.726700 0.682400 -0.078600
vn -0.790700 0.603200 -0.104800
vn -0.816600 0.566900 -0.108300
vn -0.691200 0.715700 -0.099800
vn -0.575800 0.811600 -0.098200
vn -0.562000 0.820900 -0.101300
vn -0.671500 0.733800 -0.102800
vn -0.836600 0.536900 -0.108300
vn -0.851100 0.514600 -0.104000
vn -0.862000 0.497800 -0.095500
vn -0.705800 0.702200 -0.093100
vn -0.584300 0.806300 -0.091800
vn -0.426300 0.903900 -0.033900
vn -0.424500 0.904900 -0.031800
vn -0.440400 0.897200 -0.033400
vn -0.432900 0.900700 -0.035700
vn -0.460700 0.886600 -0.040300
vn -0.445900 0.894100 -0.041300
vn -0.419700 0.906600 -0.044400
vn -0.446700 0.893600 -0.043600
vn -0.475700 0.878200 -0.050100
vn -0.428000 0.902500 -0.048100
vn -0.427700 0.902600 -0.047800
vn -0.435300 0.898800 -0.050800
vn -0.431200 0.900800 -0.050700
vn -0.424400 0.904700 -0.038200
vn -0.413800 0.909500 -0.039200
vn -0.398100 0.915500 -0.057400
vn -0.394200 0.906800 -0.149100
vn -0.440900 0.884100 -0.154500
vn -0.448900 0.890000 -0.079200
vn -0.410400 0.908300 -0.080200
vn -0.484500 0.858700 -0.167100
vn -0.486300 0.869500 -0.086500
vn -0.376900 0.921200 -0.096200
vn -0.350900 0.922700 -0.159500
vn -0.318400 0.916100 -0.243600
vn -0.363100 0.897500 -0.250200
vn -0.276900 0.900300 -0.335900
vn -0.310600 0.877200 -0.366000
vn -0.411400 0.871100 -0.268200
vn -0.456800 0.841200 -0.289400
vn -0.351100 0.846800 -0.399500
vn -0.392700 0.812700 -0.430500
vn -0.639100 0.738200 -0.215700
vn -0.637900 0.760900 -0.118400
vn -0.540300 0.835500 -0.099600
vn -0.542500 0.819100 -0.186200
vn -0.619600 0.781400 -0.074600
vn -0.523900 0.849600 -0.060900
vn -0.515700 0.795700 -0.317600
vn -0.607100 0.707800 -0.361200
vn -0.447600 0.761700 -0.468400
vn -0.528500 0.667300 -0.524800
vn -0.730500 0.541100 -0.416700
vn -0.776900 0.576600 -0.252700
vn -0.632400 0.495500 -0.595400
vn -0.784800 0.603700 -0.139700
vn -0.772500 0.629000 -0.087300
vn -0.574900 0.816100 -0.058100
vn -0.483500 0.873900 -0.049200
vn -0.503300 0.862700 -0.050200
vn -0.596500 0.800200 -0.061500
vn -0.754700 0.652200 -0.070300
vn -0.738500 0.671100 -0.064600
vn -0.727600 0.682600 -0.068100
vn -0.559000 0.826800 -0.062500
vn -0.468900 0.881500 -0.055700
vt 0.788000 -0.191100
vt 0.799600 -0.217800
vt 0.872600 -0.219000
vt 0.859800 -0.192500
vt 0.945400 -0.220700
vt 0.931800 -0.194700
vt 0.811200 -0.244100
vt 0.885500 -0.245100
vt 0.959000 -0.246300
vt 0.848100 -0.165500
vt 0.777600 -0.164000
vt 0.838600 -0.138100
vt 0.769400 -0.136600
vt 0.919200 -0.168000
vt 0.908400 -0.140700
vt 0.707000 -0.162900
vt 0.715900 -0.190000
vt 0.635800 -0.162100
vt 0.642800 -0.189100
vt 0.700300 -0.135600
vt 0.630500 -0.134900
vt 0.725800 -0.216700
vt 0.735800 -0.243100
vt 0.650800 -0.215700
vt 0.658900 -0.242000
vt 0.830700 -0.295000
vt 0.907100 -0.295900
vt 0.897400 -0.270800
vt 0.821900 -0.269900
vt 0.982200 -0.296700
vt 0.971800 -0.271700
vt 0.745100 -0.268900
vt 0.752600 -0.294100
vt 0.666500 -0.267800
vt 0.672600 -0.292900
vt 0.757500 -0.318600
vt 0.836300 -0.319500
vt 0.758700 -0.342300
vt 0.837800 -0.343200
vt 0.676600 -0.317500
vt 0.677500 -0.341200
vt 0.913400 -0.320400
vt 0.989000 -0.321100
vt 0.915000 -0.344000
vt 0.990700 -0.344700
vt 1.129600 -0.298100
vt 1.118200 -0.273700
vt 1.045300 -0.272700
vt 1.056300 -0.297400
vt 1.104900 -0.249500
vt 1.032100 -0.247800
vt 1.063400 -0.321700
vt 1.137000 -0.322300
vt 1.065100 -0.345300
vt 1.138600 -0.345800
vt 1.209900 -0.322800
vt 1.202300 -0.298800
vt 1.282600 -0.323300
vt 1.274800 -0.299400
vt 1.211500 -0.346300
vt 1.284100 -0.346700
vt 1.190800 -0.274800
vt 1.177400 -0.251300
vt 1.263100 -0.275900
vt 1.249800 -0.253100
vt 1.078100 -0.201800
vt 1.004500 -0.197800
vt 1.018300 -0.223000
vt 1.091300 -0.225700
vt 1.164300 -0.228700
vt 1.152800 -0.206900
vt 1.237400 -0.231800
vt 1.228200 -0.212500
vt 1.144300 -0.186000
vt 1.066000 -0.177500
vt 1.133000 -0.161500
vt 1.053800 -0.151200
vt 1.224500 -0.195900
vt 1.228800 -0.182500
vt 0.991400 -0.171800
vt 0.979600 -0.144600
vt 0.825600 -0.388100
vt 0.813300 -0.409400
vt 0.887200 -0.410000
vt 0.901200 -0.388800
vt 0.959700 -0.410500
vt 0.975200 -0.389300
vt 0.797700 -0.430200
vt 0.869600 -0.430800
vt 0.940200 -0.431200
vt 0.910700 -0.366800
vt 0.834000 -0.366000
vt 0.985800 -0.367400
vt 0.755500 -0.365200
vt 0.748300 -0.387300
vt 0.674800 -0.364100
vt 0.668800 -0.386300
vt 0.737600 -0.408700
vt 0.724200 -0.429600
vt 0.659900 -0.407800
vt 0.648700 -0.428900
vt 0.759300 -0.470600
vt 0.826200 -0.471000
vt 0.849000 -0.451000
vt 0.779500 -0.450600
vt 0.892100 -0.471200
vt 0.917400 -0.451400
vt 0.708400 -0.450100
vt 0.691000 -0.470200
vt 0.635700 -0.449400
vt 0.621200 -0.469700
vt 0.672400 -0.490200
vt 0.737700 -0.490500
vt 0.653300 -0.510000
vt 0.715600 -0.510100
vt 0.605800 -0.489800
vt 0.589900 -0.509700
vt 0.802000 -0.490700
vt 0.865200 -0.490800
vt 0.776900 -0.510300
vt 0.837500 -0.510300
vt 1.021500 -0.471600
vt 1.051300 -0.451900
vt 0.984700 -0.451700
vt 0.957100 -0.471400
vt 1.078300 -0.431800
vt 1.009700 -0.431500
vt 0.927700 -0.490900
vt 0.989700 -0.491000
vt 0.897500 -0.510400
vt 0.957000 -0.510400
vt 1.051300 -0.491100
vt 1.085400 -0.471700
vt 1.112700 -0.491100
vt 1.149100 -0.471800
vt 1.016200 -0.510400
vt 1.075300 -0.510300
vt 1.117400 -0.452100
vt 1.146400 -0.432100
vt 1.183300 -0.452200
vt 1.214300 -0.432300
vt 1.119900 -0.390200
vt 1.048000 -0.389800
vt 1.031000 -0.411000
vt 1.101500 -0.411300
vt 1.171400 -0.411600
vt 1.191200 -0.390600
vt 1.240900 -0.411900
vt 1.262200 -0.391000
vt 1.204900 -0.368900
vt 1.132600 -0.368400
vt 1.276900 -0.369300
vt 1.059600 -0.368000
vt 0.187400 -0.180300
vt 0.181600 -0.206500
vt 0.260100 -0.208400
vt 0.263600 -0.182100
vt 0.339100 -0.210200
vt 0.340100 -0.183800
vt 0.175700 -0.232400
vt 0.256700 -0.234300
vt 0.338000 -0.236200
vt 0.266900 -0.155600
vt 0.192800 -0.153800
vt 0.269700 -0.128800
vt 0.197300 -0.127000
vt 0.341300 -0.157200
vt 0.342400 -0.130400
vt 0.119400 -0.151800
vt 0.112000 -0.178300
vt 0.046900 -0.149700
vt 0.037600 -0.176200
vt 0.125500 -0.125000
vt 0.054700 -0.122900
vt 0.103900 -0.204500
vt 0.095700 -0.230300
vt 0.027300 -0.202400
vt 0.017000 -0.228200
vt 0.165400 -0.282800
vt 0.250500 -0.284900
vt 0.253400 -0.259900
vt 0.170200 -0.257900
vt 0.336000 -0.286800
vt 0.337000 -0.261700
vt 0.088000 -0.255700
vt 0.081500 -0.280700
vt 0.007300 -0.253500
vt -0.000900 -0.278400
vt 0.076600 -0.305100
vt 0.161800 -0.307300
vt 0.074100 -0.328900
vt 0.159800 -0.331100
vt -0.006900 -0.302800
vt -0.009800 -0.326600
vt 0.248200 -0.309300
vt 0.335100 -0.311300
vt 0.246700 -0.333200
vt 0.334200 -0.335100
vt 0.506500 -0.290200
vt 0.503800 -0.265000
vt 0.420700 -0.263500
vt 0.421600 -0.288500
vt 0.500300 -0.239400
vt 0.419400 -0.237800
vt 0.422000 -0.313000
vt 0.508200 -0.314700
vt 0.421600 -0.336900
vt 0.508400 -0.338500
vt 0.593300 -0.316200
vt 0.590400 -0.291600
vt 0.593900 -0.339900
vt 0.585900 -0.266500
vt 0.580300 -0.240800
vt 0.492900 -0.186800
vt 0.416700 -0.185400
vt 0.418000 -0.211800
vt 0.496500 -0.213300
vt 0.574300 -0.214600
vt 0.568400 -0.188000
vt 0.563300 -0.161100
vt 0.489800 -0.160000
vt 0.559600 -0.134100
vt 0.487700 -0.133000
vt 0.415700 -0.158700
vt 0.415200 -0.131800
vt 0.161500 -0.377000
vt 0.164600 -0.399100
vt 0.247800 -0.401000
vt 0.246600 -0.378900
vt 0.331500 -0.402700
vt 0.332300 -0.380700
vt 0.169100 -0.420900
vt 0.249600 -0.422700
vt 0.330600 -0.424200
vt 0.246200 -0.356400
vt 0.159800 -0.354300
vt 0.333200 -0.358200
vt 0.074500 -0.352200
vt 0.077400 -0.374800
vt -0.009000 -0.349800
vt -0.004800 -0.372600
vt 0.082600 -0.397100
vt 0.089500 -0.418900
vt 0.002200 -0.394800
vt 0.011500 -0.416800
vt 0.180600 -0.463500
vt 0.254500 -0.465000
vt 0.251900 -0.444000
vt 0.174500 -0.442300
vt 0.328800 -0.466300
vt 0.329700 -0.445400
vt 0.097900 -0.440500
vt 0.107400 -0.461800
vt 0.022800 -0.438400
vt 0.035500 -0.459800
vt 0.117700 -0.482900
vt 0.187200 -0.484600
vt 0.128300 -0.504000
vt 0.194100 -0.505500
vt 0.049100 -0.481000
vt 0.063200 -0.502200
vt 0.257500 -0.485900
vt 0.328000 -0.487000
vt 0.260500 -0.506700
vt 0.327100 -0.507700
vt 0.476800 -0.468300
vt 0.484700 -0.447800
vt 0.407500 -0.446700
vt 0.403100 -0.467400
vt 0.491900 -0.426900
vt 0.411500 -0.425600
vt 0.398400 -0.488000
vt 0.468500 -0.488700
vt 0.393700 -0.508400
vt 0.459800 -0.509000
vt 0.537700 -0.489300
vt 0.549700 -0.469100
vt 0.525400 -0.509400
vt 0.560900 -0.448700
vt 0.571100 -0.427900
vt 0.503000 -0.383900
vt 0.418000 -0.382400
vt 0.415100 -0.404300
vt 0.498100 -0.405600
vt 0.579900 -0.406800
vt 0.586800 -0.385200
vt 0.591600 -0.362900
vt 0.506500 -0.361500
vt 0.420200 -0.360000
vt -0.398200 -0.169500
vt -0.413900 -0.192600
vt -0.340600 -0.193300
vt -0.324300 -0.168800
vt -0.267500 -0.194300
vt -0.251400 -0.169000
vt -0.430000 -0.215800
vt -0.356900 -0.217400
vt -0.283600 -0.219300
vt -0.308600 -0.143500
vt -0.383600 -0.145800
vt -0.294000 -0.117000
vt -0.368700 -0.120100
vt -0.236200 -0.143100
vt -0.222800 -0.116300
vt -0.462600 -0.150600
vt -0.473400 -0.171100
vt -0.543500 -0.156700
vt -0.549200 -0.173200
vt -0.448700 -0.126700
vt -0.546200 -0.143000
vt -0.487200 -0.192300
vt -0.502800 -0.214300
vt -0.560600 -0.192100
vt -0.575500 -0.212900
vt -0.459700 -0.263300
vt -0.386100 -0.265900
vt -0.372600 -0.241700
vt -0.445900 -0.239500
vt -0.311700 -0.268500
vt -0.298800 -0.244000
vt -0.518700 -0.237200
vt -0.532800 -0.260700
vt -0.591300 -0.235000
vt -0.605700 -0.258100
vt -0.543100 -0.284400
vt -0.469600 -0.287200
vt -0.547200 -0.307900
vt -0.473700 -0.310700
vt -0.616200 -0.281600
vt -0.620300 -0.305100
vt -0.395600 -0.289900
vt -0.320700 -0.292600
vt -0.399600 -0.313500
vt -0.324600 -0.316300
vt -0.159500 -0.273600
vt -0.148500 -0.248800
vt -0.224200 -0.246400
vt -0.236200 -0.271100
vt -0.135500 -0.223600
vt -0.209900 -0.221300
vt -0.244700 -0.295300
vt -0.167300 -0.297900
vt -0.248500 -0.319000
vt -0.170800 -0.321600
vt -0.088100 -0.300400
vt -0.081100 -0.276000
vt -0.091400 -0.324200
vt -0.071500 -0.251200
vt -0.060000 -0.225900
vt -0.107500 -0.171800
vt -0.179400 -0.170100
vt -0.194700 -0.195900
vt -0.121500 -0.197900
vt -0.047700 -0.200100
vt -0.035400 -0.174000
vt -0.024200 -0.147400
vt -0.094600 -0.145400
vt -0.014900 -0.120600
vt -0.083800 -0.118500
vt -0.165100 -0.143800
vt -0.152900 -0.116900
vt -0.459600 -0.356300
vt -0.443400 -0.378400
vt -0.372100 -0.381400
vt -0.387000 -0.359200
vt -0.300100 -0.384300
vt -0.313500 -0.362100
vt -0.422300 -0.400200
vt -0.352800 -0.403300
vt -0.282500 -0.406200
vt -0.396400 -0.336600
vt -0.470000 -0.333800
vt -0.321900 -0.339400
vt -0.543000 -0.330900
vt -0.531600 -0.353300
vt -0.615700 -0.328000
vt -0.603400 -0.350400
vt -0.514100 -0.375400
vt -0.491300 -0.397200
vt -0.584500 -0.372400
vt -0.560100 -0.394000
vt -0.369600 -0.443100
vt -0.304300 -0.446300
vt -0.329900 -0.424900
vt -0.397400 -0.421800
vt -0.238300 -0.449300
vt -0.261700 -0.427900
vt -0.464500 -0.418600
vt -0.434500 -0.439900
vt -0.531300 -0.415400
vt -0.499300 -0.436600
vt -0.402500 -0.461000
vt -0.339900 -0.464300
vt -0.369500 -0.482000
vt -0.309200 -0.485400
vt -0.465000 -0.457700
vt -0.429600 -0.478600
vt -0.276900 -0.467500
vt -0.213400 -0.470600
vt -0.248600 -0.488700
vt -0.187600 -0.491800
vt -0.103900 -0.455000
vt -0.122200 -0.433500
vt -0.192500 -0.430800
vt -0.171600 -0.452200
vt -0.138600 -0.411800
vt -0.211200 -0.409100
vt -0.149200 -0.473500
vt -0.084200 -0.476300
vt -0.126000 -0.494800
vt -0.063800 -0.497500
vt -0.018100 -0.478800
vt -0.034900 -0.457500
vt -0.000800 -0.500000
vt -0.050500 -0.436000
vt -0.064400 -0.414400
vt -0.162700 -0.367600
vt -0.238800 -0.364900
vt -0.226900 -0.387100
vt -0.152300 -0.389900
vt -0.076000 -0.392400
vt -0.084800 -0.370100
vt -0.090100 -0.347400
vt -0.169100 -0.344800
vt -0.246300 -0.342200
vt 1.181400 0.851300
vt 1.164700 0.873600
vt 1.092700 0.876100
vt 1.108100 0.853700
vt 1.020000 0.878500
vt 1.033900 0.856100
vt 1.143000 0.895500
vt 1.072800 0.898000
vt 1.001900 0.900400
vt 1.117900 0.830900
vt 1.192300 0.828500
vt 1.121400 0.807600
vt 1.196300 0.805200
vt 1.042700 0.833300
vt 1.045700 0.809900
vt 1.266100 0.826000
vt 1.254200 0.848700
vt 1.339500 0.823500
vt 1.326700 0.846100
vt 1.270600 0.802800
vt 1.344600 0.800300
vt 1.236100 0.871000
vt 1.212800 0.892900
vt 1.307300 0.868400
vt 1.282200 0.890200
vt 1.088900 0.938500
vt 1.023000 0.941100
vt 1.049300 0.919700
vt 1.117500 0.917100
vt 0.956400 0.943500
vt 0.980400 0.922100
vt 1.185200 0.914400
vt 1.154500 0.935800
vt 1.252700 0.911700
vt 1.219900 0.933000
vt 1.121700 0.957000
vt 1.058500 0.959700
vt 1.087900 0.978100
vt 1.027000 0.980900
vt 1.184900 0.954200
vt 1.148700 0.975300
vt 0.994900 0.962300
vt 0.930800 0.964800
vt 0.965800 0.983500
vt 0.904300 0.986000
vt 0.820800 0.947900
vt 0.839800 0.926400
vt 0.910700 0.924400
vt 0.889100 0.945800
vt 0.856700 0.904800
vt 0.929900 0.902700
vt 0.866000 0.967100
vt 0.800500 0.969100
vt 0.842200 0.988300
vt 0.779500 0.990300
vt 0.734000 0.970900
vt 0.751400 0.949600
vt 0.666400 0.972300
vt 0.680600 0.951100
vt 0.716000 0.992000
vt 0.651700 0.993400
vt 0.767600 0.928200
vt 0.782100 0.906600
vt 0.693900 0.929700
vt 0.705700 0.908100
vt 0.881800 0.860400
vt 0.958500 0.858300
vt 0.946100 0.880700
vt 0.871000 0.882800
vt 0.794200 0.884600
vt 0.803400 0.862300
vt 0.715500 0.886200
vt 0.723000 0.863900
vt 0.809000 0.839400
vt 0.888600 0.837600
vt 0.810500 0.816000
vt 0.890600 0.814200
vt 0.727400 0.841100
vt 0.728500 0.817700
vt 0.966400 0.835500
vt 0.968900 0.812100
vt 0.879400 0.765500
vt 0.868500 0.740300
vt 0.944800 0.738400
vt 0.956800 0.763500
vt 1.020200 0.736500
vt 1.033000 0.761400
vt 0.855400 0.714700
vt 0.930500 0.712900
vt 1.005000 0.711300
vt 0.965300 0.788100
vt 0.887200 0.790100
vt 1.042000 0.785900
vt 0.807400 0.792000
vt 0.800500 0.767300
vt 0.725700 0.793700
vt 0.719800 0.769000
vt 0.790800 0.742200
vt 0.779300 0.716500
vt 0.711500 0.743900
vt 0.701800 0.718200
vt 0.827300 0.662100
vt 0.899800 0.660800
vt 0.915100 0.687100
vt 0.841300 0.688600
vt 0.972600 0.660100
vt 0.988800 0.685900
vt 0.766900 0.690300
vt 0.754500 0.663800
vt 0.691400 0.692100
vt 0.681100 0.665600
vt 0.743200 0.636900
vt 0.814300 0.635300
vt 0.733900 0.609700
vt 0.803500 0.608000
vt 0.671600 0.638800
vt 0.663900 0.611700
vt 0.885500 0.634100
vt 0.957300 0.633700
vt 0.873200 0.606800
vt 0.943900 0.606600
vt 1.121200 0.661400
vt 1.136900 0.685100
vt 1.062700 0.685300
vt 1.046400 0.660300
vt 1.152900 0.708700
vt 1.079100 0.709900
vt 1.030600 0.634600
vt 1.106500 0.637300
vt 1.016000 0.607700
vt 1.091600 0.611200
vt 1.186500 0.642600
vt 1.197300 0.663500
vt 1.268500 0.649100
vt 1.274000 0.666000
vt 1.172600 0.618200
vt 1.271300 0.635100
vt 1.211100 0.685100
vt 1.226600 0.707500
vt 1.285400 0.685300
vt 1.300300 0.706500
vt 1.182700 0.757100
vt 1.108200 0.759300
vt 1.094800 0.734600
vt 1.168900 0.732800
vt 1.242500 0.730900
vt 1.256600 0.754800
vt 1.316100 0.729100
vt 1.330400 0.752600
vt 1.266700 0.778900
vt 1.192400 0.781300
vt 1.340700 0.776500
vt 1.117600 0.783700
vt 0.238400 0.953500
vt 0.231100 0.932900
vt 0.308200 0.932900
vt 0.312100 0.953700
vt 0.386000 0.932700
vt 0.386300 0.953600
vt 0.224400 0.911900
vt 0.304700 0.911800
vt 0.385700 0.911500
vt 0.316100 0.974300
vt 0.246200 0.974000
vt 0.320300 0.994800
vt 0.254200 0.994400
vt 0.386600 0.974400
vt 0.386900 0.995000
vt 0.177000 0.973600
vt 0.165700 0.953300
vt 0.109100 0.973100
vt 0.094400 0.952900
vt 0.188700 0.993800
vt 0.124300 0.993200
vt 0.155000 0.932800
vt 0.145400 0.912000
vt 0.080500 0.932600
vt 0.068000 0.911900
vt 0.214200 0.868900
vt 0.299100 0.868500
vt 0.301700 0.890400
vt 0.218700 0.890600
vt 0.384800 0.868000
vt 0.385300 0.889900
vt 0.137100 0.890800
vt 0.130600 0.869100
vt 0.057300 0.890800
vt 0.048900 0.869300
vt 0.126100 0.846900
vt 0.211000 0.846500
vt 0.124100 0.824000
vt 0.209400 0.823600
vt 0.043200 0.847200
vt 0.040800 0.824400
vt 0.297200 0.846100
vt 0.384200 0.845400
vt 0.296100 0.823000
vt 0.383500 0.822300
vt 0.556000 0.866400
vt 0.552400 0.888600
vt 0.469100 0.889400
vt 0.470600 0.867300
vt 0.547500 0.910300
vt 0.466800 0.911000
vt 0.471400 0.844600
vt 0.558000 0.843700
vt 0.471100 0.821400
vt 0.558200 0.820400
vt 0.643600 0.842500
vt 0.640300 0.865300
vt 0.644200 0.819100
vt 0.634800 0.887500
vt 0.627300 0.909400
vt 0.534900 0.952900
vt 0.460800 0.953400
vt 0.464000 0.932300
vt 0.541600 0.931700
vt 0.618400 0.930900
vt 0.608300 0.952200
vt 0.597500 0.973300
vt 0.527700 0.973900
vt 0.586300 0.994300
vt 0.520200 0.994800
vt 0.457200 0.974300
vt 0.453600 0.995100
vt 0.211400 0.775500
vt 0.214200 0.750500
vt 0.297200 0.749700
vt 0.296300 0.774800
vt 0.380800 0.748900
vt 0.381800 0.773900
vt 0.217700 0.725000
vt 0.298400 0.724200
vt 0.379800 0.723300
vt 0.295900 0.799200
vt 0.209700 0.799800
vt 0.382700 0.798400
vt 0.124900 0.800400
vt 0.127800 0.776100
vt 0.041900 0.800800
vt 0.045900 0.776500
vt 0.132300 0.751100
vt 0.137900 0.725700
vt 0.052100 0.751600
vt 0.059600 0.726200
vt 0.224900 0.672700
vt 0.301000 0.671900
vt 0.299700 0.698300
vt 0.221400 0.699100
vt 0.377500 0.671000
vt 0.378600 0.697300
vt 0.143900 0.699700
vt 0.149700 0.673400
vt 0.067700 0.700300
vt 0.075600 0.674000
vt 0.154800 0.646800
vt 0.228000 0.646100
vt 0.158500 0.619900
vt 0.230100 0.619300
vt 0.082600 0.647300
vt 0.087900 0.620400
vt 0.302000 0.645300
vt 0.376300 0.644300
vt 0.302500 0.618500
vt 0.375200 0.617500
vt 0.530500 0.668600
vt 0.536400 0.695000
vt 0.457700 0.696200
vt 0.454100 0.669900
vt 0.542300 0.721100
vt 0.461200 0.722300
vt 0.450800 0.643200
vt 0.525100 0.641900
vt 0.448000 0.616300
vt 0.520600 0.615000
vt 0.598800 0.640400
vt 0.606300 0.667200
vt 0.592700 0.613400
vt 0.614400 0.693600
vt 0.622700 0.719700
vt 0.552700 0.771800
vt 0.467500 0.773000
vt 0.464600 0.747900
vt 0.547900 0.746700
vt 0.630400 0.745400
vt 0.637000 0.770500
vt 0.641800 0.795100
vt 0.556300 0.796400
vt 0.469700 0.797500
vt -0.303200 0.950300
vt -0.332300 0.930600
vt -0.266300 0.931000
vt -0.239400 0.950800
vt -0.199500 0.931400
vt -0.174900 0.951300
vt -0.358600 0.910600
vt -0.290500 0.910900
vt -0.221700 0.911200
vt -0.210800 0.970400
vt -0.272200 0.969800
vt -0.181300 0.989900
vt -0.240300 0.989200
vt -0.148800 0.971000
vt -0.121800 0.990600
vt -0.333300 0.969200
vt -0.366500 0.949800
vt -0.394100 0.968600
vt -0.429600 0.949300
vt -0.299000 0.988400
vt -0.357500 0.987700
vt -0.397800 0.930200
vt -0.426000 0.910300
vt -0.463000 0.929800
vt -0.493200 0.910000
vt -0.398900 0.869200
vt -0.327700 0.869300
vt -0.311300 0.890400
vt -0.381100 0.890200
vt -0.255500 0.869400
vt -0.240600 0.890500
vt -0.450300 0.890000
vt -0.469500 0.869100
vt -0.519100 0.889800
vt -0.539700 0.869000
vt -0.482700 0.847500
vt -0.411100 0.847600
vt -0.488800 0.825200
vt -0.416700 0.825200
vt -0.553900 0.847500
vt -0.560600 0.825200
vt -0.338900 0.847600
vt -0.265700 0.847600
vt -0.343900 0.825200
vt -0.270200 0.825100
vt -0.107100 0.869400
vt -0.095300 0.890800
vt -0.168700 0.890700
vt -0.182100 0.869400
vt -0.080200 0.911600
vt -0.151600 0.911400
vt -0.191200 0.847600
vt -0.115100 0.847500
vt -0.195200 0.825000
vt -0.118600 0.824900
vt -0.037100 0.847400
vt -0.030200 0.869400
vt -0.040000 0.824700
vt -0.020000 0.890800
vt -0.007100 0.911800
vt -0.043000 0.952200
vt -0.109600 0.951700
vt -0.131700 0.931700
vt -0.062600 0.932000
vt 0.008000 0.932300
vt 0.024900 0.952600
vt 0.042800 0.972600
vt -0.022200 0.972100
vt 0.061300 0.992600
vt -0.000700 0.991900
vt -0.086000 0.971500
vt -0.061700 0.991200
vt -0.407200 0.778300
vt -0.395800 0.754300
vt -0.323600 0.753800
vt -0.334700 0.778000
vt -0.250900 0.753200
vt -0.261400 0.777800
vt -0.382300 0.730500
vt -0.310400 0.729300
vt -0.238100 0.728300
vt -0.342000 0.801900
vt -0.414800 0.802000
vt -0.268300 0.801800
vt -0.486900 0.802100
vt -0.479100 0.778500
vt -0.558800 0.802100
vt -0.550800 0.778700
vt -0.467400 0.754900
vt -0.454000 0.731900
vt -0.538900 0.755600
vt -0.525500 0.733300
vt -0.355500 0.683800
vt -0.282700 0.680200
vt -0.296500 0.704900
vt -0.368700 0.707200
vt -0.210900 0.677600
vt -0.224400 0.703100
vt -0.440800 0.709700
vt -0.429300 0.688400
vt -0.513000 0.712400
vt -0.503700 0.693600
vt -0.420700 0.668000
vt -0.343300 0.660000
vt -0.409400 0.643900
vt -0.331200 0.634100
vt -0.499800 0.677300
vt -0.503900 0.664200
vt -0.269600 0.654700
vt -0.198200 0.651400
vt -0.257800 0.628000
vt -0.187500 0.624500
vt -0.068500 0.674900
vt -0.080000 0.701200
vt -0.152400 0.702000
vt -0.139600 0.675900
vt -0.091700 0.727100
vt -0.165300 0.727600
vt -0.127900 0.649400
vt -0.058100 0.648200
vt -0.118400 0.622300
vt -0.049900 0.621200
vt 0.011900 0.647700
vt 0.003100 0.674400
vt 0.018700 0.620700
vt -0.006800 0.700700
vt -0.016800 0.726600
vt -0.111200 0.777300
vt -0.187000 0.777500
vt -0.177200 0.752800
vt -0.102400 0.752500
vt -0.026100 0.752100
vt -0.033600 0.776900
vt -0.038600 0.801200
vt -0.116900 0.801400
vt -0.193400 0.801600
vt -0.019500 1.696700
vt -0.008700 1.670600
vt 0.051400 1.666100
vt 0.040400 1.692300
vt 0.109600 1.661100
vt 0.098600 1.687500
vt 0.001600 1.643800
vt 0.061900 1.639200
vt 0.120000 1.634200
vt 0.028900 1.718000
vt -0.030600 1.722200
vt 0.017300 1.743500
vt -0.042000 1.747400
vt 0.087300 1.713500
vt 0.075800 1.739300
vt -0.091600 1.725800
vt -0.081200 1.700500
vt -0.154400 1.728800
vt -0.145100 1.703700
vt -0.102300 1.750800
vt -0.163700 1.753700
vt -0.071100 1.674600
vt -0.061500 1.647900
vt -0.136200 1.677900
vt -0.127700 1.651200
vt 0.019800 1.587000
vt 0.080600 1.582500
vt 0.071700 1.611500
vt 0.011100 1.616000
vt 0.138600 1.577700
vt 0.129700 1.606400
vt -0.052500 1.620000
vt -0.044400 1.590800
vt -0.119800 1.623400
vt -0.112600 1.594100
vt -0.037300 1.559900
vt 0.027400 1.556300
vt -0.031300 1.527100
vt 0.033800 1.523900
vt -0.106300 1.562900
vt -0.101000 1.529700
vt 0.088400 1.552200
vt 0.146300 1.547700
vt 0.094900 1.520300
vt 0.152800 1.516400
vt 0.248100 1.566900
vt 0.240100 1.595300
vt 0.185700 1.601000
vt 0.194200 1.572400
vt 0.231200 1.623000
vt 0.176300 1.628700
vt 0.201700 1.542900
vt 0.255200 1.537800
vt 0.207900 1.512100
vt 0.261100 1.507600
vt 0.307500 1.532500
vt 0.300900 1.561300
vt 0.359200 1.527100
vt 0.353200 1.555500
vt 0.313000 1.503000
vt 0.364200 1.498300
vt 0.293500 1.589400
vt 0.285200 1.617100
vt 0.346300 1.583500
vt 0.338800 1.611100
vt 0.211700 1.677000
vt 0.155600 1.682400
vt 0.166200 1.655800
vt 0.221700 1.650200
vt 0.276400 1.644400
vt 0.267100 1.671400
vt 0.330700 1.638500
vt 0.322200 1.665700
vt 0.257500 1.698100
vt 0.201300 1.703500
vt 0.247700 1.724800
vt 0.190800 1.729800
vt 0.313400 1.692800
vt 0.304500 1.719700
vt 0.144700 1.708600
vt 0.133500 1.734700
vt 0.042300 1.453500
vt 0.044400 1.416500
vt 0.105800 1.415500
vt 0.103600 1.451500
vt 0.163600 1.414400
vt 0.161400 1.449300
vt 0.045100 1.379000
vt 0.106600 1.379000
vt 0.164300 1.379000
vt 0.100000 1.486600
vt 0.038800 1.489500
vt 0.157800 1.483400
vt -0.026700 1.492000
vt -0.023300 1.455300
vt -0.096900 1.494200
vt -0.094000 1.456800
vt -0.021300 1.417500
vt -0.020700 1.379000
vt -0.092300 1.418200
vt -0.091700 1.379000
vt 0.042300 1.304600
vt 0.103600 1.306600
vt 0.105800 1.342600
vt 0.044400 1.341500
vt 0.161400 1.308800
vt 0.163600 1.343700
vt -0.021300 1.340600
vt -0.023300 1.302800
vt -0.092300 1.339900
vt -0.094000 1.301300
vt -0.026700 1.266100
vt 0.038800 1.268600
vt -0.031300 1.231000
vt 0.033800 1.234200
vt -0.096900 1.263900
vt -0.101000 1.228300
vt 0.100000 1.271500
vt 0.157800 1.274700
vt 0.094900 1.237800
vt 0.152800 1.241700
vt 0.269000 1.313700
vt 0.271000 1.346200
vt 0.218400 1.344900
vt 0.216300 1.311200
vt 0.271600 1.379000
vt 0.219100 1.379000
vt 0.212800 1.278100
vt 0.265700 1.281700
vt 0.207900 1.246000
vt 0.261100 1.250500
vt 0.317300 1.285400
vt 0.320300 1.316300
vt 0.368100 1.289100
vt 0.370900 1.318900
vt 0.313000 1.255100
vt 0.364200 1.259800
vt 0.322100 1.347600
vt 0.322700 1.379000
vt 0.372600 1.348900
vt 0.373100 1.379000
vt 0.269000 1.444400
vt 0.216300 1.446900
vt 0.218400 1.413200
vt 0.271000 1.411900
vt 0.322100 1.410500
vt 0.320300 1.441800
vt 0.372600 1.409200
vt 0.370900 1.439200
vt 0.317300 1.472700
vt 0.265700 1.476400
vt 0.368100 1.468900
vt 0.212800 1.480000
vt 0.211700 1.081100
vt 0.221700 1.107900
vt 0.166200 1.102300
vt 0.155600 1.075700
vt 0.109600 1.096900
vt 0.098600 1.070600
vt 0.231200 1.135100
vt 0.176300 1.129300
vt 0.120000 1.123900
vt 0.144700 1.049500
vt 0.201300 1.054600
vt 0.133500 1.023400
vt 0.190800 1.028300
vt 0.087300 1.044600
vt 0.075800 1.018800
vt 0.257500 1.059900
vt 0.267100 1.086700
vt 0.313400 1.065300
vt 0.322200 1.092400
vt 0.247700 1.033300
vt 0.304500 1.038300
vt 0.276400 1.113700
vt 0.285200 1.141000
vt 0.330700 1.119600
vt 0.338800 1.147000
vt 0.248100 1.191100
vt 0.194200 1.185700
vt 0.185700 1.157100
vt 0.240100 1.162800
vt 0.138600 1.180400
vt 0.129700 1.151700
vt 0.293500 1.168600
vt 0.300900 1.196800
vt 0.346300 1.174600
vt 0.353200 1.202600
vt 0.307500 1.225600
vt 0.255200 1.220300
vt 0.359200 1.231000
vt 0.201700 1.215200
vt 0.146300 1.210400
vt 0.019800 1.171100
vt 0.011200 1.142100
vt 0.071700 1.146600
vt 0.080600 1.175600
vt 0.001600 1.114300
vt 0.061900 1.118800
vt 0.088400 1.205900
vt 0.027400 1.201800
vt -0.037300 1.198200
vt -0.044400 1.167300
vt -0.106300 1.195100
vt -0.112600 1.164000
vt -0.052500 1.138000
vt -0.061500 1.110200
vt -0.119800 1.134700
vt -0.127700 1.106800
vt -0.019500 1.061400
vt 0.040400 1.065800
vt 0.051400 1.092000
vt -0.008700 1.087500
vt -0.071100 1.083500
vt -0.081200 1.057600
vt -0.136200 1.080200
vt -0.145100 1.054400
vt -0.091600 1.032300
vt -0.030600 1.035900
vt -0.102300 1.007300
vt -0.042000 1.010700
vt -0.154400 1.029300
vt -0.163700 1.004400
vt 0.028900 1.040100
vt 0.017300 1.014600
vt -0.559600 1.707900
vt -0.564600 1.682300
vt -0.492600 1.683400
vt -0.490000 1.709000
vt -0.419700 1.683800
vt -0.419700 1.709300
vt -0.569400 1.655700
vt -0.495000 1.656900
vt -0.419700 1.657200
vt -0.487300 1.733900
vt -0.554400 1.732900
vt -0.484600 1.758400
vt -0.549100 1.757500
vt -0.419700 1.734200
vt -0.419700 1.758800
vt -0.620500 1.731200
vt -0.627900 1.706100
vt -0.685100 1.728800
vt -0.694400 1.703700
vt -0.612900 1.755900
vt -0.675800 1.753700
vt -0.635100 1.680500
vt -0.642000 1.653900
vt -0.703300 1.677900
vt -0.711800 1.651200
vt -0.577900 1.598400
vt -0.499400 1.599500
vt -0.497300 1.629000
vt -0.573800 1.627900
vt -0.419700 1.599800
vt -0.419700 1.629400
vt -0.648300 1.626000
vt -0.654100 1.596600
vt -0.719700 1.623400
vt -0.726900 1.594100
vt -0.659200 1.565300
vt -0.581400 1.567000
vt -0.663400 1.531800
vt -0.584400 1.533300
vt -0.733200 1.562900
vt -0.738500 1.529700
vt -0.501200 1.568000
vt -0.419700 1.568300
vt -0.502700 1.534200
vt -0.419700 1.534400
vt -0.261600 1.598400
vt -0.265700 1.627900
vt -0.342200 1.629000
vt -0.340100 1.599500
vt -0.270100 1.655700
vt -0.344500 1.656900
vt -0.338300 1.568000
vt -0.258100 1.567000
vt -0.336800 1.534200
vt -0.255100 1.533300
vt -0.180300 1.565300
vt -0.185400 1.596600
vt -0.176100 1.531800
vt -0.191200 1.626000
vt -0.197500 1.653900
vt -0.279900 1.707900
vt -0.349500 1.709000
vt -0.346900 1.683400
vt -0.274900 1.682300
vt -0.204400 1.680500
vt -0.211600 1.706100
vt -0.219000 1.731200
vt -0.285100 1.732900
vt -0.226600 1.755900
vt -0.290400 1.757500
vt -0.352200 1.733900
vt -0.354900 1.758400
vt -0.588400 1.458700
vt -0.589400 1.419200
vt -0.505300 1.419500
vt -0.504800 1.459200
vt -0.419700 1.419600
vt -0.419700 1.459400
vt -0.589700 1.379000
vt -0.505500 1.379000
vt -0.419700 1.379000
vt -0.503900 1.497700
vt -0.586700 1.497000
vt -0.419700 1.497900
vt -0.666700 1.495800
vt -0.669100 1.457900
vt -0.742600 1.494200
vt -0.745500 1.456800
vt -0.670500 1.418800
vt -0.671000 1.379000
vt -0.747200 1.418200
vt -0.747800 1.379000
vt -0.588400 1.299300
vt -0.504800 1.298800
vt -0.505300 1.338600
vt -0.589400 1.338900
vt -0.419700 1.298700
vt -0.419700 1.338500
vt -0.670500 1.339300
vt -0.669100 1.300200
vt -0.747200 1.339900
vt -0.745500 1.301300
vt -0.666700 1.262300
vt -0.586700 1.261100
vt -0.663400 1.226300
vt -0.584400 1.224800
vt -0.742600 1.263900
vt -0.738500 1.228300
vt -0.503900 1.260400
vt -0.419700 1.260200
vt -0.502700 1.223900
vt -0.419700 1.223600
vt -0.251100 1.299300
vt -0.250100 1.338900
vt -0.334200 1.338600
vt -0.334700 1.298800
vt -0.249800 1.379000
vt -0.334000 1.379000
vt -0.335600 1.260400
vt -0.252800 1.261100
vt -0.336800 1.223900
vt -0.255100 1.224800
vt -0.172800 1.262300
vt -0.170400 1.300200
vt -0.176100 1.226300
vt -0.169000 1.339300
vt -0.168500 1.379000
vt -0.251100 1.458700
vt -0.334700 1.459200
vt -0.334200 1.419500
vt -0.250100 1.419200
vt -0.169000 1.418800
vt -0.170400 1.457900
vt -0.172800 1.495800
vt -0.252800 1.497000
vt -0.335600 1.497700
vt -0.577900 1.159700
vt -0.573800 1.130200
vt -0.497300 1.129100
vt -0.499400 1.158600
vt -0.419700 1.128700
vt -0.419700 1.158300
vt -0.569400 1.102300
vt -0.495000 1.101200
vt -0.419700 1.100800
vt -0.501200 1.190100
vt -0.581400 1.191100
vt -0.419700 1.189800
vt -0.659200 1.192800
vt -0.654100 1.161500
vt -0.733200 1.195100
vt -0.726900 1.164000
vt -0.648300 1.132100
vt -0.642000 1.104200
vt -0.719700 1.134700
vt -0.711800 1.106800
vt -0.559600 1.050200
vt -0.490000 1.049100
vt -0.492600 1.074700
vt -0.564600 1.075800
vt -0.419700 1.048800
vt -0.419700 1.074300
vt -0.635100 1.077600
vt -0.627900 1.051900
vt -0.703300 1.080200
vt -0.694400 1.054400
vt -0.620500 1.026900
vt -0.554400 1.025200
vt -0.612900 1.002200
vt -0.549100 1.000600
vt -0.685100 1.029300
vt -0.675800 1.004400
vt -0.487300 1.024200
vt -0.419700 1.023900
vt -0.484600 0.999600
vt -0.419700 0.999300
vt -0.279900 1.050200
vt -0.274900 1.075800
vt -0.346900 1.074700
vt -0.349500 1.049100
vt -0.270100 1.102300
vt -0.344500 1.101200
vt -0.352200 1.024200
vt -0.285100 1.025200
vt -0.354900 0.999600
vt -0.290400 1.000600
vt -0.219000 1.026900
vt -0.211600 1.051900
vt -0.226600 1.002200
vt -0.204400 1.077600
vt -0.197500 1.104200
vt -0.261600 1.159700
vt -0.340100 1.158600
vt -0.342200 1.129100
vt -0.265700 1.130200
vt -0.191200 1.132100
vt -0.185400 1.161500
vt -0.180300 1.192800
vt -0.258100 1.191100
vt -0.338300 1.190100
vt -1.051200 1.677000
vt -1.061200 1.650200
vt -1.005700 1.655800
vt -0.995100 1.682400
vt -0.949100 1.661100
vt -0.938100 1.687500
vt -1.070700 1.623000
vt -1.015800 1.628700
vt -0.959500 1.634200
vt -0.984200 1.708600
vt -1.040800 1.703500
vt -0.973000 1.734700
vt -1.030300 1.729800
vt -0.926800 1.713500
vt -0.915300 1.739300
vt -1.097000 1.698100
vt -1.106600 1.671400
vt -1.152900 1.692800
vt -1.161700 1.665700
vt -1.087200 1.724800
vt -1.144000 1.719700
vt -1.115900 1.644400
vt -1.124700 1.617100
vt -1.170200 1.638500
vt -1.178300 1.611100
vt -1.087600 1.566900
vt -1.033700 1.572400
vt -1.025200 1.601000
vt -1.079600 1.595300
vt -0.978100 1.577700
vt -0.969200 1.606400
vt -1.133000 1.589400
vt -1.140400 1.561300
vt -1.185800 1.583500
vt -1.192700 1.555500
vt -1.147000 1.532500
vt -1.094700 1.537800
vt -1.152500 1.503000
vt -1.100600 1.507600
vt -1.198700 1.527100
vt -1.203700 1.498300
vt -1.041200 1.542900
vt -0.985800 1.547700
vt -1.047400 1.512100
vt -0.992300 1.516400
vt -0.859300 1.587000
vt -0.850600 1.616000
vt -0.911200 1.611500
vt -0.920100 1.582500
vt -0.841100 1.643800
vt -0.901400 1.639200
vt -0.927900 1.552200
vt -0.866900 1.556300
vt -0.934400 1.520300
vt -0.873300 1.523900
vt -0.802200 1.559900
vt -0.795100 1.590800
vt -0.808200 1.527100
vt -0.787000 1.620000
vt -0.778000 1.647900
vt -0.820000 1.696700
vt -0.879900 1.692300
vt -0.890900 1.666100
vt -0.830800 1.670600
vt -0.768400 1.674600
vt -0.758300 1.700500
vt -0.747900 1.725800
vt -0.808900 1.722200
vt -0.737200 1.750800
vt -0.797500 1.747400
vt -0.868400 1.718000
vt -0.856800 1.743500
vt -1.108500 1.444400
vt -1.110500 1.411900
vt -1.057900 1.413200
vt -1.055800 1.446900
vt -1.003100 1.414400
vt -1.000900 1.449300
vt -1.111100 1.379000
vt -1.058600 1.379000
vt -1.003800 1.379000
vt -1.052300 1.480000
vt -1.105200 1.476400
vt -0.997300 1.483400
vt -1.156800 1.472700
vt -1.159800 1.441800
vt -1.207600 1.468900
vt -1.210400 1.439200
vt -1.161600 1.410500
vt -1.162200 1.379000
vt -1.212000 1.409200
vt -1.212600 1.379000
vt -1.108500 1.313700
vt -1.055800 1.311200
vt -1.057900 1.344900
vt -1.110500 1.346200
vt -1.000900 1.308800
vt -1.003100 1.343700
vt -1.161600 1.347600
vt -1.159800 1.316300
vt -1.212000 1.348900
vt -1.210400 1.318900
vt -1.156800 1.285400
vt -1.105200 1.281700
vt -1.152500 1.255100
vt -1.100600 1.250500
vt -1.207600 1.289100
vt -1.203700 1.259800
vt -1.052300 1.278100
vt -0.997300 1.274700
vt -1.047400 1.246000
vt -0.992300 1.241700
vt -0.881800 1.304600
vt -0.883900 1.341500
vt -0.945300 1.342600
vt -0.943100 1.306600
vt -0.884600 1.379000
vt -0.946000 1.379000
vt -0.939500 1.271500
vt -0.878300 1.268600
vt -0.934400 1.237800
vt -0.873300 1.234200
vt -0.812800 1.266100
vt -0.816200 1.302800
vt -0.808200 1.231000
vt -0.818100 1.340600
vt -0.818800 1.379000
vt -0.881800 1.453500
vt -0.943100 1.451500
vt -0.945300 1.415500
vt -0.883900 1.416500
vt -0.818200 1.417500
vt -0.816200 1.455300
vt -0.812800 1.492000
vt -0.878300 1.489500
vt -0.939500 1.486600
vt -1.087600 1.191100
vt -1.079600 1.162800
vt -1.025200 1.157100
vt -1.033700 1.185700
vt -0.969200 1.151700
vt -0.978100 1.180400
vt -1.070700 1.135100
vt -1.015800 1.129300
vt -0.959500 1.123900
vt -1.041200 1.215200
vt -1.094700 1.220300
vt -0.985800 1.210400
vt -1.147000 1.225600
vt -1.140400 1.196800
vt -1.198700 1.231000
vt -1.192700 1.202600
vt -1.133000 1.168600
vt -1.124700 1.141000
vt -1.185800 1.174600
vt -1.178300 1.147000
vt -1.051200 1.081100
vt -0.995100 1.075700
vt -1.005700 1.102300
vt -1.061200 1.107900
vt -0.938100 1.070600
vt -0.949100 1.096900
vt -1.115900 1.113700
vt -1.106600 1.086700
vt -1.170200 1.119600
vt -1.161700 1.092400
vt -1.097000 1.059900
vt -1.040800 1.054600
vt -1.087200 1.033300
vt -1.030300 1.028300
vt -1.152900 1.065300
vt -1.144000 1.038300
vt -0.984200 1.049500
vt -0.926800 1.044600
vt -0.973000 1.023400
vt -0.915300 1.018800
vt -0.820000 1.061400
vt -0.830800 1.087500
vt -0.890900 1.092000
vt -0.879900 1.065800
vt -0.841100 1.114200
vt -0.901400 1.118800
vt -0.868400 1.040100
vt -0.808900 1.035900
vt -0.856800 1.014600
vt -0.797500 1.010700
vt -0.747900 1.032300
vt -0.758300 1.057600
vt -0.737200 1.007300
vt -0.768400 1.083500
vt -0.778000 1.110200
vt -0.859300 1.171100
vt -0.920100 1.175600
vt -0.911200 1.146600
vt -0.850600 1.142100
vt -0.787000 1.138000
vt -0.795100 1.167300
vt -0.802200 1.198200
vt -0.866900 1.201800
vt -0.927900 1.205900
vt 0.791000 0.552300
vt 0.788300 0.523800
vt 0.854100 0.521600
vt 0.857900 0.550600
vt 0.919300 0.519900
vt 0.925000 0.549500
vt 0.787500 0.494700
vt 0.852300 0.492200
vt 0.916000 0.489800
vt 0.864200 0.579000
vt 0.795900 0.580400
vt 0.933100 0.578400
vt 0.727500 0.582300
vt 0.723700 0.554500
vt 0.658600 0.584300
vt 0.655500 0.556700
vt 0.721800 0.526200
vt 0.721500 0.497300
vt 0.654100 0.528500
vt 0.653900 0.499800
vt 0.789500 0.434500
vt 0.853300 0.431600
vt 0.852200 0.462200
vt 0.788100 0.465000
vt 0.915300 0.428700
vt 0.914900 0.459500
vt 0.722300 0.467700
vt 0.723800 0.437400
vt 0.654700 0.470300
vt 0.656100 0.440000
vt 0.725600 0.406100
vt 0.791300 0.403300
vt 0.727100 0.373800
vt 0.792800 0.371100
vt 0.657600 0.408700
vt 0.658800 0.376400
vt 0.854800 0.400400
vt 0.916500 0.397500
vt 0.856300 0.368300
vt 0.917800 0.365600
vt 1.034700 0.423300
vt 1.036100 0.454700
vt 0.976200 0.457000
vt 0.975700 0.425900
vt 1.040300 0.486200
vt 0.978800 0.487900
vt 0.976400 0.394600
vt 1.034800 0.391900
vt 0.977400 0.362800
vt 1.035500 0.360300
vt 1.091800 0.389500
vt 1.092200 0.421000
vt 1.147700 0.387400
vt 1.148400 0.418900
vt 1.092200 0.357900
vt 1.147700 0.355800
vt 1.094500 0.452600
vt 1.099900 0.484700
vt 1.151200 0.450800
vt 1.157100 0.483300
vt 1.059800 0.550000
vt 0.992600 0.549400
vt 0.984300 0.518800
vt 1.048100 0.518100
vt 1.109500 0.517500
vt 1.125400 0.551300
vt 1.167500 0.516600
vt 1.185400 0.551700
vt 1.149300 0.586300
vt 1.075100 0.581600
vt 1.214300 0.589400
vt 1.003200 0.579100
vt 0.793800 0.304000
vt 0.793300 0.269600
vt 0.856700 0.267800
vt 0.857200 0.301800
vt 0.917900 0.266100
vt 0.918500 0.299700
vt 0.792100 0.234900
vt 0.855500 0.233600
vt 0.916600 0.232400
vt 0.857100 0.335400
vt 0.793700 0.337900
vt 0.918400 0.332900
vt 0.727900 0.340400
vt 0.728000 0.306100
vt 0.659400 0.342700
vt 0.659400 0.308200
vt 0.727400 0.271300
vt 0.726200 0.236300
vt 0.658700 0.273100
vt 0.657500 0.237600
vt 0.787700 0.165900
vt 0.851100 0.165500
vt 0.853600 0.199400
vt 0.790200 0.200300
vt 0.912300 0.165200
vt 0.914800 0.198700
vt 0.724300 0.201200
vt 0.721800 0.166500
vt 0.655600 0.202200
vt 0.653200 0.167100
vt 0.718700 0.132300
vt 0.784500 0.132100
vt 0.714900 0.099000
vt 0.780700 0.099100
vt 0.650200 0.132700
vt 0.646600 0.099200
vt 0.848000 0.132000
vt 0.909300 0.132100
vt 0.844200 0.099300
vt 0.905600 0.099600
vt 1.029100 0.164500
vt 1.031400 0.197200
vt 0.974000 0.197900
vt 0.971600 0.164900
vt 1.033200 0.230000
vt 0.975800 0.231200
vt 0.968700 0.132100
vt 1.026300 0.132100
vt 0.965200 0.099900
vt 1.023000 0.100100
vt 1.082500 0.132000
vt 1.085200 0.164100
vt 1.137500 0.131700
vt 1.140000 0.163700
vt 1.079400 0.100200
vt 1.134500 0.100000
vt 1.087400 0.196500
vt 1.089200 0.228900
vt 1.142200 0.195700
vt 1.144100 0.227800
vt 1.035400 0.295600
vt 0.977800 0.297600
vt 0.977100 0.264500
vt 1.034600 0.262900
vt 1.090600 0.261400
vt 1.091600 0.293800
vt 1.145600 0.260000
vt 1.146700 0.292100
vt 1.092100 0.326000
vt 1.035700 0.328100
vt 1.147400 0.324100
vt 0.977900 0.330400
vt 0.771600 0.036100
vt 0.767400 0.005900
vt 0.831400 0.006100
vt 0.835300 0.036400
vt 0.893900 0.006300
vt 0.897200 0.036800
vt 0.764100 -0.023600
vt 0.828700 -0.023600
vt 0.892100 -0.023900
vt 0.839800 0.067500
vt 0.776200 0.067100
vt 0.901400 0.067900
vt 0.710500 0.066900
vt 0.706000 0.035900
vt 0.642500 0.067000
vt 0.638200 0.035900
vt 0.701700 0.005800
vt 0.698200 -0.023600
vt 0.634200 0.005800
vt 0.630700 -0.023500
vt 0.762100 -0.080900
vt 0.828700 -0.081800
vt 0.827600 -0.052900
vt 0.762200 -0.052500
vt 0.895200 -0.083400
vt 0.892500 -0.053800
vt 0.695800 -0.052300
vt 0.695100 -0.080400
vt 0.628200 -0.052000
vt 0.627100 -0.080000
vt 0.696400 -0.108200
vt 0.764400 -0.108900
vt 0.627800 -0.107600
vt 0.832200 -0.110200
vt 0.900500 -0.112400
vt 1.028400 -0.089400
vt 1.020100 -0.057300
vt 0.957000 -0.055400
vt 0.962100 -0.086000
vt 1.015500 -0.025300
vt 0.954500 -0.024500
vt 0.969700 -0.115900
vt 1.040500 -0.121300
vt 1.113200 -0.129100
vt 1.093100 -0.093400
vt 1.177000 -0.134900
vt 1.152300 -0.096300
vt 1.080800 -0.059200
vt 1.074500 -0.026300
vt 1.138000 -0.060800
vt 1.131100 -0.027200
vt 1.016100 0.037400
vt 0.957500 0.037200
vt 0.954900 0.006300
vt 1.014500 0.006200
vt 1.072300 0.005800
vt 1.073200 0.037400
vt 1.128400 0.005300
vt 1.128900 0.037200
vt 1.075900 0.068800
vt 1.019300 0.068600
vt 1.131300 0.068600
vt 0.961200 0.068300
vt 0.230700 0.565000
vt 0.229500 0.537300
vt 0.300500 0.536500
vt 0.301600 0.564200
vt 0.371800 0.535400
vt 0.373000 0.563200
vt 0.227600 0.508900
vt 0.298900 0.508100
vt 0.370700 0.507000
vt 0.302300 0.591500
vt 0.231000 0.592300
vt 0.374100 0.590500
vt 0.160400 0.592900
vt 0.160600 0.565600
vt 0.090800 0.593300
vt 0.091600 0.565900
vt 0.159500 0.537800
vt 0.157300 0.509400
vt 0.090700 0.538100
vt 0.088400 0.509600
vt 0.222500 0.449800
vt 0.295100 0.448900
vt 0.297100 0.479000
vt 0.225200 0.479800
vt 0.368400 0.447800
vt 0.369600 0.477900
vt 0.154400 0.480300
vt 0.151000 0.450300
vt 0.085200 0.480500
vt 0.081300 0.450500
vt 0.147500 0.419200
vt 0.219600 0.418700
vt 0.144000 0.387000
vt 0.216800 0.386300
vt 0.077300 0.419500
vt 0.073300 0.387400
vt 0.293000 0.417800
vt 0.367100 0.416500
vt 0.290900 0.385300
vt 0.365800 0.384100
vt 0.514400 0.444500
vt 0.514100 0.474700
vt 0.442100 0.476400
vt 0.441700 0.446300
vt 0.514000 0.504000
vt 0.442600 0.505700
vt 0.441200 0.415000
vt 0.514800 0.413200
vt 0.440700 0.382500
vt 0.515000 0.380700
vt 0.587100 0.411100
vt 0.586100 0.442400
vt 0.587900 0.378700
vt 0.585200 0.472700
vt 0.584600 0.502000
vt 0.515500 0.560400
vt 0.444400 0.561900
vt 0.443300 0.534100
vt 0.514400 0.532500
vt 0.584800 0.530700
vt 0.586000 0.558700
vt 0.588500 0.586200
vt 0.517500 0.587800
vt 0.445900 0.589300
vt 0.211900 0.317800
vt 0.209900 0.282400
vt 0.285200 0.281000
vt 0.287000 0.316600
vt 0.361400 0.279600
vt 0.362900 0.315200
vt 0.208100 0.246500
vt 0.283600 0.245000
vt 0.359800 0.243500
vt 0.288900 0.351500
vt 0.214200 0.352600
vt 0.364400 0.350200
vt 0.140900 0.353400
vt 0.138300 0.318800
vt 0.069900 0.354000
vt 0.067000 0.319700
vt 0.136100 0.283600
vt 0.134300 0.248000
vt 0.064600 0.284700
vt 0.062800 0.249400
vt 0.205600 0.175200
vt 0.280800 0.173500
vt 0.282100 0.209100
vt 0.206700 0.210700
vt 0.356700 0.171900
vt 0.358200 0.207500
vt 0.133000 0.212400
vt 0.132100 0.177100
vt 0.061500 0.214100
vt 0.060800 0.179100
vt 0.131700 0.142400
vt 0.204900 0.140400
vt 0.131800 0.108800
vt 0.204500 0.106600
vt 0.060700 0.144700
vt 0.061100 0.111200
vt 0.279600 0.138500
vt 0.355100 0.136900
vt 0.278600 0.104700
vt 0.353500 0.103000
vt 0.507900 0.169100
vt 0.509900 0.204700
vt 0.434500 0.206000
vt 0.432600 0.170400
vt 0.511700 0.240500
vt 0.436100 0.242000
vt 0.430600 0.135500
vt 0.505400 0.134300
vt 0.428400 0.101600
vt 0.502700 0.100500
vt 0.578900 0.133400
vt 0.581600 0.168000
vt 0.575700 0.099700
vt 0.583900 0.203400
vt 0.585700 0.239100
vt 0.514100 0.312000
vt 0.438900 0.313700
vt 0.437600 0.278000
vt 0.513100 0.276400
vt 0.587000 0.274800
vt 0.587900 0.310200
vt 0.588100 0.344900
vt 0.514700 0.346900
vt 0.439900 0.348600
vt 0.204600 0.042900
vt 0.204700 0.012800
vt 0.276600 0.010900
vt 0.277200 0.041000
vt 0.349000 0.009200
vt 0.350500 0.039300
vt 0.204500 -0.016400
vt 0.275800 -0.018300
vt 0.347600 -0.019900
vt 0.277900 0.072200
vt 0.204500 0.074200
vt 0.352000 0.070600
vt 0.132400 0.076400
vt 0.133200 0.045200
vt 0.062200 0.078900
vt 0.063500 0.047700
vt 0.133900 0.015000
vt 0.134200 -0.014300
vt 0.064600 0.017500
vt 0.065200 -0.011800
vt 0.202600 -0.072700
vt 0.273600 -0.074500
vt 0.274900 -0.046700
vt 0.203900 -0.044900
vt 0.344900 -0.076100
vt 0.346300 -0.048300
vt 0.133800 -0.042800
vt 0.132400 -0.070600
vt 0.064900 -0.040400
vt 0.063300 -0.068400
vt 0.129700 -0.098000
vt 0.200500 -0.100000
vt 0.060000 -0.095800
vt 0.271900 -0.101800
vt 0.343700 -0.103400
vt 0.487400 -0.078500
vt 0.488800 -0.050700
vt 0.417700 -0.049600
vt 0.416300 -0.077400
vt 0.490900 -0.022300
vt 0.419500 -0.021200
vt 0.415500 -0.104700
vt 0.487000 -0.105900
vt 0.557800 -0.106900
vt 0.557800 -0.079400
vt 0.559100 -0.051500
vt 0.561500 -0.023000
vt 0.496600 0.037000
vt 0.423800 0.038000
vt 0.421500 0.007900
vt 0.493600 0.006900
vt 0.564600 0.006200
vt 0.568200 0.036300
vt 0.572000 0.067400
vt 0.499700 0.068100
vt 0.426100 0.069200
vt -0.305800 0.573300
vt -0.297400 0.541600
vt -0.235000 0.540000
vt -0.240300 0.570200
vt -0.171300 0.538700
vt -0.174100 0.568000
vt -0.292700 0.510000
vt -0.232500 0.509400
vt -0.170800 0.509100
vt -0.248000 0.599700
vt -0.317800 0.604700
vt -0.179500 0.596600
vt -0.389700 0.612000
vt -0.369600 0.576900
vt -0.452600 0.617500
vt -0.428000 0.579600
vt -0.357400 0.543300
vt -0.351000 0.510800
vt -0.413800 0.544600
vt -0.406900 0.511500
vt -0.293200 0.448000
vt -0.235200 0.448400
vt -0.232800 0.478900
vt -0.291600 0.478900
vt -0.175600 0.448900
vt -0.172400 0.479200
vt -0.348800 0.479000
vt -0.349600 0.447800
vt -0.404200 0.479400
vt -0.404600 0.447900
vt -0.352300 0.416800
vt -0.296200 0.417000
vt -0.355700 0.385600
vt -0.299900 0.385800
vt -0.407000 0.416800
vt -0.410100 0.385700
vt -0.238800 0.417500
vt -0.179600 0.418000
vt -0.242700 0.386100
vt -0.183700 0.386600
vt -0.051200 0.450000
vt -0.047200 0.480000
vt -0.110600 0.479600
vt -0.114300 0.449400
vt -0.044000 0.509300
vt -0.108000 0.509100
vt -0.118600 0.418600
vt -0.055600 0.419100
vt -0.122900 0.387000
vt -0.059900 0.387300
vt 0.009700 0.419400
vt 0.014000 0.450300
vt 0.005500 0.387500
vt 0.018000 0.480300
vt 0.021400 0.509500
vt -0.042400 0.566200
vt -0.108300 0.566700
vt -0.107100 0.538100
vt -0.042300 0.538000
vt 0.023500 0.538100
vt 0.024100 0.566000
vt 0.022600 0.593500
vt -0.044800 0.593900
vt -0.112000 0.594800
vt -0.305800 0.321900
vt -0.308100 0.289500
vt -0.251300 0.288800
vt -0.248900 0.321700
vt -0.192700 0.288100
vt -0.190300 0.321400
vt -0.309900 0.257000
vt -0.253100 0.255800
vt -0.194500 0.254600
vt -0.246100 0.354200
vt -0.303100 0.354100
vt -0.187300 0.354300
vt -0.358700 0.354100
vt -0.361300 0.322300
vt -0.413000 0.354300
vt -0.415500 0.322700
vt -0.363500 0.290200
vt -0.365300 0.258100
vt -0.417700 0.291000
vt -0.419500 0.259100
vt -0.312100 0.191900
vt -0.255100 0.189900
vt -0.254400 0.222800
vt -0.311300 0.224400
vt -0.196400 0.187800
vt -0.195800 0.221100
vt -0.366700 0.225900
vt -0.367700 0.193800
vt -0.421000 0.227300
vt -0.422200 0.195500
vt -0.368300 0.161900
vt -0.312500 0.159700
vt -0.368400 0.130300
vt -0.312400 0.127800
vt -0.422900 0.163900
vt -0.423300 0.132400
vt -0.255300 0.157300
vt -0.196500 0.154800
vt -0.255000 0.125200
vt -0.195900 0.122400
vt -0.072800 0.183400
vt -0.072200 0.217600
vt -0.135100 0.219400
vt -0.135700 0.185600
vt -0.071000 0.252100
vt -0.133900 0.253400
vt -0.135700 0.152200
vt -0.072700 0.149600
vt -0.135000 0.119500
vt -0.072000 0.116600
vt -0.007400 0.147100
vt -0.007400 0.181200
vt -0.006700 0.113800
vt -0.006800 0.215900
vt -0.005500 0.250800
vt -0.066700 0.320800
vt -0.129600 0.321100
vt -0.132100 0.287400
vt -0.069200 0.286600
vt -0.003700 0.285700
vt -0.001200 0.320300
vt 0.001800 0.354300
vt -0.063600 0.354400
vt -0.126500 0.354400
vt -0.311700 0.065300
vt -0.313300 0.034300
vt -0.254100 0.031800
vt -0.253500 0.062600
vt -0.193400 0.029100
vt -0.193700 0.059700
vt -0.317500 0.003100
vt -0.256700 0.001200
vt -0.194600 -0.000900
vt -0.254000 0.093700
vt -0.311800 0.096400
vt -0.194700 0.090700
vt -0.368200 0.099000
vt -0.368600 0.067800
vt -0.423400 0.101200
vt -0.424200 0.069900
vt -0.370900 0.036500
vt -0.376400 0.004800
vt -0.427000 0.038400
vt -0.432900 0.006400
vt -0.337000 -0.059900
vt -0.270700 -0.059500
vt -0.262400 -0.029400
vt -0.325400 -0.028400
vt -0.203800 -0.060000
vt -0.198100 -0.030700
vt -0.386000 -0.027600
vt -0.401800 -0.060800
vt -0.443200 -0.026500
vt -0.461100 -0.061100
vt -0.425600 -0.095300
vt -0.352300 -0.091000
vt -0.489700 -0.098100
vt -0.281300 -0.088900
vt -0.212000 -0.088600
vt -0.071200 -0.063400
vt -0.068400 -0.035100
vt -0.133500 -0.032700
vt -0.137500 -0.061400
vt -0.067500 -0.006300
vt -0.131600 -0.003500
vt -0.143800 -0.089400
vt -0.076200 -0.091200
vt -0.008400 -0.093400
vt -0.004400 -0.065900
vt -0.002400 -0.037800
vt -0.001900 -0.009100
vt -0.069100 0.053500
vt -0.132300 0.056600
vt -0.131400 0.026200
vt -0.067800 0.023300
vt -0.002600 0.020300
vt -0.003900 0.050500
vt -0.005400 0.081700
vt -0.070600 0.084600
vt -0.133700 0.087600
vt 1.854200 0.411700
vt 1.854200 0.443300
vt 1.806800 0.443800
vt 1.806700 0.412000
vt 1.759100 0.444200
vt 1.759000 0.412300
vt 1.854100 0.474700
vt 1.806700 0.475300
vt 1.759100 0.475900
vt 1.806500 0.380000
vt 1.854100 0.379800
vt 1.806200 0.347700
vt 1.853900 0.347500
vt 1.758700 0.380200
vt 1.758200 0.348000
vt 1.901600 0.379500
vt 1.901600 0.411400
vt 1.949000 0.379300
vt 1.948900 0.411000
vt 1.901600 0.347300
vt 1.949200 0.347100
vt 1.901500 0.442800
vt 1.901400 0.474000
vt 1.948700 0.442300
vt 1.948500 0.473300
vt 1.853700 0.536900
vt 1.806400 0.538000
vt 1.806600 0.506700
vt 1.853900 0.505800
vt 1.758800 0.539100
vt 1.759000 0.507600
vt 1.901200 0.504900
vt 1.901000 0.535700
vt 1.948400 0.503900
vt 1.948200 0.534400
vt 1.900800 0.566300
vt 1.853500 0.567800
vt 1.900500 0.596900
vt 1.853300 0.598700
vt 1.948000 0.564700
vt 1.947700 0.595000
vt 1.806100 0.569300
vt 1.758500 0.570600
vt 1.805800 0.600400
vt 1.758200 0.602000
vt 1.662700 0.540800
vt 1.662900 0.508900
vt 1.711100 0.508300
vt 1.710900 0.540000
vt 1.663000 0.476900
vt 1.711200 0.476500
vt 1.710600 0.571700
vt 1.662400 0.572700
vt 1.710300 0.603400
vt 1.662100 0.604600
vt 1.613800 0.573400
vt 1.614100 0.541400
vt 1.564700 0.573800
vt 1.565000 0.541700
vt 1.613500 0.605400
vt 1.564400 0.605900
vt 1.614300 0.509300
vt 1.614400 0.477300
vt 1.565200 0.509600
vt 1.565300 0.477500
vt 1.662700 0.412800
vt 1.711000 0.412600
vt 1.711200 0.444600
vt 1.663000 0.444900
vt 1.614300 0.445200
vt 1.614000 0.413100
vt 1.565200 0.445400
vt 1.564900 0.413300
vt 1.613500 0.380900
vt 1.662300 0.380700
vt 1.612700 0.348700
vt 1.661500 0.348500
vt 1.564300 0.381200
vt 1.563500 0.349000
vt 1.710600 0.380500
vt 1.710000 0.348200
vt 1.659200 0.283700
vt 1.657700 0.251300
vt 1.706700 0.250600
vt 1.708000 0.283300
vt 1.755400 0.250000
vt 1.756600 0.282800
vt 1.655900 0.218700
vt 1.705100 0.217900
vt 1.754000 0.217100
vt 1.709100 0.315800
vt 1.660500 0.316100
vt 1.757500 0.315500
vt 1.611600 0.316500
vt 1.610200 0.284200
vt 1.562300 0.316900
vt 1.560800 0.284800
vt 1.608500 0.251900
vt 1.606600 0.219600
vt 1.559000 0.252600
vt 1.557000 0.220400
vt 1.651700 0.153600
vt 1.701200 0.152300
vt 1.703200 0.185100
vt 1.653900 0.186100
vt 1.750600 0.151100
vt 1.752400 0.184100
vt 1.604400 0.187200
vt 1.602100 0.154700
vt 1.554800 0.188200
vt 1.552400 0.155900
vt 1.599700 0.122300
vt 1.649400 0.121000
vt 1.597100 0.089900
vt 1.646900 0.088400
vt 1.549800 0.123700
vt 1.547200 0.091300
vt 1.699000 0.119600
vt 1.748600 0.118200
vt 1.696600 0.086900
vt 1.746300 0.085400
vt 1.849200 0.148700
vt 1.850500 0.182100
vt 1.801500 0.183100
vt 1.799900 0.149900
vt 1.851600 0.215400
vt 1.802900 0.216200
vt 1.798100 0.116800
vt 1.847500 0.115400
vt 1.796000 0.083900
vt 1.845600 0.082400
vt 1.896900 0.114100
vt 1.898400 0.147500
vt 1.946300 0.112700
vt 1.947500 0.146300
vt 1.895200 0.080900
vt 1.944700 0.079400
vt 1.899500 0.181000
vt 1.900300 0.214600
vt 1.948400 0.180000
vt 1.948900 0.213800
vt 1.853100 0.281900
vt 1.804900 0.282400
vt 1.804000 0.249400
vt 1.852500 0.248800
vt 1.900900 0.248100
vt 1.901200 0.281500
vt 1.949200 0.247500
vt 1.949300 0.281100
vt 1.901500 0.314600
vt 1.853600 0.314900
vt 1.949300 0.314300
vt 1.805600 0.315200
vt 1.641500 0.023300
vt 1.638700 -0.009300
vt 1.688600 -0.010900
vt 1.691400 0.021700
vt 1.738400 -0.012400
vt 1.741200 0.020100
vt 1.635800 -0.041800
vt 1.685600 -0.043300
vt 1.735400 -0.044800
vt 1.694100 0.054200
vt 1.644300 0.055800
vt 1.743900 0.052700
vt 1.594400 0.057400
vt 1.591600 0.024900
vt 1.544500 0.059000
vt 1.541700 0.026600
vt 1.588800 -0.007600
vt 1.585900 -0.040100
vt 1.538800 -0.005800
vt 1.536000 -0.038300
vt 1.629800 -0.106800
vt 1.679500 -0.108200
vt 1.682600 -0.075800
vt 1.632800 -0.074300
vt 1.729200 -0.109400
vt 1.732300 -0.077100
vt 1.583000 -0.072600
vt 1.580000 -0.105100
vt 1.533000 -0.070800
vt 1.530100 -0.103300
vt 1.577000 -0.137700
vt 1.626800 -0.139200
vt 1.574000 -0.170200
vt 1.623700 -0.171700
vt 1.527100 -0.135800
vt 1.524100 -0.168300
vt 1.676400 -0.140600
vt 1.726000 -0.141700
vt 1.673300 -0.173000
vt 1.722800 -0.173900
vt 1.828300 -0.111500
vt 1.831700 -0.079600
vt 1.782000 -0.078400
vt 1.778800 -0.110500
vt 1.834900 -0.047500
vt 1.785200 -0.046200
vt 1.775500 -0.142600
vt 1.824900 -0.143400
vt 1.772100 -0.174700
vt 1.821500 -0.175300
vt 1.874300 -0.144100
vt 1.877800 -0.112500
vt 1.923700 -0.144800
vt 1.927300 -0.113400
vt 1.870700 -0.175800
vt 1.920000 -0.176200
vt 1.881300 -0.080700
vt 1.884600 -0.048800
vt 1.930900 -0.081800
vt 1.934200 -0.050100
vt 1.840700 0.017000
vt 1.791000 0.018500
vt 1.788200 -0.013900
vt 1.837900 -0.015300
vt 1.887600 -0.016800
vt 1.890500 0.015500
vt 1.937400 -0.018200
vt 1.940200 0.014000
vt 1.893000 0.048100
vt 1.843300 0.049600
vt 1.942700 0.046500
vt 1.793600 0.051100
vt 1.280900 0.547400
vt 1.270900 0.513600
vt 1.319200 0.512000
vt 1.325100 0.545000
vt 1.367200 0.510700
vt 1.370000 0.543200
vt 1.263800 0.480500
vt 1.314700 0.479300
vt 1.365000 0.478400
vt 1.331900 0.578300
vt 1.293800 0.582000
vt 1.339100 0.611700
vt 1.308100 0.616900
vt 1.373300 0.575800
vt 1.376700 0.608500
vt 1.258500 0.586800
vt 1.235800 0.550000
vt 1.285000 0.624500
vt 1.220800 0.515200
vt 1.211500 0.481800
vt 1.257400 0.416000
vt 1.310400 0.415100
vt 1.311900 0.447000
vt 1.259600 0.448000
vt 1.362600 0.414400
vt 1.363500 0.446300
vt 1.206100 0.449300
vt 1.203500 0.417300
vt 1.202600 0.385700
vt 1.256500 0.384400
vt 1.202400 0.354200
vt 1.256100 0.352800
vt 1.309600 0.383400
vt 1.361900 0.382600
vt 1.309000 0.351700
vt 1.361200 0.350900
vt 1.465000 0.413600
vt 1.465300 0.445600
vt 1.414700 0.445900
vt 1.414100 0.413900
vt 1.465600 0.477700
vt 1.415300 0.477900
vt 1.413500 0.382100
vt 1.464400 0.381700
vt 1.412700 0.350200
vt 1.463500 0.349700
vt 1.514600 0.381400
vt 1.515200 0.413500
vt 1.513800 0.349400
vt 1.515500 0.445500
vt 1.515600 0.477600
vt 1.465800 0.541800
vt 1.417200 0.542200
vt 1.416100 0.510000
vt 1.465700 0.509700
vt 1.515500 0.509700
vt 1.515300 0.541800
vt 1.515000 0.573800
vt 1.465900 0.574000
vt 1.514700 0.605900
vt 1.465900 0.606100
vt 1.418300 0.574500
vt 1.419500 0.606800
vt 1.254200 0.289400
vt 1.252800 0.257600
vt 1.305300 0.256600
vt 1.306900 0.288300
vt 1.357100 0.255700
vt 1.358800 0.287400
vt 1.251100 0.225800
vt 1.303500 0.224900
vt 1.355200 0.223900
vt 1.308100 0.320000
vt 1.255300 0.321100
vt 1.360200 0.319100
vt 1.201800 0.322500
vt 1.200900 0.290600
vt 1.199600 0.258700
vt 1.198000 0.226800
vt 1.246900 0.162300
vt 1.299100 0.161400
vt 1.301400 0.193100
vt 1.249100 0.194000
vt 1.350700 0.160400
vt 1.353100 0.192200
vt 1.196100 0.194900
vt 1.193900 0.163000
vt 1.191400 0.131300
vt 1.244400 0.130600
vt 1.188600 0.099600
vt 1.241700 0.098900
vt 1.296600 0.129700
vt 1.348200 0.128700
vt 1.294000 0.098000
vt 1.345500 0.096900
vt 1.452300 0.158300
vt 1.454700 0.190200
vt 1.404100 0.191200
vt 1.401700 0.159400
vt 1.457000 0.222100
vt 1.406300 0.223000
vt 1.399200 0.127500
vt 1.449700 0.126300
vt 1.396500 0.095600
vt 1.447000 0.094300
vt 1.499900 0.125000
vt 1.502500 0.157100
vt 1.497200 0.092800
vt 1.504900 0.189200
vt 1.507200 0.221300
vt 1.460800 0.285900
vt 1.410100 0.286600
vt 1.408300 0.254800
vt 1.459000 0.254000
vt 1.509200 0.253300
vt 1.511000 0.285300
vt 1.512500 0.317300
vt 1.462300 0.317800
vt 1.411500 0.318400
vt 1.236400 0.035700
vt 1.235300 0.003700
vt 1.286900 0.002600
vt 1.288600 0.034600
vt 1.337700 0.001300
vt 1.340000 0.033300
vt 1.236300 -0.028800
vt 1.286500 -0.029700
vt 1.336100 -0.030900
vt 1.291100 0.066400
vt 1.238800 0.067400
vt 1.342700 0.065100
vt 1.185500 0.068200
vt 1.183200 0.036600
vt 1.182600 0.004600
vt 1.184700 -0.028000
vt 1.246700 -0.096300
vt 1.290600 -0.095900
vt 1.287800 -0.062600
vt 1.240100 -0.062100
vt 1.335100 -0.096100
vt 1.335300 -0.063400
vt 1.190600 -0.061600
vt 1.202100 -0.096900
vt 1.220900 -0.134300
vt 1.256200 -0.131200
vt 1.243400 -0.172900
vt 1.267000 -0.166600
vt 1.294200 -0.129400
vt 1.335400 -0.128900
vt 1.298300 -0.163100
vt 1.335900 -0.161800
vt 1.430400 -0.099000
vt 1.433100 -0.066700
vt 1.383800 -0.064800
vt 1.381900 -0.097200
vt 1.435900 -0.034400
vt 1.385900 -0.032500
vt 1.380300 -0.129700
vt 1.427800 -0.131400
vt 1.378600 -0.162200
vt 1.425100 -0.163700
vt 1.477000 -0.133500
vt 1.480000 -0.101100
vt 1.474100 -0.166000
vt 1.483000 -0.068700
vt 1.485900 -0.036300
vt 1.441500 0.030100
vt 1.391000 0.031700
vt 1.388300 -0.000300
vt 1.438700 -0.002100
vt 1.488800 -0.004000
vt 1.491700 0.028300
vt 1.494500 0.060600
vt 1.444300 0.062200
vt 1.393700 0.063700
vt -0.932400 -0.049900
vt -0.932600 -0.018400
vt -0.980200 -0.017700
vt -0.980000 -0.049100
vt -1.027500 -0.017000
vt -1.027300 -0.048200
vt -0.932600 0.013200
vt -0.980300 0.013700
vt -1.027600 0.014200
vt -0.979800 -0.080400
vt -0.932200 -0.081400
vt -0.979500 -0.111700
vt -0.931900 -0.112900
vt -1.027100 -0.079300
vt -1.026800 -0.110300
vt -0.884100 -0.082100
vt -0.884400 -0.050500
vt -0.835600 -0.082500
vt -0.835900 -0.050800
vt -0.883900 -0.113700
vt -0.835300 -0.114200
vt -0.884600 -0.018800
vt -0.884600 0.012800
vt -0.836000 -0.019100
vt -0.836100 0.012600
vt -0.932300 0.076500
vt -0.980000 0.076800
vt -0.980200 0.045200
vt -0.932600 0.044800
vt -1.027400 0.077100
vt -1.027500 0.045600
vt -0.884500 0.044500
vt -0.884200 0.076200
vt -0.836000 0.044300
vt -0.835600 0.076000
vt -0.883600 0.108000
vt -0.931800 0.108200
vt -0.882800 0.139800
vt -0.931100 0.140100
vt -0.835000 0.107700
vt -0.834200 0.139500
vt -0.979600 0.108500
vt -1.027100 0.108700
vt -0.978900 0.140400
vt -1.026500 0.140600
vt -1.121400 0.077700
vt -1.121400 0.046500
vt -1.074600 0.046000
vt -1.074500 0.077400
vt -1.121400 0.015500
vt -1.074600 0.014800
vt -1.074300 0.109000
vt -1.121300 0.109300
vt -1.073900 0.140900
vt -1.121100 0.141100
vt -1.168200 0.109500
vt -1.168200 0.078100
vt -1.215100 0.109800
vt -1.215000 0.078400
vt -1.168200 0.141300
vt -1.215200 0.141600
vt -1.168200 0.047000
vt -1.168100 0.016200
vt -1.214800 0.047500
vt -1.214700 0.016900
vt -1.121100 -0.045900
vt -1.074300 -0.047100
vt -1.074500 -0.016200
vt -1.121300 -0.015300
vt -1.167900 -0.014300
vt -1.167800 -0.044700
vt -1.214500 -0.013400
vt -1.214400 -0.043400
vt -1.167600 -0.075000
vt -1.120900 -0.076500
vt -1.167400 -0.105100
vt -1.120700 -0.107000
vt -1.214200 -0.073400
vt -1.214000 -0.103300
vt -1.074100 -0.077900
vt -1.073900 -0.108700
vt -0.928700 0.204100
vt -0.927200 0.236100
vt -0.975500 0.236800
vt -0.976900 0.204500
vt -1.023700 0.237400
vt -1.024800 0.205000
vt -0.925400 0.268300
vt -0.973900 0.269100
vt -1.022300 0.269900
vt -0.978000 0.172400
vt -0.930000 0.172000
vt -1.025800 0.172700
vt -0.881700 0.171600
vt -0.880200 0.203500
vt -0.832900 0.171200
vt -0.831400 0.203000
vt -0.878500 0.235500
vt -0.876600 0.267400
vt -0.829700 0.234800
vt -0.827600 0.266600
vt -0.921200 0.332700
vt -0.970100 0.333900
vt -0.972100 0.301500
vt -0.923400 0.300500
vt -1.018900 0.335100
vt -1.020700 0.302500
vt -0.874500 0.299500
vt -0.872200 0.331500
vt -0.825400 0.298400
vt -0.823000 0.330300
vt -0.869700 0.363500
vt -0.918900 0.364900
vt -0.867200 0.395600
vt -0.916400 0.397100
vt -0.820500 0.362200
vt -0.817900 0.394100
vt -0.967900 0.366200
vt -1.016800 0.367600
vt -0.965500 0.398600
vt -1.014600 0.400000
vt -1.116200 0.337500
vt -1.117600 0.304600
vt -1.069200 0.303500
vt -1.067600 0.336300
vt -1.118700 0.271600
vt -1.070500 0.270800
vt -1.065700 0.369000
vt -1.114600 0.370400
vt -1.063600 0.401500
vt -1.112600 0.403000
vt -1.163400 0.371700
vt -1.164800 0.338700
vt -1.212200 0.373100
vt -1.213400 0.340000
vt -1.161600 0.404500
vt -1.210600 0.406000
vt -1.165900 0.305600
vt -1.166700 0.272400
vt -1.214200 0.306600
vt -1.214800 0.273200
vt -1.120200 0.205900
vt -1.072600 0.205500
vt -1.071700 0.238100
vt -1.119600 0.238700
vt -1.167400 0.239300
vt -1.167800 0.206300
vt -1.215100 0.239900
vt -1.215200 0.206800
vt -1.168000 0.173700
vt -1.120700 0.173400
vt -1.215200 0.174000
vt -1.073400 0.173000
vt -0.911100 0.461400
vt -0.908300 0.493500
vt -0.957500 0.495100
vt -0.960300 0.463000
vt -1.006700 0.496600
vt -1.009500 0.464500
vt -0.905400 0.525600
vt -0.954600 0.527100
vt -1.003800 0.528600
vt -0.963000 0.430800
vt -0.913800 0.429200
vt -1.012100 0.432300
vt -0.864500 0.427700
vt -0.861800 0.459800
vt -0.815200 0.426100
vt -0.812400 0.458100
vt -0.859000 0.491800
vt -0.856100 0.523900
vt -0.809600 0.490100
vt -0.806800 0.522100
vt -0.899500 0.589800
vt -0.948600 0.591200
vt -0.951600 0.559200
vt -0.902400 0.557700
vt -0.997600 0.592400
vt -1.000700 0.560500
vt -0.853200 0.556000
vt -0.850300 0.588100
vt -0.803900 0.554200
vt -0.801000 0.586300
vt -0.847300 0.620300
vt -0.896500 0.621800
vt -0.844300 0.652400
vt -0.893400 0.653900
vt -0.798000 0.618400
vt -0.795100 0.650500
vt -0.945500 0.623100
vt -0.994400 0.624200
vt -0.942400 0.655100
vt -0.991200 0.656100
vt -1.095500 0.594500
vt -1.098800 0.562900
vt -1.049800 0.561800
vt -1.046600 0.593500
vt -1.102000 0.531300
vt -1.052900 0.530000
vt -1.043300 0.625200
vt -1.092100 0.626000
vt -1.040000 0.656800
vt -1.088700 0.657400
vt -1.140900 0.626700
vt -1.144400 0.595400
vt -1.189600 0.627400
vt -1.193300 0.596300
vt -1.137300 0.657900
vt -1.186000 0.658400
vt -1.147800 0.564100
vt -1.151000 0.532600
vt -1.196800 0.565200
vt -1.200100 0.533800
vt -1.107800 0.467600
vt -1.058700 0.466000
vt -1.055900 0.498100
vt -1.105000 0.499500
vt -1.154100 0.500900
vt -1.156900 0.469100
vt -1.203200 0.502300
vt -1.206000 0.470500
vt -1.159400 0.436900
vt -1.110400 0.435400
vt -1.208500 0.438500
vt -1.061300 0.433900
vt -0.555300 -0.056700
vt -0.545400 -0.023300
vt -0.593100 -0.021700
vt -0.599000 -0.054300
vt -0.640400 -0.020400
vt -0.643300 -0.052400
vt -0.538300 0.009400
vt -0.588500 0.010600
vt -0.638200 0.011600
vt -0.605700 -0.087100
vt -0.568100 -0.090700
vt -0.612900 -0.120000
vt -0.582300 -0.125100
vt -0.646600 -0.084600
vt -0.650000 -0.116900
vt -0.533300 -0.095500
vt -0.510800 -0.059300
vt -0.559600 -0.132600
vt -0.495900 -0.025000
vt -0.486600 0.007900
vt -0.531800 0.073000
vt -0.584200 0.074000
vt -0.585800 0.042500
vt -0.534000 0.041400
vt -0.635800 0.074800
vt -0.636700 0.043200
vt -0.481200 0.040100
vt -0.478500 0.071700
vt -0.477600 0.102900
vt -0.530900 0.104300
vt -0.477300 0.134100
vt -0.530400 0.135600
vt -0.583400 0.105400
vt -0.635100 0.106200
vt -0.582700 0.136700
vt -0.634300 0.137500
vt -0.736900 0.075600
vt -0.737300 0.044000
vt -0.687200 0.043700
vt -0.686700 0.075300
vt -0.737600 0.012300
vt -0.687900 0.012100
vt -0.686000 0.106800
vt -0.736300 0.107200
vt -0.685200 0.138200
vt -0.735400 0.138700
vt -0.785900 0.107500
vt -0.786500 0.075800
vt -0.785000 0.139100
vt -0.786900 0.044100
vt -0.787000 0.012500
vt -0.737900 -0.051000
vt -0.689900 -0.051400
vt -0.688800 -0.019600
vt -0.737800 -0.019300
vt -0.787000 -0.019200
vt -0.786800 -0.050900
vt -0.786600 -0.082600
vt -0.738000 -0.082700
vt -0.786300 -0.114300
vt -0.738100 -0.114500
vt -0.691000 -0.083300
vt -0.692200 -0.115200
vt -0.528500 0.198300
vt -0.527100 0.229700
vt -0.579000 0.230700
vt -0.580500 0.199400
vt -0.630200 0.231700
vt -0.631800 0.200300
vt -0.525400 0.261200
vt -0.577100 0.262100
vt -0.628200 0.263100
vt -0.581800 0.168000
vt -0.529600 0.166900
vt -0.633200 0.168900
vt -0.476700 0.165500
vt -0.475800 0.197000
vt -0.474500 0.228600
vt -0.472900 0.260200
vt -0.521200 0.324000
vt -0.572800 0.324900
vt -0.575100 0.293500
vt -0.523400 0.292600
vt -0.623800 0.325900
vt -0.626100 0.294500
vt -0.471000 0.291800
vt -0.468800 0.323300
vt -0.466300 0.354800
vt -0.518700 0.355400
vt -0.463500 0.386100
vt -0.516000 0.386700
vt -0.570300 0.356300
vt -0.621300 0.357200
vt -0.567700 0.387600
vt -0.618600 0.388600
vt -0.724100 0.328000
vt -0.726500 0.296400
vt -0.676600 0.295400
vt -0.674200 0.326900
vt -0.728800 0.264900
vt -0.678800 0.264000
vt -0.671700 0.358400
vt -0.721600 0.359600
vt -0.669000 0.389900
vt -0.718900 0.391200
vt -0.771200 0.360900
vt -0.773700 0.329100
vt -0.768500 0.392600
vt -0.776100 0.297400
vt -0.778400 0.265700
vt -0.732600 0.201800
vt -0.682500 0.201100
vt -0.680800 0.232500
vt -0.730800 0.233300
vt -0.780400 0.234100
vt -0.782300 0.202400
vt -0.783800 0.170800
vt -0.734200 0.170300
vt -0.684000 0.169700
vt -0.510800 0.449200
vt -0.509800 0.480800
vt -0.560700 0.481800
vt -0.562400 0.450200
vt -0.611000 0.483100
vt -0.613200 0.451500
vt -0.510800 0.512900
vt -0.560300 0.513800
vt -0.609300 0.514900
vt -0.564900 0.418900
vt -0.513100 0.417900
vt -0.615900 0.420000
vt -0.460500 0.417200
vt -0.458300 0.448400
vt -0.457700 0.480000
vt -0.459900 0.512200
vt -0.521200 0.579400
vt -0.564500 0.579000
vt -0.561700 0.546200
vt -0.514600 0.545800
vt -0.608500 0.579200
vt -0.608600 0.547000
vt -0.465800 0.545400
vt -0.477200 0.580100
vt -0.495800 0.616900
vt -0.530600 0.613900
vt -0.518200 0.654800
vt -0.541400 0.648700
vt -0.568100 0.612100
vt -0.608800 0.611600
vt -0.572200 0.645300
vt -0.609300 0.644000
vt -0.702600 0.582100
vt -0.705200 0.550200
vt -0.656500 0.548300
vt -0.654700 0.580300
vt -0.707900 0.518300
vt -0.658600 0.516500
vt -0.653000 0.612400
vt -0.700000 0.614000
vt -0.651500 0.644400
vt -0.697400 0.646000
vt -0.748600 0.616200
vt -0.751500 0.584200
vt -0.745700 0.648200
vt -0.754500 0.552200
vt -0.757300 0.520200
vt -0.713400 0.454600
vt -0.663500 0.453000
vt -0.660900 0.484700
vt -0.710700 0.486400
vt -0.760200 0.488300
vt -0.763000 0.456400
vt -0.765800 0.424500
vt -0.716200 0.422900
vt -0.666300 0.421400
f 1/1/1 2/2/2 3/3/3
f 1/1/1 3/3/3 4/4/4
f 4/4/4 3/3/3 5/5/5
f 4/4/4 5/5/5 6/6/6
f 2/2/2 7/7/7 8/8/8
f 2/2/2 8/8/8 3/3/3
f 3/3/3 8/8/8 9/9/9
f 3/3/3 9/9/9 5/5/5
f 1/1/1 4/4/4 10/10/10
f 1/1/1 10/10/10 11/11/11
f 11/11/11 10/10/10 12/12/12
f 11/11/11 12/12/12 13/13/13
f 4/4/4 6/6/6 14/14/14
f 4/4/4 14/14/14 10/10/10
f 10/10/10 14/14/14 15/15/15
f 10/10/10 15/15/15 12/12/12
f 1/1/1 11/11/11 16/16/16
f 1/1/1 16/16/16 17/17/17
f 17/17/17 16/16/16 18/18/18
f 17/17/17 18/18/18 19/19/19
f 11/11/11 13/13/13 20/20/20
f 11/11/11 20/20/20 16/16/16
f 16/16/16 20/20/20 21/21/21
f 16/16/16 21/21/21 18/18/18
f 1/1/1 17/17/17 22/22/22
f 1/1/1 22/22/22 2/2/2
f 2/2/2 22/22/22 23/23/23
f 2/2/2 23/23/23 7/7/7
f 17/17/17 19/19/19 24/24/24
f 17/17/17 24/24/24 22/22/22
f 22/22/22 24/24/24 25/25/25
f 22/22/22 25/25/25 23/23/23
f 26/26/26 27/27/27 28/28/28
f 26/26/26 28/28/28 29/29/29
f 29/29/29 28/28/28 8/8/8
f 29/29/29 8/8/8 7/7/7
f 27/27/27 30/30/30 31/31/31
f 27/27/27 31/31/31 28/28/28
f 28/28/28 31/31/31 9/9/9
f 28/28/28 9/9/9 8/8/8
f 26/26/26 29/29/29 32/32/32
f 26/26/26 32/32/32 33/33/33
f 33/33/33 32/32/32 34/34/34
f 33/33/33 34/34/34 35/35/35
f 29/29/29 7/7/7 23/23/23
f 29/29/29 23/23/23 32/32/32
f 32/32/32 23/23/23 25/25/25
f 32/32/32 25/25/25 34/34/34
f 26/26/26 33/33/33 36/36/36
f 26/26/26 36/36/36 37/37/37
f 37/37/37 36/36/36 38/38/38
f 37/37/37 38/38/38 39/39/39
f 33/33/33 35/35/35 40/40/40
f 33/33/33 40/40/40 36/36/36
f 36/36/36 40/40/40 41/41/41
f 36/36/36 41/41/41 38/38/38
f 26/26/26 37/37/37 42/42/42
f 26/26/26 42/42/42 27/27/27
f 27/27/27 42/42/42 43/43/43
f 27/27/27 43/43/43 30/30/30
f 37/37/37 39/39/39 44/44/44
f 37/37/37 44/44/44 42/42/42
f 42/42/42 44/44/44 45/45/45
f 42/42/42 45/45/45 43/43/43
f 46/46/46 47/47/47 48/48/48
f 46/46/46 48/48/48 49/49/49
f 49/49/49 48/48/48 31/31/31
f 49/49/49 31/31/31 30/30/30
f 47/47/47 50/50/50 51/51/51
f 47/47/47 51/51/51 48/48/48
f 48/48/48 51/51/51 9/9/9
f 48/48/48 9/9/9 31/31/31
f 46/46/46 49/49/49 52/52/52
f 46/46/46 52/52/52 53/53/53
f 53/53/53 52/52/52 54/54/54
f 53/53/53 54/54/54 55/55/55
f 49/49/49 30/30/30 43/43/43
f 49/49/49 43/43/43 52/52/52
f 52/52/52 43/43/43 45/45/45
f 52/52/52 45/45/45 54/54/54
f 46/46/46 53/53/53 56/56/56
f 46/46/46 56/56/56 57/57/57
f 57/57/57 56/56/56 58/58/58
f 57/57/57 58/58/58 59/59/59
f 53/53/53 55/55/55 60/60/60
f 53/53/53 60/60/60 56/56/56
f 56/56/56 60/60/60 61/61/61
f 56/56/56 61/61/61 58/58/58
f 46/46/46 57/57/57 62/62/62
f 46/46/46 62/62/62 47/47/47
f 47/47/47 62/62/62 63/63/63
f 47/47/47 63/63/63 50/50/50
f 57/57/57 59/59/59 64/64/64
f 57/57/57 64/64/64 62/62/62
f 62/62/62 64/64/64 65/65/65
f 62/62/62 65/65/65 63/63/63
f 66/66/66 67/67/67 68/68/68
f 66/66/66 68/68/68 69/69/69
f 69/69/69 68/68/68 51/51/51
f 69/69/69 51/51/51 50/50/50
f 67/67/67 6/6/6 5/5/5
f 67/67/67 5/5/5 68/68/68
f 68/68/68 5/5/5 9/9/9
f 68/68/68 9/9/9 51/51/51
f 66/66/66 69/69/69 70/70/70
f 66/66/66 70/70/70 71/71/71
f 71/71/71 70/70/70 72/72/72
f 71/71/71 72/72/72 73/73/73
f 69/69/69 50/50/50 63/63/63
f 69/69/69 63/63/63 70/70/70
f 70/70/70 63/63/63 65/65/65
f 70/70/70 65/65/65 72/72/72
f 66/66/66 71/71/71 74/74/74
f 66/66/66 74/74/74 75/75/75
f 75/75/75 74/74/74 76/76/76
f 75/75/75 76/76/76 77/77/77
f 71/71/71 73/73/73 78/78/78
f 71/71/71 78/78/78 74/74/74
f 74/74/74 78/78/78 79/79/79
f 74/74/74 79/79/79 76/76/76
f 66/66/66 75/75/75 80/80/80
f 66/66/66 80/80/80 67/67/67
f 67/67/67 80/80/80 14/14/14
f 67/67/67 14/14/14 6/6/6
f 75/75/75 77/77/77 81/81/81
f 75/75/75 81/81/81 80/80/80
f 80/80/80 81/81/81 15/15/15
f 80/80/80 15/15/15 14/14/14
f 82/82/82 83/83/83 84/84/84
f 82/82/82 84/84/84 85/85/85
f 85/85/85 84/84/84 86/86/86
f 85/85/85 86/86/86 87/87/87
f 83/83/83 88/88/88 89/89/89
f 83/83/83 89/89/89 84/84/84
f 84/84/84 89/89/89 90/90/90
f 84/84/84 90/90/90 86/86/86
f 82/82/82 85/85/85 91/91/91
f 82/82/82 91/91/91 92/92/92
f 92/92/92 91/91/91 44/44/44
f 92/92/92 44/44/44 39/39/39
f 85/85/85 87/87/87 93/93/93
f 85/85/85 93/93/93 91/91/91
f 91/91/91 93/93/93 45/45/45
f 91/91/91 45/45/45 44/44/44
f 82/82/82 92/92/92 94/94/94
f 82/82/82 94/94/94 95/95/95
f 95/95/95 94/94/94 96/96/96
f 95/95/95 96/96/96 97/97/97
f 92/92/92 39/39/39 38/38/38
f 92/92/92 38/38/38 94/94/94
f 94/94/94 38/38/38 41/41/41
f 94/94/94 41/41/41 96/96/96
f 82/82/82 95/95/95 98/98/98
f 82/82/82 98/98/98 83/83/83
f 83/83/83 98/98/98 99/99/99
f 83/83/83 99/99/99 88/88/88
f 95/95/95 97/97/97 100/100/100
f 95/95/95 100/100/100 98/98/98
f 98/98/98 100/100/100 101/101/101
f 98/98/98 101/101/101 99/99/99
f 102/102/102 103/103/103 104/104/104
f 102/102/102 104/104/104 105/105/105
f 105/105/105 104/104/104 89/89/89
f 105/105/105 89/89/89 88/88/88
f 103/103/103 106/106/106 107/107/107
f 103/103/103 107/107/107 104/104/104
f 104/104/104 107/107/107 90/90/90
f 104/104/104 90/90/90 89/89/89
f 102/102/102 105/105/105 108/108/108
f 102/102/102 108/108/108 109/109/109
f 109/109/109 108/108/108 110/110/110
f 109/109/109 110/110/110 111/111/111
f 105/105/105 88/88/88 99/99/99
f 105/105/105 99/99/99 108/108/108
f 108/108/108 99/99/99 101/101/101
f 108/108/108 101/101/101 110/110/110
f 102/102/102 109/109/109 112/112/112
f 102/102/102 112/112/112 113/113/113
f 113/113/113 112/112/112 114/114/114
f 113/113/113 114/114/114 115/115/115
f 109/109/109 111/111/111 116/116/116
f 109/109/109 116/116/116 112/112/112
f 112/112/112 116/116/116 117/117/117
f 112/112/112 117/117/117 114/114/114
f 102/102/102 113/113/113 118/118/118
f 102/102/102 118/118/118 103/103/103
f 103/103/103 118/118/118 119/119/119
f 103/103/103 119/119/119 106/106/106
f 113/113/113 115/115/115 120/120/120
f 113/113/113 120/120/120 118/118/118
f 118/118/118 120/120/120 121/121/121
f 118/118/118 121/121/121 119/119/119
f 122/122/122 123/123/123 124/124/124
f 122/122/122 124/124/124 125/125/125
f 125/125/125 124/124/124 107/107/107
f 125/125/125 107/107/107 106/106/106
f 123/123/123 126/126/126 127/127/127
f 123/123/123 127/127/127 124/124/124
f 124/124/124 127/127/127 90/90/90
f 124/124/124 90/90/90 107/107/107
f 122/122/122 125/125/125 128/128/128
f 122/122/122 128/128/128 129/129/129
f 129/129/129 128/128/128 130/130/130
f 129/129/129 130/130/130 131/131/131
f 125/125/125 106/106/106 119/119/119
f 125/125/125 119/119/119 128/128/128
f 128/128/128 119/119/119 121/121/121
f 128/128/128 121/121/121 130/130/130
f 122/122/122 129/129/129 132/132/132
f 122/122/122 132/132/132 133/133/133
f 133/133/133 132/132/132 134/134/134
f 133/133/133 134/134/134 135/135/135
f 129/129/129 131/131/131 136/136/136
f 129/129/129 136/136/136 132/132/132
f 132/132/132 136/136/136 137/137/137
f 132/132/132 137/137/137 134/134/134
f 122/122/122 133/133/133 138/138/138
f 122/122/122 138/138/138 123/123/123
f 123/123/123 138/138/138 139/139/139
f 123/123/123 139/139/139 126/126/126
f 133/133/133 135/135/135 140/140/140
f 133/133/133 140/140/140 138/138/138
f 138/138/138 140/140/140 141/141/141
f 138/138/138 141/141/141 139/139/139
f 142/142/142 143/143/143 144/144/144
f 142/142/142 144/144/144 145/145/145
f 145/145/145 144/144/144 127/127/127
f 145/145/145 127/127/127 126/126/126
f 143/143/143 87/87/87 86/86/86
f 143/143/143 86/86/86 144/144/144
f 144/144/144 86/86/86 90/90/90
f 144/144/144 90/90/90 127/127/127
f 142/142/142 145/145/145 146/146/146
f 142/142/142 146/146/146 147/147/147
f 147/147/147 146/146/146 148/148/148
f 147/147/147 148/148/148 149/149/149
f 145/145/145 126/126/126 139/139/139
f 145/145/145 139/139/139 146/146/146
f 146/146/146 139/139/139 141/141/141
f 146/146/146 141/141/141 148/148/148
f 142/142/142 147/147/147 150/150/150
f 142/142/142 150/150/150 151/151/151
f 151/151/151 150/150/150 60/60/60
f 151/151/151 60/60/60 55/55/55
f 147/147/147 149/149/149 152/152/152
f 147/147/147 152/152/152 150/150/150
f 150/150/150 152/152/152 61/61/61
f 150/150/150 61/61/61 60/60/60
f 142/142/142 151/151/151 153/153/153
f 142/142/142 153/153/153 143/143/143
f 143/143/143 153/153/153 93/93/93
f 143/143/143 93/93/93 87/87/87
f 151/151/151 55/55/55 54/54/54
f 151/151/151 54/54/54 153/153/153
f 153/153/153 54/54/54 45/45/45
f 153/153/153 45/45/45 93/93/93
f 154/154/154 155/155/155 156/156/156
f 154/154/154 156/156/156 157/157/157
f 157/157/157 156/156/156 158/158/158
f 157/157/157 158/158/158 159/159/159
f 155/155/155 160/160/160 161/161/161
f 155/155/155 161/161/161 156/156/156
f 156/156/156 161/161/161 162/162/162
f 156/156/156 162/162/162 158/158/158
f 154/154/154 157/157/157 163/163/163
f 154/154/154 163/163/163 164/164/164
f 164/164/164 163/163/163 165/165/165
f 164/164/164 165/165/165 166/166/166
f 157/157/157 159/159/159 167/167/167
f 157/157/157 167/167/167 163/163/163
f 163/163/163 167/167/167 168/168/168
f 163/163/163 168/168/168 165/165/165
f 154/154/154 164/164/164 169/169/169
f 154/154/154 169/169/169 170/170/170
f 170/170/170 169/169/169 171/171/171
f 170/170/170 171/171/171 172/172/172
f 164/164/164 166/166/166 173/173/173
f 164/164/164 173/173/173 169/169/169
f 169/169/169 173/173/173 174/174/174
f 169/169/169 174/174/174 171/171/171
f 154/154/154 170/170/170 175/175/175
f 154/154/154 175/175/175 155/155/155
f 155/155/155 175/175/175 176/176/176
f 155/155/155 176/176/176 160/160/160
f 170/170/170 172/172/172 177/177/177
f 170/170/170 177/177/177 175/175/175
f 175/175/175 177/177/177 178/178/178
f 175/175/175 178/178/178 176/176/176
f 179/179/179 180/180/180 181/181/181
f 179/179/179 181/181/181 182/182/182
f 182/182/182 181/181/181 161/161/161
f 182/182/182 161/161/161 160/160/160
f 180/180/180 183/183/183 184/184/184
f 180/180/180 184/184/184 181/181/181
f 181/181/181 184/184/184 162/162/162
f 181/181/181 162/162/162 161/161/161
f 179/179/179 182/182/182 185/185/185
f 179/179/179 185/185/185 186/186/186
f 186/186/186 185/185/185 187/187/187
f 186/186/186 187/187/187 188/188/188
f 182/182/182 160/160/160 176/176/176
f 182/182/182 176/176/176 185/185/185
f 185/185/185 176/176/176 178/178/178
f 185/185/185 178/178/178 187/187/187
f 179/179/179 186/186/186 189/189/189
f 179/179/179 189/189/189 190/190/190
f 190/190/190 189/189/189 191/191/191
f 190/190/190 191/191/191 192/192/192
f 186/186/186 188/188/188 193/193/193
f 186/186/186 193/193/193 189/189/189
f 189/189/189 193/193/193 194/194/194
f 189/189/189 194/194/194 191/191/191
f 179/179/179 190/190/190 195/195/195
f 179/179/179 195/195/195 180/180/180
f 180/180/180 195/195/195 196/196/196
f 180/180/180 196/196/196 183/183/183
f 190/190/190 192/192/192 197/197/197
f 190/190/190 197/197/197 195/195/195
f 195/195/195 197/197/197 198/198/198
f 195/195/195 198/198/198 196/196/196
f 199/199/199 200/200/200 201/201/201
f 199/199/199 201/201/201 202/202/202
f 202/202/202 201/201/201 184/184/184
f 202/202/202 184/184/184 183/183/183
f 200/200/200 203/203/203 204/204/204
f 200/200/200 204/204/204 201/201/201
f 201/201/201 204/204/204 162/162/162
f 201/201/201 162/162/162 184/184/184
f 199/199/199 202/202/202 205/205/205
f 199/199/199 205/205/205 206/206/206
f 206/206/206 205/205/205 207/207/207
f 206/206/206 207/207/207 208/208/208
f 202/202/202 183/183/183 196/196/196
f 202/202/202 196/196/196 205/205/205
f 205/205/205 196/196/196 198/198/198
f 205/205/205 198/198/198 207/207/207
f 199/199/199 206/206/206 209/209/209
f 199/199/199 209/209/209 210/210/210
f 210/210/210 209/209/209 40/40/40
f 210/210/210 40/40/40 35/35/35
f 206/206/206 208/208/208 211/211/211
f 206/206/206 211/211/211 209/209/209
f 209/209/209 211/211/211 41/41/41
f 209/209/209 41/41/41 40/40/40
f 199/199/199 210/210/210 212/212/212
f 199/199/199 212/212/212 200/200/200
f 200/200/200 212/212/212 213/213/213
f 200/200/200 213/213/213 203/203/203
f 210/210/210 35/35/35 34/34/34
f 210/210/210 34/34/34 212/212/212
f 212/212/212 34/34/34 25/25/25
f 212/212/212 25/25/25 213/213/213
f 214/214/214 215/215/215 216/216/216
f 214/214/214 216/216/216 217/217/217
f 217/217/217 216/216/216 204/204/204
f 217/217/217 204/204/204 203/203/203
f 215/215/215 159/159/159 158/158/158
f 215/215/215 158/158/158 216/216/216
f 216/216/216 158/158/158 162/162/162
f 216/216/216 162/162/162 204/204/204
f 214/214/214 217/217/217 218/218/218
f 214/214/214 218/218/218 219/219/219
f 219/219/219 218/218/218 24/24/24
f 219/219/219 24/24/24 19/19/19
f 217/217/217 203/203/203 213/213/213
f 217/217/217 213/213/213 218/218/218
f 218/218/218 213/213/213 25/25/25
f 218/218/218 25/25/25 24/24/24
f 214/214/214 219/219/219 220/220/220
f 214/214/214 220/220/220 221/221/221
f 221/221/221 220/220/220 222/222/222
f 221/221/221 222/222/222 223/223/223
f 219/219/219 19/19/19 18/18/18
f 219/219/219 18/18/18 220/220/220
f 220/220/220 18/18/18 21/21/21
f 220/220/220 21/21/21 222/222/222
f 214/214/214 221/221/221 224/224/224
f 214/214/214 224/224/224 215/215/215
f 215/215/215 224/224/224 167/167/167
f 215/215/215 167/167/167 159/159/159
f 221/221/221 223/223/223 225/225/225
f 221/221/221 225/225/225 224/224/224
f 224/224/224 225/225/225 168/168/168
f 224/224/224 168/168/168 167/167/167
f 226/226/226 227/227/227 228/228/228
f 226/226/226 228/228/228 229/229/229
f 229/229/229 228/228/228 230/230/230
f 229/229/229 230/230/230 231/231/231
f 227/227/227 232/232/232 233/233/233
f 227/227/227 233/233/233 228/228/228
f 228/228/228 233/233/233 234/234/234
f 228/228/228 234/234/234 230/230/230
f 226/226/226 229/229/229 235/235/235
f 226/226/226 235/235/235 236/236/236
f 236/236/236 235/235/235 197/197/197
f 236/236/236 197/197/197 192/192/192
f 229/229/229 231/231/231 237/237/237
f 229/229/229 237/237/237 235/235/235
f 235/235/235 237/237/237 198/198/198
f 235/235/235 198/198/198 197/197/197
f 226/226/226 236/236/236 238/238/238
f 226/226/226 238/238/238 239/239/239
f 239/239/239 238/238/238 240/240/240
f 239/239/239 240/240/240 241/241/241
f 236/236/236 192/192/192 191/191/191
f 236/236/236 191/191/191 238/238/238
f 238/238/238 191/191/191 194/194/194
f 238/238/238 194/194/194 240/240/240
f 226/226/226 239/239/239 242/242/242
f 226/226/226 242/242/242 227/227/227
f 227/227/227 242/242/242 243/243/243
f 227/227/227 243/243/243 232/232/232
f 239/239/239 241/241/241 244/244/244
f 239/239/239 244/244/244 242/242/242
f 242/242/242 244/244/244 245/245/245
f 242/242/242 245/245/245 243/243/243
f 246/246/246 247/247/247 248/248/248
f 246/246/246 248/248/248 249/249/249
f 249/249/249 248/248/248 233/233/233
f 249/249/249 233/233/233 232/232/232
f 247/247/247 250/250/250 251/251/251
f 247/247/247 251/251/251 248/248/248
f 248/248/248 251/251/251 234/234/234
f 248/248/248 234/234/234 233/233/233
f 246/246/246 249/249/249 252/252/252
f 246/246/246 252/252/252 253/253/253
f 253/253/253 252/252/252 254/254/254
f 253/253/253 254/254/254 255/255/255
f 249/249/249 232/232/232 243/243/243
f 249/249/249 243/243/243 252/252/252
f 252/252/252 243/243/243 245/245/245
f 252/252/252 245/245/245 254/254/254
f 246/246/246 253/253/253 256/256/256
f 246/246/246 256/256/256 257/257/257
f 257/257/257 256/256/256 258/258/258
f 257/257/257 258/258/258 259/259/259
f 253/253/253 255/255/255 260/260/260
f 253/253/253 260/260/260 256/256/256
f 256/256/256 260/260/260 261/261/261
f 256/256/256 261/261/261 258/258/258
f 246/246/246 257/257/257 262/262/262
f 246/246/246 262/262/262 247/247/247
f 247/247/247 262/262/262 263/263/263
f 247/247/247 263/263/263 250/250/250
f 257/257/257 259/259/259 264/264/264
f 257/257/257 264/264/264 262/262/262
f 262/262/262 264/264/264 265/265/265
f 262/262/262 265/265/265 263/263/263
f 266/266/266 267/267/267 268/268/268
f 266/266/266 268/268/268 269/269/269
f 269/269/269 268/268/268 251/251/251
f 269/269/269 251/251/251 250/250/250
f 267/267/267 270/270/270 271/271/271
f 267/267/267 271/271/271 268/268/268
f 268/268/268 271/271/271 234/234/234
f 268/268/268 234/234/234 251/251/251
f 266/266/266 269/269/269 272/272/272
f 266/266/266 272/272/272 273/273/273
f 273/273/273 272/272/272 274/274/274
f 273/273/273 274/274/274 275/275/275
f 269/269/269 250/250/250 263/263/263
f 269/269/269 263/263/263 272/272/272
f 272/272/272 263/263/263 265/265/265
f 272/272/272 265/265/265 274/274/274
f 266/266/266 273/273/273 276/276/276
f 266/266/266 276/276/276 277/277/277
f 277/277/277 276/276/276 116/116/116
f 277/277/277 116/116/116 111/111/111
f 273/273/273 275/275/275 278/278/278
f 273/273/273 278/278/278 276/276/276
f 276/276/276 278/278/278 117/117/117
f 276/276/276 117/117/117 116/116/116
f 266/266/266 277/277/277 279/279/279
f 266/266/266 279/279/279 267/267/267
f 267/267/267 279/279/279 280/280/280
f 267/267/267 280/280/280 270/270/270
f 277/277/277 111/111/111 110/110/110
f 277/277/277 110/110/110 279/279/279
f 279/279/279 110/110/110 101/101/101
f 279/279/279 101/101/101 280/280/280
f 281/281/281 282/282/282 283/283/283
f 281/281/281 283/283/283 284/284/284
f 284/284/284 283/283/283 271/271/271
f 284/284/284 271/271/271 270/270/270
f 282/282/282 231/231/231 230/230/230
f 282/282/282 230/230/230 283/283/283
f 283/283/283 230/230/230 234/234/234
f 283/283/283 234/234/234 271/271/271
f 281/281/281 284/284/284 285/285/285
f 281/281/281 285/285/285 286/286/286
f 286/286/286 285/285/285 100/100/100
f 286/286/286 100/100/100 97/97/97
f 284/284/284 270/270/270 280/280/280
f 284/284/284 280/280/280 285/285/285
f 285/285/285 280/280/280 101/101/101
f 285/285/285 101/101/101 100/100/100
f 281/281/281 286/286/286 287/287/287
f 281/281/281 287/287/287 288/288/288
f 288/288/288 287/287/287 211/211/211
f 288/288/288 211/211/211 208/208/208
f 286/286/286 97/97/97 96/96/96
f 286/286/286 96/96/96 287/287/287
f 287/287/287 96/96/96 41/41/41
f 287/287/287 41/41/41 211/211/211
f 281/281/281 288/288/288 289/289/289
f 281/281/281 289/289/289 282/282/282
f 282/282/282 289/289/289 237/237/237
f 282/282/282 237/237/237 231/231/231
f 288/288/288 208/208/208 207/207/207
f 288/288/288 207/207/207 289/289/289
f 289/289/289 207/207/207 198/198/198
f 289/289/289 198/198/198 237/237/237
f 290/290/290 291/291/291 292/292/292
f 290/290/290 292/292/292 293/293/293
f 293/293/293 292/292/292 294/294/294
f 293/293/293 294/294/294 295/295/295
f 291/291/291 296/296/296 297/297/297
f 291/291/291 297/297/297 292/292/292
f 292/292/292 297/297/297 298/298/298
f 292/292/292 298/298/298 294/294/294
f 290/290/290 293/293/293 299/299/299
f 290/290/290 299/299/299 300/300/300
f 300/300/300 299/299/299 301/301/301
f 300/300/300 301/301/301 302/302/302
f 293/293/293 295/295/295 303/303/303
f 293/293/293 303/303/303 299/299/299
f 299/299/299 303/303/303 304/304/304
f 299/299/299 304/304/304 301/301/301
f 290/290/290 300/300/300 305/305/305
f 290/290/290 305/305/305 306/306/306
f 306/306/306 305/305/305 307/307/307
f 306/306/306 307/307/307 308/308/308
f 300/300/300 302/302/302 309/309/309
f 300/300/300 309/309/309 305/305/305
f 305/305/305 309/309/309 310/310/310
f 305/305/305 310/310/310 307/307/307
f 290/290/290 306/306/306 311/311/311
f 290/290/290 311/311/311 291/291/291
f 291/291/291 311/311/311 312/312/312
f 291/291/291 312/312/312 296/296/296
f 306/306/306 308/308/308 313/313/313
f 306/306/306 313/313/313 311/311/311
f 311/311/311 313/313/313 314/314/314
f 311/311/311 314/314/314 312/312/312
f 315/315/315 316/316/316 317/317/317
f 315/315/315 317/317/317 318/318/318
f 318/318/318 317/317/317 297/297/297
f 318/318/318 297/297/297 296/296/296
f 316/316/316 319/319/319 320/320/320
f 316/316/316 320/320/320 317/317/317
f 317/317/317 320/320/320 298/298/298
f 317/317/317 298/298/298 297/297/297
f 315/315/315 318/318/318 321/321/321
f 315/315/315 321/321/321 322/322/322
f 322/322/322 321/321/321 323/323/323
f 322/322/322 323/323/323 324/324/324
f 318/318/318 296/296/296 312/312/312
f 318/318/318 312/312/312 321/321/321
f 321/321/321 312/312/312 314/314/314
f 321/321/321 314/314/314 323/323/323
f 315/315/315 322/322/322 325/325/325
f 315/315/315 325/325/325 326/326/326
f 326/326/326 325/325/325 327/327/327
f 326/326/326 327/327/327 328/328/328
f 322/322/322 324/324/324 329/329/329
f 322/322/322 329/329/329 325/325/325
f 325/325/325 329/329/329 330/330/330
f 325/325/325 330/330/330 327/327/327
f 315/315/315 326/326/326 331/331/331
f 315/315/315 331/331/331 316/316/316
f 316/316/316 331/331/331 332/332/332
f 316/316/316 332/332/332 319/319/319
f 326/326/326 328/328/328 333/333/333
f 326/326/326 333/333/333 331/331/331
f 331/331/331 333/333/333 334/334/334
f 331/331/331 334/334/334 332/332/332
f 335/335/335 336/336/336 337/337/337
f 335/335/335 337/337/337 338/338/338
f 338/338/338 337/337/337 320/320/320
f 338/338/338 320/320/320 319/319/319
f 336/336/336 339/339/339 340/340/340
f 336/336/336 340/340/340 337/337/337
f 337/337/337 340/340/340 298/298/298
f 337/337/337 298/298/298 320/320/320
f 335/335/335 338/338/338 341/341/341
f 335/335/335 341/341/341 342/342/342
f 342/342/342 341/341/341 343/343/343
f 342/342/342 343/343/343 344/344/344
f 338/338/338 319/319/319 332/332/332
f 338/338/338 332/332/332 341/341/341
f 341/341/341 332/332/332 334/334/334
f 341/341/341 334/334/334 343/343/343
f 335/335/335 342/342/342 345/345/345
f 335/335/335 345/345/345 346/346/346
f 346/346/346 345/345/345 193/193/193
f 346/346/346 193/193/193 188/188/188
f 342/342/342 344/344/344 347/347/347
f 342/342/342 347/347/347 345/345/345
f 345/345/345 347/347/347 194/194/194
f 345/345/345 194/194/194 193/193/193
f 335/335/335 346/346/346 348/348/348
f 335/335/335 348/348/348 336/336/336
f 336/336/336 348/348/348 349/349/349
f 336/336/336 349/349/349 339/339/339
f 346/346/346 188/188/188 187/187/187
f 346/346/346 187/187/187 348/348/348
f 348/348/348 187/187/187 178/178/178
f 348/348/348 178/178/178 349/349/349
f 350/350/350 351/351/351 352/352/352
f 350/350/350 352/352/352 353/353/353
f 353/353/353 352/352/352 340/340/340
f 353/353/353 340/340/340 339/339/339
f 351/351/351 295/295/295 294/294/294
f 351/351/351 294/294/294 352/352/352
f 352/352/352 294/294/294 298/298/298
f 352/352/352 298/298/298 340/340/340
f 350/350/350 353/353/353 354/354/354
f 350/350/350 354/354/354 355/355/355
f 355/355/355 354/354/354 177/177/177
f 355/355/355 177/177/177 172/172/172
f 353/353/353 339/339/339 349/349/349
f 353/353/353 349/349/349 354/354/354
f 354/354/354 349/349/349 178/178/178
f 354/354/354 178/178/178 177/177/177
f 350/350/350 355/355/355 356/356/356
f 350/350/350 356/356/356 357/357/357
f 357/357/357 356/356/356 358/358/358
f 357/357/357 358/358/358 359/359/359
f 355/355/355 172/172/172 171/171/171
f 355/355/355 171/171/171 356/356/356
f 356/356/356 171/171/171 174/174/174
f 356/356/356 174/174/174 358/358/358
f 350/350/350 357/357/357 360/360/360
f 350/350/350 360/360/360 351/351/351
f 351/351/351 360/360/360 303/303/303
f 351/351/351 303/303/303 295/295/295
f 357/357/357 359/359/359 361/361/361
f 357/357/357 361/361/361 360/360/360
f 360/360/360 361/361/361 304/304/304
f 360/360/360 304/304/304 303/303/303
f 362/362/362 363/363/363 364/364/364
f 362/362/362 364/364/364 365/365/365
f 365/365/365 364/364/364 366/366/366
f 365/365/365 366/366/366 367/367/367
f 363/363/363 368/368/368 369/369/369
f 363/363/363 369/369/369 364/364/364
f 364/364/364 369/369/369 370/370/370
f 364/364/364 370/370/370 366/366/366
f 362/362/362 365/365/365 371/371/371
f 362/362/362 371/371/371 372/372/372
f 372/372/372 371/371/371 333/333/333
f 372/372/372 333/333/333 328/328/328
f 365/365/365 367/367/367 373/373/373
f 365/365/365 373/373/373 371/371/371
f 371/371/371 373/373/373 334/334/334
f 371/371/371 334/334/334 333/333/333
f 362/362/362 372/372/372 374/374/374
f 362/362/362 374/374/374 375/375/375
f 375/375/375 374/374/374 376/376/376
f 375/375/375 376/376/376 377/377/377
f 372/372/372 328/328/328 327/327/327
f 372/372/372 327/327/327 374/374/374
f 374/374/374 327/327/327 330/330/330
f 374/374/374 330/330/330 376/376/376
f 362/362/362 375/375/375 378/378/378
f 362/362/362 378/378/378 363/363/363
f 363/363/363 378/378/378 379/379/379
f 363/363/363 379/379/379 368/368/368
f 375/375/375 377/377/377 380/380/380
f 375/375/375 380/380/380 378/378/378
f 378/378/378 380/380/380 381/381/381
f 378/378/378 381/381/381 379/379/379
f 382/382/382 383/383/383 384/384/384
f 382/382/382 384/384/384 385/385/385
f 385/385/385 384/384/384 369/369/369
f 385/385/385 369/369/369 368/368/368
f 383/383/383 386/386/386 387/387/387
f 383/383/383 387/387/387 384/384/384
f 384/384/384 387/387/387 370/370/370
f 384/384/384 370/370/370 369/369/369
f 382/382/382 385/385/385 388/388/388
f 382/382/382 388/388/388 389/389/389
f 389/389/389 388/388/388 390/390/390
f 389/389/389 390/390/390 391/391/391
f 385/385/385 368/368/368 379/379/379
f 385/385/385 379/379/379 388/388/388
f 388/388/388 379/379/379 381/381/381
f 388/388/388 381/381/381 390/390/390
f 382/382/382 389/389/389 392/392/392
f 382/382/382 392/392/392 393/393/393
f 393/393/393 392/392/392 394/394/394
f 393/393/393 394/394/394 395/395/395
f 389/389/389 391/391/391 396/396/396
f 389/389/389 396/396/396 392/392/392
f 392/392/392 396/396/396 397/397/397
f 392/392/392 397/397/397 394/394/394
f 382/382/382 393/393/393 398/398/398
f 382/382/382 398/398/398 383/383/383
f 383/383/383 398/398/398 399/399/399
f 383/383/383 399/399/399 386/386/386
f 393/393/393 395/395/395 400/400/400
f 393/393/393 400/400/400 398/398/398
f 398/398/398 400/400/400 401/401/401
f 398/398/398 401/401/401 399/399/399
f 402/402/402 403/403/403 404/404/404
f 402/402/402 404/404/404 405/405/405
f 405/405/405 404/404/404 387/387/387
f 405/405/405 387/387/387 386/386/386
f 403/403/403 406/406/406 407/407/407
f 403/403/403 407/407/407 404/404/404
f 404/404/404 407/407/407 370/370/370
f 404/404/404 370/370/370 387/387/387
f 402/402/402 405/405/405 408/408/408
f 402/402/402 408/408/408 409/409/409
f 409/409/409 408/408/408 410/410/410
f 409/409/409 410/410/410 411/411/411
f 405/405/405 386/386/386 399/399/399
f 405/405/405 399/399/399 408/408/408
f 408/408/408 399/399/399 401/401/401
f 408/408/408 401/401/401 410/410/410
f 402/402/402 409/409/409 412/412/412
f 402/402/402 412/412/412 413/413/413
f 413/413/413 412/412/412 260/260/260
f 413/413/413 260/260/260 255/255/255
f 409/409/409 411/411/411 414/414/414
f 409/409/409 414/414/414 412/412/412
f 412/412/412 414/414/414 261/261/261
f 412/412/412 261/261/261 260/260/260
f 402/402/402 413/413/413 415/415/415
f 402/402/402 415/415/415 403/403/403
f 403/403/403 415/415/415 416/416/416
f 403/403/403 416/416/416 406/406/406
f 413/413/413 255/255/255 254/254/254
f 413/413/413 254/254/254 415/415/415
f 415/415/415 254/254/254 245/245/245
f 415/415/415 245/245/245 416/416/416
f 417/417/417 418/418/418 419/419/419
f 417/417/417 419/419/419 420/420/420
f 420/420/420 419/419/419 407/407/407
f 420/420/420 407/407/407 406/406/406
f 418/418/418 367/367/367 366/366/366
f 418/418/418 366/366/366 419/419/419
f 419/419/419 366/366/366 370/370/370
f 419/419/419 370/370/370 407/407/407
f 417/417/417 420/420/420 421/421/421
f 417/417/417 421/421/421 422/422/422
f 422/422/422 421/421/421 244/244/244
f 422/422/422 244/244/244 241/241/241
f 420/420/420 406/406/406 416/416/416
f 420/420/420 416/416/416 421/421/421
f 421/421/421 416/416/416 245/245/245
f 421/421/421 245/245/245 244/244/244
f 417/417/417 422/422/422 423/423/423
f 417/417/417 423/423/423 424/424/424
f 424/424/424 423/423/423 347/347/347
f 424/424/424 347/347/347 344/344/344
f 422/422/422 241/241/241 240/240/240
f 422/422/422 240/240/240 423/423/423
f 423/423/423 240/240/240 194/194/194
f 423/423/423 194/194/194 347/347/347
f 417/417/417 424/424/424 425/425/425
f 417/417/417 425/425/425 418/418/418
f 418/418/418 425/425/425 373/373/373
f 418/418/418 373/373/373 367/367/367
f 424/424/424 344/344/344 343/343/343
f 424/424/424 343/343/343 425/425/425
f 425/425/425 343/343/343 334/334/334
f 425/425/425 334/334/334 373/373/373
f 426/426/426 427/427/427 428/428/428
f 426/426/426 428/428/428 429/429/429
f 429/429/429 428/428/428 430/430/430
f 429/429/429 430/430/430 431/431/431
f 427/427/427 432/432/432 433/433/433
f 427/427/427 433/433/433 428/428/428
f 428/428/428 433/433/433 434/434/434
f 428/428/428 434/434/434 430/430/430
f 426/426/426 429/429/429 435/435/435
f 426/426/426 435/435/435 436/436/436
f 436/436/436 435/435/435 437/437/437
f 436/436/436 437/437/437 438/438/438
f 429/429/429 431/431/431 439/439/439
f 429/429/429 439/439/439 435/435/435
f 435/435/435 439/439/439 440/440/440
f 435/435/435 440/440/440 437/437/437
f 426/426/426 436/436/436 441/441/441
f 426/426/426 441/441/441 442/442/442
f 442/442/442 441/441/441 443/443/443
f 442/442/442 443/443/443 444/444/444
f 436/436/436 438/438/438 445/445/445
f 436/436/436 445/445/445 441/441/441
f 441/441/441 445/445/445 446/446/446
f 441/441/441 446/446/446 443/443/443
f 426/426/426 442/442/442 447/447/447
f 426/426/426 447/447/447 427/427/427
f 427/427/427 447/447/447 448/448/448
f 427/427/427 448/448/448 432/432/432
f 442/442/442 444/444/444 449/449/449
f 442/442/442 449/449/449 447/447/447
f 447/447/447 449/449/449 450/450/450
f 447/447/447 450/450/450 448/448/448
f 451/451/451 452/452/452 453/453/453
f 451/451/451 453/453/453 454/454/454
f 454/454/454 453/453/453 433/433/433
f 454/454/454 433/433/433 432/432/432
f 452/452/452 455/455/455 456/456/456
f 452/452/452 456/456/456 453/453/453
f 453/453/453 456/456/456 434/434/434
f 453/453/453 434/434/434 433/433/433
f 451/451/451 454/454/454 457/457/457
f 451/451/451 457/457/457 458/458/458
f 458/458/458 457/457/457 459/459/459
f 458/458/458 459/459/459 460/460/460
f 454/454/454 432/432/432 448/448/448
f 454/454/454 448/448/448 457/457/457
f 457/457/457 448/448/448 450/450/450
f 457/457/457 450/450/450 459/459/459
f 451/451/451 458/458/458 461/461/461
f 451/451/451 461/461/461 462/462/462
f 462/462/462 461/461/461 463/463/463
f 462/462/462 463/463/463 464/464/464
f 458/458/458 460/460/460 465/465/465
f 458/458/458 465/465/465 461/461/461
f 461/461/461 465/465/465 466/466/466
f 461/461/461 466/466/466 463/463/463
f 451/451/451 462/462/462 467/467/467
f 451/451/451 467/467/467 452/452/452
f 452/452/452 467/467/467 468/468/468
f 452/452/452 468/468/468 455/455/455
f 462/462/462 464/464/464 469/469/469
f 462/462/462 469/469/469 467/467/467
f 467/467/467 469/469/469 470/470/470
f 467/467/467 470/470/470 468/468/468
f 471/471/471 472/472/472 473/473/473
f 471/471/471 473/473/473 474/474/474
f 474/474/474 473/473/473 456/456/456
f 474/474/474 456/456/456 455/455/455
f 472/472/472 475/475/475 476/476/476
f 472/472/472 476/476/476 473/473/473
f 473/473/473 476/476/476 434/434/434
f 473/473/473 434/434/434 456/456/456
f 471/471/471 474/474/474 477/477/477
f 471/471/471 477/477/477 478/478/478
f 478/478/478 477/477/477 479/479/479
f 478/478/478 479/479/479 480/480/480
f 474/474/474 455/455/455 468/468/468
f 474/474/474 468/468/468 477/477/477
f 477/477/477 468/468/468 470/470/470
f 477/477/477 470/470/470 479/479/479
f 471/471/471 478/478/478 481/481/481
f 471/471/471 481/481/481 482/482/482
f 482/482/482 481/481/481 483/483/483
f 482/482/482 483/483/483 484/484/484
f 478/478/478 480/480/480 485/485/485
f 478/478/478 485/485/485 481/481/481
f 481/481/481 485/485/485 486/486/486
f 481/481/481 486/486/486 483/483/483
f 471/471/471 482/482/482 487/487/487
f 471/471/471 487/487/487 472/472/472
f 472/472/472 487/487/487 488/488/488
f 472/472/472 488/488/488 475/475/475
f 482/482/482 484/484/484 489/489/489
f 482/482/482 489/489/489 487/487/487
f 487/487/487 489/489/489 490/490/490
f 487/487/487 490/490/490 488/488/488
f 491/491/491 492/492/492 493/493/493
f 491/491/491 493/493/493 494/494/494
f 494/494/494 493/493/493 476/476/476
f 494/494/494 476/476/476 475/475/475
f 492/492/492 431/431/431 430/430/430
f 492/492/492 430/430/430 493/493/493
f 493/493/493 430/430/430 434/434/434
f 493/493/493 434/434/434 476/476/476
f 491/491/491 494/494/494 495/495/495
f 491/491/491 495/495/495 496/496/496
f 496/496/496 495/495/495 497/497/497
f 496/496/496 497/497/497 498/498/498
f 494/494/494 475/475/475 488/488/488
f 494/494/494 488/488/488 495/495/495
f 495/495/495 488/488/488 490/490/490
f 495/495/495 490/490/490 497/497/497
f 491/491/491 496/496/496 499/499/499
f 491/491/491 499/499/499 500/500/500
f 500/500/500 499/499/499 501/501/501
f 500/500/500 501/501/501 502/502/502
f 496/496/496 498/498/498 503/503/503
f 496/496/496 503/503/503 499/499/499
f 499/499/499 503/503/503 504/504/504
f 499/499/499 504/504/504 501/501/501
f 491/491/491 500/500/500 505/505/505
f 491/491/491 505/505/505 492/492/492
f 492/492/492 505/505/505 439/439/439
f 492/492/492 439/439/439 431/431/431
f 500/500/500 502/502/502 506/506/506
f 500/500/500 506/506/506 505/505/505
f 505/505/505 506/506/506 440/440/440
f 505/505/505 440/440/440 439/439/439
f 507/507/507 508/508/508 509/509/509
f 507/507/507 509/509/509 510/510/510
f 510/510/510 509/509/509 511/511/511
f 510/510/510 511/511/511 512/512/512
f 508/508/508 513/513/513 514/514/514
f 508/508/508 514/514/514 509/509/509
f 509/509/509 514/514/514 515/515/515
f 509/509/509 515/515/515 511/511/511
f 507/507/507 510/510/510 516/516/516
f 507/507/507 516/516/516 517/517/517
f 517/517/517 516/516/516 506/506/506
f 517/517/517 506/506/506 502/502/502
f 510/510/510 512/512/512 518/518/518
f 510/510/510 518/518/518 516/516/516
f 516/516/516 518/518/518 440/440/440
f 516/516/516 440/440/440 506/506/506
f 507/507/507 517/517/517 519/519/519
f 507/507/507 519/519/519 520/520/520
f 520/520/520 519/519/519 521/521/521
f 520/520/520 521/521/521 522/522/522
f 517/517/517 502/502/502 501/501/501
f 517/517/517 501/501/501 519/519/519
f 519/519/519 501/501/501 504/504/504
f 519/519/519 504/504/504 521/521/521
f 507/507/507 520/520/520 523/523/523
f 507/507/507 523/523/523 508/508/508
f 508/508/508 523/523/523 524/524/524
f 508/508/508 524/524/524 513/513/513
f 520/520/520 522/522/522 525/525/525
f 520/520/520 525/525/525 523/523/523
f 523/523/523 525/525/525 526/526/526
f 523/523/523 526/526/526 524/524/524
f 527/527/527 528/528/528 529/529/529
f 527/527/527 529/529/529 530/530/530
f 530/530/530 529/529/529 514/514/514
f 530/530/530 514/514/514 513/513/513
f 528/528/528 531/531/531 532/532/532
f 528/528/528 532/532/532 529/529/529
f 529/529/529 532/532/532 515/515/515
f 529/529/529 515/515/515 514/514/514
f 527/527/527 530/530/530 533/533/533
f 527/527/527 533/533/533 534/534/534
f 534/534/534 533/533/533 535/535/535
f 534/534/534 535/535/535 536/536/536
f 530/530/530 513/513/513 524/524/524
f 530/530/530 524/524/524 533/533/533
f 533/533/533 524/524/524 526/526/526
f 533/533/533 526/526/526 535/535/535
f 527/527/527 534/534/534 537/537/537
f 527/527/527 537/537/537 538/538/538
f 538/538/538 537/537/537 539/539/539
f 538/538/538 539/539/539 540/540/540
f 534/534/534 536/536/536 541/541/541
f 534/534/534 541/541/541 537/537/537
f 537/537/537 541/541/541 542/542/542
f 537/537/537 542/542/542 539/539/539
f 527/527/527 538/538/538 543/543/543
f 527/527/527 543/543/543 528/528/528
f 528/528/528 543/543/543 544/544/544
f 528/528/528 544/544/544 531/531/531
f 538/538/538 540/540/540 545/545/545
f 538/538/538 545/545/545 543/543/543
f 543/543/543 545/545/545 546/546/546
f 543/543/543 546/546/546 544/544/544
f 547/547/547 548/548/548 549/549/549
f 547/547/547 549/549/549 550/550/550
f 550/550/550 549/549/549 532/532/532
f 550/550/550 532/532/532 531/531/531
f 548/548/548 551/551/551 552/552/552
f 548/548/548 552/552/552 549/549/549
f 549/549/549 552/552/552 515/515/515
f 549/549/549 515/515/515 532/532/532
f 547/547/547 550/550/550 553/553/553
f 547/547/547 553/553/553 554/554/554
f 554/554/554 553/553/553 555/555/555
f 554/554/554 555/555/555 556/556/556
f 550/550/550 531/531/531 544/544/544
f 550/550/550 544/544/544 553/553/553
f 553/553/553 544/544/544 546/546/546
f 553/553/553 546/546/546 555/555/555
f 547/547/547 554/554/554 557/557/557
f 547/547/547 557/557/557 558/558/558
f 558/558/558 557/557/557 559/559/559
f 558/558/558 559/559/559 560/560/560
f 554/554/554 556/556/556 561/561/561
f 554/554/554 561/561/561 557/557/557
f 557/557/557 561/561/561 562/562/562
f 557/557/557 562/562/562 559/559/559
f 547/547/547 558/558/558 563/563/563
f 547/547/547 563/563/563 548/548/548
f 548/548/548 563/563/563 564/564/564
f 548/548/548 564/564/564 551/551/551
f 558/558/558 560/560/560 565/565/565
f 558/558/558 565/565/565 563/563/563
f 563/563/563 565/565/565 566/566/566
f 563/563/563 566/566/566 564/564/564
f 567/567/567 568/568/568 569/569/569
f 567/567/567 569/569/569 570/570/570
f 570/570/570 569/569/569 552/552/552
f 570/570/570 552/552/552 551/551/551
f 568/568/568 512/512/512 511/511/511
f 568/568/568 511/511/511 569/569/569
f 569/569/569 511/511/511 515/515/515
f 569/569/569 515/515/515 552/552/552
f 567/567/567 570/570/570 571/571/571
f 567/567/567 571/571/571 572/572/572
f 572/572/572 571/571/571 573/573/573
f 572/572/572 573/573/573 574/574/574
f 570/570/570 551/551/551 564/564/564
f 570/570/570 564/564/564 571/571/571
f 571/571/571 564/564/564 566/566/566
f 571/571/571 566/566/566 573/573/573
f 567/567/567 572/572/572 575/575/575
f 567/567/567 575/575/575 576/576/576
f 576/576/576 575/575/575 445/445/445
f 576/576/576 445/445/445 438/438/438
f 572/572/572 574/574/574 577/577/577
f 572/572/572 577/577/577 575/575/575
f 575/575/575 577/577/577 446/446/446
f 575/575/575 446/446/446 445/445/445
f 567/567/567 576/576/576 578/578/578
f 567/567/567 578/578/578 568/568/568
f 568/568/568 578/578/578 518/518/518
f 568/568/568 518/518/518 512/512/512
f 576/576/576 438/438/438 437/437/437
f 576/576/576 437/437/437 578/578/578
f 578/578/578 437/437/437 440/440/440
f 578/578/578 440/440/440 518/518/518
f 579/579/579 580/580/580 581/581/581
f 579/579/579 581/581/581 582/582/582
f 582/582/582 581/581/581 583/583/583
f 582/582/582 583/583/583 584/584/584
f 580/580/580 585/585/585 586/586/586
f 580/580/580 586/586/586 581/581/581
f 581/581/581 586/586/586 587/587/587
f 581/581/581 587/587/587 583/583/583
f 579/579/579 582/582/582 588/588/588
f 579/579/579 588/588/588 589/589/589
f 589/589/589 588/588/588 590/590/590
f 589/589/589 590/590/590 591/591/591
f 582/582/582 584/584/584 592/592/592
f 582/582/582 592/592/592 588/588/588
f 588/588/588 592/592/592 593/593/593
f 588/588/588 593/593/593 590/590/590
f 579/579/579 589/589/589 594/594/594
f 579/579/579 594/594/594 595/595/595
f 595/595/595 594/594/594 596/596/596
f 595/595/595 596/596/596 597/597/597
f 589/589/589 591/591/591 598/598/598
f 589/589/589 598/598/598 594/594/594
f 594/594/594 598/598/598 599/599/599
f 594/594/594 599/599/599 596/596/596
f 579/579/579 595/595/595 600/600/600
f 579/579/579 600/600/600 580/580/580
f 580/580/580 600/600/600 601/601/601
f 580/580/580 601/601/601 585/585/585
f 595/595/595 597/597/597 602/602/602
f 595/595/595 602/602/602 600/600/600
f 600/600/600 602/602/602 603/603/603
f 600/600/600 603/603/603 601/601/601
f 604/604/604 605/605/605 606/606/606
f 604/604/604 606/606/606 607/607/607
f 607/607/607 606/606/606 586/586/586
f 607/607/607 586/586/586 585/585/585
f 605/605/605 608/608/608 609/609/609
f 605/605/605 609/609/609 606/606/606
f 606/606/606 609/609/609 587/587/587
f 606/606/606 587/587/587 586/586/586
f 604/604/604 607/607/607 610/610/610
f 604/604/604 610/610/610 611/611/611
f 611/611/611 610/610/610 612/612/612
f 611/611/611 612/612/612 613/613/613
f 607/607/607 585/585/585 601/601/601
f 607/607/607 601/601/601 610/610/610
f 610/610/610 601/601/601 603/603/603
f 610/610/610 603/603/603 612/612/612
f 604/604/604 611/611/611 614/614/614
f 604/604/604 614/614/614 615/615/615
f 615/615/615 614/614/614 616/616/616
f 615/615/615 616/616/616 617/617/617
f 611/611/611 613/613/613 618/618/618
f 611/611/611 618/618/618 614/614/614
f 614/614/614 618/618/618 619/619/619
f 614/614/614 619/619/619 616/616/616
f 604/604/604 615/615/615 620/620/620
f 604/604/604 620/620/620 605/605/605
f 605/605/605 620/620/620 621/621/621
f 605/605/605 621/621/621 608/608/608
f 615/615/615 617/617/617 622/622/622
f 615/615/615 622/622/622 620/620/620
f 620/620/620 622/622/622 623/623/623
f 620/620/620 623/623/623 621/621/621
f 624/624/624 625/625/625 626/626/626
f 624/624/624 626/626/626 627/627/627
f 627/627/627 626/626/626 609/609/609
f 627/627/627 609/609/609 608/608/608
f 625/625/625 628/628/628 629/629/629
f 625/625/625 629/629/629 626/626/626
f 626/626/626 629/629/629 587/587/587
f 626/626/626 587/587/587 609/609/609
f 624/624/624 627/627/627 630/630/630
f 624/624/624 630/630/630 631/631/631
f 631/631/631 630/630/630 632/632/632
f 631/631/631 632/632/632 633/633/633
f 627/627/627 608/608/608 621/621/621
f 627/627/627 621/621/621 630/630/630
f 630/630/630 621/621/621 623/623/623
f 630/630/630 623/623/623 632/632/632
f 624/624/624 631/631/631 634/634/634
f 624/624/624 634/634/634 635/635/635
f 635/635/635 634/634/634 503/503/503
f 635/635/635 503/503/503 498/498/498
f 631/631/631 633/633/633 636/636/636
f 631/631/631 636/636/636 634/634/634
f 634/634/634 636/636/636 504/504/504
f 634/634/634 504/504/504 503/503/503
f 624/624/624 635/635/635 637/637/637
f 624/624/624 637/637/637 625/625/625
f 625/625/625 637/637/637 638/638/638
f 625/625/625 638/638/638 628/628/628
f 635/635/635 498/498/498 497/497/497
f 635/635/635 497/497/497 637/637/637
f 637/637/637 497/497/497 490/490/490
f 637/637/637 490/490/490 638/638/638
f 639/639/639 640/640/640 641/641/641
f 639/639/639 641/641/641 642/642/642
f 642/642/642 641/641/641 629/629/629
f 642/642/642 629/629/629 628/628/628
f 640/640/640 584/584/584 583/583/583
f 640/640/640 583/583/583 641/641/641
f 641/641/641 583/583/583 587/587/587
f 641/641/641 587/587/587 629/629/629
f 639/639/639 642/642/642 643/643/643
f 639/639/639 643/643/643 644/644/644
f 644/644/644 643/643/643 489/489/489
f 644/644/644 489/489/489 484/484/484
f 642/642/642 628/628/628 638/638/638
f 642/642/642 638/638/638 643/643/643
f 643/643/643 638/638/638 490/490/490
f 643/643/643 490/490/490 489/489/489
f 639/639/639 644/644/644 645/645/645
f 639/639/639 645/645/645 646/646/646
f 646/646/646 645/645/645 647/647/647
f 646/646/646 647/647/647 648/648/648
f 644/644/644 484/484/484 483/483/483
f 644/644/644 483/483/483 645/645/645
f 645/645/645 483/483/483 486/486/486
f 645/645/645 486/486/486 647/647/647
f 639/639/639 646/646/646 649/649/649
f 639/639/639 649/649/649 640/640/640
f 640/640/640 649/649/649 592/592/592
f 640/640/640 592/592/592 584/584/584
f 646/646/646 648/648/648 650/650/650
f 646/646/646 650/650/650 649/649/649
f 649/649/649 650/650/650 593/593/593
f 649/649/649 593/593/593 592/592/592
f 651/651/651 652/652/652 653/653/653
f 651/651/651 653/653/653 654/654/654
f 654/654/654 653/653/653 655/655/655
f 654/654/654 655/655/655 656/656/656
f 652/652/652 657/657/657 658/658/658
f 652/652/652 658/658/658 653/653/653
f 653/653/653 658/658/658 659/659/659
f 653/653/653 659/659/659 655/655/655
f 651/651/651 654/654/654 660/660/660
f 651/651/651 660/660/660 661/661/661
f 661/661/661 660/660/660 622/622/622
f 661/661/661 622/622/622 617/617/617
f 654/654/654 656/656/656 662/662/662
f 654/654/654 662/662/662 660/660/660
f 660/660/660 662/662/662 623/623/623
f 660/660/660 623/623/623 622/622/622
f 651/651/651 661/661/661 663/663/663
f 651/651/651 663/663/663 664/664/664
f 664/664/664 663/663/663 665/665/665
f 664/664/664 665/665/665 666/666/666
f 661/661/661 617/617/617 616/616/616
f 661/661/661 616/616/616 663/663/663
f 663/663/663 616/616/616 619/619/619
f 663/663/663 619/619/619 665/665/665
f 651/651/651 664/664/664 667/667/667
f 651/651/651 667/667/667 652/652/652
f 652/652/652 667/667/667 668/668/668
f 652/652/652 668/668/668 657/657/657
f 664/664/664 666/666/666 669/669/669
f 664/664/664 669/669/669 667/667/667
f 667/667/667 669/669/669 670/670/670
f 667/667/667 670/670/670 668/668/668
f 671/671/671 672/672/672 673/673/673
f 671/671/671 673/673/673 674/674/674
f 674/674/674 673/673/673 658/658/658
f 674/674/674 658/658/658 657/657/657
f 672/672/672 675/675/675 676/676/676
f 672/672/672 676/676/676 673/673/673
f 673/673/673 676/676/676 659/659/659
f 673/673/673 659/659/659 658/658/658
f 671/671/671 674/674/674 677/677/677
f 671/671/671 677/677/677 678/678/678
f 678/678/678 677/677/677 679/679/679
f 678/678/678 679/679/679 680/680/680
f 674/674/674 657/657/657 668/668/668
f 674/674/674 668/668/668 677/677/677
f 677/677/677 668/668/668 670/670/670
f 677/677/677 670/670/670 679/679/679
f 671/671/671 678/678/678 681/681/681
f 671/671/671 681/681/681 682/682/682
f 682/682/682 681/681/681 683/683/683
f 682/682/682 683/683/683 684/684/684
f 678/678/678 680/680/680 685/685/685
f 678/678/678 685/685/685 681/681/681
f 681/681/681 685/685/685 686/686/686
f 681/681/681 686/686/686 683/683/683
f 671/671/671 682/682/682 687/687/687
f 671/671/671 687/687/687 672/672/672
f 672/672/672 687/687/687 688/688/688
f 672/672/672 688/688/688 675/675/675
f 682/682/682 684/684/684 689/689/689
f 682/682/682 689/689/689 687/687/687
f 687/687/687 689/689/689 690/690/690
f 687/687/687 690/690/690 688/688/688
f 691/691/691 692/692/692 693/693/693
f 691/691/691 693/693/693 694/694/694
f 694/694/694 693/693/693 676/676/676
f 694/694/694 676/676/676 675/675/675
f 692/692/692 695/695/695 696/696/696
f 692/692/692 696/696/696 693/693/693
f 693/693/693 696/696/696 659/659/659
f 693/693/693 659/659/659 676/676/676
f 691/691/691 694/694/694 697/697/697
f 691/691/691 697/697/697 698/698/698
f 698/698/698 697/697/697 699/699/699
f 698/698/698 699/699/699 700/700/700
f 694/694/694 675/675/675 688/688/688
f 694/694/694 688/688/688 697/697/697
f 697/697/697 688/688/688 690/690/690
f 697/697/697 690/690/690 699/699/699
f 691/691/691 698/698/698 701/701/701
f 691/691/691 701/701/701 702/702/702
f 702/702/702 701/701/701 541/541/541
f 702/702/702 541/541/541 536/536/536
f 698/698/698 700/700/700 703/703/703
f 698/698/698 703/703/703 701/701/701
f 701/701/701 703/703/703 542/542/542
f 701/701/701 542/542/542 541/541/541
f 691/691/691 702/702/702 704/704/704
f 691/691/691 704/704/704 692/692/692
f 692/692/692 704/704/704 705/705/705
f 692/692/692 705/705/705 695/695/695
f 702/702/702 536/536/536 535/535/535
f 702/702/702 535/535/535 704/704/704
f 704/704/704 535/535/535 526/526/526
f 704/704/704 526/526/526 705/705/705
f 706/706/706 707/707/707 708/708/708
f 706/706/706 708/708/708 709/709/709
f 709/709/709 708/708/708 696/696/696
f 709/709/709 696/696/696 695/695/695
f 707/707/707 656/656/656 655/655/655
f 707/707/707 655/655/655 708/708/708
f 708/708/708 655/655/655 659/659/659
f 708/708/708 659/659/659 696/696/696
f 706/706/706 709/709/709 710/710/710
f 706/706/706 710/710/710 711/711/711
f 711/711/711 710/710/710 525/525/525
f 711/711/711 525/525/525 522/522/522
f 709/709/709 695/695/695 705/705/705
f 709/709/709 705/705/705 710/710/710
f 710/710/710 705/705/705 526/526/526
f 710/710/710 526/526/526 525/525/525
f 706/706/706 711/711/711 712/712/712
f 706/706/706 712/712/712 713/713/713
f 713/713/713 712/712/712 636/636/636
f 713/713/713 636/636/636 633/633/633
f 711/711/711 522/522/522 521/521/521
f 711/711/711 521/521/521 712/712/712
f 712/712/712 521/521/521 504/504/504
f 712/712/712 504/504/504 636/636/636
f 706/706/706 713/713/713 714/714/714
f 706/706/706 714/714/714 707/707/707
f 707/707/707 714/714/714 662/662/662
f 707/707/707 662/662/662 656/656/656
f 713/713/713 633/633/633 632/632/632
f 713/713/713 632/632/632 714/714/714
f 714/714/714 632/632/632 623/623/623
f 714/714/714 623/623/623 662/662/662
f 715/715/715 716/716/716 717/717/717
f 715/715/715 717/717/717 718/718/718
f 718/718/718 717/717/717 719/719/719
f 718/718/718 719/719/719 720/720/720
f 716/716/716 721/721/721 722/722/722
f 716/716/716 722/722/722 717/717/717
f 717/717/717 722/722/722 723/723/723
f 717/717/717 723/723/723 719/719/719
f 715/715/715 718/718/718 724/724/724
f 715/715/715 724/724/724 725/725/725
f 725/725/725 724/724/724 726/726/726
f 725/725/725 726/726/726 727/727/727
f 718/718/718 720/720/720 728/728/728
f 718/718/718 728/728/728 724/724/724
f 724/724/724 728/728/728 729/729/729
f 724/724/724 729/729/729 726/726/726
f 715/715/715 725/725/725 730/730/730
f 715/715/715 730/730/730 731/731/731
f 731/731/731 730/730/730 732/732/732
f 731/731/731 732/732/732 733/733/733
f 725/725/725 727/727/727 734/734/734
f 725/725/725 734/734/734 730/730/730
f 730/730/730 734/734/734 735/735/735
f 730/730/730 735/735/735 732/732/732
f 715/715/715 731/731/731 736/736/736
f 715/715/715 736/736/736 716/716/716
f 716/716/716 736/736/736 737/737/737
f 716/716/716 737/737/737 721/721/721
f 731/731/731 733/733/733 738/738/738
f 731/731/731 738/738/738 736/736/736
f 736/736/736 738/738/738 739/739/739
f 736/736/736 739/739/739 737/737/737
f 740/740/740 741/741/741 742/742/742
f 740/740/740 742/742/742 743/743/743
f 743/743/743 742/742/742 722/722/722
f 743/743/743 722/722/722 721/721/721
f 741/741/741 744/744/744 745/745/745
f 741/741/741 745/745/745 742/742/742
f 742/742/742 745/745/745 723/723/723
f 742/742/742 723/723/723 722/722/722
f 740/740/740 743/743/743 746/746/746
f 740/740/740 746/746/746 747/747/747
f 747/747/747 746/746/746 748/748/748
f 747/747/747 748/748/748 749/749/749
f 743/743/743 721/721/721 737/737/737
f 743/743/743 737/737/737 746/746/746
f 746/746/746 737/737/737 739/739/739
f 746/746/746 739/739/739 748/748/748
f 740/740/740 747/747/747 750/750/750
f 740/740/740 750/750/750 751/751/751
f 751/751/751 750/750/750 752/752/752
f 751/751/751 752/752/752 753/753/753
f 747/747/747 749/749/749 754/754/754
f 747/747/747 754/754/754 750/750/750
f 750/750/750 754/754/754 755/755/755
f 750/750/750 755/755/755 752/752/752
f 740/740/740 751/751/751 756/756/756
f 740/740/740 756/756/756 741/741/741
f 741/741/741 756/756/756 757/757/757
f 741/741/741 757/757/757 744/744/744
f 751/751/751 753/753/753 758/758/758
f 751/751/751 758/758/758 756/756/756
f 756/756/756 758/758/758 759/759/759
f 756/756/756 759/759/759 757/757/757
f 760/760/760 761/761/761 762/762/762
f 760/760/760 762/762/762 763/763/763
f 763/763/763 762/762/762 745/745/745
f 763/763/763 745/745/745 744/744/744
f 761/761/761 764/764/764 765/765/765
f 761/761/761 765/765/765 762/762/762
f 762/762/762 765/765/765 723/723/723
f 762/762/762 723/723/723 745/745/745
f 760/760/760 763/763/763 766/766/766
f 760/760/760 766/766/766 767/767/767
f 767/767/767 766/766/766 768/768/768
f 767/767/767 768/768/768 769/769/769
f 763/763/763 744/744/744 757/757/757
f 763/763/763 757/757/757 766/766/766
f 766/766/766 757/757/757 759/759/759
f 766/766/766 759/759/759 768/768/768
f 760/760/760 767/767/767 770/770/770
f 760/760/760 770/770/770 771/771/771
f 771/771/771 770/770/770 618/618/618
f 771/771/771 618/618/618 613/613/613
f 767/767/767 769/769/769 772/772/772
f 767/767/767 772/772/772 770/770/770
f 770/770/770 772/772/772 619/619/619
f 770/770/770 619/619/619 618/618/618
f 760/760/760 771/771/771 773/773/773
f 760/760/760 773/773/773 761/761/761
f 761/761/761 773/773/773 774/774/774
f 761/761/761 774/774/774 764/764/764
f 771/771/771 613/613/613 612/612/612
f 771/771/771 612/612/612 773/773/773
f 773/773/773 612/612/612 603/603/603
f 773/773/773 603/603/603 774/774/774
f 775/775/775 776/776/776 777/777/777
f 775/775/775 777/777/777 778/778/778
f 778/778/778 777/777/777 765/765/765
f 778/778/778 765/765/765 764/764/764
f 776/776/776 720/720/720 719/719/719
f 776/776/776 719/719/719 777/777/777
f 777/777/777 719/719/719 723/723/723
f 777/777/777 723/723/723 765/765/765
f 775/775/775 778/778/778 779/779/779
f 775/775/775 779/779/779 780/780/780
f 780/780/780 779/779/779 602/602/602
f 780/780/780 602/602/602 597/597/597
f 778/778/778 764/764/764 774/774/774
f 778/778/778 774/774/774 779/779/779
f 779/779/779 774/774/774 603/603/603
f 779/779/779 603/603/603 602/602/602
f 775/775/775 780/780/780 781/781/781
f 775/775/775 781/781/781 782/782/782
f 782/782/782 781/781/781 783/783/783
f 782/782/782 783/783/783 784/784/784
f 780/780/780 597/597/597 596/596/596
f 780/780/780 596/596/596 781/781/781
f 781/781/781 596/596/596 599/599/599
f 781/781/781 599/599/599 783/783/783
f 775/775/775 782/782/782 785/785/785
f 775/775/775 785/785/785 776/776/776
f 776/776/776 785/785/785 728/728/728
f 776/776/776 728/728/728 720/720/720
f 782/782/782 784/784/784 786/786/786
f 782/782/782 786/786/786 785/785/785
f 785/785/785 786/786/786 729/729/729
f 785/785/785 729/729/729 728/728/728
f 787/787/787 788/788/788 789/789/789
f 787/787/787 789/789/789 790/790/790
f 790/790/790 789/789/789 791/791/791
f 790/790/790 791/791/791 792/792/792
f 788/788/788 793/793/793 794/794/794
f 788/788/788 794/794/794 789/789/789
f 789/789/789 794/794/794 795/795/795
f 789/789/789 795/795/795 791/791/791
f 787/787/787 790/790/790 796/796/796
f 787/787/787 796/796/796 797/797/797
f 797/797/797 796/796/796 758/758/758
f 797/797/797 758/758/758 753/753/753
f 790/790/790 792/792/792 798/798/798
f 790/790/790 798/798/798 796/796/796
f 796/796/796 798/798/798 759/759/759
f 796/796/796 759/759/759 758/758/758
f 787/787/787 797/797/797 799/799/799
f 787/787/787 799/799/799 800/800/800
f 800/800/800 799/799/799 801/801/801
f 800/800/800 801/801/801 802/802/802
f 797/797/797 753/753/753 752/752/752
f 797/797/797 752/752/752 799/799/799
f 799/799/799 752/752/752 755/755/755
f 799/799/799 755/755/755 801/801/801
f 787/787/787 800/800/800 803/803/803
f 787/787/787 803/803/803 788/788/788
f 788/788/788 803/803/803 804/804/804
f 788/788/788 804/804/804 793/793/793
f 800/800/800 802/802/802 805/805/805
f 800/800/800 805/805/805 803/803/803
f 803/803/803 805/805/805 806/806/806
f 803/803/803 806/806/806 804/804/804
f 807/807/807 808/808/808 809/809/809
f 807/807/807 809/809/809 810/810/810
f 810/810/810 809/809/809 794/794/794
f 810/810/810 794/794/794 793/793/793
f 808/808/808 811/811/811 812/812/812
f 808/808/808 812/812/812 809/809/809
f 809/809/809 812/812/812 795/795/795
f 809/809/809 795/795/795 794/794/794
f 807/807/807 810/810/810 813/813/813
f 807/807/807 813/813/813 814/814/814
f 814/814/814 813/813/813 815/815/815
f 814/814/814 815/815/815 816/816/816
f 810/810/810 793/793/793 804/804/804
f 810/810/810 804/804/804 813/813/813
f 813/813/813 804/804/804 806/806/806
f 813/813/813 806/806/806 815/815/815
f 807/807/807 814/814/814 817/817/817
f 807/807/807 817/817/817 818/818/818
f 818/818/818 817/817/817 819/819/819
f 818/818/818 819/819/819 820/820/820
f 814/814/814 816/816/816 821/821/821
f 814/814/814 821/821/821 817/817/817
f 817/817/817 821/821/821 822/822/822
f 817/817/817 822/822/822 819/819/819
f 807/807/807 818/818/818 823/823/823
f 807/807/807 823/823/823 808/808/808
f 808/808/808 823/823/823 824/824/824
f 808/808/808 824/824/824 811/811/811
f 818/818/818 820/820/820 825/825/825
f 818/818/818 825/825/825 823/823/823
f 823/823/823 825/825/825 826/826/826
f 823/823/823 826/826/826 824/824/824
f 827/827/827 828/828/828 829/829/829
f 827/827/827 829/829/829 830/830/830
f 830/830/830 829/829/829 812/812/812
f 830/830/830 812/812/812 811/811/811
f 828/828/828 831/831/831 832/832/832
f 828/828/828 832/832/832 829/829/829
f 829/829/829 832/832/832 795/795/795
f 829/829/829 795/795/795 812/812/812
f 827/827/827 830/830/830 833/833/833
f 827/827/827 833/833/833 834/834/834
f 834/834/834 833/833/833 835/835/835
f 834/834/834 835/835/835 836/836/836
f 830/830/830 811/811/811 824/824/824
f 830/830/830 824/824/824 833/833/833
f 833/833/833 824/824/824 826/826/826
f 833/833/833 826/826/826 835/835/835
f 827/827/827 834/834/834 837/837/837
f 827/827/827 837/837/837 838/838/838
f 838/838/838 837/837/837 685/685/685
f 838/838/838 685/685/685 680/680/680
f 834/834/834 836/836/836 839/839/839
f 834/834/834 839/839/839 837/837/837
f 837/837/837 839/839/839 686/686/686
f 837/837/837 686/686/686 685/685/685
f 827/827/827 838/838/838 840/840/840
f 827/827/827 840/840/840 828/828/828
f 828/828/828 840/840/840 841/841/841
f 828/828/828 841/841/841 831/831/831
f 838/838/838 680/680/680 679/679/679
f 838/838/838 679/679/679 840/840/840
f 840/840/840 679/679/679 670/670/670
f 840/840/840 670/670/670 841/841/841
f 842/842/842 843/843/843 844/844/844
f 842/842/842 844/844/844 845/845/845
f 845/845/845 844/844/844 832/832/832
f 845/845/845 832/832/832 831/831/831
f 843/843/843 792/792/792 791/791/791
f 843/843/843 791/791/791 844/844/844
f 844/844/844 791/791/791 795/795/795
f 844/844/844 795/795/795 832/832/832
f 842/842/842 845/845/845 846/846/846
f 842/842/842 846/846/846 847/847/847
f 847/847/847 846/846/846 669/669/669
f 847/847/847 669/669/669 666/666/666
f 845/845/845 831/831/831 841/841/841
f 845/845/845 841/841/841 846/846/846
f 846/846/846 841/841/841 670/670/670
f 846/846/846 670/670/670 669/669/669
f 842/842/842 847/847/847 848/848/848
f 842/842/842 848/848/848 849/849/849
f 849/849/849 848/848/848 772/772/772
f 849/849/849 772/772/772 769/769/769
f 847/847/847 666/666/666 665/665/665
f 847/847/847 665/665/665 848/848/848
f 848/848/848 665/665/665 619/619/619
f 848/848/848 619/619/619 772/772/772
f 842/842/842 849/849/849 850/850/850
f 842/842/842 850/850/850 843/843/843
f 843/843/843 850/850/850 798/798/798
f 843/843/843 798/798/798 792/792/792
f 849/849/849 769/769/769 768/768/768
f 849/849/849 768/768/768 850/850/850
f 850/850/850 768/768/768 759/759/759
f 850/850/850 759/759/759 798/798/798
f 851/851/851 852/852/852 853/853/853
f 851/851/851 853/853/853 854/854/854
f 854/854/854 853/853/853 855/855/855
f 854/854/854 855/855/855 856/856/856
f 852/852/852 857/857/857 858/858/858
f 852/852/852 858/858/858 853/853/853
f 853/853/853 858/858/858 859/859/859
f 853/853/853 859/859/859 855/855/855
f 851/851/851 854/854/854 860/860/860
f 851/851/851 860/860/860 861/861/861
f 861/861/861 860/860/860 862/862/862
f 861/861/861 862/862/862 863/863/863
f 854/854/854 856/856/856 864/864/864
f 854/854/854 864/864/864 860/860/860
f 860/860/860 864/864/864 865/865/865
f 860/860/860 865/865/865 862/862/862
f 851/851/851 861/861/861 866/866/866
f 851/851/851 866/866/866 867/867/867
f 867/867/867 866/866/866 868/868/868
f 867/867/867 868/868/868 869/869/869
f 861/861/861 863/863/863 870/870/870
f 861/861/861 870/870/870 866/866/866
f 866/866/866 870/870/870 871/871/871
f 866/866/866 871/871/871 868/868/868
f 851/851/851 867/867/867 872/872/872
f 851/851/851 872/872/872 852/852/852
f 852/852/852 872/872/872 873/873/873
f 852/852/852 873/873/873 857/857/857
f 867/867/867 869/869/869 874/874/874
f 867/867/867 874/874/874 872/872/872
f 872/872/872 874/874/874 875/875/875
f 872/872/872 875/875/875 873/873/873
f 876/876/876 877/877/877 878/878/878
f 876/876/876 878/878/878 879/879/879
f 879/879/879 878/878/878 858/858/858
f 879/879/879 858/858/858 857/857/857
f 877/877/877 880/880/880 881/881/881
f 877/877/877 881/881/881 878/878/878
f 878/878/878 881/881/881 859/859/859
f 878/878/878 859/859/859 858/858/858
f 876/876/876 879/879/879 882/882/882
f 876/876/876 882/882/882 883/883/883
f 883/883/883 882/882/882 884/884/884
f 883/883/883 884/884/884 885/885/885
f 879/879/879 857/857/857 873/873/873
f 879/879/879 873/873/873 882/882/882
f 882/882/882 873/873/873 875/875/875
f 882/882/882 875/875/875 884/884/884
f 876/876/876 883/883/883 886/886/886
f 876/876/876 886/886/886 887/887/887
f 887/887/887 886/886/886 888/888/888
f 887/887/887 888/888/888 889/889/889
f 883/883/883 885/885/885 890/890/890
f 883/883/883 890/890/890 886/886/886
f 886/886/886 890/890/890 891/891/891
f 886/886/886 891/891/891 888/888/888
f 876/876/876 887/887/887 892/892/892
f 876/876/876 892/892/892 877/877/877
f 877/877/877 892/892/892 893/893/893
f 877/877/877 893/893/893 880/880/880
f 887/887/887 889/889/889 894/894/894
f 887/887/887 894/894/894 892/892/892
f 892/892/892 894/894/894 895/895/895
f 892/892/892 895/895/895 893/893/893
f 896/896/896 897/897/897 898/898/898
f 896/896/896 898/898/898 899/899/899
f 899/899/899 898/898/898 881/881/881
f 899/899/899 881/881/881 880/880/880
f 897/897/897 900/900/900 901/901/901
f 897/897/897 901/901/901 898/898/898
f 898/898/898 901/901/901 859/859/859
f 898/898/898 859/859/859 881/881/881
f 896/896/896 899/899/899 902/902/902
f 896/896/896 902/902/902 903/903/903
f 903/903/903 902/902/902 904/904/904
f 903/903/903 904/904/904 905/905/905
f 899/899/899 880/880/880 893/893/893
f 899/899/899 893/893/893 902/902/902
f 902/902/902 893/893/893 895/895/895
f 902/902/902 895/895/895 904/904/904
f 896/896/896 903/903/903 906/906/906
f 896/896/896 906/906/906 907/907/907
f 907/907/907 906/906/906 908/908/908
f 907/907/907 908/908/908 909/909/909
f 903/903/903 905/905/905 910/910/910
f 903/903/903 910/910/910 906/906/906
f 906/906/906 910/910/910 911/911/911
f 906/906/906 911/911/911 908/908/908
f 896/896/896 907/907/907 912/912/912
f 896/896/896 912/912/912 897/897/897
f 897/897/897 912/912/912 913/913/913
f 897/897/897 913/913/913 900/900/900
f 907/907/907 909/909/909 914/914/914
f 907/907/907 914/914/914 912/912/912
f 912/912/912 914/914/914 915/915/915
f 912/912/912 915/915/915 913/913/913
f 916/916/916 917/917/917 918/918/918
f 916/916/916 918/918/918 919/919/919
f 919/919/919 918/918/918 901/901/901
f 919/919/919 901/901/901 900/900/900
f 917/917/917 856/856/856 855/855/855
f 917/917/917 855/855/855 918/918/918
f 918/918/918 855/855/855 859/859/859
f 918/918/918 859/859/859 901/901/901
f 916/916/916 919/919/919 920/920/920
f 916/916/916 920/920/920 921/921/921
f 921/921/921 920/920/920 922/922/922
f 921/921/921 922/922/922 923/923/923
f 919/919/919 900/900/900 913/913/913
f 919/919/919 913/913/913 920/920/920
f 920/920/920 913/913/913 915/915/915
f 920/920/920 915/915/915 922/922/922
f 916/916/916 921/921/921 924/924/924
f 916/916/916 924/924/924 925/925/925
f 925/925/925 924/924/924 926/926/926
f 925/925/925 926/926/926 927/927/927
f 921/921/921 923/923/923 928/928/928
f 921/921/921 928/928/928 924/924/924
f 924/924/924 928/928/928 929/929/929
f 924/924/924 929/929/929 926/926/926
f 916/916/916 925/925/925 930/930/930
f 916/916/916 930/930/930 917/917/917
f 917/917/917 930/930/930 864/864/864
f 917/917/917 864/864/864 856/856/856
f 925/925/925 927/927/927 931/931/931
f 925/925/925 931/931/931 930/930/930
f 930/930/930 931/931/931 865/865/865
f 930/930/930 865/865/865 864/864/864
f 932/932/932 933/933/933 934/934/934
f 932/932/932 934/934/934 935/935/935
f 935/935/935 934/934/934 936/936/936
f 935/935/935 936/936/936 937/937/937
f 933/933/933 938/938/938 939/939/939
f 933/933/933 939/939/939 934/934/934
f 934/934/934 939/939/939 940/940/940
f 934/934/934 940/940/940 936/936/936
f 932/932/932 935/935/935 941/941/941
f 932/932/932 941/941/941 942/942/942
f 942/942/942 941/941/941 894/894/894
f 942/942/942 894/894/894 889/889/889
f 935/935/935 937/937/937 943/943/943
f 935/935/935 943/943/943 941/941/941
f 941/941/941 943/943/943 895/895/895
f 941/941/941 895/895/895 894/894/894
f 932/932/932 942/942/942 944/944/944
f 932/932/932 944/944/944 945/945/945
f 945/945/945 944/944/944 946/946/946
f 945/945/945 946/946/946 947/947/947
f 942/942/942 889/889/889 888/888/888
f 942/942/942 888/888/888 944/944/944
f 944/944/944 888/888/888 891/891/891
f 944/944/944 891/891/891 946/946/946
f 932/932/932 945/945/945 948/948/948
f 932/932/932 948/948/948 933/933/933
f 933/933/933 948/948/948 949/949/949
f 933/933/933 949/949/949 938/938/938
f 945/945/945 947/947/947 950/950/950
f 945/945/945 950/950/950 948/948/948
f 948/948/948 950/950/950 951/951/951
f 948/948/948 951/951/951 949/949/949
f 952/952/952 953/953/953 954/954/954
f 952/952/952 954/954/954 955/955/955
f 955/955/955 954/954/954 939/939/939
f 955/955/955 939/939/939 938/938/938
f 953/953/953 956/956/956 957/957/957
f 953/953/953 957/957/957 954/954/954
f 954/954/954 957/957/957 940/940/940
f 954/954/954 940/940/940 939/939/939
f 952/952/952 955/955/955 958/958/958
f 952/952/952 958/958/958 959/959/959
f 959/959/959 958/958/958 960/960/960
f 959/959/959 960/960/960 961/961/961
f 955/955/955 938/938/938 949/949/949
f 955/955/955 949/949/949 958/958/958
f 958/958/958 949/949/949 951/951/951
f 958/958/958 951/951/951 960/960/960
f 952/952/952 959/959/959 962/962/962
f 952/952/952 962/962/962 963/963/963
f 963/963/963 962/962/962 964/964/964
f 963/963/963 964/964/964 965/965/965
f 959/959/959 961/961/961 966/966/966
f 959/959/959 966/966/966 962/962/962
f 962/962/962 966/966/966 967/967/967
f 962/962/962 967/967/967 964/964/964
f 952/952/952 963/963/963 968/968/968
f 952/952/952 968/968/968 953/953/953
f 953/953/953 968/968/968 969/969/969
f 953/953/953 969/969/969 956/956/956
f 963/963/963 965/965/965 970/970/970
f 963/963/963 970/970/970 968/968/968
f 968/968/968 970/970/970 971/971/971
f 968/968/968 971/971/971 969/969/969
f 972/972/972 973/973/973 974/974/974
f 972/972/972 974/974/974 975/975/975
f 975/975/975 974/974/974 957/957/957
f 975/975/975 957/957/957 956/956/956
f 973/973/973 976/976/976 977/977/977
f 973/973/973 977/977/977 974/974/974
f 974/974/974 977/977/977 940/940/940
f 974/974/974 940/940/940 957/957/957
f 972/972/972 975/975/975 978/978/978
f 972/972/972 978/978/978 979/979/979
f 979/979/979 978/978/978 980/980/980
f 979/979/979 980/980/980 981/981/981
f 975/975/975 956/956/956 969/969/969
f 975/975/975 969/969/969 978/978/978
f 978/978/978 969/969/969 971/971/971
f 978/978/978 971/971/971 980/980/980
f 972/972/972 979/979/979 982/982/982
f 972/972/972 982/982/982 983/983/983
f 983/983/983 982/982/982 984/984/984
f 983/983/983 984/984/984 985/985/985
f 979/979/979 981/981/981 986/986/986
f 979/979/979 986/986/986 982/982/982
f 982/982/982 986/986/986 987/987/987
f 982/982/982 987/987/987 984/984/984
f 972/972/972 983/983/983 988/988/988
f 972/972/972 988/988/988 973/973/973
f 973/973/973 988/988/988 989/989/989
f 973/973/973 989/989/989 976/976/976
f 983/983/983 985/985/985 990/990/990
f 983/983/983 990/990/990 988/988/988
f 988/988/988 990/990/990 991/991/991
f 988/988/988 991/991/991 989/989/989
f 992/992/992 993/993/993 994/994/994
f 992/992/992 994/994/994 995/995/995
f 995/995/995 994/994/994 977/977/977
f 995/995/995 977/977/977 976/976/976
f 993/993/993 937/937/937 936/936/936
f 993/993/993 936/936/936 994/994/994
f 994/994/994 936/936/936 940/940/940
f 994/994/994 940/940/940 977/977/977
f 992/992/992 995/995/995 996/996/996
f 992/992/992 996/996/996 997/997/997
f 997/997/997 996/996/996 998/998/998
f 997/997/997 998/998/998 999/999/999
f 995/995/995 976/976/976 989/989/989
f 995/995/995 989/989/989 996/996/996
f 996/996/996 989/989/989 991/991/991
f 996/996/996 991/991/991 998/998/998
f 992/992/992 997/997/997 1000/1000/1000
f 992/992/992 1000/1000/1000 1001/1001/1001
f 1001/1001/1001 1000/1000/1000 910/910/910
f 1001/1001/1001 910/910/910 905/905/905
f 997/997/997 999/999/999 1002/1002/1002
f 997/997/997 1002/1002/1002 1000/1000/1000
f 1000/1000/1000 1002/1002/1002 911/911/911
f 1000/1000/1000 911/911/911 910/910/910
f 992/992/992 1001/1001/1001 1003/1003/1003
f 992/992/992 1003/1003/1003 993/993/993
f 993/993/993 1003/1003/1003 943/943/943
f 993/993/993 943/943/943 937/937/937
f 1001/1001/1001 905/905/905 904/904/904
f 1001/1001/1001 904/904/904 1003/1003/1003
f 1003/1003/1003 904/904/904 895/895/895
f 1003/1003/1003 895/895/895 943/943/943
f 1004/1004/1004 1005/1005/1005 1006/1006/1006
f 1004/1004/1004 1006/1006/1006 1007/1007/1007
f 1007/1007/1007 1006/1006/1006 1008/1008/1008
f 1007/1007/1007 1008/1008/1008 1009/1009/1009
f 1005/1005/1005 1010/1010/1010 1011/1011/1011
f 1005/1005/1005 1011/1011/1011 1006/1006/1006
f 1006/1006/1006 1011/1011/1011 1012/1012/1012
f 1006/1006/1006 1012/1012/1012 1008/1008/1008
f 1004/1004/1004 1007/1007/1007 1013/1013/1013
f 1004/1004/1004 1013/1013/1013 1014/1014/1014
f 1014/1014/1014 1013/1013/1013 1015/1015/1015
f 1014/1014/1014 1015/1015/1015 1016/1016/1016
f 1007/1007/1007 1009/1009/1009 1017/1017/1017
f 1007/1007/1007 1017/1017/1017 1013/1013/1013
f 1013/1013/1013 1017/1017/1017 1018/1018/1018
f 1013/1013/1013 1018/1018/1018 1015/1015/1015
f 1004/1004/1004 1014/1014/1014 1019/1019/1019
f 1004/1004/1004 1019/1019/1019 1020/1020/1020
f 1020/1020/1020 1019/1019/1019 1021/1021/1021
f 1020/1020/1020 1021/1021/1021 1022/1022/1022
f 1014/1014/1014 1016/1016/1016 1023/1023/1023
f 1014/1014/1014 1023/1023/1023 1019/1019/1019
f 1019/1019/1019 1023/1023/1023 1024/1024/1024
f 1019/1019/1019 1024/1024/1024 1021/1021/1021
f 1004/1004/1004 1020/1020/1020 1025/1025/1025
f 1004/1004/1004 1025/1025/1025 1005/1005/1005
f 1005/1005/1005 1025/1025/1025 1026/1026/1026
f 1005/1005/1005 1026/1026/1026 1010/1010/1010
f 1020/1020/1020 1022/1022/1022 1027/1027/1027
f 1020/1020/1020 1027/1027/1027 1025/1025/1025
f 1025/1025/1025 1027/1027/1027 1028/1028/1028
f 1025/1025/1025 1028/1028/1028 1026/1026/1026
f 1029/1029/1029 1030/1030/1030 1031/1031/1031
f 1029/1029/1029 1031/1031/1031 1032/1032/1032
f 1032/1032/1032 1031/1031/1031 1011/1011/1011
f 1032/1032/1032 1011/1011/1011 1010/1010/1010
f 1030/1030/1030 1033/1033/1033 1034/1034/1034
f 1030/1030/1030 1034/1034/1034 1031/1031/1031
f 1031/1031/1031 1034/1034/1034 1012/1012/1012
f 1031/1031/1031 1012/1012/1012 1011/1011/1011
f 1029/1029/1029 1032/1032/1032 1035/1035/1035
f 1029/1029/1029 1035/1035/1035 1036/1036/1036
f 1036/1036/1036 1035/1035/1035 1037/1037/1037
f 1036/1036/1036 1037/1037/1037 1038/1038/1038
f 1032/1032/1032 1010/1010/1010 1026/1026/1026
f 1032/1032/1032 1026/1026/1026 1035/1035/1035
f 1035/1035/1035 1026/1026/1026 1028/1028/1028
f 1035/1035/1035 1028/1028/1028 1037/1037/1037
f 1029/1029/1029 1036/1036/1036 1039/1039/1039
f 1029/1029/1029 1039/1039/1039 1040/1040/1040
f 1040/1040/1040 1039/1039/1039 986/986/986
f 1040/1040/1040 986/986/986 981/981/981
f 1036/1036/1036 1038/1038/1038 1041/1041/1041
f 1036/1036/1036 1041/1041/1041 1039/1039/1039
f 1039/1039/1039 1041/1041/1041 987/987/987
f 1039/1039/1039 987/987/987 986/986/986
f 1029/1029/1029 1040/1040/1040 1042/1042/1042
f 1029/1029/1029 1042/1042/1042 1030/1030/1030
f 1030/1030/1030 1042/1042/1042 1043/1043/1043
f 1030/1030/1030 1043/1043/1043 1033/1033/1033
f 1040/1040/1040 981/981/981 980/980/980
f 1040/1040/1040 980/980/980 1042/1042/1042
f 1042/1042/1042 980/980/980 971/971/971
f 1042/1042/1042 971/971/971 1043/1043/1043
f 1044/1044/1044 1045/1045/1045 1046/1046/1046
f 1044/1044/1044 1046/1046/1046 1047/1047/1047
f 1047/1047/1047 1046/1046/1046 1034/1034/1034
f 1047/1047/1047 1034/1034/1034 1033/1033/1033
f 1045/1045/1045 1048/1048/1048 1049/1049/1049
f 1045/1045/1045 1049/1049/1049 1046/1046/1046
f 1046/1046/1046 1049/1049/1049 1012/1012/1012
f 1046/1046/1046 1012/1012/1012 1034/1034/1034
f 1044/1044/1044 1047/1047/1047 1050/1050/1050
f 1044/1044/1044 1050/1050/1050 1051/1051/1051
f 1051/1051/1051 1050/1050/1050 970/970/970
f 1051/1051/1051 970/970/970 965/965/965
f 1047/1047/1047 1033/1033/1033 1043/1043/1043
f 1047/1047/1047 1043/1043/1043 1050/1050/1050
f 1050/1050/1050 1043/1043/1043 971/971/971
f 1050/1050/1050 971/971/971 970/970/970
f 1044/1044/1044 1051/1051/1051 1052/1052/1052
f 1044/1044/1044 1052/1052/1052 1053/1053/1053
f 1053/1053/1053 1052/1052/1052 1054/1054/1054
f 1053/1053/1053 1054/1054/1054 1055/1055/1055
f 1051/1051/1051 965/965/965 964/964/964
f 1051/1051/1051 964/964/964 1052/1052/1052
f 1052/1052/1052 964/964/964 967/967/967
f 1052/1052/1052 967/967/967 1054/1054/1054
f 1044/1044/1044 1053/1053/1053 1056/1056/1056
f 1044/1044/1044 1056/1056/1056 1045/1045/1045
f 1045/1045/1045 1056/1056/1056 1057/1057/1057
f 1045/1045/1045 1057/1057/1057 1048/1048/1048
f 1053/1053/1053 1055/1055/1055 1058/1058/1058
f 1053/1053/1053 1058/1058/1058 1056/1056/1056
f 1056/1056/1056 1058/1058/1058 1059/1059/1059
f 1056/1056/1056 1059/1059/1059 1057/1057/1057
f 1060/1060/1060 1061/1061/1061 1062/1062/1062
f 1060/1060/1060 1062/1062/1062 1063/1063/1063
f 1063/1063/1063 1062/1062/1062 1049/1049/1049
f 1063/1063/1063 1049/1049/1049 1048/1048/1048
f 1061/1061/1061 1009/1009/1009 1008/1008/1008
f 1061/1061/1061 1008/1008/1008 1062/1062/1062
f 1062/1062/1062 1008/1008/1008 1012/1012/1012
f 1062/1062/1062 1012/1012/1012 1049/1049/1049
f 1060/1060/1060 1063/1063/1063 1064/1064/1064
f 1060/1060/1060 1064/1064/1064 1065/1065/1065
f 1065/1065/1065 1064/1064/1064 1066/1066/1066
f 1065/1065/1065 1066/1066/1066 1067/1067/1067
f 1063/1063/1063 1048/1048/1048 1057/1057/1057
f 1063/1063/1063 1057/1057/1057 1064/1064/1064
f 1064/1064/1064 1057/1057/1057 1059/1059/1059
f 1064/1064/1064 1059/1059/1059 1066/1066/1066
f 1060/1060/1060 1065/1065/1065 1068/1068/1068
f 1060/1060/1060 1068/1068/1068 1069/1069/1069
f 1069/1069/1069 1068/1068/1068 1070/1070/1070
f 1069/1069/1069 1070/1070/1070 1071/1071/1071
f 1065/1065/1065 1067/1067/1067 1072/1072/1072
f 1065/1065/1065 1072/1072/1072 1068/1068/1068
f 1068/1068/1068 1072/1072/1072 1073/1073/1073
f 1068/1068/1068 1073/1073/1073 1070/1070/1070
f 1060/1060/1060 1069/1069/1069 1074/1074/1074
f 1060/1060/1060 1074/1074/1074 1061/1061/1061
f 1061/1061/1061 1074/1074/1074 1017/1017/1017
f 1061/1061/1061 1017/1017/1017 1009/1009/1009
f 1069/1069/1069 1071/1071/1071 1075/1075/1075
f 1069/1069/1069 1075/1075/1075 1074/1074/1074
f 1074/1074/1074 1075/1075/1075 1018/1018/1018
f 1074/1074/1074 1018/1018/1018 1017/1017/1017
f 1076/1076/1076 1077/1077/1077 1078/1078/1078
f 1076/1076/1076 1078/1078/1078 1079/1079/1079
f 1079/1079/1079 1078/1078/1078 1080/1080/1080
f 1079/1079/1079 1080/1080/1080 1081/1081/1081
f 1077/1077/1077 1082/1082/1082 1083/1083/1083
f 1077/1077/1077 1083/1083/1083 1078/1078/1078
f 1078/1078/1078 1083/1083/1083 1084/1084/1084
f 1078/1078/1078 1084/1084/1084 1080/1080/1080
f 1076/1076/1076 1079/1079/1079 1085/1085/1085
f 1076/1076/1076 1085/1085/1085 1086/1086/1086
f 1086/1086/1086 1085/1085/1085 1087/1087/1087
f 1086/1086/1086 1087/1087/1087 1088/1088/1088
f 1079/1079/1079 1081/1081/1081 1089/1089/1089
f 1079/1079/1079 1089/1089/1089 1085/1085/1085
f 1085/1085/1085 1089/1089/1089 1090/1090/1090
f 1085/1085/1085 1090/1090/1090 1087/1087/1087
f 1076/1076/1076 1086/1086/1086 1091/1091/1091
f 1076/1076/1076 1091/1091/1091 1092/1092/1092
f 1092/1092/1092 1091/1091/1091 1093/1093/1093
f 1092/1092/1092 1093/1093/1093 1094/1094/1094
f 1086/1086/1086 1088/1088/1088 1095/1095/1095
f 1086/1086/1086 1095/1095/1095 1091/1091/1091
f 1091/1091/1091 1095/1095/1095 1096/1096/1096
f 1091/1091/1091 1096/1096/1096 1093/1093/1093
f 1076/1076/1076 1092/1092/1092 1097/1097/1097
f 1076/1076/1076 1097/1097/1097 1077/1077/1077
f 1077/1077/1077 1097/1097/1097 1098/1098/1098
f 1077/1077/1077 1098/1098/1098 1082/1082/1082
f 1092/1092/1092 1094/1094/1094 1099/1099/1099
f 1092/1092/1092 1099/1099/1099 1097/1097/1097
f 1097/1097/1097 1099/1099/1099 1100/1100/1100
f 1097/1097/1097 1100/1100/1100 1098/1098/1098
f 1101/1101/1101 1102/1102/1102 1103/1103/1103
f 1101/1101/1101 1103/1103/1103 1104/1104/1104
f 1104/1104/1104 1103/1103/1103 1083/1083/1083
f 1104/1104/1104 1083/1083/1083 1082/1082/1082
f 1102/1102/1102 1105/1105/1105 1106/1106/1106
f 1102/1102/1102 1106/1106/1106 1103/1103/1103
f 1103/1103/1103 1106/1106/1106 1084/1084/1084
f 1103/1103/1103 1084/1084/1084 1083/1083/1083
f 1101/1101/1101 1104/1104/1104 1107/1107/1107
f 1101/1101/1101 1107/1107/1107 1108/1108/1108
f 1108/1108/1108 1107/1107/1107 1109/1109/1109
f 1108/1108/1108 1109/1109/1109 1110/1110/1110
f 1104/1104/1104 1082/1082/1082 1098/1098/1098
f 1104/1104/1104 1098/1098/1098 1107/1107/1107
f 1107/1107/1107 1098/1098/1098 1100/1100/1100
f 1107/1107/1107 1100/1100/1100 1109/1109/1109
f 1101/1101/1101 1108/1108/1108 1111/1111/1111
f 1101/1101/1101 1111/1111/1111 1112/1112/1112
f 1112/1112/1112 1111/1111/1111 1113/1113/1113
f 1112/1112/1112 1113/1113/1113 1114/1114/1114
f 1108/1108/1108 1110/1110/1110 1115/1115/1115
f 1108/1108/1108 1115/1115/1115 1111/1111/1111
f 1111/1111/1111 1115/1115/1115 1116/1116/1116
f 1111/1111/1111 1116/1116/1116 1113/1113/1113
f 1101/1101/1101 1112/1112/1112 1117/1117/1117
f 1101/1101/1101 1117/1117/1117 1102/1102/1102
f 1102/1102/1102 1117/1117/1117 1118/1118/1118
f 1102/1102/1102 1118/1118/1118 1105/1105/1105
f 1112/1112/1112 1114/1114/1114 1119/1119/1119
f 1112/1112/1112 1119/1119/1119 1117/1117/1117
f 1117/1117/1117 1119/1119/1119 1120/1120/1120
f 1117/1117/1117 1120/1120/1120 1118/1118/1118
f 1121/1121/1121 1122/1122/1122 1123/1123/1123
f 1121/1121/1121 1123/1123/1123 1124/1124/1124
f 1124/1124/1124 1123/1123/1123 1106/1106/1106
f 1124/1124/1124 1106/1106/1106 1105/1105/1105
f 1122/1122/1122 1125/1125/1125 1126/1126/1126
f 1122/1122/1122 1126/1126/1126 1123/1123/1123
f 1123/1123/1123 1126/1126/1126 1084/1084/1084
f 1123/1123/1123 1084/1084/1084 1106/1106/1106
f 1121/1121/1121 1124/1124/1124 1127/1127/1127
f 1121/1121/1121 1127/1127/1127 1128/1128/1128
f 1128/1128/1128 1127/1127/1127 1129/1129/1129
f 1128/1128/1128 1129/1129/1129 1130/1130/1130
f 1124/1124/1124 1105/1105/1105 1118/1118/1118
f 1124/1124/1124 1118/1118/1118 1127/1127/1127
f 1127/1127/1127 1118/1118/1118 1120/1120/1120
f 1127/1127/1127 1120/1120/1120 1129/1129/1129
f 1121/1121/1121 1128/1128/1128 1131/1131/1131
f 1121/1121/1121 1131/1131/1131 1132/1132/1132
f 1132/1132/1132 1131/1131/1131 890/890/890
f 1132/1132/1132 890/890/890 885/885/885
f 1128/1128/1128 1130/1130/1130 1133/1133/1133
f 1128/1128/1128 1133/1133/1133 1131/1131/1131
f 1131/1131/1131 1133/1133/1133 891/891/891
f 1131/1131/1131 891/891/891 890/890/890
f 1121/1121/1121 1132/1132/1132 1134/1134/1134
f 1121/1121/1121 1134/1134/1134 1122/1122/1122
f 1122/1122/1122 1134/1134/1134 1135/1135/1135
f 1122/1122/1122 1135/1135/1135 1125/1125/1125
f 1132/1132/1132 885/885/885 884/884/884
f 1132/1132/1132 884/884/884 1134/1134/1134
f 1134/1134/1134 884/884/884 875/875/875
f 1134/1134/1134 875/875/875 1135/1135/1135
f 1136/1136/1136 1137/1137/1137 1138/1138/1138
f 1136/1136/1136 1138/1138/1138 1139/1139/1139
f 1139/1139/1139 1138/1138/1138 1126/1126/1126
f 1139/1139/1139 1126/1126/1126 1125/1125/1125
f 1137/1137/1137 1081/1081/1081 1080/1080/1080
f 1137/1137/1137 1080/1080/1080 1138/1138/1138
f 1138/1138/1138 1080/1080/1080 1084/1084/1084
f 1138/1138/1138 1084/1084/1084 1126/1126/1126
f 1136/1136/1136 1139/1139/1139 1140/1140/1140
f 1136/1136/1136 1140/1140/1140 1141/1141/1141
f 1141/1141/1141 1140/1140/1140 874/874/874
f 1141/1141/1141 874/874/874 869/869/869
f 1139/1139/1139 1125/1125/1125 1135/1135/1135
f 1139/1139/1139 1135/1135/1135 1140/1140/1140
f 1140/1140/1140 1135/1135/1135 875/875/875
f 1140/1140/1140 875/875/875 874/874/874
f 1136/1136/1136 1141/1141/1141 1142/1142/1142
f 1136/1136/1136 1142/1142/1142 1143/1143/1143
f 1143/1143/1143 1142/1142/1142 1144/1144/1144
f 1143/1143/1143 1144/1144/1144 1145/1145/1145
f 1141/1141/1141 869/869/869 868/868/868
f 1141/1141/1141 868/868/868 1142/1142/1142
f 1142/1142/1142 868/868/868 871/871/871
f 1142/1142/1142 871/871/871 1144/1144/1144
f 1136/1136/1136 1143/1143/1143 1146/1146/1146
f 1136/1136/1136 1146/1146/1146 1137/1137/1137
f 1137/1137/1137 1146/1146/1146 1089/1089/1089
f 1137/1137/1137 1089/1089/1089 1081/1081/1081
f 1143/1143/1143 1145/1145/1145 1147/1147/1147
f 1143/1143/1143 1147/1147/1147 1146/1146/1146
f 1146/1146/1146 1147/1147/1147 1090/1090/1090
f 1146/1146/1146 1090/1090/1090 1089/1089/1089
f 1148/1148/1148 1149/1149/1149 1150/1150/1150
f 1148/1148/1148 1150/1150/1150 1151/1151/1151
f 1151/1151/1151 1150/1150/1150 1152/1152/1152
f 1151/1151/1151 1152/1152/1152 1153/1153/1153
f 1149/1149/1149 1154/1154/1154 1155/1155/1155
f 1149/1149/1149 1155/1155/1155 1150/1150/1150
f 1150/1150/1150 1155/1155/1155 1156/1156/1156
f 1150/1150/1150 1156/1156/1156 1152/1152/1152
f 1148/1148/1148 1151/1151/1151 1157/1157/1157
f 1148/1148/1148 1157/1157/1157 1158/1158/1158
f 1158/1158/1158 1157/1157/1157 1119/1119/1119
f 1158/1158/1158 1119/1119/1119 1114/1114/1114
f 1151/1151/1151 1153/1153/1153 1159/1159/1159
f 1151/1151/1151 1159/1159/1159 1157/1157/1157
f 1157/1157/1157 1159/1159/1159 1120/1120/1120
f 1157/1157/1157 1120/1120/1120 1119/1119/1119
f 1148/1148/1148 1158/1158/1158 1160/1160/1160
f 1148/1148/1148 1160/1160/1160 1161/1161/1161
f 1161/1161/1161 1160/1160/1160 1162/1162/1162
f 1161/1161/1161 1162/1162/1162 1163/1163/1163
f 1158/1158/1158 1114/1114/1114 1113/1113/1113
f 1158/1158/1158 1113/1113/1113 1160/1160/1160
f 1160/1160/1160 1113/1113/1113 1116/1116/1116
f 1160/1160/1160 1116/1116/1116 1162/1162/1162
f 1148/1148/1148 1161/1161/1161 1164/1164/1164
f 1148/1148/1148 1164/1164/1164 1149/1149/1149
f 1149/1149/1149 1164/1164/1164 1165/1165/1165
f 1149/1149/1149 1165/1165/1165 1154/1154/1154
f 1161/1161/1161 1163/1163/1163 1166/1166/1166
f 1161/1161/1161 1166/1166/1166 1164/1164/1164
f 1164/1164/1164 1166/1166/1166 1167/1167/1167
f 1164/1164/1164 1167/1167/1167 1165/1165/1165
f 1168/1168/1168 1169/1169/1169 1170/1170/1170
f 1168/1168/1168 1170/1170/1170 1171/1171/1171
f 1171/1171/1171 1170/1170/1170 1155/1155/1155
f 1171/1171/1171 1155/1155/1155 1154/1154/1154
f 1169/1169/1169 1172/1172/1172 1173/1173/1173
f 1169/1169/1169 1173/1173/1173 1170/1170/1170
f 1170/1170/1170 1173/1173/1173 1156/1156/1156
f 1170/1170/1170 1156/1156/1156 1155/1155/1155
f 1168/1168/1168 1171/1171/1171 1174/1174/1174
f 1168/1168/1168 1174/1174/1174 1175/1175/1175
f 1175/1175/1175 1174/1174/1174 1176/1176/1176
f 1175/1175/1175 1176/1176/1176 1177/1177/1177
f 1171/1171/1171 1154/1154/1154 1165/1165/1165
f 1171/1171/1171 1165/1165/1165 1174/1174/1174
f 1174/1174/1174 1165/1165/1165 1167/1167/1167
f 1174/1174/1174 1167/1167/1167 1176/1176/1176
f 1168/1168/1168 1175/1175/1175 1178/1178/1178
f 1168/1168/1168 1178/1178/1178 1179/1179/1179
f 1179/1179/1179 1178/1178/1178 1180/1180/1180
f 1179/1179/1179 1180/1180/1180 1181/1181/1181
f 1175/1175/1175 1177/1177/1177 1182/1182/1182
f 1175/1175/1175 1182/1182/1182 1178/1178/1178
f 1178/1178/1178 1182/1182/1182 1183/1183/1183
f 1178/1178/1178 1183/1183/1183 1180/1180/1180
f 1168/1168/1168 1179/1179/1179 1184/1184/1184
f 1168/1168/1168 1184/1184/1184 1169/1169/1169
f 1169/1169/1169 1184/1184/1184 1185/1185/1185
f 1169/1169/1169 1185/1185/1185 1172/1172/1172
f 1179/1179/1179 1181/1181/1181 1186/1186/1186
f 1179/1179/1179 1186/1186/1186 1184/1184/1184
f 1184/1184/1184 1186/1186/1186 1187/1187/1187
f 1184/1184/1184 1187/1187/1187 1185/1185/1185
f 1188/1188/1188 1189/1189/1189 1190/1190/1190
f 1188/1188/1188 1190/1190/1190 1191/1191/1191
f 1191/1191/1191 1190/1190/1190 1173/1173/1173
f 1191/1191/1191 1173/1173/1173 1172/1172/1172
f 1189/1189/1189 1192/1192/1192 1193/1193/1193
f 1189/1189/1189 1193/1193/1193 1190/1190/1190
f 1190/1190/1190 1193/1193/1193 1156/1156/1156
f 1190/1190/1190 1156/1156/1156 1173/1173/1173
f 1188/1188/1188 1191/1191/1191 1194/1194/1194
f 1188/1188/1188 1194/1194/1194 1195/1195/1195
f 1195/1195/1195 1194/1194/1194 1196/1196/1196
f 1195/1195/1195 1196/1196/1196 1197/1197/1197
f 1191/1191/1191 1172/1172/1172 1185/1185/1185
f 1191/1191/1191 1185/1185/1185 1194/1194/1194
f 1194/1194/1194 1185/1185/1185 1187/1187/1187
f 1194/1194/1194 1187/1187/1187 1196/1196/1196
f 1188/1188/1188 1195/1195/1195 1198/1198/1198
f 1188/1188/1188 1198/1198/1198 1199/1199/1199
f 1199/1199/1199 1198/1198/1198 966/966/966
f 1199/1199/1199 966/966/966 961/961/961
f 1195/1195/1195 1197/1197/1197 1200/1200/1200
f 1195/1195/1195 1200/1200/1200 1198/1198/1198
f 1198/1198/1198 1200/1200/1200 967/967/967
f 1198/1198/1198 967/967/967 966/966/966
f 1188/1188/1188 1199/1199/1199 1201/1201/1201
f 1188/1188/1188 1201/1201/1201 1189/1189/1189
f 1189/1189/1189 1201/1201/1201 1202/1202/1202
f 1189/1189/1189 1202/1202/1202 1192/1192/1192
f 1199/1199/1199 961/961/961 960/960/960
f 1199/1199/1199 960/960/960 1201/1201/1201
f 1201/1201/1201 960/960/960 951/951/951
f 1201/1201/1201 951/951/951 1202/1202/1202
f 1203/1203/1203 1204/1204/1204 1205/1205/1205
f 1203/1203/1203 1205/1205/1205 1206/1206/1206
f 1206/1206/1206 1205/1205/1205 1193/1193/1193
f 1206/1206/1206 1193/1193/1193 1192/1192/1192
f 1204/1204/1204 1153/1153/1153 1152/1152/1152
f 1204/1204/1204 1152/1152/1152 1205/1205/1205
f 1205/1205/1205 1152/1152/1152 1156/1156/1156
f 1205/1205/1205 1156/1156/1156 1193/1193/1193
f 1203/1203/1203 1206/1206/1206 1207/1207/1207
f 1203/1203/1203 1207/1207/1207 1208/1208/1208
f 1208/1208/1208 1207/1207/1207 950/950/950
f 1208/1208/1208 950/950/950 947/947/947
f 1206/1206/1206 1192/1192/1192 1202/1202/1202
f 1206/1206/1206 1202/1202/1202 1207/1207/1207
f 1207/1207/1207 1202/1202/1202 951/951/951
f 1207/1207/1207 951/951/951 950/950/950
f 1203/1203/1203 1208/1208/1208 1209/1209/1209
f 1203/1203/1203 1209/1209/1209 1210/1210/1210
f 1210/1210/1210 1209/1209/1209 1133/1133/1133
f 1210/1210/1210 1133/1133/1133 1130/1130/1130
f 1208/1208/1208 947/947/947 946/946/946
f 1208/1208/1208 946/946/946 1209/1209/1209
f 1209/1209/1209 946/946/946 891/891/891
f 1209/1209/1209 891/891/891 1133/1133/1133
f 1203/1203/1203 1210/1210/1210 1211/1211/1211
f 1203/1203/1203 1211/1211/1211 1204/1204/1204
f 1204/1204/1204 1211/1211/1211 1159/1159/1159
f 1204/1204/1204 1159/1159/1159 1153/1153/1153
f 1210/1210/1210 1130/1130/1130 1129/1129/1129
f 1210/1210/1210 1129/1129/1129 1211/1211/1211
f 1211/1211/1211 1129/1129/1129 1120/1120/1120
f 1211/1211/1211 1120/1120/1120 1159/1159/1159
f 1212/1212/1212 1213/1213/1213 1214/1214/1214
f 1212/1212/1212 1214/1214/1214 1215/1215/1215
f 1215/1215/1215 1214/1214/1214 1216/1216/1216
f 1215/1215/1215 1216/1216/1216 1217/1217/1217
f 1213/1213/1213 1218/1218/1218 1219/1219/1219
f 1213/1213/1213 1219/1219/1219 1214/1214/1214
f 1214/1214/1214 1219/1219/1219 1220/1220/1220
f 1214/1214/1214 1220/1220/1220 1216/1216/1216
f 1212/1212/1212 1215/1215/1215 1221/1221/1221
f 1212/1212/1212 1221/1221/1221 1222/1222/1222
f 1222/1222/1222 1221/1221/1221 1186/1186/1186
f 1222/1222/1222 1186/1186/1186 1181/1181/1181
f 1215/1215/1215 1217/1217/1217 1223/1223/1223
f 1215/1215/1215 1223/1223/1223 1221/1221/1221
f 1221/1221/1221 1223/1223/1223 1187/1187/1187
f 1221/1221/1221 1187/1187/1187 1186/1186/1186
f 1212/1212/1212 1222/1222/1222 1224/1224/1224
f 1212/1212/1212 1224/1224/1224 1225/1225/1225
f 1225/1225/1225 1224/1224/1224 1226/1226/1226
f 1225/1225/1225 1226/1226/1226 1227/1227/1227
f 1222/1222/1222 1181/1181/1181 1180/1180/1180
f 1222/1222/1222 1180/1180/1180 1224/1224/1224
f 1224/1224/1224 1180/1180/1180 1183/1183/1183
f 1224/1224/1224 1183/1183/1183 1226/1226/1226
f 1212/1212/1212 1225/1225/1225 1228/1228/1228
f 1212/1212/1212 1228/1228/1228 1213/1213/1213
f 1213/1213/1213 1228/1228/1228 1229/1229/1229
f 1213/1213/1213 1229/1229/1229 1218/1218/1218
f 1225/1225/1225 1227/1227/1227 1230/1230/1230
f 1225/1225/1225 1230/1230/1230 1228/1228/1228
f 1228/1228/1228 1230/1230/1230 1231/1231/1231
f 1228/1228/1228 1231/1231/1231 1229/1229/1229
f 1232/1232/1232 1233/1233/1233 1234/1234/1234
f 1232/1232/1232 1234/1234/1234 1235/1235/1235
f 1235/1235/1235 1234/1234/1234 1219/1219/1219
f 1235/1235/1235 1219/1219/1219 1218/1218/1218
f 1233/1233/1233 1236/1236/1236 1237/1237/1237
f 1233/1233/1233 1237/1237/1237 1234/1234/1234
f 1234/1234/1234 1237/1237/1237 1220/1220/1220
f 1234/1234/1234 1220/1220/1220 1219/1219/1219
f 1232/1232/1232 1235/1235/1235 1238/1238/1238
f 1232/1232/1232 1238/1238/1238 1239/1239/1239
f 1239/1239/1239 1238/1238/1238 1240/1240/1240
f 1239/1239/1239 1240/1240/1240 1241/1241/1241
f 1235/1235/1235 1218/1218/1218 1229/1229/1229
f 1235/1235/1235 1229/1229/1229 1238/1238/1238
f 1238/1238/1238 1229/1229/1229 1231/1231/1231
f 1238/1238/1238 1231/1231/1231 1240/1240/1240
f 1232/1232/1232 1239/1239/1239 1242/1242/1242
f 1232/1232/1232 1242/1242/1242 1243/1243/1243
f 1243/1243/1243 1242/1242/1242 1244/1244/1244
f 1243/1243/1243 1244/1244/1244 1245/1245/1245
f 1239/1239/1239 1241/1241/1241 1246/1246/1246
f 1239/1239/1239 1246/1246/1246 1242/1242/1242
f 1242/1242/1242 1246/1246/1246 1247/1247/1247
f 1242/1242/1242 1247/1247/1247 1244/1244/1244
f 1232/1232/1232 1243/1243/1243 1248/1248/1248
f 1232/1232/1232 1248/1248/1248 1233/1233/1233
f 1233/1233/1233 1248/1248/1248 1249/1249/1249
f 1233/1233/1233 1249/1249/1249 1236/1236/1236
f 1243/1243/1243 1245/1245/1245 1250/1250/1250
f 1243/1243/1243 1250/1250/1250 1248/1248/1248
f 1248/1248/1248 1250/1250/1250 1251/1251/1251
f 1248/1248/1248 1251/1251/1251 1249/1249/1249
f 1252/1252/1252 1253/1253/1253 1254/1254/1254
f 1252/1252/1252 1254/1254/1254 1255/1255/1255
f 1255/1255/1255 1254/1254/1254 1237/1237/1237
f 1255/1255/1255 1237/1237/1237 1236/1236/1236
f 1253/1253/1253 1256/1256/1256 1257/1257/1257
f 1253/1253/1253 1257/1257/1257 1254/1254/1254
f 1254/1254/1254 1257/1257/1257 1220/1220/1220
f 1254/1254/1254 1220/1220/1220 1237/1237/1237
f 1252/1252/1252 1255/1255/1255 1258/1258/1258
f 1252/1252/1252 1258/1258/1258 1259/1259/1259
f 1259/1259/1259 1258/1258/1258 1260/1260/1260
f 1259/1259/1259 1260/1260/1260 1261/1261/1261
f 1255/1255/1255 1236/1236/1236 1249/1249/1249
f 1255/1255/1255 1249/1249/1249 1258/1258/1258
f 1258/1258/1258 1249/1249/1249 1251/1251/1251
f 1258/1258/1258 1251/1251/1251 1260/1260/1260
f 1252/1252/1252 1259/1259/1259 1262/1262/1262
f 1252/1252/1252 1262/1262/1262 1263/1263/1263
f 1263/1263/1263 1262/1262/1262 1072/1072/1072
f 1263/1263/1263 1072/1072/1072 1067/1067/1067
f 1259/1259/1259 1261/1261/1261 1264/1264/1264
f 1259/1259/1259 1264/1264/1264 1262/1262/1262
f 1262/1262/1262 1264/1264/1264 1073/1073/1073
f 1262/1262/1262 1073/1073/1073 1072/1072/1072
f 1252/1252/1252 1263/1263/1263 1265/1265/1265
f 1252/1252/1252 1265/1265/1265 1253/1253/1253
f 1253/1253/1253 1265/1265/1265 1266/1266/1266
f 1253/1253/1253 1266/1266/1266 1256/1256/1256
f 1263/1263/1263 1067/1067/1067 1066/1066/1066
f 1263/1263/1263 1066/1066/1066 1265/1265/1265
f 1265/1265/1265 1066/1066/1066 1059/1059/1059
f 1265/1265/1265 1059/1059/1059 1266/1266/1266
f 1267/1267/1267 1268/1268/1268 1269/1269/1269
f 1267/1267/1267 1269/1269/1269 1270/1270/1270
f 1270/1270/1270 1269/1269/1269 1257/1257/1257
f 1270/1270/1270 1257/1257/1257 1256/1256/1256
f 1268/1268/1268 1217/1217/1217 1216/1216/1216
f 1268/1268/1268 1216/1216/1216 1269/1269/1269
f 1269/1269/1269 1216/1216/1216 1220/1220/1220
f 1269/1269/1269 1220/1220/1220 1257/1257/1257
f 1267/1267/1267 1270/1270/1270 1271/1271/1271
f 1267/1267/1267 1271/1271/1271 1272/1272/1272
f 1272/1272/1272 1271/1271/1271 1058/1058/1058
f 1272/1272/1272 1058/1058/1058 1055/1055/1055
f 1270/1270/1270 1256/1256/1256 1266/1266/1266
f 1270/1270/1270 1266/1266/1266 1271/1271/1271
f 1271/1271/1271 1266/1266/1266 1059/1059/1059
f 1271/1271/1271 1059/1059/1059 1058/1058/1058
f 1267/1267/1267 1272/1272/1272 1273/1273/1273
f 1267/1267/1267 1273/1273/1273 1274/1274/1274
f 1274/1274/1274 1273/1273/1273 1200/1200/1200
f 1274/1274/1274 1200/1200/1200 1197/1197/1197
f 1272/1272/1272 1055/1055/1055 1054/1054/1054
f 1272/1272/1272 1054/1054/1054 1273/1273/1273
f 1273/1273/1273 1054/1054/1054 967/967/967
f 1273/1273/1273 967/967/967 1200/1200/1200
f 1267/1267/1267 1274/1274/1274 1275/1275/1275
f 1267/1267/1267 1275/1275/1275 1268/1268/1268
f 1268/1268/1268 1275/1275/1275 1223/1223/1223
f 1268/1268/1268 1223/1223/1223 1217/1217/1217
f 1274/1274/1274 1197/1197/1197 1196/1196/1196
f 1274/1274/1274 1196/1196/1196 1275/1275/1275
f 1275/1275/1275 1196/1196/1196 1187/1187/1187
f 1275/1275/1275 1187/1187/1187 1223/1223/1223
f 1276/1276/1276 1277/1277/1277 1278/1278/1278
f 1276/1276/1276 1278/1278/1278 1279/1279/1279
f 1279/1279/1279 1278/1278/1278 1280/1280/1280
f 1279/1279/1279 1280/1280/1280 1281/1281/1281
f 1277/1277/1277 1282/1282/1282 1283/1283/1283
f 1277/1277/1277 1283/1283/1283 1278/1278/1278
f 1278/1278/1278 1283/1283/1283 1284/1284/1284
f 1278/1278/1278 1284/1284/1284 1280/1280/1280
f 1276/1276/1276 1279/1279/1279 1285/1285/1285
f 1276/1276/1276 1285/1285/1285 1286/1286/1286
f 1286/1286/1286 1285/1285/1285 1287/1287/1287
f 1286/1286/1286 1287/1287/1287 1288/1288/1288
f 1279/1279/1279 1281/1281/1281 1289/1289/1289
f 1279/1279/1279 1289/1289/1289 1285/1285/1285
f 1285/1285/1285 1289/1289/1289 1290/1290/1290
f 1285/1285/1285 1290/1290/1290 1287/1287/1287
f 1276/1276/1276 1286/1286/1286 1291/1291/1291
f 1276/1276/1276 1291/1291/1291 1292/1292/1292
f 1292/1292/1292 1291/1291/1291 1293/1293/1293
f 1292/1292/1292 1293/1293/1293 1294/1294/1294
f 1286/1286/1286 1288/1288/1288 1295/1295/1295
f 1286/1286/1286 1295/1295/1295 1291/1291/1291
f 1291/1291/1291 1295/1295/1295 1296/1296/1296
f 1291/1291/1291 1296/1296/1296 1293/1293/1293
f 1276/1276/1276 1292/1292/1292 1297/1297/1297
f 1276/1276/1276 1297/1297/1297 1277/1277/1277
f 1277/1277/1277 1297/1297/1297 1298/1298/1298
f 1277/1277/1277 1298/1298/1298 1282/1282/1282
f 1292/1292/1292 1294/1294/1294 1299/1299/1299
f 1292/1292/1292 1299/1299/1299 1297/1297/1297
f 1297/1297/1297 1299/1299/1299 1300/1300/1300
f 1297/1297/1297 1300/1300/1300 1298/1298/1298
f 1301/1301/1301 1302/1302/1302 1303/1303/1303
f 1301/1301/1301 1303/1303/1303 1304/1304/1304
f 1304/1304/1304 1303/1303/1303 1283/1283/1283
f 1304/1304/1304 1283/1283/1283 1282/1282/1282
f 1302/1302/1302 1305/1305/1305 1306/1306/1306
f 1302/1302/1302 1306/1306/1306 1303/1303/1303
f 1303/1303/1303 1306/1306/1306 1284/1284/1284
f 1303/1303/1303 1284/1284/1284 1283/1283/1283
f 1301/1301/1301 1304/1304/1304 1307/1307/1307
f 1301/1301/1301 1307/1307/1307 1308/1308/1308
f 1308/1308/1308 1307/1307/1307 1309/1309/1309
f 1308/1308/1308 1309/1309/1309 1310/1310/1310
f 1304/1304/1304 1282/1282/1282 1298/1298/1298
f 1304/1304/1304 1298/1298/1298 1307/1307/1307
f 1307/1307/1307 1298/1298/1298 1300/1300/1300
f 1307/1307/1307 1300/1300/1300 1309/1309/1309
f 1301/1301/1301 1308/1308/1308 1311/1311/1311
f 1301/1301/1301 1311/1311/1311 1312/1312/1312
f 1312/1312/1312 1311/1311/1311 1313/1313/1313
f 1312/1312/1312 1313/1313/1313 1314/1314/1314
f 1308/1308/1308 1310/1310/1310 1315/1315/1315
f 1308/1308/1308 1315/1315/1315 1311/1311/1311
f 1311/1311/1311 1315/1315/1315 1316/1316/1316
f 1311/1311/1311 1316/1316/1316 1313/1313/1313
f 1301/1301/1301 1312/1312/1312 1317/1317/1317
f 1301/1301/1301 1317/1317/1317 1302/1302/1302
f 1302/1302/1302 1317/1317/1317 1318/1318/1318
f 1302/1302/1302 1318/1318/1318 1305/1305/1305
f 1312/1312/1312 1314/1314/1314 1319/1319/1319
f 1312/1312/1312 1319/1319/1319 1317/1317/1317
f 1317/1317/1317 1319/1319/1319 1320/1320/1320
f 1317/1317/1317 1320/1320/1320 1318/1318/1318
f 1321/1321/1321 1322/1322/1322 1323/1323/1323
f 1321/1321/1321 1323/1323/1323 1324/1324/1324
f 1324/1324/1324 1323/1323/1323 1306/1306/1306
f 1324/1324/1324 1306/1306/1306 1305/1305/1305
f 1322/1322/1322 1325/1325/1325 1326/1326/1326
f 1322/1322/1322 1326/1326/1326 1323/1323/1323
f 1323/1323/1323 1326/1326/1326 1284/1284/1284
f 1323/1323/1323 1284/1284/1284 1306/1306/1306
f 1321/1321/1321 1324/1324/1324 1327/1327/1327
f 1321/1321/1321 1327/1327/1327 1328/1328/1328
f 1328/1328/1328 1327/1327/1327 1329/1329/1329
f 1328/1328/1328 1329/1329/1329 1330/1330/1330
f 1324/1324/1324 1305/1305/1305 1318/1318/1318
f 1324/1324/1324 1318/1318/1318 1327/1327/1327
f 1327/1327/1327 1318/1318/1318 1320/1320/1320
f 1327/1327/1327 1320/1320/1320 1329/1329/1329
f 1321/1321/1321 1328/1328/1328 1331/1331/1331
f 1321/1321/1321 1331/1331/1331 1332/1332/1332
f 1332/1332/1332 1331/1331/1331 1115/1115/1115
f 1332/1332/1332 1115/1115/1115 1110/1110/1110
f 1328/1328/1328 1330/1330/1330 1333/1333/1333
f 1328/1328/1328 1333/1333/1333 1331/1331/1331
f 1331/1331/1331 1333/1333/1333 1116/1116/1116
f 1331/1331/1331 1116/1116/1116 1115/1115/1115
f 1321/1321/1321 1332/1332/1332 1334/1334/1334
f 1321/1321/1321 1334/1334/1334 1322/1322/1322
f 1322/1322/1322 1334/1334/1334 1335/1335/1335
f 1322/1322/1322 1335/1335/1335 1325/1325/1325
f 1332/1332/1332 1110/1110/1110 1109/1109/1109
f 1332/1332/1332 1109/1109/1109 1334/1334/1334
f 1334/1334/1334 1109/1109/1109 1100/1100/1100
f 1334/1334/1334 1100/1100/1100 1335/1335/1335
f 1336/1336/1336 1337/1337/1337 1338/1338/1338
f 1336/1336/1336 1338/1338/1338 1339/1339/1339
f 1339/1339/1339 1338/1338/1338 1326/1326/1326
f 1339/1339/1339 1326/1326/1326 1325/1325/1325
f 1337/1337/1337 1281/1281/1281 1280/1280/1280
f 1337/1337/1337 1280/1280/1280 1338/1338/1338
f 1338/1338/1338 1280/1280/1280 1284/1284/1284
f 1338/1338/1338 1284/1284/1284 1326/1326/1326
f 1336/1336/1336 1339/1339/1339 1340/1340/1340
f 1336/1336/1336 1340/1340/1340 1341/1341/1341
f 1341/1341/1341 1340/1340/1340 1099/1099/1099
f 1341/1341/1341 1099/1099/1099 1094/1094/1094
f 1339/1339/1339 1325/1325/1325 1335/1335/1335
f 1339/1339/1339 1335/1335/1335 1340/1340/1340
f 1340/1340/1340 1335/1335/1335 1100/1100/1100
f 1340/1340/1340 1100/1100/1100 1099/1099/1099
f 1336/1336/1336 1341/1341/1341 1342/1342/1342
f 1336/1336/1336 1342/1342/1342 1343/1343/1343
f 1343/1343/1343 1342/1342/1342 1344/1344/1344
f 1343/1343/1343 1344/1344/1344 1345/1345/1345
f 1341/1341/1341 1094/1094/1094 1093/1093/1093
f 1341/1341/1341 1093/1093/1093 1342/1342/1342
f 1342/1342/1342 1093/1093/1093 1096/1096/1096
f 1342/1342/1342 1096/1096/1096 1344/1344/1344
f 1336/1336/1336 1343/1343/1343 1346/1346/1346
f 1336/1336/1336 1346/1346/1346 1337/1337/1337
f 1337/1337/1337 1346/1346/1346 1289/1289/1289
f 1337/1337/1337 1289/1289/1289 1281/1281/1281
f 1343/1343/1343 1345/1345/1345 1347/1347/1347
f 1343/1343/1343 1347/1347/1347 1346/1346/1346
f 1346/1346/1346 1347/1347/1347 1290/1290/1290
f 1346/1346/1346 1290/1290/1290 1289/1289/1289
f 1348/1348/1348 1349/1349/1349 1350/1350/1350
f 1348/1348/1348 1350/1350/1350 1351/1351/1351
f 1351/1351/1351 1350/1350/1350 1352/1352/1352
f 1351/1351/1351 1352/1352/1352 1353/1353/1353
f 1349/1349/1349 1354/1354/1354 1355/1355/1355
f 1349/1349/1349 1355/1355/1355 1350/1350/1350
f 1350/1350/1350 1355/1355/1355 1356/1356/1356
f 1350/1350/1350 1356/1356/1356 1352/1352/1352
f 1348/1348/1348 1351/1351/1351 1357/1357/1357
f 1348/1348/1348 1357/1357/1357 1358/1358/1358
f 1358/1358/1358 1357/1357/1357 1319/1319/1319
f 1358/1358/1358 1319/1319/1319 1314/1314/1314
f 1351/1351/1351 1353/1353/1353 1359/1359/1359
f 1351/1351/1351 1359/1359/1359 1357/1357/1357
f 1357/1357/1357 1359/1359/1359 1320/1320/1320
f 1357/1357/1357 1320/1320/1320 1319/1319/1319
f 1348/1348/1348 1358/1358/1358 1360/1360/1360
f 1348/1348/1348 1360/1360/1360 1361/1361/1361
f 1361/1361/1361 1360/1360/1360 1362/1362/1362
f 1361/1361/1361 1362/1362/1362 1363/1363/1363
f 1358/1358/1358 1314/1314/1314 1313/1313/1313
f 1358/1358/1358 1313/1313/1313 1360/1360/1360
f 1360/1360/1360 1313/1313/1313 1316/1316/1316
f 1360/1360/1360 1316/1316/1316 1362/1362/1362
f 1348/1348/1348 1361/1361/1361 1364/1364/1364
f 1348/1348/1348 1364/1364/1364 1349/1349/1349
f 1349/1349/1349 1364/1364/1364 1365/1365/1365
f 1349/1349/1349 1365/1365/1365 1354/1354/1354
f 1361/1361/1361 1363/1363/1363 1366/1366/1366
f 1361/1361/1361 1366/1366/1366 1364/1364/1364
f 1364/1364/1364 1366/1366/1366 1367/1367/1367
f 1364/1364/1364 1367/1367/1367 1365/1365/1365
f 1368/1368/1368 1369/1369/1369 1370/1370/1370
f 1368/1368/1368 1370/1370/1370 1371/1371/1371
f 1371/1371/1371 1370/1370/1370 1355/1355/1355
f 1371/1371/1371 1355/1355/1355 1354/1354/1354
f 1369/1369/1369 1372/1372/1372 1373/1373/1373
f 1369/1369/1369 1373/1373/1373 1370/1370/1370
f 1370/1370/1370 1373/1373/1373 1356/1356/1356
f 1370/1370/1370 1356/1356/1356 1355/1355/1355
f 1368/1368/1368 1371/1371/1371 1374/1374/1374
f 1368/1368/1368 1374/1374/1374 1375/1375/1375
f 1375/1375/1375 1374/1374/1374 1376/1376/1376
f 1375/1375/1375 1376/1376/1376 1377/1377/1377
f 1371/1371/1371 1354/1354/1354 1365/1365/1365
f 1371/1371/1371 1365/1365/1365 1374/1374/1374
f 1374/1374/1374 1365/1365/1365 1367/1367/1367
f 1374/1374/1374 1367/1367/1367 1376/1376/1376
f 1368/1368/1368 1375/1375/1375 1378/1378/1378
f 1368/1368/1368 1378/1378/1378 1379/1379/1379
f 1379/1379/1379 1378/1378/1378 1380/1380/1380
f 1379/1379/1379 1380/1380/1380 1381/1381/1381
f 1375/1375/1375 1377/1377/1377 1382/1382/1382
f 1375/1375/1375 1382/1382/1382 1378/1378/1378
f 1378/1378/1378 1382/1382/1382 1383/1383/1383
f 1378/1378/1378 1383/1383/1383 1380/1380/1380
f 1368/1368/1368 1379/1379/1379 1384/1384/1384
f 1368/1368/1368 1384/1384/1384 1369/1369/1369
f 1369/1369/1369 1384/1384/1384 1385/1385/1385
f 1369/1369/1369 1385/1385/1385 1372/1372/1372
f 1379/1379/1379 1381/1381/1381 1386/1386/1386
f 1379/1379/1379 1386/1386/1386 1384/1384/1384
f 1384/1384/1384 1386/1386/1386 1387/1387/1387
f 1384/1384/1384 1387/1387/1387 1385/1385/1385
f 1388/1388/1388 1389/1389/1389 1390/1390/1390
f 1388/1388/1388 1390/1390/1390 1391/1391/1391
f 1391/1391/1391 1390/1390/1390 1373/1373/1373
f 1391/1391/1391 1373/1373/1373 1372/1372/1372
f 1389/1389/1389 1392/1392/1392 1393/1393/1393
f 1389/1389/1389 1393/1393/1393 1390/1390/1390
f 1390/1390/1390 1393/1393/1393 1356/1356/1356
f 1390/1390/1390 1356/1356/1356 1373/1373/1373
f 1388/1388/1388 1391/1391/1391 1394/1394/1394
f 1388/1388/1388 1394/1394/1394 1395/1395/1395
f 1395/1395/1395 1394/1394/1394 1396/1396/1396
f 1395/1395/1395 1396/1396/1396 1397/1397/1397
f 1391/1391/1391 1372/1372/1372 1385/1385/1385
f 1391/1391/1391 1385/1385/1385 1394/1394/1394
f 1394/1394/1394 1385/1385/1385 1387/1387/1387
f 1394/1394/1394 1387/1387/1387 1396/1396/1396
f 1388/1388/1388 1395/1395/1395 1398/1398/1398
f 1388/1388/1388 1398/1398/1398 1399/1399/1399
f 1399/1399/1399 1398/1398/1398 1182/1182/1182
f 1399/1399/1399 1182/1182/1182 1177/1177/1177
f 1395/1395/1395 1397/1397/1397 1400/1400/1400
f 1395/1395/1395 1400/1400/1400 1398/1398/1398
f 1398/1398/1398 1400/1400/1400 1183/1183/1183
f 1398/1398/1398 1183/1183/1183 1182/1182/1182
f 1388/1388/1388 1399/1399/1399 1401/1401/1401
f 1388/1388/1388 1401/1401/1401 1389/1389/1389
f 1389/1389/1389 1401/1401/1401 1402/1402/1402
f 1389/1389/1389 1402/1402/1402 1392/1392/1392
f 1399/1399/1399 1177/1177/1177 1176/1176/1176
f 1399/1399/1399 1176/1176/1176 1401/1401/1401
f 1401/1401/1401 1176/1176/1176 1167/1167/1167
f 1401/1401/1401 1167/1167/1167 1402/1402/1402
f 1403/1403/1403 1404/1404/1404 1405/1405/1405
f 1403/1403/1403 1405/1405/1405 1406/1406/1406
f 1406/1406/1406 1405/1405/1405 1393/1393/1393
f 1406/1406/1406 1393/1393/1393 1392/1392/1392
f 1404/1404/1404 1353/1353/1353 1352/1352/1352
f 1404/1404/1404 1352/1352/1352 1405/1405/1405
f 1405/1405/1405 1352/1352/1352 1356/1356/1356
f 1405/1405/1405 1356/1356/1356 1393/1393/1393
f 1403/1403/1403 1406/1406/1406 1407/1407/1407
f 1403/1403/1403 1407/1407/1407 1408/1408/1408
f 1408/1408/1408 1407/1407/1407 1166/1166/1166
f 1408/1408/1408 1166/1166/1166 1163/1163/1163
f 1406/1406/1406 1392/1392/1392 1402/1402/1402
f 1406/1406/1406 1402/1402/1402 1407/1407/1407
f 1407/1407/1407 1402/1402/1402 1167/1167/1167
f 1407/1407/1407 1167/1167/1167 1166/1166/1166
f 1403/1403/1403 1408/1408/1408 1409/1409/1409
f 1403/1403/1403 1409/1409/1409 1410/1410/1410
f 1410/1410/1410 1409/1409/1409 1333/1333/1333
f 1410/1410/1410 1333/1333/1333 1330/1330/1330
f 1408/1408/1408 1163/1163/1163 1162/1162/1162
f 1408/1408/1408 1162/1162/1162 1409/1409/1409
f 1409/1409/1409 1162/1162/1162 1116/1116/1116
f 1409/1409/1409 1116/1116/1116 1333/1333/1333
f 1403/1403/1403 1410/1410/1410 1411/1411/1411
f 1403/1403/1403 1411/1411/1411 1404/1404/1404
f 1404/1404/1404 1411/1411/1411 1359/1359/1359
f 1404/1404/1404 1359/1359/1359 1353/1353/1353
f 1410/1410/1410 1330/1330/1330 1329/1329/1329
f 1410/1410/1410 1329/1329/1329 1411/1411/1411
f 1411/1411/1411 1329/1329/1329 1320/1320/1320
f 1411/1411/1411 1320/1320/1320 1359/1359/1359
f 1412/1412/1412 1413/1413/1413 1414/1414/1414
f 1412/1412/1412 1414/1414/1414 1415/1415/1415
f 1415/1415/1415 1414/1414/1414 1416/1416/1416
f 1415/1415/1415 1416/1416/1416 1417/1417/1417
f 1413/1413/1413 1418/1418/1418 1419/1419/1419
f 1413/1413/1413 1419/1419/1419 1414/1414/1414
f 1414/1414/1414 1419/1419/1419 1420/1420/1420
f 1414/1414/1414 1420/1420/1420 1416/1416/1416
f 1412/1412/1412 1415/1415/1415 1421/1421/1421
f 1412/1412/1412 1421/1421/1421 1422/1422/1422
f 1422/1422/1422 1421/1421/1421 1386/1386/1386
f 1422/1422/1422 1386/1386/1386 1381/1381/1381
f 1415/1415/1415 1417/1417/1417 1423/1423/1423
f 1415/1415/1415 1423/1423/1423 1421/1421/1421
f 1421/1421/1421 1423/1423/1423 1387/1387/1387
f 1421/1421/1421 1387/1387/1387 1386/1386/1386
f 1412/1412/1412 1422/1422/1422 1424/1424/1424
f 1412/1412/1412 1424/1424/1424 1425/1425/1425
f 1425/1425/1425 1424/1424/1424 1426/1426/1426
f 1425/1425/1425 1426/1426/1426 1427/1427/1427
f 1422/1422/1422 1381/1381/1381 1380/1380/1380
f 1422/1422/1422 1380/1380/1380 1424/1424/1424
f 1424/1424/1424 1380/1380/1380 1383/1383/1383
f 1424/1424/1424 1383/1383/1383 1426/1426/1426
f 1412/1412/1412 1425/1425/1425 1428/1428/1428
f 1412/1412/1412 1428/1428/1428 1413/1413/1413
f 1413/1413/1413 1428/1428/1428 1429/1429/1429
f 1413/1413/1413 1429/1429/1429 1418/1418/1418
f 1425/1425/1425 1427/1427/1427 1430/1430/1430
f 1425/1425/1425 1430/1430/1430 1428/1428/1428
f 1428/1428/1428 1430/1430/1430 1431/1431/1431
f 1428/1428/1428 1431/1431/1431 1429/1429/1429
f 1432/1432/1432 1433/1433/1433 1434/1434/1434
f 1432/1432/1432 1434/1434/1434 1435/1435/1435
f 1435/1435/1435 1434/1434/1434 1419/1419/1419
f 1435/1435/1435 1419/1419/1419 1418/1418/1418
f 1433/1433/1433 1436/1436/1436 1437/1437/1437
f 1433/1433/1433 1437/1437/1437 1434/1434/1434
f 1434/1434/1434 1437/1437/1437 1420/1420/1420
f 1434/1434/1434 1420/1420/1420 1419/1419/1419
f 1432/1432/1432 1435/1435/1435 1438/1438/1438
f 1432/1432/1432 1438/1438/1438 1439/1439/1439
f 1439/1439/1439 1438/1438/1438 1440/1440/1440
f 1439/1439/1439 1440/1440/1440 1441/1441/1441
f 1435/1435/1435 1418/1418/1418 1429/1429/1429
f 1435/1435/1435 1429/1429/1429 1438/1438/1438
f 1438/1438/1438 1429/1429/1429 1431/1431/1431
f 1438/1438/1438 1431/1431/1431 1440/1440/1440
f 1432/1432/1432 1439/1439/1439 1442/1442/1442
f 1432/1432/1432 1442/1442/1442 1443/1443/1443
f 1443/1443/1443 1442/1442/1442 1444/1444/1444
f 1443/1443/1443 1444/1444/1444 1445/1445/1445
f 1439/1439/1439 1441/1441/1441 1446/1446/1446
f 1439/1439/1439 1446/1446/1446 1442/1442/1442
f 1442/1442/1442 1446/1446/1446 1447/1447/1447
f 1442/1442/1442 1447/1447/1447 1444/1444/1444
f 1432/1432/1432 1443/1443/1443 1448/1448/1448
f 1432/1432/1432 1448/1448/1448 1433/1433/1433
f 1433/1433/1433 1448/1448/1448 1449/1449/1449
f 1433/1433/1433 1449/1449/1449 1436/1436/1436
f 1443/1443/1443 1445/1445/1445 1450/1450/1450
f 1443/1443/1443 1450/1450/1450 1448/1448/1448
f 1448/1448/1448 1450/1450/1450 1451/1451/1451
f 1448/1448/1448 1451/1451/1451 1449/1449/1449
f 1452/1452/1452 1453/1453/1453 1454/1454/1454
f 1452/1452/1452 1454/1454/1454 1455/1455/1455
f 1455/1455/1455 1454/1454/1454 1437/1437/1437
f 1455/1455/1455 1437/1437/1437 1436/1436/1436
f 1453/1453/1453 1456/1456/1456 1457/1457/1457
f 1453/1453/1453 1457/1457/1457 1454/1454/1454
f 1454/1454/1454 1457/1457/1457 1420/1420/1420
f 1454/1454/1454 1420/1420/1420 1437/1437/1437
f 1452/1452/1452 1455/1455/1455 1458/1458/1458
f 1452/1452/1452 1458/1458/1458 1459/1459/1459
f 1459/1459/1459 1458/1458/1458 1460/1460/1460
f 1459/1459/1459 1460/1460/1460 1461/1461/1461
f 1455/1455/1455 1436/1436/1436 1449/1449/1449
f 1455/1455/1455 1449/1449/1449 1458/1458/1458
f 1458/1458/1458 1449/1449/1449 1451/1451/1451
f 1458/1458/1458 1451/1451/1451 1460/1460/1460
f 1452/1452/1452 1459/1459/1459 1462/1462/1462
f 1452/1452/1452 1462/1462/1462 1463/1463/1463
f 1463/1463/1463 1462/1462/1462 1246/1246/1246
f 1463/1463/1463 1246/1246/1246 1241/1241/1241
f 1459/1459/1459 1461/1461/1461 1464/1464/1464
f 1459/1459/1459 1464/1464/1464 1462/1462/1462
f 1462/1462/1462 1464/1464/1464 1247/1247/1247
f 1462/1462/1462 1247/1247/1247 1246/1246/1246
f 1452/1452/1452 1463/1463/1463 1465/1465/1465
f 1452/1452/1452 1465/1465/1465 1453/1453/1453
f 1453/1453/1453 1465/1465/1465 1466/1466/1466
f 1453/1453/1453 1466/1466/1466 1456/1456/1456
f 1463/1463/1463 1241/1241/1241 1240/1240/1240
f 1463/1463/1463 1240/1240/1240 1465/1465/1465
f 1465/1465/1465 1240/1240/1240 1231/1231/1231
f 1465/1465/1465 1231/1231/1231 1466/1466/1466
f 1467/1467/1467 1468/1468/1468 1469/1469/1469
f 1467/1467/1467 1469/1469/1469 1470/1470/1470
f 1470/1470/1470 1469/1469/1469 1457/1457/1457
f 1470/1470/1470 1457/1457/1457 1456/1456/1456
f 1468/1468/1468 1417/1417/1417 1416/1416/1416
f 1468/1468/1468 1416/1416/1416 1469/1469/1469
f 1469/1469/1469 1416/1416/1416 1420/1420/1420
f 1469/1469/1469 1420/1420/1420 1457/1457/1457
f 1467/1467/1467 1470/1470/1470 1471/1471/1471
f 1467/1467/1467 1471/1471/1471 1472/1472/1472
f 1472/1472/1472 1471/1471/1471 1230/1230/1230
f 1472/1472/1472 1230/1230/1230 1227/1227/1227
f 1470/1470/1470 1456/1456/1456 1466/1466/1466
f 1470/1470/1470 1466/1466/1466 1471/1471/1471
f 1471/1471/1471 1466/1466/1466 1231/1231/1231
f 1471/1471/1471 1231/1231/1231 1230/1230/1230
f 1467/1467/1467 1472/1472/1472 1473/1473/1473
f 1467/1467/1467 1473/1473/1473 1474/1474/1474
f 1474/1474/1474 1473/1473/1473 1400/1400/1400
f 1474/1474/1474 1400/1400/1400 1397/1397/1397
f 1472/1472/1472 1227/1227/1227 1226/1226/1226
f 1472/1472/1472 1226/1226/1226 1473/1473/1473
f 1473/1473/1473 1226/1226/1226 1183/1183/1183
f 1473/1473/1473 1183/1183/1183 1400/1400/1400
f 1467/1467/1467 1474/1474/1474 1475/1475/1475
f 1467/1467/1467 1475/1475/1475 1468/1468/1468
f 1468/1468/1468 1475/1475/1475 1423/1423/1423
f 1468/1468/1468 1423/1423/1423 1417/1417/1417
f 1474/1474/1474 1397/1397/1397 1396/1396/1396
f 1474/1474/1474 1396/1396/1396 1475/1475/1475
f 1475/1475/1475 1396/1396/1396 1387/1387/1387
f 1475/1475/1475 1387/1387/1387 1423/1423/1423
f 1476/1476/1476 1477/1477/1477 1478/1478/1478
f 1476/1476/1476 1478/1478/1478 1479/1479/1479
f 1479/1479/1479 1478/1478/1478 1480/1480/1480
f 1479/1479/1479 1480/1480/1480 1481/1481/1481
f 1477/1477/1477 1482/1482/1482 1483/1483/1483
f 1477/1477/1477 1483/1483/1483 1478/1478/1478
f 1478/1478/1478 1483/1483/1483 1484/1484/1484
f 1478/1478/1478 1484/1484/1484 1480/1480/1480
f 1476/1476/1476 1479/1479/1479 1485/1485/1485
f 1476/1476/1476 1485/1485/1485 1486/1486/1486
f 1486/1486/1486 1485/1485/1485 545/545/545
f 1486/1486/1486 545/545/545 540/540/540
f 1479/1479/1479 1481/1481/1481 1487/1487/1487
f 1479/1479/1479 1487/1487/1487 1485/1485/1485
f 1485/1485/1485 1487/1487/1487 546/546/546
f 1485/1485/1485 546/546/546 545/545/545
f 1476/1476/1476 1486/1486/1486 1488/1488/1488
f 1476/1476/1476 1488/1488/1488 1489/1489/1489
f 1489/1489/1489 1488/1488/1488 1490/1490/1490
f 1489/1489/1489 1490/1490/1490 1491/1491/1491
f 1486/1486/1486 540/540/540 539/539/539
f 1486/1486/1486 539/539/539 1488/1488/1488
f 1488/1488/1488 539/539/539 542/542/542
f 1488/1488/1488 542/542/542 1490/1490/1490
f 1476/1476/1476 1489/1489/1489 1492/1492/1492
f 1476/1476/1476 1492/1492/1492 1477/1477/1477
f 1477/1477/1477 1492/1492/1492 1493/1493/1493
f 1477/1477/1477 1493/1493/1493 1482/1482/1482
f 1489/1489/1489 1491/1491/1491 1494/1494/1494
f 1489/1489/1489 1494/1494/1494 1492/1492/1492
f 1492/1492/1492 1494/1494/1494 1495/1495/1495
f 1492/1492/1492 1495/1495/1495 1493/1493/1493
f 1496/1496/1496 1497/1497/1497 1498/1498/1498
f 1496/1496/1496 1498/1498/1498 1499/1499/1499
f 1499/1499/1499 1498/1498/1498 1483/1483/1483
f 1499/1499/1499 1483/1483/1483 1482/1482/1482
f 1497/1497/1497 1500/1500/1500 1501/1501/1501
f 1497/1497/1497 1501/1501/1501 1498/1498/1498
f 1498/1498/1498 1501/1501/1501 1484/1484/1484
f 1498/1498/1498 1484/1484/1484 1483/1483/1483
f 1496/1496/1496 1499/1499/1499 1502/1502/1502
f 1496/1496/1496 1502/1502/1502 1503/1503/1503
f 1503/1503/1503 1502/1502/1502 1504/1504/1504
f 1503/1503/1503 1504/1504/1504 1505/1505/1505
f 1499/1499/1499 1482/1482/1482 1493/1493/1493
f 1499/1499/1499 1493/1493/1493 1502/1502/1502
f 1502/1502/1502 1493/1493/1493 1495/1495/1495
f 1502/1502/1502 1495/1495/1495 1504/1504/1504
f 1496/1496/1496 1503/1503/1503 1506/1506/1506
f 1496/1496/1496 1506/1506/1506 1507/1507/1507
f 1507/1507/1507 1506/1506/1506 1508/1508/1508
f 1507/1507/1507 1508/1508/1508 1509/1509/1509
f 1503/1503/1503 1505/1505/1505 1510/1510/1510
f 1503/1503/1503 1510/1510/1510 1506/1506/1506
f 1506/1506/1506 1510/1510/1510 1511/1511/1511
f 1506/1506/1506 1511/1511/1511 1508/1508/1508
f 1496/1496/1496 1507/1507/1507 1512/1512/1512
f 1496/1496/1496 1512/1512/1512 1497/1497/1497
f 1497/1497/1497 1512/1512/1512 1513/1513/1513
f 1497/1497/1497 1513/1513/1513 1500/1500/1500
f 1507/1507/1507 1509/1509/1509 1514/1514/1514
f 1507/1507/1507 1514/1514/1514 1512/1512/1512
f 1512/1512/1512 1514/1514/1514 1515/1515/1515
f 1512/1512/1512 1515/1515/1515 1513/1513/1513
f 1516/1516/1516 1517/1517/1517 1518/1518/1518
f 1516/1516/1516 1518/1518/1518 1519/1519/1519
f 1519/1519/1519 1518/1518/1518 1501/1501/1501
f 1519/1519/1519 1501/1501/1501 1500/1500/1500
f 1517/1517/1517 1520/1520/1520 1521/1521/1521
f 1517/1517/1517 1521/1521/1521 1518/1518/1518
f 1518/1518/1518 1521/1521/1521 1484/1484/1484
f 1518/1518/1518 1484/1484/1484 1501/1501/1501
f 1516/1516/1516 1519/1519/1519 1522/1522/1522
f 1516/1516/1516 1522/1522/1522 1523/1523/1523
f 1523/1523/1523 1522/1522/1522 1524/1524/1524
f 1523/1523/1523 1524/1524/1524 1525/1525/1525
f 1519/1519/1519 1500/1500/1500 1513/1513/1513
f 1519/1519/1519 1513/1513/1513 1522/1522/1522
f 1522/1522/1522 1513/1513/1513 1515/1515/1515
f 1522/1522/1522 1515/1515/1515 1524/1524/1524
f 1516/1516/1516 1523/1523/1523 1526/1526/1526
f 1516/1516/1516 1526/1526/1526 1527/1527/1527
f 1527/1527/1527 1526/1526/1526 1528/1528/1528
f 1527/1527/1527 1528/1528/1528 1529/1529/1529
f 1523/1523/1523 1525/1525/1525 1530/1530/1530
f 1523/1523/1523 1530/1530/1530 1526/1526/1526
f 1526/1526/1526 1530/1530/1530 1531/1531/1531
f 1526/1526/1526 1531/1531/1531 1528/1528/1528
f 1516/1516/1516 1527/1527/1527 1532/1532/1532
f 1516/1516/1516 1532/1532/1532 1517/1517/1517
f 1517/1517/1517 1532/1532/1532 1533/1533/1533
f 1517/1517/1517 1533/1533/1533 1520/1520/1520
f 1527/1527/1527 1529/1529/1529 1534/1534/1534
f 1527/1527/1527 1534/1534/1534 1532/1532/1532
f 1532/1532/1532 1534/1534/1534 1535/1535/1535
f 1532/1532/1532 1535/1535/1535 1533/1533/1533
f 1536/1536/1536 1537/1537/1537 1538/1538/1538
f 1536/1536/1536 1538/1538/1538 1539/1539/1539
f 1539/1539/1539 1538/1538/1538 1521/1521/1521
f 1539/1539/1539 1521/1521/1521 1520/1520/1520
f 1537/1537/1537 1481/1481/1481 1480/1480/1480
f 1537/1537/1537 1480/1480/1480 1538/1538/1538
f 1538/1538/1538 1480/1480/1480 1484/1484/1484
f 1538/1538/1538 1484/1484/1484 1521/1521/1521
f 1536/1536/1536 1539/1539/1539 1540/1540/1540
f 1536/1536/1536 1540/1540/1540 1541/1541/1541
f 1541/1541/1541 1540/1540/1540 1542/1542/1542
f 1541/1541/1541 1542/1542/1542 1543/1543/1543
f 1539/1539/1539 1520/1520/1520 1533/1533/1533
f 1539/1539/1539 1533/1533/1533 1540/1540/1540
f 1540/1540/1540 1533/1533/1533 1535/1535/1535
f 1540/1540/1540 1535/1535/1535 1542/1542/1542
f 1536/1536/1536 1541/1541/1541 1544/1544/1544
f 1536/1536/1536 1544/1544/1544 1545/1545/1545
f 1545/1545/1545 1544/1544/1544 561/561/561
f 1545/1545/1545 561/561/561 556/556/556
f 1541/1541/1541 1543/1543/1543 1546/1546/1546
f 1541/1541/1541 1546/1546/1546 1544/1544/1544
f 1544/1544/1544 1546/1546/1546 562/562/562
f 1544/1544/1544 562/562/562 561/561/561
f 1536/1536/1536 1545/1545/1545 1547/1547/1547
f 1536/1536/1536 1547/1547/1547 1537/1537/1537
f 1537/1537/1537 1547/1547/1547 1487/1487/1487
f 1537/1537/1537 1487/1487/1487 1481/1481/1481
f 1545/1545/1545 556/556/556 555/555/555
f 1545/1545/1545 555/555/555 1547/1547/1547
f 1547/1547/1547 555/555/555 546/546/546
f 1547/1547/1547 546/546/546 1487/1487/1487
f 1548/1548/1548 1549/1549/1549 1550/1550/1550
f 1548/1548/1548 1550/1550/1550 1551/1551/1551
f 1551/1551/1551 1550/1550/1550 1552/1552/1552
f 1551/1551/1551 1552/1552/1552 1553/1553/1553
f 1549/1549/1549 1554/1554/1554 1555/1555/1555
f 1549/1549/1549 1555/1555/1555 1550/1550/1550
f 1550/1550/1550 1555/1555/1555 1556/1556/1556
f 1550/1550/1550 1556/1556/1556 1552/1552/1552
f 1548/1548/1548 1551/1551/1551 1557/1557/1557
f 1548/1548/1548 1557/1557/1557 1558/1558/1558
f 1558/1558/1558 1557/1557/1557 1514/1514/1514
f 1558/1558/1558 1514/1514/1514 1509/1509/1509
f 1551/1551/1551 1553/1553/1553 1559/1559/1559
f 1551/1551/1551 1559/1559/1559 1557/1557/1557
f 1557/1557/1557 1559/1559/1559 1515/1515/1515
f 1557/1557/1557 1515/1515/1515 1514/1514/1514
f 1548/1548/1548 1558/1558/1558 1560/1560/1560
f 1548/1548/1548 1560/1560/1560 1561/1561/1561
f 1561/1561/1561 1560/1560/1560 1562/1562/1562
f 1561/1561/1561 1562/1562/1562 1563/1563/1563
f 1558/1558/1558 1509/1509/1509 1508/1508/1508
f 1558/1558/1558 1508/1508/1508 1560/1560/1560
f 1560/1560/1560 1508/1508/1508 1511/1511/1511
f 1560/1560/1560 1511/1511/1511 1562/1562/1562
f 1548/1548/1548 1561/1561/1561 1564/1564/1564
f 1548/1548/1548 1564/1564/1564 1549/1549/1549
f 1549/1549/1549 1564/1564/1564 1565/1565/1565
f 1549/1549/1549 1565/1565/1565 1554/1554/1554
f 1561/1561/1561 1563/1563/1563 1566/1566/1566
f 1561/1561/1561 1566/1566/1566 1564/1564/1564
f 1564/1564/1564 1566/1566/1566 1567/1567/1567
f 1564/1564/1564 1567/1567/1567 1565/1565/1565
f 1568/1568/1568 1569/1569/1569 1570/1570/1570
f 1568/1568/1568 1570/1570/1570 1571/1571/1571
f 1571/1571/1571 1570/1570/1570 1555/1555/1555
f 1571/1571/1571 1555/1555/1555 1554/1554/1554
f 1569/1569/1569 1572/1572/1572 1573/1573/1573
f 1569/1569/1569 1573/1573/1573 1570/1570/1570
f 1570/1570/1570 1573/1573/1573 1556/1556/1556
f 1570/1570/1570 1556/1556/1556 1555/1555/1555
f 1568/1568/1568 1571/1571/1571 1574/1574/1574
f 1568/1568/1568 1574/1574/1574 1575/1575/1575
f 1575/1575/1575 1574/1574/1574 1576/1576/1576
f 1575/1575/1575 1576/1576/1576 1577/1577/1577
f 1571/1571/1571 1554/1554/1554 1565/1565/1565
f 1571/1571/1571 1565/1565/1565 1574/1574/1574
f 1574/1574/1574 1565/1565/1565 1567/1567/1567
f 1574/1574/1574 1567/1567/1567 1576/1576/1576
f 1568/1568/1568 1575/1575/1575 1578/1578/1578
f 1568/1568/1568 1578/1578/1578 1579/1579/1579
f 1579/1579/1579 1578/1578/1578 1580/1580/1580
f 1579/1579/1579 1580/1580/1580 1581/1581/1581
f 1575/1575/1575 1577/1577/1577 1582/1582/1582
f 1575/1575/1575 1582/1582/1582 1578/1578/1578
f 1578/1578/1578 1582/1582/1582 1583/1583/1583
f 1578/1578/1578 1583/1583/1583 1580/1580/1580
f 1568/1568/1568 1579/1579/1579 1584/1584/1584
f 1568/1568/1568 1584/1584/1584 1569/1569/1569
f 1569/1569/1569 1584/1584/1584 1585/1585/1585
f 1569/1569/1569 1585/1585/1585 1572/1572/1572
f 1579/1579/1579 1581/1581/1581 1586/1586/1586
f 1579/1579/1579 1586/1586/1586 1584/1584/1584
f 1584/1584/1584 1586/1586/1586 1587/1587/1587
f 1584/1584/1584 1587/1587/1587 1585/1585/1585
f 1588/1588/1588 1589/1589/1589 1590/1590/1590
f 1588/1588/1588 1590/1590/1590 1591/1591/1591
f 1591/1591/1591 1590/1590/1590 1573/1573/1573
f 1591/1591/1591 1573/1573/1573 1572/1572/1572
f 1589/1589/1589 1592/1592/1592 1593/1593/1593
f 1589/1589/1589 1593/1593/1593 1590/1590/1590
f 1590/1590/1590 1593/1593/1593 1556/1556/1556
f 1590/1590/1590 1556/1556/1556 1573/1573/1573
f 1588/1588/1588 1591/1591/1591 1594/1594/1594
f 1588/1588/1588 1594/1594/1594 1595/1595/1595
f 1595/1595/1595 1594/1594/1594 1596/1596/1596
f 1595/1595/1595 1596/1596/1596 1597/1597/1597
f 1591/1591/1591 1572/1572/1572 1585/1585/1585
f 1591/1591/1591 1585/1585/1585 1594/1594/1594
f 1594/1594/1594 1585/1585/1585 1587/1587/1587
f 1594/1594/1594 1587/1587/1587 1596/1596/1596
f 1588/1588/1588 1595/1595/1595 1598/1598/1598
f 1588/1588/1588 1598/1598/1598 1599/1599/1599
f 1599/1599/1599 1598/1598/1598 1600/1600/1600
f 1599/1599/1599 1600/1600/1600 1601/1601/1601
f 1595/1595/1595 1597/1597/1597 1602/1602/1602
f 1595/1595/1595 1602/1602/1602 1598/1598/1598
f 1598/1598/1598 1602/1602/1602 1603/1603/1603
f 1598/1598/1598 1603/1603/1603 1600/1600/1600
f 1588/1588/1588 1599/1599/1599 1604/1604/1604
f 1588/1588/1588 1604/1604/1604 1589/1589/1589
f 1589/1589/1589 1604/1604/1604 1605/1605/1605
f 1589/1589/1589 1605/1605/1605 1592/1592/1592
f 1599/1599/1599 1601/1601/1601 1606/1606/1606
f 1599/1599/1599 1606/1606/1606 1604/1604/1604
f 1604/1604/1604 1606/1606/1606 1607/1607/1607
f 1604/1604/1604 1607/1607/1607 1605/1605/1605
f 1608/1608/1608 1609/1609/1609 1610/1610/1610
f 1608/1608/1608 1610/1610/1610 1611/1611/1611
f 1611/1611/1611 1610/1610/1610 1593/1593/1593
f 1611/1611/1611 1593/1593/1593 1592/1592/1592
f 1609/1609/1609 1553/1553/1553 1552/1552/1552
f 1609/1609/1609 1552/1552/1552 1610/1610/1610
f 1610/1610/1610 1552/1552/1552 1556/1556/1556
f 1610/1610/1610 1556/1556/1556 1593/1593/1593
f 1608/1608/1608 1611/1611/1611 1612/1612/1612
f 1608/1608/1608 1612/1612/1612 1613/1613/1613
f 1613/1613/1613 1612/1612/1612 1614/1614/1614
f 1613/1613/1613 1614/1614/1614 1615/1615/1615
f 1611/1611/1611 1592/1592/1592 1605/1605/1605
f 1611/1611/1611 1605/1605/1605 1612/1612/1612
f 1612/1612/1612 1605/1605/1605 1607/1607/1607
f 1612/1612/1612 1607/1607/1607 1614/1614/1614
f 1608/1608/1608 1613/1613/1613 1616/1616/1616
f 1608/1608/1608 1616/1616/1616 1617/1617/1617
f 1617/1617/1617 1616/1616/1616 1530/1530/1530
f 1617/1617/1617 1530/1530/1530 1525/1525/1525
f 1613/1613/1613 1615/1615/1615 1618/1618/1618
f 1613/1613/1613 1618/1618/1618 1616/1616/1616
f 1616/1616/1616 1618/1618/1618 1531/1531/1531
f 1616/1616/1616 1531/1531/1531 1530/1530/1530
f 1608/1608/1608 1617/1617/1617 1619/1619/1619
f 1608/1608/1608 1619/1619/1619 1609/1609/1609
f 1609/1609/1609 1619/1619/1619 1559/1559/1559
f 1609/1609/1609 1559/1559/1559 1553/1553/1553
f 1617/1617/1617 1525/1525/1525 1524/1524/1524
f 1617/1617/1617 1524/1524/1524 1619/1619/1619
f 1619/1619/1619 1524/1524/1524 1515/1515/1515
f 1619/1619/1619 1515/1515/1515 1559/1559/1559
f 1620/1620/1620 1621/1621/1621 1622/1622/1622
f 1620/1620/1620 1622/1622/1622 1623/1623/1623
f 1623/1623/1623 1622/1622/1622 1624/1624/1624
f 1623/1623/1623 1624/1624/1624 1625/1625/1625
f 1621/1621/1621 1626/1626/1626 1627/1627/1627
f 1621/1621/1621 1627/1627/1627 1622/1622/1622
f 1622/1622/1622 1627/1627/1627 1628/1628/1628
f 1622/1622/1622 1628/1628/1628 1624/1624/1624
f 1620/1620/1620 1623/1623/1623 1629/1629/1629
f 1620/1620/1620 1629/1629/1629 1630/1630/1630
f 1630/1630/1630 1629/1629/1629 1586/1586/1586
f 1630/1630/1630 1586/1586/1586 1581/1581/1581
f 1623/1623/1623 1625/1625/1625 1631/1631/1631
f 1623/1623/1623 1631/1631/1631 1629/1629/1629
f 1629/1629/1629 1631/1631/1631 1587/1587/1587
f 1629/1629/1629 1587/1587/1587 1586/1586/1586
f 1620/1620/1620 1630/1630/1630 1632/1632/1632
f 1620/1620/1620 1632/1632/1632 1633/1633/1633
f 1633/1633/1633 1632/1632/1632 1634/1634/1634
f 1633/1633/1633 1634/1634/1634 1635/1635/1635
f 1630/1630/1630 1581/1581/1581 1580/1580/1580
f 1630/1630/1630 1580/1580/1580 1632/1632/1632
f 1632/1632/1632 1580/1580/1580 1583/1583/1583
f 1632/1632/1632 1583/1583/1583 1634/1634/1634
f 1620/1620/1620 1633/1633/1633 1636/1636/1636
f 1620/1620/1620 1636/1636/1636 1621/1621/1621
f 1621/1621/1621 1636/1636/1636 1637/1637/1637
f 1621/1621/1621 1637/1637/1637 1626/1626/1626
f 1633/1633/1633 1635/1635/1635 1638/1638/1638
f 1633/1633/1633 1638/1638/1638 1636/1636/1636
f 1636/1636/1636 1638/1638/1638 1639/1639/1639
f 1636/1636/1636 1639/1639/1639 1637/1637/1637
f 1640/1640/1640 1641/1641/1641 1642/1642/1642
f 1640/1640/1640 1642/1642/1642 1643/1643/1643
f 1643/1643/1643 1642/1642/1642 1627/1627/1627
f 1643/1643/1643 1627/1627/1627 1626/1626/1626
f 1641/1641/1641 1644/1644/1644 1645/1645/1645
f 1641/1641/1641 1645/1645/1645 1642/1642/1642
f 1642/1642/1642 1645/1645/1645 1628/1628/1628
f 1642/1642/1642 1628/1628/1628 1627/1627/1627
f 1640/1640/1640 1643/1643/1643 1646/1646/1646
f 1640/1640/1640 1646/1646/1646 1647/1647/1647
f 1647/1647/1647 1646/1646/1646 1648/1648/1648
f 1647/1647/1647 1648/1648/1648 1649/1649/1649
f 1643/1643/1643 1626/1626/1626 1637/1637/1637
f 1643/1643/1643 1637/1637/1637 1646/1646/1646
f 1646/1646/1646 1637/1637/1637 1639/1639/1639
f 1646/1646/1646 1639/1639/1639 1648/1648/1648
f 1640/1640/1640 1647/1647/1647 1650/1650/1650
f 1640/1640/1640 1650/1650/1650 1651/1651/1651
f 1651/1651/1651 1650/1650/1650 20/20/20
f 1651/1651/1651 20/20/20 13/13/13
f 1647/1647/1647 1649/1649/1649 1652/1652/1652
f 1647/1647/1647 1652/1652/1652 1650/1650/1650
f 1650/1650/1650 1652/1652/1652 21/21/21
f 1650/1650/1650 21/21/21 20/20/20
f 1640/1640/1640 1651/1651/1651 1653/1653/1653
f 1640/1640/1640 1653/1653/1653 1641/1641/1641
f 1641/1641/1641 1653/1653/1653 1654/1654/1654
f 1641/1641/1641 1654/1654/1654 1644/1644/1644
f 1651/1651/1651 13/13/13 12/12/12
f 1651/1651/1651 12/12/12 1653/1653/1653
f 1653/1653/1653 12/12/12 15/15/15
f 1653/1653/1653 15/15/15 1654/1654/1654
f 1655/1655/1655 1656/1656/1656 1657/1657/1657
f 1655/1655/1655 1657/1657/1657 1658/1658/1658
f 1658/1658/1658 1657/1657/1657 1645/1645/1645
f 1658/1658/1658 1645/1645/1645 1644/1644/1644
f 1656/1656/1656 1659/1659/1659 1660/1660/1660
f 1656/1656/1656 1660/1660/1660 1657/1657/1657
f 1657/1657/1657 1660/1660/1660 1628/1628/1628
f 1657/1657/1657 1628/1628/1628 1645/1645/1645
f 1655/1655/1655 1658/1658/1658 1661/1661/1661
f 1655/1655/1655 1661/1661/1661 1662/1662/1662
f 1662/1662/1662 1661/1661/1661 81/81/81
f 1662/1662/1662 81/81/81 77/77/77
f 1658/1658/1658 1644/1644/1644 1654/1654/1654
f 1658/1658/1658 1654/1654/1654 1661/1661/1661
f 1661/1661/1661 1654/1654/1654 15/15/15
f 1661/1661/1661 15/15/15 81/81/81
f 1655/1655/1655 1662/1662/1662 1663/1663/1663
f 1655/1655/1655 1663/1663/1663 1664/1664/1664
f 1664/1664/1664 1663/1663/1663 1665/1665/1665
f 1664/1664/1664 1665/1665/1665 1666/1666/1666
f 1662/1662/1662 77/77/77 76/76/76
f 1662/1662/1662 76/76/76 1663/1663/1663
f 1663/1663/1663 76/76/76 79/79/79
f 1663/1663/1663 79/79/79 1665/1665/1665
f 1655/1655/1655 1664/1664/1664 1667/1667/1667
f 1655/1655/1655 1667/1667/1667 1656/1656/1656
f 1656/1656/1656 1667/1667/1667 1668/1668/1668
f 1656/1656/1656 1668/1668/1668 1659/1659/1659
f 1664/1664/1664 1666/1666/1666 1669/1669/1669
f 1664/1664/1664 1669/1669/1669 1667/1667/1667
f 1667/1667/1667 1669/1669/1669 1670/1670/1670
f 1667/1667/1667 1670/1670/1670 1668/1668/1668
f 1671/1671/1671 1672/1672/1672 1673/1673/1673
f 1671/1671/1671 1673/1673/1673 1674/1674/1674
f 1674/1674/1674 1673/1673/1673 1660/1660/1660
f 1674/1674/1674 1660/1660/1660 1659/1659/1659
f 1672/1672/1672 1625/1625/1625 1624/1624/1624
f 1672/1672/1672 1624/1624/1624 1673/1673/1673
f 1673/1673/1673 1624/1624/1624 1628/1628/1628
f 1673/1673/1673 1628/1628/1628 1660/1660/1660
f 1671/1671/1671 1674/1674/1674 1675/1675/1675
f 1671/1671/1671 1675/1675/1675 1676/1676/1676
f 1676/1676/1676 1675/1675/1675 1677/1677/1677
f 1676/1676/1676 1677/1677/1677 1678/1678/1678
f 1674/1674/1674 1659/1659/1659 1668/1668/1668
f 1674/1674/1674 1668/1668/1668 1675/1675/1675
f 1675/1675/1675 1668/1668/1668 1670/1670/1670
f 1675/1675/1675 1670/1670/1670 1677/1677/1677
f 1671/1671/1671 1676/1676/1676 1679/1679/1679
f 1671/1671/1671 1679/1679/1679 1680/1680/1680
f 1680/1680/1680 1679/1679/1679 1602/1602/1602
f 1680/1680/1680 1602/1602/1602 1597/1597/1597
f 1676/1676/1676 1678/1678/1678 1681/1681/1681
f 1676/1676/1676 1681/1681/1681 1679/1679/1679
f 1679/1679/1679 1681/1681/1681 1603/1603/1603
f 1679/1679/1679 1603/1603/1603 1602/1602/1602
f 1671/1671/1671 1680/1680/1680 1682/1682/1682
f 1671/1671/1671 1682/1682/1682 1672/1672/1672
f 1672/1672/1672 1682/1682/1682 1631/1631/1631
f 1672/1672/1672 1631/1631/1631 1625/1625/1625
f 1680/1680/1680 1597/1597/1597 1596/1596/1596
f 1680/1680/1680 1596/1596/1596 1682/1682/1682
f 1682/1682/1682 1596/1596/1596 1587/1587/1587
f 1682/1682/1682 1587/1587/1587 1631/1631/1631
f 1683/1683/1683 1684/1684/1684 1685/1685/1685
f 1683/1683/1683 1685/1685/1685 1686/1686/1686
f 1686/1686/1686 1685/1685/1685 1687/1687/1687
f 1686/1686/1686 1687/1687/1687 1688/1688/1688
f 1684/1684/1684 1689/1689/1689 1690/1690/1690
f 1684/1684/1684 1690/1690/1690 1685/1685/1685
f 1685/1685/1685 1690/1690/1690 1691/1691/1691
f 1685/1685/1685 1691/1691/1691 1687/1687/1687
f 1683/1683/1683 1686/1686/1686 1692/1692/1692
f 1683/1683/1683 1692/1692/1692 1693/1693/1693
f 1693/1693/1693 1692/1692/1692 689/689/689
f 1693/1693/1693 689/689/689 684/684/684
f 1686/1686/1686 1688/1688/1688 1694/1694/1694
f 1686/1686/1686 1694/1694/1694 1692/1692/1692
f 1692/1692/1692 1694/1694/1694 690/690/690
f 1692/1692/1692 690/690/690 689/689/689
f 1683/1683/1683 1693/1693/1693 1695/1695/1695
f 1683/1683/1683 1695/1695/1695 1696/1696/1696
f 1696/1696/1696 1695/1695/1695 1697/1697/1697
f 1696/1696/1696 1697/1697/1697 1698/1698/1698
f 1693/1693/1693 684/684/684 683/683/683
f 1693/1693/1693 683/683/683 1695/1695/1695
f 1695/1695/1695 683/683/683 686/686/686
f 1695/1695/1695 686/686/686 1697/1697/1697
f 1683/1683/1683 1696/1696/1696 1699/1699/1699
f 1683/1683/1683 1699/1699/1699 1684/1684/1684
f 1684/1684/1684 1699/1699/1699 1700/1700/1700
f 1684/1684/1684 1700/1700/1700 1689/1689/1689
f 1696/1696/1696 1698/1698/1698 1701/1701/1701
f 1696/1696/1696 1701/1701/1701 1699/1699/1699
f 1699/1699/1699 1701/1701/1701 1702/1702/1702
f 1699/1699/1699 1702/1702/1702 1700/1700/1700
f 1703/1703/1703 1704/1704/1704 1705/1705/1705
f 1703/1703/1703 1705/1705/1705 1706/1706/1706
f 1706/1706/1706 1705/1705/1705 1690/1690/1690
f 1706/1706/1706 1690/1690/1690 1689/1689/1689
f 1704/1704/1704 1707/1707/1707 1708/1708/1708
f 1704/1704/1704 1708/1708/1708 1705/1705/1705
f 1705/1705/1705 1708/1708/1708 1691/1691/1691
f 1705/1705/1705 1691/1691/1691 1690/1690/1690
f 1703/1703/1703 1706/1706/1706 1709/1709/1709
f 1703/1703/1703 1709/1709/1709 1710/1710/1710
f 1710/1710/1710 1709/1709/1709 1711/1711/1711
f 1710/1710/1710 1711/1711/1711 1712/1712/1712
f 1706/1706/1706 1689/1689/1689 1700/1700/1700
f 1706/1706/1706 1700/1700/1700 1709/1709/1709
f 1709/1709/1709 1700/1700/1700 1702/1702/1702
f 1709/1709/1709 1702/1702/1702 1711/1711/1711
f 1703/1703/1703 1710/1710/1710 1713/1713/1713
f 1703/1703/1703 1713/1713/1713 1714/1714/1714
f 1714/1714/1714 1713/1713/1713 1715/1715/1715
f 1714/1714/1714 1715/1715/1715 1716/1716/1716
f 1710/1710/1710 1712/1712/1712 1717/1717/1717
f 1710/1710/1710 1717/1717/1717 1713/1713/1713
f 1713/1713/1713 1717/1717/1717 1718/1718/1718
f 1713/1713/1713 1718/1718/1718 1715/1715/1715
f 1703/1703/1703 1714/1714/1714 1719/1719/1719
f 1703/1703/1703 1719/1719/1719 1704/1704/1704
f 1704/1704/1704 1719/1719/1719 1720/1720/1720
f 1704/1704/1704 1720/1720/1720 1707/1707/1707
f 1714/1714/1714 1716/1716/1716 1721/1721/1721
f 1714/1714/1714 1721/1721/1721 1719/1719/1719
f 1719/1719/1719 1721/1721/1721 1722/1722/1722
f 1719/1719/1719 1722/1722/1722 1720/1720/1720
f 1723/1723/1723 1724/1724/1724 1725/1725/1725
f 1723/1723/1723 1725/1725/1725 1726/1726/1726
f 1726/1726/1726 1725/1725/1725 1708/1708/1708
f 1726/1726/1726 1708/1708/1708 1707/1707/1707
f 1724/1724/1724 1727/1727/1727 1728/1728/1728
f 1724/1724/1724 1728/1728/1728 1725/1725/1725
f 1725/1725/1725 1728/1728/1728 1691/1691/1691
f 1725/1725/1725 1691/1691/1691 1708/1708/1708
f 1723/1723/1723 1726/1726/1726 1729/1729/1729
f 1723/1723/1723 1729/1729/1729 1730/1730/1730
f 1730/1730/1730 1729/1729/1729 1731/1731/1731
f 1730/1730/1730 1731/1731/1731 1732/1732/1732
f 1726/1726/1726 1707/1707/1707 1720/1720/1720
f 1726/1726/1726 1720/1720/1720 1729/1729/1729
f 1729/1729/1729 1720/1720/1720 1722/1722/1722
f 1729/1729/1729 1722/1722/1722 1731/1731/1731
f 1723/1723/1723 1730/1730/1730 1733/1733/1733
f 1723/1723/1723 1733/1733/1733 1734/1734/1734
f 1734/1734/1734 1733/1733/1733 1510/1510/1510
f 1734/1734/1734 1510/1510/1510 1505/1505/1505
f 1730/1730/1730 1732/1732/1732 1735/1735/1735
f 1730/1730/1730 1735/1735/1735 1733/1733/1733
f 1733/1733/1733 1735/1735/1735 1511/1511/1511
f 1733/1733/1733 1511/1511/1511 1510/1510/1510
f 1723/1723/1723 1734/1734/1734 1736/1736/1736
f 1723/1723/1723 1736/1736/1736 1724/1724/1724
f 1724/1724/1724 1736/1736/1736 1737/1737/1737
f 1724/1724/1724 1737/1737/1737 1727/1727/1727
f 1734/1734/1734 1505/1505/1505 1504/1504/1504
f 1734/1734/1734 1504/1504/1504 1736/1736/1736
f 1736/1736/1736 1504/1504/1504 1495/1495/1495
f 1736/1736/1736 1495/1495/1495 1737/1737/1737
f 1738/1738/1738 1739/1739/1739 1740/1740/1740
f 1738/1738/1738 1740/1740/1740 1741/1741/1741
f 1741/1741/1741 1740/1740/1740 1728/1728/1728
f 1741/1741/1741 1728/1728/1728 1727/1727/1727
f 1739/1739/1739 1688/1688/1688 1687/1687/1687
f 1739/1739/1739 1687/1687/1687 1740/1740/1740
f 1740/1740/1740 1687/1687/1687 1691/1691/1691
f 1740/1740/1740 1691/1691/1691 1728/1728/1728
f 1738/1738/1738 1741/1741/1741 1742/1742/1742
f 1738/1738/1738 1742/1742/1742 1743/1743/1743
f 1743/1743/1743 1742/1742/1742 1494/1494/1494
f 1743/1743/1743 1494/1494/1494 1491/1491/1491
f 1741/1741/1741 1727/1727/1727 1737/1737/1737
f 1741/1741/1741 1737/1737/1737 1742/1742/1742
f 1742/1742/1742 1737/1737/1737 1495/1495/1495
f 1742/1742/1742 1495/1495/1495 1494/1494/1494
f 1738/1738/1738 1743/1743/1743 1744/1744/1744
f 1738/1738/1738 1744/1744/1744 1745/1745/1745
f 1745/1745/1745 1744/1744/1744 703/703/703
f 1745/1745/1745 703/703/703 700/700/700
f 1743/1743/1743 1491/1491/1491 1490/1490/1490
f 1743/1743/1743 1490/1490/1490 1744/1744/1744
f 1744/1744/1744 1490/1490/1490 542/542/542
f 1744/1744/1744 542/542/542 703/703/703
f 1738/1738/1738 1745/1745/1745 1746/1746/1746
f 1738/1738/1738 1746/1746/1746 1739/1739/1739
f 1739/1739/1739 1746/1746/1746 1694/1694/1694
f 1739/1739/1739 1694/1694/1694 1688/1688/1688
f 1745/1745/1745 700/700/700 699/699/699
f 1745/1745/1745 699/699/699 1746/1746/1746
f 1746/1746/1746 699/699/699 690/690/690
f 1746/1746/1746 690/690/690 1694/1694/1694
f 1747/1747/1747 1748/1748/1748 1749/1749/1749
f 1747/1747/1747 1749/1749/1749 1750/1750/1750
f 1750/1750/1750 1749/1749/1749 1751/1751/1751
f 1750/1750/1750 1751/1751/1751 1752/1752/1752
f 1748/1748/1748 1753/1753/1753 1754/1754/1754
f 1748/1748/1748 1754/1754/1754 1749/1749/1749
f 1749/1749/1749 1754/1754/1754 1755/1755/1755
f 1749/1749/1749 1755/1755/1755 1751/1751/1751
f 1747/1747/1747 1750/1750/1750 1756/1756/1756
f 1747/1747/1747 1756/1756/1756 1757/1757/1757
f 1757/1757/1757 1756/1756/1756 1721/1721/1721
f 1757/1757/1757 1721/1721/1721 1716/1716/1716
f 1750/1750/1750 1752/1752/1752 1758/1758/1758
f 1750/1750/1750 1758/1758/1758 1756/1756/1756
f 1756/1756/1756 1758/1758/1758 1722/1722/1722
f 1756/1756/1756 1722/1722/1722 1721/1721/1721
f 1747/1747/1747 1757/1757/1757 1759/1759/1759
f 1747/1747/1747 1759/1759/1759 1760/1760/1760
f 1760/1760/1760 1759/1759/1759 1761/1761/1761
f 1760/1760/1760 1761/1761/1761 1762/1762/1762
f 1757/1757/1757 1716/1716/1716 1715/1715/1715
f 1757/1757/1757 1715/1715/1715 1759/1759/1759
f 1759/1759/1759 1715/1715/1715 1718/1718/1718
f 1759/1759/1759 1718/1718/1718 1761/1761/1761
f 1747/1747/1747 1760/1760/1760 1763/1763/1763
f 1747/1747/1747 1763/1763/1763 1748/1748/1748
f 1748/1748/1748 1763/1763/1763 1764/1764/1764
f 1748/1748/1748 1764/1764/1764 1753/1753/1753
f 1760/1760/1760 1762/1762/1762 1765/1765/1765
f 1760/1760/1760 1765/1765/1765 1763/1763/1763
f 1763/1763/1763 1765/1765/1765 1766/1766/1766
f 1763/1763/1763 1766/1766/1766 1764/1764/1764
f 1767/1767/1767 1768/1768/1768 1769/1769/1769
f 1767/1767/1767 1769/1769/1769 1770/1770/1770
f 1770/1770/1770 1769/1769/1769 1754/1754/1754
f 1770/1770/1770 1754/1754/1754 1753/1753/1753
f 1768/1768/1768 1771/1771/1771 1772/1772/1772
f 1768/1768/1768 1772/1772/1772 1769/1769/1769
f 1769/1769/1769 1772/1772/1772 1755/1755/1755
f 1769/1769/1769 1755/1755/1755 1754/1754/1754
f 1767/1767/1767 1770/1770/1770 1773/1773/1773
f 1767/1767/1767 1773/1773/1773 1774/1774/1774
f 1774/1774/1774 1773/1773/1773 1775/1775/1775
f 1774/1774/1774 1775/1775/1775 1776/1776/1776
f 1770/1770/1770 1753/1753/1753 1764/1764/1764
f 1770/1770/1770 1764/1764/1764 1773/1773/1773
f 1773/1773/1773 1764/1764/1764 1766/1766/1766
f 1773/1773/1773 1766/1766/1766 1775/1775/1775
f 1767/1767/1767 1774/1774/1774 1777/1777/1777
f 1767/1767/1767 1777/1777/1777 1778/1778/1778
f 1778/1778/1778 1777/1777/1777 1779/1779/1779
f 1778/1778/1778 1779/1779/1779 1780/1780/1780
f 1774/1774/1774 1776/1776/1776 1781/1781/1781
f 1774/1774/1774 1781/1781/1781 1777/1777/1777
f 1777/1777/1777 1781/1781/1781 1782/1782/1782
f 1777/1777/1777 1782/1782/1782 1779/1779/1779
f 1767/1767/1767 1778/1778/1778 1783/1783/1783
f 1767/1767/1767 1783/1783/1783 1768/1768/1768
f 1768/1768/1768 1783/1783/1783 1784/1784/1784
f 1768/1768/1768 1784/1784/1784 1771/1771/1771
f 1778/1778/1778 1780/1780/1780 1785/1785/1785
f 1778/1778/1778 1785/1785/1785 1783/1783/1783
f 1783/1783/1783 1785/1785/1785 1786/1786/1786
f 1783/1783/1783 1786/1786/1786 1784/1784/1784
f 1787/1787/1787 1788/1788/1788 1789/1789/1789
f 1787/1787/1787 1789/1789/1789 1790/1790/1790
f 1790/1790/1790 1789/1789/1789 1772/1772/1772
f 1790/1790/1790 1772/1772/1772 1771/1771/1771
f 1788/1788/1788 1791/1791/1791 1792/1792/1792
f 1788/1788/1788 1792/1792/1792 1789/1789/1789
f 1789/1789/1789 1792/1792/1792 1755/1755/1755
f 1789/1789/1789 1755/1755/1755 1772/1772/1772
f 1787/1787/1787 1790/1790/1790 1793/1793/1793
f 1787/1787/1787 1793/1793/1793 1794/1794/1794
f 1794/1794/1794 1793/1793/1793 1795/1795/1795
f 1794/1794/1794 1795/1795/1795 1796/1796/1796
f 1790/1790/1790 1771/1771/1771 1784/1784/1784
f 1790/1790/1790 1784/1784/1784 1793/1793/1793
f 1793/1793/1793 1784/1784/1784 1786/1786/1786
f 1793/1793/1793 1786/1786/1786 1795/1795/1795
f 1787/1787/1787 1794/1794/1794 1797/1797/1797
f 1787/1787/1787 1797/1797/1797 1798/1798/1798
f 1798/1798/1798 1797/1797/1797 1582/1582/1582
f 1798/1798/1798 1582/1582/1582 1577/1577/1577
f 1794/1794/1794 1796/1796/1796 1799/1799/1799
f 1794/1794/1794 1799/1799/1799 1797/1797/1797
f 1797/1797/1797 1799/1799/1799 1583/1583/1583
f 1797/1797/1797 1583/1583/1583 1582/1582/1582
f 1787/1787/1787 1798/1798/1798 1800/1800/1800
f 1787/1787/1787 1800/1800/1800 1788/1788/1788
f 1788/1788/1788 1800/1800/1800 1801/1801/1801
f 1788/1788/1788 1801/1801/1801 1791/1791/1791
f 1798/1798/1798 1577/1577/1577 1576/1576/1576
f 1798/1798/1798 1576/1576/1576 1800/1800/1800
f 1800/1800/1800 1576/1576/1576 1567/1567/1567
f 1800/1800/1800 1567/1567/1567 1801/1801/1801
f 1802/1802/1802 1803/1803/1803 1804/1804/1804
f 1802/1802/1802 1804/1804/1804 1805/1805/1805
f 1805/1805/1805 1804/1804/1804 1792/1792/1792
f 1805/1805/1805 1792/1792/1792 1791/1791/1791
f 1803/1803/1803 1752/1752/1752 1751/1751/1751
f 1803/1803/1803 1751/1751/1751 1804/1804/1804
f 1804/1804/1804 1751/1751/1751 1755/1755/1755
f 1804/1804/1804 1755/1755/1755 1792/1792/1792
f 1802/1802/1802 1805/1805/1805 1806/1806/1806
f 1802/1802/1802 1806/1806/1806 1807/1807/1807
f 1807/1807/1807 1806/1806/1806 1566/1566/1566
f 1807/1807/1807 1566/1566/1566 1563/1563/1563
f 1805/1805/1805 1791/1791/1791 1801/1801/1801
f 1805/1805/1805 1801/1801/1801 1806/1806/1806
f 1806/1806/1806 1801/1801/1801 1567/1567/1567
f 1806/1806/1806 1567/1567/1567 1566/1566/1566
f 1802/1802/1802 1807/1807/1807 1808/1808/1808
f 1802/1802/1802 1808/1808/1808 1809/1809/1809
f 1809/1809/1809 1808/1808/1808 1735/1735/1735
f 1809/1809/1809 1735/1735/1735 1732/1732/1732
f 1807/1807/1807 1563/1563/1563 1562/1562/1562
f 1807/1807/1807 1562/1562/1562 1808/1808/1808
f 1808/1808/1808 1562/1562/1562 1511/1511/1511
f 1808/1808/1808 1511/1511/1511 1735/1735/1735
f 1802/1802/1802 1809/1809/1809 1810/1810/1810
f 1802/1802/1802 1810/1810/1810 1803/1803/1803
f 1803/1803/1803 1810/1810/1810 1758/1758/1758
f 1803/1803/1803 1758/1758/1758 1752/1752/1752
f 1809/1809/1809 1732/1732/1732 1731/1731/1731
f 1809/1809/1809 1731/1731/1731 1810/1810/1810
f 1810/1810/1810 1731/1731/1731 1722/1722/1722
f 1810/1810/1810 1722/1722/1722 1758/1758/1758
f 1811/1811/1811 1812/1812/1812 1813/1813/1813
f 1811/1811/1811 1813/1813/1813 1814/1814/1814
f 1814/1814/1814 1813/1813/1813 1815/1815/1815
f 1814/1814/1814 1815/1815/1815 1816/1816/1816
f 1812/1812/1812 1817/1817/1817 1818/1818/1818
f 1812/1812/1812 1818/1818/1818 1813/1813/1813
f 1813/1813/1813 1818/1818/1818 1819/1819/1819
f 1813/1813/1813 1819/1819/1819 1815/1815/1815
f 1811/1811/1811 1814/1814/1814 1820/1820/1820
f 1811/1811/1811 1820/1820/1820 1821/1821/1821
f 1821/1821/1821 1820/1820/1820 1785/1785/1785
f 1821/1821/1821 1785/1785/1785 1780/1780/1780
f 1814/1814/1814 1816/1816/1816 1822/1822/1822
f 1814/1814/1814 1822/1822/1822 1820/1820/1820
f 1820/1820/1820 1822/1822/1822 1786/1786/1786
f 1820/1820/1820 1786/1786/1786 1785/1785/1785
f 1811/1811/1811 1821/1821/1821 1823/1823/1823
f 1811/1811/1811 1823/1823/1823 1824/1824/1824
f 1824/1824/1824 1823/1823/1823 1825/1825/1825
f 1824/1824/1824 1825/1825/1825 1826/1826/1826
f 1821/1821/1821 1780/1780/1780 1779/1779/1779
f 1821/1821/1821 1779/1779/1779 1823/1823/1823
f 1823/1823/1823 1779/1779/1779 1782/1782/1782
f 1823/1823/1823 1782/1782/1782 1825/1825/1825
f 1811/1811/1811 1824/1824/1824 1827/1827/1827
f 1811/1811/1811 1827/1827/1827 1812/1812/1812
f 1812/1812/1812 1827/1827/1827 1828/1828/1828
f 1812/1812/1812 1828/1828/1828 1817/1817/1817
f 1824/1824/1824 1826/1826/1826 1829/1829/1829
f 1824/1824/1824 1829/1829/1829 1827/1827/1827
f 1827/1827/1827 1829/1829/1829 1830/1830/1830
f 1827/1827/1827 1830/1830/1830 1828/1828/1828
f 1831/1831/1831 1832/1832/1832 1833/1833/1833
f 1831/1831/1831 1833/1833/1833 1834/1834/1834
f 1834/1834/1834 1833/1833/1833 1818/1818/1818
f 1834/1834/1834 1818/1818/1818 1817/1817/1817
f 1832/1832/1832 1835/1835/1835 1836/1836/1836
f 1832/1832/1832 1836/1836/1836 1833/1833/1833
f 1833/1833/1833 1836/1836/1836 1819/1819/1819
f 1833/1833/1833 1819/1819/1819 1818/1818/1818
f 1831/1831/1831 1834/1834/1834 1837/1837/1837
f 1831/1831/1831 1837/1837/1837 1838/1838/1838
f 1838/1838/1838 1837/1837/1837 1839/1839/1839
f 1838/1838/1838 1839/1839/1839 1840/1840/1840
f 1834/1834/1834 1817/1817/1817 1828/1828/1828
f 1834/1834/1834 1828/1828/1828 1837/1837/1837
f 1837/1837/1837 1828/1828/1828 1830/1830/1830
f 1837/1837/1837 1830/1830/1830 1839/1839/1839
f 1831/1831/1831 1838/1838/1838 1841/1841/1841
f 1831/1831/1831 1841/1841/1841 1842/1842/1842
f 1842/1842/1842 1841/1841/1841 173/173/173
f 1842/1842/1842 173/173/173 166/166/166
f 1838/1838/1838 1840/1840/1840 1843/1843/1843
f 1838/1838/1838 1843/1843/1843 1841/1841/1841
f 1841/1841/1841 1843/1843/1843 174/174/174
f 1841/1841/1841 174/174/174 173/173/173
f 1831/1831/1831 1842/1842/1842 1844/1844/1844
f 1831/1831/1831 1844/1844/1844 1832/1832/1832
f 1832/1832/1832 1844/1844/1844 1845/1845/1845
f 1832/1832/1832 1845/1845/1845 1835/1835/1835
f 1842/1842/1842 166/166/166 165/165/165
f 1842/1842/1842 165/165/165 1844/1844/1844
f 1844/1844/1844 165/165/165 168/168/168
f 1844/1844/1844 168/168/168 1845/1845/1845
f 1846/1846/1846 1847/1847/1847 1848/1848/1848
f 1846/1846/1846 1848/1848/1848 1849/1849/1849
f 1849/1849/1849 1848/1848/1848 1836/1836/1836
f 1849/1849/1849 1836/1836/1836 1835/1835/1835
f 1847/1847/1847 1850/1850/1850 1851/1851/1851
f 1847/1847/1847 1851/1851/1851 1848/1848/1848
f 1848/1848/1848 1851/1851/1851 1819/1819/1819
f 1848/1848/1848 1819/1819/1819 1836/1836/1836
f 1846/1846/1846 1849/1849/1849 1852/1852/1852
f 1846/1846/1846 1852/1852/1852 1853/1853/1853
f 1853/1853/1853 1852/1852/1852 225/225/225
f 1853/1853/1853 225/225/225 223/223/223
f 1849/1849/1849 1835/1835/1835 1845/1845/1845
f 1849/1849/1849 1845/1845/1845 1852/1852/1852
f 1852/1852/1852 1845/1845/1845 168/168/168
f 1852/1852/1852 168/168/168 225/225/225
f 1846/1846/1846 1853/1853/1853 1854/1854/1854
f 1846/1846/1846 1854/1854/1854 1855/1855/1855
f 1855/1855/1855 1854/1854/1854 1652/1652/1652
f 1855/1855/1855 1652/1652/1652 1649/1649/1649
f 1853/1853/1853 223/223/223 222/222/222
f 1853/1853/1853 222/222/222 1854/1854/1854
f 1854/1854/1854 222/222/222 21/21/21
f 1854/1854/1854 21/21/21 1652/1652/1652
f 1846/1846/1846 1855/1855/1855 1856/1856/1856
f 1846/1846/1846 1856/1856/1856 1847/1847/1847
f 1847/1847/1847 1856/1856/1856 1857/1857/1857
f 1847/1847/1847 1857/1857/1857 1850/1850/1850
f 1855/1855/1855 1649/1649/1649 1648/1648/1648
f 1855/1855/1855 1648/1648/1648 1856/1856/1856
f 1856/1856/1856 1648/1648/1648 1639/1639/1639
f 1856/1856/1856 1639/1639/1639 1857/1857/1857
f 1858/1858/1858 1859/1859/1859 1860/1860/1860
f 1858/1858/1858 1860/1860/1860 1861/1861/1861
f 1861/1861/1861 1860/1860/1860 1851/1851/1851
f 1861/1861/1861 1851/1851/1851 1850/1850/1850
f 1859/1859/1859 1816/1816/1816 1815/1815/1815
f 1859/1859/1859 1815/1815/1815 1860/1860/1860
f 1860/1860/1860 1815/1815/1815 1819/1819/1819
f 1860/1860/1860 1819/1819/1819 1851/1851/1851
f 1858/1858/1858 1861/1861/1861 1862/1862/1862
f 1858/1858/1858 1862/1862/1862 1863/1863/1863
f 1863/1863/1863 1862/1862/1862 1638/1638/1638
f 1863/1863/1863 1638/1638/1638 1635/1635/1635
f 1861/1861/1861 1850/1850/1850 1857/1857/1857
f 1861/1861/1861 1857/1857/1857 1862/1862/1862
f 1862/1862/1862 1857/1857/1857 1639/1639/1639
f 1862/1862/1862 1639/1639/1639 1638/1638/1638
f 1858/1858/1858 1863/1863/1863 1864/1864/1864
f 1858/1858/1858 1864/1864/1864 1865/1865/1865
f 1865/1865/1865 1864/1864/1864 1799/1799/1799
f 1865/1865/1865 1799/1799/1799 1796/1796/1796
f 1863/1863/1863 1635/1635/1635 1634/1634/1634
f 1863/1863/1863 1634/1634/1634 1864/1864/1864
f 1864/1864/1864 1634/1634/1634 1583/1583/1583
f 1864/1864/1864 1583/1583/1583 1799/1799/1799
f 1858/1858/1858 1865/1865/1865 1866/1866/1866
f 1858/1858/1858 1866/1866/1866 1859/1859/1859
f 1859/1859/1859 1866/1866/1866 1822/1822/1822
f 1859/1859/1859 1822/1822/1822 1816/1816/1816
f 1865/1865/1865 1796/1796/1796 1795/1795/1795
f 1865/1865/1865 1795/1795/1795 1866/1866/1866
f 1866/1866/1866 1795/1795/1795 1786/1786/1786
f 1866/1866/1866 1786/1786/1786 1822/1822/1822
f 1867/1867/1867 1868/1868/1868 1869/1869/1869
f 1867/1867/1867 1869/1869/1869 1870/1870/1870
f 1870/1870/1870 1869/1869/1869 1871/1871/1871
f 1870/1870/1870 1871/1871/1871 1872/1872/1872
f 1868/1868/1868 1873/1873/1873 1874/1874/1874
f 1868/1868/1868 1874/1874/1874 1869/1869/1869
f 1869/1869/1869 1874/1874/1874 1875/1875/1875
f 1869/1869/1869 1875/1875/1875 1871/1871/1871
f 1867/1867/1867 1870/1870/1870 1876/1876/1876
f 1867/1867/1867 1876/1876/1876 1877/1877/1877
f 1877/1877/1877 1876/1876/1876 825/825/825
f 1877/1877/1877 825/825/825 820/820/820
f 1870/1870/1870 1872/1872/1872 1878/1878/1878
f 1870/1870/1870 1878/1878/1878 1876/1876/1876
f 1876/1876/1876 1878/1878/1878 826/826/826
f 1876/1876/1876 826/826/826 825/825/825
f 1867/1867/1867 1877/1877/1877 1879/1879/1879
f 1867/1867/1867 1879/1879/1879 1880/1880/1880
f 1880/1880/1880 1879/1879/1879 1881/1881/1881
f 1880/1880/1880 1881/1881/1881 1882/1882/1882
f 1877/1877/1877 820/820/820 819/819/819
f 1877/1877/1877 819/819/819 1879/1879/1879
f 1879/1879/1879 819/819/819 822/822/822
f 1879/1879/1879 822/822/822 1881/1881/1881
f 1867/1867/1867 1880/1880/1880 1883/1883/1883
f 1867/1867/1867 1883/1883/1883 1868/1868/1868
f 1868/1868/1868 1883/1883/1883 1884/1884/1884
f 1868/1868/1868 1884/1884/1884 1873/1873/1873
f 1880/1880/1880 1882/1882/1882 1885/1885/1885
f 1880/1880/1880 1885/1885/1885 1883/1883/1883
f 1883/1883/1883 1885/1885/1885 1886/1886/1886
f 1883/1883/1883 1886/1886/1886 1884/1884/1884
f 1887/1887/1887 1888/1888/1888 1889/1889/1889
f 1887/1887/1887 1889/1889/1889 1890/1890/1890
f 1890/1890/1890 1889/1889/1889 1874/1874/1874
f 1890/1890/1890 1874/1874/1874 1873/1873/1873
f 1888/1888/1888 1891/1891/1891 1892/1892/1892
f 1888/1888/1888 1892/1892/1892 1889/1889/1889
f 1889/1889/1889 1892/1892/1892 1875/1875/1875
f 1889/1889/1889 1875/1875/1875 1874/1874/1874
f 1887/1887/1887 1890/1890/1890 1893/1893/1893
f 1887/1887/1887 1893/1893/1893 1894/1894/1894
f 1894/1894/1894 1893/1893/1893 1895/1895/1895
f 1894/1894/1894 1895/1895/1895 1896/1896/1896
f 1890/1890/1890 1873/1873/1873 1884/1884/1884
f 1890/1890/1890 1884/1884/1884 1893/1893/1893
f 1893/1893/1893 1884/1884/1884 1886/1886/1886
f 1893/1893/1893 1886/1886/1886 1895/1895/1895
f 1887/1887/1887 1894/1894/1894 1897/1897/1897
f 1887/1887/1887 1897/1897/1897 1898/1898/1898
f 1898/1898/1898 1897/1897/1897 1899/1899/1899
f 1898/1898/1898 1899/1899/1899 1900/1900/1900
f 1894/1894/1894 1896/1896/1896 1901/1901/1901
f 1894/1894/1894 1901/1901/1901 1897/1897/1897
f 1897/1897/1897 1901/1901/1901 1902/1902/1902
f 1897/1897/1897 1902/1902/1902 1899/1899/1899
f 1887/1887/1887 1898/1898/1898 1903/1903/1903
f 1887/1887/1887 1903/1903/1903 1888/1888/1888
f 1888/1888/1888 1903/1903/1903 1904/1904/1904
f 1888/1888/1888 1904/1904/1904 1891/1891/1891
f 1898/1898/1898 1900/1900/1900 1905/1905/1905
f 1898/1898/1898 1905/1905/1905 1903/1903/1903
f 1903/1903/1903 1905/1905/1905 1906/1906/1906
f 1903/1903/1903 1906/1906/1906 1904/1904/1904
f 1907/1907/1907 1908/1908/1908 1909/1909/1909
f 1907/1907/1907 1909/1909/1909 1910/1910/1910
f 1910/1910/1910 1909/1909/1909 1892/1892/1892
f 1910/1910/1910 1892/1892/1892 1891/1891/1891
f 1908/1908/1908 1911/1911/1911 1912/1912/1912
f 1908/1908/1908 1912/1912/1912 1909/1909/1909
f 1909/1909/1909 1912/1912/1912 1875/1875/1875
f 1909/1909/1909 1875/1875/1875 1892/1892/1892
f 1907/1907/1907 1910/1910/1910 1913/1913/1913
f 1907/1907/1907 1913/1913/1913 1914/1914/1914
f 1914/1914/1914 1913/1913/1913 1915/1915/1915
f 1914/1914/1914 1915/1915/1915 1916/1916/1916
f 1910/1910/1910 1891/1891/1891 1904/1904/1904
f 1910/1910/1910 1904/1904/1904 1913/1913/1913
f 1913/1913/1913 1904/1904/1904 1906/1906/1906
f 1913/1913/1913 1906/1906/1906 1915/1915/1915
f 1907/1907/1907 1914/1914/1914 1917/1917/1917
f 1907/1907/1907 1917/1917/1917 1918/1918/1918
f 1918/1918/1918 1917/1917/1917 1717/1717/1717
f 1918/1918/1918 1717/1717/1717 1712/1712/1712
f 1914/1914/1914 1916/1916/1916 1919/1919/1919
f 1914/1914/1914 1919/1919/1919 1917/1917/1917
f 1917/1917/1917 1919/1919/1919 1718/1718/1718
f 1917/1917/1917 1718/1718/1718 1717/1717/1717
f 1907/1907/1907 1918/1918/1918 1920/1920/1920
f 1907/1907/1907 1920/1920/1920 1908/1908/1908
f 1908/1908/1908 1920/1920/1920 1921/1921/1921
f 1908/1908/1908 1921/1921/1921 1911/1911/1911
f 1918/1918/1918 1712/1712/1712 1711/1711/1711
f 1918/1918/1918 1711/1711/1711 1920/1920/1920
f 1920/1920/1920 1711/1711/1711 1702/1702/1702
f 1920/1920/1920 1702/1702/1702 1921/1921/1921
f 1922/1922/1922 1923/1923/1923 1924/1924/1924
f 1922/1922/1922 1924/1924/1924 1925/1925/1925
f 1925/1925/1925 1924/1924/1924 1912/1912/1912
f 1925/1925/1925 1912/1912/1912 1911/1911/1911
f 1923/1923/1923 1872/1872/1872 1871/1871/1871
f 1923/1923/1923 1871/1871/1871 1924/1924/1924
f 1924/1924/1924 1871/1871/1871 1875/1875/1875
f 1924/1924/1924 1875/1875/1875 1912/1912/1912
f 1922/1922/1922 1925/1925/1925 1926/1926/1926
f 1922/1922/1922 1926/1926/1926 1927/1927/1927
f 1927/1927/1927 1926/1926/1926 1701/1701/1701
f 1927/1927/1927 1701/1701/1701 1698/1698/1698
f 1925/1925/1925 1911/1911/1911 1921/1921/1921
f 1925/1925/1925 1921/1921/1921 1926/1926/1926
f 1926/1926/1926 1921/1921/1921 1702/1702/1702
f 1926/1926/1926 1702/1702/1702 1701/1701/1701
f 1922/1922/1922 1927/1927/1927 1928/1928/1928
f 1922/1922/1922 1928/1928/1928 1929/1929/1929
f 1929/1929/1929 1928/1928/1928 839/839/839
f 1929/1929/1929 839/839/839 836/836/836
f 1927/1927/1927 1698/1698/1698 1697/1697/1697
f 1927/1927/1927 1697/1697/1697 1928/1928/1928
f 1928/1928/1928 1697/1697/1697 686/686/686
f 1928/1928/1928 686/686/686 839/839/839
f 1922/1922/1922 1929/1929/1929 1930/1930/1930
f 1922/1922/1922 1930/1930/1930 1923/1923/1923
f 1923/1923/1923 1930/1930/1930 1878/1878/1878
f 1923/1923/1923 1878/1878/1878 1872/1872/1872
f 1929/1929/1929 836/836/836 835/835/835
f 1929/1929/1929 835/835/835 1930/1930/1930
f 1930/1930/1930 835/835/835 826/826/826
f 1930/1930/1930 826/826/826 1878/1878/1878
f 1931/1931/1931 1932/1932/1932 1933/1933/1933
f 1931/1931/1931 1933/1933/1933 1934/1934/1934
f 1934/1934/1934 1933/1933/1933 1935/1935/1935
f 1934/1934/1934 1935/1935/1935 1936/1936/1936
f 1932/1932/1932 1937/1937/1937 1938/1938/1938
f 1932/1932/1932 1938/1938/1938 1933/1933/1933
f 1933/1933/1933 1938/1938/1938 1939/1939/1939
f 1933/1933/1933 1939/1939/1939 1935/1935/1935
f 1931/1931/1931 1934/1934/1934 1940/1940/1940
f 1931/1931/1931 1940/1940/1940 1941/1941/1941
f 1941/1941/1941 1940/1940/1940 1905/1905/1905
f 1941/1941/1941 1905/1905/1905 1900/1900/1900
f 1934/1934/1934 1936/1936/1936 1942/1942/1942
f 1934/1934/1934 1942/1942/1942 1940/1940/1940
f 1940/1940/1940 1942/1942/1942 1906/1906/1906
f 1940/1940/1940 1906/1906/1906 1905/1905/1905
f 1931/1931/1931 1941/1941/1941 1943/1943/1943
f 1931/1931/1931 1943/1943/1943 1944/1944/1944
f 1944/1944/1944 1943/1943/1943 1945/1945/1945
f 1944/1944/1944 1945/1945/1945 1946/1946/1946
f 1941/1941/1941 1900/1900/1900 1899/1899/1899
f 1941/1941/1941 1899/1899/1899 1943/1943/1943
f 1943/1943/1943 1899/1899/1899 1902/1902/1902
f 1943/1943/1943 1902/1902/1902 1945/1945/1945
f 1931/1931/1931 1944/1944/1944 1947/1947/1947
f 1931/1931/1931 1947/1947/1947 1932/1932/1932
f 1932/1932/1932 1947/1947/1947 1948/1948/1948
f 1932/1932/1932 1948/1948/1948 1937/1937/1937
f 1944/1944/1944 1946/1946/1946 1949/1949/1949
f 1944/1944/1944 1949/1949/1949 1947/1947/1947
f 1947/1947/1947 1949/1949/1949 1950/1950/1950
f 1947/1947/1947 1950/1950/1950 1948/1948/1948
f 1951/1951/1951 1952/1952/1952 1953/1953/1953
f 1951/1951/1951 1953/1953/1953 1954/1954/1954
f 1954/1954/1954 1953/1953/1953 1938/1938/1938
f 1954/1954/1954 1938/1938/1938 1937/1937/1937
f 1952/1952/1952 1955/1955/1955 1956/1956/1956
f 1952/1952/1952 1956/1956/1956 1953/1953/1953
f 1953/1953/1953 1956/1956/1956 1939/1939/1939
f 1953/1953/1953 1939/1939/1939 1938/1938/1938
f 1951/1951/1951 1954/1954/1954 1957/1957/1957
f 1951/1951/1951 1957/1957/1957 1958/1958/1958
f 1958/1958/1958 1957/1957/1957 1959/1959/1959
f 1958/1958/1958 1959/1959/1959 1960/1960/1960
f 1954/1954/1954 1937/1937/1937 1948/1948/1948
f 1954/1954/1954 1948/1948/1948 1957/1957/1957
f 1957/1957/1957 1948/1948/1948 1950/1950/1950
f 1957/1957/1957 1950/1950/1950 1959/1959/1959
f 1951/1951/1951 1958/1958/1958 1961/1961/1961
f 1951/1951/1951 1961/1961/1961 1962/1962/1962
f 1962/1962/1962 1961/1961/1961 1963/1963/1963
f 1962/1962/1962 1963/1963/1963 1964/1964/1964
f 1958/1958/1958 1960/1960/1960 1965/1965/1965
f 1958/1958/1958 1965/1965/1965 1961/1961/1961
f 1961/1961/1961 1965/1965/1965 1966/1966/1966
f 1961/1961/1961 1966/1966/1966 1963/1963/1963
f 1951/1951/1951 1962/1962/1962 1967/1967/1967
f 1951/1951/1951 1967/1967/1967 1952/1952/1952
f 1952/1952/1952 1967/1967/1967 1968/1968/1968
f 1952/1952/1952 1968/1968/1968 1955/1955/1955
f 1962/1962/1962 1964/1964/1964 1969/1969/1969
f 1962/1962/1962 1969/1969/1969 1967/1967/1967
f 1967/1967/1967 1969/1969/1969 1970/1970/1970
f 1967/1967/1967 1970/1970/1970 1968/1968/1968
f 1971/1971/1971 1972/1972/1972 1973/1973/1973
f 1971/1971/1971 1973/1973/1973 1974/1974/1974
f 1974/1974/1974 1973/1973/1973 1956/1956/1956
f 1974/1974/1974 1956/1956/1956 1955/1955/1955
f 1972/1972/1972 1975/1975/1975 1976/1976/1976
f 1972/1972/1972 1976/1976/1976 1973/1973/1973
f 1973/1973/1973 1976/1976/1976 1939/1939/1939
f 1973/1973/1973 1939/1939/1939 1956/1956/1956
f 1971/1971/1971 1974/1974/1974 1977/1977/1977
f 1971/1971/1971 1977/1977/1977 1978/1978/1978
f 1978/1978/1978 1977/1977/1977 1979/1979/1979
f 1978/1978/1978 1979/1979/1979 1980/1980/1980
f 1974/1974/1974 1955/1955/1955 1968/1968/1968
f 1974/1974/1974 1968/1968/1968 1977/1977/1977
f 1977/1977/1977 1968/1968/1968 1970/1970/1970
f 1977/1977/1977 1970/1970/1970 1979/1979/1979
f 1971/1971/1971 1978/1978/1978 1981/1981/1981
f 1971/1971/1971 1981/1981/1981 1982/1982/1982
f 1982/1982/1982 1981/1981/1981 1781/1781/1781
f 1982/1982/1982 1781/1781/1781 1776/1776/1776
f 1978/1978/1978 1980/1980/1980 1983/1983/1983
f 1978/1978/1978 1983/1983/1983 1981/1981/1981
f 1981/1981/1981 1983/1983/1983 1782/1782/1782
f 1981/1981/1981 1782/1782/1782 1781/1781/1781
f 1971/1971/1971 1982/1982/1982 1984/1984/1984
f 1971/1971/1971 1984/1984/1984 1972/1972/1972
f 1972/1972/1972 1984/1984/1984 1985/1985/1985
f 1972/1972/1972 1985/1985/1985 1975/1975/1975
f 1982/1982/1982 1776/1776/1776 1775/1775/1775
f 1982/1982/1982 1775/1775/1775 1984/1984/1984
f 1984/1984/1984 1775/1775/1775 1766/1766/1766
f 1984/1984/1984 1766/1766/1766 1985/1985/1985
f 1986/1986/1986 1987/1987/1987 1988/1988/1988
f 1986/1986/1986 1988/1988/1988 1989/1989/1989
f 1989/1989/1989 1988/1988/1988 1976/1976/1976
f 1989/1989/1989 1976/1976/1976 1975/1975/1975
f 1987/1987/1987 1936/1936/1936 1935/1935/1935
f 1987/1987/1987 1935/1935/1935 1988/1988/1988
f 1988/1988/1988 1935/1935/1935 1939/1939/1939
f 1988/1988/1988 1939/1939/1939 1976/1976/1976
f 1986/1986/1986 1989/1989/1989 1990/1990/1990
f 1986/1986/1986 1990/1990/1990 1991/1991/1991
f 1991/1991/1991 1990/1990/1990 1765/1765/1765
f 1991/1991/1991 1765/1765/1765 1762/1762/1762
f 1989/1989/1989 1975/1975/1975 1985/1985/1985
f 1989/1989/1989 1985/1985/1985 1990/1990/1990
f 1990/1990/1990 1985/1985/1985 1766/1766/1766
f 1990/1990/1990 1766/1766/1766 1765/1765/1765
f 1986/1986/1986 1991/1991/1991 1992/1992/1992
f 1986/1986/1986 1992/1992/1992 1993/1993/1993
f 1993/1993/1993 1992/1992/1992 1919/1919/1919
f 1993/1993/1993 1919/1919/1919 1916/1916/1916
f 1991/1991/1991 1762/1762/1762 1761/1761/1761
f 1991/1991/1991 1761/1761/1761 1992/1992/1992
f 1992/1992/1992 1761/1761/1761 1718/1718/1718
f 1992/1992/1992 1718/1718/1718 1919/1919/1919
f 1986/1986/1986 1993/1993/1993 1994/1994/1994
f 1986/1986/1986 1994/1994/1994 1987/1987/1987
f 1987/1987/1987 1994/1994/1994 1942/1942/1942
f 1987/1987/1987 1942/1942/1942 1936/1936/1936
f 1993/1993/1993 1916/1916/1916 1915/1915/1915
f 1993/1993/1993 1915/1915/1915 1994/1994/1994
f 1994/1994/1994 1915/1915/1915 1906/1906/1906
f 1994/1994/1994 1906/1906/1906 1942/1942/1942
f 1995/1995/1995 1996/1996/1996 1997/1997/1997
f 1995/1995/1995 1997/1997/1997 1998/1998/1998
f 1998/1998/1998 1997/1997/1997 1999/1999/1999
f 1998/1998/1998 1999/1999/1999 2000/2000/2000
f 1996/1996/1996 2001/2001/2001 2002/2002/2002
f 1996/1996/1996 2002/2002/2002 1997/1997/1997
f 1997/1997/1997 2002/2002/2002 2003/2003/2003
f 1997/1997/1997 2003/2003/2003 1999/1999/1999
f 1995/1995/1995 1998/1998/1998 2004/2004/2004
f 1995/1995/1995 2004/2004/2004 2005/2005/2005
f 2005/2005/2005 2004/2004/2004 1969/1969/1969
f 2005/2005/2005 1969/1969/1969 1964/1964/1964
f 1998/1998/1998 2000/2000/2000 2006/2006/2006
f 1998/1998/1998 2006/2006/2006 2004/2004/2004
f 2004/2004/2004 2006/2006/2006 1970/1970/1970
f 2004/2004/2004 1970/1970/1970 1969/1969/1969
f 1995/1995/1995 2005/2005/2005 2007/2007/2007
f 1995/1995/1995 2007/2007/2007 2008/2008/2008
f 2008/2008/2008 2007/2007/2007 2009/2009/2009
f 2008/2008/2008 2009/2009/2009 2010/2010/2010
f 2005/2005/2005 1964/1964/1964 1963/1963/1963
f 2005/2005/2005 1963/1963/1963 2007/2007/2007
f 2007/2007/2007 1963/1963/1963 1966/1966/1966
f 2007/2007/2007 1966/1966/1966 2009/2009/2009
f 1995/1995/1995 2008/2008/2008 2011/2011/2011
f 1995/1995/1995 2011/2011/2011 1996/1996/1996
f 1996/1996/1996 2011/2011/2011 2012/2012/2012
f 1996/1996/1996 2012/2012/2012 2001/2001/2001
f 2008/2008/2008 2010/2010/2010 2013/2013/2013
f 2008/2008/2008 2013/2013/2013 2011/2011/2011
f 2011/2011/2011 2013/2013/2013 2014/2014/2014
f 2011/2011/2011 2014/2014/2014 2012/2012/2012
f 2015/2015/2015 2016/2016/2016 2017/2017/2017
f 2015/2015/2015 2017/2017/2017 2018/2018/2018
f 2018/2018/2018 2017/2017/2017 2002/2002/2002
f 2018/2018/2018 2002/2002/2002 2001/2001/2001
f 2016/2016/2016 2019/2019/2019 2020/2020/2020
f 2016/2016/2016 2020/2020/2020 2017/2017/2017
f 2017/2017/2017 2020/2020/2020 2003/2003/2003
f 2017/2017/2017 2003/2003/2003 2002/2002/2002
f 2015/2015/2015 2018/2018/2018 2021/2021/2021
f 2015/2015/2015 2021/2021/2021 2022/2022/2022
f 2022/2022/2022 2021/2021/2021 2023/2023/2023
f 2022/2022/2022 2023/2023/2023 2024/2024/2024
f 2018/2018/2018 2001/2001/2001 2012/2012/2012
f 2018/2018/2018 2012/2012/2012 2021/2021/2021
f 2021/2021/2021 2012/2012/2012 2014/2014/2014
f 2021/2021/2021 2014/2014/2014 2023/2023/2023
f 2015/2015/2015 2022/2022/2022 2025/2025/2025
f 2015/2015/2015 2025/2025/2025 2026/2026/2026
f 2026/2026/2026 2025/2025/2025 309/309/309
f 2026/2026/2026 309/309/309 302/302/302
f 2022/2022/2022 2024/2024/2024 2027/2027/2027
f 2022/2022/2022 2027/2027/2027 2025/2025/2025
f 2025/2025/2025 2027/2027/2027 310/310/310
f 2025/2025/2025 310/310/310 309/309/309
f 2015/2015/2015 2026/2026/2026 2028/2028/2028
f 2015/2015/2015 2028/2028/2028 2016/2016/2016
f 2016/2016/2016 2028/2028/2028 2029/2029/2029
f 2016/2016/2016 2029/2029/2029 2019/2019/2019
f 2026/2026/2026 302/302/302 301/301/301
f 2026/2026/2026 301/301/301 2028/2028/2028
f 2028/2028/2028 301/301/301 304/304/304
f 2028/2028/2028 304/304/304 2029/2029/2029
f 2030/2030/2030 2031/2031/2031 2032/2032/2032
f 2030/2030/2030 2032/2032/2032 2033/2033/2033
f 2033/2033/2033 2032/2032/2032 2020/2020/2020
f 2033/2033/2033 2020/2020/2020 2019/2019/2019
f 2031/2031/2031 2034/2034/2034 2035/2035/2035
f 2031/2031/2031 2035/2035/2035 2032/2032/2032
f 2032/2032/2032 2035/2035/2035 2003/2003/2003
f 2032/2032/2032 2003/2003/2003 2020/2020/2020
f 2030/2030/2030 2033/2033/2033 2036/2036/2036
f 2030/2030/2030 2036/2036/2036 2037/2037/2037
f 2037/2037/2037 2036/2036/2036 361/361/361
f 2037/2037/2037 361/361/361 359/359/359
f 2033/2033/2033 2019/2019/2019 2029/2029/2029
f 2033/2033/2033 2029/2029/2029 2036/2036/2036
f 2036/2036/2036 2029/2029/2029 304/304/304
f 2036/2036/2036 304/304/304 361/361/361
f 2030/2030/2030 2037/2037/2037 2038/2038/2038
f 2030/2030/2030 2038/2038/2038 2039/2039/2039
f 2039/2039/2039 2038/2038/2038 1843/1843/1843
f 2039/2039/2039 1843/1843/1843 1840/1840/1840
f 2037/2037/2037 359/359/359 358/358/358
f 2037/2037/2037 358/358/358 2038/2038/2038
f 2038/2038/2038 358/358/358 174/174/174
f 2038/2038/2038 174/174/174 1843/1843/1843
f 2030/2030/2030 2039/2039/2039 2040/2040/2040
f 2030/2030/2030 2040/2040/2040 2031/2031/2031
f 2031/2031/2031 2040/2040/2040 2041/2041/2041
f 2031/2031/2031 2041/2041/2041 2034/2034/2034
f 2039/2039/2039 1840/1840/1840 1839/1839/1839
f 2039/2039/2039 1839/1839/1839 2040/2040/2040
f 2040/2040/2040 1839/1839/1839 1830/1830/1830
f 2040/2040/2040 1830/1830/1830 2041/2041/2041
f 2042/2042/2042 2043/2043/2043 2044/2044/2044
f 2042/2042/2042 2044/2044/2044 2045/2045/2045
f 2045/2045/2045 2044/2044/2044 2035/2035/2035
f 2045/2045/2045 2035/2035/2035 2034/2034/2034
f 2043/2043/2043 2000/2000/2000 1999/1999/1999
f 2043/2043/2043 1999/1999/1999 2044/2044/2044
f 2044/2044/2044 1999/1999/1999 2003/2003/2003
f 2044/2044/2044 2003/2003/2003 2035/2035/2035
f 2042/2042/2042 2045/2045/2045 2046/2046/2046
f 2042/2042/2042 2046/2046/2046 2047/2047/2047
f 2047/2047/2047 2046/2046/2046 1829/1829/1829
f 2047/2047/2047 1829/1829/1829 1826/1826/1826
f 2045/2045/2045 2034/2034/2034 2041/2041/2041
f 2045/2045/2045 2041/2041/2041 2046/2046/2046
f 2046/2046/2046 2041/2041/2041 1830/1830/1830
f 2046/2046/2046 1830/1830/1830 1829/1829/1829
f 2042/2042/2042 2047/2047/2047 2048/2048/2048
f 2042/2042/2042 2048/2048/2048 2049/2049/2049
f 2049/2049/2049 2048/2048/2048 1983/1983/1983
f 2049/2049/2049 1983/1983/1983 1980/1980/1980
f 2047/2047/2047 1826/1826/1826 1825/1825/1825
f 2047/2047/2047 1825/1825/1825 2048/2048/2048
f 2048/2048/2048 1825/1825/1825 1782/1782/1782
f 2048/2048/2048 1782/1782/1782 1983/1983/1983
f 2042/2042/2042 2049/2049/2049 2050/2050/2050
f 2042/2042/2042 2050/2050/2050 2043/2043/2043
f 2043/2043/2043 2050/2050/2050 2006/2006/2006
f 2043/2043/2043 2006/2006/2006 2000/2000/2000
f 2049/2049/2049 1980/1980/1980 1979/1979/1979
f 2049/2049/2049 1979/1979/1979 2050/2050/2050
f 2050/2050/2050 1979/1979/1979 1970/1970/1970
f 2050/2050/2050 1970/1970/1970 2006/2006/2006
f 2051/2051/2051 2052/2052/2052 2053/2053/2053
f 2051/2051/2051 2053/2053/2053 2054/2054/2054
f 2054/2054/2054 2053/2053/2053 2055/2055/2055
f 2054/2054/2054 2055/2055/2055 2056/2056/2056
f 2052/2052/2052 2057/2057/2057 2058/2058/2058
f 2052/2052/2052 2058/2058/2058 2053/2053/2053
f 2053/2053/2053 2058/2058/2058 2059/2059/2059
f 2053/2053/2053 2059/2059/2059 2055/2055/2055
f 2051/2051/2051 2054/2054/2054 2060/2060/2060
f 2051/2051/2051 2060/2060/2060 2061/2061/2061
f 2061/2061/2061 2060/2060/2060 2062/2062/2062
f 2061/2061/2061 2062/2062/2062 2063/2063/2063
f 2054/2054/2054 2056/2056/2056 2064/2064/2064
f 2054/2054/2054 2064/2064/2064 2060/2060/2060
f 2060/2060/2060 2064/2064/2064 2065/2065/2065
f 2060/2060/2060 2065/2065/2065 2062/2062/2062
f 2051/2051/2051 2061/2061/2061 2066/2066/2066
f 2051/2051/2051 2066/2066/2066 2067/2067/2067
f 2067/2067/2067 2066/2066/2066 2068/2068/2068
f 2067/2067/2067 2068/2068/2068 2069/2069/2069
f 2061/2061/2061 2063/2063/2063 2070/2070/2070
f 2061/2061/2061 2070/2070/2070 2066/2066/2066
f 2066/2066/2066 2070/2070/2070 2071/2071/2071
f 2066/2066/2066 2071/2071/2071 2068/2068/2068
f 2051/2051/2051 2067/2067/2067 2072/2072/2072
f 2051/2051/2051 2072/2072/2072 2052/2052/2052
f 2052/2052/2052 2072/2072/2072 2073/2073/2073
f 2052/2052/2052 2073/2073/2073 2057/2057/2057
f 2067/2067/2067 2069/2069/2069 2074/2074/2074
f 2067/2067/2067 2074/2074/2074 2072/2072/2072
f 2072/2072/2072 2074/2074/2074 2075/2075/2075
f 2072/2072/2072 2075/2075/2075 2073/2073/2073
f 2076/2076/2076 2077/2077/2077 2078/2078/2078
f 2076/2076/2076 2078/2078/2078 2079/2079/2079
f 2079/2079/2079 2078/2078/2078 2058/2058/2058
f 2079/2079/2079 2058/2058/2058 2057/2057/2057
f 2077/2077/2077 2080/2080/2080 2081/2081/2081
f 2077/2077/2077 2081/2081/2081 2078/2078/2078
f 2078/2078/2078 2081/2081/2081 2059/2059/2059
f 2078/2078/2078 2059/2059/2059 2058/2058/2058
f 2076/2076/2076 2079/2079/2079 2082/2082/2082
f 2076/2076/2076 2082/2082/2082 2083/2083/2083
f 2083/2083/2083 2082/2082/2082 2084/2084/2084
f 2083/2083/2083 2084/2084/2084 2085/2085/2085
f 2079/2079/2079 2057/2057/2057 2073/2073/2073
f 2079/2079/2079 2073/2073/2073 2082/2082/2082
f 2082/2082/2082 2073/2073/2073 2075/2075/2075
f 2082/2082/2082 2075/2075/2075 2084/2084/2084
f 2076/2076/2076 2083/2083/2083 2086/2086/2086
f 2076/2076/2076 2086/2086/2086 2087/2087/2087
f 2087/2087/2087 2086/2086/2086 2088/2088/2088
f 2087/2087/2087 2088/2088/2088 2089/2089/2089
f 2083/2083/2083 2085/2085/2085 2090/2090/2090
f 2083/2083/2083 2090/2090/2090 2086/2086/2086
f 2086/2086/2086 2090/2090/2090 2091/2091/2091
f 2086/2086/2086 2091/2091/2091 2088/2088/2088
f 2076/2076/2076 2087/2087/2087 2092/2092/2092
f 2076/2076/2076 2092/2092/2092 2077/2077/2077
f 2077/2077/2077 2092/2092/2092 2093/2093/2093
f 2077/2077/2077 2093/2093/2093 2080/2080/2080
f 2087/2087/2087 2089/2089/2089 2094/2094/2094
f 2087/2087/2087 2094/2094/2094 2092/2092/2092
f 2092/2092/2092 2094/2094/2094 2095/2095/2095
f 2092/2092/2092 2095/2095/2095 2093/2093/2093
f 2096/2096/2096 2097/2097/2097 2098/2098/2098
f 2096/2096/2096 2098/2098/2098 2099/2099/2099
f 2099/2099/2099 2098/2098/2098 2081/2081/2081
f 2099/2099/2099 2081/2081/2081 2080/2080/2080
f 2097/2097/2097 2100/2100/2100 2101/2101/2101
f 2097/2097/2097 2101/2101/2101 2098/2098/2098
f 2098/2098/2098 2101/2101/2101 2059/2059/2059
f 2098/2098/2098 2059/2059/2059 2081/2081/2081
f 2096/2096/2096 2099/2099/2099 2102/2102/2102
f 2096/2096/2096 2102/2102/2102 2103/2103/2103
f 2103/2103/2103 2102/2102/2102 2104/2104/2104
f 2103/2103/2103 2104/2104/2104 2105/2105/2105
f 2099/2099/2099 2080/2080/2080 2093/2093/2093
f 2099/2099/2099 2093/2093/2093 2102/2102/2102
f 2102/2102/2102 2093/2093/2093 2095/2095/2095
f 2102/2102/2102 2095/2095/2095 2104/2104/2104
f 2096/2096/2096 2103/2103/2103 2106/2106/2106
f 2096/2096/2096 2106/2106/2106 2107/2107/2107
f 2107/2107/2107 2106/2106/2106 2108/2108/2108
f 2107/2107/2107 2108/2108/2108 2109/2109/2109
f 2103/2103/2103 2105/2105/2105 2110/2110/2110
f 2103/2103/2103 2110/2110/2110 2106/2106/2106
f 2106/2106/2106 2110/2110/2110 2111/2111/2111
f 2106/2106/2106 2111/2111/2111 2108/2108/2108
f 2096/2096/2096 2107/2107/2107 2112/2112/2112
f 2096/2096/2096 2112/2112/2112 2097/2097/2097
f 2097/2097/2097 2112/2112/2112 2113/2113/2113
f 2097/2097/2097 2113/2113/2113 2100/2100/2100
f 2107/2107/2107 2109/2109/2109 2114/2114/2114
f 2107/2107/2107 2114/2114/2114 2112/2112/2112
f 2112/2112/2112 2114/2114/2114 2115/2115/2115
f 2112/2112/2112 2115/2115/2115 2113/2113/2113
f 2116/2116/2116 2117/2117/2117 2118/2118/2118
f 2116/2116/2116 2118/2118/2118 2119/2119/2119
f 2119/2119/2119 2118/2118/2118 2101/2101/2101
f 2119/2119/2119 2101/2101/2101 2100/2100/2100
f 2117/2117/2117 2056/2056/2056 2055/2055/2055
f 2117/2117/2117 2055/2055/2055 2118/2118/2118
f 2118/2118/2118 2055/2055/2055 2059/2059/2059
f 2118/2118/2118 2059/2059/2059 2101/2101/2101
f 2116/2116/2116 2119/2119/2119 2120/2120/2120
f 2116/2116/2116 2120/2120/2120 2121/2121/2121
f 2121/2121/2121 2120/2120/2120 2122/2122/2122
f 2121/2121/2121 2122/2122/2122 2123/2123/2123
f 2119/2119/2119 2100/2100/2100 2113/2113/2113
f 2119/2119/2119 2113/2113/2113 2120/2120/2120
f 2120/2120/2120 2113/2113/2113 2115/2115/2115
f 2120/2120/2120 2115/2115/2115 2122/2122/2122
f 2116/2116/2116 2121/2121/2121 2124/2124/2124
f 2116/2116/2116 2124/2124/2124 2125/2125/2125
f 2125/2125/2125 2124/2124/2124 2126/2126/2126
f 2125/2125/2125 2126/2126/2126 2127/2127/2127
f 2121/2121/2121 2123/2123/2123 2128/2128/2128
f 2121/2121/2121 2128/2128/2128 2124/2124/2124
f 2124/2124/2124 2128/2128/2128 2129/2129/2129
f 2124/2124/2124 2129/2129/2129 2126/2126/2126
f 2116/2116/2116 2125/2125/2125 2130/2130/2130
f 2116/2116/2116 2130/2130/2130 2117/2117/2117
f 2117/2117/2117 2130/2130/2130 2064/2064/2064
f 2117/2117/2117 2064/2064/2064 2056/2056/2056
f 2125/2125/2125 2127/2127/2127 2131/2131/2131
f 2125/2125/2125 2131/2131/2131 2130/2130/2130
f 2130/2130/2130 2131/2131/2131 2065/2065/2065
f 2130/2130/2130 2065/2065/2065 2064/2064/2064
f 2132/2132/2132 2133/2133/2133 2134/2134/2134
f 2132/2132/2132 2134/2134/2134 2135/2135/2135
f 2135/2135/2135 2134/2134/2134 2136/2136/2136
f 2135/2135/2135 2136/2136/2136 2137/2137/2137
f 2133/2133/2133 2138/2138/2138 2139/2139/2139
f 2133/2133/2133 2139/2139/2139 2134/2134/2134
f 2134/2134/2134 2139/2139/2139 2140/2140/2140
f 2134/2134/2134 2140/2140/2140 2136/2136/2136
f 2132/2132/2132 2135/2135/2135 2141/2141/2141
f 2132/2132/2132 2141/2141/2141 2142/2142/2142
f 2142/2142/2142 2141/2141/2141 2131/2131/2131
f 2142/2142/2142 2131/2131/2131 2127/2127/2127
f 2135/2135/2135 2137/2137/2137 2143/2143/2143
f 2135/2135/2135 2143/2143/2143 2141/2141/2141
f 2141/2141/2141 2143/2143/2143 2065/2065/2065
f 2141/2141/2141 2065/2065/2065 2131/2131/2131
f 2132/2132/2132 2142/2142/2142 2144/2144/2144
f 2132/2132/2132 2144/2144/2144 2145/2145/2145
f 2145/2145/2145 2144/2144/2144 2146/2146/2146
f 2145/2145/2145 2146/2146/2146 2147/2147/2147
f 2142/2142/2142 2127/2127/2127 2126/2126/2126
f 2142/2142/2142 2126/2126/2126 2144/2144/2144
f 2144/2144/2144 2126/2126/2126 2129/2129/2129
f 2144/2144/2144 2129/2129/2129 2146/2146/2146
f 2132/2132/2132 2145/2145/2145 2148/2148/2148
f 2132/2132/2132 2148/2148/2148 2133/2133/2133
f 2133/2133/2133 2148/2148/2148 2149/2149/2149
f 2133/2133/2133 2149/2149/2149 2138/2138/2138
f 2145/2145/2145 2147/2147/2147 2150/2150/2150
f 2145/2145/2145 2150/2150/2150 2148/2148/2148
f 2148/2148/2148 2150/2150/2150 2151/2151/2151
f 2148/2148/2148 2151/2151/2151 2149/2149/2149
f 2152/2152/2152 2153/2153/2153 2154/2154/2154
f 2152/2152/2152 2154/2154/2154 2155/2155/2155
f 2155/2155/2155 2154/2154/2154 2139/2139/2139
f 2155/2155/2155 2139/2139/2139 2138/2138/2138
f 2153/2153/2153 2156/2156/2156 2157/2157/2157
f 2153/2153/2153 2157/2157/2157 2154/2154/2154
f 2154/2154/2154 2157/2157/2157 2140/2140/2140
f 2154/2154/2154 2140/2140/2140 2139/2139/2139
f 2152/2152/2152 2155/2155/2155 2158/2158/2158
f 2152/2152/2152 2158/2158/2158 2159/2159/2159
f 2159/2159/2159 2158/2158/2158 2160/2160/2160
f 2159/2159/2159 2160/2160/2160 2161/2161/2161
f 2155/2155/2155 2138/2138/2138 2149/2149/2149
f 2155/2155/2155 2149/2149/2149 2158/2158/2158
f 2158/2158/2158 2149/2149/2149 2151/2151/2151
f 2158/2158/2158 2151/2151/2151 2160/2160/2160
f 2152/2152/2152 2159/2159/2159 2162/2162/2162
f 2152/2152/2152 2162/2162/2162 2163/2163/2163
f 2163/2163/2163 2162/2162/2162 2164/2164/2164
f 2163/2163/2163 2164/2164/2164 2165/2165/2165
f 2159/2159/2159 2161/2161/2161 2166/2166/2166
f 2159/2159/2159 2166/2166/2166 2162/2162/2162
f 2162/2162/2162 2166/2166/2166 2167/2167/2167
f 2162/2162/2162 2167/2167/2167 2164/2164/2164
f 2152/2152/2152 2163/2163/2163 2168/2168/2168
f 2152/2152/2152 2168/2168/2168 2153/2153/2153
f 2153/2153/2153 2168/2168/2168 2169/2169/2169
f 2153/2153/2153 2169/2169/2169 2156/2156/2156
f 2163/2163/2163 2165/2165/2165 2170/2170/2170
f 2163/2163/2163 2170/2170/2170 2168/2168/2168
f 2168/2168/2168 2170/2170/2170 2171/2171/2171
f 2168/2168/2168 2171/2171/2171 2169/2169/2169
f 2172/2172/2172 2173/2173/2173 2174/2174/2174
f 2172/2172/2172 2174/2174/2174 2175/2175/2175
f 2175/2175/2175 2174/2174/2174 2157/2157/2157
f 2175/2175/2175 2157/2157/2157 2156/2156/2156
f 2173/2173/2173 2176/2176/2176 2177/2177/2177
f 2173/2173/2173 2177/2177/2177 2174/2174/2174
f 2174/2174/2174 2177/2177/2177 2140/2140/2140
f 2174/2174/2174 2140/2140/2140 2157/2157/2157
f 2172/2172/2172 2175/2175/2175 2178/2178/2178
f 2172/2172/2172 2178/2178/2178 2179/2179/2179
f 2179/2179/2179 2178/2178/2178 2180/2180/2180
f 2179/2179/2179 2180/2180/2180 2181/2181/2181
f 2175/2175/2175 2156/2156/2156 2169/2169/2169
f 2175/2175/2175 2169/2169/2169 2178/2178/2178
f 2178/2178/2178 2169/2169/2169 2171/2171/2171
f 2178/2178/2178 2171/2171/2171 2180/2180/2180
f 2172/2172/2172 2179/2179/2179 2182/2182/2182
f 2172/2172/2172 2182/2182/2182 2183/2183/2183
f 2183/2183/2183 2182/2182/2182 2184/2184/2184
f 2183/2183/2183 2184/2184/2184 2185/2185/2185
f 2179/2179/2179 2181/2181/2181 2186/2186/2186
f 2179/2179/2179 2186/2186/2186 2182/2182/2182
f 2182/2182/2182 2186/2186/2186 2187/2187/2187
f 2182/2182/2182 2187/2187/2187 2184/2184/2184
f 2172/2172/2172 2183/2183/2183 2188/2188/2188
f 2172/2172/2172 2188/2188/2188 2173/2173/2173
f 2173/2173/2173 2188/2188/2188 2189/2189/2189
f 2173/2173/2173 2189/2189/2189 2176/2176/2176
f 2183/2183/2183 2185/2185/2185 2190/2190/2190
f 2183/2183/2183 2190/2190/2190 2188/2188/2188
f 2188/2188/2188 2190/2190/2190 2191/2191/2191
f 2188/2188/2188 2191/2191/2191 2189/2189/2189
f 2192/2192/2192 2193/2193/2193 2194/2194/2194
f 2192/2192/2192 2194/2194/2194 2195/2195/2195
f 2195/2195/2195 2194/2194/2194 2177/2177/2177
f 2195/2195/2195 2177/2177/2177 2176/2176/2176
f 2193/2193/2193 2137/2137/2137 2136/2136/2136
f 2193/2193/2193 2136/2136/2136 2194/2194/2194
f 2194/2194/2194 2136/2136/2136 2140/2140/2140
f 2194/2194/2194 2140/2140/2140 2177/2177/2177
f 2192/2192/2192 2195/2195/2195 2196/2196/2196
f 2192/2192/2192 2196/2196/2196 2197/2197/2197
f 2197/2197/2197 2196/2196/2196 2198/2198/2198
f 2197/2197/2197 2198/2198/2198 2199/2199/2199
f 2195/2195/2195 2176/2176/2176 2189/2189/2189
f 2195/2195/2195 2189/2189/2189 2196/2196/2196
f 2196/2196/2196 2189/2189/2189 2191/2191/2191
f 2196/2196/2196 2191/2191/2191 2198/2198/2198
f 2192/2192/2192 2197/2197/2197 2200/2200/2200
f 2192/2192/2192 2200/2200/2200 2201/2201/2201
f 2201/2201/2201 2200/2200/2200 2070/2070/2070
f 2201/2201/2201 2070/2070/2070 2063/2063/2063
f 2197/2197/2197 2199/2199/2199 2202/2202/2202
f 2197/2197/2197 2202/2202/2202 2200/2200/2200
f 2200/2200/2200 2202/2202/2202 2071/2071/2071
f 2200/2200/2200 2071/2071/2071 2070/2070/2070
f 2192/2192/2192 2201/2201/2201 2203/2203/2203
f 2192/2192/2192 2203/2203/2203 2193/2193/2193
f 2193/2193/2193 2203/2203/2203 2143/2143/2143
f 2193/2193/2193 2143/2143/2143 2137/2137/2137
f 2201/2201/2201 2063/2063/2063 2062/2062/2062
f 2201/2201/2201 2062/2062/2062 2203/2203/2203
f 2203/2203/2203 2062/2062/2062 2065/2065/2065
f 2203/2203/2203 2065/2065/2065 2143/2143/2143
f 2204/2204/2204 2205/2205/2205 2206/2206/2206
f 2204/2204/2204 2206/2206/2206 2207/2207/2207
f 2207/2207/2207 2206/2206/2206 2208/2208/2208
f 2207/2207/2207 2208/2208/2208 2209/2209/2209
f 2205/2205/2205 2210/2210/2210 2211/2211/2211
f 2205/2205/2205 2211/2211/2211 2206/2206/2206
f 2206/2206/2206 2211/2211/2211 2212/2212/2212
f 2206/2206/2206 2212/2212/2212 2208/2208/2208
f 2204/2204/2204 2207/2207/2207 2213/2213/2213
f 2204/2204/2204 2213/2213/2213 2214/2214/2214
f 2214/2214/2214 2213/2213/2213 2170/2170/2170
f 2214/2214/2214 2170/2170/2170 2165/2165/2165
f 2207/2207/2207 2209/2209/2209 2215/2215/2215
f 2207/2207/2207 2215/2215/2215 2213/2213/2213
f 2213/2213/2213 2215/2215/2215 2171/2171/2171
f 2213/2213/2213 2171/2171/2171 2170/2170/2170
f 2204/2204/2204 2214/2214/2214 2216/2216/2216
f 2204/2204/2204 2216/2216/2216 2217/2217/2217
f 2217/2217/2217 2216/2216/2216 2218/2218/2218
f 2217/2217/2217 2218/2218/2218 2219/2219/2219
f 2214/2214/2214 2165/2165/2165 2164/2164/2164
f 2214/2214/2214 2164/2164/2164 2216/2216/2216
f 2216/2216/2216 2164/2164/2164 2167/2167/2167
f 2216/2216/2216 2167/2167/2167 2218/2218/2218
f 2204/2204/2204 2217/2217/2217 2220/2220/2220
f 2204/2204/2204 2220/2220/2220 2205/2205/2205
f 2205/2205/2205 2220/2220/2220 2221/2221/2221
f 2205/2205/2205 2221/2221/2221 2210/2210/2210
f 2217/2217/2217 2219/2219/2219 2222/2222/2222
f 2217/2217/2217 2222/2222/2222 2220/2220/2220
f 2220/2220/2220 2222/2222/2222 2223/2223/2223
f 2220/2220/2220 2223/2223/2223 2221/2221/2221
f 2224/2224/2224 2225/2225/2225 2226/2226/2226
f 2224/2224/2224 2226/2226/2226 2227/2227/2227
f 2227/2227/2227 2226/2226/2226 2211/2211/2211
f 2227/2227/2227 2211/2211/2211 2210/2210/2210
f 2225/2225/2225 2228/2228/2228 2229/2229/2229
f 2225/2225/2225 2229/2229/2229 2226/2226/2226
f 2226/2226/2226 2229/2229/2229 2212/2212/2212
f 2226/2226/2226 2212/2212/2212 2211/2211/2211
f 2224/2224/2224 2227/2227/2227 2230/2230/2230
f 2224/2224/2224 2230/2230/2230 2231/2231/2231
f 2231/2231/2231 2230/2230/2230 2232/2232/2232
f 2231/2231/2231 2232/2232/2232 2233/2233/2233
f 2227/2227/2227 2210/2210/2210 2221/2221/2221
f 2227/2227/2227 2221/2221/2221 2230/2230/2230
f 2230/2230/2230 2221/2221/2221 2223/2223/2223
f 2230/2230/2230 2223/2223/2223 2232/2232/2232
f 2224/2224/2224 2231/2231/2231 2234/2234/2234
f 2224/2224/2224 2234/2234/2234 2235/2235/2235
f 2235/2235/2235 2234/2234/2234 2236/2236/2236
f 2235/2235/2235 2236/2236/2236 2237/2237/2237
f 2231/2231/2231 2233/2233/2233 2238/2238/2238
f 2231/2231/2231 2238/2238/2238 2234/2234/2234
f 2234/2234/2234 2238/2238/2238 2239/2239/2239
f 2234/2234/2234 2239/2239/2239 2236/2236/2236
f 2224/2224/2224 2235/2235/2235 2240/2240/2240
f 2224/2224/2224 2240/2240/2240 2225/2225/2225
f 2225/2225/2225 2240/2240/2240 2241/2241/2241
f 2225/2225/2225 2241/2241/2241 2228/2228/2228
f 2235/2235/2235 2237/2237/2237 2242/2242/2242
f 2235/2235/2235 2242/2242/2242 2240/2240/2240
f 2240/2240/2240 2242/2242/2242 2243/2243/2243
f 2240/2240/2240 2243/2243/2243 2241/2241/2241
f 2244/2244/2244 2245/2245/2245 2246/2246/2246
f 2244/2244/2244 2246/2246/2246 2247/2247/2247
f 2247/2247/2247 2246/2246/2246 2229/2229/2229
f 2247/2247/2247 2229/2229/2229 2228/2228/2228
f 2245/2245/2245 2248/2248/2248 2249/2249/2249
f 2245/2245/2245 2249/2249/2249 2246/2246/2246
f 2246/2246/2246 2249/2249/2249 2212/2212/2212
f 2246/2246/2246 2212/2212/2212 2229/2229/2229
f 2244/2244/2244 2247/2247/2247 2250/2250/2250
f 2244/2244/2244 2250/2250/2250 2251/2251/2251
f 2251/2251/2251 2250/2250/2250 2252/2252/2252
f 2251/2251/2251 2252/2252/2252 2253/2253/2253
f 2247/2247/2247 2228/2228/2228 2241/2241/2241
f 2247/2247/2247 2241/2241/2241 2250/2250/2250
f 2250/2250/2250 2241/2241/2241 2243/2243/2243
f 2250/2250/2250 2243/2243/2243 2252/2252/2252
f 2244/2244/2244 2251/2251/2251 2254/2254/2254
f 2244/2244/2244 2254/2254/2254 2255/2255/2255
f 2255/2255/2255 2254/2254/2254 2256/2256/2256
f 2255/2255/2255 2256/2256/2256 2257/2257/2257
f 2251/2251/2251 2253/2253/2253 2258/2258/2258
f 2251/2251/2251 2258/2258/2258 2254/2254/2254
f 2254/2254/2254 2258/2258/2258 2259/2259/2259
f 2254/2254/2254 2259/2259/2259 2256/2256/2256
f 2244/2244/2244 2255/2255/2255 2260/2260/2260
f 2244/2244/2244 2260/2260/2260 2245/2245/2245
f 2245/2245/2245 2260/2260/2260 2261/2261/2261
f 2245/2245/2245 2261/2261/2261 2248/2248/2248
f 2255/2255/2255 2257/2257/2257 2262/2262/2262
f 2255/2255/2255 2262/2262/2262 2260/2260/2260
f 2260/2260/2260 2262/2262/2262 2263/2263/2263
f 2260/2260/2260 2263/2263/2263 2261/2261/2261
f 2264/2264/2264 2265/2265/2265 2266/2266/2266
f 2264/2264/2264 2266/2266/2266 2267/2267/2267
f 2267/2267/2267 2266/2266/2266 2249/2249/2249
f 2267/2267/2267 2249/2249/2249 2248/2248/2248
f 2265/2265/2265 2209/2209/2209 2208/2208/2208
f 2265/2265/2265 2208/2208/2208 2266/2266/2266
f 2266/2266/2266 2208/2208/2208 2212/2212/2212
f 2266/2266/2266 2212/2212/2212 2249/2249/2249
f 2264/2264/2264 2267/2267/2267 2268/2268/2268
f 2264/2264/2264 2268/2268/2268 2269/2269/2269
f 2269/2269/2269 2268/2268/2268 2270/2270/2270
f 2269/2269/2269 2270/2270/2270 2271/2271/2271
f 2267/2267/2267 2248/2248/2248 2261/2261/2261
f 2267/2267/2267 2261/2261/2261 2268/2268/2268
f 2268/2268/2268 2261/2261/2261 2263/2263/2263
f 2268/2268/2268 2263/2263/2263 2270/2270/2270
f 2264/2264/2264 2269/2269/2269 2272/2272/2272
f 2264/2264/2264 2272/2272/2272 2273/2273/2273
f 2273/2273/2273 2272/2272/2272 2186/2186/2186
f 2273/2273/2273 2186/2186/2186 2181/2181/2181
f 2269/2269/2269 2271/2271/2271 2274/2274/2274
f 2269/2269/2269 2274/2274/2274 2272/2272/2272
f 2272/2272/2272 2274/2274/2274 2187/2187/2187
f 2272/2272/2272 2187/2187/2187 2186/2186/2186
f 2264/2264/2264 2273/2273/2273 2275/2275/2275
f 2264/2264/2264 2275/2275/2275 2265/2265/2265
f 2265/2265/2265 2275/2275/2275 2215/2215/2215
f 2265/2265/2265 2215/2215/2215 2209/2209/2209
f 2273/2273/2273 2181/2181/2181 2180/2180/2180
f 2273/2273/2273 2180/2180/2180 2275/2275/2275
f 2275/2275/2275 2180/2180/2180 2171/2171/2171
f 2275/2275/2275 2171/2171/2171 2215/2215/2215
f 2276/2276/2276 2277/2277/2277 2278/2278/2278
f 2276/2276/2276 2278/2278/2278 2279/2279/2279
f 2279/2279/2279 2278/2278/2278 2280/2280/2280
f 2279/2279/2279 2280/2280/2280 2281/2281/2281
f 2277/2277/2277 2282/2282/2282 2283/2283/2283
f 2277/2277/2277 2283/2283/2283 2278/2278/2278
f 2278/2278/2278 2283/2283/2283 2284/2284/2284
f 2278/2278/2278 2284/2284/2284 2280/2280/2280
f 2276/2276/2276 2279/2279/2279 2285/2285/2285
f 2276/2276/2276 2285/2285/2285 2286/2286/2286
f 2286/2286/2286 2285/2285/2285 2287/2287/2287
f 2286/2286/2286 2287/2287/2287 2288/2288/2288
f 2279/2279/2279 2281/2281/2281 2289/2289/2289
f 2279/2279/2279 2289/2289/2289 2285/2285/2285
f 2285/2285/2285 2289/2289/2289 2290/2290/2290
f 2285/2285/2285 2290/2290/2290 2287/2287/2287
f 2276/2276/2276 2286/2286/2286 2291/2291/2291
f 2276/2276/2276 2291/2291/2291 2292/2292/2292
f 2292/2292/2292 2291/2291/2291 1546/1546/1546
f 2292/2292/2292 1546/1546/1546 1543/1543/1543
f 2286/2286/2286 2288/2288/2288 2293/2293/2293
f 2286/2286/2286 2293/2293/2293 2291/2291/2291
f 2291/2291/2291 2293/2293/2293 562/562/562
f 2291/2291/2291 562/562/562 1546/1546/1546
f 2276/2276/2276 2292/2292/2292 2294/2294/2294
f 2276/2276/2276 2294/2294/2294 2277/2277/2277
f 2277/2277/2277 2294/2294/2294 2295/2295/2295
f 2277/2277/2277 2295/2295/2295 2282/2282/2282
f 2292/2292/2292 1543/1543/1543 1542/1542/1542
f 2292/2292/2292 1542/1542/1542 2294/2294/2294
f 2294/2294/2294 1542/1542/1542 1535/1535/1535
f 2294/2294/2294 1535/1535/1535 2295/2295/2295
f 2296/2296/2296 2297/2297/2297 2298/2298/2298
f 2296/2296/2296 2298/2298/2298 2299/2299/2299
f 2299/2299/2299 2298/2298/2298 2283/2283/2283
f 2299/2299/2299 2283/2283/2283 2282/2282/2282
f 2297/2297/2297 2300/2300/2300 2301/2301/2301
f 2297/2297/2297 2301/2301/2301 2298/2298/2298
f 2298/2298/2298 2301/2301/2301 2284/2284/2284
f 2298/2298/2298 2284/2284/2284 2283/2283/2283
f 2296/2296/2296 2299/2299/2299 2302/2302/2302
f 2296/2296/2296 2302/2302/2302 2303/2303/2303
f 2303/2303/2303 2302/2302/2302 1534/1534/1534
f 2303/2303/2303 1534/1534/1534 1529/1529/1529
f 2299/2299/2299 2282/2282/2282 2295/2295/2295
f 2299/2299/2299 2295/2295/2295 2302/2302/2302
f 2302/2302/2302 2295/2295/2295 1535/1535/1535
f 2302/2302/2302 1535/1535/1535 1534/1534/1534
f 2296/2296/2296 2303/2303/2303 2304/2304/2304
f 2296/2296/2296 2304/2304/2304 2305/2305/2305
f 2305/2305/2305 2304/2304/2304 2306/2306/2306
f 2305/2305/2305 2306/2306/2306 2307/2307/2307
f 2303/2303/2303 1529/1529/1529 1528/1528/1528
f 2303/2303/2303 1528/1528/1528 2304/2304/2304
f 2304/2304/2304 1528/1528/1528 1531/1531/1531
f 2304/2304/2304 1531/1531/1531 2306/2306/2306
f 2296/2296/2296 2305/2305/2305 2308/2308/2308
f 2296/2296/2296 2308/2308/2308 2297/2297/2297
f 2297/2297/2297 2308/2308/2308 2309/2309/2309
f 2297/2297/2297 2309/2309/2309 2300/2300/2300
f 2305/2305/2305 2307/2307/2307 2310/2310/2310
f 2305/2305/2305 2310/2310/2310 2308/2308/2308
f 2308/2308/2308 2310/2310/2310 2311/2311/2311
f 2308/2308/2308 2311/2311/2311 2309/2309/2309
f 2312/2312/2312 2313/2313/2313 2314/2314/2314
f 2312/2312/2312 2314/2314/2314 2315/2315/2315
f 2315/2315/2315 2314/2314/2314 2301/2301/2301
f 2315/2315/2315 2301/2301/2301 2300/2300/2300
f 2313/2313/2313 2316/2316/2316 2317/2317/2317
f 2313/2313/2313 2317/2317/2317 2314/2314/2314
f 2314/2314/2314 2317/2317/2317 2284/2284/2284
f 2314/2314/2314 2284/2284/2284 2301/2301/2301
f 2312/2312/2312 2315/2315/2315 2318/2318/2318
f 2312/2312/2312 2318/2318/2318 2319/2319/2319
f 2319/2319/2319 2318/2318/2318 2320/2320/2320
f 2319/2319/2319 2320/2320/2320 2321/2321/2321
f 2315/2315/2315 2300/2300/2300 2309/2309/2309
f 2315/2315/2315 2309/2309/2309 2318/2318/2318
f 2318/2318/2318 2309/2309/2309 2311/2311/2311
f 2318/2318/2318 2311/2311/2311 2320/2320/2320
f 2312/2312/2312 2319/2319/2319 2322/2322/2322
f 2312/2312/2312 2322/2322/2322 2323/2323/2323
f 2323/2323/2323 2322/2322/2322 2128/2128/2128
f 2323/2323/2323 2128/2128/2128 2123/2123/2123
f 2319/2319/2319 2321/2321/2321 2324/2324/2324
f 2319/2319/2319 2324/2324/2324 2322/2322/2322
f 2322/2322/2322 2324/2324/2324 2129/2129/2129
f 2322/2322/2322 2129/2129/2129 2128/2128/2128
f 2312/2312/2312 2323/2323/2323 2325/2325/2325
f 2312/2312/2312 2325/2325/2325 2313/2313/2313
f 2313/2313/2313 2325/2325/2325 2326/2326/2326
f 2313/2313/2313 2326/2326/2326 2316/2316/2316
f 2323/2323/2323 2123/2123/2123 2122/2122/2122
f 2323/2323/2323 2122/2122/2122 2325/2325/2325
f 2325/2325/2325 2122/2122/2122 2115/2115/2115
f 2325/2325/2325 2115/2115/2115 2326/2326/2326
f 2327/2327/2327 2328/2328/2328 2329/2329/2329
f 2327/2327/2327 2329/2329/2329 2330/2330/2330
f 2330/2330/2330 2329/2329/2329 2317/2317/2317
f 2330/2330/2330 2317/2317/2317 2316/2316/2316
f 2328/2328/2328 2281/2281/2281 2280/2280/2280
f 2328/2328/2328 2280/2280/2280 2329/2329/2329
f 2329/2329/2329 2280/2280/2280 2284/2284/2284
f 2329/2329/2329 2284/2284/2284 2317/2317/2317
f 2327/2327/2327 2330/2330/2330 2331/2331/2331
f 2327/2327/2327 2331/2331/2331 2332/2332/2332
f 2332/2332/2332 2331/2331/2331 2114/2114/2114
f 2332/2332/2332 2114/2114/2114 2109/2109/2109
f 2330/2330/2330 2316/2316/2316 2326/2326/2326
f 2330/2330/2330 2326/2326/2326 2331/2331/2331
f 2331/2331/2331 2326/2326/2326 2115/2115/2115
f 2331/2331/2331 2115/2115/2115 2114/2114/2114
f 2327/2327/2327 2332/2332/2332 2333/2333/2333
f 2327/2327/2327 2333/2333/2333 2334/2334/2334
f 2334/2334/2334 2333/2333/2333 2335/2335/2335
f 2334/2334/2334 2335/2335/2335 2336/2336/2336
f 2332/2332/2332 2109/2109/2109 2108/2108/2108
f 2332/2332/2332 2108/2108/2108 2333/2333/2333
f 2333/2333/2333 2108/2108/2108 2111/2111/2111
f 2333/2333/2333 2111/2111/2111 2335/2335/2335
f 2327/2327/2327 2334/2334/2334 2337/2337/2337
f 2327/2327/2327 2337/2337/2337 2328/2328/2328
f 2328/2328/2328 2337/2337/2337 2289/2289/2289
f 2328/2328/2328 2289/2289/2289 2281/2281/2281
f 2334/2334/2334 2336/2336/2336 2338/2338/2338
f 2334/2334/2334 2338/2338/2338 2337/2337/2337
f 2337/2337/2337 2338/2338/2338 2290/2290/2290
f 2337/2337/2337 2290/2290/2290 2289/2289/2289
f 2339/2339/2339 2340/2340/2340 2341/2341/2341
f 2339/2339/2339 2341/2341/2341 2342/2342/2342
f 2342/2342/2342 2341/2341/2341 2343/2343/2343
f 2342/2342/2342 2343/2343/2343 2344/2344/2344
f 2340/2340/2340 2345/2345/2345 2346/2346/2346
f 2340/2340/2340 2346/2346/2346 2341/2341/2341
f 2341/2341/2341 2346/2346/2346 2347/2347/2347
f 2341/2341/2341 2347/2347/2347 2343/2343/2343
f 2339/2339/2339 2342/2342/2342 2348/2348/2348
f 2339/2339/2339 2348/2348/2348 2349/2349/2349
f 2349/2349/2349 2348/2348/2348 2310/2310/2310
f 2349/2349/2349 2310/2310/2310 2307/2307/2307
f 2342/2342/2342 2344/2344/2344 2350/2350/2350
f 2342/2342/2342 2350/2350/2350 2348/2348/2348
f 2348/2348/2348 2350/2350/2350 2311/2311/2311
f 2348/2348/2348 2311/2311/2311 2310/2310/2310
f 2339/2339/2339 2349/2349/2349 2351/2351/2351
f 2339/2339/2339 2351/2351/2351 2352/2352/2352
f 2352/2352/2352 2351/2351/2351 1618/1618/1618
f 2352/2352/2352 1618/1618/1618 1615/1615/1615
f 2349/2349/2349 2307/2307/2307 2306/2306/2306
f 2349/2349/2349 2306/2306/2306 2351/2351/2351
f 2351/2351/2351 2306/2306/2306 1531/1531/1531
f 2351/2351/2351 1531/1531/1531 1618/1618/1618
f 2339/2339/2339 2352/2352/2352 2353/2353/2353
f 2339/2339/2339 2353/2353/2353 2340/2340/2340
f 2340/2340/2340 2353/2353/2353 2354/2354/2354
f 2340/2340/2340 2354/2354/2354 2345/2345/2345
f 2352/2352/2352 1615/1615/1615 1614/1614/1614
f 2352/2352/2352 1614/1614/1614 2353/2353/2353
f 2353/2353/2353 1614/1614/1614 1607/1607/1607
f 2353/2353/2353 1607/1607/1607 2354/2354/2354
f 2355/2355/2355 2356/2356/2356 2357/2357/2357
f 2355/2355/2355 2357/2357/2357 2358/2358/2358
f 2358/2358/2358 2357/2357/2357 2346/2346/2346
f 2358/2358/2358 2346/2346/2346 2345/2345/2345
f 2356/2356/2356 2359/2359/2359 2360/2360/2360
f 2356/2356/2356 2360/2360/2360 2357/2357/2357
f 2357/2357/2357 2360/2360/2360 2347/2347/2347
f 2357/2357/2357 2347/2347/2347 2346/2346/2346
f 2355/2355/2355 2358/2358/2358 2361/2361/2361
f 2355/2355/2355 2361/2361/2361 2362/2362/2362
f 2362/2362/2362 2361/2361/2361 1606/1606/1606
f 2362/2362/2362 1606/1606/1606 1601/1601/1601
f 2358/2358/2358 2345/2345/2345 2354/2354/2354
f 2358/2358/2358 2354/2354/2354 2361/2361/2361
f 2361/2361/2361 2354/2354/2354 1607/1607/1607
f 2361/2361/2361 1607/1607/1607 1606/1606/1606
f 2355/2355/2355 2362/2362/2362 2363/2363/2363
f 2355/2355/2355 2363/2363/2363 2364/2364/2364
f 2364/2364/2364 2363/2363/2363 2365/2365/2365
f 2364/2364/2364 2365/2365/2365 2366/2366/2366
f 2362/2362/2362 1601/1601/1601 1600/1600/1600
f 2362/2362/2362 1600/1600/1600 2363/2363/2363
f 2363/2363/2363 1600/1600/1600 1603/1603/1603
f 2363/2363/2363 1603/1603/1603 2365/2365/2365
f 2355/2355/2355 2364/2364/2364 2367/2367/2367
f 2355/2355/2355 2367/2367/2367 2356/2356/2356
f 2356/2356/2356 2367/2367/2367 2368/2368/2368
f 2356/2356/2356 2368/2368/2368 2359/2359/2359
f 2364/2364/2364 2366/2366/2366 2369/2369/2369
f 2364/2364/2364 2369/2369/2369 2367/2367/2367
f 2367/2367/2367 2369/2369/2369 2370/2370/2370
f 2367/2367/2367 2370/2370/2370 2368/2368/2368
f 2371/2371/2371 2372/2372/2372 2373/2373/2373
f 2371/2371/2371 2373/2373/2373 2374/2374/2374
f 2374/2374/2374 2373/2373/2373 2360/2360/2360
f 2374/2374/2374 2360/2360/2360 2359/2359/2359
f 2372/2372/2372 2375/2375/2375 2376/2376/2376
f 2372/2372/2372 2376/2376/2376 2373/2373/2373
f 2373/2373/2373 2376/2376/2376 2347/2347/2347
f 2373/2373/2373 2347/2347/2347 2360/2360/2360
f 2371/2371/2371 2374/2374/2374 2377/2377/2377
f 2371/2371/2371 2377/2377/2377 2378/2378/2378
f 2378/2378/2378 2377/2377/2377 2379/2379/2379
f 2378/2378/2378 2379/2379/2379 2380/2380/2380
f 2374/2374/2374 2359/2359/2359 2368/2368/2368
f 2374/2374/2374 2368/2368/2368 2377/2377/2377
f 2377/2377/2377 2368/2368/2368 2370/2370/2370
f 2377/2377/2377 2370/2370/2370 2379/2379/2379
f 2371/2371/2371 2378/2378/2378 2381/2381/2381
f 2371/2371/2371 2381/2381/2381 2382/2382/2382
f 2382/2382/2382 2381/2381/2381 2166/2166/2166
f 2382/2382/2382 2166/2166/2166 2161/2161/2161
f 2378/2378/2378 2380/2380/2380 2383/2383/2383
f 2378/2378/2378 2383/2383/2383 2381/2381/2381
f 2381/2381/2381 2383/2383/2383 2167/2167/2167
f 2381/2381/2381 2167/2167/2167 2166/2166/2166
f 2371/2371/2371 2382/2382/2382 2384/2384/2384
f 2371/2371/2371 2384/2384/2384 2372/2372/2372
f 2372/2372/2372 2384/2384/2384 2385/2385/2385
f 2372/2372/2372 2385/2385/2385 2375/2375/2375
f 2382/2382/2382 2161/2161/2161 2160/2160/2160
f 2382/2382/2382 2160/2160/2160 2384/2384/2384
f 2384/2384/2384 2160/2160/2160 2151/2151/2151
f 2384/2384/2384 2151/2151/2151 2385/2385/2385
f 2386/2386/2386 2387/2387/2387 2388/2388/2388
f 2386/2386/2386 2388/2388/2388 2389/2389/2389
f 2389/2389/2389 2388/2388/2388 2376/2376/2376
f 2389/2389/2389 2376/2376/2376 2375/2375/2375
f 2387/2387/2387 2344/2344/2344 2343/2343/2343
f 2387/2387/2387 2343/2343/2343 2388/2388/2388
f 2388/2388/2388 2343/2343/2343 2347/2347/2347
f 2388/2388/2388 2347/2347/2347 2376/2376/2376
f 2386/2386/2386 2389/2389/2389 2390/2390/2390
f 2386/2386/2386 2390/2390/2390 2391/2391/2391
f 2391/2391/2391 2390/2390/2390 2150/2150/2150
f 2391/2391/2391 2150/2150/2150 2147/2147/2147
f 2389/2389/2389 2375/2375/2375 2385/2385/2385
f 2389/2389/2389 2385/2385/2385 2390/2390/2390
f 2390/2390/2390 2385/2385/2385 2151/2151/2151
f 2390/2390/2390 2151/2151/2151 2150/2150/2150
f 2386/2386/2386 2391/2391/2391 2392/2392/2392
f 2386/2386/2386 2392/2392/2392 2393/2393/2393
f 2393/2393/2393 2392/2392/2392 2324/2324/2324
f 2393/2393/2393 2324/2324/2324 2321/2321/2321
f 2391/2391/2391 2147/2147/2147 2146/2146/2146
f 2391/2391/2391 2146/2146/2146 2392/2392/2392
f 2392/2392/2392 2146/2146/2146 2129/2129/2129
f 2392/2392/2392 2129/2129/2129 2324/2324/2324
f 2386/2386/2386 2393/2393/2393 2394/2394/2394
f 2386/2386/2386 2394/2394/2394 2387/2387/2387
f 2387/2387/2387 2394/2394/2394 2350/2350/2350
f 2387/2387/2387 2350/2350/2350 2344/2344/2344
f 2393/2393/2393 2321/2321/2321 2320/2320/2320
f 2393/2393/2393 2320/2320/2320 2394/2394/2394
f 2394/2394/2394 2320/2320/2320 2311/2311/2311
f 2394/2394/2394 2311/2311/2311 2350/2350/2350
f 2395/2395/2395 2396/2396/2396 2397/2397/2397
f 2395/2395/2395 2397/2397/2397 2398/2398/2398
f 2398/2398/2398 2397/2397/2397 2399/2399/2399
f 2398/2398/2398 2399/2399/2399 2400/2400/2400
f 2396/2396/2396 2401/2401/2401 2402/2402/2402
f 2396/2396/2396 2402/2402/2402 2397/2397/2397
f 2397/2397/2397 2402/2402/2402 2403/2403/2403
f 2397/2397/2397 2403/2403/2403 2399/2399/2399
f 2395/2395/2395 2398/2398/2398 2404/2404/2404
f 2395/2395/2395 2404/2404/2404 2405/2405/2405
f 2405/2405/2405 2404/2404/2404 2369/2369/2369
f 2405/2405/2405 2369/2369/2369 2366/2366/2366
f 2398/2398/2398 2400/2400/2400 2406/2406/2406
f 2398/2398/2398 2406/2406/2406 2404/2404/2404
f 2404/2404/2404 2406/2406/2406 2370/2370/2370
f 2404/2404/2404 2370/2370/2370 2369/2369/2369
f 2395/2395/2395 2405/2405/2405 2407/2407/2407
f 2395/2395/2395 2407/2407/2407 2408/2408/2408
f 2408/2408/2408 2407/2407/2407 1681/1681/1681
f 2408/2408/2408 1681/1681/1681 1678/1678/1678
f 2405/2405/2405 2366/2366/2366 2365/2365/2365
f 2405/2405/2405 2365/2365/2365 2407/2407/2407
f 2407/2407/2407 2365/2365/2365 1603/1603/1603
f 2407/2407/2407 1603/1603/1603 1681/1681/1681
f 2395/2395/2395 2408/2408/2408 2409/2409/2409
f 2395/2395/2395 2409/2409/2409 2396/2396/2396
f 2396/2396/2396 2409/2409/2409 2410/2410/2410
f 2396/2396/2396 2410/2410/2410 2401/2401/2401
f 2408/2408/2408 1678/1678/1678 1677/1677/1677
f 2408/2408/2408 1677/1677/1677 2409/2409/2409
f 2409/2409/2409 1677/1677/1677 1670/1670/1670
f 2409/2409/2409 1670/1670/1670 2410/2410/2410
f 2411/2411/2411 2412/2412/2412 2413/2413/2413
f 2411/2411/2411 2413/2413/2413 2414/2414/2414
f 2414/2414/2414 2413/2413/2413 2402/2402/2402
f 2414/2414/2414 2402/2402/2402 2401/2401/2401
f 2412/2412/2412 2415/2415/2415 2416/2416/2416
f 2412/2412/2412 2416/2416/2416 2413/2413/2413
f 2413/2413/2413 2416/2416/2416 2403/2403/2403
f 2413/2413/2413 2403/2403/2403 2402/2402/2402
f 2411/2411/2411 2414/2414/2414 2417/2417/2417
f 2411/2411/2411 2417/2417/2417 2418/2418/2418
f 2418/2418/2418 2417/2417/2417 1669/1669/1669
f 2418/2418/2418 1669/1669/1669 1666/1666/1666
f 2414/2414/2414 2401/2401/2401 2410/2410/2410
f 2414/2414/2414 2410/2410/2410 2417/2417/2417
f 2417/2417/2417 2410/2410/2410 1670/1670/1670
f 2417/2417/2417 1670/1670/1670 1669/1669/1669
f 2411/2411/2411 2418/2418/2418 2419/2419/2419
f 2411/2411/2411 2419/2419/2419 2420/2420/2420
f 2420/2420/2420 2419/2419/2419 2421/2421/2421
f 2420/2420/2420 2421/2421/2421 2422/2422/2422
f 2418/2418/2418 1666/1666/1666 1665/1665/1665
f 2418/2418/2418 1665/1665/1665 2419/2419/2419
f 2419/2419/2419 1665/1665/1665 79/79/79
f 2419/2419/2419 79/79/79 2421/2421/2421
f 2411/2411/2411 2420/2420/2420 2423/2423/2423
f 2411/2411/2411 2423/2423/2423 2412/2412/2412
f 2412/2412/2412 2423/2423/2423 2424/2424/2424
f 2412/2412/2412 2424/2424/2424 2415/2415/2415
f 2420/2420/2420 2422/2422/2422 2425/2425/2425
f 2420/2420/2420 2425/2425/2425 2423/2423/2423
f 2423/2423/2423 2425/2425/2425 2426/2426/2426
f 2423/2423/2423 2426/2426/2426 2424/2424/2424
f 2427/2427/2427 2428/2428/2428 2429/2429/2429
f 2427/2427/2427 2429/2429/2429 2430/2430/2430
f 2430/2430/2430 2429/2429/2429 2416/2416/2416
f 2430/2430/2430 2416/2416/2416 2415/2415/2415
f 2428/2428/2428 2431/2431/2431 2432/2432/2432
f 2428/2428/2428 2432/2432/2432 2429/2429/2429
f 2429/2429/2429 2432/2432/2432 2403/2403/2403
f 2429/2429/2429 2403/2403/2403 2416/2416/2416
f 2427/2427/2427 2430/2430/2430 2433/2433/2433
f 2427/2427/2427 2433/2433/2433 2434/2434/2434
f 2434/2434/2434 2433/2433/2433 2435/2435/2435
f 2434/2434/2434 2435/2435/2435 2436/2436/2436
f 2430/2430/2430 2415/2415/2415 2424/2424/2424
f 2430/2430/2430 2424/2424/2424 2433/2433/2433
f 2433/2433/2433 2424/2424/2424 2426/2426/2426
f 2433/2433/2433 2426/2426/2426 2435/2435/2435
f 2427/2427/2427 2434/2434/2434 2437/2437/2437
f 2427/2427/2427 2437/2437/2437 2438/2438/2438
f 2438/2438/2438 2437/2437/2437 2238/2238/2238
f 2438/2438/2438 2238/2238/2238 2233/2233/2233
f 2434/2434/2434 2436/2436/2436 2439/2439/2439
f 2434/2434/2434 2439/2439/2439 2437/2437/2437
f 2437/2437/2437 2439/2439/2439 2239/2239/2239
f 2437/2437/2437 2239/2239/2239 2238/2238/2238
f 2427/2427/2427 2438/2438/2438 2440/2440/2440
f 2427/2427/2427 2440/2440/2440 2428/2428/2428
f 2428/2428/2428 2440/2440/2440 2441/2441/2441
f 2428/2428/2428 2441/2441/2441 2431/2431/2431
f 2438/2438/2438 2233/2233/2233 2232/2232/2232
f 2438/2438/2438 2232/2232/2232 2440/2440/2440
f 2440/2440/2440 2232/2232/2232 2223/2223/2223
f 2440/2440/2440 2223/2223/2223 2441/2441/2441
f 2442/2442/2442 2443/2443/2443 2444/2444/2444
f 2442/2442/2442 2444/2444/2444 2445/2445/2445
f 2445/2445/2445 2444/2444/2444 2432/2432/2432
f 2445/2445/2445 2432/2432/2432 2431/2431/2431
f 2443/2443/2443 2400/2400/2400 2399/2399/2399
f 2443/2443/2443 2399/2399/2399 2444/2444/2444
f 2444/2444/2444 2399/2399/2399 2403/2403/2403
f 2444/2444/2444 2403/2403/2403 2432/2432/2432
f 2442/2442/2442 2445/2445/2445 2446/2446/2446
f 2442/2442/2442 2446/2446/2446 2447/2447/2447
f 2447/2447/2447 2446/2446/2446 2222/2222/2222
f 2447/2447/2447 2222/2222/2222 2219/2219/2219
f 2445/2445/2445 2431/2431/2431 2441/2441/2441
f 2445/2445/2445 2441/2441/2441 2446/2446/2446
f 2446/2446/2446 2441/2441/2441 2223/2223/2223
f 2446/2446/2446 2223/2223/2223 2222/2222/2222
f 2442/2442/2442 2447/2447/2447 2448/2448/2448
f 2442/2442/2442 2448/2448/2448 2449/2449/2449
f 2449/2449/2449 2448/2448/2448 2383/2383/2383
f 2449/2449/2449 2383/2383/2383 2380/2380/2380
f 2447/2447/2447 2219/2219/2219 2218/2218/2218
f 2447/2447/2447 2218/2218/2218 2448/2448/2448
f 2448/2448/2448 2218/2218/2218 2167/2167/2167
f 2448/2448/2448 2167/2167/2167 2383/2383/2383
f 2442/2442/2442 2449/2449/2449 2450/2450/2450
f 2442/2442/2442 2450/2450/2450 2443/2443/2443
f 2443/2443/2443 2450/2450/2450 2406/2406/2406
f 2443/2443/2443 2406/2406/2406 2400/2400/2400
f 2449/2449/2449 2380/2380/2380 2379/2379/2379
f 2449/2449/2449 2379/2379/2379 2450/2450/2450
f 2450/2450/2450 2379/2379/2379 2370/2370/2370
f 2450/2450/2450 2370/2370/2370 2406/2406/2406
f 2451/2451/2451 2452/2452/2452 2453/2453/2453
f 2451/2451/2451 2453/2453/2453 2454/2454/2454
f 2454/2454/2454 2453/2453/2453 2455/2455/2455
f 2454/2454/2454 2455/2455/2455 2456/2456/2456
f 2452/2452/2452 2457/2457/2457 2458/2458/2458
f 2452/2452/2452 2458/2458/2458 2453/2453/2453
f 2453/2453/2453 2458/2458/2458 2459/2459/2459
f 2453/2453/2453 2459/2459/2459 2455/2455/2455
f 2451/2451/2451 2454/2454/2454 2460/2460/2460
f 2451/2451/2451 2460/2460/2460 2461/2461/2461
f 2461/2461/2461 2460/2460/2460 2462/2462/2462
f 2461/2461/2461 2462/2462/2462 2463/2463/2463
f 2454/2454/2454 2456/2456/2456 2464/2464/2464
f 2454/2454/2454 2464/2464/2464 2460/2460/2460
f 2460/2460/2460 2464/2464/2464 2465/2465/2465
f 2460/2460/2460 2465/2465/2465 2462/2462/2462
f 2451/2451/2451 2461/2461/2461 2466/2466/2466
f 2451/2451/2451 2466/2466/2466 2467/2467/2467
f 2467/2467/2467 2466/2466/2466 2468/2468/2468
f 2467/2467/2467 2468/2468/2468 2469/2469/2469
f 2461/2461/2461 2463/2463/2463 2470/2470/2470
f 2461/2461/2461 2470/2470/2470 2466/2466/2466
f 2466/2466/2466 2470/2470/2470 2471/2471/2471
f 2466/2466/2466 2471/2471/2471 2468/2468/2468
f 2451/2451/2451 2467/2467/2467 2472/2472/2472
f 2451/2451/2451 2472/2472/2472 2452/2452/2452
f 2452/2452/2452 2472/2472/2472 2473/2473/2473
f 2452/2452/2452 2473/2473/2473 2457/2457/2457
f 2467/2467/2467 2469/2469/2469 2474/2474/2474
f 2467/2467/2467 2474/2474/2474 2472/2472/2472
f 2472/2472/2472 2474/2474/2474 2475/2475/2475
f 2472/2472/2472 2475/2475/2475 2473/2473/2473
f 2476/2476/2476 2477/2477/2477 2478/2478/2478
f 2476/2476/2476 2478/2478/2478 2479/2479/2479
f 2479/2479/2479 2478/2478/2478 2458/2458/2458
f 2479/2479/2479 2458/2458/2458 2457/2457/2457
f 2477/2477/2477 2480/2480/2480 2481/2481/2481
f 2477/2477/2477 2481/2481/2481 2478/2478/2478
f 2478/2478/2478 2481/2481/2481 2459/2459/2459
f 2478/2478/2478 2459/2459/2459 2458/2458/2458
f 2476/2476/2476 2479/2479/2479 2482/2482/2482
f 2476/2476/2476 2482/2482/2482 2483/2483/2483
f 2483/2483/2483 2482/2482/2482 2484/2484/2484
f 2483/2483/2483 2484/2484/2484 2485/2485/2485
f 2479/2479/2479 2457/2457/2457 2473/2473/2473
f 2479/2479/2479 2473/2473/2473 2482/2482/2482
f 2482/2482/2482 2473/2473/2473 2475/2475/2475
f 2482/2482/2482 2475/2475/2475 2484/2484/2484
f 2476/2476/2476 2483/2483/2483 2486/2486/2486
f 2476/2476/2476 2486/2486/2486 2487/2487/2487
f 2487/2487/2487 2486/2486/2486 2488/2488/2488
f 2487/2487/2487 2488/2488/2488 2489/2489/2489
f 2483/2483/2483 2485/2485/2485 2490/2490/2490
f 2483/2483/2483 2490/2490/2490 2486/2486/2486
f 2486/2486/2486 2490/2490/2490 2491/2491/2491
f 2486/2486/2486 2491/2491/2491 2488/2488/2488
f 2476/2476/2476 2487/2487/2487 2492/2492/2492
f 2476/2476/2476 2492/2492/2492 2477/2477/2477
f 2477/2477/2477 2492/2492/2492 2493/2493/2493
f 2477/2477/2477 2493/2493/2493 2480/2480/2480
f 2487/2487/2487 2489/2489/2489 2494/2494/2494
f 2487/2487/2487 2494/2494/2494 2492/2492/2492
f 2492/2492/2492 2494/2494/2494 2495/2495/2495
f 2492/2492/2492 2495/2495/2495 2493/2493/2493
f 2496/2496/2496 2497/2497/2497 2498/2498/2498
f 2496/2496/2496 2498/2498/2498 2499/2499/2499
f 2499/2499/2499 2498/2498/2498 2481/2481/2481
f 2499/2499/2499 2481/2481/2481 2480/2480/2480
f 2497/2497/2497 2500/2500/2500 2501/2501/2501
f 2497/2497/2497 2501/2501/2501 2498/2498/2498
f 2498/2498/2498 2501/2501/2501 2459/2459/2459
f 2498/2498/2498 2459/2459/2459 2481/2481/2481
f 2496/2496/2496 2499/2499/2499 2502/2502/2502
f 2496/2496/2496 2502/2502/2502 2503/2503/2503
f 2503/2503/2503 2502/2502/2502 2504/2504/2504
f 2503/2503/2503 2504/2504/2504 2505/2505/2505
f 2499/2499/2499 2480/2480/2480 2493/2493/2493
f 2499/2499/2499 2493/2493/2493 2502/2502/2502
f 2502/2502/2502 2493/2493/2493 2495/2495/2495
f 2502/2502/2502 2495/2495/2495 2504/2504/2504
f 2496/2496/2496 2503/2503/2503 2506/2506/2506
f 2496/2496/2496 2506/2506/2506 2507/2507/2507
f 2507/2507/2507 2506/2506/2506 2508/2508/2508
f 2507/2507/2507 2508/2508/2508 2509/2509/2509
f 2503/2503/2503 2505/2505/2505 2510/2510/2510
f 2503/2503/2503 2510/2510/2510 2506/2506/2506
f 2506/2506/2506 2510/2510/2510 2511/2511/2511
f 2506/2506/2506 2511/2511/2511 2508/2508/2508
f 2496/2496/2496 2507/2507/2507 2512/2512/2512
f 2496/2496/2496 2512/2512/2512 2497/2497/2497
f 2497/2497/2497 2512/2512/2512 2513/2513/2513
f 2497/2497/2497 2513/2513/2513 2500/2500/2500
f 2507/2507/2507 2509/2509/2509 2514/2514/2514
f 2507/2507/2507 2514/2514/2514 2512/2512/2512
f 2512/2512/2512 2514/2514/2514 2515/2515/2515
f 2512/2512/2512 2515/2515/2515 2513/2513/2513
f 2516/2516/2516 2517/2517/2517 2518/2518/2518
f 2516/2516/2516 2518/2518/2518 2519/2519/2519
f 2519/2519/2519 2518/2518/2518 2501/2501/2501
f 2519/2519/2519 2501/2501/2501 2500/2500/2500
f 2517/2517/2517 2456/2456/2456 2455/2455/2455
f 2517/2517/2517 2455/2455/2455 2518/2518/2518
f 2518/2518/2518 2455/2455/2455 2459/2459/2459
f 2518/2518/2518 2459/2459/2459 2501/2501/2501
f 2516/2516/2516 2519/2519/2519 2520/2520/2520
f 2516/2516/2516 2520/2520/2520 2521/2521/2521
f 2521/2521/2521 2520/2520/2520 2522/2522/2522
f 2521/2521/2521 2522/2522/2522 2523/2523/2523
f 2519/2519/2519 2500/2500/2500 2513/2513/2513
f 2519/2519/2519 2513/2513/2513 2520/2520/2520
f 2520/2520/2520 2513/2513/2513 2515/2515/2515
f 2520/2520/2520 2515/2515/2515 2522/2522/2522
f 2516/2516/2516 2521/2521/2521 2524/2524/2524
f 2516/2516/2516 2524/2524/2524 2525/2525/2525
f 2525/2525/2525 2524/2524/2524 2526/2526/2526
f 2525/2525/2525 2526/2526/2526 2527/2527/2527
f 2521/2521/2521 2523/2523/2523 2528/2528/2528
f 2521/2521/2521 2528/2528/2528 2524/2524/2524
f 2524/2524/2524 2528/2528/2528 2529/2529/2529
f 2524/2524/2524 2529/2529/2529 2526/2526/2526
f 2516/2516/2516 2525/2525/2525 2530/2530/2530
f 2516/2516/2516 2530/2530/2530 2517/2517/2517
f 2517/2517/2517 2530/2530/2530 2464/2464/2464
f 2517/2517/2517 2464/2464/2464 2456/2456/2456
f 2525/2525/2525 2527/2527/2527 2531/2531/2531
f 2525/2525/2525 2531/2531/2531 2530/2530/2530
f 2530/2530/2530 2531/2531/2531 2465/2465/2465
f 2530/2530/2530 2465/2465/2465 2464/2464/2464
f 2532/2532/2532 2533/2533/2533 2534/2534/2534
f 2532/2532/2532 2534/2534/2534 2535/2535/2535
f 2535/2535/2535 2534/2534/2534 2536/2536/2536
f 2535/2535/2535 2536/2536/2536 2537/2537/2537
f 2533/2533/2533 2538/2538/2538 2539/2539/2539
f 2533/2533/2533 2539/2539/2539 2534/2534/2534
f 2534/2534/2534 2539/2539/2539 2540/2540/2540
f 2534/2534/2534 2540/2540/2540 2536/2536/2536
f 2532/2532/2532 2535/2535/2535 2541/2541/2541
f 2532/2532/2532 2541/2541/2541 2542/2542/2542
f 2542/2542/2542 2541/2541/2541 2494/2494/2494
f 2542/2542/2542 2494/2494/2494 2489/2489/2489
f 2535/2535/2535 2537/2537/2537 2543/2543/2543
f 2535/2535/2535 2543/2543/2543 2541/2541/2541
f 2541/2541/2541 2543/2543/2543 2495/2495/2495
f 2541/2541/2541 2495/2495/2495 2494/2494/2494
f 2532/2532/2532 2542/2542/2542 2544/2544/2544
f 2532/2532/2532 2544/2544/2544 2545/2545/2545
f 2545/2545/2545 2544/2544/2544 2546/2546/2546
f 2545/2545/2545 2546/2546/2546 2547/2547/2547
f 2542/2542/2542 2489/2489/2489 2488/2488/2488
f 2542/2542/2542 2488/2488/2488 2544/2544/2544
f 2544/2544/2544 2488/2488/2488 2491/2491/2491
f 2544/2544/2544 2491/2491/2491 2546/2546/2546
f 2532/2532/2532 2545/2545/2545 2548/2548/2548
f 2532/2532/2532 2548/2548/2548 2533/2533/2533
f 2533/2533/2533 2548/2548/2548 2549/2549/2549
f 2533/2533/2533 2549/2549/2549 2538/2538/2538
f 2545/2545/2545 2547/2547/2547 2550/2550/2550
f 2545/2545/2545 2550/2550/2550 2548/2548/2548
f 2548/2548/2548 2550/2550/2550 2551/2551/2551
f 2548/2548/2548 2551/2551/2551 2549/2549/2549
f 2552/2552/2552 2553/2553/2553 2554/2554/2554
f 2552/2552/2552 2554/2554/2554 2555/2555/2555
f 2555/2555/2555 2554/2554/2554 2539/2539/2539
f 2555/2555/2555 2539/2539/2539 2538/2538/2538
f 2553/2553/2553 2556/2556/2556 2557/2557/2557
f 2553/2553/2553 2557/2557/2557 2554/2554/2554
f 2554/2554/2554 2557/2557/2557 2540/2540/2540
f 2554/2554/2554 2540/2540/2540 2539/2539/2539
f 2552/2552/2552 2555/2555/2555 2558/2558/2558
f 2552/2552/2552 2558/2558/2558 2559/2559/2559
f 2559/2559/2559 2558/2558/2558 2560/2560/2560
f 2559/2559/2559 2560/2560/2560 2561/2561/2561
f 2555/2555/2555 2538/2538/2538 2549/2549/2549
f 2555/2555/2555 2549/2549/2549 2558/2558/2558
f 2558/2558/2558 2549/2549/2549 2551/2551/2551
f 2558/2558/2558 2551/2551/2551 2560/2560/2560
f 2552/2552/2552 2559/2559/2559 2562/2562/2562
f 2552/2552/2552 2562/2562/2562 2563/2563/2563
f 2563/2563/2563 2562/2562/2562 2564/2564/2564
f 2563/2563/2563 2564/2564/2564 2565/2565/2565
f 2559/2559/2559 2561/2561/2561 2566/2566/2566
f 2559/2559/2559 2566/2566/2566 2562/2562/2562
f 2562/2562/2562 2566/2566/2566 2567/2567/2567
f 2562/2562/2562 2567/2567/2567 2564/2564/2564
f 2552/2552/2552 2563/2563/2563 2568/2568/2568
f 2552/2552/2552 2568/2568/2568 2553/2553/2553
f 2553/2553/2553 2568/2568/2568 2569/2569/2569
f 2553/2553/2553 2569/2569/2569 2556/2556/2556
f 2563/2563/2563 2565/2565/2565 2570/2570/2570
f 2563/2563/2563 2570/2570/2570 2568/2568/2568
f 2568/2568/2568 2570/2570/2570 2571/2571/2571
f 2568/2568/2568 2571/2571/2571 2569/2569/2569
f 2572/2572/2572 2573/2573/2573 2574/2574/2574
f 2572/2572/2572 2574/2574/2574 2575/2575/2575
f 2575/2575/2575 2574/2574/2574 2557/2557/2557
f 2575/2575/2575 2557/2557/2557 2556/2556/2556
f 2573/2573/2573 2576/2576/2576 2577/2577/2577
f 2573/2573/2573 2577/2577/2577 2574/2574/2574
f 2574/2574/2574 2577/2577/2577 2540/2540/2540
f 2574/2574/2574 2540/2540/2540 2557/2557/2557
f 2572/2572/2572 2575/2575/2575 2578/2578/2578
f 2572/2572/2572 2578/2578/2578 2579/2579/2579
f 2579/2579/2579 2578/2578/2578 2580/2580/2580
f 2579/2579/2579 2580/2580/2580 2581/2581/2581
f 2575/2575/2575 2556/2556/2556 2569/2569/2569
f 2575/2575/2575 2569/2569/2569 2578/2578/2578
f 2578/2578/2578 2569/2569/2569 2571/2571/2571
f 2578/2578/2578 2571/2571/2571 2580/2580/2580
f 2572/2572/2572 2579/2579/2579 2582/2582/2582
f 2572/2572/2572 2582/2582/2582 2583/2583/2583
f 2583/2583/2583 2582/2582/2582 2584/2584/2584
f 2583/2583/2583 2584/2584/2584 2585/2585/2585
f 2579/2579/2579 2581/2581/2581 2586/2586/2586
f 2579/2579/2579 2586/2586/2586 2582/2582/2582
f 2582/2582/2582 2586/2586/2586 2587/2587/2587
f 2582/2582/2582 2587/2587/2587 2584/2584/2584
f 2572/2572/2572 2583/2583/2583 2588/2588/2588
f 2572/2572/2572 2588/2588/2588 2573/2573/2573
f 2573/2573/2573 2588/2588/2588 2589/2589/2589
f 2573/2573/2573 2589/2589/2589 2576/2576/2576
f 2583/2583/2583 2585/2585/2585 2590/2590/2590
f 2583/2583/2583 2590/2590/2590 2588/2588/2588
f 2588/2588/2588 2590/2590/2590 2591/2591/2591
f 2588/2588/2588 2591/2591/2591 2589/2589/2589
f 2592/2592/2592 2593/2593/2593 2594/2594/2594
f 2592/2592/2592 2594/2594/2594 2595/2595/2595
f 2595/2595/2595 2594/2594/2594 2577/2577/2577
f 2595/2595/2595 2577/2577/2577 2576/2576/2576
f 2593/2593/2593 2537/2537/2537 2536/2536/2536
f 2593/2593/2593 2536/2536/2536 2594/2594/2594
f 2594/2594/2594 2536/2536/2536 2540/2540/2540
f 2594/2594/2594 2540/2540/2540 2577/2577/2577
f 2592/2592/2592 2595/2595/2595 2596/2596/2596
f 2592/2592/2592 2596/2596/2596 2597/2597/2597
f 2597/2597/2597 2596/2596/2596 2598/2598/2598
f 2597/2597/2597 2598/2598/2598 2599/2599/2599
f 2595/2595/2595 2576/2576/2576 2589/2589/2589
f 2595/2595/2595 2589/2589/2589 2596/2596/2596
f 2596/2596/2596 2589/2589/2589 2591/2591/2591
f 2596/2596/2596 2591/2591/2591 2598/2598/2598
f 2592/2592/2592 2597/2597/2597 2600/2600/2600
f 2592/2592/2592 2600/2600/2600 2601/2601/2601
f 2601/2601/2601 2600/2600/2600 2510/2510/2510
f 2601/2601/2601 2510/2510/2510 2505/2505/2505
f 2597/2597/2597 2599/2599/2599 2602/2602/2602
f 2597/2597/2597 2602/2602/2602 2600/2600/2600
f 2600/2600/2600 2602/2602/2602 2511/2511/2511
f 2600/2600/2600 2511/2511/2511 2510/2510/2510
f 2592/2592/2592 2601/2601/2601 2603/2603/2603
f 2592/2592/2592 2603/2603/2603 2593/2593/2593
f 2593/2593/2593 2603/2603/2603 2543/2543/2543
f 2593/2593/2593 2543/2543/2543 2537/2537/2537
f 2601/2601/2601 2505/2505/2505 2504/2504/2504
f 2601/2601/2601 2504/2504/2504 2603/2603/2603
f 2603/2603/2603 2504/2504/2504 2495/2495/2495
f 2603/2603/2603 2495/2495/2495 2543/2543/2543
f 2604/2604/2604 2605/2605/2605 2606/2606/2606
f 2604/2604/2604 2606/2606/2606 2607/2607/2607
f 2607/2607/2607 2606/2606/2606 2608/2608/2608
f 2607/2607/2607 2608/2608/2608 2609/2609/2609
f 2605/2605/2605 2610/2610/2610 2611/2611/2611
f 2605/2605/2605 2611/2611/2611 2606/2606/2606
f 2606/2606/2606 2611/2611/2611 2612/2612/2612
f 2606/2606/2606 2612/2612/2612 2608/2608/2608
f 2604/2604/2604 2607/2607/2607 2613/2613/2613
f 2604/2604/2604 2613/2613/2613 2614/2614/2614
f 2614/2614/2614 2613/2613/2613 2570/2570/2570
f 2614/2614/2614 2570/2570/2570 2565/2565/2565
f 2607/2607/2607 2609/2609/2609 2615/2615/2615
f 2607/2607/2607 2615/2615/2615 2613/2613/2613
f 2613/2613/2613 2615/2615/2615 2571/2571/2571
f 2613/2613/2613 2571/2571/2571 2570/2570/2570
f 2604/2604/2604 2614/2614/2614 2616/2616/2616
f 2604/2604/2604 2616/2616/2616 2617/2617/2617
f 2617/2617/2617 2616/2616/2616 2618/2618/2618
f 2617/2617/2617 2618/2618/2618 2619/2619/2619
f 2614/2614/2614 2565/2565/2565 2564/2564/2564
f 2614/2614/2614 2564/2564/2564 2616/2616/2616
f 2616/2616/2616 2564/2564/2564 2567/2567/2567
f 2616/2616/2616 2567/2567/2567 2618/2618/2618
f 2604/2604/2604 2617/2617/2617 2620/2620/2620
f 2604/2604/2604 2620/2620/2620 2605/2605/2605
f 2605/2605/2605 2620/2620/2620 2621/2621/2621
f 2605/2605/2605 2621/2621/2621 2610/2610/2610
f 2617/2617/2617 2619/2619/2619 2622/2622/2622
f 2617/2617/2617 2622/2622/2622 2620/2620/2620
f 2620/2620/2620 2622/2622/2622 2623/2623/2623
f 2620/2620/2620 2623/2623/2623 2621/2621/2621
f 2624/2624/2624 2625/2625/2625 2626/2626/2626
f 2624/2624/2624 2626/2626/2626 2627/2627/2627
f 2627/2627/2627 2626/2626/2626 2611/2611/2611
f 2627/2627/2627 2611/2611/2611 2610/2610/2610
f 2625/2625/2625 2628/2628/2628 2629/2629/2629
f 2625/2625/2625 2629/2629/2629 2626/2626/2626
f 2626/2626/2626 2629/2629/2629 2612/2612/2612
f 2626/2626/2626 2612/2612/2612 2611/2611/2611
f 2624/2624/2624 2627/2627/2627 2630/2630/2630
f 2624/2624/2624 2630/2630/2630 2631/2631/2631
f 2631/2631/2631 2630/2630/2630 2632/2632/2632
f 2631/2631/2631 2632/2632/2632 2633/2633/2633
f 2627/2627/2627 2610/2610/2610 2621/2621/2621
f 2627/2627/2627 2621/2621/2621 2630/2630/2630
f 2630/2630/2630 2621/2621/2621 2623/2623/2623
f 2630/2630/2630 2623/2623/2623 2632/2632/2632
f 2624/2624/2624 2631/2631/2631 2634/2634/2634
f 2624/2624/2624 2634/2634/2634 2635/2635/2635
f 2635/2635/2635 2634/2634/2634 2636/2636/2636
f 2635/2635/2635 2636/2636/2636 2637/2637/2637
f 2631/2631/2631 2633/2633/2633 2638/2638/2638
f 2631/2631/2631 2638/2638/2638 2634/2634/2634
f 2634/2634/2634 2638/2638/2638 2639/2639/2639
f 2634/2634/2634 2639/2639/2639 2636/2636/2636
f 2624/2624/2624 2635/2635/2635 2640/2640/2640
f 2624/2624/2624 2640/2640/2640 2625/2625/2625
f 2625/2625/2625 2640/2640/2640 2641/2641/2641
f 2625/2625/2625 2641/2641/2641 2628/2628/2628
f 2635/2635/2635 2637/2637/2637 2642/2642/2642
f 2635/2635/2635 2642/2642/2642 2640/2640/2640
f 2640/2640/2640 2642/2642/2642 2643/2643/2643
f 2640/2640/2640 2643/2643/2643 2641/2641/2641
f 2644/2644/2644 2645/2645/2645 2646/2646/2646
f 2644/2644/2644 2646/2646/2646 2647/2647/2647
f 2647/2647/2647 2646/2646/2646 2629/2629/2629
f 2647/2647/2647 2629/2629/2629 2628/2628/2628
f 2645/2645/2645 2648/2648/2648 2649/2649/2649
f 2645/2645/2645 2649/2649/2649 2646/2646/2646
f 2646/2646/2646 2649/2649/2649 2612/2612/2612
f 2646/2646/2646 2612/2612/2612 2629/2629/2629
f 2644/2644/2644 2647/2647/2647 2650/2650/2650
f 2644/2644/2644 2650/2650/2650 2651/2651/2651
f 2651/2651/2651 2650/2650/2650 2652/2652/2652
f 2651/2651/2651 2652/2652/2652 2653/2653/2653
f 2647/2647/2647 2628/2628/2628 2641/2641/2641
f 2647/2647/2647 2641/2641/2641 2650/2650/2650
f 2650/2650/2650 2641/2641/2641 2643/2643/2643
f 2650/2650/2650 2643/2643/2643 2652/2652/2652
f 2644/2644/2644 2651/2651/2651 2654/2654/2654
f 2644/2644/2644 2654/2654/2654 2655/2655/2655
f 2655/2655/2655 2654/2654/2654 2656/2656/2656
f 2655/2655/2655 2656/2656/2656 2657/2657/2657
f 2651/2651/2651 2653/2653/2653 2658/2658/2658
f 2651/2651/2651 2658/2658/2658 2654/2654/2654
f 2654/2654/2654 2658/2658/2658 2659/2659/2659
f 2654/2654/2654 2659/2659/2659 2656/2656/2656
f 2644/2644/2644 2655/2655/2655 2660/2660/2660
f 2644/2644/2644 2660/2660/2660 2645/2645/2645
f 2645/2645/2645 2660/2660/2660 2661/2661/2661
f 2645/2645/2645 2661/2661/2661 2648/2648/2648
f 2655/2655/2655 2657/2657/2657 2662/2662/2662
f 2655/2655/2655 2662/2662/2662 2660/2660/2660
f 2660/2660/2660 2662/2662/2662 2663/2663/2663
f 2660/2660/2660 2663/2663/2663 2661/2661/2661
f 2664/2664/2664 2665/2665/2665 2666/2666/2666
f 2664/2664/2664 2666/2666/2666 2667/2667/2667
f 2667/2667/2667 2666/2666/2666 2649/2649/2649
f 2667/2667/2667 2649/2649/2649 2648/2648/2648
f 2665/2665/2665 2609/2609/2609 2608/2608/2608
f 2665/2665/2665 2608/2608/2608 2666/2666/2666
f 2666/2666/2666 2608/2608/2608 2612/2612/2612
f 2666/2666/2666 2612/2612/2612 2649/2649/2649
f 2664/2664/2664 2667/2667/2667 2668/2668/2668
f 2664/2664/2664 2668/2668/2668 2669/2669/2669
f 2669/2669/2669 2668/2668/2668 2670/2670/2670
f 2669/2669/2669 2670/2670/2670 2671/2671/2671
f 2667/2667/2667 2648/2648/2648 2661/2661/2661
f 2667/2667/2667 2661/2661/2661 2668/2668/2668
f 2668/2668/2668 2661/2661/2661 2663/2663/2663
f 2668/2668/2668 2663/2663/2663 2670/2670/2670
f 2664/2664/2664 2669/2669/2669 2672/2672/2672
f 2664/2664/2664 2672/2672/2672 2673/2673/2673
f 2673/2673/2673 2672/2672/2672 2586/2586/2586
f 2673/2673/2673 2586/2586/2586 2581/2581/2581
f 2669/2669/2669 2671/2671/2671 2674/2674/2674
f 2669/2669/2669 2674/2674/2674 2672/2672/2672
f 2672/2672/2672 2674/2674/2674 2587/2587/2587
f 2672/2672/2672 2587/2587/2587 2586/2586/2586
f 2664/2664/2664 2673/2673/2673 2675/2675/2675
f 2664/2664/2664 2675/2675/2675 2665/2665/2665
f 2665/2665/2665 2675/2675/2675 2615/2615/2615
f 2665/2665/2665 2615/2615/2615 2609/2609/2609
f 2673/2673/2673 2581/2581/2581 2580/2580/2580
f 2673/2673/2673 2580/2580/2580 2675/2675/2675
f 2675/2675/2675 2580/2580/2580 2571/2571/2571
f 2675/2675/2675 2571/2571/2571 2615/2615/2615
f 2676/2676/2676 2677/2677/2677 2678/2678/2678
f 2676/2676/2676 2678/2678/2678 2679/2679/2679
f 2679/2679/2679 2678/2678/2678 2680/2680/2680
f 2679/2679/2679 2680/2680/2680 2681/2681/2681
f 2677/2677/2677 2682/2682/2682 2683/2683/2683
f 2677/2677/2677 2683/2683/2683 2678/2678/2678
f 2678/2678/2678 2683/2683/2683 2684/2684/2684
f 2678/2678/2678 2684/2684/2684 2680/2680/2680
f 2676/2676/2676 2679/2679/2679 2685/2685/2685
f 2676/2676/2676 2685/2685/2685 2686/2686/2686
f 2686/2686/2686 2685/2685/2685 2687/2687/2687
f 2686/2686/2686 2687/2687/2687 2688/2688/2688
f 2679/2679/2679 2681/2681/2681 2689/2689/2689
f 2679/2679/2679 2689/2689/2689 2685/2685/2685
f 2685/2685/2685 2689/2689/2689 2690/2690/2690
f 2685/2685/2685 2690/2690/2690 2687/2687/2687
f 2676/2676/2676 2686/2686/2686 2691/2691/2691
f 2676/2676/2676 2691/2691/2691 2692/2692/2692
f 2692/2692/2692 2691/2691/2691 2027/2027/2027
f 2692/2692/2692 2027/2027/2027 2024/2024/2024
f 2686/2686/2686 2688/2688/2688 2693/2693/2693
f 2686/2686/2686 2693/2693/2693 2691/2691/2691
f 2691/2691/2691 2693/2693/2693 310/310/310
f 2691/2691/2691 310/310/310 2027/2027/2027
f 2676/2676/2676 2692/2692/2692 2694/2694/2694
f 2676/2676/2676 2694/2694/2694 2677/2677/2677
f 2677/2677/2677 2694/2694/2694 2695/2695/2695
f 2677/2677/2677 2695/2695/2695 2682/2682/2682
f 2692/2692/2692 2024/2024/2024 2023/2023/2023
f 2692/2692/2692 2023/2023/2023 2694/2694/2694
f 2694/2694/2694 2023/2023/2023 2014/2014/2014
f 2694/2694/2694 2014/2014/2014 2695/2695/2695
f 2696/2696/2696 2697/2697/2697 2698/2698/2698
f 2696/2696/2696 2698/2698/2698 2699/2699/2699
f 2699/2699/2699 2698/2698/2698 2683/2683/2683
f 2699/2699/2699 2683/2683/2683 2682/2682/2682
f 2697/2697/2697 2700/2700/2700 2701/2701/2701
f 2697/2697/2697 2701/2701/2701 2698/2698/2698
f 2698/2698/2698 2701/2701/2701 2684/2684/2684
f 2698/2698/2698 2684/2684/2684 2683/2683/2683
f 2696/2696/2696 2699/2699/2699 2702/2702/2702
f 2696/2696/2696 2702/2702/2702 2703/2703/2703
f 2703/2703/2703 2702/2702/2702 2013/2013/2013
f 2703/2703/2703 2013/2013/2013 2010/2010/2010
f 2699/2699/2699 2682/2682/2682 2695/2695/2695
f 2699/2699/2699 2695/2695/2695 2702/2702/2702
f 2702/2702/2702 2695/2695/2695 2014/2014/2014
f 2702/2702/2702 2014/2014/2014 2013/2013/2013
f 2696/2696/2696 2703/2703/2703 2704/2704/2704
f 2696/2696/2696 2704/2704/2704 2705/2705/2705
f 2705/2705/2705 2704/2704/2704 2706/2706/2706
f 2705/2705/2705 2706/2706/2706 2707/2707/2707
f 2703/2703/2703 2010/2010/2010 2009/2009/2009
f 2703/2703/2703 2009/2009/2009 2704/2704/2704
f 2704/2704/2704 2009/2009/2009 1966/1966/1966
f 2704/2704/2704 1966/1966/1966 2706/2706/2706
f 2696/2696/2696 2705/2705/2705 2708/2708/2708
f 2696/2696/2696 2708/2708/2708 2697/2697/2697
f 2697/2697/2697 2708/2708/2708 2709/2709/2709
f 2697/2697/2697 2709/2709/2709 2700/2700/2700
f 2705/2705/2705 2707/2707/2707 2710/2710/2710
f 2705/2705/2705 2710/2710/2710 2708/2708/2708
f 2708/2708/2708 2710/2710/2710 2711/2711/2711
f 2708/2708/2708 2711/2711/2711 2709/2709/2709
f 2712/2712/2712 2713/2713/2713 2714/2714/2714
f 2712/2712/2712 2714/2714/2714 2715/2715/2715
f 2715/2715/2715 2714/2714/2714 2701/2701/2701
f 2715/2715/2715 2701/2701/2701 2700/2700/2700
f 2713/2713/2713 2716/2716/2716 2717/2717/2717
f 2713/2713/2713 2717/2717/2717 2714/2714/2714
f 2714/2714/2714 2717/2717/2717 2684/2684/2684
f 2714/2714/2714 2684/2684/2684 2701/2701/2701
f 2712/2712/2712 2715/2715/2715 2718/2718/2718
f 2712/2712/2712 2718/2718/2718 2719/2719/2719
f 2719/2719/2719 2718/2718/2718 2720/2720/2720
f 2719/2719/2719 2720/2720/2720 2721/2721/2721
f 2715/2715/2715 2700/2700/2700 2709/2709/2709
f 2715/2715/2715 2709/2709/2709 2718/2718/2718
f 2718/2718/2718 2709/2709/2709 2711/2711/2711
f 2718/2718/2718 2711/2711/2711 2720/2720/2720
f 2712/2712/2712 2719/2719/2719 2722/2722/2722
f 2712/2712/2712 2722/2722/2722 2723/2723/2723
f 2723/2723/2723 2722/2722/2722 2490/2490/2490
f 2723/2723/2723 2490/2490/2490 2485/2485/2485
f 2719/2719/2719 2721/2721/2721 2724/2724/2724
f 2719/2719/2719 2724/2724/2724 2722/2722/2722
f 2722/2722/2722 2724/2724/2724 2491/2491/2491
f 2722/2722/2722 2491/2491/2491 2490/2490/2490
f 2712/2712/2712 2723/2723/2723 2725/2725/2725
f 2712/2712/2712 2725/2725/2725 2713/2713/2713
f 2713/2713/2713 2725/2725/2725 2726/2726/2726
f 2713/2713/2713 2726/2726/2726 2716/2716/2716
f 2723/2723/2723 2485/2485/2485 2484/2484/2484
f 2723/2723/2723 2484/2484/2484 2725/2725/2725
f 2725/2725/2725 2484/2484/2484 2475/2475/2475
f 2725/2725/2725 2475/2475/2475 2726/2726/2726
f 2727/2727/2727 2728/2728/2728 2729/2729/2729
f 2727/2727/2727 2729/2729/2729 2730/2730/2730
f 2730/2730/2730 2729/2729/2729 2717/2717/2717
f 2730/2730/2730 2717/2717/2717 2716/2716/2716
f 2728/2728/2728 2681/2681/2681 2680/2680/2680
f 2728/2728/2728 2680/2680/2680 2729/2729/2729
f 2729/2729/2729 2680/2680/2680 2684/2684/2684
f 2729/2729/2729 2684/2684/2684 2717/2717/2717
f 2727/2727/2727 2730/2730/2730 2731/2731/2731
f 2727/2727/2727 2731/2731/2731 2732/2732/2732
f 2732/2732/2732 2731/2731/2731 2474/2474/2474
f 2732/2732/2732 2474/2474/2474 2469/2469/2469
f 2730/2730/2730 2716/2716/2716 2726/2726/2726
f 2730/2730/2730 2726/2726/2726 2731/2731/2731
f 2731/2731/2731 2726/2726/2726 2475/2475/2475
f 2731/2731/2731 2475/2475/2475 2474/2474/2474
f 2727/2727/2727 2732/2732/2732 2733/2733/2733
f 2727/2727/2727 2733/2733/2733 2734/2734/2734
f 2734/2734/2734 2733/2733/2733 2735/2735/2735
f 2734/2734/2734 2735/2735/2735 2736/2736/2736
f 2732/2732/2732 2469/2469/2469 2468/2468/2468
f 2732/2732/2732 2468/2468/2468 2733/2733/2733
f 2733/2733/2733 2468/2468/2468 2471/2471/2471
f 2733/2733/2733 2471/2471/2471 2735/2735/2735
f 2727/2727/2727 2734/2734/2734 2737/2737/2737
f 2727/2727/2727 2737/2737/2737 2728/2728/2728
f 2728/2728/2728 2737/2737/2737 2689/2689/2689
f 2728/2728/2728 2689/2689/2689 2681/2681/2681
f 2734/2734/2734 2736/2736/2736 2738/2738/2738
f 2734/2734/2734 2738/2738/2738 2737/2737/2737
f 2737/2737/2737 2738/2738/2738 2690/2690/2690
f 2737/2737/2737 2690/2690/2690 2689/2689/2689
f 2739/2739/2739 2740/2740/2740 2741/2741/2741
f 2739/2739/2739 2741/2741/2741 2742/2742/2742
f 2742/2742/2742 2741/2741/2741 2743/2743/2743
f 2742/2742/2742 2743/2743/2743 2744/2744/2744
f 2740/2740/2740 2745/2745/2745 2746/2746/2746
f 2740/2740/2740 2746/2746/2746 2741/2741/2741
f 2741/2741/2741 2746/2746/2746 2747/2747/2747
f 2741/2741/2741 2747/2747/2747 2743/2743/2743
f 2739/2739/2739 2742/2742/2742 2748/2748/2748
f 2739/2739/2739 2748/2748/2748 2749/2749/2749
f 2749/2749/2749 2748/2748/2748 2710/2710/2710
f 2749/2749/2749 2710/2710/2710 2707/2707/2707
f 2742/2742/2742 2744/2744/2744 2750/2750/2750
f 2742/2742/2742 2750/2750/2750 2748/2748/2748
f 2748/2748/2748 2750/2750/2750 2711/2711/2711
f 2748/2748/2748 2711/2711/2711 2710/2710/2710
f 2739/2739/2739 2749/2749/2749 2751/2751/2751
f 2739/2739/2739 2751/2751/2751 2752/2752/2752
f 2752/2752/2752 2751/2751/2751 1965/1965/1965
f 2752/2752/2752 1965/1965/1965 1960/1960/1960
f 2749/2749/2749 2707/2707/2707 2706/2706/2706
f 2749/2749/2749 2706/2706/2706 2751/2751/2751
f 2751/2751/2751 2706/2706/2706 1966/1966/1966
f 2751/2751/2751 1966/1966/1966 1965/1965/1965
f 2739/2739/2739 2752/2752/2752 2753/2753/2753
f 2739/2739/2739 2753/2753/2753 2740/2740/2740
f 2740/2740/2740 2753/2753/2753 2754/2754/2754
f 2740/2740/2740 2754/2754/2754 2745/2745/2745
f 2752/2752/2752 1960/1960/1960 1959/1959/1959
f 2752/2752/2752 1959/1959/1959 2753/2753/2753
f 2753/2753/2753 1959/1959/1959 1950/1950/1950
f 2753/2753/2753 1950/1950/1950 2754/2754/2754
f 2755/2755/2755 2756/2756/2756 2757/2757/2757
f 2755/2755/2755 2757/2757/2757 2758/2758/2758
f 2758/2758/2758 2757/2757/2757 2746/2746/2746
f 2758/2758/2758 2746/2746/2746 2745/2745/2745
f 2756/2756/2756 2759/2759/2759 2760/2760/2760
f 2756/2756/2756 2760/2760/2760 2757/2757/2757
f 2757/2757/2757 2760/2760/2760 2747/2747/2747
f 2757/2757/2757 2747/2747/2747 2746/2746/2746
f 2755/2755/2755 2758/2758/2758 2761/2761/2761
f 2755/2755/2755 2761/2761/2761 2762/2762/2762
f 2762/2762/2762 2761/2761/2761 1949/1949/1949
f 2762/2762/2762 1949/1949/1949 1946/1946/1946
f 2758/2758/2758 2745/2745/2745 2754/2754/2754
f 2758/2758/2758 2754/2754/2754 2761/2761/2761
f 2761/2761/2761 2754/2754/2754 1950/1950/1950
f 2761/2761/2761 1950/1950/1950 1949/1949/1949
f 2755/2755/2755 2762/2762/2762 2763/2763/2763
f 2755/2755/2755 2763/2763/2763 2764/2764/2764
f 2764/2764/2764 2763/2763/2763 2765/2765/2765
f 2764/2764/2764 2765/2765/2765 2766/2766/2766
f 2762/2762/2762 1946/1946/1946 1945/1945/1945
f 2762/2762/2762 1945/1945/1945 2763/2763/2763
f 2763/2763/2763 1945/1945/1945 1902/1902/1902
f 2763/2763/2763 1902/1902/1902 2765/2765/2765
f 2755/2755/2755 2764/2764/2764 2767/2767/2767
f 2755/2755/2755 2767/2767/2767 2756/2756/2756
f 2756/2756/2756 2767/2767/2767 2768/2768/2768
f 2756/2756/2756 2768/2768/2768 2759/2759/2759
f 2764/2764/2764 2766/2766/2766 2769/2769/2769
f 2764/2764/2764 2769/2769/2769 2767/2767/2767
f 2767/2767/2767 2769/2769/2769 2770/2770/2770
f 2767/2767/2767 2770/2770/2770 2768/2768/2768
f 2771/2771/2771 2772/2772/2772 2773/2773/2773
f 2771/2771/2771 2773/2773/2773 2774/2774/2774
f 2774/2774/2774 2773/2773/2773 2760/2760/2760
f 2774/2774/2774 2760/2760/2760 2759/2759/2759
f 2772/2772/2772 2775/2775/2775 2776/2776/2776
f 2772/2772/2772 2776/2776/2776 2773/2773/2773
f 2773/2773/2773 2776/2776/2776 2747/2747/2747
f 2773/2773/2773 2747/2747/2747 2760/2760/2760
f 2771/2771/2771 2774/2774/2774 2777/2777/2777
f 2771/2771/2771 2777/2777/2777 2778/2778/2778
f 2778/2778/2778 2777/2777/2777 2779/2779/2779
f 2778/2778/2778 2779/2779/2779 2780/2780/2780
f 2774/2774/2774 2759/2759/2759 2768/2768/2768
f 2774/2774/2774 2768/2768/2768 2777/2777/2777
f 2777/2777/2777 2768/2768/2768 2770/2770/2770
f 2777/2777/2777 2770/2770/2770 2779/2779/2779
f 2771/2771/2771 2778/2778/2778 2781/2781/2781
f 2771/2771/2771 2781/2781/2781 2782/2782/2782
f 2782/2782/2782 2781/2781/2781 2566/2566/2566
f 2782/2782/2782 2566/2566/2566 2561/2561/2561
f 2778/2778/2778 2780/2780/2780 2783/2783/2783
f 2778/2778/2778 2783/2783/2783 2781/2781/2781
f 2781/2781/2781 2783/2783/2783 2567/2567/2567
f 2781/2781/2781 2567/2567/2567 2566/2566/2566
f 2771/2771/2771 2782/2782/2782 2784/2784/2784
f 2771/2771/2771 2784/2784/2784 2772/2772/2772
f 2772/2772/2772 2784/2784/2784 2785/2785/2785
f 2772/2772/2772 2785/2785/2785 2775/2775/2775
f 2782/2782/2782 2561/2561/2561 2560/2560/2560
f 2782/2782/2782 2560/2560/2560 2784/2784/2784
f 2784/2784/2784 2560/2560/2560 2551/2551/2551
f 2784/2784/2784 2551/2551/2551 2785/2785/2785
f 2786/2786/2786 2787/2787/2787 2788/2788/2788
f 2786/2786/2786 2788/2788/2788 2789/2789/2789
f 2789/2789/2789 2788/2788/2788 2776/2776/2776
f 2789/2789/2789 2776/2776/2776 2775/2775/2775
f 2787/2787/2787 2744/2744/2744 2743/2743/2743
f 2787/2787/2787 2743/2743/2743 2788/2788/2788
f 2788/2788/2788 2743/2743/2743 2747/2747/2747
f 2788/2788/2788 2747/2747/2747 2776/2776/2776
f 2786/2786/2786 2789/2789/2789 2790/2790/2790
f 2786/2786/2786 2790/2790/2790 2791/2791/2791
f 2791/2791/2791 2790/2790/2790 2550/2550/2550
f 2791/2791/2791 2550/2550/2550 2547/2547/2547
f 2789/2789/2789 2775/2775/2775 2785/2785/2785
f 2789/2789/2789 2785/2785/2785 2790/2790/2790
f 2790/2790/2790 2785/2785/2785 2551/2551/2551
f 2790/2790/2790 2551/2551/2551 2550/2550/2550
f 2786/2786/2786 2791/2791/2791 2792/2792/2792
f 2786/2786/2786 2792/2792/2792 2793/2793/2793
f 2793/2793/2793 2792/2792/2792 2724/2724/2724
f 2793/2793/2793 2724/2724/2724 2721/2721/2721
f 2791/2791/2791 2547/2547/2547 2546/2546/2546
f 2791/2791/2791 2546/2546/2546 2792/2792/2792
f 2792/2792/2792 2546/2546/2546 2491/2491/2491
f 2792/2792/2792 2491/2491/2491 2724/2724/2724
f 2786/2786/2786 2793/2793/2793 2794/2794/2794
f 2786/2786/2786 2794/2794/2794 2787/2787/2787
f 2787/2787/2787 2794/2794/2794 2750/2750/2750
f 2787/2787/2787 2750/2750/2750 2744/2744/2744
f 2793/2793/2793 2721/2721/2721 2720/2720/2720
f 2793/2793/2793 2720/2720/2720 2794/2794/2794
f 2794/2794/2794 2720/2720/2720 2711/2711/2711
f 2794/2794/2794 2711/2711/2711 2750/2750/2750
f 2795/2795/2795 2796/2796/2796 2797/2797/2797
f 2795/2795/2795 2797/2797/2797 2798/2798/2798
f 2798/2798/2798 2797/2797/2797 2799/2799/2799
f 2798/2798/2798 2799/2799/2799 2800/2800/2800
f 2796/2796/2796 2801/2801/2801 2802/2802/2802
f 2796/2796/2796 2802/2802/2802 2797/2797/2797
f 2797/2797/2797 2802/2802/2802 2803/2803/2803
f 2797/2797/2797 2803/2803/2803 2799/2799/2799
f 2795/2795/2795 2798/2798/2798 2804/2804/2804
f 2795/2795/2795 2804/2804/2804 2805/2805/2805
f 2805/2805/2805 2804/2804/2804 2769/2769/2769
f 2805/2805/2805 2769/2769/2769 2766/2766/2766
f 2798/2798/2798 2800/2800/2800 2806/2806/2806
f 2798/2798/2798 2806/2806/2806 2804/2804/2804
f 2804/2804/2804 2806/2806/2806 2770/2770/2770
f 2804/2804/2804 2770/2770/2770 2769/2769/2769
f 2795/2795/2795 2805/2805/2805 2807/2807/2807
f 2795/2795/2795 2807/2807/2807 2808/2808/2808
f 2808/2808/2808 2807/2807/2807 1901/1901/1901
f 2808/2808/2808 1901/1901/1901 1896/1896/1896
f 2805/2805/2805 2766/2766/2766 2765/2765/2765
f 2805/2805/2805 2765/2765/2765 2807/2807/2807
f 2807/2807/2807 2765/2765/2765 1902/1902/1902
f 2807/2807/2807 1902/1902/1902 1901/1901/1901
f 2795/2795/2795 2808/2808/2808 2809/2809/2809
f 2795/2795/2795 2809/2809/2809 2796/2796/2796
f 2796/2796/2796 2809/2809/2809 2810/2810/2810
f 2796/2796/2796 2810/2810/2810 2801/2801/2801
f 2808/2808/2808 1896/1896/1896 1895/1895/1895
f 2808/2808/2808 1895/1895/1895 2809/2809/2809
f 2809/2809/2809 1895/1895/1895 1886/1886/1886
f 2809/2809/2809 1886/1886/1886 2810/2810/2810
f 2811/2811/2811 2812/2812/2812 2813/2813/2813
f 2811/2811/2811 2813/2813/2813 2814/2814/2814
f 2814/2814/2814 2813/2813/2813 2802/2802/2802
f 2814/2814/2814 2802/2802/2802 2801/2801/2801
f 2812/2812/2812 2815/2815/2815 2816/2816/2816
f 2812/2812/2812 2816/2816/2816 2813/2813/2813
f 2813/2813/2813 2816/2816/2816 2803/2803/2803
f 2813/2813/2813 2803/2803/2803 2802/2802/2802
f 2811/2811/2811 2814/2814/2814 2817/2817/2817
f 2811/2811/2811 2817/2817/2817 2818/2818/2818
f 2818/2818/2818 2817/2817/2817 1885/1885/1885
f 2818/2818/2818 1885/1885/1885 1882/1882/1882
f 2814/2814/2814 2801/2801/2801 2810/2810/2810
f 2814/2814/2814 2810/2810/2810 2817/2817/2817
f 2817/2817/2817 2810/2810/2810 1886/1886/1886
f 2817/2817/2817 1886/1886/1886 1885/1885/1885
f 2811/2811/2811 2818/2818/2818 2819/2819/2819
f 2811/2811/2811 2819/2819/2819 2820/2820/2820
f 2820/2820/2820 2819/2819/2819 2821/2821/2821
f 2820/2820/2820 2821/2821/2821 2822/2822/2822
f 2818/2818/2818 1882/1882/1882 1881/1881/1881
f 2818/2818/2818 1881/1881/1881 2819/2819/2819
f 2819/2819/2819 1881/1881/1881 822/822/822
f 2819/2819/2819 822/822/822 2821/2821/2821
f 2811/2811/2811 2820/2820/2820 2823/2823/2823
f 2811/2811/2811 2823/2823/2823 2812/2812/2812
f 2812/2812/2812 2823/2823/2823 2824/2824/2824
f 2812/2812/2812 2824/2824/2824 2815/2815/2815
f 2820/2820/2820 2822/2822/2822 2825/2825/2825
f 2820/2820/2820 2825/2825/2825 2823/2823/2823
f 2823/2823/2823 2825/2825/2825 2826/2826/2826
f 2823/2823/2823 2826/2826/2826 2824/2824/2824
f 2827/2827/2827 2828/2828/2828 2829/2829/2829
f 2827/2827/2827 2829/2829/2829 2830/2830/2830
f 2830/2830/2830 2829/2829/2829 2816/2816/2816
f 2830/2830/2830 2816/2816/2816 2815/2815/2815
f 2828/2828/2828 2831/2831/2831 2832/2832/2832
f 2828/2828/2828 2832/2832/2832 2829/2829/2829
f 2829/2829/2829 2832/2832/2832 2803/2803/2803
f 2829/2829/2829 2803/2803/2803 2816/2816/2816
f 2827/2827/2827 2830/2830/2830 2833/2833/2833
f 2827/2827/2827 2833/2833/2833 2834/2834/2834
f 2834/2834/2834 2833/2833/2833 2835/2835/2835
f 2834/2834/2834 2835/2835/2835 2836/2836/2836
f 2830/2830/2830 2815/2815/2815 2824/2824/2824
f 2830/2830/2830 2824/2824/2824 2833/2833/2833
f 2833/2833/2833 2824/2824/2824 2826/2826/2826
f 2833/2833/2833 2826/2826/2826 2835/2835/2835
f 2827/2827/2827 2834/2834/2834 2837/2837/2837
f 2827/2827/2827 2837/2837/2837 2838/2838/2838
f 2838/2838/2838 2837/2837/2837 2638/2638/2638
f 2838/2838/2838 2638/2638/2638 2633/2633/2633
f 2834/2834/2834 2836/2836/2836 2839/2839/2839
f 2834/2834/2834 2839/2839/2839 2837/2837/2837
f 2837/2837/2837 2839/2839/2839 2639/2639/2639
f 2837/2837/2837 2639/2639/2639 2638/2638/2638
f 2827/2827/2827 2838/2838/2838 2840/2840/2840
f 2827/2827/2827 2840/2840/2840 2828/2828/2828
f 2828/2828/2828 2840/2840/2840 2841/2841/2841
f 2828/2828/2828 2841/2841/2841 2831/2831/2831
f 2838/2838/2838 2633/2633/2633 2632/2632/2632
f 2838/2838/2838 2632/2632/2632 2840/2840/2840
f 2840/2840/2840 2632/2632/2632 2623/2623/2623
f 2840/2840/2840 2623/2623/2623 2841/2841/2841
f 2842/2842/2842 2843/2843/2843 2844/2844/2844
f 2842/2842/2842 2844/2844/2844 2845/2845/2845
f 2845/2845/2845 2844/2844/2844 2832/2832/2832
f 2845/2845/2845 2832/2832/2832 2831/2831/2831
f 2843/2843/2843 2800/2800/2800 2799/2799/2799
f 2843/2843/2843 2799/2799/2799 2844/2844/2844
f 2844/2844/2844 2799/2799/2799 2803/2803/2803
f 2844/2844/2844 2803/2803/2803 2832/2832/2832
f 2842/2842/2842 2845/2845/2845 2846/2846/2846
f 2842/2842/2842 2846/2846/2846 2847/2847/2847
f 2847/2847/2847 2846/2846/2846 2622/2622/2622
f 2847/2847/2847 2622/2622/2622 2619/2619/2619
f 2845/2845/2845 2831/2831/2831 2841/2841/2841
f 2845/2845/2845 2841/2841/2841 2846/2846/2846
f 2846/2846/2846 2841/2841/2841 2623/2623/2623
f 2846/2846/2846 2623/2623/2623 2622/2622/2622
f 2842/2842/2842 2847/2847/2847 2848/2848/2848
f 2842/2842/2842 2848/2848/2848 2849/2849/2849
f 2849/2849/2849 2848/2848/2848 2783/2783/2783
f 2849/2849/2849 2783/2783/2783 2780/2780/2780
f 2847/2847/2847 2619/2619/2619 2618/2618/2618
f 2847/2847/2847 2618/2618/2618 2848/2848/2848
f 2848/2848/2848 2618/2618/2618 2567/2567/2567
f 2848/2848/2848 2567/2567/2567 2783/2783/2783
f 2842/2842/2842 2849/2849/2849 2850/2850/2850
f 2842/2842/2842 2850/2850/2850 2843/2843/2843
f 2843/2843/2843 2850/2850/2850 2806/2806/2806
f 2843/2843/2843 2806/2806/2806 2800/2800/2800
f 2849/2849/2849 2780/2780/2780 2779/2779/2779
f 2849/2849/2849 2779/2779/2779 2850/2850/2850
f 2850/2850/2850 2779/2779/2779 2770/2770/2770
f 2850/2850/2850 2770/2770/2770 2806/2806/2806
