v -1.359524 0.542500 -0.721379
v -1.359368 0.542500 -0.731119
v -1.362809 0.536435 -0.731403
v -1.362973 0.536435 -0.721211
v -1.365320 0.529796 -0.731610
v -1.365489 0.529796 -0.721089
v -1.357947 0.542500 -0.740751
v -1.361323 0.536435 -0.741482
v -1.363786 0.529796 -0.742015
v -1.361822 0.536435 -0.711084
v -1.358424 0.542500 -0.711700
v -1.359366 0.536435 -0.701196
v -1.356077 0.542500 -0.702251
v -1.364301 0.529796 -0.710634
v -1.361766 0.529796 -0.700427
v -1.354024 0.547967 -0.712499
v -1.355057 0.547967 -0.721596
v -1.348538 0.552814 -0.713494
v -1.349489 0.552814 -0.721866
v -1.351818 0.547967 -0.703617
v -1.346508 0.552813 -0.705320
v -1.354910 0.547967 -0.730750
v -1.353576 0.547967 -0.739804
v -1.349354 0.552814 -0.730291
v -1.348125 0.552813 -0.738624
v -1.351368 0.542500 -0.759040
v -1.346363 0.542500 -0.767396
v -1.349201 0.536435 -0.769363
v -1.354439 0.536435 -0.760619
v -1.351272 0.529796 -0.770798
v -1.356678 0.529796 -0.761771
v -1.340317 0.542500 -0.775028
v -1.342875 0.536435 -0.777349
v -1.344741 0.529796 -0.779042
v -1.358506 0.536435 -0.751273
v -1.355255 0.542500 -0.750108
v -1.360877 0.529796 -0.752123
v -1.351045 0.547967 -0.748599
v -1.347391 0.547967 -0.756994
v -1.345796 0.552814 -0.746718
v -1.342434 0.552814 -0.754444
v -1.342687 0.547967 -0.764849
v -1.337004 0.547967 -0.772022
v -1.338104 0.552814 -0.761673
v -1.332874 0.552813 -0.768275
v -1.325475 0.542500 -0.787577
v -1.316962 0.542500 -0.792311
v -1.318436 0.536435 -0.795434
v -1.327344 0.536435 -0.790480
v -1.319512 0.529796 -0.797712
v -1.328708 0.529796 -0.792598
v -1.307909 0.542500 -0.795898
v -1.308964 0.536435 -0.799187
v -1.309734 0.529796 -0.801586
v -1.335539 0.536435 -0.784420
v -1.333307 0.542500 -0.781785
v -1.337168 0.529796 -0.786341
v -1.330415 0.547967 -0.778374
v -1.323053 0.547967 -0.783817
v -1.326810 0.552814 -0.774120
v -1.320035 0.552814 -0.779130
v -1.315052 0.547967 -0.788267
v -1.306544 0.547967 -0.791638
v -1.312671 0.552814 -0.783225
v -1.304841 0.552813 -0.786328
v -1.288781 0.542500 -0.799344
v -1.279042 0.542500 -0.799188
v -1.278757 0.536435 -0.802629
v -1.288949 0.536435 -0.802793
v -1.278550 0.529796 -0.805140
v -1.289071 0.529796 -0.805309
v -1.269409 0.542500 -0.797768
v -1.268678 0.536435 -0.801143
v -1.268145 0.529796 -0.803606
v -1.299077 0.536435 -0.801642
v -1.298460 0.542500 -0.798245
v -1.308964 0.536435 -0.799187
v -1.307909 0.542500 -0.795898
v -1.299526 0.529796 -0.804121
v -1.309734 0.529796 -0.801586
v -1.297662 0.547967 -0.793844
v -1.288564 0.547967 -0.794878
v -1.296666 0.552814 -0.788358
v -1.288294 0.552814 -0.789309
v -1.306544 0.547967 -0.791638
v -1.304841 0.552813 -0.786328
v -1.279410 0.547967 -0.794731
v -1.270356 0.547967 -0.793396
v -1.279869 0.552814 -0.789174
v -1.271536 0.552813 -0.787945
v -1.251121 0.542500 -0.791188
v -1.242764 0.542500 -0.786183
v -1.240797 0.536435 -0.789021
v -1.249541 0.536435 -0.794259
v -1.239362 0.529796 -0.791092
v -1.248389 0.529796 -0.796499
v -1.235132 0.542500 -0.780137
v -1.232811 0.536435 -0.782695
v -1.231118 0.529796 -0.784561
v -1.258887 0.536435 -0.798326
v -1.260052 0.542500 -0.795075
v -1.258037 0.529796 -0.800698
v -1.261561 0.547967 -0.790865
v -1.253166 0.547967 -0.787212
v -1.263442 0.552814 -0.785616
v -1.255716 0.552814 -0.782254
v -1.245311 0.547967 -0.782507
v -1.238138 0.547967 -0.776824
v -1.248487 0.552814 -0.777924
v -1.241886 0.552813 -0.772694
v -1.222584 0.542500 -0.765295
v -1.217849 0.542500 -0.756782
v -1.214726 0.536435 -0.758256
v -1.219680 0.536435 -0.767164
v -1.212448 0.529796 -0.759332
v -1.217563 0.529796 -0.768528
v -1.214263 0.542500 -0.747730
v -1.210974 0.536435 -0.748784
v -1.208574 0.529796 -0.749554
v -1.225741 0.536435 -0.775360
v -1.228375 0.542500 -0.773127
v -1.223819 0.529796 -0.776988
v -1.231787 0.547967 -0.770235
v -1.226343 0.547967 -0.762874
v -1.236040 0.552814 -0.766630
v -1.231030 0.552814 -0.759855
v -1.221893 0.547967 -0.754872
v -1.218522 0.547967 -0.746364
v -1.226935 0.552814 -0.752491
v -1.223833 0.552813 -0.744661
v -1.210816 0.542500 -0.728602
v -1.210973 0.542500 -0.718862
v -1.207531 0.536435 -0.718578
v -1.207367 0.536435 -0.728769
v -1.205020 0.529796 -0.718370
v -1.204852 0.529796 -0.728891
v -1.212393 0.542500 -0.709229
v -1.209017 0.536435 -0.708498
v -1.206555 0.529796 -0.707965
v -1.208518 0.536435 -0.738897
v -1.211916 0.542500 -0.738280
v -1.206039 0.529796 -0.739346
v -1.216316 0.547967 -0.737482
v -1.215283 0.547967 -0.728385
v -1.221802 0.552814 -0.736487
v -1.220851 0.552814 -0.728114
v -1.215430 0.547967 -0.719230
v -1.216765 0.547967 -0.710176
v -1.220987 0.552814 -0.719689
v -1.222215 0.552813 -0.711357
v -1.218972 0.542500 -0.690941
v -1.223977 0.542500 -0.682584
v -1.221139 0.536435 -0.680617
v -1.215902 0.536435 -0.689362
v -1.219068 0.529796 -0.679182
v -1.213662 0.529796 -0.688209
v -1.230023 0.542500 -0.674952
v -1.227466 0.536435 -0.672631
v -1.225600 0.529796 -0.670938
v -1.211834 0.536435 -0.698707
v -1.215085 0.542500 -0.699873
v -1.209463 0.529796 -0.697858
v -1.219295 0.547967 -0.701381
v -1.222949 0.547967 -0.692986
v -1.224544 0.552814 -0.703263
v -1.227906 0.552814 -0.695536
v -1.227653 0.547967 -0.685132
v -1.233336 0.547967 -0.677958
v -1.232236 0.552814 -0.688307
v -1.237466 0.552813 -0.681706
v -1.244866 0.542500 -0.662404
v -1.253379 0.542500 -0.657669
v -1.251904 0.536435 -0.654546
v -1.242996 0.536435 -0.659501
v -1.250828 0.529796 -0.652269
v -1.241632 0.529796 -0.657383
v -1.262431 0.542500 -0.654083
v -1.261376 0.536435 -0.650794
v -1.260606 0.529796 -0.648395
v -1.234801 0.536435 -0.665561
v -1.237033 0.542500 -0.668195
v -1.233172 0.529796 -0.663639
v -1.239925 0.547967 -0.671607
v -1.247287 0.547967 -0.666163
v -1.243530 0.552814 -0.675860
v -1.250305 0.552814 -0.670851
v -1.255288 0.547967 -0.661713
v -1.263797 0.547967 -0.658342
v -1.257669 0.552814 -0.666755
v -1.265500 0.552813 -0.663653
v -1.281559 0.542500 -0.650636
v -1.291298 0.542500 -0.650793
v -1.291583 0.536435 -0.647351
v -1.281391 0.536435 -0.647188
v -1.291790 0.529796 -0.644841
v -1.281269 0.529796 -0.644672
v -1.300931 0.542500 -0.652213
v -1.301662 0.536435 -0.648837
v -1.302195 0.529796 -0.646375
v -1.271264 0.536435 -0.648338
v -1.271880 0.542500 -0.651736
v -1.270814 0.529796 -0.645859
v -1.272678 0.547967 -0.656136
v -1.281776 0.547967 -0.655103
v -1.273674 0.552814 -0.661623
v -1.282046 0.552814 -0.660672
v -1.290930 0.547967 -0.655250
v -1.299984 0.547967 -0.656585
v -1.290471 0.552814 -0.660807
v -1.298804 0.552813 -0.662035
v -1.319219 0.542500 -0.658792
v -1.327576 0.542500 -0.663797
v -1.329543 0.536435 -0.660959
v -1.320799 0.536435 -0.655722
v -1.330978 0.529796 -0.658889
v -1.321951 0.529796 -0.653482
v -1.335208 0.542500 -0.669844
v -1.337529 0.536435 -0.667286
v -1.339222 0.529796 -0.665420
v -1.311453 0.536435 -0.651654
v -1.310288 0.542500 -0.654905
v -1.312303 0.529796 -0.649283
v -1.308779 0.547967 -0.659115
v -1.317174 0.547967 -0.662769
v -1.306898 0.552814 -0.664364
v -1.314624 0.552814 -0.667727
v -1.325029 0.547967 -0.667473
v -1.332202 0.547967 -0.673156
v -1.321853 0.552814 -0.672056
v -1.328455 0.552813 -0.677286
v -1.347757 0.542500 -0.684686
v -1.352491 0.542500 -0.693199
v -1.355614 0.536435 -0.691724
v -1.350660 0.536435 -0.682816
v -1.357892 0.529796 -0.690648
v -1.352777 0.529796 -0.681453
v -1.344600 0.536435 -0.674621
v -1.341965 0.542500 -0.676854
v -1.346521 0.529796 -0.672992
v -1.338553 0.547967 -0.679745
v -1.343997 0.547967 -0.687107
v -1.334300 0.552814 -0.683350
v -1.339310 0.552814 -0.690125
v -1.348447 0.547967 -0.695109
v -1.343405 0.552814 -0.697490
v -1.327339 0.560602 -0.697834
v -1.330529 0.560602 -0.703570
v -1.337289 0.557015 -0.700378
v -1.333624 0.557015 -0.693787
v -1.332946 0.560602 -0.709669
v -1.340065 0.557015 -0.707386
v -1.329140 0.557015 -0.687724
v -1.323437 0.560602 -0.692557
v -1.323908 0.557015 -0.682297
v -1.318884 0.560602 -0.687834
v -1.317556 0.563606 -0.697542
v -1.320858 0.563606 -0.702008
v -1.311859 0.566058 -0.702370
v -1.314581 0.566058 -0.706050
v -1.313703 0.563606 -0.693545
v -1.308684 0.566058 -0.699076
v -1.323558 0.563606 -0.706862
v -1.325603 0.563606 -0.712024
v -1.316805 0.566058 -0.710051
v -1.318491 0.566058 -0.714305
v -1.308112 0.560602 -0.680388
v -1.313742 0.560602 -0.683760
v -1.318000 0.557015 -0.677616
v -1.311530 0.557015 -0.673741
v -1.304616 0.557015 -0.670732
v -1.302094 0.560602 -0.677769
v -1.297372 0.557015 -0.668647
v -1.295789 0.560602 -0.675955
v -1.299493 0.563606 -0.685026
v -1.304586 0.563606 -0.687243
v -1.296973 0.566058 -0.692056
v -1.301170 0.566058 -0.693883
v -1.294157 0.563606 -0.683491
v -1.292576 0.566058 -0.690791
v -1.309351 0.563606 -0.690097
v -1.305097 0.566058 -0.696235
v -1.282737 0.560602 -0.674893
v -1.289299 0.560602 -0.674998
v -1.289914 0.557015 -0.667548
v -1.282374 0.557015 -0.667427
v -1.274881 0.557015 -0.668278
v -1.276216 0.560602 -0.675633
v -1.267566 0.557015 -0.670095
v -1.269849 0.560602 -0.677215
v -1.277592 0.563606 -0.683219
v -1.283111 0.563606 -0.682592
v -1.278925 0.566058 -0.690567
v -1.283473 0.566058 -0.690050
v -1.272204 0.563606 -0.684558
v -1.274484 0.566058 -0.691670
v -1.288665 0.563606 -0.682682
v -1.288050 0.566058 -0.690123
v -1.258014 0.560602 -0.682821
v -1.263750 0.560602 -0.679631
v -1.260558 0.557015 -0.672871
v -1.253967 0.557015 -0.676537
v -1.247904 0.557015 -0.681020
v -1.252737 0.560602 -0.686723
v -1.242476 0.557015 -0.686252
v -1.248014 0.560602 -0.691276
v -1.257722 0.563606 -0.692605
v -1.262188 0.563606 -0.689302
v -1.262550 0.566058 -0.698301
v -1.266230 0.566058 -0.695580
v -1.253724 0.563606 -0.696458
v -1.259256 0.566058 -0.701477
v -1.267042 0.563606 -0.686603
v -1.270231 0.566058 -0.693355
v -1.240568 0.560602 -0.702049
v -1.243940 0.560602 -0.696418
v -1.237796 0.557015 -0.692160
v -1.233921 0.557015 -0.698630
v -1.230911 0.557015 -0.705545
v -1.237949 0.560602 -0.708067
v -1.228827 0.557015 -0.712789
v -1.236135 0.560602 -0.714371
v -1.245206 0.563606 -0.710668
v -1.247423 0.563606 -0.705575
v -1.252236 0.566058 -0.713187
v -1.254062 0.566058 -0.708990
v -1.243671 0.563606 -0.716003
v -1.250971 0.566058 -0.717584
v -1.250277 0.563606 -0.700810
v -1.256415 0.566058 -0.705063
v -1.235072 0.560602 -0.727423
v -1.235178 0.560602 -0.720861
v -1.227728 0.557015 -0.720246
v -1.227607 0.557015 -0.727786
v -1.228458 0.557015 -0.735279
v -1.235813 0.560602 -0.733945
v -1.230275 0.557015 -0.742595
v -1.237395 0.560602 -0.740312
v -1.243399 0.563606 -0.732568
v -1.242772 0.563606 -0.727049
v -1.250746 0.566058 -0.731235
v -1.250230 0.566058 -0.726687
v -1.244737 0.563606 -0.737957
v -1.251849 0.566058 -0.735676
v -1.242861 0.563606 -0.721496
v -1.250303 0.566058 -0.722110
v -1.243001 0.560602 -0.752146
v -1.239811 0.560602 -0.746410
v -1.233051 0.557015 -0.749603
v -1.236717 0.557015 -0.756193
v -1.241200 0.557015 -0.762257
v -1.246903 0.560602 -0.757423
v -1.246432 0.557015 -0.767684
v -1.251456 0.560602 -0.762147
v -1.252784 0.563606 -0.752439
v -1.249482 0.563606 -0.747972
v -1.258481 0.566058 -0.747611
v -1.255759 0.566058 -0.743930
v -1.256638 0.563606 -0.756436
v -1.261656 0.566058 -0.750905
v -1.246782 0.563606 -0.743118
v -1.253535 0.566058 -0.739930
v -1.262228 0.560602 -0.769593
v -1.256598 0.560602 -0.766220
v -1.252340 0.557015 -0.772365
v -1.258810 0.557015 -0.776239
v -1.265724 0.557015 -0.779249
v -1.268246 0.560602 -0.772212
v -1.272968 0.557015 -0.781333
v -1.274551 0.560602 -0.774026
v -1.270848 0.563606 -0.764954
v -1.265754 0.563606 -0.762737
v -1.273367 0.566058 -0.757924
v -1.269170 0.566058 -0.756098
v -1.276183 0.563606 -0.766489
v -1.277764 0.566058 -0.759190
v -1.260989 0.563606 -0.759883
v -1.265243 0.566058 -0.753746
v -1.287603 0.560602 -0.775088
v -1.281041 0.560602 -0.774983
v -1.280426 0.557015 -0.782433
v -1.287966 0.557015 -0.782554
v -1.295459 0.557015 -0.781702
v -1.294124 0.560602 -0.774347
v -1.302775 0.557015 -0.779885
v -1.300491 0.560602 -0.772766
v -1.292748 0.563606 -0.766761
v -1.287229 0.563606 -0.767388
v -1.291415 0.566058 -0.759414
v -1.286867 0.566058 -0.759930
v -1.298136 0.563606 -0.765423
v -1.295856 0.566058 -0.758311
v -1.281676 0.563606 -0.767299
v -1.282290 0.566058 -0.759857
v -1.312326 0.560602 -0.767159
v -1.306590 0.560602 -0.770349
v -1.309783 0.557015 -0.777109
v -1.316373 0.557015 -0.773444
v -1.300491 0.560602 -0.772766
v -1.302775 0.557015 -0.779885
v -1.322437 0.557015 -0.768960
v -1.317603 0.560602 -0.763257
v -1.327864 0.557015 -0.763729
v -1.322326 0.560602 -0.758704
v -1.312618 0.563606 -0.757376
v -1.308152 0.563606 -0.760678
v -1.307790 0.566058 -0.751679
v -1.304110 0.566058 -0.754401
v -1.316616 0.563606 -0.753523
v -1.311085 0.566058 -0.748504
v -1.303298 0.563606 -0.763378
v -1.298136 0.563606 -0.765423
v -1.300110 0.566058 -0.756626
v -1.295856 0.566058 -0.758311
v -1.329772 0.560602 -0.747932
v -1.326400 0.560602 -0.753562
v -1.332544 0.557015 -0.757820
v -1.336419 0.557015 -0.751351
v -1.339429 0.557015 -0.744436
v -1.332392 0.560602 -0.741914
v -1.341513 0.557015 -0.737192
v -1.334206 0.560602 -0.735609
v -1.325134 0.563606 -0.739313
v -1.322917 0.563606 -0.744406
v -1.318104 0.566058 -0.736794
v -1.316278 0.566058 -0.740991
v -1.326669 0.563606 -0.733977
v -1.319369 0.566058 -0.732396
v -1.320063 0.563606 -0.749171
v -1.313926 0.566058 -0.744918
v -1.335268 0.560602 -0.722557
v -1.335162 0.560602 -0.729119
v -1.342613 0.557015 -0.729735
v -1.342734 0.557015 -0.722194
v -1.341882 0.557015 -0.714701
v -1.334527 0.560602 -0.716036
v -1.326941 0.563606 -0.717412
v -1.327568 0.563606 -0.722931
v -1.319594 0.566058 -0.718745
v -1.320110 0.566058 -0.723293
v -1.327479 0.563606 -0.728485
v -1.320037 0.566058 -0.727870
v -1.303606 0.568637 -0.713118
v -1.308546 0.567175 -0.709937
v -1.310314 0.567175 -0.713116
v -1.305001 0.568637 -0.715626
v -1.311654 0.567175 -0.716497
v -1.306057 0.568637 -0.718292
v -1.314191 0.565258 -0.706302
v -1.316386 0.565258 -0.710249
v -1.318049 0.565258 -0.714446
v -1.300578 0.569699 -0.717714
v -1.299494 0.569699 -0.715766
v -1.297178 0.570418 -0.719320
v -1.296333 0.570418 -0.717802
v -1.301398 0.569699 -0.719786
v -1.297817 0.570418 -0.720934
v -1.298168 0.569699 -0.713973
v -1.301900 0.568637 -0.710811
v -1.296622 0.569699 -0.712369
v -1.299909 0.568637 -0.708746
v -1.295300 0.570418 -0.716404
v -1.294095 0.570418 -0.715154
v -1.306383 0.567175 -0.707011
v -1.311505 0.565258 -0.702670
v -1.303859 0.567175 -0.704393
v -1.308372 0.565258 -0.699419
v -1.295200 0.568637 -0.705491
v -1.297887 0.567175 -0.700266
v -1.301009 0.567175 -0.702135
v -1.297661 0.568637 -0.706965
v -1.300958 0.565258 -0.694295
v -1.304833 0.565258 -0.696616
v -1.294875 0.569699 -0.710985
v -1.292963 0.569699 -0.709840
v -1.292734 0.570418 -0.714076
v -1.291243 0.570418 -0.713183
v -1.290919 0.569699 -0.708950
v -1.292569 0.568637 -0.704346
v -1.288777 0.569699 -0.708334
v -1.289813 0.568637 -0.703553
v -1.289650 0.570418 -0.712490
v -1.287981 0.570418 -0.712010
v -1.294551 0.567175 -0.698814
v -1.296817 0.565258 -0.692492
v -1.291057 0.567175 -0.697808
v -1.292478 0.565258 -0.691244
v -1.284106 0.568637 -0.703088
v -1.283821 0.567175 -0.697219
v -1.287459 0.567175 -0.697278
v -1.286975 0.568637 -0.703134
v -1.283496 0.565258 -0.690513
v -1.288012 0.565258 -0.690586
v -1.286573 0.569699 -0.708009
v -1.284344 0.569699 -0.707973
v -1.286263 0.570418 -0.711756
v -1.284526 0.570418 -0.711728
v -1.282128 0.569699 -0.708225
v -1.281255 0.568637 -0.703412
v -1.279966 0.569699 -0.708762
v -1.278472 0.568637 -0.704103
v -1.282800 0.570418 -0.711924
v -1.281114 0.570418 -0.712343
v -1.280206 0.567175 -0.697630
v -1.279008 0.565258 -0.691023
v -1.276677 0.567175 -0.698507
v -1.274626 0.565258 -0.692111
v -1.273298 0.568637 -0.706554
v -1.270117 0.567175 -0.701614
v -1.273296 0.567175 -0.699846
v -1.275805 0.568637 -0.705160
v -1.266481 0.565258 -0.695969
v -1.270429 0.565258 -0.693774
v -1.277894 0.569699 -0.709583
v -1.275946 0.569699 -0.710666
v -1.279500 0.570418 -0.712983
v -1.277981 0.570418 -0.713827
v -1.274153 0.569699 -0.711992
v -1.270991 0.568637 -0.708260
v -1.272549 0.569699 -0.713538
v -1.268926 0.568637 -0.710251
v -1.276584 0.570418 -0.714860
v -1.275334 0.570418 -0.716065
v -1.267191 0.567175 -0.703777
v -1.262850 0.565258 -0.698655
v -1.264573 0.567175 -0.706301
v -1.259599 0.565258 -0.701788
v -1.265670 0.568637 -0.714960
v -1.260445 0.567175 -0.712273
v -1.262315 0.567175 -0.709152
v -1.267145 0.568637 -0.712499
v -1.254475 0.565258 -0.709202
v -1.256796 0.565258 -0.705327
v -1.271165 0.569699 -0.715285
v -1.270020 0.569699 -0.717198
v -1.274256 0.570418 -0.717427
v -1.273363 0.570418 -0.718917
v -1.269130 0.569699 -0.719242
v -1.264525 0.568637 -0.717591
v -1.268514 0.569699 -0.721383
v -1.263732 0.568637 -0.720348
v -1.272670 0.570418 -0.720510
v -1.272189 0.570418 -0.722179
v -1.258994 0.567175 -0.715609
v -1.252672 0.565258 -0.713343
v -1.257988 0.567175 -0.719104
v -1.251424 0.565258 -0.717682
v -1.263268 0.568637 -0.726054
v -1.257399 0.567175 -0.726339
v -1.257458 0.567175 -0.722701
v -1.263314 0.568637 -0.723185
v -1.250693 0.565258 -0.726665
v -1.250765 0.565258 -0.722149
v -1.268189 0.569699 -0.723588
v -1.268153 0.569699 -0.725817
v -1.271936 0.570418 -0.723897
v -1.271908 0.570418 -0.725634
v -1.268405 0.569699 -0.728032
v -1.263592 0.568637 -0.728905
v -1.268942 0.569699 -0.730195
v -1.264283 0.568637 -0.731688
v -1.272104 0.570418 -0.727361
v -1.272523 0.570418 -0.729046
v -1.257810 0.567175 -0.729954
v -1.251203 0.565258 -0.731153
v -1.258686 0.567175 -0.733483
v -1.252291 0.565258 -0.735534
v -1.266734 0.568637 -0.736862
v -1.261794 0.567175 -0.740044
v -1.260026 0.567175 -0.736864
v -1.265340 0.568637 -0.734355
v -1.256149 0.565258 -0.743679
v -1.253954 0.565258 -0.739732
v -1.269763 0.569699 -0.732266
v -1.270846 0.569699 -0.734214
v -1.273163 0.570418 -0.730661
v -1.274007 0.570418 -0.732179
v -1.272172 0.569699 -0.736007
v -1.268440 0.568637 -0.739170
v -1.273718 0.569699 -0.737611
v -1.270431 0.568637 -0.741235
v -1.275040 0.570418 -0.733576
v -1.276245 0.570418 -0.734826
v -1.263957 0.567175 -0.742969
v -1.258835 0.565258 -0.747311
v -1.266481 0.567175 -0.745587
v -1.261968 0.565258 -0.750561
v -1.275140 0.568637 -0.744490
v -1.272453 0.567175 -0.749715
v -1.269332 0.567175 -0.747846
v -1.272679 0.568637 -0.743016
v -1.269382 0.565258 -0.755686
v -1.265507 0.565258 -0.753365
v -1.275465 0.569699 -0.738995
v -1.277377 0.569699 -0.740141
v -1.277606 0.570418 -0.735905
v -1.279097 0.570418 -0.736797
v -1.279422 0.569699 -0.741030
v -1.277771 0.568637 -0.745635
v -1.281563 0.569699 -0.741646
v -1.280527 0.568637 -0.746428
v -1.280690 0.570418 -0.737491
v -1.282359 0.570418 -0.737971
v -1.275789 0.567175 -0.751167
v -1.273523 0.565258 -0.757488
v -1.279284 0.567175 -0.752172
v -1.277862 0.565258 -0.758736
v -1.286234 0.568637 -0.746892
v -1.286519 0.567175 -0.752761
v -1.282881 0.567175 -0.752703
v -1.283365 0.568637 -0.746846
v -1.286845 0.565258 -0.759467
v -1.282328 0.565258 -0.759395
v -1.283767 0.569699 -0.741971
v -1.285997 0.569699 -0.742007
v -1.284077 0.570418 -0.738224
v -1.285814 0.570418 -0.738252
v -1.288212 0.569699 -0.741756
v -1.289085 0.568637 -0.746568
v -1.290374 0.569699 -0.741218
v -1.291868 0.568637 -0.745877
v -1.287541 0.570418 -0.738056
v -1.289226 0.570418 -0.737637
v -1.290134 0.567175 -0.752350
v -1.291332 0.565258 -0.758958
v -1.293663 0.567175 -0.751474
v -1.295714 0.565258 -0.757869
v -1.297042 0.568637 -0.743426
v -1.300224 0.567175 -0.748366
v -1.297044 0.567175 -0.750134
v -1.294535 0.568637 -0.744821
v -1.293663 0.567175 -0.751474
v -1.291868 0.568637 -0.745877
v -1.303859 0.565258 -0.754011
v -1.299911 0.565258 -0.756206
v -1.295714 0.565258 -0.757869
v -1.292446 0.569699 -0.740398
v -1.294394 0.569699 -0.739314
v -1.290840 0.570418 -0.736998
v -1.292359 0.570418 -0.736153
v -1.290374 0.569699 -0.741218
v -1.289226 0.570418 -0.737637
v -1.296187 0.569699 -0.737989
v -1.299349 0.568637 -0.741720
v -1.297791 0.569699 -0.736442
v -1.301414 0.568637 -0.739730
v -1.293756 0.570418 -0.735120
v -1.295006 0.570418 -0.733915
v -1.303149 0.567175 -0.746203
v -1.307491 0.565258 -0.751326
v -1.305767 0.567175 -0.743679
v -1.310741 0.565258 -0.748192
v -1.304670 0.568637 -0.735020
v -1.309895 0.567175 -0.737708
v -1.308025 0.567175 -0.740829
v -1.303195 0.568637 -0.737482
v -1.315865 0.565258 -0.740779
v -1.313545 0.565258 -0.744653
v -1.299175 0.569699 -0.734695
v -1.300320 0.569699 -0.732783
v -1.296085 0.570418 -0.732554
v -1.296977 0.570418 -0.731063
v -1.301210 0.569699 -0.730739
v -1.305815 0.568637 -0.732389
v -1.301826 0.569699 -0.728597
v -1.306608 0.568637 -0.729633
v -1.297671 0.570418 -0.729470
v -1.298151 0.570418 -0.727801
v -1.311347 0.567175 -0.734372
v -1.317668 0.565258 -0.736637
v -1.312352 0.567175 -0.730877
v -1.318916 0.565258 -0.732298
v -1.307072 0.568637 -0.723926
v -1.312941 0.567175 -0.723641
v -1.312883 0.567175 -0.727279
v -1.307026 0.568637 -0.726795
v -1.319647 0.565258 -0.723316
v -1.319575 0.565258 -0.727832
v -1.302151 0.569699 -0.726393
v -1.302187 0.569699 -0.724164
v -1.298404 0.570418 -0.726083
v -1.298432 0.570418 -0.724346
v -1.301935 0.569699 -0.721949
v -1.306748 0.568637 -0.721075
v -1.298236 0.570418 -0.722620
v -1.312530 0.567175 -0.720026
v -1.319137 0.565258 -0.718828
v -1.334667 0.559858 -0.722586
v -1.342048 0.556313 -0.722228
v -1.341929 0.556313 -0.729678
v -1.334563 0.559858 -0.729070
v -1.340842 0.556313 -0.737047
v -1.333617 0.559858 -0.735482
v -1.348723 0.552161 -0.721904
v -1.348590 0.552161 -0.730228
v -1.347376 0.552161 -0.738462
v -1.326956 0.562829 -0.728442
v -1.327044 0.562829 -0.722956
v -1.326157 0.562829 -0.733866
v -1.326425 0.562829 -0.717506
v -1.333935 0.559858 -0.716143
v -1.325103 0.562829 -0.712184
v -1.332373 0.559858 -0.709853
v -1.341207 0.556313 -0.714824
v -1.347784 0.552161 -0.713631
v -1.339412 0.556313 -0.707595
v -1.345778 0.552161 -0.705554
v -1.329237 0.559858 -0.747657
v -1.335809 0.556313 -0.751037
v -1.331981 0.556313 -0.757429
v -1.325906 0.559858 -0.753220
v -1.327356 0.556313 -0.763268
v -1.321881 0.559858 -0.758300
v -1.341752 0.552161 -0.754094
v -1.337474 0.552161 -0.761236
v -1.332306 0.552161 -0.767760
v -1.319632 0.562829 -0.748872
v -1.322451 0.562829 -0.744166
v -1.316227 0.562829 -0.753170
v -1.324640 0.562829 -0.739136
v -1.331825 0.559858 -0.741711
v -1.338783 0.556313 -0.744204
v -1.345075 0.552161 -0.746459
v -1.312000 0.559858 -0.766654
v -1.316002 0.556313 -0.772867
v -1.309489 0.556313 -0.776489
v -1.306333 0.559858 -0.769805
v -1.302565 0.556313 -0.779232
v -1.300308 0.559858 -0.772193
v -1.319620 0.552161 -0.778486
v -1.312343 0.552161 -0.782532
v -1.304606 0.552161 -0.785598
v -1.303074 0.562829 -0.762904
v -1.307869 0.562829 -0.760238
v -1.297976 0.562829 -0.764924
v -1.312279 0.562829 -0.756976
v -1.317214 0.559858 -0.762798
v -1.321993 0.556313 -0.768437
v -1.326314 0.552161 -0.773535
v -1.287574 0.559858 -0.774487
v -1.287933 0.556313 -0.781869
v -1.280482 0.556313 -0.781749
v -1.281090 0.559858 -0.774383
v -1.273114 0.556313 -0.780663
v -1.274678 0.559858 -0.773438
v -1.288257 0.552161 -0.788543
v -1.279932 0.552161 -0.788410
v -1.271699 0.552161 -0.787196
v -1.281719 0.562829 -0.766777
v -1.287204 0.562829 -0.766865
v -1.276294 0.562829 -0.765977
v -1.292655 0.562829 -0.766245
v -1.294017 0.559858 -0.773755
v -1.297976 0.562829 -0.764924
v -1.300308 0.559858 -0.772193
v -1.295336 0.556313 -0.781027
v -1.296530 0.552161 -0.787604
v -1.302565 0.556313 -0.779232
v -1.304606 0.552161 -0.785598
v -1.262504 0.559858 -0.769058
v -1.259123 0.556313 -0.775630
v -1.252731 0.556313 -0.771801
v -1.256941 0.559858 -0.765726
v -1.246893 0.556313 -0.767176
v -1.251860 0.559858 -0.761701
v -1.256067 0.552161 -0.781572
v -1.248924 0.552161 -0.777294
v -1.242401 0.552161 -0.772126
v -1.261288 0.562829 -0.759453
v -1.265994 0.562829 -0.762271
v -1.256990 0.562829 -0.756048
v -1.271024 0.562829 -0.764461
v -1.268449 0.559858 -0.771645
v -1.265956 0.556313 -0.778603
v -1.263701 0.552161 -0.784895
v -1.243507 0.559858 -0.751821
v -1.237293 0.556313 -0.755822
v -1.233672 0.556313 -0.749310
v -1.240355 0.559858 -0.746154
v -1.230928 0.556313 -0.742385
v -1.237968 0.559858 -0.740128
v -1.231675 0.552161 -0.759440
v -1.227628 0.552161 -0.752164
v -1.224563 0.552161 -0.744427
v -1.247256 0.562829 -0.742894
v -1.249923 0.562829 -0.747689
v -1.245237 0.562829 -0.737797
v -1.253184 0.562829 -0.752100
v -1.247362 0.559858 -0.757034
v -1.241724 0.556313 -0.761813
v -1.236625 0.552161 -0.766135
v -1.235673 0.559858 -0.727394
v -1.228292 0.556313 -0.727753
v -1.228411 0.556313 -0.720302
v -1.235777 0.559858 -0.720911
v -1.229498 0.556313 -0.712934
v -1.236723 0.559858 -0.714498
v -1.221617 0.552161 -0.728077
v -1.221750 0.552161 -0.719752
v -1.222964 0.552161 -0.711519
v -1.243384 0.562829 -0.721539
v -1.243296 0.562829 -0.727024
v -1.244184 0.562829 -0.716114
v -1.243915 0.562829 -0.732475
v -1.236405 0.559858 -0.733837
v -1.229133 0.556313 -0.735157
v -1.222557 0.552161 -0.736350
v -1.241103 0.559858 -0.702324
v -1.234531 0.556313 -0.698944
v -1.238360 0.556313 -0.692551
v -1.244435 0.559858 -0.696761
v -1.242985 0.556313 -0.686713
v -1.248459 0.559858 -0.691680
v -1.228588 0.552161 -0.695887
v -1.232866 0.552161 -0.688744
v -1.238034 0.552161 -0.682221
v -1.250708 0.562829 -0.701108
v -1.247889 0.562829 -0.705814
v -1.254113 0.562829 -0.696810
v -1.245700 0.562829 -0.710845
v -1.238515 0.559858 -0.708270
v -1.231557 0.556313 -0.705776
v -1.225266 0.552161 -0.703521
v -1.258340 0.559858 -0.683327
v -1.254339 0.556313 -0.677113
v -1.260851 0.556313 -0.673492
v -1.264007 0.559858 -0.680175
v -1.267775 0.556313 -0.670748
v -1.270033 0.559858 -0.677788
v -1.250720 0.552161 -0.671495
v -1.257997 0.552161 -0.667448
v -1.265734 0.552161 -0.664383
v -1.267266 0.562829 -0.687077
v -1.262472 0.562829 -0.689743
v -1.272364 0.562829 -0.685057
v -1.258061 0.562829 -0.693005
v -1.253126 0.559858 -0.687182
v -1.248347 0.556313 -0.681544
v -1.244026 0.552161 -0.676445
v -1.282766 0.559858 -0.675494
v -1.282408 0.556313 -0.668112
v -1.289858 0.556313 -0.668232
v -1.289250 0.559858 -0.675598
v -1.297227 0.556313 -0.669318
v -1.295662 0.559858 -0.676543
v -1.282083 0.552161 -0.661437
v -1.290408 0.552161 -0.661571
v -1.298641 0.552161 -0.662785
v -1.288621 0.562829 -0.683204
v -1.283136 0.562829 -0.683116
v -1.294046 0.562829 -0.684004
v -1.277685 0.562829 -0.683735
v -1.276323 0.559858 -0.676225
v -1.275004 0.556313 -0.668953
v -1.273811 0.552161 -0.662377
v -1.307836 0.559858 -0.680923
v -1.311217 0.556313 -0.674351
v -1.317609 0.556313 -0.678180
v -1.313399 0.559858 -0.684255
v -1.323447 0.556313 -0.682805
v -1.318480 0.559858 -0.688280
v -1.314273 0.552161 -0.668408
v -1.321416 0.552161 -0.672686
v -1.327940 0.552161 -0.677854
v -1.309052 0.562829 -0.690528
v -1.304346 0.562829 -0.687709
v -1.313350 0.562829 -0.693933
v -1.299316 0.562829 -0.685520
v -1.301891 0.559858 -0.678335
v -1.304384 0.556313 -0.671377
v -1.306639 0.552161 -0.665086
v -1.326833 0.559858 -0.698160
v -1.333047 0.556313 -0.694159
v -1.336668 0.556313 -0.700671
v -1.329985 0.559858 -0.703827
v -1.338665 0.552161 -0.690540
v -1.342712 0.552161 -0.697817
v -1.323084 0.562829 -0.707086
v -1.320417 0.562829 -0.702292
v -1.317156 0.562829 -0.697881
v -1.322978 0.559858 -0.692946
v -1.328616 0.556313 -0.688167
v -1.333715 0.552161 -0.683846
v -1.347012 0.541973 -0.685166
v -1.349880 0.535989 -0.683319
v -1.354775 0.535989 -0.692120
v -1.351690 0.541973 -0.693577
v -1.358483 0.535989 -0.701479
v -1.355233 0.541973 -0.702521
v -1.351972 0.529445 -0.681971
v -1.357025 0.529445 -0.691058
v -1.360853 0.529445 -0.700719
v -1.347694 0.547373 -0.695464
v -1.343297 0.547373 -0.687558
v -1.351025 0.547373 -0.703871
v -1.337918 0.547373 -0.680284
v -1.341289 0.541973 -0.677427
v -1.331642 0.547373 -0.673773
v -1.334612 0.541973 -0.670500
v -1.343892 0.535989 -0.675221
v -1.345790 0.529445 -0.673612
v -1.336905 0.535989 -0.667973
v -1.338578 0.529445 -0.666130
v -1.318814 0.541973 -0.659580
v -1.320374 0.535989 -0.656547
v -1.329015 0.535989 -0.661722
v -1.327071 0.541973 -0.664526
v -1.321512 0.529445 -0.654334
v -1.330432 0.529445 -0.659676
v -1.324554 0.547373 -0.668158
v -1.316793 0.547373 -0.663509
v -1.308498 0.547373 -0.659899
v -1.309989 0.541973 -0.655739
v -1.299808 0.547373 -0.657399
v -1.300743 0.541973 -0.653079
v -1.311140 0.535989 -0.652528
v -1.311979 0.529445 -0.650185
v -1.301466 0.535989 -0.649744
v -1.301992 0.529445 -0.647312
v -1.281602 0.541973 -0.651522
v -1.281436 0.535989 -0.648114
v -1.291506 0.535989 -0.648276
v -1.291225 0.541973 -0.651676
v -1.281316 0.529445 -0.645629
v -1.291711 0.529445 -0.645796
v -1.290862 0.547373 -0.656080
v -1.281816 0.547373 -0.655935
v -1.272827 0.547373 -0.656956
v -1.272038 0.541973 -0.652608
v -1.264051 0.547373 -0.659136
v -1.262701 0.541973 -0.654927
v -1.271429 0.535989 -0.649251
v -1.270985 0.529445 -0.646803
v -1.261659 0.535989 -0.651677
v -1.260899 0.529445 -0.649308
v -1.245345 0.541973 -0.663149
v -1.243498 0.535989 -0.660281
v -1.252300 0.535989 -0.655385
v -1.253757 0.541973 -0.658471
v -1.242151 0.529445 -0.658189
v -1.251238 0.529445 -0.653135
v -1.255644 0.547373 -0.662466
v -1.247738 0.547373 -0.666863
v -1.240463 0.547373 -0.672242
v -1.237606 0.541973 -0.668871
v -1.233953 0.547373 -0.678518
v -1.230680 0.541973 -0.675548
v -1.235400 0.535989 -0.666268
v -1.233792 0.529445 -0.664370
v -1.228153 0.535989 -0.673255
v -1.226310 0.529445 -0.671583
v -1.219760 0.541973 -0.691346
v -1.216727 0.535989 -0.689786
v -1.221901 0.535989 -0.681146
v -1.224706 0.541973 -0.683089
v -1.214514 0.529445 -0.688648
v -1.219856 0.529445 -0.679728
v -1.228338 0.547373 -0.685606
v -1.223689 0.547373 -0.693367
v -1.220079 0.547373 -0.701662
v -1.215919 0.541973 -0.700172
v -1.217579 0.547373 -0.710353
v -1.213259 0.541973 -0.709417
v -1.212707 0.535989 -0.699020
v -1.210365 0.529445 -0.698181
v -1.209924 0.535989 -0.708695
v -1.207492 0.529445 -0.708168
v -1.211701 0.541973 -0.728559
v -1.208294 0.535989 -0.728724
v -1.208456 0.535989 -0.718654
v -1.211856 0.541973 -0.718935
v -1.205809 0.529445 -0.728845
v -1.205976 0.529445 -0.718449
v -1.216260 0.547373 -0.719299
v -1.216115 0.547373 -0.728344
v -1.217136 0.547373 -0.737333
v -1.212788 0.541973 -0.738122
v -1.219315 0.547373 -0.746109
v -1.215107 0.541973 -0.747459
v -1.209431 0.535989 -0.738731
v -1.206982 0.529445 -0.739175
v -1.211857 0.535989 -0.748501
v -1.209487 0.529445 -0.749261
v -1.223328 0.541973 -0.764815
v -1.220460 0.535989 -0.766662
v -1.215565 0.535989 -0.757860
v -1.218650 0.541973 -0.756403
v -1.218369 0.529445 -0.768009
v -1.213315 0.529445 -0.758923
v -1.222646 0.547373 -0.754516
v -1.227043 0.547373 -0.762423
v -1.232422 0.547373 -0.769697
v -1.229051 0.541973 -0.772554
v -1.238698 0.547373 -0.776207
v -1.235728 0.541973 -0.779480
v -1.226448 0.535989 -0.774760
v -1.224550 0.529445 -0.776369
v -1.233435 0.535989 -0.782008
v -1.231762 0.529445 -0.783851
v -1.251526 0.541973 -0.790400
v -1.249966 0.535989 -0.793434
v -1.241325 0.535989 -0.788259
v -1.243269 0.541973 -0.785455
v -1.248828 0.529445 -0.795646
v -1.239908 0.529445 -0.790304
v -1.245786 0.547373 -0.781823
v -1.253547 0.547373 -0.786471
v -1.261842 0.547373 -0.790081
v -1.260351 0.541973 -0.794241
v -1.270532 0.547373 -0.792582
v -1.269597 0.541973 -0.796901
v -1.259200 0.535989 -0.797453
v -1.258361 0.529445 -0.799795
v -1.268875 0.535989 -0.800236
v -1.268348 0.529445 -0.802669
v -1.288738 0.541973 -0.798459
v -1.288904 0.535989 -0.801866
v -1.278834 0.535989 -0.801705
v -1.279115 0.541973 -0.798304
v -1.289025 0.529445 -0.804351
v -1.278629 0.529445 -0.804185
v -1.279478 0.547373 -0.793901
v -1.288524 0.547373 -0.794046
v -1.297513 0.547373 -0.793025
v -1.298302 0.541973 -0.797373
v -1.306289 0.547373 -0.790845
v -1.307639 0.541973 -0.795054
v -1.298911 0.535989 -0.800730
v -1.299355 0.529445 -0.803178
v -1.308681 0.535989 -0.798303
v -1.309441 0.529445 -0.800673
v -1.324995 0.541973 -0.786832
v -1.326842 0.535989 -0.789700
v -1.318040 0.535989 -0.794595
v -1.316583 0.541973 -0.791510
v -1.308681 0.535989 -0.798303
v -1.307639 0.541973 -0.795054
v -1.328189 0.529445 -0.791792
v -1.319103 0.529445 -0.796845
v -1.309441 0.529445 -0.800673
v -1.314696 0.547373 -0.787514
v -1.322603 0.547373 -0.783117
v -1.306289 0.547373 -0.790845
v -1.329877 0.547373 -0.777738
v -1.332734 0.541973 -0.781109
v -1.336387 0.547373 -0.771463
v -1.339660 0.541973 -0.774432
v -1.334940 0.535989 -0.783712
v -1.336549 0.529445 -0.785610
v -1.342187 0.535989 -0.776726
v -1.344031 0.529445 -0.778398
v -1.350580 0.541973 -0.758634
v -1.353614 0.535989 -0.760195
v -1.348439 0.535989 -0.768835
v -1.345634 0.541973 -0.766891
v -1.355826 0.529445 -0.761333
v -1.350484 0.529445 -0.770252
v -1.342002 0.547373 -0.764375
v -1.346651 0.547373 -0.756613
v -1.350261 0.547373 -0.748318
v -1.354421 0.541973 -0.749809
v -1.352762 0.547373 -0.739628
v -1.357081 0.541973 -0.740563
v -1.357633 0.535989 -0.750960
v -1.359975 0.529445 -0.751800
v -1.360416 0.535989 -0.741286
v -1.362849 0.529445 -0.741812
v -1.358639 0.541973 -0.721422
v -1.362046 0.535989 -0.721256
v -1.361885 0.535989 -0.731326
v -1.358484 0.541973 -0.731046
v -1.364531 0.529445 -0.721136
v -1.364364 0.529445 -0.731531
v -1.354080 0.547373 -0.730682
v -1.354226 0.547373 -0.721636
v -1.353204 0.547373 -0.712647
v -1.357552 0.541973 -0.711858
v -1.360909 0.535989 -0.711249
v -1.363358 0.529445 -0.710805
v -1.294432 0.571065 -0.724540
v -1.295953 0.570849 -0.724467
v -1.295931 0.570849 -0.725879
v -1.294412 0.571065 -0.725754
v -1.295725 0.570849 -0.727276
v -1.294235 0.571065 -0.726953
v -1.293531 0.571137 -0.725681
v -1.293548 0.571137 -0.724583
v -1.292968 0.571137 -0.725634
v -1.292984 0.571137 -0.724611
v -1.293371 0.571137 -0.726766
v -1.292819 0.571137 -0.726647
v -1.293425 0.571137 -0.723493
v -1.294295 0.571065 -0.723335
v -1.293160 0.571137 -0.722428
v -1.294002 0.571065 -0.722158
v -1.292869 0.571137 -0.723594
v -1.292622 0.571137 -0.722600
v -1.295794 0.570849 -0.723063
v -1.295453 0.570849 -0.721692
v -1.293416 0.571065 -0.729231
v -1.294770 0.570849 -0.729928
v -1.294044 0.570849 -0.731140
v -1.292792 0.571065 -0.730272
v -1.293168 0.570849 -0.732247
v -1.292039 0.571065 -0.731223
v -1.292065 0.571137 -0.729769
v -1.292629 0.571137 -0.728827
v -1.291601 0.571137 -0.729447
v -1.292127 0.571137 -0.728569
v -1.291384 0.571137 -0.730629
v -1.290966 0.571137 -0.730249
v -1.293067 0.571137 -0.727821
v -1.293900 0.571065 -0.728119
v -1.292536 0.571137 -0.727630
v -1.295334 0.570849 -0.728633
v -1.290190 0.571065 -0.732786
v -1.291015 0.570849 -0.734067
v -1.289781 0.570849 -0.734753
v -1.289130 0.571065 -0.733376
v -1.288468 0.570849 -0.735274
v -1.288002 0.571065 -0.733823
v -1.288752 0.571137 -0.732576
v -1.289712 0.571137 -0.732043
v -1.288511 0.571137 -0.732065
v -1.289406 0.571137 -0.731568
v -1.287732 0.571137 -0.732980
v -1.287560 0.571137 -0.732442
v -1.290594 0.571137 -0.731390
v -1.291166 0.571065 -0.732065
v -1.290229 0.571137 -0.730959
v -1.292151 0.570849 -0.733227
v -1.285620 0.571065 -0.734252
v -1.285694 0.570849 -0.735773
v -1.284281 0.570849 -0.735751
v -1.284407 0.571065 -0.734232
v -1.282884 0.570849 -0.735545
v -1.283207 0.571065 -0.734056
v -1.284479 0.571137 -0.733351
v -1.285577 0.571137 -0.733369
v -1.284526 0.571137 -0.732788
v -1.285550 0.571137 -0.732804
v -1.283394 0.571137 -0.733191
v -1.283514 0.571137 -0.732639
v -1.286668 0.571137 -0.733245
v -1.286826 0.571065 -0.734115
v -1.287732 0.571137 -0.732980
v -1.288002 0.571065 -0.733823
v -1.286567 0.571137 -0.732689
v -1.287560 0.571137 -0.732442
v -1.287097 0.570849 -0.735614
v -1.288468 0.570849 -0.735274
v -1.280929 0.571065 -0.733236
v -1.280232 0.570849 -0.734591
v -1.279020 0.570849 -0.733865
v -1.279888 0.571065 -0.732612
v -1.277913 0.570849 -0.732988
v -1.278937 0.571065 -0.731859
v -1.280392 0.571137 -0.731886
v -1.281333 0.571137 -0.732450
v -1.280713 0.571137 -0.731421
v -1.281592 0.571137 -0.731947
v -1.279532 0.571137 -0.731204
v -1.279911 0.571137 -0.730786
v -1.282340 0.571137 -0.732888
v -1.282041 0.571065 -0.733720
v -1.282530 0.571137 -0.732356
v -1.281527 0.570849 -0.735154
v -1.277374 0.571065 -0.730011
v -1.276093 0.570849 -0.730835
v -1.275407 0.570849 -0.729601
v -1.276784 0.571065 -0.728950
v -1.274887 0.570849 -0.728288
v -1.276338 0.571065 -0.727823
v -1.277584 0.571137 -0.728573
v -1.278118 0.571137 -0.729532
v -1.278095 0.571137 -0.728331
v -1.278593 0.571137 -0.729226
v -1.277180 0.571137 -0.727553
v -1.277718 0.571137 -0.727380
v -1.278770 0.571137 -0.730414
v -1.278096 0.571065 -0.730986
v -1.279201 0.571137 -0.730049
v -1.276933 0.570849 -0.731971
v -1.275908 0.571065 -0.725440
v -1.274387 0.570849 -0.725514
v -1.274410 0.570849 -0.724101
v -1.275928 0.571065 -0.724227
v -1.274616 0.570849 -0.722705
v -1.276105 0.571065 -0.723027
v -1.276809 0.571137 -0.724300
v -1.276792 0.571137 -0.725397
v -1.277372 0.571137 -0.724346
v -1.277356 0.571137 -0.725370
v -1.276969 0.571137 -0.723214
v -1.277522 0.571137 -0.723334
v -1.276916 0.571137 -0.726488
v -1.276045 0.571065 -0.726646
v -1.277471 0.571137 -0.726387
v -1.274546 0.570849 -0.726918
v -1.276924 0.571065 -0.720749
v -1.275570 0.570849 -0.720052
v -1.276296 0.570849 -0.718840
v -1.277548 0.571065 -0.719708
v -1.277172 0.570849 -0.717734
v -1.278301 0.571065 -0.718757
v -1.278275 0.571137 -0.720212
v -1.277711 0.571137 -0.721153
v -1.278739 0.571137 -0.720534
v -1.278213 0.571137 -0.721412
v -1.278956 0.571137 -0.719352
v -1.279374 0.571137 -0.719732
v -1.277273 0.571137 -0.722160
v -1.276440 0.571065 -0.721862
v -1.277804 0.571137 -0.722350
v -1.275006 0.570849 -0.721348
v -1.280150 0.571065 -0.717194
v -1.279325 0.570849 -0.715914
v -1.280560 0.570849 -0.715227
v -1.281210 0.571065 -0.716605
v -1.281872 0.570849 -0.714707
v -1.282338 0.571065 -0.716158
v -1.281588 0.571137 -0.717404
v -1.280628 0.571137 -0.717938
v -1.281829 0.571137 -0.717915
v -1.280934 0.571137 -0.718413
v -1.282608 0.571137 -0.717000
v -1.282780 0.571137 -0.717538
v -1.279746 0.571137 -0.718590
v -1.279174 0.571065 -0.717916
v -1.280111 0.571137 -0.719021
v -1.278189 0.570849 -0.716754
v -1.284720 0.571065 -0.715729
v -1.284646 0.570849 -0.714207
v -1.286059 0.570849 -0.714230
v -1.285933 0.571065 -0.715748
v -1.287456 0.570849 -0.714436
v -1.287133 0.571065 -0.715925
v -1.285861 0.571137 -0.716630
v -1.284763 0.571137 -0.716612
v -1.285814 0.571137 -0.717192
v -1.284791 0.571137 -0.717176
v -1.286946 0.571137 -0.716789
v -1.286826 0.571137 -0.717342
v -1.283673 0.571137 -0.716736
v -1.283515 0.571065 -0.715866
v -1.283773 0.571137 -0.717292
v -1.283243 0.570849 -0.714367
v -1.289411 0.571065 -0.716744
v -1.290108 0.570849 -0.715390
v -1.291320 0.570849 -0.716116
v -1.290452 0.571065 -0.717368
v -1.292427 0.570849 -0.716993
v -1.291403 0.571065 -0.718121
v -1.289948 0.571137 -0.718095
v -1.289007 0.571137 -0.717531
v -1.289627 0.571137 -0.718559
v -1.288749 0.571137 -0.718033
v -1.290808 0.571137 -0.718776
v -1.290429 0.571137 -0.719195
v -1.288000 0.571137 -0.717093
v -1.288299 0.571065 -0.716260
v -1.287810 0.571137 -0.717625
v -1.288813 0.570849 -0.714826
v -1.292966 0.571065 -0.719970
v -1.294247 0.570849 -0.719145
v -1.294933 0.570849 -0.720380
v -1.293556 0.571065 -0.721030
v -1.292756 0.571137 -0.721408
v -1.292222 0.571137 -0.720449
v -1.292245 0.571137 -0.721649
v -1.291748 0.571137 -0.720754
v -1.291570 0.571137 -0.719566
v -1.292245 0.571065 -0.718994
v -1.291139 0.571137 -0.719931
v -1.293407 0.570849 -0.718009
v -1.307520 0.569457 -0.723905
v -1.313371 0.567988 -0.723621
v -1.312954 0.567988 -0.719950
v -1.307189 0.569457 -0.720995
v -1.312064 0.567988 -0.716366
v -1.306484 0.569457 -0.718155
v -1.302467 0.570524 -0.721852
v -1.302726 0.570524 -0.724138
v -1.298952 0.571247 -0.722490
v -1.299159 0.571247 -0.724311
v -1.301912 0.570524 -0.719621
v -1.298511 0.571247 -0.720712
v -1.302689 0.570524 -0.726437
v -1.307473 0.569457 -0.726832
v -1.302354 0.570524 -0.728712
v -1.307046 0.569457 -0.729728
v -1.299130 0.571247 -0.726143
v -1.298862 0.571247 -0.727955
v -1.313312 0.567988 -0.727315
v -1.312773 0.567988 -0.730968
v -1.295869 0.571917 -0.724471
v -1.296988 0.571688 -0.724416
v -1.296813 0.571688 -0.722878
v -1.295711 0.571917 -0.723078
v -1.296440 0.571688 -0.721376
v -1.295373 0.571917 -0.721718
v -1.295306 0.572007 -0.723151
v -1.295458 0.572007 -0.724491
v -1.295259 0.572031 -0.723160
v -1.295410 0.572031 -0.724493
v -1.294981 0.572007 -0.721844
v -1.294936 0.572031 -0.721859
v -1.295436 0.572007 -0.725838
v -1.295847 0.571917 -0.725872
v -1.295240 0.572007 -0.727171
v -1.295642 0.571917 -0.727258
v -1.295389 0.572031 -0.725834
v -1.295193 0.572031 -0.727161
v -1.296963 0.571688 -0.725964
v -1.296738 0.571688 -0.727495
v -1.305068 0.569457 -0.735225
v -1.310278 0.567988 -0.737905
v -1.311752 0.567988 -0.734517
v -1.306237 0.569457 -0.732540
v -1.301718 0.570524 -0.730921
v -1.300800 0.570524 -0.733030
v -1.298356 0.571247 -0.729716
v -1.297625 0.571247 -0.731396
v -1.299619 0.570524 -0.735003
v -1.303564 0.569457 -0.737737
v -1.298191 0.570524 -0.736805
v -1.301746 0.569457 -0.740031
v -1.296683 0.571247 -0.732969
v -1.295545 0.571247 -0.734404
v -1.308379 0.567988 -0.741074
v -1.306086 0.567988 -0.743969
v -1.294696 0.571917 -0.729890
v -1.295692 0.571688 -0.730402
v -1.296310 0.571688 -0.728983
v -1.295255 0.571917 -0.728605
v -1.294867 0.572007 -0.728466
v -1.294330 0.572007 -0.729701
v -1.294822 0.572031 -0.728449
v -1.294287 0.572031 -0.729680
v -1.293637 0.572007 -0.730858
v -1.293975 0.571917 -0.731092
v -1.292800 0.572007 -0.731914
v -1.293105 0.571917 -0.732190
v -1.293598 0.572031 -0.730830
v -1.292765 0.572031 -0.731881
v -1.294896 0.571688 -0.731730
v -1.293935 0.571688 -0.732944
v -1.297285 0.569457 -0.743803
v -1.300457 0.567988 -0.748728
v -1.303427 0.567988 -0.746532
v -1.299639 0.569457 -0.742062
v -1.296536 0.570524 -0.738400
v -1.294687 0.570524 -0.739768
v -1.294227 0.571247 -0.735676
v -1.292753 0.571247 -0.736765
v -1.292677 0.570524 -0.740886
v -1.294726 0.569457 -0.745226
v -1.290539 0.570524 -0.741733
v -1.292005 0.569457 -0.746304
v -1.291151 0.571247 -0.737656
v -1.289448 0.571247 -0.738331
v -1.297228 0.567988 -0.750524
v -1.293795 0.567988 -0.751884
v -1.290970 0.571917 -0.733996
v -1.291576 0.571688 -0.734938
v -1.292821 0.571688 -0.734018
v -1.292097 0.571917 -0.733163
v -1.291831 0.572007 -0.732849
v -1.290747 0.572007 -0.733650
v -1.291800 0.572031 -0.732812
v -1.290721 0.572031 -0.733610
v -1.289569 0.572007 -0.734305
v -1.289745 0.571917 -0.734677
v -1.288316 0.572007 -0.734801
v -1.288442 0.571917 -0.735194
v -1.289548 0.572031 -0.734262
v -1.288302 0.572031 -0.734756
v -1.290223 0.571688 -0.735691
v -1.288784 0.571688 -0.736261
v -1.286256 0.569457 -0.747340
v -1.286540 0.567988 -0.753191
v -1.290211 0.567988 -0.752774
v -1.289165 0.569457 -0.747010
v -1.293795 0.567988 -0.751884
v -1.292005 0.569457 -0.746304
v -1.288308 0.570524 -0.742287
v -1.286023 0.570524 -0.742546
v -1.287670 0.571247 -0.738772
v -1.285850 0.571247 -0.738979
v -1.290539 0.570524 -0.741733
v -1.289448 0.571247 -0.738331
v -1.283723 0.570524 -0.742509
v -1.283328 0.569457 -0.747293
v -1.281449 0.570524 -0.742174
v -1.280433 0.569457 -0.746866
v -1.284017 0.571247 -0.738950
v -1.282205 0.571247 -0.738683
v -1.282846 0.567988 -0.753132
v -1.279192 0.567988 -0.752593
v -1.285690 0.571917 -0.735689
v -1.285744 0.571688 -0.736808
v -1.287282 0.571688 -0.736634
v -1.287082 0.571917 -0.735531
v -1.288784 0.571688 -0.736261
v -1.288442 0.571917 -0.735194
v -1.287009 0.572007 -0.735126
v -1.285670 0.572007 -0.735278
v -1.287000 0.572031 -0.735079
v -1.285667 0.572031 -0.735230
v -1.288316 0.572007 -0.734801
v -1.288302 0.572031 -0.734756
v -1.284322 0.572007 -0.735257
v -1.284288 0.571917 -0.735667
v -1.282989 0.572007 -0.735060
v -1.282902 0.571917 -0.735463
v -1.284326 0.572031 -0.735209
v -1.283000 0.572031 -0.735013
v -1.284196 0.571688 -0.736784
v -1.282665 0.571688 -0.736558
v -1.274935 0.569457 -0.744889
v -1.272256 0.567988 -0.750098
v -1.275643 0.567988 -0.751572
v -1.277620 0.569457 -0.746057
v -1.279239 0.570524 -0.741538
v -1.277130 0.570524 -0.740621
v -1.280444 0.571247 -0.738176
v -1.278764 0.571247 -0.737445
v -1.275157 0.570524 -0.739439
v -1.272423 0.569457 -0.743384
v -1.273355 0.570524 -0.738011
v -1.270129 0.569457 -0.741567
v -1.277192 0.571247 -0.736503
v -1.275756 0.571247 -0.735366
v -1.269086 0.567988 -0.748200
v -1.266192 0.567988 -0.745906
v -1.280270 0.571917 -0.734516
v -1.279758 0.571688 -0.735512
v -1.281178 0.571688 -0.736130
v -1.281556 0.571917 -0.735075
v -1.281695 0.572007 -0.734688
v -1.280459 0.572007 -0.734150
v -1.281711 0.572031 -0.734642
v -1.280481 0.572031 -0.734107
v -1.279303 0.572007 -0.733457
v -1.279068 0.571917 -0.733796
v -1.278247 0.572007 -0.732621
v -1.277970 0.571917 -0.732926
v -1.279330 0.572031 -0.733418
v -1.278279 0.572031 -0.732585
v -1.278430 0.571688 -0.734717
v -1.277217 0.571688 -0.733756
v -1.266357 0.569457 -0.737105
v -1.261432 0.567988 -0.740277
v -1.263629 0.567988 -0.743248
v -1.268098 0.569457 -0.739460
v -1.271760 0.570524 -0.736356
v -1.270392 0.570524 -0.734507
v -1.274485 0.571247 -0.734047
v -1.273395 0.571247 -0.732573
v -1.269274 0.570524 -0.732497
v -1.264934 0.569457 -0.734546
v -1.268428 0.570524 -0.730359
v -1.263856 0.569457 -0.731825
v -1.272504 0.571247 -0.730972
v -1.271829 0.571247 -0.729268
v -1.259636 0.567988 -0.737048
v -1.258276 0.567988 -0.733615
v -1.276164 0.571917 -0.730790
v -1.275222 0.571688 -0.731396
v -1.276143 0.571688 -0.732641
v -1.276997 0.571917 -0.731917
v -1.277312 0.572007 -0.731651
v -1.276510 0.572007 -0.730567
v -1.277348 0.572031 -0.731620
v -1.276551 0.572031 -0.730541
v -1.275855 0.572007 -0.729389
v -1.275483 0.571917 -0.729565
v -1.275359 0.572007 -0.728137
v -1.274967 0.571917 -0.728262
v -1.275899 0.572031 -0.729369
v -1.275405 0.572031 -0.728122
v -1.274470 0.571688 -0.730043
v -1.273900 0.571688 -0.728605
v -1.262820 0.569457 -0.726076
v -1.256969 0.567988 -0.726360
v -1.257386 0.567988 -0.730031
v -1.263151 0.569457 -0.728985
v -1.267874 0.570524 -0.728128
v -1.267614 0.570524 -0.725843
v -1.271388 0.571247 -0.727491
v -1.271181 0.571247 -0.725670
v -1.267651 0.570524 -0.723543
v -1.262867 0.569457 -0.723148
v -1.267986 0.570524 -0.721269
v -1.263294 0.569457 -0.720253
v -1.271210 0.571247 -0.723837
v -1.271478 0.571247 -0.722025
v -1.257028 0.567988 -0.722666
v -1.257567 0.567988 -0.719012
v -1.274471 0.571917 -0.725510
v -1.273352 0.571688 -0.725564
v -1.273527 0.571688 -0.727103
v -1.274629 0.571917 -0.726903
v -1.275034 0.572007 -0.726829
v -1.274882 0.572007 -0.725490
v -1.275081 0.572031 -0.726821
v -1.274930 0.572031 -0.725488
v -1.274904 0.572007 -0.724142
v -1.274493 0.571917 -0.724108
v -1.275100 0.572007 -0.722809
v -1.274698 0.571917 -0.722722
v -1.274951 0.572031 -0.724146
v -1.275147 0.572031 -0.722820
v -1.273377 0.571688 -0.724016
v -1.273602 0.571688 -0.722485
v -1.265272 0.569457 -0.714755
v -1.260062 0.567988 -0.712076
v -1.258588 0.567988 -0.715464
v -1.264103 0.569457 -0.717440
v -1.268622 0.570524 -0.719060
v -1.269540 0.570524 -0.716951
v -1.271984 0.571247 -0.720265
v -1.272715 0.571247 -0.718584
v -1.270722 0.570524 -0.714978
v -1.266776 0.569457 -0.712243
v -1.272149 0.570524 -0.713176
v -1.268594 0.569457 -0.709949
v -1.273657 0.571247 -0.717012
v -1.274795 0.571247 -0.715576
v -1.261961 0.567988 -0.708906
v -1.264254 0.567988 -0.706012
v -1.275644 0.571917 -0.720091
v -1.274648 0.571688 -0.719578
v -1.274030 0.571688 -0.720998
v -1.275085 0.571917 -0.721376
v -1.275473 0.572007 -0.721515
v -1.276011 0.572007 -0.720279
v -1.275518 0.572031 -0.721531
v -1.276053 0.572031 -0.720301
v -1.276703 0.572007 -0.719123
v -1.276365 0.571917 -0.718888
v -1.277540 0.572007 -0.718067
v -1.277235 0.571917 -0.717790
v -1.276743 0.572031 -0.719150
v -1.277575 0.572031 -0.718099
v -1.275444 0.571688 -0.718250
v -1.276405 0.571688 -0.717037
v -1.273055 0.569457 -0.706177
v -1.269883 0.567988 -0.701252
v -1.266913 0.567988 -0.703449
v -1.270701 0.569457 -0.707918
v -1.273804 0.570524 -0.711580
v -1.275654 0.570524 -0.710213
v -1.276114 0.571247 -0.714305
v -1.277587 0.571247 -0.713215
v -1.277664 0.570524 -0.709095
v -1.275614 0.569457 -0.704754
v -1.279801 0.570524 -0.708248
v -1.278335 0.569457 -0.703676
v -1.279189 0.571247 -0.712324
v -1.280892 0.571247 -0.711650
v -1.273112 0.567988 -0.699457
v -1.276545 0.567988 -0.698096
v -1.279370 0.571917 -0.715984
v -1.278764 0.571688 -0.715042
v -1.277519 0.571688 -0.715963
v -1.278243 0.571917 -0.716818
v -1.278510 0.572007 -0.717132
v -1.279593 0.572007 -0.716330
v -1.278541 0.572031 -0.717168
v -1.279619 0.572031 -0.716371
v -1.280771 0.572007 -0.715675
v -1.280595 0.571917 -0.715303
v -1.282024 0.572007 -0.715179
v -1.281898 0.571917 -0.714787
v -1.280792 0.572031 -0.715719
v -1.282038 0.572031 -0.715225
v -1.280117 0.571688 -0.714290
v -1.281556 0.571688 -0.713720
v -1.284085 0.569457 -0.702640
v -1.283800 0.567988 -0.696789
v -1.280129 0.567988 -0.697206
v -1.281175 0.569457 -0.702971
v -1.282032 0.570524 -0.707694
v -1.284317 0.570524 -0.707434
v -1.282670 0.571247 -0.711208
v -1.284491 0.571247 -0.711001
v -1.286617 0.570524 -0.707471
v -1.287012 0.569457 -0.702687
v -1.288891 0.570524 -0.707806
v -1.289908 0.569457 -0.703114
v -1.286323 0.571247 -0.711031
v -1.288135 0.571247 -0.711298
v -1.287494 0.567988 -0.696848
v -1.291148 0.567988 -0.697387
v -1.284650 0.571917 -0.714291
v -1.284596 0.571688 -0.713172
v -1.283058 0.571688 -0.713347
v -1.283258 0.571917 -0.714449
v -1.283331 0.572007 -0.714854
v -1.284670 0.572007 -0.714702
v -1.283340 0.572031 -0.714902
v -1.284673 0.572031 -0.714750
v -1.286018 0.572007 -0.714724
v -1.286052 0.571917 -0.714314
v -1.287351 0.572007 -0.714920
v -1.287438 0.571917 -0.714518
v -1.286014 0.572031 -0.714772
v -1.287341 0.572031 -0.714967
v -1.286144 0.571688 -0.713197
v -1.287675 0.571688 -0.713423
v -1.295405 0.569457 -0.705092
v -1.298084 0.567988 -0.699883
v -1.294697 0.567988 -0.698408
v -1.292720 0.569457 -0.703923
v -1.291101 0.570524 -0.708442
v -1.293210 0.570524 -0.709360
v -1.289896 0.571247 -0.711804
v -1.291576 0.571247 -0.712536
v -1.295183 0.570524 -0.710542
v -1.297917 0.569457 -0.706596
v -1.296985 0.570524 -0.711969
v -1.300211 0.569457 -0.708414
v -1.293148 0.571247 -0.713477
v -1.294584 0.571247 -0.714615
v -1.301254 0.567988 -0.701781
v -1.304149 0.567988 -0.704074
v -1.290070 0.571917 -0.715465
v -1.290582 0.571688 -0.714468
v -1.289162 0.571688 -0.713851
v -1.288784 0.571917 -0.714905
v -1.288646 0.572007 -0.715293
v -1.289881 0.572007 -0.715831
v -1.288629 0.572031 -0.715338
v -1.289859 0.572031 -0.715873
v -1.291038 0.572007 -0.716523
v -1.291272 0.571917 -0.716185
v -1.292094 0.572007 -0.717360
v -1.292370 0.571917 -0.717055
v -1.291010 0.572031 -0.716563
v -1.292061 0.572031 -0.717395
v -1.291910 0.571688 -0.715264
v -1.293123 0.571688 -0.716225
v -1.303983 0.569457 -0.712875
v -1.308908 0.567988 -0.709703
v -1.306711 0.567988 -0.706733
v -1.302242 0.569457 -0.710521
v -1.298580 0.570524 -0.713624
v -1.299948 0.570524 -0.715474
v -1.295856 0.571247 -0.715934
v -1.296945 0.571247 -0.717407
v -1.301066 0.570524 -0.717484
v -1.305406 0.569457 -0.715434
v -1.297836 0.571247 -0.719009
v -1.310704 0.567988 -0.712932
v -1.294176 0.571917 -0.719191
v -1.295118 0.571688 -0.718584
v -1.294197 0.571688 -0.717339
v -1.293343 0.571917 -0.718064
v -1.293029 0.572007 -0.718330
v -1.293830 0.572007 -0.719414
v -1.292992 0.572031 -0.718361
v -1.293790 0.572031 -0.719439
v -1.294485 0.572007 -0.720591
v -1.294857 0.571917 -0.720416
v -1.294442 0.572031 -0.720612
v -1.295870 0.571688 -0.719937
v -1.293753 0.572096 -0.719463
v -1.293765 0.572061 -0.719455
v -1.292970 0.572061 -0.718379
v -1.292959 0.572096 -0.718389
v -1.292042 0.572061 -0.717417
v -1.292032 0.572096 -0.717427
v -1.292955 0.572137 -0.718392
v -1.293749 0.572137 -0.719465
v -1.292955 0.572185 -0.718392
v -1.293749 0.572185 -0.719465
v -1.292029 0.572137 -0.717431
v -1.292029 0.572185 -0.717431
v -1.294398 0.572137 -0.720632
v -1.294403 0.572096 -0.720630
v -1.294890 0.572137 -0.721873
v -1.294894 0.572096 -0.721872
v -1.294398 0.572185 -0.720632
v -1.294890 0.572185 -0.721873
v -1.294416 0.572061 -0.720624
v -1.294908 0.572061 -0.721867
v -1.289840 0.572096 -0.715912
v -1.289846 0.572061 -0.715899
v -1.288620 0.572061 -0.715365
v -1.288615 0.572096 -0.715379
v -1.287335 0.572061 -0.714995
v -1.287332 0.572096 -0.715009
v -1.288613 0.572137 -0.715383
v -1.289837 0.572137 -0.715916
v -1.288613 0.572185 -0.715383
v -1.289837 0.572185 -0.715916
v -1.287331 0.572137 -0.715014
v -1.287331 0.572185 -0.715014
v -1.290983 0.572137 -0.716602
v -1.290986 0.572096 -0.716598
v -1.290983 0.572185 -0.716602
v -1.290994 0.572061 -0.716586
v -1.284675 0.572096 -0.714793
v -1.284674 0.572061 -0.714779
v -1.283345 0.572061 -0.714930
v -1.283347 0.572096 -0.714944
v -1.282047 0.572061 -0.715252
v -1.282052 0.572096 -0.715266
v -1.283348 0.572137 -0.714949
v -1.284675 0.572137 -0.714798
v -1.283348 0.572185 -0.714949
v -1.284675 0.572185 -0.714798
v -1.282053 0.572137 -0.715270
v -1.282053 0.572185 -0.715270
v -1.286010 0.572137 -0.714819
v -1.286011 0.572096 -0.714815
v -1.286010 0.572185 -0.714819
v -1.286012 0.572061 -0.714800
v -1.279643 0.572096 -0.716407
v -1.279635 0.572061 -0.716395
v -1.278559 0.572061 -0.717190
v -1.278569 0.572096 -0.717201
v -1.277596 0.572061 -0.718118
v -1.277607 0.572096 -0.718128
v -1.278572 0.572137 -0.717205
v -1.279645 0.572137 -0.716411
v -1.278572 0.572185 -0.717205
v -1.279645 0.572185 -0.716411
v -1.277611 0.572137 -0.718131
v -1.277611 0.572185 -0.718131
v -1.280812 0.572137 -0.715762
v -1.280810 0.572096 -0.715758
v -1.280812 0.572185 -0.715762
v -1.280804 0.572061 -0.715745
v -1.276092 0.572096 -0.720321
v -1.276079 0.572061 -0.720314
v -1.275545 0.572061 -0.721541
v -1.275558 0.572096 -0.721546
v -1.275175 0.572061 -0.722826
v -1.275189 0.572096 -0.722829
v -1.275563 0.572137 -0.721547
v -1.276096 0.572137 -0.720323
v -1.275563 0.572185 -0.721547
v -1.276096 0.572185 -0.720323
v -1.275194 0.572137 -0.722830
v -1.275194 0.572185 -0.722830
v -1.276782 0.572137 -0.719177
v -1.276778 0.572096 -0.719175
v -1.276782 0.572185 -0.719177
v -1.276766 0.572061 -0.719166
v -1.274973 0.572096 -0.725486
v -1.274959 0.572061 -0.725486
v -1.275110 0.572061 -0.726815
v -1.275124 0.572096 -0.726813
v -1.275432 0.572061 -0.728113
v -1.275446 0.572096 -0.728109
v -1.275128 0.572137 -0.726812
v -1.274978 0.572137 -0.725485
v -1.275128 0.572185 -0.726812
v -1.274978 0.572185 -0.725485
v -1.275450 0.572137 -0.728107
v -1.275450 0.572185 -0.728107
v -1.274999 0.572137 -0.724150
v -1.274994 0.572096 -0.724150
v -1.274999 0.572185 -0.724150
v -1.274980 0.572061 -0.724149
v -1.276587 0.572096 -0.730518
v -1.276575 0.572061 -0.730525
v -1.277370 0.572061 -0.731601
v -1.277381 0.572096 -0.731592
v -1.278298 0.572061 -0.732564
v -1.278308 0.572096 -0.732553
v -1.277385 0.572137 -0.731589
v -1.276591 0.572137 -0.730515
v -1.277385 0.572185 -0.731589
v -1.276591 0.572185 -0.730515
v -1.278311 0.572137 -0.732550
v -1.278311 0.572185 -0.732550
v -1.275942 0.572137 -0.729348
v -1.275938 0.572096 -0.729350
v -1.275942 0.572185 -0.729348
v -1.275925 0.572061 -0.729356
v -1.280500 0.572096 -0.734069
v -1.280494 0.572061 -0.734082
v -1.281721 0.572061 -0.734615
v -1.281725 0.572096 -0.734602
v -1.283006 0.572061 -0.734985
v -1.283009 0.572096 -0.734971
v -1.281727 0.572137 -0.734597
v -1.280503 0.572137 -0.734065
v -1.281727 0.572185 -0.734597
v -1.280503 0.572185 -0.734065
v -1.283010 0.572137 -0.734966
v -1.283010 0.572185 -0.734966
v -1.279357 0.572137 -0.733378
v -1.279354 0.572096 -0.733382
v -1.279357 0.572185 -0.733378
v -1.279346 0.572061 -0.733394
v -1.285665 0.572096 -0.735187
v -1.285666 0.572061 -0.735202
v -1.286995 0.572061 -0.735051
v -1.286993 0.572096 -0.735036
v -1.288293 0.572061 -0.734728
v -1.288289 0.572096 -0.734715
v -1.286992 0.572137 -0.735032
v -1.285665 0.572137 -0.735182
v -1.286992 0.572185 -0.735032
v -1.285665 0.572185 -0.735182
v -1.288287 0.572137 -0.734710
v -1.288287 0.572185 -0.734710
v -1.284330 0.572137 -0.735161
v -1.284330 0.572096 -0.735166
v -1.284330 0.572185 -0.735161
v -1.284328 0.572061 -0.735180
v -1.290697 0.572096 -0.733573
v -1.290705 0.572061 -0.733586
v -1.291781 0.572061 -0.732790
v -1.291772 0.572096 -0.732779
v -1.292744 0.572061 -0.731862
v -1.292733 0.572096 -0.731853
v -1.291769 0.572137 -0.732776
v -1.290695 0.572137 -0.733569
v -1.291769 0.572185 -0.732776
v -1.290695 0.572185 -0.733569
v -1.292729 0.572137 -0.731849
v -1.292729 0.572185 -0.731849
v -1.289528 0.572137 -0.734218
v -1.289530 0.572096 -0.734223
v -1.288287 0.572137 -0.734710
v -1.288289 0.572096 -0.734715
v -1.289528 0.572185 -0.734218
v -1.288287 0.572185 -0.734710
v -1.289536 0.572061 -0.734236
v -1.288293 0.572061 -0.734728
v -1.294249 0.572096 -0.729660
v -1.294261 0.572061 -0.729666
v -1.294795 0.572061 -0.728440
v -1.294782 0.572096 -0.728435
v -1.295165 0.572061 -0.727155
v -1.295151 0.572096 -0.727152
v -1.294777 0.572137 -0.728433
v -1.294244 0.572137 -0.729658
v -1.294777 0.572185 -0.728433
v -1.294244 0.572185 -0.729658
v -1.295146 0.572137 -0.727151
v -1.295146 0.572185 -0.727151
v -1.293558 0.572137 -0.730803
v -1.293562 0.572096 -0.730806
v -1.293558 0.572185 -0.730803
v -1.293574 0.572061 -0.730814
v -1.295367 0.572096 -0.724495
v -1.295381 0.572061 -0.724494
v -1.295231 0.572061 -0.723165
v -1.295216 0.572096 -0.723168
v -1.295212 0.572137 -0.723168
v -1.295362 0.572137 -0.724495
v -1.295212 0.572185 -0.723168
v -1.295362 0.572185 -0.724495
v -1.295341 0.572137 -0.725830
v -1.295346 0.572096 -0.725831
v -1.295341 0.572185 -0.725830
v -1.295360 0.572061 -0.725832
v -1.293749 0.572297 -0.719465
v -1.293749 0.572239 -0.719465
v -1.292955 0.572239 -0.718392
v -1.292955 0.572297 -0.718392
v -1.292029 0.572239 -0.717431
v -1.292029 0.572297 -0.717431
v -1.292955 0.572356 -0.718392
v -1.293749 0.572356 -0.719465
v -1.292955 0.572411 -0.718392
v -1.293749 0.572411 -0.719465
v -1.292029 0.572356 -0.717431
v -1.292029 0.572411 -0.717431
v -1.294398 0.572356 -0.720632
v -1.294398 0.572297 -0.720632
v -1.294890 0.572356 -0.721873
v -1.294890 0.572297 -0.721873
v -1.294398 0.572411 -0.720632
v -1.294890 0.572411 -0.721873
v -1.294398 0.572239 -0.720632
v -1.294890 0.572239 -0.721873
v -1.293747 0.572502 -0.719467
v -1.293749 0.572460 -0.719465
v -1.292955 0.572460 -0.718392
v -1.292954 0.572502 -0.718393
v -1.292029 0.572460 -0.717431
v -1.292028 0.572502 -0.717433
v -1.292948 0.572536 -0.718398
v -1.293741 0.572536 -0.719471
v -1.292938 0.572562 -0.718407
v -1.293730 0.572562 -0.719478
v -1.292023 0.572536 -0.717438
v -1.292013 0.572562 -0.717448
v -1.294390 0.572536 -0.720636
v -1.294396 0.572502 -0.720633
v -1.294881 0.572536 -0.721876
v -1.294888 0.572502 -0.721874
v -1.294377 0.572562 -0.720642
v -1.294868 0.572562 -0.721880
v -1.294398 0.572460 -0.720632
v -1.294890 0.572460 -0.721873
v -1.289837 0.572297 -0.715916
v -1.289837 0.572239 -0.715916
v -1.288613 0.572239 -0.715383
v -1.288613 0.572297 -0.715383
v -1.287331 0.572239 -0.715014
v -1.287331 0.572297 -0.715014
v -1.288613 0.572356 -0.715383
v -1.289837 0.572356 -0.715916
v -1.288613 0.572411 -0.715383
v -1.289837 0.572411 -0.715916
v -1.287331 0.572356 -0.715014
v -1.287331 0.572411 -0.715014
v -1.290983 0.572356 -0.716602
v -1.290983 0.572297 -0.716602
v -1.290983 0.572411 -0.716602
v -1.290983 0.572239 -0.716602
v -1.289836 0.572502 -0.715918
v -1.289837 0.572460 -0.715916
v -1.288613 0.572460 -0.715383
v -1.288612 0.572502 -0.715385
v -1.287331 0.572460 -0.715014
v -1.287330 0.572502 -0.715016
v -1.288610 0.572536 -0.715392
v -1.289833 0.572536 -0.715924
v -1.288605 0.572562 -0.715405
v -1.289827 0.572562 -0.715937
v -1.287328 0.572536 -0.715023
v -1.287326 0.572562 -0.715037
v -1.290978 0.572536 -0.716610
v -1.290982 0.572502 -0.716604
v -1.290970 0.572562 -0.716621
v -1.290983 0.572460 -0.716602
v -1.284675 0.572297 -0.714798
v -1.284675 0.572239 -0.714798
v -1.283348 0.572239 -0.714949
v -1.283348 0.572297 -0.714949
v -1.282053 0.572239 -0.715270
v -1.282053 0.572297 -0.715270
v -1.283348 0.572356 -0.714949
v -1.284675 0.572356 -0.714798
v -1.283348 0.572411 -0.714949
v -1.284675 0.572411 -0.714798
v -1.282053 0.572356 -0.715270
v -1.282053 0.572411 -0.715270
v -1.286010 0.572356 -0.714819
v -1.286010 0.572297 -0.714819
v -1.286010 0.572411 -0.714819
v -1.286010 0.572239 -0.714819
v -1.284675 0.572502 -0.714800
v -1.284675 0.572460 -0.714798
v -1.283348 0.572460 -0.714949
v -1.283349 0.572502 -0.714951
v -1.282053 0.572460 -0.715270
v -1.282054 0.572502 -0.715273
v -1.283350 0.572536 -0.714958
v -1.284675 0.572536 -0.714807
v -1.283352 0.572562 -0.714972
v -1.284676 0.572562 -0.714822
v -1.282056 0.572536 -0.715279
v -1.282060 0.572562 -0.715293
v -1.286009 0.572536 -0.714829
v -1.286010 0.572502 -0.714822
v -1.286008 0.572562 -0.714843
v -1.286010 0.572460 -0.714819
v -1.279645 0.572297 -0.716411
v -1.279645 0.572239 -0.716411
v -1.278572 0.572239 -0.717205
v -1.278572 0.572297 -0.717205
v -1.277611 0.572239 -0.718131
v -1.277611 0.572297 -0.718131
v -1.278572 0.572356 -0.717205
v -1.279645 0.572356 -0.716411
v -1.278572 0.572411 -0.717205
v -1.279645 0.572411 -0.716411
v -1.277611 0.572356 -0.718131
v -1.277611 0.572411 -0.718131
v -1.280812 0.572356 -0.715762
v -1.280812 0.572297 -0.715762
v -1.280812 0.572411 -0.715762
v -1.280812 0.572239 -0.715762
v -1.279647 0.572502 -0.716413
v -1.279645 0.572460 -0.716411
v -1.278572 0.572460 -0.717205
v -1.278573 0.572502 -0.717207
v -1.277611 0.572460 -0.718131
v -1.277612 0.572502 -0.718133
v -1.278578 0.572536 -0.717212
v -1.279650 0.572536 -0.716419
v -1.278587 0.572562 -0.717223
v -1.279658 0.572562 -0.716431
v -1.277618 0.572536 -0.718138
v -1.277628 0.572562 -0.718147
v -1.280816 0.572536 -0.715771
v -1.280813 0.572502 -0.715764
v -1.280822 0.572562 -0.715783
v -1.280812 0.572460 -0.715762
v -1.276096 0.572297 -0.720323
v -1.276096 0.572239 -0.720323
v -1.275563 0.572239 -0.721547
v -1.275563 0.572297 -0.721547
v -1.275194 0.572239 -0.722830
v -1.275194 0.572297 -0.722830
v -1.275563 0.572356 -0.721547
v -1.276096 0.572356 -0.720323
v -1.275563 0.572411 -0.721547
v -1.276096 0.572411 -0.720323
v -1.275194 0.572356 -0.722830
v -1.275194 0.572411 -0.722830
v -1.276782 0.572356 -0.719177
v -1.276782 0.572297 -0.719177
v -1.276782 0.572411 -0.719177
v -1.276782 0.572239 -0.719177
v -1.276098 0.572502 -0.720324
v -1.276096 0.572460 -0.720323
v -1.275563 0.572460 -0.721547
v -1.275565 0.572502 -0.721548
v -1.275194 0.572460 -0.722830
v -1.275196 0.572502 -0.722830
v -1.275572 0.572536 -0.721550
v -1.276104 0.572536 -0.720327
v -1.275585 0.572562 -0.721555
v -1.276117 0.572562 -0.720334
v -1.275203 0.572536 -0.722832
v -1.275217 0.572562 -0.722835
v -1.276790 0.572536 -0.719183
v -1.276784 0.572502 -0.719179
v -1.276801 0.572562 -0.719191
v -1.276782 0.572460 -0.719177
v -1.274978 0.572297 -0.725485
v -1.274978 0.572239 -0.725485
v -1.275128 0.572239 -0.726812
v -1.275128 0.572297 -0.726812
v -1.275450 0.572239 -0.728107
v -1.275450 0.572297 -0.728107
v -1.275128 0.572356 -0.726812
v -1.274978 0.572356 -0.725485
v -1.275128 0.572411 -0.726812
v -1.274978 0.572411 -0.725485
v -1.275450 0.572356 -0.728107
v -1.275450 0.572411 -0.728107
v -1.274999 0.572356 -0.724150
v -1.274999 0.572297 -0.724150
v -1.274999 0.572411 -0.724150
v -1.274999 0.572239 -0.724150
v -1.274980 0.572502 -0.725485
v -1.274978 0.572460 -0.725485
v -1.275128 0.572460 -0.726812
v -1.275131 0.572502 -0.726812
v -1.275450 0.572460 -0.728107
v -1.275452 0.572502 -0.728107
v -1.275138 0.572536 -0.726810
v -1.274987 0.572536 -0.725485
v -1.275152 0.572562 -0.726808
v -1.275001 0.572562 -0.725484
v -1.275459 0.572536 -0.728104
v -1.275473 0.572562 -0.728100
v -1.275009 0.572536 -0.724151
v -1.275002 0.572502 -0.724150
v -1.275023 0.572562 -0.724152
v -1.274999 0.572460 -0.724150
v -1.276591 0.572297 -0.730515
v -1.276591 0.572239 -0.730515
v -1.277385 0.572239 -0.731589
v -1.277385 0.572297 -0.731589
v -1.278311 0.572239 -0.732550
v -1.278311 0.572297 -0.732550
v -1.277385 0.572356 -0.731589
v -1.276591 0.572356 -0.730515
v -1.277385 0.572411 -0.731589
v -1.276591 0.572411 -0.730515
v -1.278311 0.572356 -0.732550
v -1.278311 0.572411 -0.732550
v -1.275942 0.572356 -0.729348
v -1.275942 0.572297 -0.729348
v -1.275942 0.572411 -0.729348
v -1.275942 0.572239 -0.729348
v -1.276593 0.572502 -0.730514
v -1.276591 0.572460 -0.730515
v -1.277385 0.572460 -0.731589
v -1.277387 0.572502 -0.731587
v -1.278311 0.572460 -0.732550
v -1.278313 0.572502 -0.732548
v -1.277392 0.572536 -0.731583
v -1.276599 0.572536 -0.730510
v -1.277403 0.572562 -0.731573
v -1.276611 0.572562 -0.730502
v -1.278317 0.572536 -0.732543
v -1.278327 0.572562 -0.732532
v -1.275950 0.572536 -0.729344
v -1.275944 0.572502 -0.729347
v -1.275963 0.572562 -0.729338
v -1.275942 0.572460 -0.729348
v -1.280503 0.572297 -0.734065
v -1.280503 0.572239 -0.734065
v -1.281727 0.572239 -0.734597
v -1.281727 0.572297 -0.734597
v -1.283010 0.572239 -0.734966
v -1.283010 0.572297 -0.734966
v -1.281727 0.572356 -0.734597
v -1.280503 0.572356 -0.734065
v -1.281727 0.572411 -0.734597
v -1.280503 0.572411 -0.734065
v -1.283010 0.572356 -0.734966
v -1.283010 0.572411 -0.734966
v -1.279357 0.572356 -0.733378
v -1.279357 0.572297 -0.733378
v -1.279357 0.572411 -0.733378
v -1.279357 0.572239 -0.733378
v -1.280504 0.572502 -0.734062
v -1.280503 0.572460 -0.734065
v -1.281727 0.572460 -0.734597
v -1.281728 0.572502 -0.734595
v -1.283010 0.572460 -0.734966
v -1.283010 0.572502 -0.734964
v -1.281730 0.572536 -0.734589
v -1.280507 0.572536 -0.734056
v -1.281735 0.572562 -0.734575
v -1.280513 0.572562 -0.734044
v -1.283012 0.572536 -0.734957
v -1.283015 0.572562 -0.734943
v -1.279363 0.572536 -0.733371
v -1.279359 0.572502 -0.733376
v -1.279371 0.572562 -0.733359
v -1.279357 0.572460 -0.733378
v -1.285665 0.572297 -0.735182
v -1.285665 0.572239 -0.735182
v -1.286992 0.572239 -0.735032
v -1.286992 0.572297 -0.735032
v -1.288287 0.572239 -0.734710
v -1.288287 0.572297 -0.734710
v -1.286992 0.572356 -0.735032
v -1.285665 0.572356 -0.735182
v -1.286992 0.572411 -0.735032
v -1.285665 0.572411 -0.735182
v -1.288287 0.572356 -0.734710
v -1.288287 0.572411 -0.734710
v -1.284330 0.572356 -0.735161
v -1.284330 0.572297 -0.735161
v -1.284330 0.572411 -0.735161
v -1.284330 0.572239 -0.735161
v -1.285665 0.572502 -0.735180
v -1.285665 0.572460 -0.735182
v -1.286992 0.572460 -0.735032
v -1.286991 0.572502 -0.735029
v -1.288287 0.572460 -0.734710
v -1.288286 0.572502 -0.734708
v -1.286990 0.572536 -0.735022
v -1.285665 0.572536 -0.735173
v -1.286988 0.572562 -0.735009
v -1.285664 0.572562 -0.735159
v -1.288284 0.572536 -0.734701
v -1.288280 0.572562 -0.734688
v -1.284331 0.572536 -0.735152
v -1.284330 0.572502 -0.735159
v -1.284332 0.572562 -0.735138
v -1.284330 0.572460 -0.735161
v -1.290695 0.572297 -0.733569
v -1.290695 0.572239 -0.733569
v -1.291769 0.572239 -0.732776
v -1.291769 0.572297 -0.732776
v -1.292729 0.572239 -0.731849
v -1.292729 0.572297 -0.731849
v -1.291769 0.572356 -0.732776
v -1.290695 0.572356 -0.733569
v -1.291769 0.572411 -0.732776
v -1.290695 0.572411 -0.733569
v -1.292729 0.572356 -0.731849
v -1.292729 0.572411 -0.731849
v -1.289528 0.572356 -0.734218
v -1.289528 0.572297 -0.734218
v -1.288287 0.572356 -0.734710
v -1.288287 0.572297 -0.734710
v -1.289528 0.572411 -0.734218
v -1.288287 0.572411 -0.734710
v -1.289528 0.572239 -0.734218
v -1.288287 0.572239 -0.734710
v -1.290694 0.572502 -0.733567
v -1.290695 0.572460 -0.733569
v -1.291769 0.572460 -0.732776
v -1.291767 0.572502 -0.732774
v -1.292729 0.572460 -0.731849
v -1.292728 0.572502 -0.731848
v -1.291762 0.572536 -0.732768
v -1.290690 0.572536 -0.733562
v -1.291753 0.572562 -0.732758
v -1.290682 0.572562 -0.733550
v -1.292722 0.572536 -0.731843
v -1.292712 0.572562 -0.731834
v -1.289524 0.572536 -0.734210
v -1.289527 0.572502 -0.734216
v -1.288284 0.572536 -0.734701
v -1.288286 0.572502 -0.734708
v -1.289518 0.572562 -0.734197
v -1.288280 0.572562 -0.734688
v -1.289528 0.572460 -0.734218
v -1.288287 0.572460 -0.734710
v -1.294244 0.572297 -0.729658
v -1.294244 0.572239 -0.729658
v -1.294777 0.572239 -0.728433
v -1.294777 0.572297 -0.728433
v -1.295146 0.572239 -0.727151
v -1.295146 0.572297 -0.727151
v -1.294777 0.572356 -0.728433
v -1.294244 0.572356 -0.729658
v -1.294777 0.572411 -0.728433
v -1.294244 0.572411 -0.729658
v -1.295146 0.572356 -0.727151
v -1.295146 0.572411 -0.727151
v -1.293558 0.572356 -0.730803
v -1.293558 0.572297 -0.730803
v -1.293558 0.572411 -0.730803
v -1.293558 0.572239 -0.730803
v -1.294242 0.572502 -0.729657
v -1.294244 0.572460 -0.729658
v -1.294777 0.572460 -0.728433
v -1.294775 0.572502 -0.728433
v -1.295146 0.572460 -0.727151
v -1.295144 0.572502 -0.727150
v -1.294768 0.572536 -0.728430
v -1.294236 0.572536 -0.729653
v -1.294755 0.572562 -0.728425
v -1.294223 0.572562 -0.729647
v -1.295137 0.572536 -0.727149
v -1.295123 0.572562 -0.727146
v -1.293550 0.572536 -0.730798
v -1.293556 0.572502 -0.730802
v -1.293539 0.572562 -0.730790
v -1.293558 0.572460 -0.730803
v -1.295362 0.572297 -0.724495
v -1.295362 0.572239 -0.724495
v -1.295212 0.572239 -0.723168
v -1.295212 0.572297 -0.723168
v -1.295212 0.572356 -0.723168
v -1.295362 0.572356 -0.724495
v -1.295212 0.572411 -0.723168
v -1.295362 0.572411 -0.724495
v -1.295341 0.572356 -0.725830
v -1.295341 0.572297 -0.725830
v -1.295341 0.572411 -0.725830
v -1.295341 0.572239 -0.725830
v -1.295360 0.572502 -0.724495
v -1.295362 0.572460 -0.724495
v -1.295212 0.572460 -0.723168
v -1.295209 0.572502 -0.723169
v -1.295202 0.572536 -0.723170
v -1.295353 0.572536 -0.724496
v -1.295188 0.572562 -0.723173
v -1.295339 0.572562 -0.724496
v -1.295331 0.572536 -0.725830
v -1.295339 0.572502 -0.725830
v -1.295317 0.572562 -0.725828
v -1.295341 0.572460 -0.725830
v -1.293654 0.572584 -0.719527
v -1.293710 0.572577 -0.719491
v -1.292920 0.572577 -0.718422
v -1.292869 0.572584 -0.718465
v -1.291998 0.572577 -0.717466
v -1.291953 0.572584 -0.717515
v -1.292762 0.572587 -0.718556
v -1.293536 0.572587 -0.719603
v -1.292571 0.572587 -0.718717
v -1.293326 0.572587 -0.719738
v -1.291858 0.572587 -0.717619
v -1.291691 0.572587 -0.717804
v -1.294168 0.572587 -0.720741
v -1.294296 0.572584 -0.720681
v -1.294648 0.572587 -0.721951
v -1.294782 0.572584 -0.721908
v -1.293943 0.572587 -0.720847
v -1.294410 0.572587 -0.722027
v -1.294356 0.572577 -0.720652
v -1.294845 0.572577 -0.721888
v -1.289786 0.572584 -0.716016
v -1.289816 0.572577 -0.715958
v -1.288597 0.572577 -0.715427
v -1.288575 0.572584 -0.715489
v -1.287321 0.572577 -0.715060
v -1.287307 0.572584 -0.715124
v -1.288527 0.572587 -0.715622
v -1.289721 0.572587 -0.716142
v -1.288443 0.572587 -0.715857
v -1.289607 0.572587 -0.716364
v -1.287277 0.572587 -0.715263
v -1.287224 0.572587 -0.715506
v -1.290838 0.572587 -0.716811
v -1.290919 0.572584 -0.716695
v -1.290696 0.572587 -0.717016
v -1.290956 0.572577 -0.716641
v -1.284680 0.572584 -0.714911
v -1.284677 0.572577 -0.714845
v -1.283357 0.572577 -0.714995
v -1.283368 0.572584 -0.715060
v -1.282067 0.572577 -0.715315
v -1.282088 0.572584 -0.715378
v -1.283394 0.572587 -0.715199
v -1.284687 0.572587 -0.715052
v -1.283438 0.572587 -0.715444
v -1.284699 0.572587 -0.715301
v -1.282131 0.572587 -0.715512
v -1.282207 0.572587 -0.715750
v -1.285989 0.572587 -0.715073
v -1.286001 0.572584 -0.714932
v -1.285969 0.572587 -0.715321
v -1.286006 0.572577 -0.714866
v -1.279706 0.572584 -0.716506
v -1.279671 0.572577 -0.716451
v -1.278602 0.572577 -0.717241
v -1.278645 0.572584 -0.717291
v -1.277646 0.572577 -0.718163
v -1.277694 0.572584 -0.718207
v -1.278736 0.572587 -0.717399
v -1.279783 0.572587 -0.716625
v -1.278897 0.572587 -0.717589
v -1.279918 0.572587 -0.716834
v -1.277799 0.572587 -0.718302
v -1.277984 0.572587 -0.718470
v -1.280921 0.572587 -0.715992
v -1.280860 0.572584 -0.715864
v -1.281027 0.572587 -0.716217
v -1.280832 0.572577 -0.715805
v -1.276196 0.572584 -0.720374
v -1.276138 0.572577 -0.720344
v -1.275607 0.572577 -0.721563
v -1.275669 0.572584 -0.721585
v -1.275240 0.572577 -0.722840
v -1.275304 0.572584 -0.722854
v -1.275802 0.572587 -0.721633
v -1.276322 0.572587 -0.720439
v -1.276037 0.572587 -0.721717
v -1.276544 0.572587 -0.720553
v -1.275442 0.572587 -0.722884
v -1.275686 0.572587 -0.722936
v -1.276991 0.572587 -0.719322
v -1.276875 0.572584 -0.719242
v -1.277196 0.572587 -0.719464
v -1.276821 0.572577 -0.719204
v -1.275091 0.572584 -0.725480
v -1.275025 0.572577 -0.725483
v -1.275175 0.572577 -0.726804
v -1.275240 0.572584 -0.726792
v -1.275495 0.572577 -0.728093
v -1.275558 0.572584 -0.728073
v -1.275379 0.572587 -0.726767
v -1.275232 0.572587 -0.725473
v -1.275624 0.572587 -0.726722
v -1.275481 0.572587 -0.725461
v -1.275692 0.572587 -0.728030
v -1.275930 0.572587 -0.727953
v -1.275253 0.572587 -0.724171
v -1.275112 0.572584 -0.724159
v -1.275501 0.572587 -0.724192
v -1.275046 0.572577 -0.724154
v -1.276686 0.572584 -0.730454
v -1.276630 0.572577 -0.730490
v -1.277421 0.572577 -0.731558
v -1.277471 0.572584 -0.731516
v -1.278343 0.572577 -0.732515
v -1.278387 0.572584 -0.732466
v -1.277579 0.572587 -0.731424
v -1.276805 0.572587 -0.730377
v -1.277769 0.572587 -0.731263
v -1.277014 0.572587 -0.730242
v -1.278482 0.572587 -0.732361
v -1.278649 0.572587 -0.732177
v -1.276172 0.572587 -0.729240
v -1.276044 0.572584 -0.729300
v -1.276397 0.572587 -0.729133
v -1.275984 0.572577 -0.729328
v -1.280554 0.572584 -0.733964
v -1.280524 0.572577 -0.734023
v -1.281743 0.572577 -0.734553
v -1.281765 0.572584 -0.734491
v -1.283020 0.572577 -0.734920
v -1.283033 0.572584 -0.734856
v -1.281813 0.572587 -0.734358
v -1.280619 0.572587 -0.733838
v -1.281897 0.572587 -0.734123
v -1.280733 0.572587 -0.733617
v -1.283063 0.572587 -0.734718
v -1.283116 0.572587 -0.734474
v -1.279502 0.572587 -0.733169
v -1.279421 0.572584 -0.733286
v -1.279644 0.572587 -0.732964
v -1.279384 0.572577 -0.733340
v -1.285660 0.572584 -0.735070
v -1.285663 0.572577 -0.735135
v -1.286983 0.572577 -0.734985
v -1.286972 0.572584 -0.734921
v -1.288273 0.572577 -0.734665
v -1.288253 0.572584 -0.734602
v -1.286946 0.572587 -0.734782
v -1.285653 0.572587 -0.734929
v -1.286902 0.572587 -0.734536
v -1.285641 0.572587 -0.734680
v -1.288210 0.572587 -0.734468
v -1.288133 0.572587 -0.734230
v -1.284351 0.572587 -0.734908
v -1.284339 0.572584 -0.735048
v -1.284371 0.572587 -0.734659
v -1.284334 0.572577 -0.735114
v -1.290634 0.572584 -0.733474
v -1.290669 0.572577 -0.733530
v -1.291738 0.572577 -0.732740
v -1.291695 0.572584 -0.732689
v -1.292695 0.572577 -0.731818
v -1.292646 0.572584 -0.731773
v -1.291604 0.572587 -0.732582
v -1.290557 0.572587 -0.733356
v -1.291443 0.572587 -0.732391
v -1.290422 0.572587 -0.733146
v -1.292541 0.572587 -0.731678
v -1.292356 0.572587 -0.731511
v -1.289419 0.572587 -0.733989
v -1.289480 0.572584 -0.734116
v -1.288210 0.572587 -0.734468
v -1.288253 0.572584 -0.734602
v -1.289313 0.572587 -0.733763
v -1.288133 0.572587 -0.734230
v -1.289508 0.572577 -0.734176
v -1.288273 0.572577 -0.734665
v -1.294144 0.572584 -0.729606
v -1.294202 0.572577 -0.729636
v -1.294733 0.572577 -0.728417
v -1.294671 0.572584 -0.728395
v -1.295100 0.572577 -0.727141
v -1.295036 0.572584 -0.727127
v -1.294538 0.572587 -0.728348
v -1.294018 0.572587 -0.729541
v -1.294303 0.572587 -0.728263
v -1.293797 0.572587 -0.729427
v -1.294898 0.572587 -0.727097
v -1.294654 0.572587 -0.727044
v -1.293349 0.572587 -0.730658
v -1.293465 0.572584 -0.730739
v -1.293144 0.572587 -0.730516
v -1.293519 0.572577 -0.730776
v -1.295249 0.572584 -0.724501
v -1.295315 0.572577 -0.724497
v -1.295165 0.572577 -0.723177
v -1.295100 0.572584 -0.723189
v -1.294962 0.572587 -0.723214
v -1.295108 0.572587 -0.724508
v -1.294716 0.572587 -0.723258
v -1.294859 0.572587 -0.724520
v -1.295088 0.572587 -0.725809
v -1.295228 0.572584 -0.725821
v -1.294839 0.572587 -0.725789
v -1.295294 0.572577 -0.725826
v -1.292610 0.572587 -0.720199
v -1.292998 0.572587 -0.719949
v -1.292273 0.572587 -0.718970
v -1.291922 0.572587 -0.719268
v -1.291428 0.572587 -0.718093
v -1.291118 0.572587 -0.718435
v -1.291571 0.572587 -0.719565
v -1.292223 0.572587 -0.720448
v -1.291274 0.572587 -0.719817
v -1.291897 0.572587 -0.720658
v -1.290809 0.572587 -0.718775
v -1.290548 0.572587 -0.719063
v -1.292757 0.572587 -0.721407
v -1.293173 0.572587 -0.721211
v -1.293161 0.572587 -0.722428
v -1.293599 0.572587 -0.722287
v -1.292406 0.572587 -0.721573
v -1.292791 0.572587 -0.722546
v -1.293590 0.572587 -0.721014
v -1.294038 0.572587 -0.722146
v -1.291573 0.572587 -0.720867
v -1.291690 0.572587 -0.720792
v -1.291087 0.572587 -0.719976
v -1.290981 0.572587 -0.720066
v -1.290383 0.572587 -0.719245
v -1.290289 0.572587 -0.719348
v -1.290929 0.572587 -0.720109
v -1.291516 0.572587 -0.720904
v -1.290904 0.572587 -0.720130
v -1.291489 0.572587 -0.720921
v -1.290244 0.572587 -0.719399
v -1.290222 0.572587 -0.719422
v -1.291996 0.572587 -0.721767
v -1.292057 0.572587 -0.721738
v -1.292360 0.572587 -0.722685
v -1.292424 0.572587 -0.722664
v -1.291967 0.572587 -0.721780
v -1.292329 0.572587 -0.722694
v -1.292183 0.572587 -0.721678
v -1.292557 0.572587 -0.722621
v -1.289218 0.572587 -0.717121
v -1.289428 0.572587 -0.716711
v -1.288311 0.572587 -0.716225
v -1.288156 0.572587 -0.716659
v -1.287141 0.572587 -0.715888
v -1.287044 0.572587 -0.716339
v -1.288001 0.572587 -0.717092
v -1.289007 0.572587 -0.717530
v -1.287870 0.572587 -0.717458
v -1.288830 0.572587 -0.717875
v -1.286946 0.572587 -0.716789
v -1.286864 0.572587 -0.717168
v -1.289949 0.572587 -0.718094
v -1.290211 0.572587 -0.717716
v -1.289728 0.572587 -0.718413
v -1.290474 0.572587 -0.717337
v -1.288653 0.572587 -0.718218
v -1.288717 0.572587 -0.718094
v -1.287787 0.572587 -0.717689
v -1.287740 0.572587 -0.717820
v -1.286812 0.572587 -0.717409
v -1.286783 0.572587 -0.717545
v -1.287717 0.572587 -0.717884
v -1.288622 0.572587 -0.718278
v -1.287706 0.572587 -0.717914
v -1.288608 0.572587 -0.718307
v -1.286768 0.572587 -0.717611
v -1.286761 0.572587 -0.717642
v -1.289470 0.572587 -0.718786
v -1.289508 0.572587 -0.718730
v -1.289451 0.572587 -0.718812
v -1.289588 0.572587 -0.718616
v -1.284741 0.572587 -0.716151
v -1.284718 0.572587 -0.715691
v -1.283508 0.572587 -0.715829
v -1.283590 0.572587 -0.716282
v -1.282326 0.572587 -0.716122
v -1.282467 0.572587 -0.716561
v -1.283672 0.572587 -0.716735
v -1.284763 0.572587 -0.716611
v -1.283742 0.572587 -0.717117
v -1.284782 0.572587 -0.716999
v -1.282607 0.572587 -0.716999
v -1.282726 0.572587 -0.717369
v -1.285861 0.572587 -0.716628
v -1.285899 0.572587 -0.716170
v -1.285829 0.572587 -0.717016
v -1.285936 0.572587 -0.715711
v -1.284801 0.572587 -0.717383
v -1.284794 0.572587 -0.717245
v -1.283786 0.572587 -0.717359
v -1.283810 0.572587 -0.717496
v -1.282801 0.572587 -0.717604
v -1.282844 0.572587 -0.717736
v -1.283823 0.572587 -0.717563
v -1.284804 0.572587 -0.717451
v -1.283828 0.572587 -0.717594
v -1.284805 0.572587 -0.717483
v -1.282864 0.572587 -0.717801
v -1.282874 0.572587 -0.717831
v -1.285792 0.572587 -0.717467
v -1.285797 0.572587 -0.717399
v -1.285789 0.572587 -0.717499
v -1.285808 0.572587 -0.717261
v -1.280379 0.572587 -0.717550
v -1.280129 0.572587 -0.717163
v -1.279150 0.572587 -0.717887
v -1.279448 0.572587 -0.718239
v -1.278273 0.572587 -0.718732
v -1.278614 0.572587 -0.719042
v -1.279745 0.572587 -0.718590
v -1.280628 0.572587 -0.717937
v -1.279997 0.572587 -0.718886
v -1.280838 0.572587 -0.718264
v -1.278955 0.572587 -0.719351
v -1.279243 0.572587 -0.719612
v -1.281587 0.572587 -0.717403
v -1.281391 0.572587 -0.716987
v -1.281753 0.572587 -0.717755
v -1.281194 0.572587 -0.716571
v -1.281047 0.572587 -0.718587
v -1.280971 0.572587 -0.718470
v -1.280156 0.572587 -0.719074
v -1.280245 0.572587 -0.719180
v -1.279425 0.572587 -0.719778
v -1.279528 0.572587 -0.719871
v -1.280289 0.572587 -0.719231
v -1.281083 0.572587 -0.718644
v -1.280310 0.572587 -0.719256
v -1.281101 0.572587 -0.718671
v -1.279578 0.572587 -0.719917
v -1.279602 0.572587 -0.719938
v -1.281947 0.572587 -0.718164
v -1.281918 0.572587 -0.718103
v -1.281960 0.572587 -0.718193
v -1.281858 0.572587 -0.717977
v -1.277301 0.572587 -0.720943
v -1.276891 0.572587 -0.720732
v -1.276405 0.572587 -0.721849
v -1.276839 0.572587 -0.722004
v -1.276068 0.572587 -0.723019
v -1.276519 0.572587 -0.723117
v -1.277272 0.572587 -0.722160
v -1.277710 0.572587 -0.721153
v -1.277637 0.572587 -0.722291
v -1.278055 0.572587 -0.721331
v -1.276968 0.572587 -0.723214
v -1.277348 0.572587 -0.723296
v -1.278274 0.572587 -0.720211
v -1.277896 0.572587 -0.719949
v -1.278593 0.572587 -0.720433
v -1.277517 0.572587 -0.719687
v -1.278398 0.572587 -0.721507
v -1.278274 0.572587 -0.721443
v -1.277869 0.572587 -0.722374
v -1.278000 0.572587 -0.722421
v -1.277589 0.572587 -0.723348
v -1.277725 0.572587 -0.723378
v -1.278064 0.572587 -0.722443
v -1.278458 0.572587 -0.721538
v -1.278094 0.572587 -0.722454
v -1.278486 0.572587 -0.721552
v -1.277791 0.572587 -0.723392
v -1.277822 0.572587 -0.723399
v -1.278965 0.572587 -0.720690
v -1.278910 0.572587 -0.720652
v -1.278992 0.572587 -0.720709
v -1.278795 0.572587 -0.720573
v -1.276331 0.572587 -0.725420
v -1.275871 0.572587 -0.725442
v -1.276008 0.572587 -0.726652
v -1.276462 0.572587 -0.726570
v -1.276302 0.572587 -0.727834
v -1.276741 0.572587 -0.727693
v -1.276915 0.572587 -0.726488
v -1.276791 0.572587 -0.725397
v -1.277297 0.572587 -0.726419
v -1.277179 0.572587 -0.725378
v -1.277179 0.572587 -0.727553
v -1.277549 0.572587 -0.727434
v -1.276808 0.572587 -0.724300
v -1.276350 0.572587 -0.724262
v -1.277196 0.572587 -0.724332
v -1.275890 0.572587 -0.724224
v -1.277563 0.572587 -0.725360
v -1.277424 0.572587 -0.725366
v -1.277539 0.572587 -0.726375
v -1.277676 0.572587 -0.726350
v -1.277783 0.572587 -0.727359
v -1.277916 0.572587 -0.727317
v -1.277743 0.572587 -0.726338
v -1.277631 0.572587 -0.725356
v -1.277774 0.572587 -0.726332
v -1.277663 0.572587 -0.725355
v -1.277980 0.572587 -0.727296
v -1.278011 0.572587 -0.727286
v -1.277647 0.572587 -0.724369
v -1.277579 0.572587 -0.724363
v -1.277679 0.572587 -0.724371
v -1.277441 0.572587 -0.724352
v -1.277730 0.572587 -0.729782
v -1.277343 0.572587 -0.730031
v -1.278067 0.572587 -0.731011
v -1.278418 0.572587 -0.730713
v -1.278912 0.572587 -0.731887
v -1.279222 0.572587 -0.731546
v -1.278769 0.572587 -0.730415
v -1.278117 0.572587 -0.729532
v -1.279066 0.572587 -0.730164
v -1.278443 0.572587 -0.729322
v -1.279531 0.572587 -0.731205
v -1.279792 0.572587 -0.730917
v -1.277583 0.572587 -0.728573
v -1.277167 0.572587 -0.728769
v -1.277935 0.572587 -0.728407
v -1.276750 0.572587 -0.728966
v -1.278767 0.572587 -0.729114
v -1.278650 0.572587 -0.729189
v -1.279253 0.572587 -0.730005
v -1.279360 0.572587 -0.729915
v -1.279957 0.572587 -0.730735
v -1.280051 0.572587 -0.730632
v -1.279411 0.572587 -0.729871
v -1.278824 0.572587 -0.729077
v -1.279436 0.572587 -0.729850
v -1.278851 0.572587 -0.729059
v -1.280097 0.572587 -0.730582
v -1.280118 0.572587 -0.730558
v -1.278344 0.572587 -0.728214
v -1.278283 0.572587 -0.728243
v -1.278373 0.572587 -0.728200
v -1.278157 0.572587 -0.728302
v -1.281122 0.572587 -0.732860
v -1.280912 0.572587 -0.733269
v -1.282029 0.572587 -0.733756
v -1.282184 0.572587 -0.733322
v -1.283199 0.572587 -0.734092
v -1.283296 0.572587 -0.733642
v -1.282339 0.572587 -0.732889
v -1.281333 0.572587 -0.732450
v -1.282470 0.572587 -0.732523
v -1.281511 0.572587 -0.732105
v -1.283394 0.572587 -0.733192
v -1.283476 0.572587 -0.732812
v -1.280391 0.572587 -0.731886
v -1.280129 0.572587 -0.732265
v -1.280612 0.572587 -0.731567
v -1.279866 0.572587 -0.732643
v -1.281687 0.572587 -0.731763
v -1.281623 0.572587 -0.731886
v -1.282553 0.572587 -0.732291
v -1.282600 0.572587 -0.732160
v -1.283528 0.572587 -0.732572
v -1.283558 0.572587 -0.732436
v -1.282623 0.572587 -0.732096
v -1.281718 0.572587 -0.731702
v -1.282634 0.572587 -0.732066
v -1.281732 0.572587 -0.731674
v -1.283572 0.572587 -0.732369
v -1.283579 0.572587 -0.732338
v -1.280870 0.572587 -0.731195
v -1.280832 0.572587 -0.731251
v -1.280889 0.572587 -0.731168
v -1.280753 0.572587 -0.731365
v -1.285599 0.572587 -0.733829
v -1.285622 0.572587 -0.734289
v -1.286832 0.572587 -0.734152
v -1.286750 0.572587 -0.733698
v -1.288014 0.572587 -0.733858
v -1.287873 0.572587 -0.733419
v -1.286668 0.572587 -0.733246
v -1.285577 0.572587 -0.733370
v -1.286598 0.572587 -0.732863
v -1.285558 0.572587 -0.732982
v -1.287733 0.572587 -0.732981
v -1.287614 0.572587 -0.732611
v -1.284479 0.572587 -0.733352
v -1.284442 0.572587 -0.733811
v -1.284511 0.572587 -0.732965
v -1.284404 0.572587 -0.734270
v -1.285540 0.572587 -0.732597
v -1.285546 0.572587 -0.732736
v -1.286555 0.572587 -0.732621
v -1.286530 0.572587 -0.732485
v -1.287539 0.572587 -0.732377
v -1.287496 0.572587 -0.732244
v -1.286518 0.572587 -0.732418
v -1.285536 0.572587 -0.732529
v -1.286512 0.572587 -0.732386
v -1.285535 0.572587 -0.732497
v -1.287476 0.572587 -0.732180
v -1.287466 0.572587 -0.732149
v -1.284549 0.572587 -0.732513
v -1.284543 0.572587 -0.732581
v -1.284551 0.572587 -0.732481
v -1.284532 0.572587 -0.732720
v -1.289961 0.572587 -0.732430
v -1.290211 0.572587 -0.732818
v -1.291190 0.572587 -0.732093
v -1.290892 0.572587 -0.731742
v -1.292067 0.572587 -0.731248
v -1.291726 0.572587 -0.730939
v -1.290595 0.572587 -0.731391
v -1.289712 0.572587 -0.732044
v -1.290344 0.572587 -0.731094
v -1.289502 0.572587 -0.731717
v -1.291385 0.572587 -0.730629
v -1.291097 0.572587 -0.730368
v -1.288753 0.572587 -0.732577
v -1.288949 0.572587 -0.732993
v -1.287733 0.572587 -0.732981
v -1.287873 0.572587 -0.733419
v -1.288587 0.572587 -0.732226
v -1.287614 0.572587 -0.732611
v -1.289146 0.572587 -0.733410
v -1.288014 0.572587 -0.733858
v -1.289293 0.572587 -0.731393
v -1.289369 0.572587 -0.731510
v -1.290185 0.572587 -0.730907
v -1.290095 0.572587 -0.730801
v -1.290915 0.572587 -0.730203
v -1.290812 0.572587 -0.730109
v -1.290051 0.572587 -0.730749
v -1.289257 0.572587 -0.731336
v -1.290030 0.572587 -0.730724
v -1.289239 0.572587 -0.731309
v -1.290762 0.572587 -0.730064
v -1.290738 0.572587 -0.730042
v -1.288394 0.572587 -0.731816
v -1.288422 0.572587 -0.731878
v -1.287476 0.572587 -0.732180
v -1.287496 0.572587 -0.732244
v -1.288380 0.572587 -0.731787
v -1.287466 0.572587 -0.732149
v -1.288482 0.572587 -0.732003
v -1.287539 0.572587 -0.732377
v -1.293039 0.572587 -0.729038
v -1.293449 0.572587 -0.729249
v -1.293935 0.572587 -0.728132
v -1.293502 0.572587 -0.727976
v -1.294272 0.572587 -0.726961
v -1.293822 0.572587 -0.726864
v -1.293068 0.572587 -0.727821
v -1.292630 0.572587 -0.728827
v -1.292703 0.572587 -0.727690
v -1.292285 0.572587 -0.728650
v -1.293372 0.572587 -0.726766
v -1.292992 0.572587 -0.726684
v -1.292066 0.572587 -0.729769
v -1.292444 0.572587 -0.730031
v -1.291747 0.572587 -0.729548
v -1.292823 0.572587 -0.730294
v -1.291942 0.572587 -0.728474
v -1.292066 0.572587 -0.728537
v -1.292471 0.572587 -0.727607
v -1.292340 0.572587 -0.727560
v -1.292752 0.572587 -0.726632
v -1.292616 0.572587 -0.726603
v -1.292276 0.572587 -0.727537
v -1.291882 0.572587 -0.728443
v -1.292246 0.572587 -0.727526
v -1.291854 0.572587 -0.728428
v -1.292549 0.572587 -0.726588
v -1.292518 0.572587 -0.726582
v -1.291375 0.572587 -0.729290
v -1.291430 0.572587 -0.729329
v -1.291348 0.572587 -0.729272
v -1.291545 0.572587 -0.729408
v -1.294009 0.572587 -0.724561
v -1.294469 0.572587 -0.724539
v -1.294332 0.572587 -0.723328
v -1.293878 0.572587 -0.723410
v -1.293426 0.572587 -0.723493
v -1.293549 0.572587 -0.724583
v -1.293043 0.572587 -0.723562
v -1.293161 0.572587 -0.724602
v -1.293532 0.572587 -0.725681
v -1.293990 0.572587 -0.725719
v -1.293145 0.572587 -0.725649
v -1.294450 0.572587 -0.725757
v -1.292777 0.572587 -0.724621
v -1.292916 0.572587 -0.724614
v -1.292801 0.572587 -0.723606
v -1.292664 0.572587 -0.723631
v -1.292598 0.572587 -0.723643
v -1.292709 0.572587 -0.724624
v -1.292566 0.572587 -0.723648
v -1.292677 0.572587 -0.724626
v -1.292693 0.572587 -0.725612
v -1.292761 0.572587 -0.725617
v -1.292661 0.572587 -0.725609
v -1.292899 0.572587 -0.725629
v -1.368192 0.499145 -0.720958
v -1.368245 0.498419 -0.720955
v -1.368071 0.498419 -0.731837
v -1.368018 0.499145 -0.731833
v -1.366484 0.498419 -0.742600
v -1.366432 0.499145 -0.742588
v -1.368291 0.498224 -0.720953
v -1.368116 0.498224 -0.731841
v -1.366528 0.498224 -0.742609
v -1.367928 0.500855 -0.731826
v -1.368102 0.500855 -0.720962
v -1.367773 0.504003 -0.731813
v -1.367947 0.504003 -0.720970
v -1.366343 0.500855 -0.742569
v -1.366192 0.504004 -0.742536
v -1.366876 0.500855 -0.710167
v -1.366964 0.499145 -0.710151
v -1.364258 0.500855 -0.699627
v -1.364344 0.499145 -0.699600
v -1.366723 0.504003 -0.710195
v -1.364110 0.504004 -0.699675
v -1.367017 0.498419 -0.710141
v -1.367062 0.498224 -0.710133
v -1.364395 0.498419 -0.699583
v -1.364438 0.498224 -0.699570
v -1.367171 0.515366 -0.721007
v -1.367699 0.509042 -0.720982
v -1.367525 0.509042 -0.731792
v -1.366999 0.515366 -0.731749
v -1.365949 0.509042 -0.742484
v -1.365433 0.515366 -0.742372
v -1.366007 0.522369 -0.731667
v -1.366177 0.522369 -0.721056
v -1.364460 0.522369 -0.742161
v -1.364980 0.522369 -0.710511
v -1.365959 0.515366 -0.710333
v -1.362423 0.522369 -0.700216
v -1.363370 0.515366 -0.699912
v -1.366478 0.509042 -0.710239
v -1.363873 0.509042 -0.699751
v -1.359085 0.499145 -0.763009
v -1.359133 0.498419 -0.763034
v -1.353541 0.498419 -0.772371
v -1.353497 0.499145 -0.772340
v -1.346785 0.498419 -0.780898
v -1.346746 0.499145 -0.780862
v -1.359173 0.498224 -0.763054
v -1.353578 0.498224 -0.772396
v -1.346819 0.498224 -0.780928
v -1.353423 0.500855 -0.772289
v -1.359005 0.500855 -0.762968
v -1.353295 0.504003 -0.772200
v -1.358867 0.504003 -0.762897
v -1.346679 0.500855 -0.780801
v -1.346564 0.504004 -0.780697
v -1.363341 0.500855 -0.753006
v -1.363426 0.499145 -0.753036
v -1.363195 0.504003 -0.752953
v -1.363476 0.498419 -0.753054
v -1.363519 0.498224 -0.753069
v -1.358176 0.515366 -0.762542
v -1.358646 0.509042 -0.762783
v -1.353091 0.509042 -0.772059
v -1.352656 0.515366 -0.771758
v -1.346380 0.509042 -0.780530
v -1.345989 0.515366 -0.780174
v -1.351839 0.522369 -0.771191
v -1.357292 0.522369 -0.762087
v -1.345252 0.522369 -0.779506
v -1.361527 0.522369 -0.752356
v -1.362463 0.515366 -0.752691
v -1.362961 0.509042 -0.752870
v -1.330173 0.499145 -0.794873
v -1.330202 0.498419 -0.794918
v -1.320691 0.498419 -0.800208
v -1.320668 0.499145 -0.800160
v -1.310577 0.498419 -0.804215
v -1.310560 0.499145 -0.804164
v -1.330227 0.498224 -0.794956
v -1.320710 0.498224 -0.800249
v -1.310591 0.498224 -0.804258
v -1.320629 0.500855 -0.800078
v -1.330124 0.500855 -0.794797
v -1.320563 0.504003 -0.799938
v -1.330040 0.504003 -0.794667
v -1.310533 0.500855 -0.804078
v -1.310485 0.504004 -0.803930
v -1.338860 0.500855 -0.788338
v -1.338918 0.499145 -0.788407
v -1.338760 0.504003 -0.788219
v -1.338953 0.498419 -0.788447
v -1.338982 0.498224 -0.788482
v -1.329620 0.515366 -0.794014
v -1.329906 0.509042 -0.794458
v -1.320457 0.509042 -0.799713
v -1.320231 0.515366 -0.799235
v -1.310410 0.509042 -0.803694
v -1.310248 0.515366 -0.803190
v -1.319806 0.522369 -0.798336
v -1.329081 0.522369 -0.793177
v -1.309944 0.522369 -0.802243
v -1.337614 0.522369 -0.786868
v -1.338258 0.515366 -0.787627
v -1.338599 0.509042 -0.788030
v -1.289202 0.499145 -0.808012
v -1.289205 0.498419 -0.808066
v -1.278323 0.498419 -0.807891
v -1.278327 0.499145 -0.807838
v -1.267561 0.498419 -0.806304
v -1.267572 0.499145 -0.806252
v -1.289207 0.498224 -0.808111
v -1.278319 0.498224 -0.807936
v -1.267551 0.498224 -0.806349
v -1.278335 0.500855 -0.807748
v -1.289198 0.500855 -0.807922
v -1.278347 0.504003 -0.807593
v -1.289191 0.504003 -0.807767
v -1.267591 0.500855 -0.806164
v -1.267624 0.504004 -0.806012
v -1.299993 0.500855 -0.806696
v -1.300009 0.499145 -0.806785
v -1.310533 0.500855 -0.804078
v -1.310560 0.499145 -0.804164
v -1.299966 0.504003 -0.806543
v -1.310485 0.504004 -0.803930
v -1.300019 0.498419 -0.806837
v -1.300027 0.498224 -0.806882
v -1.310577 0.498419 -0.804215
v -1.310591 0.498224 -0.804258
v -1.289153 0.515366 -0.806991
v -1.289178 0.509042 -0.807519
v -1.278368 0.509042 -0.807345
v -1.278411 0.515366 -0.806819
v -1.267676 0.509042 -0.805769
v -1.267788 0.515366 -0.805253
v -1.278493 0.522369 -0.805827
v -1.289105 0.522369 -0.805998
v -1.267999 0.522369 -0.804280
v -1.299649 0.522369 -0.804800
v -1.299827 0.515366 -0.805779
v -1.309944 0.522369 -0.802243
v -1.310248 0.515366 -0.803190
v -1.299921 0.509042 -0.806299
v -1.310410 0.509042 -0.803694
v -1.247151 0.499145 -0.798905
v -1.247127 0.498419 -0.798953
v -1.237790 0.498419 -0.793361
v -1.237820 0.499145 -0.793317
v -1.229263 0.498419 -0.786606
v -1.229299 0.499145 -0.786566
v -1.247106 0.498224 -0.798993
v -1.237764 0.498224 -0.793398
v -1.229232 0.498224 -0.786639
v -1.237872 0.500855 -0.793243
v -1.247193 0.500855 -0.798825
v -1.237960 0.504003 -0.793115
v -1.247263 0.504003 -0.798687
v -1.229359 0.500855 -0.786499
v -1.229464 0.504004 -0.786384
v -1.257155 0.500855 -0.803161
v -1.257124 0.499145 -0.803246
v -1.257207 0.504003 -0.803015
v -1.257106 0.498419 -0.803296
v -1.257091 0.498224 -0.803339
v -1.247619 0.515366 -0.797997
v -1.247377 0.509042 -0.798466
v -1.238102 0.509042 -0.792911
v -1.238403 0.515366 -0.792477
v -1.229631 0.509042 -0.786200
v -1.229986 0.515366 -0.785809
v -1.238969 0.522369 -0.791659
v -1.248074 0.522369 -0.797112
v -1.230655 0.522369 -0.785072
v -1.257805 0.522369 -0.801347
v -1.257469 0.515366 -0.802284
v -1.257291 0.509042 -0.802781
v -1.215287 0.499145 -0.769993
v -1.215242 0.498419 -0.770022
v -1.209952 0.498419 -0.760511
v -1.210001 0.499145 -0.760488
v -1.205945 0.498419 -0.750397
v -1.205996 0.499145 -0.750381
v -1.215204 0.498224 -0.770047
v -1.209911 0.498224 -0.760530
v -1.205902 0.498224 -0.750411
v -1.210082 0.500855 -0.760449
v -1.215363 0.500855 -0.769944
v -1.210223 0.504003 -0.760383
v -1.215493 0.504003 -0.769860
v -1.206082 0.500855 -0.750353
v -1.206230 0.504004 -0.750306
v -1.221823 0.500855 -0.778680
v -1.221754 0.499145 -0.778739
v -1.221941 0.504003 -0.778580
v -1.221713 0.498419 -0.778773
v -1.221678 0.498224 -0.778803
v -1.216146 0.515366 -0.769440
v -1.215702 0.509042 -0.769726
v -1.210447 0.509042 -0.760277
v -1.210925 0.515366 -0.760051
v -1.206467 0.509042 -0.750230
v -1.206970 0.515366 -0.750068
v -1.211825 0.522369 -0.759627
v -1.216983 0.522369 -0.768901
v -1.207918 0.522369 -0.749765
v -1.223293 0.522369 -0.777434
v -1.222534 0.515366 -0.778078
v -1.222131 0.509042 -0.778419
v -1.202148 0.499145 -0.729023
v -1.202095 0.498419 -0.729025
v -1.202269 0.498419 -0.718143
v -1.202323 0.499145 -0.718147
v -1.203856 0.498419 -0.707381
v -1.203908 0.499145 -0.707392
v -1.202049 0.498224 -0.729027
v -1.202224 0.498224 -0.718139
v -1.203812 0.498224 -0.707371
v -1.202413 0.500855 -0.718155
v -1.202238 0.500855 -0.729018
v -1.202567 0.504003 -0.718168
v -1.202393 0.504003 -0.729011
v -1.203997 0.500855 -0.707411
v -1.204148 0.504004 -0.707444
v -1.203465 0.500855 -0.739813
v -1.203376 0.499145 -0.739830
v -1.203617 0.504003 -0.739786
v -1.203323 0.498419 -0.739839
v -1.203279 0.498224 -0.739847
v -1.203169 0.515366 -0.728973
v -1.202641 0.509042 -0.728999
v -1.202815 0.509042 -0.718188
v -1.203341 0.515366 -0.718232
v -1.204391 0.509042 -0.707497
v -1.204908 0.515366 -0.707608
v -1.204333 0.522369 -0.718314
v -1.204163 0.522369 -0.728925
v -1.205880 0.522369 -0.707819
v -1.205361 0.522369 -0.739469
v -1.204382 0.515366 -0.739647
v -1.203862 0.509042 -0.739741
v -1.211255 0.499145 -0.686971
v -1.211207 0.498419 -0.686947
v -1.216799 0.498419 -0.677610
v -1.216843 0.499145 -0.677640
v -1.223555 0.498419 -0.669083
v -1.223594 0.499145 -0.669119
v -1.211167 0.498224 -0.686926
v -1.216762 0.498224 -0.677584
v -1.223521 0.498224 -0.669053
v -1.216918 0.500855 -0.677692
v -1.211335 0.500855 -0.687013
v -1.217045 0.504003 -0.677780
v -1.211473 0.504003 -0.687084
v -1.223661 0.500855 -0.669180
v -1.223776 0.504004 -0.669284
v -1.206999 0.500855 -0.696975
v -1.206914 0.499145 -0.696944
v -1.207145 0.504003 -0.697027
v -1.206864 0.498419 -0.696926
v -1.206821 0.498224 -0.696911
v -1.212164 0.515366 -0.687439
v -1.211694 0.509042 -0.687197
v -1.217249 0.509042 -0.677922
v -1.217684 0.515366 -0.678223
v -1.223960 0.509042 -0.669451
v -1.224352 0.515366 -0.669806
v -1.218501 0.522369 -0.678789
v -1.213048 0.522369 -0.687894
v -1.225089 0.522369 -0.670475
v -1.208813 0.522369 -0.697625
v -1.207877 0.515366 -0.697289
v -1.207379 0.509042 -0.697111
v -1.240167 0.499145 -0.655107
v -1.240138 0.498419 -0.655062
v -1.249650 0.498419 -0.649772
v -1.249672 0.499145 -0.649821
v -1.259763 0.498419 -0.645765
v -1.259780 0.499145 -0.645816
v -1.240113 0.498224 -0.655024
v -1.249630 0.498224 -0.649732
v -1.259749 0.498224 -0.645722
v -1.249711 0.500855 -0.649902
v -1.240216 0.500855 -0.655183
v -1.249777 0.504003 -0.650043
v -1.240300 0.504003 -0.655314
v -1.259807 0.500855 -0.645902
v -1.259855 0.504004 -0.646050
v -1.231480 0.500855 -0.661643
v -1.231422 0.499145 -0.661574
v -1.231580 0.504003 -0.661761
v -1.231387 0.498419 -0.661533
v -1.231358 0.498224 -0.661499
v -1.240720 0.515366 -0.655967
v -1.240434 0.509042 -0.655522
v -1.249883 0.509042 -0.650267
v -1.250109 0.515366 -0.650745
v -1.259930 0.509042 -0.646287
v -1.260092 0.515366 -0.646790
v -1.250534 0.522369 -0.651645
v -1.241259 0.522369 -0.656803
v -1.260396 0.522369 -0.647738
v -1.232726 0.522369 -0.663113
v -1.232083 0.515366 -0.662354
v -1.231741 0.509042 -0.661951
v -1.281138 0.499145 -0.641968
v -1.281135 0.498419 -0.641915
v -1.292017 0.498419 -0.642089
v -1.292013 0.499145 -0.642143
v -1.302780 0.498419 -0.643676
v -1.302768 0.499145 -0.643728
v -1.281133 0.498224 -0.641870
v -1.292021 0.498224 -0.642044
v -1.302789 0.498224 -0.643632
v -1.292005 0.500855 -0.642233
v -1.281142 0.500855 -0.642058
v -1.291993 0.504003 -0.642387
v -1.281150 0.504003 -0.642213
v -1.302749 0.500855 -0.643817
v -1.302716 0.504004 -0.643968
v -1.270347 0.500855 -0.643285
v -1.270331 0.499145 -0.643196
v -1.270375 0.504003 -0.643437
v -1.270321 0.498419 -0.643143
v -1.270313 0.498224 -0.643099
v -1.281187 0.515366 -0.642989
v -1.281162 0.509042 -0.642462
v -1.291972 0.509042 -0.642635
v -1.291929 0.515366 -0.643162
v -1.302664 0.509042 -0.644211
v -1.302552 0.515366 -0.644728
v -1.291847 0.522369 -0.644153
v -1.281236 0.522369 -0.643983
v -1.302341 0.522369 -0.645700
v -1.270691 0.522369 -0.645181
v -1.270513 0.515366 -0.644202
v -1.270419 0.509042 -0.643682
v -1.323189 0.499145 -0.651075
v -1.323213 0.498419 -0.651027
v -1.332550 0.498419 -0.656620
v -1.332520 0.499145 -0.656664
v -1.341077 0.498419 -0.663375
v -1.341041 0.499145 -0.663415
v -1.323234 0.498224 -0.650987
v -1.332576 0.498224 -0.656582
v -1.341108 0.498224 -0.663341
v -1.332468 0.500855 -0.656738
v -1.323148 0.500855 -0.651155
v -1.332380 0.504003 -0.656865
v -1.323077 0.504003 -0.651293
v -1.340981 0.500855 -0.663481
v -1.340876 0.504004 -0.663596
v -1.313186 0.500855 -0.646820
v -1.313216 0.499145 -0.646735
v -1.313133 0.504003 -0.646966
v -1.313234 0.498419 -0.646684
v -1.313249 0.498224 -0.646642
v -1.322721 0.515366 -0.651984
v -1.322963 0.509042 -0.651514
v -1.332238 0.509042 -0.657070
v -1.331938 0.515366 -0.657504
v -1.340709 0.509042 -0.663780
v -1.340354 0.515366 -0.664172
v -1.331371 0.522369 -0.658322
v -1.322266 0.522369 -0.652869
v -1.339686 0.522369 -0.664909
v -1.312535 0.522369 -0.648634
v -1.312871 0.515366 -0.647697
v -1.313049 0.509042 -0.647200
v -1.355053 0.499145 -0.679987
v -1.355098 0.498419 -0.679958
v -1.360388 0.498419 -0.689470
v -1.360339 0.499145 -0.689493
v -1.355136 0.498224 -0.679934
v -1.360429 0.498224 -0.689450
v -1.360258 0.500855 -0.689531
v -1.354977 0.500855 -0.680036
v -1.360117 0.504003 -0.689597
v -1.354847 0.504003 -0.680120
v -1.348518 0.500855 -0.671300
v -1.348586 0.499145 -0.671242
v -1.348399 0.504003 -0.671400
v -1.348627 0.498419 -0.671207
v -1.348662 0.498224 -0.671178
v -1.354194 0.515366 -0.680541
v -1.354638 0.509042 -0.680255
v -1.359893 0.509042 -0.689703
v -1.359415 0.515366 -0.689929
v -1.358515 0.522369 -0.690354
v -1.353357 0.522369 -0.681079
v -1.347047 0.522369 -0.672546
v -1.347807 0.515366 -0.671903
v -1.348210 0.509042 -0.671561
v -1.355888 0.499073 -0.679449
v -1.355902 0.498368 -0.679440
v -1.349357 0.498368 -0.670589
v -1.349344 0.499073 -0.670599
v -1.341720 0.498368 -0.662666
v -1.341709 0.499073 -0.662679
v -1.355879 0.498199 -0.679455
v -1.349336 0.498199 -0.670606
v -1.341702 0.498199 -0.662687
v -1.349285 0.500779 -0.670650
v -1.355823 0.500779 -0.679492
v -1.349165 0.503954 -0.670751
v -1.355691 0.503954 -0.679576
v -1.341657 0.500779 -0.662737
v -1.341551 0.503954 -0.662852
v -1.361167 0.500779 -0.689102
v -1.361238 0.499073 -0.689068
v -1.365216 0.500779 -0.699320
v -1.365290 0.499073 -0.699296
v -1.361026 0.503954 -0.689168
v -1.365067 0.503954 -0.699368
v -1.361253 0.498368 -0.689061
v -1.361228 0.498199 -0.689073
v -1.365306 0.498368 -0.699291
v -1.365280 0.498199 -0.699300
v -1.355029 0.515490 -0.680003
v -1.355479 0.509065 -0.679713
v -1.348973 0.509065 -0.670914
v -1.348564 0.515490 -0.671261
v -1.341382 0.509065 -0.663039
v -1.341022 0.515490 -0.663436
v -1.347795 0.522607 -0.671913
v -1.354181 0.522607 -0.680549
v -1.340344 0.522607 -0.664183
v -1.359401 0.522607 -0.689936
v -1.360313 0.515490 -0.689505
v -1.363356 0.522607 -0.699917
v -1.364316 0.515490 -0.699609
v -1.360798 0.509065 -0.689276
v -1.364827 0.509065 -0.699445
v -1.323643 0.499073 -0.650192
v -1.323651 0.498368 -0.650177
v -1.313557 0.498368 -0.645784
v -1.313551 0.499073 -0.645799
v -1.302982 0.498368 -0.642741
v -1.302979 0.499073 -0.642757
v -1.323638 0.498199 -0.650201
v -1.313547 0.498199 -0.645810
v -1.302976 0.498199 -0.642768
v -1.313525 0.500779 -0.645873
v -1.323608 0.500779 -0.650261
v -1.313472 0.503954 -0.646020
v -1.323536 0.503954 -0.650400
v -1.302962 0.500779 -0.642834
v -1.302929 0.503954 -0.642987
v -1.333041 0.500779 -0.655911
v -1.333086 0.499073 -0.655847
v -1.332952 0.503954 -0.656040
v -1.333095 0.498368 -0.655833
v -1.333079 0.498199 -0.655856
v -1.323176 0.515490 -0.651101
v -1.323421 0.509065 -0.650624
v -1.313387 0.509065 -0.646257
v -1.313206 0.515490 -0.646762
v -1.302876 0.509065 -0.643233
v -1.302762 0.515490 -0.643757
v -1.312866 0.522607 -0.647711
v -1.322714 0.522607 -0.651997
v -1.302549 0.522607 -0.644743
v -1.331929 0.522607 -0.657516
v -1.332503 0.515490 -0.656687
v -1.332808 0.509065 -0.656247
v -1.281090 0.499073 -0.640976
v -1.281089 0.498368 -0.640959
v -1.270150 0.498368 -0.642202
v -1.270153 0.499073 -0.642218
v -1.259471 0.498368 -0.644854
v -1.259476 0.499073 -0.644870
v -1.281090 0.498199 -0.640987
v -1.270155 0.498199 -0.642229
v -1.259480 0.498199 -0.644881
v -1.270167 0.500779 -0.642295
v -1.281093 0.500779 -0.641054
v -1.270195 0.503954 -0.642449
v -1.281101 0.503954 -0.641210
v -1.259500 0.500779 -0.644945
v -1.259548 0.503954 -0.645094
v -1.292088 0.500779 -0.641230
v -1.292095 0.499073 -0.641153
v -1.292075 0.503954 -0.641387
v -1.292096 0.498368 -0.641136
v -1.292094 0.498199 -0.641163
v -1.281139 0.515490 -0.641997
v -1.281113 0.509065 -0.641462
v -1.270240 0.509065 -0.642697
v -1.270336 0.515490 -0.643224
v -1.259625 0.509065 -0.645334
v -1.259789 0.515490 -0.645844
v -1.270516 0.522607 -0.644217
v -1.281188 0.522607 -0.643004
v -1.260097 0.522607 -0.646805
v -1.291927 0.522607 -0.643177
v -1.292010 0.515490 -0.642172
v -1.292055 0.509065 -0.641638
v -1.239629 0.499073 -0.654272
v -1.239620 0.498368 -0.654258
v -1.230768 0.498368 -0.660803
v -1.230779 0.499073 -0.660816
v -1.222846 0.498368 -0.668440
v -1.222858 0.499073 -0.668451
v -1.239635 0.498199 -0.654281
v -1.230786 0.498199 -0.660824
v -1.222867 0.498199 -0.668459
v -1.230830 0.500779 -0.660876
v -1.239671 0.500779 -0.654338
v -1.230931 0.503954 -0.660995
v -1.239756 0.503954 -0.654469
v -1.222916 0.500779 -0.668504
v -1.223032 0.503954 -0.668609
v -1.249281 0.500779 -0.648993
v -1.249248 0.499073 -0.648922
v -1.249348 0.503954 -0.649135
v -1.249241 0.498368 -0.648907
v -1.249253 0.498199 -0.648932
v -1.240183 0.515490 -0.655132
v -1.239893 0.509065 -0.654681
v -1.231094 0.509065 -0.661187
v -1.231440 0.515490 -0.661596
v -1.223219 0.509065 -0.668778
v -1.223616 0.515490 -0.669138
v -1.232092 0.522607 -0.662365
v -1.240729 0.522607 -0.655979
v -1.224363 0.522607 -0.669816
v -1.250115 0.522607 -0.650759
v -1.249685 0.515490 -0.649847
v -1.249456 0.509065 -0.649363
v -1.210371 0.499073 -0.686517
v -1.210356 0.498368 -0.686509
v -1.205963 0.498368 -0.696603
v -1.205979 0.499073 -0.696609
v -1.202921 0.498368 -0.707178
v -1.202937 0.499073 -0.707182
v -1.210381 0.498199 -0.686522
v -1.205989 0.498199 -0.696613
v -1.202948 0.498199 -0.707184
v -1.206053 0.500779 -0.696635
v -1.210441 0.500779 -0.686553
v -1.206200 0.503954 -0.696688
v -1.210580 0.503954 -0.686624
v -1.203014 0.500779 -0.707198
v -1.203166 0.503954 -0.707231
v -1.216091 0.500779 -0.677119
v -1.216027 0.499073 -0.677075
v -1.216220 0.503954 -0.677208
v -1.216013 0.498368 -0.677065
v -1.216036 0.498199 -0.677081
v -1.211281 0.515490 -0.686985
v -1.210804 0.509065 -0.686740
v -1.206437 0.509065 -0.696773
v -1.206942 0.515490 -0.696954
v -1.203413 0.509065 -0.707285
v -1.203937 0.515490 -0.707398
v -1.207891 0.522607 -0.697294
v -1.212177 0.522607 -0.687446
v -1.204923 0.522607 -0.707612
v -1.217696 0.522607 -0.678231
v -1.216867 0.515490 -0.677657
v -1.216427 0.509065 -0.677352
v -1.201156 0.499073 -0.729071
v -1.201139 0.498368 -0.729072
v -1.202382 0.498368 -0.740010
v -1.202398 0.499073 -0.740007
v -1.205034 0.498368 -0.750689
v -1.205050 0.499073 -0.750684
v -1.201167 0.498199 -0.729070
v -1.202409 0.498199 -0.740005
v -1.205060 0.498199 -0.750681
v -1.202475 0.500779 -0.739993
v -1.201234 0.500779 -0.729067
v -1.202629 0.503954 -0.739965
v -1.201390 0.503954 -0.729059
v -1.205124 0.500779 -0.750660
v -1.205274 0.503954 -0.750612
v -1.201410 0.500779 -0.718072
v -1.201332 0.499073 -0.718066
v -1.201566 0.503954 -0.718085
v -1.201316 0.498368 -0.718064
v -1.201343 0.498199 -0.718067
v -1.202177 0.515490 -0.729021
v -1.201642 0.509065 -0.729047
v -1.202877 0.509065 -0.739920
v -1.203404 0.515490 -0.739824
v -1.205513 0.509065 -0.750535
v -1.206024 0.515490 -0.750372
v -1.204397 0.522607 -0.739644
v -1.203184 0.522607 -0.728972
v -1.206984 0.522607 -0.750064
v -1.203357 0.522607 -0.718233
v -1.202352 0.515490 -0.718150
v -1.201817 0.509065 -0.718106
v -1.214452 0.499073 -0.770531
v -1.214438 0.498368 -0.770540
v -1.220983 0.498368 -0.779392
v -1.220996 0.499073 -0.779381
v -1.228620 0.498368 -0.787314
v -1.228631 0.499073 -0.787302
v -1.214461 0.498199 -0.770525
v -1.221004 0.498199 -0.779374
v -1.228638 0.498199 -0.787294
v -1.221055 0.500779 -0.779331
v -1.214518 0.500779 -0.770489
v -1.221175 0.503954 -0.779229
v -1.214649 0.503954 -0.770404
v -1.228683 0.500779 -0.787244
v -1.228789 0.503954 -0.787128
v -1.209173 0.500779 -0.760879
v -1.209102 0.499073 -0.760912
v -1.209314 0.503954 -0.760812
v -1.209087 0.498368 -0.760919
v -1.209112 0.498199 -0.760908
v -1.215312 0.515490 -0.769978
v -1.214861 0.509065 -0.770268
v -1.221367 0.509065 -0.779066
v -1.221776 0.515490 -0.778720
v -1.228958 0.509065 -0.786941
v -1.229318 0.515490 -0.786544
v -1.222545 0.522607 -0.778068
v -1.216159 0.522607 -0.769432
v -1.229996 0.522607 -0.785797
v -1.210939 0.522607 -0.760045
v -1.210027 0.515490 -0.760476
v -1.209542 0.509065 -0.760704
v -1.246697 0.499073 -0.799789
v -1.246689 0.498368 -0.799804
v -1.256783 0.498368 -0.804197
v -1.256789 0.499073 -0.804181
v -1.267358 0.498368 -0.807240
v -1.267362 0.499073 -0.807223
v -1.246702 0.498199 -0.799779
v -1.256793 0.498199 -0.804171
v -1.267364 0.498199 -0.807213
v -1.256815 0.500779 -0.804108
v -1.246732 0.500779 -0.799719
v -1.256868 0.503954 -0.803960
v -1.246804 0.503954 -0.799580
v -1.267378 0.500779 -0.807147
v -1.267411 0.503954 -0.806994
v -1.237299 0.500779 -0.794069
v -1.237254 0.499073 -0.794133
v -1.237388 0.503954 -0.793941
v -1.237245 0.498368 -0.794147
v -1.237261 0.498199 -0.794124
v -1.247164 0.515490 -0.798880
v -1.246919 0.509065 -0.799356
v -1.256953 0.509065 -0.803723
v -1.257134 0.515490 -0.803219
v -1.267465 0.509065 -0.806747
v -1.267578 0.515490 -0.806224
v -1.257474 0.522607 -0.802269
v -1.247626 0.522607 -0.797983
v -1.267792 0.522607 -0.805238
v -1.238411 0.522607 -0.792464
v -1.237837 0.515490 -0.793293
v -1.237532 0.509065 -0.793733
v -1.289251 0.499073 -0.809004
v -1.289251 0.498368 -0.809021
v -1.300190 0.498368 -0.807779
v -1.300187 0.499073 -0.807762
v -1.310869 0.498368 -0.805126
v -1.310864 0.499073 -0.805110
v -1.289250 0.498199 -0.808994
v -1.300185 0.498199 -0.807751
v -1.310861 0.498199 -0.805100
v -1.300173 0.500779 -0.807685
v -1.289247 0.500779 -0.808926
v -1.300145 0.503954 -0.807531
v -1.289239 0.503954 -0.808770
v -1.310840 0.500779 -0.805036
v -1.310792 0.503954 -0.804887
v -1.278252 0.500779 -0.808750
v -1.278245 0.499073 -0.808828
v -1.278265 0.503954 -0.808594
v -1.278244 0.498368 -0.808845
v -1.278246 0.498199 -0.808817
v -1.289201 0.515490 -0.807983
v -1.289227 0.509065 -0.808518
v -1.300100 0.509065 -0.807283
v -1.300004 0.515490 -0.806756
v -1.310715 0.509065 -0.804647
v -1.310552 0.515490 -0.804136
v -1.299824 0.522607 -0.805764
v -1.289152 0.522607 -0.806976
v -1.310244 0.522607 -0.803176
v -1.278413 0.522607 -0.806804
v -1.278330 0.515490 -0.807809
v -1.278286 0.509065 -0.808343
v -1.330711 0.499073 -0.795708
v -1.330720 0.498368 -0.795722
v -1.339572 0.498368 -0.789177
v -1.339561 0.499073 -0.789164
v -1.347494 0.498368 -0.781541
v -1.347482 0.499073 -0.781529
v -1.330705 0.498199 -0.795699
v -1.339554 0.498199 -0.789156
v -1.347474 0.498199 -0.781522
v -1.339510 0.500779 -0.789105
v -1.330669 0.500779 -0.795643
v -1.339409 0.503954 -0.788985
v -1.330584 0.503954 -0.795511
v -1.347424 0.500779 -0.781477
v -1.347308 0.503954 -0.781372
v -1.321059 0.500779 -0.800987
v -1.321092 0.499073 -0.801058
v -1.310840 0.500779 -0.805036
v -1.310864 0.499073 -0.805110
v -1.320992 0.503954 -0.800846
v -1.310792 0.503954 -0.804887
v -1.321099 0.498368 -0.801073
v -1.321087 0.498199 -0.801048
v -1.310869 0.498368 -0.805126
v -1.310861 0.498199 -0.805100
v -1.330157 0.515490 -0.794849
v -1.330448 0.509065 -0.795299
v -1.339246 0.509065 -0.788793
v -1.338900 0.515490 -0.788384
v -1.347121 0.509065 -0.781202
v -1.346724 0.515490 -0.780842
v -1.338248 0.522607 -0.787615
v -1.329612 0.522607 -0.794001
v -1.345977 0.522607 -0.780164
v -1.320225 0.522607 -0.799221
v -1.320655 0.515490 -0.800133
v -1.310244 0.522607 -0.803176
v -1.310552 0.515490 -0.804136
v -1.320884 0.509065 -0.800618
v -1.310715 0.509065 -0.804647
v -1.359969 0.499073 -0.763463
v -1.359984 0.498368 -0.763471
v -1.364377 0.498368 -0.753377
v -1.364361 0.499073 -0.753371
v -1.367419 0.498368 -0.742802
v -1.367403 0.499073 -0.742799
v -1.359959 0.498199 -0.763458
v -1.364351 0.498199 -0.753368
v -1.367392 0.498199 -0.742796
v -1.364287 0.500779 -0.753345
v -1.359899 0.500779 -0.763428
v -1.364140 0.503954 -0.753292
v -1.359760 0.503954 -0.763356
v -1.367327 0.500779 -0.742782
v -1.367174 0.503954 -0.742749
v -1.354249 0.500779 -0.772861
v -1.354313 0.499073 -0.772906
v -1.354120 0.503954 -0.772772
v -1.354327 0.498368 -0.772915
v -1.354304 0.498199 -0.772900
v -1.359060 0.515490 -0.762996
v -1.359536 0.509065 -0.763241
v -1.363903 0.509065 -0.753207
v -1.363398 0.515490 -0.753026
v -1.366927 0.509065 -0.742696
v -1.366403 0.515490 -0.742582
v -1.362449 0.522607 -0.752686
v -1.358163 0.522607 -0.762535
v -1.365418 0.522607 -0.742369
v -1.352644 0.522607 -0.771749
v -1.353473 0.515490 -0.772323
v -1.353913 0.509065 -0.772629
v -1.369184 0.499073 -0.720910
v -1.369201 0.498368 -0.720909
v -1.367958 0.498368 -0.709971
v -1.367942 0.499073 -0.709974
v -1.369173 0.498199 -0.720910
v -1.367931 0.498199 -0.709975
v -1.367865 0.500779 -0.709987
v -1.369106 0.500779 -0.720913
v -1.367711 0.503954 -0.710015
v -1.368950 0.503954 -0.720921
v -1.368930 0.500779 -0.731908
v -1.369008 0.499073 -0.731915
v -1.368774 0.503954 -0.731896
v -1.369024 0.498368 -0.731916
v -1.368997 0.498199 -0.731914
v -1.368163 0.515490 -0.720959
v -1.368698 0.509065 -0.720933
v -1.367463 0.509065 -0.710060
v -1.366936 0.515490 -0.710156
v -1.365944 0.522607 -0.710336
v -1.367156 0.522607 -0.721008
v -1.366984 0.522607 -0.731748
v -1.367989 0.515490 -0.731831
v -1.368523 0.509065 -0.731875
v -1.368433 0.498049 -0.720946
v -1.368356 0.498107 -0.720950
v -1.367126 0.498107 -0.710122
v -1.367202 0.498049 -0.710108
v -1.364500 0.498107 -0.699550
v -1.364574 0.498049 -0.699526
v -1.368291 0.498224 -0.720953
v -1.367062 0.498224 -0.710133
v -1.364438 0.498224 -0.699570
v -1.367284 0.498029 -0.710093
v -1.368516 0.498029 -0.720942
v -1.367365 0.498029 -0.710078
v -1.368598 0.498029 -0.720938
v -1.364653 0.498029 -0.699501
v -1.364731 0.498029 -0.699476
v -1.368341 0.498029 -0.731860
v -1.368258 0.498049 -0.731853
v -1.366749 0.498029 -0.742657
v -1.366668 0.498049 -0.742640
v -1.368423 0.498029 -0.731866
v -1.366829 0.498029 -0.742674
v -1.368181 0.498107 -0.731847
v -1.368116 0.498224 -0.731841
v -1.366592 0.498107 -0.742623
v -1.366528 0.498224 -0.742609
v -1.359300 0.498049 -0.763120
v -1.359231 0.498107 -0.763084
v -1.363580 0.498107 -0.753091
v -1.363653 0.498049 -0.753118
v -1.359173 0.498224 -0.763054
v -1.363519 0.498224 -0.753069
v -1.363732 0.498029 -0.753146
v -1.359374 0.498029 -0.763158
v -1.363809 0.498029 -0.753173
v -1.359447 0.498029 -0.763195
v -1.353764 0.498029 -0.772525
v -1.353695 0.498049 -0.772478
v -1.346986 0.498029 -0.781080
v -1.346925 0.498049 -0.781024
v -1.353831 0.498029 -0.772572
v -1.347047 0.498029 -0.781135
v -1.353631 0.498107 -0.772433
v -1.353578 0.498224 -0.772396
v -1.346867 0.498107 -0.780972
v -1.346819 0.498224 -0.780928
v -1.330304 0.498049 -0.795076
v -1.330262 0.498107 -0.795011
v -1.339024 0.498107 -0.788532
v -1.339075 0.498049 -0.788591
v -1.330227 0.498224 -0.794956
v -1.338982 0.498224 -0.788482
v -1.339129 0.498029 -0.788654
v -1.330349 0.498029 -0.795146
v -1.339181 0.498029 -0.788717
v -1.330393 0.498029 -0.795215
v -1.320807 0.498029 -0.800453
v -1.320771 0.498049 -0.800378
v -1.310660 0.498029 -0.804473
v -1.310634 0.498049 -0.804394
v -1.320841 0.498029 -0.800527
v -1.310685 0.498029 -0.804551
v -1.320738 0.498107 -0.800308
v -1.320710 0.498224 -0.800249
v -1.310611 0.498107 -0.804320
v -1.310591 0.498224 -0.804258
v -1.289214 0.498049 -0.808253
v -1.289210 0.498107 -0.808176
v -1.300039 0.498107 -0.806946
v -1.300053 0.498049 -0.807022
v -1.310611 0.498107 -0.804320
v -1.310634 0.498049 -0.804394
v -1.289207 0.498224 -0.808111
v -1.300027 0.498224 -0.806882
v -1.310591 0.498224 -0.804258
v -1.300067 0.498029 -0.807104
v -1.289218 0.498029 -0.808337
v -1.300082 0.498029 -0.807185
v -1.289222 0.498029 -0.808418
v -1.310660 0.498029 -0.804473
v -1.310685 0.498029 -0.804551
v -1.278301 0.498029 -0.808161
v -1.278307 0.498049 -0.808078
v -1.267503 0.498029 -0.806570
v -1.267521 0.498049 -0.806488
v -1.278294 0.498029 -0.808243
v -1.267486 0.498029 -0.806649
v -1.278314 0.498107 -0.808001
v -1.278319 0.498224 -0.807936
v -1.267537 0.498107 -0.806412
v -1.267551 0.498224 -0.806349
v -1.247041 0.498049 -0.799120
v -1.247076 0.498107 -0.799051
v -1.257069 0.498107 -0.803400
v -1.257043 0.498049 -0.803473
v -1.247106 0.498224 -0.798993
v -1.257091 0.498224 -0.803339
v -1.257015 0.498029 -0.803552
v -1.247003 0.498029 -0.799194
v -1.256987 0.498029 -0.803629
v -1.246965 0.498029 -0.799267
v -1.237635 0.498029 -0.793584
v -1.237683 0.498049 -0.793515
v -1.229080 0.498029 -0.786807
v -1.229136 0.498049 -0.786745
v -1.237589 0.498029 -0.793651
v -1.229025 0.498029 -0.786867
v -1.237727 0.498107 -0.793451
v -1.237764 0.498224 -0.793398
v -1.229189 0.498107 -0.786687
v -1.229232 0.498224 -0.786639
v -1.215084 0.498049 -0.770124
v -1.215149 0.498107 -0.770082
v -1.221629 0.498107 -0.778845
v -1.221569 0.498049 -0.778895
v -1.215204 0.498224 -0.770047
v -1.221678 0.498224 -0.778803
v -1.221506 0.498029 -0.778949
v -1.215014 0.498029 -0.770169
v -1.221444 0.498029 -0.779002
v -1.214945 0.498029 -0.770213
v -1.209707 0.498029 -0.760627
v -1.209782 0.498049 -0.760591
v -1.205687 0.498029 -0.750480
v -1.205766 0.498049 -0.750454
v -1.209633 0.498029 -0.760662
v -1.205609 0.498029 -0.750505
v -1.209853 0.498107 -0.760558
v -1.209911 0.498224 -0.760530
v -1.205840 0.498107 -0.750431
v -1.205902 0.498224 -0.750411
v -1.201907 0.498049 -0.729034
v -1.201985 0.498107 -0.729030
v -1.203215 0.498107 -0.739859
v -1.203138 0.498049 -0.739873
v -1.202049 0.498224 -0.729027
v -1.203279 0.498224 -0.739847
v -1.203056 0.498029 -0.739888
v -1.201824 0.498029 -0.729038
v -1.202976 0.498029 -0.739902
v -1.201742 0.498029 -0.729042
v -1.201999 0.498029 -0.718121
v -1.202082 0.498049 -0.718128
v -1.203591 0.498029 -0.707323
v -1.203672 0.498049 -0.707341
v -1.201917 0.498029 -0.718114
v -1.203511 0.498029 -0.707306
v -1.202159 0.498107 -0.718134
v -1.202224 0.498224 -0.718139
v -1.203748 0.498107 -0.707357
v -1.203812 0.498224 -0.707371
v -1.211040 0.498049 -0.686861
v -1.211109 0.498107 -0.686896
v -1.206760 0.498107 -0.696889
v -1.206687 0.498049 -0.696863
v -1.211167 0.498224 -0.686926
v -1.206821 0.498224 -0.696911
v -1.206609 0.498029 -0.696835
v -1.210966 0.498029 -0.686823
v -1.206532 0.498029 -0.696807
v -1.210893 0.498029 -0.686785
v -1.216576 0.498029 -0.677455
v -1.216645 0.498049 -0.677503
v -1.223354 0.498029 -0.668901
v -1.223415 0.498049 -0.668957
v -1.216509 0.498029 -0.677409
v -1.223293 0.498029 -0.668846
v -1.216709 0.498107 -0.677547
v -1.216762 0.498224 -0.677584
v -1.223473 0.498107 -0.669009
v -1.223521 0.498224 -0.669053
v -1.240036 0.498049 -0.654904
v -1.240078 0.498107 -0.654970
v -1.231316 0.498107 -0.661449
v -1.231265 0.498049 -0.661390
v -1.240113 0.498224 -0.655024
v -1.231358 0.498224 -0.661499
v -1.231212 0.498029 -0.661326
v -1.239991 0.498029 -0.654834
v -1.231159 0.498029 -0.661264
v -1.239947 0.498029 -0.654765
v -1.249534 0.498029 -0.649527
v -1.249569 0.498049 -0.649602
v -1.259680 0.498029 -0.645507
v -1.259706 0.498049 -0.645586
v -1.249499 0.498029 -0.649453
v -1.259655 0.498029 -0.645429
v -1.249602 0.498107 -0.649673
v -1.249630 0.498224 -0.649732
v -1.259730 0.498107 -0.645660
v -1.259749 0.498224 -0.645722
v -1.281126 0.498049 -0.641727
v -1.281130 0.498107 -0.641805
v -1.270301 0.498107 -0.643035
v -1.270288 0.498049 -0.642958
v -1.281133 0.498224 -0.641870
v -1.270313 0.498224 -0.643099
v -1.270273 0.498029 -0.642876
v -1.281122 0.498029 -0.641644
v -1.270258 0.498029 -0.642796
v -1.281118 0.498029 -0.641562
v -1.292040 0.498029 -0.641819
v -1.292033 0.498049 -0.641902
v -1.302837 0.498029 -0.643411
v -1.302819 0.498049 -0.643492
v -1.292046 0.498029 -0.641738
v -1.302854 0.498029 -0.643331
v -1.292026 0.498107 -0.641980
v -1.292021 0.498224 -0.642044
v -1.302803 0.498107 -0.643568
v -1.302789 0.498224 -0.643632
v -1.323299 0.498049 -0.650860
v -1.323264 0.498107 -0.650929
v -1.313271 0.498107 -0.646580
v -1.313298 0.498049 -0.646507
v -1.323234 0.498224 -0.650987
v -1.313249 0.498224 -0.646642
v -1.313326 0.498029 -0.646429
v -1.323338 0.498029 -0.650786
v -1.313353 0.498029 -0.646352
v -1.323375 0.498029 -0.650713
v -1.332705 0.498029 -0.656397
v -1.332657 0.498049 -0.656465
v -1.341260 0.498029 -0.663174
v -1.341204 0.498049 -0.663236
v -1.332751 0.498029 -0.656329
v -1.341315 0.498029 -0.663113
v -1.332613 0.498107 -0.656529
v -1.332576 0.498224 -0.656582
v -1.341151 0.498107 -0.663293
v -1.341108 0.498224 -0.663341
v -1.355256 0.498049 -0.679856
v -1.355191 0.498107 -0.679898
v -1.348711 0.498107 -0.671136
v -1.348771 0.498049 -0.671086
v -1.355136 0.498224 -0.679934
v -1.348662 0.498224 -0.671178
v -1.348834 0.498029 -0.671032
v -1.355326 0.498029 -0.679811
v -1.348897 0.498029 -0.670979
v -1.355395 0.498029 -0.679767
v -1.360633 0.498029 -0.689354
v -1.360558 0.498049 -0.689389
v -1.360707 0.498029 -0.689319
v -1.360488 0.498107 -0.689423
v -1.360429 0.498224 -0.689450
v -1.368739 0.498029 -0.720931
v -1.368671 0.498029 -0.720935
v -1.367436 0.498029 -0.710065
v -1.367504 0.498029 -0.710053
v -1.364800 0.498029 -0.699453
v -1.364866 0.498029 -0.699432
v -1.367571 0.498029 -0.710041
v -1.368808 0.498029 -0.720928
v -1.367643 0.498029 -0.710028
v -1.368881 0.498029 -0.720924
v -1.364931 0.498029 -0.699412
v -1.365001 0.498029 -0.699389
v -1.368632 0.498029 -0.731884
v -1.368564 0.498029 -0.731878
v -1.367035 0.498029 -0.742719
v -1.366967 0.498029 -0.742704
v -1.368705 0.498029 -0.731890
v -1.367106 0.498029 -0.742734
v -1.368495 0.498029 -0.731872
v -1.366900 0.498029 -0.742690
v -1.369045 0.498046 -0.720916
v -1.368963 0.498029 -0.720920
v -1.367724 0.498029 -0.710013
v -1.367805 0.498046 -0.709998
v -1.365079 0.498029 -0.699364
v -1.365158 0.498046 -0.699339
v -1.367877 0.498097 -0.709985
v -1.369118 0.498097 -0.720913
v -1.365227 0.498097 -0.699316
v -1.368942 0.498097 -0.731909
v -1.368869 0.498046 -0.731903
v -1.367339 0.498097 -0.742785
v -1.367267 0.498046 -0.742769
v -1.368787 0.498029 -0.731897
v -1.367187 0.498029 -0.742752
v -1.359573 0.498029 -0.763260
v -1.359512 0.498029 -0.763228
v -1.363877 0.498029 -0.753198
v -1.363942 0.498029 -0.753221
v -1.364006 0.498029 -0.753244
v -1.359634 0.498029 -0.763291
v -1.364075 0.498029 -0.753269
v -1.359699 0.498029 -0.763325
v -1.354003 0.498029 -0.772691
v -1.353947 0.498029 -0.772652
v -1.347202 0.498029 -0.781276
v -1.347152 0.498029 -0.781230
v -1.354064 0.498029 -0.772733
v -1.347257 0.498029 -0.781325
v -1.353891 0.498029 -0.772613
v -1.347101 0.498029 -0.781184
v -1.359845 0.498046 -0.763400
v -1.359772 0.498029 -0.763362
v -1.364153 0.498029 -0.753297
v -1.364230 0.498046 -0.753324
v -1.364299 0.498097 -0.753349
v -1.359910 0.498097 -0.763433
v -1.354259 0.498097 -0.772868
v -1.354199 0.498046 -0.772827
v -1.347433 0.498097 -0.781485
v -1.347379 0.498046 -0.781436
v -1.354131 0.498029 -0.772780
v -1.347318 0.498029 -0.781381
v -1.330470 0.498029 -0.795334
v -1.330433 0.498029 -0.795276
v -1.339229 0.498029 -0.788772
v -1.339273 0.498029 -0.788825
v -1.339317 0.498029 -0.788877
v -1.330507 0.498029 -0.795392
v -1.339365 0.498029 -0.788933
v -1.330547 0.498029 -0.795453
v -1.320931 0.498029 -0.800717
v -1.320902 0.498029 -0.800655
v -1.310749 0.498029 -0.804751
v -1.310728 0.498029 -0.804686
v -1.320962 0.498029 -0.800783
v -1.310771 0.498029 -0.804821
v -1.320873 0.498029 -0.800593
v -1.310707 0.498029 -0.804621
v -1.330636 0.498046 -0.795592
v -1.330591 0.498029 -0.795522
v -1.339418 0.498029 -0.788996
v -1.339471 0.498046 -0.789058
v -1.339518 0.498097 -0.789114
v -1.330675 0.498097 -0.795653
v -1.321064 0.498097 -0.800998
v -1.321033 0.498046 -0.800932
v -1.310844 0.498097 -0.805048
v -1.310822 0.498046 -0.804978
v -1.320997 0.498029 -0.800858
v -1.310796 0.498029 -0.804899
v -1.289229 0.498029 -0.808559
v -1.289226 0.498029 -0.808491
v -1.300095 0.498029 -0.807256
v -1.300107 0.498029 -0.807324
v -1.310707 0.498029 -0.804621
v -1.310728 0.498029 -0.804686
v -1.300120 0.498029 -0.807391
v -1.289232 0.498029 -0.808628
v -1.300133 0.498029 -0.807463
v -1.289236 0.498029 -0.808701
v -1.310749 0.498029 -0.804751
v -1.310771 0.498029 -0.804821
v -1.278277 0.498029 -0.808452
v -1.278282 0.498029 -0.808384
v -1.267441 0.498029 -0.806855
v -1.267456 0.498029 -0.806788
v -1.278270 0.498029 -0.808525
v -1.267426 0.498029 -0.806926
v -1.278288 0.498029 -0.808315
v -1.267470 0.498029 -0.806721
v -1.289244 0.498046 -0.808866
v -1.289240 0.498029 -0.808783
v -1.300147 0.498029 -0.807544
v -1.300162 0.498046 -0.807625
v -1.310796 0.498029 -0.804899
v -1.310822 0.498046 -0.804978
v -1.300175 0.498097 -0.807697
v -1.289247 0.498097 -0.808939
v -1.310844 0.498097 -0.805048
v -1.278251 0.498097 -0.808762
v -1.278257 0.498046 -0.808689
v -1.267375 0.498097 -0.807159
v -1.267391 0.498046 -0.807087
v -1.278264 0.498029 -0.808607
v -1.267408 0.498029 -0.807007
v -1.246901 0.498029 -0.799393
v -1.246932 0.498029 -0.799332
v -1.256962 0.498029 -0.803697
v -1.256939 0.498029 -0.803762
v -1.256916 0.498029 -0.803826
v -1.246869 0.498029 -0.799454
v -1.256891 0.498029 -0.803895
v -1.246836 0.498029 -0.799519
v -1.237469 0.498029 -0.793824
v -1.237508 0.498029 -0.793767
v -1.228884 0.498029 -0.787023
v -1.228930 0.498029 -0.786972
v -1.237427 0.498029 -0.793884
v -1.228835 0.498029 -0.787077
v -1.237547 0.498029 -0.793711
v -1.228976 0.498029 -0.786921
v -1.246760 0.498046 -0.799665
v -1.246798 0.498029 -0.799592
v -1.256864 0.498029 -0.803973
v -1.256836 0.498046 -0.804050
v -1.256811 0.498097 -0.804119
v -1.246727 0.498097 -0.799730
v -1.237292 0.498097 -0.794079
v -1.237334 0.498046 -0.794019
v -1.228675 0.498097 -0.787253
v -1.228724 0.498046 -0.787199
v -1.237381 0.498029 -0.793952
v -1.228780 0.498029 -0.787138
v -1.214826 0.498029 -0.770290
v -1.214884 0.498029 -0.770253
v -1.221388 0.498029 -0.779049
v -1.221336 0.498029 -0.779093
v -1.221283 0.498029 -0.779137
v -1.214769 0.498029 -0.770327
v -1.221228 0.498029 -0.779185
v -1.214707 0.498029 -0.770367
v -1.209443 0.498029 -0.760751
v -1.209505 0.498029 -0.760722
v -1.205409 0.498029 -0.750569
v -1.205474 0.498029 -0.750548
v -1.209377 0.498029 -0.760782
v -1.205339 0.498029 -0.750591
v -1.209567 0.498029 -0.760693
v -1.205540 0.498029 -0.750527
v -1.214569 0.498046 -0.770456
v -1.214638 0.498029 -0.770411
v -1.221165 0.498029 -0.779238
v -1.221102 0.498046 -0.779291
v -1.221046 0.498097 -0.779338
v -1.214507 0.498097 -0.770496
v -1.209162 0.498097 -0.760884
v -1.209228 0.498046 -0.760853
v -1.205113 0.498097 -0.750664
v -1.205182 0.498046 -0.750642
v -1.209302 0.498029 -0.760818
v -1.205261 0.498029 -0.750616
v -1.201601 0.498029 -0.729049
v -1.201669 0.498029 -0.729046
v -1.202904 0.498029 -0.739915
v -1.202837 0.498029 -0.739927
v -1.202769 0.498029 -0.739940
v -1.201532 0.498029 -0.729052
v -1.202697 0.498029 -0.739953
v -1.201459 0.498029 -0.729056
v -1.201708 0.498029 -0.718097
v -1.201777 0.498029 -0.718102
v -1.203306 0.498029 -0.707262
v -1.203373 0.498029 -0.707276
v -1.201635 0.498029 -0.718091
v -1.203234 0.498029 -0.707246
v -1.201845 0.498029 -0.718108
v -1.203440 0.498029 -0.707291
v -1.201295 0.498046 -0.729064
v -1.201377 0.498029 -0.729060
v -1.202616 0.498029 -0.739967
v -1.202535 0.498046 -0.739982
v -1.202463 0.498097 -0.739995
v -1.201222 0.498097 -0.729068
v -1.201398 0.498097 -0.718071
v -1.201471 0.498046 -0.718077
v -1.203001 0.498097 -0.707196
v -1.203073 0.498046 -0.707211
v -1.201553 0.498029 -0.718084
v -1.203153 0.498029 -0.707229
v -1.210768 0.498029 -0.686721
v -1.210829 0.498029 -0.686752
v -1.206463 0.498029 -0.696783
v -1.206399 0.498029 -0.696759
v -1.206334 0.498029 -0.696736
v -1.210706 0.498029 -0.686689
v -1.206265 0.498029 -0.696712
v -1.210641 0.498029 -0.686656
v -1.216337 0.498029 -0.677289
v -1.216393 0.498029 -0.677328
v -1.223138 0.498029 -0.668705
v -1.223189 0.498029 -0.668751
v -1.216276 0.498029 -0.677248
v -1.223083 0.498029 -0.668655
v -1.216449 0.498029 -0.677367
v -1.223239 0.498029 -0.668797
v -1.210495 0.498046 -0.686581
v -1.210568 0.498029 -0.686618
v -1.206187 0.498029 -0.696684
v -1.206110 0.498046 -0.696656
v -1.206041 0.498097 -0.696631
v -1.210430 0.498097 -0.686547
v -1.216081 0.498097 -0.677112
v -1.216141 0.498046 -0.677154
v -1.222907 0.498097 -0.668495
v -1.222961 0.498046 -0.668545
v -1.216209 0.498029 -0.677201
v -1.223022 0.498029 -0.668600
v -1.239870 0.498029 -0.654647
v -1.239907 0.498029 -0.654704
v -1.231112 0.498029 -0.661208
v -1.231067 0.498029 -0.661156
v -1.231023 0.498029 -0.661104
v -1.239833 0.498029 -0.654589
v -1.230976 0.498029 -0.661048
v -1.239794 0.498029 -0.654527
v -1.249409 0.498029 -0.649263
v -1.249438 0.498029 -0.649325
v -1.259591 0.498029 -0.645229
v -1.259612 0.498029 -0.645295
v -1.249378 0.498029 -0.649197
v -1.259569 0.498029 -0.645159
v -1.249468 0.498029 -0.649387
v -1.259633 0.498029 -0.645360
v -1.239704 0.498046 -0.654389
v -1.239749 0.498029 -0.654458
v -1.230922 0.498029 -0.660985
v -1.230869 0.498046 -0.660922
v -1.230822 0.498097 -0.660866
v -1.239665 0.498097 -0.654327
v -1.249276 0.498097 -0.648982
v -1.249308 0.498046 -0.649048
v -1.259496 0.498097 -0.644933
v -1.259519 0.498046 -0.645003
v -1.249343 0.498029 -0.649123
v -1.259544 0.498029 -0.645081
v -1.281111 0.498029 -0.641421
v -1.281114 0.498029 -0.641490
v -1.270245 0.498029 -0.642724
v -1.270233 0.498029 -0.642657
v -1.270221 0.498029 -0.642589
v -1.281108 0.498029 -0.641352
v -1.270208 0.498029 -0.642517
v -1.281104 0.498029 -0.641279
v -1.292064 0.498029 -0.641528
v -1.292058 0.498029 -0.641597
v -1.302899 0.498029 -0.643126
v -1.302884 0.498029 -0.643193
v -1.292070 0.498029 -0.641455
v -1.302914 0.498029 -0.643054
v -1.292052 0.498029 -0.641665
v -1.302870 0.498029 -0.643260
v -1.281096 0.498046 -0.641115
v -1.281100 0.498029 -0.641197
v -1.270193 0.498029 -0.642436
v -1.270178 0.498046 -0.642355
v -1.270165 0.498097 -0.642283
v -1.281093 0.498097 -0.641042
v -1.292089 0.498097 -0.641218
v -1.292083 0.498046 -0.641291
v -1.302965 0.498097 -0.642822
v -1.302949 0.498046 -0.642893
v -1.292076 0.498029 -0.641373
v -1.302932 0.498029 -0.642974
v -1.323439 0.498029 -0.650588
v -1.323408 0.498029 -0.650649
v -1.313378 0.498029 -0.646283
v -1.313401 0.498029 -0.646219
v -1.313424 0.498029 -0.646154
v -1.323471 0.498029 -0.650527
v -1.313449 0.498029 -0.646085
v -1.323504 0.498029 -0.650462
v -1.332871 0.498029 -0.656157
v -1.332832 0.498029 -0.656213
v -1.341456 0.498029 -0.662958
v -1.341410 0.498029 -0.663009
v -1.332913 0.498029 -0.656097
v -1.341505 0.498029 -0.662904
v -1.332793 0.498029 -0.656270
v -1.341364 0.498029 -0.663059
v -1.323580 0.498046 -0.650315
v -1.323542 0.498029 -0.650388
v -1.313476 0.498029 -0.646008
v -1.313504 0.498046 -0.645930
v -1.313529 0.498097 -0.645861
v -1.323613 0.498097 -0.650250
v -1.333048 0.498097 -0.655901
v -1.333007 0.498046 -0.655961
v -1.341665 0.498097 -0.662727
v -1.341616 0.498046 -0.662782
v -1.332960 0.498029 -0.656029
v -1.341560 0.498029 -0.662843
v -1.355514 0.498029 -0.679690
v -1.355456 0.498029 -0.679728
v -1.348952 0.498029 -0.670932
v -1.349004 0.498029 -0.670887
v -1.349057 0.498029 -0.670843
v -1.355571 0.498029 -0.679653
v -1.349113 0.498029 -0.670796
v -1.355633 0.498029 -0.679614
v -1.360897 0.498029 -0.689229
v -1.360835 0.498029 -0.689259
v -1.360963 0.498029 -0.689198
v -1.360773 0.498029 -0.689288
v -1.355771 0.498046 -0.679525
v -1.355702 0.498029 -0.679569
v -1.349175 0.498029 -0.670743
v -1.349238 0.498046 -0.670689
v -1.349294 0.498097 -0.670642
v -1.355833 0.498097 -0.679485
v -1.361178 0.498097 -0.689096
v -1.361112 0.498046 -0.689128
v -1.361038 0.498029 -0.689163
vn -0.824600 0.564300 0.040000
vn -0.822800 0.564300 -0.067000
vn -0.902300 0.424800 -0.073400
vn -0.904200 0.424800 0.043900
vn -0.953700 0.290400 -0.077600
vn -0.955800 0.290300 0.046400
vn -0.806800 0.564400 -0.174700
vn -0.884700 0.424800 -0.191600
vn -0.935200 0.290400 -0.202500
vn -0.890900 0.424800 0.160500
vn -0.812400 0.564300 0.146400
vn -0.862000 0.424800 0.276400
vn -0.786100 0.564300 0.252100
vn -0.941700 0.290400 0.169700
vn -0.911200 0.290400 0.292200
vn -0.707900 0.694700 0.127500
vn -0.718400 0.694700 0.034900
vn -0.586400 0.803100 0.105700
vn -0.595100 0.803100 0.028900
vn -0.684900 0.694700 0.219600
vn -0.567300 0.803100 0.181900
vn -0.716900 0.694700 -0.058300
vn -0.703000 0.694700 -0.152200
vn -0.593900 0.803100 -0.048300
vn -0.582300 0.803100 -0.126100
vn -0.734100 0.564300 -0.377600
vn -0.679100 0.564300 -0.469400
vn -0.744700 0.424800 -0.514700
vn -0.805000 0.424800 -0.414100
vn -0.787200 0.290400 -0.544100
vn -0.850900 0.290400 -0.437700
vn -0.611300 0.564400 -0.554700
vn -0.670400 0.424800 -0.608300
vn -0.708600 0.290400 -0.643000
vn -0.851800 0.424800 -0.306400
vn -0.776800 0.564300 -0.279400
vn -0.900400 0.290400 -0.323900
vn -0.676800 0.694700 -0.243500
vn -0.639600 0.694700 -0.329000
vn -0.560600 0.803100 -0.201700
vn -0.529900 0.803100 -0.272500
vn -0.591700 0.694700 -0.409000
vn -0.532700 0.694700 -0.483300
vn -0.490100 0.803100 -0.338800
vn -0.441200 0.803100 -0.400300
vn -0.447000 0.564300 -0.694100
vn -0.353400 0.564300 -0.746100
vn -0.387500 0.424800 -0.818100
vn -0.490100 0.424800 -0.761100
vn -0.409600 0.290400 -0.864800
vn -0.518100 0.290300 -0.804500
vn -0.252100 0.564400 -0.786100
vn -0.276400 0.424800 -0.862000
vn -0.292200 0.290400 -0.911200
vn -0.584500 0.424800 -0.691300
vn -0.533000 0.564300 -0.630400
vn -0.617800 0.290400 -0.730700
vn -0.464400 0.694700 -0.549300
vn -0.389400 0.694700 -0.604800
vn -0.384700 0.803100 -0.455000
vn -0.322600 0.803100 -0.501000
vn -0.307900 0.694700 -0.650000
vn -0.219600 0.694700 -0.684900
vn -0.255100 0.803100 -0.538400
vn -0.181900 0.803100 -0.567300
vn -0.040000 0.564300 -0.824600
vn 0.067000 0.564300 -0.822800
vn 0.073400 0.424800 -0.902300
vn -0.043900 0.424800 -0.904200
vn 0.077600 0.290400 -0.953700
vn -0.046400 0.290300 -0.955800
vn 0.174700 0.564400 -0.806800
vn 0.191600 0.424800 -0.884700
vn 0.202500 0.290400 -0.935200
vn -0.160500 0.424800 -0.890900
vn -0.146400 0.564300 -0.812400
vn -0.276400 0.424800 -0.862000
vn -0.252100 0.564400 -0.786100
vn -0.169700 0.290400 -0.941700
vn -0.292200 0.290400 -0.911200
vn -0.127500 0.694700 -0.707900
vn -0.034900 0.694700 -0.718500
vn -0.105700 0.803100 -0.586400
vn -0.028900 0.803100 -0.595100
vn -0.219600 0.694700 -0.684900
vn -0.181900 0.803100 -0.567300
vn 0.058300 0.694700 -0.716900
vn 0.152200 0.694700 -0.703000
vn 0.048300 0.803100 -0.593900
vn 0.126100 0.803100 -0.582300
vn 0.377600 0.564300 -0.734100
vn 0.469400 0.564300 -0.679100
vn 0.514700 0.424800 -0.744700
vn 0.414100 0.424800 -0.805000
vn 0.544100 0.290400 -0.787200
vn 0.437700 0.290300 -0.850900
vn 0.554700 0.564400 -0.611300
vn 0.608300 0.424800 -0.670400
vn 0.643000 0.290400 -0.708600
vn 0.306400 0.424800 -0.851800
vn 0.279400 0.564300 -0.776800
vn 0.323900 0.290400 -0.900400
vn 0.243500 0.694700 -0.676800
vn 0.329000 0.694700 -0.639600
vn 0.201700 0.803100 -0.560700
vn 0.272500 0.803100 -0.529900
vn 0.409000 0.694700 -0.591700
vn 0.483300 0.694700 -0.532700
vn 0.338800 0.803100 -0.490100
vn 0.400300 0.803100 -0.441200
vn 0.694100 0.564300 -0.446900
vn 0.746100 0.564300 -0.353400
vn 0.818100 0.424800 -0.387500
vn 0.761100 0.424800 -0.490100
vn 0.864800 0.290400 -0.409600
vn 0.804500 0.290300 -0.518100
vn 0.786100 0.564400 -0.252100
vn 0.862000 0.424800 -0.276400
vn 0.911200 0.290400 -0.292200
vn 0.691300 0.424800 -0.584500
vn 0.630400 0.564300 -0.533000
vn 0.730700 0.290400 -0.617800
vn 0.549300 0.694700 -0.464400
vn 0.604800 0.694700 -0.389400
vn 0.455000 0.803100 -0.384700
vn 0.501000 0.803100 -0.322600
vn 0.650000 0.694700 -0.307900
vn 0.684900 0.694700 -0.219600
vn 0.538500 0.803100 -0.255100
vn 0.567300 0.803100 -0.181900
vn 0.824600 0.564300 -0.040000
vn 0.822800 0.564300 0.067000
vn 0.902300 0.424800 0.073400
vn 0.904200 0.424800 -0.043900
vn 0.953700 0.290400 0.077600
vn 0.955800 0.290400 -0.046400
vn 0.806800 0.564400 0.174700
vn 0.884700 0.424800 0.191600
vn 0.935200 0.290400 0.202500
vn 0.890900 0.424800 -0.160500
vn 0.812400 0.564300 -0.146400
vn 0.941700 0.290400 -0.169700
vn 0.707900 0.694700 -0.127500
vn 0.718400 0.694700 -0.034900
vn 0.586400 0.803100 -0.105700
vn 0.595100 0.803100 -0.028900
vn 0.716900 0.694700 0.058400
vn 0.703000 0.694700 0.152200
vn 0.593900 0.803100 0.048300
vn 0.582300 0.803100 0.126100
vn 0.734100 0.564300 0.377600
vn 0.679100 0.564300 0.469400
vn 0.744700 0.424800 0.514700
vn 0.805000 0.424800 0.414100
vn 0.787200 0.290400 0.544100
vn 0.850900 0.290300 0.437700
vn 0.611300 0.564400 0.554700
vn 0.670400 0.424800 0.608300
vn 0.708600 0.290400 0.643000
vn 0.851800 0.424800 0.306400
vn 0.776800 0.564300 0.279400
vn 0.900400 0.290400 0.323900
vn 0.676800 0.694700 0.243500
vn 0.639600 0.694700 0.329000
vn 0.560700 0.803100 0.201700
vn 0.529900 0.803100 0.272500
vn 0.591700 0.694700 0.409000
vn 0.532700 0.694700 0.483300
vn 0.490100 0.803100 0.338800
vn 0.441200 0.803100 0.400300
vn 0.446900 0.564300 0.694100
vn 0.353400 0.564300 0.746100
vn 0.387500 0.424800 0.818100
vn 0.490100 0.424800 0.761100
vn 0.409600 0.290400 0.864800
vn 0.518100 0.290300 0.804500
vn 0.252100 0.564400 0.786100
vn 0.276400 0.424800 0.862000
vn 0.292200 0.290400 0.911200
vn 0.584500 0.424800 0.691300
vn 0.533000 0.564300 0.630400
vn 0.617800 0.290400 0.730700
vn 0.464400 0.694700 0.549300
vn 0.389400 0.694700 0.604800
vn 0.384700 0.803100 0.455000
vn 0.322600 0.803100 0.501000
vn 0.307900 0.694700 0.650000
vn 0.219600 0.694700 0.684900
vn 0.255100 0.803100 0.538400
vn 0.181900 0.803100 0.567300
vn 0.040000 0.564300 0.824600
vn -0.067000 0.564300 0.822800
vn -0.073400 0.424800 0.902300
vn 0.043900 0.424800 0.904200
vn -0.077600 0.290400 0.953700
vn 0.046400 0.290300 0.955800
vn -0.174700 0.564400 0.806800
vn -0.191600 0.424800 0.884700
vn -0.202500 0.290400 0.935200
vn 0.160500 0.424800 0.890900
vn 0.146400 0.564300 0.812400
vn 0.169700 0.290400 0.941700
vn 0.127500 0.694700 0.707900
vn 0.034900 0.694700 0.718500
vn 0.105700 0.803100 0.586400
vn 0.028900 0.803100 0.595100
vn -0.058300 0.694700 0.716900
vn -0.152200 0.694700 0.703000
vn -0.048300 0.803100 0.593900
vn -0.126100 0.803100 0.582300
vn -0.377600 0.564300 0.734100
vn -0.469400 0.564300 0.679100
vn -0.514700 0.424800 0.744700
vn -0.414000 0.424800 0.805000
vn -0.544100 0.290400 0.787200
vn -0.437700 0.290300 0.850900
vn -0.554700 0.564400 0.611300
vn -0.608300 0.424800 0.670400
vn -0.643000 0.290400 0.708600
vn -0.306400 0.424800 0.851800
vn -0.279400 0.564300 0.776800
vn -0.323900 0.290400 0.900400
vn -0.243500 0.694700 0.676800
vn -0.329000 0.694700 0.639600
vn -0.201700 0.803100 0.560600
vn -0.272500 0.803100 0.529900
vn -0.409000 0.694700 0.591700
vn -0.483300 0.694700 0.532700
vn -0.338800 0.803100 0.490100
vn -0.400300 0.803100 0.441200
vn -0.694100 0.564300 0.446900
vn -0.746100 0.564300 0.353400
vn -0.818100 0.424800 0.387500
vn -0.761100 0.424800 0.490100
vn -0.864800 0.290400 0.409600
vn -0.804500 0.290300 0.518100
vn -0.691300 0.424800 0.584500
vn -0.630400 0.564300 0.533000
vn -0.730700 0.290400 0.617800
vn -0.549300 0.694700 0.464400
vn -0.604800 0.694700 0.389400
vn -0.455000 0.803100 0.384700
vn -0.501000 0.803100 0.322600
vn -0.650000 0.694700 0.307900
vn -0.538400 0.803100 0.255100
vn -0.335900 0.916700 0.216300
vn -0.361000 0.916700 0.171000
vn -0.436100 0.875900 0.206600
vn -0.405700 0.875900 0.261300
vn -0.380300 0.916700 0.122000
vn -0.459500 0.875900 0.147300
vn -0.368500 0.875900 0.311500
vn -0.305000 0.916700 0.257900
vn -0.324200 0.875900 0.357300
vn -0.268400 0.916700 0.295800
vn -0.258600 0.940900 0.218600
vn -0.284700 0.940900 0.183300
vn -0.224700 0.955700 0.190000
vn -0.247400 0.955700 0.159300
vn -0.227500 0.940900 0.250700
vn -0.197700 0.955700 0.217900
vn -0.306000 0.940900 0.145000
vn -0.322400 0.940900 0.103400
vn -0.265900 0.955700 0.126000
vn -0.280200 0.955700 0.089800
vn -0.182700 0.916700 0.355200
vn -0.227100 0.916700 0.328600
vn -0.274400 0.875900 0.397000
vn -0.220700 0.875900 0.429100
vn -0.163300 0.875900 0.454100
vn -0.135200 0.916700 0.375900
vn -0.102100 0.875900 0.471600
vn -0.084500 0.916700 0.390400
vn -0.114600 0.940900 0.318600
vn -0.154900 0.940900 0.301100
vn -0.099600 0.955700 0.276900
vn -0.134600 0.955700 0.261700
vn -0.071700 0.940900 0.330900
vn -0.062300 0.955700 0.287600
vn -0.192500 0.940900 0.278500
vn -0.167300 0.955700 0.242100
vn 0.019400 0.916700 0.399000
vn -0.032400 0.916700 0.398100
vn -0.039100 0.875900 0.480900
vn 0.023400 0.875900 0.482000
vn 0.085500 0.875900 0.474900
vn 0.070800 0.916700 0.393100
vn 0.147300 0.875900 0.459500
vn 0.122000 0.916700 0.380300
vn 0.060000 0.940900 0.333200
vn 0.016400 0.940900 0.338200
vn 0.052200 0.955700 0.289600
vn 0.014300 0.955700 0.294000
vn 0.103400 0.940900 0.322400
vn 0.089800 0.955700 0.280200
vn -0.027500 0.940900 0.337500
vn -0.023900 0.955700 0.293300
vn 0.216300 0.916700 0.335900
vn 0.171000 0.916700 0.361000
vn 0.206600 0.875900 0.436100
vn 0.261300 0.875900 0.405700
vn 0.311500 0.875900 0.368500
vn 0.257900 0.916700 0.305000
vn 0.357300 0.875900 0.324200
vn 0.295800 0.916700 0.268400
vn 0.218600 0.940900 0.258600
vn 0.183300 0.940900 0.284700
vn 0.190000 0.955700 0.224700
vn 0.159300 0.955700 0.247400
vn 0.250700 0.940900 0.227500
vn 0.217900 0.955700 0.197700
vn 0.145000 0.940900 0.306000
vn 0.126000 0.955700 0.265900
vn 0.355200 0.916700 0.182700
vn 0.328600 0.916700 0.227100
vn 0.396900 0.875900 0.274400
vn 0.429100 0.875900 0.220700
vn 0.454100 0.875900 0.163300
vn 0.375800 0.916700 0.135200
vn 0.471600 0.875900 0.102100
vn 0.390400 0.916700 0.084500
vn 0.318600 0.940900 0.114600
vn 0.301100 0.940900 0.154900
vn 0.276900 0.955700 0.099600
vn 0.261700 0.955700 0.134600
vn 0.330900 0.940900 0.071700
vn 0.287600 0.955700 0.062300
vn 0.278500 0.940900 0.192500
vn 0.242100 0.955700 0.167300
vn 0.399000 0.916700 -0.019300
vn 0.398100 0.916700 0.032400
vn 0.480900 0.875900 0.039100
vn 0.482000 0.875900 -0.023400
vn 0.474900 0.875900 -0.085500
vn 0.393100 0.916700 -0.070800
vn 0.459500 0.875900 -0.147300
vn 0.380300 0.916700 -0.122000
vn 0.333200 0.940900 -0.060000
vn 0.338200 0.940900 -0.016400
vn 0.289600 0.955700 -0.052200
vn 0.294000 0.955700 -0.014300
vn 0.322400 0.940900 -0.103400
vn 0.280200 0.955700 -0.089800
vn 0.337500 0.940900 0.027500
vn 0.293300 0.955700 0.023900
vn 0.335900 0.916700 -0.216300
vn 0.361000 0.916700 -0.171000
vn 0.436100 0.875900 -0.206600
vn 0.405700 0.875900 -0.261300
vn 0.368500 0.875900 -0.311500
vn 0.305000 0.916700 -0.257900
vn 0.324200 0.875900 -0.357300
vn 0.268400 0.916700 -0.295800
vn 0.258600 0.940900 -0.218600
vn 0.284700 0.940900 -0.183300
vn 0.224700 0.955700 -0.190000
vn 0.247400 0.955700 -0.159300
vn 0.227500 0.940900 -0.250700
vn 0.197700 0.955700 -0.217900
vn 0.306000 0.940900 -0.145000
vn 0.265900 0.955700 -0.126000
vn 0.182700 0.916700 -0.355200
vn 0.227100 0.916700 -0.328600
vn 0.274400 0.875900 -0.397000
vn 0.220700 0.875900 -0.429100
vn 0.163300 0.875900 -0.454100
vn 0.135200 0.916700 -0.375800
vn 0.102100 0.875900 -0.471600
vn 0.084500 0.916700 -0.390400
vn 0.114600 0.940900 -0.318600
vn 0.154900 0.940900 -0.301100
vn 0.099600 0.955700 -0.276900
vn 0.134600 0.955700 -0.261700
vn 0.071700 0.940900 -0.330900
vn 0.062300 0.955700 -0.287600
vn 0.192500 0.940900 -0.278500
vn 0.167300 0.955700 -0.242100
vn -0.019400 0.916700 -0.399000
vn 0.032400 0.916700 -0.398100
vn 0.039100 0.875900 -0.480900
vn -0.023400 0.875900 -0.482000
vn -0.085500 0.875900 -0.474900
vn -0.070800 0.916700 -0.393100
vn -0.147300 0.875900 -0.459500
vn -0.122000 0.916700 -0.380300
vn -0.060000 0.940900 -0.333200
vn -0.016400 0.940900 -0.338200
vn -0.052200 0.955700 -0.289600
vn -0.014300 0.955700 -0.294000
vn -0.103400 0.940900 -0.322400
vn -0.089800 0.955700 -0.280200
vn 0.027400 0.940900 -0.337500
vn 0.023900 0.955700 -0.293300
vn -0.216300 0.916700 -0.335900
vn -0.171000 0.916700 -0.361000
vn -0.206600 0.875900 -0.436100
vn -0.261300 0.875900 -0.405700
vn -0.122000 0.916700 -0.380300
vn -0.147300 0.875900 -0.459500
vn -0.311500 0.875900 -0.368500
vn -0.257900 0.916700 -0.305000
vn -0.357300 0.875900 -0.324200
vn -0.295800 0.916700 -0.268400
vn -0.218600 0.940900 -0.258600
vn -0.183300 0.940900 -0.284700
vn -0.190000 0.955700 -0.224700
vn -0.159300 0.955700 -0.247400
vn -0.250700 0.940900 -0.227500
vn -0.217900 0.955700 -0.197700
vn -0.145000 0.940900 -0.306000
vn -0.103400 0.940900 -0.322400
vn -0.126000 0.955700 -0.265900
vn -0.089800 0.955700 -0.280200
vn -0.355200 0.916700 -0.182700
vn -0.328600 0.916700 -0.227100
vn -0.396900 0.875900 -0.274400
vn -0.429100 0.875900 -0.220700
vn -0.454100 0.875900 -0.163300
vn -0.375800 0.916700 -0.135200
vn -0.471600 0.875900 -0.102100
vn -0.390400 0.916700 -0.084500
vn -0.318600 0.940900 -0.114600
vn -0.301100 0.940900 -0.154900
vn -0.276900 0.955700 -0.099600
vn -0.261700 0.955700 -0.134600
vn -0.330900 0.940900 -0.071700
vn -0.287600 0.955700 -0.062300
vn -0.278500 0.940900 -0.192500
vn -0.242100 0.955700 -0.167300
vn -0.399000 0.916700 0.019300
vn -0.398100 0.916700 -0.032400
vn -0.480900 0.875900 -0.039100
vn -0.482000 0.875900 0.023400
vn -0.474900 0.875900 0.085500
vn -0.393100 0.916700 0.070800
vn -0.333200 0.940900 0.060000
vn -0.338200 0.940900 0.016400
vn -0.289600 0.955700 0.052200
vn -0.294000 0.955700 0.014300
vn -0.337500 0.940900 -0.027500
vn -0.293300 0.955700 -0.023900
vn 0.191200 -0.973800 -0.123100
vn 0.217500 -0.965900 -0.140000
vn 0.233700 -0.965900 -0.110700
vn 0.205500 -0.973800 -0.097400
vn 0.246300 -0.966000 -0.079000
vn 0.216500 -0.973800 -0.069400
vn 0.247000 -0.955800 -0.159100
vn 0.265500 -0.955800 -0.125800
vn 0.279800 -0.955800 -0.089700
vn 0.181200 -0.979700 -0.085800
vn 0.168600 -0.979700 -0.108600
vn 0.162500 -0.983700 -0.077000
vn 0.151200 -0.983700 -0.097400
vn 0.190900 -0.979700 -0.061200
vn 0.171200 -0.983700 -0.054900
vn 0.153100 -0.979700 -0.129500
vn 0.173700 -0.973800 -0.146800
vn 0.134700 -0.979700 -0.148500
vn 0.152800 -0.973800 -0.168400
vn 0.137300 -0.983700 -0.116100
vn 0.120800 -0.983700 -0.133200
vn 0.197500 -0.965900 -0.167000
vn 0.224400 -0.955800 -0.189700
vn 0.173800 -0.966000 -0.191500
vn 0.197400 -0.955800 -0.217600
vn 0.104000 -0.973800 -0.202200
vn 0.118300 -0.965900 -0.230000
vn 0.147100 -0.965900 -0.212800
vn 0.129300 -0.973800 -0.187100
vn 0.134400 -0.955800 -0.261300
vn 0.167100 -0.955800 -0.241700
vn 0.114000 -0.979700 -0.165000
vn 0.091700 -0.979700 -0.178400
vn 0.102300 -0.983700 -0.148000
vn 0.082300 -0.983700 -0.159900
vn 0.067900 -0.979700 -0.188700
vn 0.077000 -0.973800 -0.214000
vn 0.042400 -0.979700 -0.196000
vn 0.048100 -0.973800 -0.222200
vn 0.060900 -0.983700 -0.169200
vn 0.038100 -0.983700 -0.175800
vn 0.087600 -0.965900 -0.243400
vn 0.099500 -0.955800 -0.276500
vn 0.054700 -0.966000 -0.252800
vn 0.062200 -0.955800 -0.287100
vn -0.011000 -0.973800 -0.227200
vn -0.012500 -0.965900 -0.258400
vn 0.021000 -0.965900 -0.257800
vn 0.018400 -0.973800 -0.226700
vn -0.014300 -0.955800 -0.293500
vn 0.023800 -0.955800 -0.292900
vn 0.016300 -0.979700 -0.199900
vn -0.009700 -0.979700 -0.200300
vn 0.014600 -0.983700 -0.179300
vn -0.008700 -0.983700 -0.179700
vn -0.035600 -0.979700 -0.197400
vn -0.040300 -0.973800 -0.223800
vn -0.061200 -0.979700 -0.190900
vn -0.069400 -0.973800 -0.216500
vn -0.031900 -0.983700 -0.177000
vn -0.054900 -0.983700 -0.171200
vn -0.045800 -0.965900 -0.254600
vn -0.052100 -0.955800 -0.289200
vn -0.079000 -0.966000 -0.246300
vn -0.089700 -0.955800 -0.279800
vn -0.123100 -0.973800 -0.191200
vn -0.140000 -0.965900 -0.217500
vn -0.110700 -0.965900 -0.233700
vn -0.097400 -0.973800 -0.205500
vn -0.159100 -0.955800 -0.247000
vn -0.125800 -0.955800 -0.265500
vn -0.085800 -0.979700 -0.181200
vn -0.108600 -0.979700 -0.168600
vn -0.077000 -0.983700 -0.162500
vn -0.097400 -0.983700 -0.151200
vn -0.129500 -0.979700 -0.153100
vn -0.146800 -0.973800 -0.173700
vn -0.148500 -0.979700 -0.134700
vn -0.168400 -0.973800 -0.152800
vn -0.116100 -0.983700 -0.137300
vn -0.133200 -0.983700 -0.120800
vn -0.167000 -0.965900 -0.197500
vn -0.189700 -0.955800 -0.224400
vn -0.191500 -0.966000 -0.173800
vn -0.217600 -0.955800 -0.197400
vn -0.202200 -0.973800 -0.104000
vn -0.230000 -0.965900 -0.118300
vn -0.212800 -0.965900 -0.147100
vn -0.187100 -0.973800 -0.129300
vn -0.261300 -0.955800 -0.134400
vn -0.241700 -0.955800 -0.167100
vn -0.165000 -0.979700 -0.114000
vn -0.178300 -0.979700 -0.091700
vn -0.148000 -0.983700 -0.102200
vn -0.159900 -0.983700 -0.082300
vn -0.188700 -0.979700 -0.067900
vn -0.214000 -0.973800 -0.077000
vn -0.196000 -0.979700 -0.042400
vn -0.222200 -0.973800 -0.048100
vn -0.169200 -0.983700 -0.060900
vn -0.175800 -0.983700 -0.038100
vn -0.243400 -0.965900 -0.087600
vn -0.276500 -0.955800 -0.099500
vn -0.252800 -0.966000 -0.054700
vn -0.287100 -0.955800 -0.062200
vn -0.227200 -0.973800 0.011000
vn -0.258400 -0.965900 0.012500
vn -0.257800 -0.965900 -0.021000
vn -0.226700 -0.973800 -0.018400
vn -0.293500 -0.955800 0.014200
vn -0.292900 -0.955800 -0.023800
vn -0.199900 -0.979700 -0.016200
vn -0.200300 -0.979700 0.009700
vn -0.179300 -0.983700 -0.014600
vn -0.179700 -0.983700 0.008700
vn -0.197300 -0.979700 0.035600
vn -0.223800 -0.973800 0.040300
vn -0.190900 -0.979700 0.061200
vn -0.216500 -0.973800 0.069400
vn -0.177000 -0.983700 0.031900
vn -0.171200 -0.983700 0.054900
vn -0.254600 -0.965900 0.045900
vn -0.289200 -0.955800 0.052100
vn -0.246300 -0.966000 0.079000
vn -0.279800 -0.955800 0.089700
vn -0.191200 -0.973800 0.123100
vn -0.217500 -0.965900 0.140000
vn -0.233700 -0.965900 0.110700
vn -0.205500 -0.973800 0.097400
vn -0.247000 -0.955800 0.159100
vn -0.265500 -0.955800 0.125800
vn -0.181200 -0.979700 0.085800
vn -0.168600 -0.979700 0.108600
vn -0.162500 -0.983700 0.077000
vn -0.151200 -0.983700 0.097400
vn -0.153100 -0.979700 0.129500
vn -0.173700 -0.973800 0.146800
vn -0.134700 -0.979700 0.148500
vn -0.152800 -0.973800 0.168400
vn -0.137300 -0.983700 0.116100
vn -0.120800 -0.983700 0.133200
vn -0.197500 -0.965900 0.167000
vn -0.224400 -0.955800 0.189700
vn -0.173800 -0.966000 0.191500
vn -0.197400 -0.955800 0.217600
vn -0.104000 -0.973800 0.202200
vn -0.118300 -0.965900 0.230000
vn -0.147100 -0.965900 0.212800
vn -0.129300 -0.973800 0.187100
vn -0.134400 -0.955800 0.261300
vn -0.167100 -0.955800 0.241700
vn -0.114000 -0.979700 0.165000
vn -0.091700 -0.979700 0.178400
vn -0.102300 -0.983700 0.148000
vn -0.082300 -0.983700 0.159900
vn -0.067900 -0.979700 0.188700
vn -0.077000 -0.973800 0.214000
vn -0.042400 -0.979700 0.196000
vn -0.048100 -0.973800 0.222200
vn -0.060900 -0.983700 0.169200
vn -0.038100 -0.983700 0.175800
vn -0.087600 -0.965900 0.243400
vn -0.099500 -0.955800 0.276500
vn -0.054700 -0.966000 0.252800
vn -0.062200 -0.955800 0.287100
vn 0.011000 -0.973800 0.227200
vn 0.012500 -0.965900 0.258400
vn -0.021000 -0.965900 0.257800
vn -0.018400 -0.973800 0.226700
vn 0.014300 -0.955800 0.293500
vn -0.023800 -0.955800 0.292900
vn -0.016300 -0.979700 0.199900
vn 0.009700 -0.979700 0.200300
vn -0.014600 -0.983700 0.179300
vn 0.008700 -0.983700 0.179700
vn 0.035600 -0.979700 0.197300
vn 0.040300 -0.973800 0.223800
vn 0.061200 -0.979700 0.190900
vn 0.069400 -0.973800 0.216500
vn 0.031900 -0.983700 0.177000
vn 0.054900 -0.983700 0.171200
vn 0.045900 -0.965900 0.254600
vn 0.052100 -0.955800 0.289200
vn 0.079000 -0.966000 0.246300
vn 0.089700 -0.955800 0.279800
vn 0.123100 -0.973800 0.191200
vn 0.140000 -0.965900 0.217500
vn 0.110700 -0.965900 0.233700
vn 0.097400 -0.973800 0.205500
vn 0.079000 -0.966000 0.246300
vn 0.069400 -0.973800 0.216500
vn 0.159100 -0.955800 0.247000
vn 0.125800 -0.955800 0.265500
vn 0.089700 -0.955800 0.279800
vn 0.085800 -0.979700 0.181200
vn 0.108600 -0.979700 0.168600
vn 0.077000 -0.983700 0.162500
vn 0.097400 -0.983700 0.151200
vn 0.061200 -0.979700 0.190900
vn 0.054900 -0.983700 0.171200
vn 0.129500 -0.979700 0.153100
vn 0.146800 -0.973800 0.173700
vn 0.148500 -0.979700 0.134700
vn 0.168400 -0.973800 0.152800
vn 0.116100 -0.983700 0.137300
vn 0.133200 -0.983700 0.120800
vn 0.167000 -0.965900 0.197500
vn 0.189700 -0.955800 0.224400
vn 0.191500 -0.966000 0.173800
vn 0.217600 -0.955800 0.197400
vn 0.202200 -0.973800 0.104000
vn 0.230000 -0.965900 0.118300
vn 0.212800 -0.965900 0.147100
vn 0.187100 -0.973800 0.129300
vn 0.261300 -0.955800 0.134400
vn 0.241700 -0.955800 0.167100
vn 0.165000 -0.979700 0.114000
vn 0.178300 -0.979700 0.091700
vn 0.148000 -0.983700 0.102200
vn 0.159900 -0.983700 0.082200
vn 0.188700 -0.979700 0.067900
vn 0.214000 -0.973800 0.077000
vn 0.196000 -0.979700 0.042400
vn 0.222200 -0.973800 0.048100
vn 0.169200 -0.983700 0.060900
vn 0.175800 -0.983700 0.038100
vn 0.243400 -0.965900 0.087600
vn 0.276500 -0.955800 0.099500
vn 0.252800 -0.966000 0.054700
vn 0.287100 -0.955800 0.062200
vn 0.227200 -0.973800 -0.011000
vn 0.258400 -0.965900 -0.012500
vn 0.257800 -0.965900 0.021000
vn 0.226700 -0.973800 0.018400
vn 0.293500 -0.955800 -0.014200
vn 0.292900 -0.955800 0.023800
vn 0.199900 -0.979700 0.016200
vn 0.200300 -0.979700 -0.009700
vn 0.179300 -0.983700 0.014600
vn 0.179700 -0.983700 -0.008700
vn 0.197400 -0.979700 -0.035600
vn 0.223800 -0.973800 -0.040300
vn 0.177000 -0.983700 -0.031900
vn 0.254600 -0.965900 -0.045900
vn 0.289200 -0.955800 -0.052100
vn 0.398800 -0.916800 -0.019300
vn 0.481900 -0.875900 -0.023400
vn 0.480900 -0.875900 0.039100
vn 0.397900 -0.916800 0.032400
vn 0.471500 -0.875900 0.102100
vn 0.390100 -0.916800 0.084500
vn 0.595100 -0.803100 -0.028900
vn 0.593900 -0.803100 0.048300
vn 0.582300 -0.803100 0.126100
vn 0.337200 -0.941000 0.027400
vn 0.337900 -0.941000 -0.016400
vn 0.330600 -0.941000 0.071600
vn 0.332900 -0.941000 -0.060000
vn 0.392900 -0.916800 -0.070800
vn 0.322100 -0.941000 -0.103300
vn 0.380100 -0.916800 -0.121900
vn 0.474800 -0.875900 -0.085500
vn 0.586400 -0.803100 -0.105700
vn 0.459400 -0.875900 -0.147300
vn 0.567300 -0.803100 -0.181900
vn 0.355100 -0.916800 0.182600
vn 0.429100 -0.875900 0.220700
vn 0.396900 -0.875900 0.274300
vn 0.328400 -0.916800 0.227000
vn 0.357300 -0.875900 0.324200
vn 0.295600 -0.916800 0.268300
vn 0.529900 -0.803100 0.272500
vn 0.490100 -0.803100 0.338800
vn 0.441200 -0.803100 0.400300
vn 0.278300 -0.941000 0.192300
vn 0.300800 -0.941000 0.154700
vn 0.250500 -0.941000 0.227300
vn 0.318300 -0.941000 0.114500
vn 0.375700 -0.916800 0.135100
vn 0.454000 -0.875900 0.163300
vn 0.560600 -0.803100 0.201700
vn 0.216200 -0.916800 0.335700
vn 0.261200 -0.875900 0.405700
vn 0.206500 -0.875900 0.436000
vn 0.170900 -0.916800 0.360800
vn 0.147300 -0.875900 0.459400
vn 0.121900 -0.916800 0.380100
vn 0.322600 -0.803100 0.501000
vn 0.255000 -0.803100 0.538400
vn 0.181900 -0.803100 0.567300
vn 0.144800 -0.941000 0.305700
vn 0.183100 -0.941000 0.284400
vn 0.103300 -0.941000 0.322100
vn 0.218400 -0.941000 0.258300
vn 0.257800 -0.916800 0.304900
vn 0.311500 -0.875900 0.368400
vn 0.384700 -0.803100 0.455000
vn 0.019300 -0.916800 0.398800
vn 0.023400 -0.875900 0.481900
vn -0.039100 -0.875900 0.480900
vn -0.032400 -0.916800 0.397900
vn -0.102100 -0.875900 0.471500
vn -0.084500 -0.916800 0.390100
vn 0.028900 -0.803100 0.595100
vn -0.048300 -0.803100 0.593900
vn -0.126100 -0.803100 0.582300
vn -0.027400 -0.941000 0.337100
vn 0.016400 -0.941000 0.337900
vn -0.071600 -0.941000 0.330600
vn 0.060000 -0.941000 0.332900
vn 0.070800 -0.916800 0.392900
vn 0.103300 -0.941000 0.322100
vn 0.121900 -0.916800 0.380100
vn 0.085500 -0.875900 0.474800
vn 0.105700 -0.803100 0.586400
vn 0.147300 -0.875900 0.459400
vn 0.181900 -0.803100 0.567300
vn -0.182600 -0.916800 0.355100
vn -0.220700 -0.875900 0.429100
vn -0.274300 -0.875900 0.396900
vn -0.227000 -0.916800 0.328400
vn -0.324200 -0.875900 0.357300
vn -0.268300 -0.916800 0.295600
vn -0.272500 -0.803100 0.529900
vn -0.338800 -0.803100 0.490100
vn -0.400300 -0.803100 0.441200
vn -0.192300 -0.941000 0.278300
vn -0.154700 -0.941000 0.300800
vn -0.227300 -0.941000 0.250500
vn -0.114500 -0.941000 0.318300
vn -0.135100 -0.916800 0.375700
vn -0.163300 -0.875900 0.454000
vn -0.201700 -0.803100 0.560600
vn -0.335700 -0.916800 0.216200
vn -0.405700 -0.875900 0.261200
vn -0.436000 -0.875900 0.206500
vn -0.360800 -0.916800 0.170900
vn -0.459400 -0.875900 0.147300
vn -0.380100 -0.916800 0.121900
vn -0.500900 -0.803100 0.322600
vn -0.538400 -0.803100 0.255000
vn -0.567300 -0.803100 0.181900
vn -0.305700 -0.941000 0.144800
vn -0.284400 -0.941000 0.183100
vn -0.322100 -0.941000 0.103300
vn -0.258300 -0.941000 0.218400
vn -0.304900 -0.916800 0.257800
vn -0.368400 -0.875900 0.311500
vn -0.455000 -0.803100 0.384700
vn -0.398800 -0.916800 0.019300
vn -0.481900 -0.875900 0.023400
vn -0.480900 -0.875900 -0.039100
vn -0.397900 -0.916800 -0.032400
vn -0.471500 -0.875900 -0.102100
vn -0.390100 -0.916800 -0.084500
vn -0.595100 -0.803100 0.028900
vn -0.593900 -0.803100 -0.048300
vn -0.582300 -0.803100 -0.126100
vn -0.337200 -0.941000 -0.027400
vn -0.337900 -0.941000 0.016400
vn -0.330600 -0.941000 -0.071600
vn -0.332900 -0.941000 0.060000
vn -0.392900 -0.916800 0.070800
vn -0.474800 -0.875900 0.085500
vn -0.586400 -0.803100 0.105700
vn -0.355100 -0.916800 -0.182600
vn -0.429100 -0.875900 -0.220700
vn -0.396900 -0.875900 -0.274300
vn -0.328400 -0.916800 -0.227000
vn -0.357300 -0.875900 -0.324200
vn -0.295600 -0.916800 -0.268300
vn -0.529900 -0.803100 -0.272500
vn -0.490100 -0.803100 -0.338800
vn -0.441200 -0.803100 -0.400300
vn -0.278300 -0.941000 -0.192300
vn -0.300800 -0.941000 -0.154700
vn -0.250500 -0.941000 -0.227300
vn -0.318300 -0.941000 -0.114500
vn -0.375700 -0.916800 -0.135100
vn -0.454000 -0.875900 -0.163300
vn -0.560600 -0.803100 -0.201700
vn -0.216200 -0.916800 -0.335700
vn -0.261200 -0.875900 -0.405700
vn -0.206500 -0.875900 -0.436000
vn -0.170900 -0.916800 -0.360800
vn -0.147300 -0.875900 -0.459400
vn -0.121900 -0.916800 -0.380100
vn -0.322600 -0.803100 -0.501000
vn -0.255100 -0.803100 -0.538400
vn -0.181900 -0.803100 -0.567300
vn -0.144800 -0.941000 -0.305700
vn -0.183100 -0.941000 -0.284400
vn -0.103300 -0.941000 -0.322100
vn -0.218400 -0.941000 -0.258300
vn -0.257800 -0.916800 -0.304800
vn -0.311500 -0.875900 -0.368400
vn -0.384700 -0.803100 -0.455000
vn -0.019300 -0.916800 -0.398800
vn -0.023400 -0.875900 -0.481900
vn 0.039100 -0.875900 -0.480900
vn 0.032400 -0.916800 -0.397900
vn 0.102100 -0.875900 -0.471500
vn 0.084500 -0.916800 -0.390100
vn -0.028900 -0.803100 -0.595100
vn 0.048300 -0.803100 -0.593900
vn 0.126100 -0.803100 -0.582300
vn 0.027400 -0.941000 -0.337200
vn -0.016400 -0.941000 -0.337900
vn 0.071600 -0.941000 -0.330600
vn -0.060000 -0.941000 -0.332900
vn -0.070800 -0.916800 -0.392900
vn -0.085500 -0.875900 -0.474800
vn -0.105700 -0.803100 -0.586400
vn 0.182600 -0.916800 -0.355100
vn 0.220700 -0.875900 -0.429100
vn 0.274300 -0.875900 -0.396900
vn 0.227000 -0.916800 -0.328400
vn 0.324200 -0.875900 -0.357300
vn 0.268300 -0.916800 -0.295600
vn 0.272500 -0.803100 -0.529900
vn 0.338800 -0.803100 -0.490100
vn 0.400300 -0.803100 -0.441200
vn 0.192300 -0.941000 -0.278300
vn 0.154700 -0.941000 -0.300800
vn 0.227300 -0.941000 -0.250500
vn 0.114500 -0.941000 -0.318300
vn 0.135100 -0.916800 -0.375700
vn 0.163300 -0.875900 -0.454000
vn 0.201700 -0.803100 -0.560600
vn 0.335700 -0.916800 -0.216200
vn 0.405700 -0.875900 -0.261200
vn 0.436000 -0.875900 -0.206500
vn 0.360800 -0.916800 -0.170900
vn 0.501000 -0.803100 -0.322600
vn 0.538400 -0.803100 -0.255000
vn 0.305700 -0.941000 -0.144800
vn 0.284400 -0.941000 -0.183100
vn 0.258300 -0.941000 -0.218400
vn 0.304900 -0.916800 -0.257800
vn 0.368400 -0.875900 -0.311500
vn 0.455000 -0.803100 -0.384700
vn 0.693900 -0.564600 -0.446900
vn 0.760900 -0.425400 -0.490000
vn 0.817900 -0.425400 -0.387400
vn 0.745800 -0.564700 -0.353300
vn 0.861800 -0.425400 -0.276300
vn 0.785900 -0.564700 -0.252000
vn 0.804300 -0.291000 -0.518000
vn 0.864600 -0.291000 -0.409600
vn 0.911000 -0.291100 -0.292100
vn 0.650000 -0.694800 -0.307900
vn 0.604700 -0.694800 -0.389400
vn 0.684800 -0.694800 -0.219600
vn 0.549200 -0.694800 -0.464300
vn 0.630200 -0.564700 -0.532900
vn 0.483300 -0.694800 -0.532600
vn 0.554600 -0.564700 -0.611200
vn 0.691100 -0.425400 -0.584300
vn 0.730600 -0.291000 -0.617700
vn 0.608100 -0.425400 -0.670200
vn 0.642900 -0.291100 -0.708500
vn 0.377500 -0.564600 -0.733900
vn 0.413900 -0.425400 -0.804800
vn 0.514600 -0.425400 -0.744400
vn 0.469300 -0.564700 -0.678900
vn 0.437600 -0.291000 -0.850800
vn 0.544000 -0.291000 -0.787000
vn 0.408900 -0.694800 -0.591600
vn 0.329000 -0.694800 -0.639600
vn 0.243400 -0.694800 -0.676700
vn 0.279400 -0.564700 -0.776600
vn 0.152200 -0.694800 -0.702900
vn 0.174700 -0.564700 -0.806600
vn 0.306300 -0.425400 -0.851600
vn 0.323800 -0.291000 -0.900200
vn 0.191500 -0.425400 -0.884500
vn 0.202500 -0.291100 -0.935000
vn -0.040000 -0.564600 -0.824300
vn -0.043900 -0.425400 -0.903900
vn 0.073400 -0.425400 -0.902000
vn 0.066900 -0.564700 -0.822600
vn -0.046400 -0.291000 -0.955600
vn 0.077600 -0.291000 -0.953600
vn 0.058300 -0.694800 -0.716800
vn -0.034900 -0.694800 -0.718400
vn -0.127500 -0.694800 -0.707800
vn -0.146300 -0.564700 -0.812200
vn -0.219600 -0.694800 -0.684800
vn -0.252000 -0.564700 -0.785900
vn -0.160500 -0.425400 -0.890700
vn -0.169700 -0.291000 -0.941500
vn -0.276300 -0.425400 -0.861800
vn -0.292100 -0.291100 -0.911000
vn -0.446900 -0.564600 -0.693900
vn -0.490000 -0.425400 -0.760900
vn -0.387400 -0.425400 -0.817900
vn -0.353300 -0.564700 -0.745800
vn -0.518000 -0.291000 -0.804300
vn -0.409600 -0.291000 -0.864600
vn -0.307900 -0.694800 -0.650000
vn -0.389400 -0.694800 -0.604700
vn -0.464300 -0.694800 -0.549200
vn -0.532900 -0.564700 -0.630200
vn -0.532600 -0.694800 -0.483300
vn -0.611200 -0.564700 -0.554600
vn -0.584300 -0.425400 -0.691100
vn -0.617700 -0.291000 -0.730600
vn -0.670200 -0.425400 -0.608100
vn -0.708500 -0.291100 -0.642900
vn -0.733900 -0.564600 -0.377500
vn -0.804800 -0.425400 -0.414000
vn -0.744400 -0.425400 -0.514600
vn -0.678900 -0.564700 -0.469300
vn -0.850800 -0.291000 -0.437600
vn -0.787000 -0.291000 -0.544000
vn -0.591600 -0.694800 -0.408900
vn -0.639600 -0.694800 -0.329000
vn -0.676700 -0.694800 -0.243400
vn -0.776600 -0.564700 -0.279400
vn -0.702900 -0.694800 -0.152200
vn -0.806600 -0.564700 -0.174700
vn -0.851600 -0.425400 -0.306300
vn -0.900200 -0.291000 -0.323800
vn -0.884500 -0.425400 -0.191500
vn -0.935000 -0.291000 -0.202500
vn -0.824300 -0.564600 0.040000
vn -0.903900 -0.425400 0.043900
vn -0.902000 -0.425400 -0.073400
vn -0.822600 -0.564700 -0.066900
vn -0.955600 -0.291000 0.046400
vn -0.953600 -0.291000 -0.077600
vn -0.716800 -0.694800 -0.058300
vn -0.718400 -0.694800 0.034900
vn -0.707800 -0.694800 0.127500
vn -0.812200 -0.564700 0.146300
vn -0.684800 -0.694800 0.219600
vn -0.785900 -0.564700 0.252000
vn -0.890700 -0.425400 0.160500
vn -0.941500 -0.291000 0.169700
vn -0.861800 -0.425400 0.276300
vn -0.911000 -0.291100 0.292100
vn -0.693900 -0.564600 0.446900
vn -0.760900 -0.425400 0.490000
vn -0.817900 -0.425400 0.387400
vn -0.745800 -0.564700 0.353300
vn -0.804300 -0.291000 0.518000
vn -0.864600 -0.291000 0.409600
vn -0.650000 -0.694800 0.307900
vn -0.604700 -0.694800 0.389400
vn -0.549200 -0.694800 0.464300
vn -0.630200 -0.564700 0.532900
vn -0.483300 -0.694800 0.532600
vn -0.554600 -0.564700 0.611200
vn -0.691100 -0.425400 0.584300
vn -0.730600 -0.291000 0.617700
vn -0.608100 -0.425400 0.670200
vn -0.642900 -0.291100 0.708500
vn -0.377500 -0.564600 0.733900
vn -0.413900 -0.425400 0.804800
vn -0.514600 -0.425400 0.744400
vn -0.469300 -0.564700 0.678900
vn -0.437600 -0.291000 0.850800
vn -0.544000 -0.291000 0.787000
vn -0.408900 -0.694800 0.591600
vn -0.329000 -0.694800 0.639600
vn -0.243400 -0.694800 0.676700
vn -0.279400 -0.564700 0.776600
vn -0.152200 -0.694800 0.702900
vn -0.174700 -0.564700 0.806600
vn -0.306300 -0.425400 0.851600
vn -0.323800 -0.291000 0.900200
vn -0.191500 -0.425400 0.884500
vn -0.202500 -0.291100 0.935000
vn 0.040000 -0.564600 0.824300
vn 0.043900 -0.425400 0.903900
vn -0.073400 -0.425400 0.902000
vn -0.066900 -0.564700 0.822600
vn 0.046400 -0.291000 0.955600
vn -0.077600 -0.291000 0.953600
vn -0.058300 -0.694800 0.716800
vn 0.034900 -0.694800 0.718400
vn 0.127500 -0.694800 0.707800
vn 0.146300 -0.564700 0.812200
vn 0.219600 -0.694800 0.684800
vn 0.252000 -0.564700 0.785900
vn 0.160500 -0.425400 0.890700
vn 0.169700 -0.291000 0.941500
vn 0.276300 -0.425400 0.861800
vn 0.292100 -0.291100 0.911000
vn 0.446900 -0.564600 0.693900
vn 0.490000 -0.425400 0.760900
vn 0.387400 -0.425400 0.817900
vn 0.353300 -0.564700 0.745800
vn 0.276300 -0.425400 0.861800
vn 0.252000 -0.564700 0.785900
vn 0.518000 -0.291000 0.804300
vn 0.409600 -0.291000 0.864600
vn 0.292100 -0.291100 0.911000
vn 0.307900 -0.694800 0.650000
vn 0.389400 -0.694800 0.604700
vn 0.219600 -0.694800 0.684800
vn 0.464300 -0.694800 0.549200
vn 0.532900 -0.564700 0.630200
vn 0.532600 -0.694800 0.483300
vn 0.611200 -0.564700 0.554600
vn 0.584300 -0.425400 0.691100
vn 0.617700 -0.291000 0.730600
vn 0.670200 -0.425400 0.608100
vn 0.708500 -0.291100 0.642900
vn 0.733900 -0.564600 0.377500
vn 0.804800 -0.425400 0.414000
vn 0.744400 -0.425400 0.514600
vn 0.678900 -0.564700 0.469300
vn 0.850800 -0.291000 0.437600
vn 0.787000 -0.291000 0.544000
vn 0.591600 -0.694800 0.408900
vn 0.639600 -0.694800 0.329000
vn 0.676700 -0.694800 0.243400
vn 0.776600 -0.564700 0.279400
vn 0.702900 -0.694800 0.152200
vn 0.806600 -0.564700 0.174700
vn 0.851600 -0.425400 0.306300
vn 0.900200 -0.291000 0.323800
vn 0.884500 -0.425400 0.191500
vn 0.935000 -0.291100 0.202500
vn 0.824300 -0.564600 -0.040000
vn 0.903900 -0.425400 -0.043900
vn 0.902000 -0.425400 0.073400
vn 0.822600 -0.564700 0.066900
vn 0.955600 -0.291000 -0.046400
vn 0.953600 -0.291000 0.077600
vn 0.716800 -0.694800 0.058300
vn 0.718400 -0.694800 -0.034900
vn 0.707800 -0.694800 -0.127500
vn 0.812200 -0.564700 -0.146300
vn 0.890700 -0.425400 -0.160500
vn 0.941500 -0.291000 -0.169700
vn 0.111700 -0.993700 -0.005400
vn 0.156200 -0.987700 -0.007600
vn 0.155800 -0.987700 0.012700
vn 0.111500 -0.993700 0.009100
vn 0.152800 -0.987700 0.033100
vn 0.109300 -0.993700 0.023700
vn 0.042100 -0.999100 0.003400
vn 0.042100 -0.999100 -0.002000
vn 0.000000 -1.000000 0.000000
vn 0.000000 -1.000000 0.000000
vn 0.041300 -0.999100 0.008900
vn 0.000000 -1.000000 0.000000
vn 0.041500 -0.999100 -0.007500
vn 0.110100 -0.993700 -0.019800
vn 0.040200 -0.999100 -0.012900
vn 0.106500 -0.993700 -0.034200
vn 0.000000 -1.000000 0.000000
vn 0.000000 -1.000000 0.000000
vn 0.153900 -0.987700 -0.027700
vn 0.148900 -0.987700 -0.047700
vn 0.099500 -0.993700 0.051100
vn 0.139000 -0.987700 0.071500
vn 0.128600 -0.987700 0.088900
vn 0.092000 -0.993700 0.063600
vn 0.115800 -0.987700 0.105000
vn 0.082800 -0.993700 0.075100
vn 0.034700 -0.999100 0.024000
vn 0.037500 -0.999100 0.019300
vn 0.000000 -1.000000 0.000000
vn 0.000000 -1.000000 0.000000
vn 0.031300 -0.999100 0.028400
vn 0.000000 -1.000000 0.000000
vn 0.039700 -0.999100 0.014300
vn 0.105200 -0.993700 0.037800
vn 0.000000 -1.000000 0.000000
vn 0.147100 -0.987700 0.052900
vn 0.060500 -0.993700 0.094000
vn 0.084700 -0.987700 0.131400
vn 0.066900 -0.987700 0.141300
vn 0.047900 -0.993700 0.101000
vn 0.047700 -0.987700 0.148800
vn 0.034200 -0.993700 0.106500
vn 0.018100 -0.999100 0.038100
vn 0.022800 -0.999100 0.035500
vn 0.000000 -1.000000 0.000000
vn 0.000000 -1.000000 0.000000
vn 0.012900 -0.999100 0.040300
vn 0.000000 -1.000000 0.000000
vn 0.027300 -0.999100 0.032200
vn 0.072200 -0.993700 0.085400
vn 0.000000 -1.000000 0.000000
vn 0.100900 -0.987700 0.119400
vn 0.005400 -0.993700 0.111700
vn 0.007600 -0.987700 0.156200
vn -0.012700 -0.987700 0.155800
vn -0.009100 -0.993700 0.111500
vn -0.033100 -0.987700 0.152800
vn -0.023700 -0.993700 0.109300
vn -0.003400 -0.999100 0.042100
vn 0.002000 -0.999100 0.042100
vn 0.000000 -1.000000 0.000000
vn 0.000000 -1.000000 0.000000
vn -0.008900 -0.999100 0.041300
vn 0.000000 -1.000000 0.000000
vn 0.007500 -0.999100 0.041600
vn 0.019800 -0.993700 0.110100
vn 0.012900 -0.999100 0.040300
vn 0.034200 -0.993700 0.106500
vn 0.000000 -1.000000 0.000000
vn 0.000000 -1.000000 0.000000
vn 0.027700 -0.987700 0.153900
vn 0.047700 -0.987700 0.148800
vn -0.051100 -0.993700 0.099500
vn -0.071500 -0.987700 0.139000
vn -0.088900 -0.987700 0.128600
vn -0.063600 -0.993700 0.092000
vn -0.105000 -0.987700 0.115800
vn -0.075100 -0.993700 0.082800
vn -0.024000 -0.999100 0.034700
vn -0.019300 -0.999100 0.037500
vn 0.000000 -1.000000 -0.000100
vn 0.000000 -1.000000 0.000000
vn -0.028400 -0.999100 0.031300
vn 0.000000 -1.000000 0.000000
vn -0.014300 -0.999100 0.039700
vn -0.037800 -0.993700 0.105300
vn 0.000000 -1.000000 0.000000
vn -0.052900 -0.987700 0.147100
vn -0.094000 -0.993700 0.060500
vn -0.131400 -0.987700 0.084600
vn -0.141300 -0.987700 0.066900
vn -0.101100 -0.993700 0.047900
vn -0.148900 -0.987700 0.047700
vn -0.106500 -0.993700 0.034200
vn -0.038100 -0.999100 0.018100
vn -0.035500 -0.999100 0.022800
vn 0.000000 -1.000000 0.000000
vn 0.000000 -1.000000 0.000000
vn -0.040200 -0.999100 0.012900
vn 0.000000 -1.000000 0.000000
vn -0.032200 -0.999100 0.027300
vn -0.085400 -0.993700 0.072200
vn 0.000000 -1.000000 0.000000
vn -0.119400 -0.987700 0.100900
vn -0.111700 -0.993700 0.005400
vn -0.156200 -0.987700 0.007600
vn -0.155800 -0.987700 -0.012700
vn -0.111500 -0.993700 -0.009100
vn -0.152800 -0.987700 -0.033100
vn -0.109300 -0.993700 -0.023700
vn -0.042100 -0.999100 -0.003400
vn -0.042100 -0.999100 0.002000
vn 0.000000 -1.000000 0.000000
vn 0.000000 -1.000000 0.000000
vn -0.041300 -0.999100 -0.008900
vn 0.000000 -1.000000 0.000000
vn -0.041500 -0.999100 0.007500
vn -0.110100 -0.993700 0.019800
vn 0.000000 -1.000000 0.000000
vn -0.153800 -0.987700 0.027700
vn -0.099500 -0.993700 -0.051100
vn -0.139000 -0.987700 -0.071500
vn -0.128600 -0.987700 -0.088900
vn -0.092000 -0.993700 -0.063600
vn -0.115800 -0.987700 -0.105000
vn -0.082800 -0.993700 -0.075100
vn -0.034700 -0.999100 -0.024000
vn -0.037500 -0.999100 -0.019300
vn 0.000000 -1.000000 0.000000
vn 0.000000 -1.000000 0.000000
vn -0.031300 -0.999100 -0.028400
vn 0.000000 -1.000000 0.000000
vn -0.039700 -0.999100 -0.014300
vn -0.105200 -0.993700 -0.037800
vn 0.000000 -1.000000 0.000000
vn -0.147100 -0.987700 -0.052900
vn -0.060500 -0.993700 -0.094000
vn -0.084600 -0.987700 -0.131400
vn -0.066900 -0.987700 -0.141300
vn -0.047900 -0.993700 -0.101000
vn -0.047700 -0.987700 -0.148800
vn -0.034200 -0.993700 -0.106500
vn -0.018100 -0.999100 -0.038100
vn -0.022800 -0.999100 -0.035500
vn 0.000000 -1.000000 0.000000
vn 0.000000 -1.000000 0.000000
vn -0.012900 -0.999100 -0.040300
vn 0.000000 -1.000000 0.000000
vn -0.027300 -0.999100 -0.032200
vn -0.072200 -0.993700 -0.085400
vn 0.000000 -1.000000 0.000000
vn -0.100900 -0.987700 -0.119400
vn -0.005400 -0.993700 -0.111700
vn -0.007600 -0.987700 -0.156200
vn 0.012700 -0.987700 -0.155800
vn 0.009100 -0.993700 -0.111500
vn 0.033100 -0.987700 -0.152800
vn 0.023700 -0.993700 -0.109300
vn 0.003400 -0.999100 -0.042100
vn -0.002000 -0.999100 -0.042100
vn 0.000000 -1.000000 0.000000
vn 0.000000 -1.000000 0.000000
vn 0.008900 -0.999100 -0.041300
vn 0.000000 -1.000000 0.000000
vn -0.007500 -0.999100 -0.041600
vn -0.019800 -0.993700 -0.110100
vn 0.000000 -1.000000 0.000000
vn -0.027700 -0.987700 -0.153900
vn 0.051100 -0.993700 -0.099500
vn 0.071500 -0.987700 -0.139000
vn 0.088900 -0.987700 -0.128600
vn 0.063600 -0.993700 -0.092000
vn 0.105000 -0.987700 -0.115800
vn 0.075200 -0.993700 -0.082800
vn 0.024000 -0.999100 -0.034700
vn 0.019300 -0.999100 -0.037500
vn 0.000000 -1.000000 0.000100
vn 0.000000 -1.000000 0.000000
vn 0.028400 -0.999100 -0.031300
vn 0.000000 -1.000000 0.000000
vn 0.014300 -0.999100 -0.039700
vn 0.037800 -0.993700 -0.105200
vn 0.000000 -1.000000 0.000000
vn 0.052900 -0.987700 -0.147100
vn 0.094000 -0.993700 -0.060500
vn 0.131400 -0.987700 -0.084600
vn 0.141300 -0.987700 -0.066900
vn 0.101100 -0.993700 -0.047900
vn 0.038100 -0.999100 -0.018100
vn 0.035500 -0.999100 -0.022800
vn 0.000000 -1.000000 0.000000
vn 0.000000 -1.000000 0.000000
vn 0.032200 -0.999100 -0.027300
vn 0.085400 -0.993700 -0.072200
vn 0.000000 -1.000000 0.000000
vn 0.119400 -0.987700 -0.100900
vn -0.230300 0.973000 0.011200
vn -0.259500 0.965600 0.012600
vn -0.255700 0.965600 0.046100
vn -0.226900 0.973000 0.040900
vn -0.247400 0.965700 0.079300
vn -0.219500 0.973100 0.070400
vn -0.204800 0.978100 0.036900
vn -0.207900 0.978100 0.010100
vn -0.195400 0.980100 0.035200
vn -0.198300 0.980100 0.009600
vn -0.198100 0.978100 0.063500
vn -0.189000 0.980100 0.060600
vn -0.207400 0.978100 -0.016900
vn -0.229800 0.973000 -0.018700
vn -0.203400 0.978100 -0.044000
vn -0.225300 0.973100 -0.048800
vn -0.197900 0.980100 -0.016100
vn -0.194000 0.980100 -0.042000
vn -0.258900 0.965600 -0.021100
vn -0.253900 0.965700 -0.055000
vn -0.207100 0.978200 0.010000
vn -0.199300 0.979900 0.009700
vn -0.196400 0.979900 0.035300
vn -0.204000 0.978200 0.036700
vn -0.189900 0.979900 0.060900
vn -0.197400 0.978300 0.063300
vn -0.323200 0.944500 0.058200
vn -0.328000 0.944500 0.015900
vn -0.575200 0.811400 0.103700
vn -0.583300 0.811700 0.028400
vn -0.312700 0.944500 0.100300
vn -0.556500 0.811400 0.178500
vn -0.327500 0.944500 -0.026600
vn -0.206600 0.978200 -0.016800
vn -0.320900 0.944500 -0.069400
vn -0.202600 0.978300 -0.043900
vn -0.581500 0.812100 -0.047300
vn -0.570100 0.812300 -0.123400
vn -0.198900 0.979900 -0.016200
vn -0.195000 0.979900 -0.042200
vn -0.205100 0.973000 -0.105500
vn -0.231000 0.965600 -0.118800
vn -0.244500 0.965600 -0.087900
vn -0.217000 0.973000 -0.078000
vn -0.195800 0.978100 -0.070400
vn -0.185100 0.978100 -0.095200
vn -0.186800 0.980100 -0.067200
vn -0.176600 0.980100 -0.090800
vn -0.171200 0.978100 -0.118300
vn -0.189700 0.973000 -0.131100
vn -0.154100 0.978100 -0.139800
vn -0.170700 0.973100 -0.154900
vn -0.163300 0.980100 -0.112900
vn -0.147000 0.980100 -0.133400
vn -0.213700 0.965600 -0.147700
vn -0.192400 0.965700 -0.174500
vn -0.184400 0.978200 -0.094800
vn -0.177400 0.979900 -0.091300
vn -0.187700 0.979900 -0.067500
vn -0.195100 0.978200 -0.070200
vn -0.309200 0.944500 -0.111200
vn -0.292200 0.944400 -0.150300
vn -0.549500 0.811700 -0.197700
vn -0.519800 0.811300 -0.267500
vn -0.269900 0.944600 -0.186500
vn -0.170500 0.978200 -0.117900
vn -0.243100 0.944600 -0.220600
vn -0.153500 0.978300 -0.139300
vn -0.480500 0.811500 -0.332300
vn -0.432300 0.811800 -0.392400
vn -0.164100 0.979900 -0.113400
vn -0.147700 0.979900 -0.134000
vn -0.124900 0.973000 -0.193900
vn -0.140700 0.965600 -0.218400
vn -0.167700 0.965600 -0.198400
vn -0.148900 0.973000 -0.176100
vn -0.134300 0.978100 -0.158900
vn -0.112700 0.978100 -0.175000
vn -0.128200 0.980100 -0.151600
vn -0.107500 0.980100 -0.167000
vn -0.089100 0.978100 -0.188100
vn -0.098700 0.973000 -0.208400
vn -0.063500 0.978100 -0.198100
vn -0.070400 0.973100 -0.219500
vn -0.085000 0.980100 -0.179400
vn -0.060600 0.980100 -0.189000
vn -0.111200 0.965600 -0.234800
vn -0.079300 0.965700 -0.247300
vn -0.112200 0.978200 -0.174400
vn -0.108000 0.979900 -0.167800
vn -0.128800 0.979900 -0.152300
vn -0.133900 0.978200 -0.158400
vn -0.212300 0.944400 -0.251000
vn -0.178000 0.944400 -0.276400
vn -0.377100 0.811800 -0.445800
vn -0.316300 0.811700 -0.491000
vn -0.140700 0.944500 -0.297000
vn -0.088700 0.978200 -0.187400
vn -0.100300 0.944600 -0.312500
vn -0.063300 0.978200 -0.197400
vn -0.250000 0.811600 -0.527900
vn -0.178300 0.811900 -0.555800
vn -0.085400 0.979900 -0.180300
vn -0.060900 0.979900 -0.189900
vn -0.011200 0.973000 -0.230300
vn -0.012600 0.965600 -0.259500
vn -0.046100 0.965600 -0.255700
vn -0.040900 0.973100 -0.226900
vn -0.079300 0.965700 -0.247300
vn -0.070400 0.973100 -0.219500
vn -0.036900 0.978100 -0.204800
vn -0.010100 0.978100 -0.207900
vn -0.035200 0.980100 -0.195400
vn -0.009600 0.980100 -0.198300
vn -0.063500 0.978100 -0.198100
vn -0.060600 0.980100 -0.189000
vn 0.016900 0.978100 -0.207400
vn 0.018700 0.973000 -0.229800
vn 0.044000 0.978100 -0.203400
vn 0.048800 0.973100 -0.225300
vn 0.016100 0.980100 -0.197900
vn 0.042000 0.980100 -0.194000
vn 0.021100 0.965600 -0.258900
vn 0.055000 0.965700 -0.253900
vn -0.010000 0.978200 -0.207100
vn -0.009700 0.979900 -0.199300
vn -0.035400 0.979900 -0.196300
vn -0.036800 0.978200 -0.204100
vn -0.060900 0.979900 -0.189900
vn -0.063300 0.978200 -0.197400
vn -0.058200 0.944500 -0.323200
vn -0.015900 0.944400 -0.328300
vn -0.103600 0.811700 -0.574800
vn -0.028300 0.811500 -0.583700
vn -0.100300 0.944600 -0.312500
vn -0.178300 0.811900 -0.555800
vn 0.026600 0.944500 -0.327500
vn 0.016800 0.978300 -0.206600
vn 0.069500 0.944600 -0.320700
vn 0.043900 0.978300 -0.202600
vn 0.047400 0.811500 -0.582400
vn 0.123500 0.811800 -0.570600
vn 0.016200 0.979900 -0.198800
vn 0.042200 0.979900 -0.194900
vn 0.105500 0.973000 -0.205100
vn 0.118800 0.965600 -0.231000
vn 0.087900 0.965600 -0.244400
vn 0.078000 0.973100 -0.217000
vn 0.070400 0.978100 -0.195800
vn 0.095200 0.978100 -0.185100
vn 0.067200 0.980100 -0.186800
vn 0.090800 0.980100 -0.176600
vn 0.118300 0.978100 -0.171200
vn 0.131100 0.973000 -0.189700
vn 0.139800 0.978100 -0.154100
vn 0.154900 0.973100 -0.170700
vn 0.112900 0.980100 -0.163300
vn 0.133400 0.980100 -0.147000
vn 0.147700 0.965600 -0.213700
vn 0.174500 0.965700 -0.192400
vn 0.094900 0.978200 -0.184400
vn 0.091300 0.979900 -0.177400
vn 0.067500 0.979900 -0.187700
vn 0.070200 0.978200 -0.195100
vn 0.111100 0.944500 -0.309000
vn 0.150300 0.944400 -0.292500
vn 0.197700 0.811500 -0.549800
vn 0.267300 0.811300 -0.519800
vn 0.186800 0.944500 -0.270300
vn 0.117900 0.978200 -0.170600
vn 0.220600 0.944500 -0.243000
vn 0.139300 0.978200 -0.153500
vn 0.332300 0.811600 -0.480500
vn 0.392200 0.812000 -0.432100
vn 0.113400 0.979900 -0.164100
vn 0.134000 0.979900 -0.147700
vn 0.193900 0.973000 -0.124900
vn 0.218400 0.965600 -0.140700
vn 0.198400 0.965600 -0.167700
vn 0.176100 0.973000 -0.148900
vn 0.158900 0.978100 -0.134400
vn 0.175000 0.978100 -0.112700
vn 0.151600 0.980100 -0.128200
vn 0.167000 0.980100 -0.107500
vn 0.188100 0.978100 -0.089100
vn 0.208400 0.973100 -0.098700
vn 0.198100 0.978100 -0.063500
vn 0.219500 0.973100 -0.070400
vn 0.179400 0.980100 -0.085000
vn 0.189000 0.980100 -0.060600
vn 0.234700 0.965600 -0.111200
vn 0.247400 0.965700 -0.079300
vn 0.174300 0.978200 -0.112200
vn 0.167800 0.979900 -0.108000
vn 0.152300 0.979900 -0.128800
vn 0.158300 0.978200 -0.133900
vn 0.250700 0.944500 -0.212100
vn 0.275900 0.944600 -0.177800
vn 0.446000 0.811800 -0.376900
vn 0.491200 0.811600 -0.316200
vn 0.296700 0.944500 -0.140500
vn 0.187400 0.978200 -0.088700
vn 0.312300 0.944600 -0.100200
vn 0.197400 0.978300 -0.063300
vn 0.527600 0.811900 -0.249900
vn 0.555800 0.811900 -0.178200
vn 0.180300 0.979900 -0.085400
vn 0.189900 0.979900 -0.060900
vn 0.230300 0.973000 -0.011200
vn 0.259500 0.965600 -0.012600
vn 0.255700 0.965600 -0.046100
vn 0.226900 0.973000 -0.040900
vn 0.204800 0.978100 -0.036900
vn 0.207900 0.978100 -0.010100
vn 0.195400 0.980100 -0.035200
vn 0.198300 0.980100 -0.009600
vn 0.207400 0.978100 0.016900
vn 0.229800 0.973000 0.018700
vn 0.203400 0.978100 0.044000
vn 0.225300 0.973100 0.048800
vn 0.197900 0.980100 0.016100
vn 0.194000 0.980100 0.042000
vn 0.258900 0.965600 0.021100
vn 0.253900 0.965700 0.055000
vn 0.207100 0.978200 -0.010000
vn 0.199300 0.979900 -0.009700
vn 0.196400 0.979900 -0.035300
vn 0.204100 0.978200 -0.036700
vn 0.322900 0.944600 -0.058200
vn 0.328200 0.944500 -0.015900
vn 0.575200 0.811400 -0.103600
vn 0.583400 0.811700 -0.028400
vn 0.327800 0.944400 0.026700
vn 0.206600 0.978300 0.016800
vn 0.321000 0.944500 0.069400
vn 0.202600 0.978300 0.043900
vn 0.581800 0.811900 0.047300
vn 0.570300 0.812100 0.123400
vn 0.198900 0.979900 0.016200
vn 0.195000 0.979900 0.042200
vn 0.205100 0.973000 0.105500
vn 0.231000 0.965600 0.118800
vn 0.244400 0.965600 0.087900
vn 0.217000 0.973100 0.078000
vn 0.195800 0.978100 0.070400
vn 0.185100 0.978100 0.095200
vn 0.186800 0.980100 0.067200
vn 0.176600 0.980100 0.090800
vn 0.171200 0.978100 0.118300
vn 0.189700 0.973000 0.131100
vn 0.154100 0.978100 0.139800
vn 0.170700 0.973100 0.154900
vn 0.163300 0.980100 0.112900
vn 0.147000 0.980100 0.133400
vn 0.213700 0.965600 0.147700
vn 0.192400 0.965700 0.174500
vn 0.184400 0.978200 0.094800
vn 0.177400 0.979900 0.091300
vn 0.187700 0.979900 0.067500
vn 0.195100 0.978200 0.070200
vn 0.309200 0.944500 0.111200
vn 0.292300 0.944400 0.150300
vn 0.549200 0.812000 0.197600
vn 0.519700 0.811400 0.267400
vn 0.269900 0.944600 0.186500
vn 0.170500 0.978300 0.117900
vn 0.242900 0.944700 0.220400
vn 0.153500 0.978300 0.139300
vn 0.480800 0.811300 0.332400
vn 0.432500 0.811700 0.392500
vn 0.164100 0.979900 0.113400
vn 0.147700 0.979900 0.134000
vn 0.124900 0.973000 0.193900
vn 0.140700 0.965600 0.218400
vn 0.167700 0.965700 0.198400
vn 0.148900 0.973000 0.176100
vn 0.134300 0.978100 0.158900
vn 0.112700 0.978100 0.175000
vn 0.128200 0.980100 0.151600
vn 0.107500 0.980100 0.166900
vn 0.089100 0.978100 0.188100
vn 0.098700 0.973000 0.208400
vn 0.063500 0.978100 0.198200
vn 0.070400 0.973100 0.219500
vn 0.085000 0.980100 0.179400
vn 0.060600 0.980100 0.189000
vn 0.111200 0.965600 0.234700
vn 0.079300 0.965700 0.247300
vn 0.112200 0.978200 0.174400
vn 0.108000 0.979900 0.167800
vn 0.128800 0.979900 0.152300
vn 0.133900 0.978200 0.158300
vn 0.212200 0.944400 0.251000
vn 0.178000 0.944400 0.276500
vn 0.377100 0.811800 0.445800
vn 0.316100 0.811900 0.490800
vn 0.140700 0.944500 0.296900
vn 0.088700 0.978200 0.187400
vn 0.100300 0.944600 0.312600
vn 0.063300 0.978300 0.197400
vn 0.250000 0.811700 0.527800
vn 0.178400 0.811800 0.556000
vn 0.085400 0.979900 0.180300
vn 0.060900 0.979900 0.189900
vn 0.011200 0.973000 0.230300
vn 0.012600 0.965600 0.259500
vn 0.046100 0.965600 0.255700
vn 0.040900 0.973100 0.226900
vn 0.036900 0.978100 0.204800
vn 0.010100 0.978100 0.207900
vn 0.035200 0.980100 0.195400
vn 0.009600 0.980100 0.198300
vn -0.016900 0.978100 0.207400
vn -0.018700 0.973100 0.229800
vn -0.044000 0.978100 0.203400
vn -0.048800 0.973100 0.225300
vn -0.016100 0.980100 0.197900
vn -0.042000 0.980100 0.194000
vn -0.021100 0.965600 0.258900
vn -0.055000 0.965700 0.253900
vn 0.010000 0.978200 0.207100
vn 0.009700 0.979900 0.199300
vn 0.035400 0.979900 0.196300
vn 0.036800 0.978200 0.204100
vn 0.058300 0.944500 0.323300
vn 0.015900 0.944400 0.328300
vn 0.103600 0.811600 0.574900
vn 0.028400 0.811400 0.583700
vn -0.026600 0.944500 0.327500
vn -0.016800 0.978200 0.206600
vn -0.069500 0.944600 0.320800
vn -0.043900 0.978300 0.202600
vn -0.047400 0.811500 0.582400
vn -0.123600 0.811700 0.570800
vn -0.016200 0.979900 0.198800
vn -0.042200 0.979900 0.195000
vn -0.105500 0.973000 0.205100
vn -0.118800 0.965600 0.231000
vn -0.087900 0.965600 0.244400
vn -0.078000 0.973000 0.217000
vn -0.070400 0.978100 0.195800
vn -0.095200 0.978100 0.185100
vn -0.067200 0.980100 0.186800
vn -0.090800 0.980100 0.176600
vn -0.118300 0.978100 0.171200
vn -0.131100 0.973100 0.189700
vn -0.139800 0.978100 0.154100
vn -0.154900 0.973100 0.170700
vn -0.112900 0.980100 0.163300
vn -0.133400 0.980100 0.147000
vn -0.147700 0.965600 0.213700
vn -0.174500 0.965700 0.192400
vn -0.094900 0.978200 0.184400
vn -0.091300 0.979900 0.177400
vn -0.067500 0.979900 0.187700
vn -0.070200 0.978200 0.195100
vn -0.111100 0.944500 0.309100
vn -0.150300 0.944400 0.292500
vn -0.197700 0.811500 0.549900
vn -0.267300 0.811300 0.519800
vn -0.186800 0.944400 0.270300
vn -0.117900 0.978200 0.170600
vn -0.220600 0.944500 0.243100
vn -0.139300 0.978200 0.153600
vn -0.332300 0.811600 0.480500
vn -0.392400 0.811900 0.432200
vn -0.113400 0.979900 0.164100
vn -0.134000 0.979900 0.147700
vn -0.193900 0.973000 0.124900
vn -0.218400 0.965600 0.140700
vn -0.198400 0.965600 0.167700
vn -0.176100 0.973000 0.148900
vn -0.158900 0.978100 0.134400
vn -0.175000 0.978100 0.112700
vn -0.151600 0.980100 0.128200
vn -0.167000 0.980100 0.107500
vn -0.188100 0.978100 0.089100
vn -0.208400 0.973000 0.098700
vn -0.179400 0.980100 0.085000
vn -0.234800 0.965600 0.111200
vn -0.174300 0.978200 0.112200
vn -0.167800 0.979900 0.108000
vn -0.152300 0.979900 0.128800
vn -0.158300 0.978200 0.133900
vn -0.250800 0.944500 0.212100
vn -0.275800 0.944600 0.177700
vn -0.446200 0.811600 0.377100
vn -0.491400 0.811400 0.316400
vn -0.296600 0.944600 0.140500
vn -0.187400 0.978300 0.088700
vn -0.528000 0.811500 0.250100
vn -0.180300 0.979900 0.085400
vn -0.813900 0.250200 0.524300
vn -0.701000 0.552200 0.451300
vn -0.636500 0.552500 0.538000
vn -0.739300 0.249900 0.625300
vn -0.559700 0.553300 0.616800
vn -0.650400 0.250700 0.717000
vn -0.762200 0.057400 0.644700
vn -0.839300 0.057300 0.540600
vn -0.763600 0.000000 0.645600
vn -0.840800 0.000000 0.541400
vn -0.670700 0.057700 0.739500
vn -0.672000 0.000000 0.740500
vn -0.902200 0.057700 0.427400
vn -0.874900 0.250400 0.414600
vn -0.950700 0.056700 0.304800
vn -0.922000 0.249900 0.295700
vn -0.903700 0.000000 0.428000
vn -0.952200 0.000000 0.305300
vn -0.753300 0.552400 0.356800
vn -0.793400 0.553000 0.254400
vn -0.442700 0.250100 0.861000
vn -0.381400 0.552600 0.741100
vn -0.282200 0.552400 0.784300
vn -0.327600 0.250200 0.911000
vn -0.176400 0.552700 0.814500
vn -0.205000 0.250300 0.946200
vn -0.337800 0.057800 0.939400
vn -0.456600 0.057600 0.887800
vn -0.338500 0.000000 0.941000
vn -0.457500 0.000000 0.889200
vn -0.211200 0.057800 0.975700
vn -0.211600 0.000000 0.977300
vn -0.567700 0.057500 0.821200
vn -0.550300 0.250700 0.796400
vn -0.568700 0.000000 0.822500
vn -0.473700 0.553300 0.685100
vn 0.047000 0.250300 0.967000
vn 0.040400 0.552700 0.832400
vn 0.147900 0.553000 0.819900
vn 0.171700 0.250300 0.952800
vn 0.254500 0.553100 0.793200
vn 0.295700 0.250300 0.921900
vn 0.177000 0.057300 0.982500
vn 0.048400 0.057600 0.997200
vn 0.177300 0.000000 0.984100
vn 0.048500 0.000000 0.998800
vn 0.304800 0.057400 0.950700
vn 0.305500 0.000000 0.952200
vn -0.081000 0.057800 0.995000
vn -0.078500 0.250400 0.964900
vn -0.081100 0.000000 0.996700
vn -0.067600 0.552600 0.830700
vn 0.524100 0.249800 0.814200
vn 0.451000 0.553500 0.700200
vn 0.538100 0.553300 0.635900
vn 0.625200 0.250500 0.739100
vn 0.617600 0.552000 0.560200
vn 0.717200 0.249800 0.650600
vn 0.644400 0.057900 0.762400
vn 0.540500 0.057200 0.839400
vn 0.645600 0.000000 0.763600
vn 0.541500 0.000000 0.840700
vn 0.739300 0.057700 0.670900
vn 0.740500 0.000000 0.672000
vn 0.427400 0.057000 0.902200
vn 0.414400 0.249500 0.875200
vn 0.428200 0.000000 0.903700
vn 0.356600 0.552800 0.753100
vn 0.860800 0.251000 0.442700
vn 0.741200 0.552400 0.381400
vn 0.783800 0.553400 0.281900
vn 0.911100 0.250000 0.327800
vn 0.813800 0.553800 0.176200
vn 0.946200 0.250600 0.204800
vn 0.939400 0.057400 0.338000
vn 0.887700 0.058800 0.456600
vn 0.941000 0.000000 0.338500
vn 0.889300 0.000000 0.457300
vn 0.975700 0.057600 0.211200
vn 0.977300 0.000000 0.211600
vn 0.821200 0.058600 0.567600
vn 0.796300 0.250700 0.550400
vn 0.822700 0.000000 0.568500
vn 0.686100 0.551600 0.474300
vn 0.967100 0.249800 -0.046900
vn 0.832200 0.552900 -0.040400
vn 0.820000 0.552900 -0.147700
vn 0.952800 0.250500 -0.171600
vn 0.793400 0.552900 -0.254500
vn 0.922000 0.249800 -0.295700
vn 0.982500 0.056900 -0.176900
vn 0.997200 0.057200 -0.048400
vn 0.984100 0.000000 -0.177300
vn 0.998800 0.000000 -0.048500
vn 0.950700 0.057100 -0.304900
vn 0.952200 0.000000 -0.305300
vn 0.995000 0.057900 0.080900
vn 0.965000 0.250000 0.078500
vn 0.996700 0.000000 0.081100
vn 0.830200 0.553300 0.067600
vn 0.814000 0.249800 -0.524400
vn 0.701200 0.551800 -0.451400
vn 0.636500 0.552500 -0.538000
vn 0.739200 0.250000 -0.625300
vn 0.559800 0.553100 -0.616900
vn 0.650400 0.250000 -0.717200
vn 0.762200 0.057900 -0.644700
vn 0.839300 0.058000 -0.540600
vn 0.763600 0.000000 -0.645600
vn 0.840800 0.000000 -0.541300
vn 0.670700 0.057600 -0.739500
vn 0.672000 0.000000 -0.740500
vn 0.902200 0.057600 -0.427400
vn 0.875100 0.249300 -0.414700
vn 0.903700 0.000000 -0.428000
vn 0.753500 0.552200 -0.356800
vn 0.442800 0.250000 -0.861000
vn 0.381400 0.552400 -0.741200
vn 0.282200 0.552400 -0.784300
vn 0.327700 0.250300 -0.911000
vn 0.176400 0.552600 -0.814500
vn 0.205000 0.249900 -0.946300
vn 0.338000 0.057800 -0.939400
vn 0.456600 0.057600 -0.887800
vn 0.338500 0.000000 -0.941000
vn 0.457400 0.000000 -0.889200
vn 0.211200 0.057600 -0.975700
vn 0.211600 0.000000 -0.977300
vn 0.567600 0.057300 -0.821300
vn 0.550300 0.249700 -0.796700
vn 0.568700 0.000000 -0.822500
vn 0.474000 0.552700 -0.685400
vn -0.047000 0.249900 -0.967100
vn -0.040400 0.552200 -0.832700
vn -0.147900 0.552600 -0.820200
vn -0.171700 0.250100 -0.952800
vn -0.254500 0.553000 -0.793300
vn -0.295600 0.250400 -0.921900
vn -0.177000 0.057700 -0.982500
vn -0.048400 0.057900 -0.997100
vn -0.177300 0.000000 -0.984100
vn -0.048500 0.000000 -0.998800
vn -0.304800 0.057800 -0.950600
vn -0.305500 0.000000 -0.952200
vn 0.081000 0.057700 -0.995000
vn 0.078500 0.249900 -0.965100
vn 0.081100 0.000000 -0.996700
vn 0.067600 0.552300 -0.830900
vn -0.524100 0.250000 -0.814100
vn -0.451000 0.553500 -0.700100
vn -0.538100 0.553100 -0.635900
vn -0.625300 0.249900 -0.739200
vn -0.617500 0.552200 -0.560100
vn -0.717200 0.249500 -0.650600
vn -0.644500 0.057400 -0.762500
vn -0.540600 0.056800 -0.839400
vn -0.645600 0.000000 -0.763700
vn -0.541500 0.000000 -0.840700
vn -0.739300 0.057700 -0.670900
vn -0.740500 0.000000 -0.672000
vn -0.427400 0.057300 -0.902200
vn -0.414300 0.250000 -0.875100
vn -0.304800 0.057800 -0.950600
vn -0.295600 0.250400 -0.921900
vn -0.428200 0.000000 -0.903700
vn -0.305500 0.000000 -0.952200
vn -0.356600 0.553000 -0.753000
vn -0.254500 0.553000 -0.793300
vn -0.860800 0.250800 -0.442800
vn -0.741100 0.552600 -0.381300
vn -0.783800 0.553300 -0.281900
vn -0.911000 0.250400 -0.327700
vn -0.814100 0.553400 -0.176300
vn -0.946300 0.249800 -0.204900
vn -0.939400 0.057400 -0.338000
vn -0.887700 0.058000 -0.456600
vn -0.941000 0.000000 -0.338400
vn -0.889300 0.000000 -0.457300
vn -0.975700 0.057400 -0.211200
vn -0.977300 0.000000 -0.211600
vn -0.821300 0.057800 -0.567600
vn -0.796500 0.249900 -0.550500
vn -0.822700 0.000000 -0.568500
vn -0.685900 0.551900 -0.474200
vn -0.966900 0.250600 0.046900
vn -0.831900 0.553500 0.040400
vn -0.819800 0.553300 0.147700
vn -0.952800 0.250200 0.171600
vn -0.982600 0.056300 0.176900
vn -0.997200 0.056800 0.048400
vn -0.984100 0.000000 0.177300
vn -0.998800 -0.000400 0.048500
vn -0.995100 0.057400 -0.081000
vn -0.965100 0.250000 -0.078600
vn -0.996700 -0.000400 -0.081100
vn -0.830200 0.553300 -0.067600
vn -0.840700 0.000000 0.541500
vn -0.840800 0.000000 0.541400
vn -0.763600 0.000000 0.645600
vn -0.763600 0.000000 0.645600
vn -0.672000 0.000000 0.740600
vn -0.672000 0.000000 0.740500
vn -0.763700 0.000000 0.645600
vn -0.840700 0.000000 0.541500
vn -0.763500 0.000000 0.645800
vn -0.840800 0.000000 0.541400
vn -0.672000 0.000000 0.740500
vn -0.671800 0.000000 0.740700
vn -0.903700 0.000000 0.428100
vn -0.903700 0.000000 0.428100
vn -0.952200 0.000000 0.305400
vn -0.952200 0.000000 0.305400
vn -0.903700 0.000000 0.428000
vn -0.952200 0.000000 0.305400
vn -0.903700 0.000000 0.428100
vn -0.952200 0.000000 0.305400
vn -0.833700 0.129600 0.536800
vn -0.840400 0.028000 0.541200
vn -0.763300 0.028200 0.645400
vn -0.757300 0.129800 0.640000
vn -0.671700 0.028200 0.740300
vn -0.666500 0.129700 0.734200
vn -0.715800 0.348200 0.605300
vn -0.788000 0.348400 0.507500
vn -0.559100 0.681200 0.472600
vn -0.615600 0.681100 0.396400
vn -0.629900 0.348600 0.694100
vn -0.491600 0.681900 0.541600
vn -0.846700 0.349400 0.401100
vn -0.896100 0.128500 0.424700
vn -0.892000 0.349900 0.286300
vn -0.944200 0.129000 0.302900
vn -0.660400 0.682600 0.312900
vn -0.695800 0.682700 0.223100
vn -0.903400 0.027900 0.427900
vn -0.951900 0.028500 0.305100
vn -0.457400 0.000000 0.889200
vn -0.457400 0.000000 0.889200
vn -0.338500 0.000000 0.940900
vn -0.338500 0.000000 0.940900
vn -0.211600 0.000000 0.977300
vn -0.211600 0.000000 0.977300
vn -0.338500 0.000000 0.940900
vn -0.457400 0.000000 0.889200
vn -0.338400 0.000000 0.941000
vn -0.457300 0.000000 0.889300
vn -0.211600 0.000000 0.977300
vn -0.211600 0.000000 0.977300
vn -0.568500 0.000000 0.822600
vn -0.568600 0.000000 0.822600
vn -0.568600 0.000000 0.822600
vn -0.568600 0.000000 0.822600
vn -0.453500 0.129800 0.881700
vn -0.457300 0.027900 0.888900
vn -0.338400 0.027800 0.940500
vn -0.335600 0.129700 0.933000
vn -0.211600 0.027500 0.977000
vn -0.210000 0.129300 0.969100
vn -0.317100 0.350000 0.881400
vn -0.428500 0.349500 0.833200
vn -0.247500 0.682300 0.687800
vn -0.334600 0.682300 0.650000
vn -0.198300 0.349700 0.915600
vn -0.154800 0.682200 0.714600
vn -0.532900 0.349400 0.770700
vn -0.563800 0.130100 0.815600
vn -0.416200 0.681900 0.601400
vn -0.568400 0.027900 0.822200
vn 0.048500 0.000000 0.998800
vn 0.048500 0.000000 0.998800
vn 0.177300 0.000000 0.984100
vn 0.177300 0.000000 0.984100
vn 0.305300 0.000000 0.952200
vn 0.305400 0.000000 0.952200
vn 0.177300 0.000000 0.984100
vn 0.048500 0.000000 0.998800
vn 0.177300 0.000000 0.984100
vn 0.048500 0.000000 0.998800
vn 0.305400 0.000000 0.952200
vn 0.305400 0.000000 0.952200
vn -0.081100 0.000000 0.996700
vn -0.081100 0.000000 0.996700
vn -0.081100 0.000000 0.996700
vn -0.081100 0.000000 0.996700
vn 0.048100 0.129100 0.990400
vn 0.048500 0.028000 0.998400
vn 0.177100 0.028100 0.983800
vn 0.175900 0.129200 0.975900
vn 0.305300 0.028100 0.951800
vn 0.302900 0.129100 0.944200
vn 0.166200 0.348800 0.922300
vn 0.045400 0.349000 0.936000
vn 0.129700 0.682100 0.719600
vn 0.035400 0.682000 0.730500
vn 0.286300 0.348400 0.892500
vn 0.223400 0.682000 0.696300
vn -0.076000 0.349000 0.934000
vn -0.080400 0.129000 0.988300
vn -0.059400 0.682000 0.728900
vn -0.081100 0.027600 0.996300
vn 0.541300 0.000000 0.840800
vn 0.541400 0.000000 0.840800
vn 0.645700 0.000000 0.763500
vn 0.645600 0.000000 0.763700
vn 0.740600 0.000000 0.671900
vn 0.740600 0.000000 0.672000
vn 0.645600 0.000000 0.763600
vn 0.541500 0.000000 0.840700
vn 0.645600 0.000000 0.763700
vn 0.541400 0.000000 0.840800
vn 0.740500 0.000000 0.672000
vn 0.740500 0.000000 0.672000
vn 0.428100 0.000000 0.903700
vn 0.428100 0.000000 0.903700
vn 0.428100 0.000000 0.903700
vn 0.428000 0.000000 0.903700
vn 0.536800 0.129800 0.833700
vn 0.541200 0.028200 0.840400
vn 0.645300 0.028200 0.763300
vn 0.640400 0.129200 0.757000
vn 0.740300 0.028100 0.671700
vn 0.734500 0.129200 0.666200
vn 0.605200 0.348900 0.715500
vn 0.507300 0.348700 0.788000
vn 0.472100 0.682100 0.558300
vn 0.396200 0.681600 0.615200
vn 0.693800 0.350100 0.629200
vn 0.541300 0.682500 0.491000
vn 0.401200 0.348600 0.847000
vn 0.424300 0.129500 0.896200
vn 0.313300 0.681800 0.661000
vn 0.428000 0.028200 0.903300
vn 0.889200 0.000000 0.457400
vn 0.889200 0.000000 0.457400
vn 0.940900 0.000000 0.338500
vn 0.940900 0.000000 0.338500
vn 0.977300 0.000000 0.211600
vn 0.977300 0.000000 0.211600
vn 0.940900 0.000000 0.338500
vn 0.889200 0.000000 0.457400
vn 0.940900 0.000000 0.338600
vn 0.889200 0.000000 0.457400
vn 0.977300 0.000000 0.211600
vn 0.977300 0.000000 0.211700
vn 0.822600 0.000000 0.568600
vn 0.822600 0.000000 0.568600
vn 0.822600 0.000000 0.568600
vn 0.822600 0.000000 0.568600
vn 0.882000 0.128300 0.453500
vn 0.888900 0.026200 0.457200
vn 0.940600 0.026700 0.338400
vn 0.933100 0.129400 0.335500
vn 0.977000 0.026800 0.211600
vn 0.969100 0.129300 0.209900
vn 0.881000 0.351300 0.316900
vn 0.833200 0.349400 0.428600
vn 0.688300 0.681800 0.247500
vn 0.650300 0.682000 0.334500
vn 0.915500 0.350100 0.198200
vn 0.714900 0.681900 0.154700
vn 0.770700 0.349300 0.532900
vn 0.815800 0.128400 0.563900
vn 0.601200 0.682400 0.415800
vn 0.822300 0.026900 0.568400
vn 0.998800 0.000000 -0.048500
vn 0.998800 0.000000 -0.048500
vn 0.984100 0.000000 -0.177300
vn 0.984100 0.000000 -0.177400
vn 0.952200 0.000000 -0.305400
vn 0.952200 0.000000 -0.305400
vn 0.984100 0.000000 -0.177300
vn 0.998800 0.000000 -0.048500
vn 0.984100 0.000000 -0.177400
vn 0.998800 0.000000 -0.048500
vn 0.952200 0.000000 -0.305400
vn 0.952200 0.000000 -0.305400
vn 0.996700 0.000000 0.081100
vn 0.996700 0.000000 0.081100
vn 0.996700 0.000000 0.081100
vn 0.996700 0.000000 0.081100
vn 0.990400 0.129400 -0.048100
vn 0.998400 0.027900 -0.048500
vn 0.983800 0.028100 -0.177200
vn 0.975800 0.129600 -0.175800
vn 0.951900 0.028100 -0.305200
vn 0.944100 0.130100 -0.302800
vn 0.922300 0.348900 -0.166400
vn 0.936000 0.349000 -0.045400
vn 0.720100 0.681600 -0.129700
vn 0.730400 0.682100 -0.035400
vn 0.891900 0.350100 -0.286200
vn 0.697000 0.681300 -0.223600
vn 0.934000 0.349000 0.076000
vn 0.988300 0.129300 0.080400
vn 0.728800 0.682200 0.059300
vn 0.996300 0.027400 0.081100
vn 0.840700 0.000000 -0.541400
vn 0.840800 0.000000 -0.541400
vn 0.763600 0.000000 -0.645600
vn 0.763600 0.000000 -0.645600
vn 0.672000 0.000000 -0.740600
vn 0.672000 0.000000 -0.740500
vn 0.763700 0.000000 -0.645600
vn 0.840700 0.000000 -0.541500
vn 0.763500 0.000000 -0.645800
vn 0.840800 0.000000 -0.541400
vn 0.672000 0.000000 -0.740500
vn 0.671900 0.000000 -0.740700
vn 0.903700 0.000000 -0.428100
vn 0.903700 0.000000 -0.428100
vn 0.903700 0.000000 -0.428000
vn 0.903700 0.000000 -0.428100
vn 0.833500 0.130600 -0.536800
vn 0.840400 0.028700 -0.541200
vn 0.763300 0.027900 -0.645400
vn 0.757200 0.130600 -0.639900
vn 0.671700 0.027600 -0.740300
vn 0.666400 0.129900 -0.734200
vn 0.715600 0.348800 -0.605100
vn 0.788300 0.347700 -0.507700
vn 0.559600 0.680500 -0.473100
vn 0.616400 0.680100 -0.396800
vn 0.629800 0.349000 -0.693900
vn 0.492000 0.681300 -0.542000
vn 0.846800 0.349000 -0.401300
vn 0.896000 0.130300 -0.424600
vn 0.662100 0.680600 -0.313600
vn 0.903300 0.028400 -0.427900
vn 0.457400 0.000000 -0.889200
vn 0.457400 0.000000 -0.889200
vn 0.338500 0.000000 -0.941000
vn 0.338500 0.000000 -0.940900
vn 0.211600 0.000000 -0.977300
vn 0.211600 0.000000 -0.977300
vn 0.338500 0.000000 -0.940900
vn 0.457400 0.000000 -0.889200
vn 0.338400 0.000000 -0.941000
vn 0.457300 0.000000 -0.889300
vn 0.211600 0.000000 -0.977300
vn 0.211600 0.000000 -0.977300
vn 0.568500 0.000000 -0.822600
vn 0.568600 0.000000 -0.822600
vn 0.568600 0.000000 -0.822600
vn 0.568600 0.000000 -0.822600
vn 0.453500 0.129300 -0.881800
vn 0.457300 0.028000 -0.888900
vn 0.338400 0.027900 -0.940500
vn 0.335700 0.129100 -0.933100
vn 0.211600 0.027900 -0.976900
vn 0.210000 0.129300 -0.969100
vn 0.317300 0.348800 -0.881800
vn 0.428600 0.349100 -0.833300
vn 0.247700 0.682000 -0.688100
vn 0.334500 0.682500 -0.649800
vn 0.198400 0.348900 -0.915900
vn 0.154900 0.681700 -0.715000
vn 0.532800 0.349600 -0.770700
vn 0.563900 0.129800 -0.815600
vn 0.416000 0.682300 -0.601100
vn 0.568400 0.027900 -0.822200
vn -0.048500 0.000000 -0.998800
vn -0.048500 0.000000 -0.998800
vn -0.177300 0.000000 -0.984100
vn -0.177300 0.000000 -0.984100
vn -0.305300 0.000000 -0.952200
vn -0.305300 0.000000 -0.952200
vn -0.177300 0.000000 -0.984100
vn -0.048500 0.000000 -0.998800
vn -0.177300 0.000000 -0.984100
vn -0.048500 0.000000 -0.998800
vn -0.305300 0.000000 -0.952200
vn -0.305400 0.000000 -0.952200
vn 0.081100 0.000000 -0.996700
vn 0.081100 0.000000 -0.996700
vn 0.081100 0.000000 -0.996700
vn 0.081100 0.000000 -0.996700
vn -0.048100 0.129500 -0.990400
vn -0.048500 0.027900 -0.998400
vn -0.177200 0.027700 -0.983800
vn -0.175900 0.129300 -0.975900
vn -0.305200 0.027600 -0.951800
vn -0.302900 0.128700 -0.944300
vn -0.166200 0.348900 -0.922300
vn -0.045400 0.349000 -0.936000
vn -0.129800 0.681700 -0.720000
vn -0.035500 0.681600 -0.730900
vn -0.286100 0.348900 -0.892400
vn -0.223400 0.682200 -0.696200
vn 0.075900 0.348800 -0.934100
vn 0.080400 0.129300 -0.988300
vn 0.059400 0.681700 -0.729100
vn 0.081100 0.027900 -0.996300
vn -0.541400 0.000000 -0.840800
vn -0.541400 0.000000 -0.840800
vn -0.645700 0.000000 -0.763500
vn -0.645600 0.000000 -0.763700
vn -0.740600 0.000000 -0.671900
vn -0.740600 0.000000 -0.672000
vn -0.645600 0.000000 -0.763600
vn -0.541500 0.000000 -0.840700
vn -0.645500 0.000000 -0.763700
vn -0.541400 0.000000 -0.840700
vn -0.740500 0.000000 -0.672000
vn -0.740500 0.000000 -0.672000
vn -0.428100 0.000000 -0.903700
vn -0.428100 0.000000 -0.903700
vn -0.305300 0.000000 -0.952200
vn -0.305300 0.000000 -0.952200
vn -0.428100 0.000000 -0.903700
vn -0.305400 0.000000 -0.952200
vn -0.428000 0.000000 -0.903700
vn -0.305300 0.000000 -0.952200
vn -0.536800 0.129800 -0.833600
vn -0.541200 0.027700 -0.840400
vn -0.645300 0.027600 -0.763400
vn -0.640500 0.128500 -0.757100
vn -0.740300 0.027800 -0.671700
vn -0.734500 0.128100 -0.666300
vn -0.605200 0.348900 -0.715500
vn -0.507100 0.349700 -0.787700
vn -0.471800 0.682700 -0.557900
vn -0.395800 0.682300 -0.614600
vn -0.694100 0.349300 -0.629400
vn -0.541000 0.682900 -0.490800
vn -0.401100 0.349500 -0.846700
vn -0.424400 0.128900 -0.896200
vn -0.286100 0.348900 -0.892400
vn -0.302900 0.128700 -0.944300
vn -0.313000 0.682500 -0.660400
vn -0.223400 0.682200 -0.696200
vn -0.428000 0.027600 -0.903300
vn -0.305200 0.027600 -0.951800
vn -0.889200 0.000000 -0.457400
vn -0.889200 0.000000 -0.457400
vn -0.940900 0.000000 -0.338500
vn -0.940900 0.000000 -0.338500
vn -0.977300 0.000000 -0.211600
vn -0.977300 0.000000 -0.211600
vn -0.940900 0.000000 -0.338500
vn -0.889200 0.000000 -0.457400
vn -0.940900 0.000000 -0.338600
vn -0.889200 0.000000 -0.457400
vn -0.977300 0.000000 -0.211700
vn -0.977300 0.000000 -0.211700
vn -0.822600 0.000000 -0.568600
vn -0.822600 0.000000 -0.568600
vn -0.822600 0.000000 -0.568600
vn -0.822600 0.000000 -0.568600
vn -0.882000 0.128300 -0.453500
vn -0.888900 0.026400 -0.457200
vn -0.940600 0.026300 -0.338400
vn -0.933100 0.129100 -0.335600
vn -0.977000 0.027300 -0.211600
vn -0.969100 0.129600 -0.209900
vn -0.881000 0.351300 -0.316900
vn -0.833100 0.349500 -0.428600
vn -0.688100 0.682100 -0.247400
vn -0.650200 0.682200 -0.334400
vn -0.915700 0.349300 -0.198300
vn -0.715300 0.681500 -0.154700
vn -0.770700 0.349200 -0.532900
vn -0.815700 0.128700 -0.563900
vn -0.601200 0.682400 -0.415800
vn -0.822300 0.027400 -0.568400
vn -0.998800 0.000400 0.048500
vn -0.998800 0.000000 0.048500
vn -0.984100 0.000000 0.177300
vn -0.984100 0.000000 0.177400
vn -0.984100 0.000000 0.177300
vn -0.998800 0.000000 0.048400
vn -0.984100 0.000000 0.177400
vn -0.998800 -0.000400 0.048500
vn -0.996700 0.000000 -0.081100
vn -0.996700 0.000400 -0.081100
vn -0.996700 -0.000400 -0.081100
vn -0.996700 0.000000 -0.081100
vn -0.990300 0.129900 0.048100
vn -0.998400 0.028400 0.048500
vn -0.983700 0.028500 0.177200
vn -0.975900 0.129400 0.175800
vn -0.922300 0.348900 0.166300
vn -0.936100 0.348800 0.045400
vn -0.719600 0.682100 0.129600
vn -0.730300 0.682100 0.035400
vn -0.934400 0.348100 -0.076100
vn -0.988200 0.130100 -0.080400
vn -0.729100 0.681800 -0.059300
vn -0.996300 0.028400 -0.081100
vn -0.056700 0.997700 0.036500
vn -0.288800 0.939200 0.185800
vn -0.262200 0.939200 0.221500
vn -0.051500 0.997700 0.043600
vn -0.230300 0.939400 0.254000
vn -0.045400 0.997700 0.050400
vn -0.007000 0.999900 0.005900
vn -0.007800 0.999900 0.005000
vn 0.000000 1.000000 0.000000
vn 0.000000 1.000000 0.000000
vn -0.006200 0.999900 0.006800
vn 0.000000 1.000000 0.000000
vn -0.008300 0.999900 0.004000
vn -0.061000 0.997700 0.029000
vn -0.008800 0.999900 0.002800
vn -0.064300 0.997700 0.020800
vn 0.000000 1.000000 0.000000
vn 0.000000 1.000000 0.000000
vn -0.310600 0.939100 0.147100
vn -0.327700 0.938900 0.105200
vn -0.030900 0.997700 0.060200
vn -0.156900 0.939400 0.304900
vn -0.116000 0.939200 0.323000
vn -0.022900 0.997700 0.063500
vn -0.072700 0.939200 0.335500
vn -0.014300 0.997700 0.066000
vn -0.003100 0.999900 0.008600
vn -0.004200 0.999900 0.008100
vn 0.000000 1.000000 0.000000
vn 0.000000 1.000000 0.000000
vn -0.002000 0.999900 0.009000
vn 0.000000 1.000000 0.000000
vn -0.005200 0.999900 0.007600
vn -0.038400 0.997700 0.055800
vn 0.000000 1.000000 0.000100
vn -0.195100 0.939300 0.282200
vn 0.003300 0.997700 0.067300
vn 0.016600 0.939200 0.342800
vn 0.060800 0.939400 0.337400
vn 0.012000 0.997700 0.066300
vn 0.104800 0.939300 0.326600
vn 0.020600 0.997700 0.064300
vn 0.001600 0.999900 0.009100
vn 0.000400 0.999900 0.009300
vn 0.000000 1.000000 0.000000
vn 0.000000 1.000000 0.000000
vn 0.002800 0.999900 0.008700
vn 0.000000 1.000000 0.000000
vn -0.000700 0.999900 0.009200
vn -0.005500 0.997700 0.067300
vn 0.000000 1.000000 0.000000
vn -0.027800 0.939300 0.341900
vn 0.036500 0.997700 0.056900
vn 0.185900 0.939200 0.288600
vn 0.221800 0.939200 0.262200
vn 0.043600 0.997700 0.051700
vn 0.254800 0.938900 0.231400
vn 0.050000 0.997700 0.045500
vn 0.006000 0.999900 0.007000
vn 0.005000 0.999900 0.007800
vn 0.000000 1.000000 0.000000
vn 0.000000 1.000000 0.000000
vn 0.006800 0.999900 0.006100
vn 0.000000 1.000000 0.000000
vn 0.003900 0.999900 0.008200
vn 0.028900 0.997700 0.061000
vn 0.000000 1.000000 0.000000
vn 0.146900 0.939300 0.310100
vn 0.060100 0.997700 0.030900
vn 0.304900 0.939400 0.156700
vn 0.324100 0.938800 0.116500
vn 0.063500 0.997700 0.022800
vn 0.335600 0.939200 0.072700
vn 0.066000 0.997700 0.014300
vn 0.008700 0.999900 0.003100
vn 0.008200 0.999900 0.004200
vn 0.000000 1.000000 0.000000
vn 0.000000 1.000000 0.000000
vn 0.009000 0.999900 0.002000
vn 0.000000 1.000000 0.000000
vn 0.007600 0.999900 0.005200
vn 0.055600 0.997700 0.038500
vn 0.000000 1.000000 0.000000
vn 0.282000 0.939300 0.195300
vn 0.067500 0.997700 -0.003300
vn 0.342600 0.939300 -0.016600
vn 0.337900 0.939200 -0.060800
vn 0.066500 0.997700 -0.012000
vn 0.328100 0.938700 -0.105300
vn 0.064200 0.997700 -0.020700
vn 0.009100 0.999900 -0.001600
vn 0.009200 0.999900 -0.000400
vn 0.000000 1.000000 0.000000
vn 0.000000 1.000000 0.000000
vn 0.008800 0.999900 -0.002800
vn 0.000000 1.000000 0.000000
vn 0.009200 0.999900 0.000700
vn 0.067400 0.997700 0.005500
vn 0.000000 1.000000 0.000000
vn 0.341400 0.939500 0.027700
vn 0.056700 0.997700 -0.036500
vn 0.288900 0.939100 -0.185900
vn 0.262400 0.939100 -0.221700
vn 0.051500 0.997700 -0.043600
vn 0.230700 0.939200 -0.254400
vn 0.045400 0.997700 -0.050300
vn 0.007000 0.999900 -0.005900
vn 0.007800 0.999900 -0.005000
vn 0.000000 1.000000 0.000000
vn 0.000000 1.000000 0.000000
vn 0.006200 0.999900 -0.006800
vn 0.000000 1.000000 0.000000
vn 0.008300 0.999900 -0.004000
vn 0.060900 0.997700 -0.029000
vn 0.000000 1.000000 0.000000
vn 0.311200 0.938800 -0.147500
vn 0.030900 0.997700 -0.060200
vn 0.156800 0.939400 -0.304800
vn 0.116000 0.939200 -0.323000
vn 0.022900 0.997700 -0.063600
vn 0.072800 0.939200 -0.335600
vn 0.014300 0.997700 -0.066000
vn 0.003100 0.999900 -0.008600
vn 0.004200 0.999900 -0.008100
vn 0.000000 1.000000 0.000000
vn 0.000000 1.000000 0.000000
vn 0.002000 0.999900 -0.009100
vn 0.000000 1.000000 0.000000
vn 0.005200 0.999900 -0.007600
vn 0.038400 0.997700 -0.055800
vn 0.000000 1.000000 -0.000100
vn 0.195000 0.939300 -0.282200
vn -0.003300 0.997700 -0.067300
vn -0.016600 0.939200 -0.342800
vn -0.060900 0.939300 -0.337700
vn -0.012000 0.997700 -0.066300
vn -0.104900 0.939200 -0.326800
vn -0.020600 0.997700 -0.064200
vn -0.001600 0.999900 -0.009100
vn -0.000400 0.999900 -0.009300
vn 0.000000 1.000000 0.000000
vn 0.000000 1.000000 0.000000
vn -0.002800 0.999900 -0.008700
vn 0.000000 1.000000 0.000000
vn 0.000700 0.999900 -0.009200
vn 0.005500 0.997700 -0.067100
vn 0.000000 1.000000 0.000000
vn 0.027800 0.939300 -0.342000
vn -0.036600 0.997700 -0.056900
vn -0.185600 0.939400 -0.288200
vn -0.221300 0.939500 -0.261500
vn -0.043600 0.997700 -0.051700
vn -0.254300 0.939100 -0.230900
vn -0.050000 0.997700 -0.045500
vn -0.006000 0.999900 -0.007000
vn -0.005000 0.999900 -0.007800
vn 0.000000 1.000000 0.000000
vn 0.000000 1.000000 0.000000
vn -0.006800 0.999900 -0.006100
vn 0.000000 1.000000 0.000000
vn -0.003900 0.999900 -0.008200
vn -0.028900 0.997700 -0.061000
vn -0.002800 0.999900 -0.008700
vn -0.020600 0.997700 -0.064200
vn 0.000000 1.000000 0.000000
vn 0.000000 1.000000 0.000000
vn -0.147000 0.939300 -0.310100
vn -0.104900 0.939200 -0.326800
vn -0.060100 0.997700 -0.030900
vn -0.304900 0.939400 -0.156700
vn -0.323800 0.938900 -0.116400
vn -0.063500 0.997700 -0.022900
vn -0.335600 0.939200 -0.072800
vn -0.066100 0.997700 -0.014300
vn -0.008700 0.999900 -0.003100
vn -0.008200 0.999900 -0.004200
vn 0.000000 1.000000 0.000000
vn 0.000000 1.000000 0.000000
vn -0.009000 0.999900 -0.002000
vn 0.000000 1.000000 0.000000
vn -0.007600 0.999900 -0.005200
vn -0.055500 0.997700 -0.038500
vn 0.000000 1.000000 0.000000
vn -0.282000 0.939300 -0.195200
vn -0.067500 0.997700 0.003300
vn -0.342100 0.939500 0.016600
vn -0.337900 0.939200 0.060800
vn -0.066400 0.997700 0.012000
vn -0.009100 0.999900 0.001600
vn -0.009200 0.999900 0.000400
vn 0.000000 1.000000 0.000000
vn 0.000000 1.000000 0.000000
vn -0.009200 0.999900 -0.000700
vn -0.067500 0.997700 -0.005500
vn 0.000000 1.000000 0.000000
vn -0.341000 0.939600 -0.027800
vn 0.000000 1.000000 0.000000
vn 0.000000 1.000000 0.000000
vn 0.000000 1.000000 0.000000
vn 0.000000 1.000000 0.000000
vn 0.000000 1.000000 0.000000
vn 0.000000 1.000000 0.000000
vn 0.000000 1.000000 0.000000
vn 0.000000 1.000000 0.000000
vn 0.000000 1.000000 0.000000
vn 0.000000 1.000000 0.000000
vn 0.000000 1.000000 0.000000
vn 0.000000 1.000000 0.000000
vn 0.000000 1.000000 0.000000
vn 0.000000 1.000000 0.000000
vn 0.000000 1.000000 0.000000
vn 0.000000 1.000000 0.000000
vn 0.000000 1.000000 0.000000
vn 0.000000 1.000000 0.000000
vn 0.000000 1.000000 0.000000
vn 0.000000 1.000000 0.000000
vn 0.000000 1.000000 -0.000100
vn 0.000000 1.000000 0.000000
vn 0.000000 1.000000 0.000000
vn 0.000000 1.000000 0.000000
vn 0.000000 1.000000 0.000000
vn 0.000000 1.000000 0.000200
vn 0.000000 1.000000 0.000000
vn 0.000000 1.000000 0.000000
vn 0.000000 1.000000 0.000000
vn 0.000000 1.000000 0.000400
vn 0.000000 1.000000 0.000200
vn 0.000000 1.000000 0.000000
vn 0.000000 1.000000 0.000100
vn 0.000000 1.000000 0.000000
vn 0.000000 1.000000 -0.000100
vn 0.000000 1.000000 0.000000
vn 0.000000 1.000000 0.000100
vn 0.000000 1.000000 -0.000300
vn 0.000000 1.000000 0.000000
vn 0.000000 1.000000 0.000000
vn 0.000000 1.000000 0.000000
vn 0.000000 1.000000 0.000000
vn 0.000000 1.000000 0.000000
vn 0.000000 1.000000 0.000000
vn 0.000000 1.000000 0.000000
vn 0.000000 1.000000 0.000000
vn 0.000000 1.000000 0.000000
vn 0.000000 1.000000 0.000000
vn 0.000000 1.000000 0.000000
vn 0.000000 1.000000 0.000000
vn 0.000000 1.000000 0.000000
vn 0.000000 1.000000 -0.000100
vn 0.000000 1.000000 0.000000
vn 0.000000 1.000000 0.000000
vn 0.000000 1.000000 0.000000
vn 0.000000 1.000000 0.000000
vn 0.000000 1.000000 -0.000100
vn 0.000000 1.000000 0.000000
vn 0.000000 1.000000 0.000100
vn 0.000000 1.000000 -0.000100
vn 0.000000 1.000000 0.000000
vn 0.000000 1.000000 -0.000100
vn 0.000000 1.000000 -0.000200
vn 0.000000 1.000000 0.000000
vn 0.000000 1.000000 0.000000
vn 0.000000 1.000000 0.000200
vn 0.000000 1.000000 0.000000
vn 0.000000 1.000000 0.000100
vn 0.000000 1.000000 0.000000
vn 0.000000 1.000000 0.000000
vn 0.000000 1.000000 0.000200
vn 0.000000 1.000000 0.000000
vn 0.000000 1.000000 0.000000
vn 0.000000 1.000000 0.000000
vn 0.000000 1.000000 0.000000
vn 0.000000 1.000000 0.000000
vn 0.000000 1.000000 0.000000
vn 0.000000 1.000000 0.000000
vn 0.000000 1.000000 0.000000
vn 0.000000 1.000000 0.000000
vn 0.000000 1.000000 0.000000
vn 0.000000 1.000000 0.000000
vn 0.000000 1.000000 0.000000
vn 0.000000 1.000000 -0.000100
vn 0.000000 1.000000 0.000000
vn 0.000000 1.000000 0.000000
vn 0.000000 1.000000 0.000000
vn 0.000000 1.000000 0.000000
vn 0.000000 1.000000 -0.000200
vn 0.000000 1.000000 0.000000
vn 0.000000 1.000000 0.000000
vn 0.000000 1.000000 -0.000200
vn 0.000000 1.000000 -0.000100
vn 0.000000 1.000000 0.000100
vn 0.000000 1.000000 -0.000200
vn 0.000000 1.000000 -0.000100
vn 0.000000 1.000000 0.000000
vn 0.000000 1.000000 0.000100
vn 0.000000 1.000000 -0.000200
vn 0.000000 1.000000 -0.000800
vn 0.000000 1.000000 0.000300
vn 0.000000 1.000000 0.000000
vn 0.000000 1.000000 0.000200
vn 0.000000 1.000000 -0.000100
vn 0.000000 1.000000 0.000000
vn 0.000000 1.000000 0.000000
vn 0.000000 1.000000 0.000000
vn 0.000000 1.000000 0.000000
vn 0.000000 1.000000 0.000000
vn 0.000000 1.000000 0.000000
vn 0.000000 1.000000 0.000000
vn 0.000000 1.000000 0.000000
vn 0.000000 1.000000 0.000000
vn 0.000000 1.000000 0.000000
vn 0.000000 1.000000 0.000000
vn 0.000000 1.000000 0.000000
vn 0.000000 1.000000 0.000000
vn 0.000000 1.000000 0.000000
vn 0.000000 1.000000 0.000000
vn 0.000000 1.000000 0.000000
vn 0.000000 1.000000 0.000000
vn 0.000000 1.000000 0.000000
vn 0.000000 1.000000 0.000000
vn 0.000000 1.000000 0.000000
vn 0.000000 1.000000 0.000000
vn 0.000000 1.000000 0.000000
vn 0.000000 1.000000 -0.000100
vn 0.000000 1.000000 -0.000100
vn 0.000000 1.000000 -0.000500
vn 0.000000 1.000000 -0.000200
vn 0.000000 1.000000 0.000000
vn 0.000000 1.000000 0.000000
vn 0.000000 1.000000 -0.000500
vn 0.000000 1.000000 0.000000
vn 0.000000 1.000000 -0.001000
vn 0.000000 1.000000 0.000000
vn 0.000000 1.000000 0.000000
vn 0.000000 1.000000 0.000000
vn 0.000000 1.000000 0.000000
vn 0.000000 1.000000 0.000000
vn 0.000000 1.000000 0.000000
vn 0.000000 1.000000 0.000000
vn 0.000000 1.000000 0.000000
vn 0.000000 1.000000 0.000000
vn 0.000000 1.000000 0.000000
vn 0.000000 1.000000 0.000000
vn 0.000000 1.000000 0.000000
vn 0.000000 1.000000 0.000000
vn 0.000000 1.000000 0.000000
vn 0.000000 1.000000 0.000000
vn 0.000000 1.000000 0.000000
vn 0.000000 1.000000 0.000000
vn 0.000000 1.000000 0.000000
vn 0.000000 1.000000 0.000000
vn 0.000000 1.000000 0.000000
vn 0.000000 1.000000 0.000000
vn 0.000000 1.000000 0.000000
vn 0.000000 1.000000 0.000000
vn 0.000000 1.000000 0.000000
vn 0.000000 1.000000 0.000000
vn 0.000000 1.000000 0.000200
vn 0.000000 1.000000 0.000000
vn 0.000000 1.000000 0.000000
vn 0.000000 1.000000 0.000000
vn 0.000000 1.000000 0.000000
vn 0.000000 1.000000 -0.000100
vn 0.000000 1.000000 0.000200
vn 0.000000 1.000000 0.000000
vn 0.000000 1.000000 0.000000
vn 0.000000 1.000000 0.000000
vn 0.000000 1.000000 0.000000
vn 0.000000 1.000000 0.000000
vn 0.000000 1.000000 0.000000
vn 0.000000 1.000000 0.000000
vn 0.000000 1.000000 0.000000
vn 0.000000 1.000000 0.000000
vn 0.000000 1.000000 0.000000
vn 0.000000 1.000000 0.000000
vn 0.000000 1.000000 0.000000
vn 0.000000 1.000000 0.000000
vn 0.000000 1.000000 0.000000
vn 0.000000 1.000000 0.000000
vn 0.000000 1.000000 0.000000
vn 0.000000 1.000000 0.000000
vn 0.000000 1.000000 0.000000
vn 0.000000 1.000000 0.000000
vn 0.000000 1.000000 0.000000
vn 0.000000 1.000000 0.000100
vn 0.000000 1.000000 0.000000
vn 0.000000 1.000000 0.000000
vn 0.000000 1.000000 0.000000
vn 0.000000 1.000000 0.000000
vn 0.000000 1.000000 0.000000
vn 0.000000 1.000000 0.000000
vn 0.000000 1.000000 0.000100
vn 0.000000 1.000000 0.000300
vn 0.000000 1.000000 0.000000
vn 0.000000 1.000000 0.000000
vn 0.000000 1.000000 0.000000
vn 0.000000 1.000000 0.000000
vn 0.000000 1.000000 0.000000
vn 0.000000 1.000000 0.000000
vn 0.000000 1.000000 0.000000
vn 0.000000 1.000000 0.000000
vn 0.000000 1.000000 0.000000
vn 0.000000 1.000000 0.000000
vn 0.000000 1.000000 0.000000
vn 0.000000 1.000000 0.000000
vn 0.000000 1.000000 0.000000
vn 0.000000 1.000000 0.000000
vn 0.000000 1.000000 0.000000
vn 0.000000 1.000000 0.000000
vn 0.000000 1.000000 0.000000
vn 0.000000 1.000000 0.000000
vn 0.000000 1.000000 0.000000
vn 0.000000 1.000000 0.000000
vn 0.000000 1.000000 0.000100
vn 0.000000 1.000000 0.000000
vn 0.000000 1.000000 0.000000
vn 0.000000 1.000000 0.000000
vn 0.000000 1.000000 0.000000
vn 0.000000 1.000000 -0.000200
vn 0.000000 1.000000 0.000000
vn 0.000000 1.000000 0.000000
vn 0.000000 1.000000 0.000000
vn 0.000000 1.000000 -0.000400
vn 0.000000 1.000000 -0.000200
vn 0.000000 1.000000 0.000000
vn 0.000000 1.000000 -0.000100
vn 0.000000 1.000000 0.000000
vn 0.000000 1.000000 -0.000100
vn 0.000000 1.000000 0.000000
vn 0.000000 1.000000 0.000000
vn 0.000000 1.000000 0.000000
vn 0.000000 1.000000 0.000000
vn 0.000000 1.000000 0.000000
vn 0.000000 1.000000 0.000000
vn 0.000000 1.000000 0.000000
vn 0.000000 1.000000 0.000000
vn 0.000000 1.000000 0.000000
vn 0.000000 1.000000 0.000000
vn 0.000000 1.000000 0.000000
vn 0.000000 1.000000 0.000000
vn 0.000000 1.000000 0.000100
vn 0.000000 1.000000 0.000000
vn 0.000000 1.000000 0.000000
vn 0.000000 1.000000 0.000000
vn 0.000000 1.000000 0.000000
vn 0.000000 1.000000 0.000100
vn 0.000000 1.000000 0.000000
vn 0.000000 1.000000 -0.000100
vn 0.000000 1.000000 0.000100
vn 0.000000 1.000000 0.000000
vn 0.000000 1.000000 0.000100
vn 0.000000 1.000000 0.000200
vn 0.000000 1.000000 0.000000
vn 0.000000 1.000000 0.000000
vn 0.000000 1.000000 -0.000200
vn 0.000000 1.000000 0.000000
vn 0.000000 1.000000 -0.000100
vn 0.000000 1.000000 0.000000
vn 0.000000 1.000000 0.000000
vn 0.000000 1.000000 -0.000200
vn 0.000000 1.000000 0.000000
vn 0.000000 1.000000 0.000000
vn 0.000000 1.000000 0.000000
vn 0.000000 1.000000 0.000000
vn 0.000000 1.000000 0.000000
vn 0.000000 1.000000 0.000000
vn 0.000000 1.000000 0.000000
vn 0.000000 1.000000 0.000000
vn 0.000000 1.000000 0.000000
vn 0.000000 1.000000 0.000000
vn 0.000000 1.000000 0.000000
vn 0.000000 1.000000 0.000000
vn 0.000000 1.000000 0.000100
vn 0.000000 1.000000 0.000000
vn 0.000000 1.000000 0.000000
vn 0.000000 1.000000 0.000000
vn 0.000000 1.000000 0.000000
vn 0.000000 1.000000 0.000200
vn 0.000000 1.000000 0.000000
vn 0.000000 1.000000 0.000000
vn 0.000000 1.000000 0.000200
vn 0.000000 1.000000 0.000100
vn 0.000000 1.000000 -0.000100
vn 0.000000 1.000000 0.000200
vn 0.000000 1.000000 0.000100
vn 0.000000 1.000000 0.000000
vn 0.000000 1.000000 -0.000100
vn 0.000000 1.000000 0.000200
vn 0.000000 1.000000 0.000800
vn 0.000000 1.000000 -0.000300
vn 0.000000 1.000000 0.000000
vn 0.000000 1.000000 -0.000200
vn 0.000000 1.000000 0.000100
vn 0.000000 1.000000 0.000000
vn 0.000000 1.000000 0.000000
vn 0.000000 1.000000 0.000000
vn 0.000000 1.000000 0.000000
vn 0.000000 1.000000 0.000000
vn 0.000000 1.000000 0.000000
vn 0.000000 1.000000 0.000000
vn 0.000000 1.000000 0.000000
vn 0.000000 1.000000 0.000000
vn 0.000000 1.000000 0.000000
vn 0.000000 1.000000 0.000000
vn 0.000000 1.000000 0.000000
vn 0.000000 1.000000 0.000000
vn 0.000000 1.000000 0.000000
vn 0.000000 1.000000 0.000000
vn 0.000000 1.000000 0.000000
vn 0.000000 1.000000 0.000000
vn 0.000000 1.000000 0.000100
vn 0.000000 1.000000 0.000000
vn 0.000000 1.000000 0.000000
vn 0.000000 1.000000 0.000000
vn 0.000000 1.000000 0.000000
vn 0.000000 1.000000 0.000000
vn 0.000000 1.000000 0.000000
vn 0.000000 1.000000 0.000000
vn 0.000000 1.000000 0.000000
vn 0.000000 1.000000 0.000100
vn 0.000000 1.000000 0.000100
vn 0.000000 1.000000 0.000500
vn 0.000000 1.000000 0.000200
vn 0.000000 1.000000 0.000000
vn 0.000000 1.000000 0.000000
vn 0.000000 1.000000 0.000500
vn 0.000000 1.000000 0.000000
vn 0.000000 1.000000 0.000200
vn 0.000000 1.000000 -0.000100
vn 0.000000 1.000000 0.001000
vn 0.000000 1.000000 0.000800
vn 0.000000 1.000000 0.000000
vn 0.000000 1.000000 0.000100
vn 0.000000 1.000000 0.000000
vn 0.000000 1.000000 0.000000
vn 0.000000 1.000000 0.000000
vn 0.000000 1.000000 0.000000
vn 0.000000 1.000000 0.000000
vn 0.000000 1.000000 0.000000
vn 0.000000 1.000000 0.000000
vn 0.000000 1.000000 0.000000
vn 0.000000 1.000000 0.000000
vn 0.000000 1.000000 0.000000
vn 0.000000 1.000000 0.000000
vn 0.000000 1.000000 0.000000
vn 0.000000 1.000000 0.000000
vn 0.000000 1.000000 0.000000
vn 0.000000 1.000000 0.000000
vn 0.000000 1.000000 0.000000
vn 0.000000 1.000000 0.000000
vn 0.000000 1.000000 0.000000
vn 0.000000 1.000000 0.000000
vn 0.000000 1.000000 0.000000
vn 0.000000 1.000000 0.000000
vn 0.000000 1.000000 0.000000
vn 0.000000 1.000000 0.000000
vn 0.000000 1.000000 0.000000
vn 0.000000 1.000000 -0.000200
vn 0.000000 1.000000 0.000000
vn 0.000000 1.000000 0.000000
vn 0.000000 1.000000 0.000000
vn 0.000000 1.000000 0.000000
vn 0.000000 1.000000 0.000100
vn 0.000000 1.000000 -0.000200
vn 0.000000 1.000000 0.000000
vn 0.000000 1.000000 0.000000
vn 0.000000 1.000000 0.000000
vn 0.000000 1.000000 0.000000
vn 0.000000 1.000000 0.000000
vn 0.000000 1.000000 0.000000
vn 0.000000 1.000000 0.000000
vn 0.000000 1.000000 0.000000
vn 0.000000 1.000000 0.000000
vn 0.000000 1.000000 0.000000
vn 0.000000 1.000000 0.000000
vn 0.000000 1.000000 0.000000
vn 0.000000 1.000000 0.000000
vn 0.000000 1.000000 0.000000
vn 0.000000 1.000000 0.000000
vn 0.000000 1.000000 0.000000
vn 0.000000 1.000000 -0.000100
vn 0.000000 1.000000 0.000000
vn 0.000000 1.000000 0.000000
vn 0.000000 1.000000 0.000000
vn 0.000000 1.000000 0.000000
vn 0.000000 1.000000 0.000000
vn 0.000000 1.000000 0.000000
vn 0.000000 1.000000 0.000000
vn 0.000000 1.000000 0.000000
vn 0.996800 -0.063100 -0.048400
vn 0.987400 -0.150700 -0.047900
vn 0.985300 -0.150800 0.080200
vn 0.994700 -0.063200 0.080900
vn 0.966200 -0.150800 0.209200
vn 0.975400 -0.063200 0.211200
vn 0.931200 -0.361600 -0.045200
vn 0.929300 -0.361500 0.075600
vn 0.911300 -0.361400 0.197300
vn 0.995400 -0.051000 0.081000
vn 0.997500 -0.051000 -0.048400
vn 0.995500 -0.049200 0.081000
vn 0.997600 -0.049200 -0.048400
vn 0.976000 -0.051000 0.211400
vn 0.976100 -0.049200 0.211400
vn 0.982800 -0.051000 -0.177100
vn 0.982200 -0.063100 -0.177000
vn 0.951000 -0.051000 -0.305000
vn 0.950300 -0.063100 -0.304800
vn 0.982900 -0.049200 -0.177100
vn 0.951000 -0.049300 -0.305000
vn 0.972900 -0.150700 -0.175300
vn 0.917600 -0.361600 -0.165300
vn 0.941300 -0.150900 -0.301900
vn 0.887800 -0.361600 -0.284700
vn 0.992600 -0.111900 -0.048200
vn 0.996600 -0.066200 -0.048400
vn 0.994500 -0.066200 0.080900
vn 0.990400 -0.111900 0.080600
vn 0.975200 -0.066200 0.211200
vn 0.971200 -0.111900 0.210300
vn 0.979700 -0.183600 0.079700
vn 0.981800 -0.183600 -0.047700
vn 0.960700 -0.183600 0.208000
vn 0.967400 -0.183600 -0.174300
vn 0.978000 -0.111900 -0.176200
vn 0.936000 -0.183600 -0.300200
vn 0.946200 -0.111900 -0.303400
vn 0.982000 -0.066200 -0.176900
vn 0.950100 -0.066200 -0.304700
vn 0.887500 -0.063100 0.456500
vn 0.879100 -0.150700 0.452200
vn 0.813200 -0.150700 0.562100
vn 0.820900 -0.063100 0.567500
vn 0.732000 -0.150900 0.664300
vn 0.739100 -0.063100 0.670600
vn 0.829100 -0.361600 0.426400
vn 0.766900 -0.361700 0.530100
vn 0.690400 -0.361800 0.626500
vn 0.821500 -0.051000 0.567900
vn 0.888100 -0.051000 0.456800
vn 0.821600 -0.049200 0.567900
vn 0.888200 -0.049200 0.456800
vn 0.739600 -0.051000 0.671100
vn 0.739700 -0.049200 0.671100
vn 0.939700 -0.051000 0.338100
vn 0.939100 -0.063200 0.337800
vn 0.939800 -0.049200 0.338100
vn 0.930200 -0.150800 0.334600
vn 0.877300 -0.361500 0.315600
vn 0.883700 -0.111900 0.454500
vn 0.887300 -0.066200 0.456400
vn 0.820800 -0.066200 0.567300
vn 0.817400 -0.111900 0.565000
vn 0.738900 -0.066200 0.670500
vn 0.735900 -0.111900 0.667700
vn 0.808600 -0.183600 0.558900
vn 0.874100 -0.183600 0.449600
vn 0.728000 -0.183600 0.660500
vn 0.925000 -0.183600 0.332700
vn 0.935100 -0.111900 0.336400
vn 0.938900 -0.066200 0.337700
vn 0.540300 -0.063100 0.839000
vn 0.535200 -0.150700 0.831100
vn 0.423200 -0.150600 0.893400
vn 0.427200 -0.063200 0.901900
vn 0.301900 -0.150600 0.941300
vn 0.304800 -0.063200 0.950300
vn 0.504800 -0.361400 0.783900
vn 0.399200 -0.361400 0.842600
vn 0.284700 -0.361600 0.887800
vn 0.427500 -0.051000 0.902600
vn 0.540700 -0.051000 0.839700
vn 0.427600 -0.049200 0.902600
vn 0.540800 -0.049200 0.839700
vn 0.305000 -0.051000 0.951000
vn 0.305000 -0.049200 0.951000
vn 0.644800 -0.051000 0.762600
vn 0.644300 -0.063100 0.762100
vn 0.644900 -0.049200 0.762700
vn 0.638200 -0.150900 0.754900
vn 0.601900 -0.361600 0.712000
vn 0.538000 -0.111900 0.835400
vn 0.540200 -0.066200 0.838900
vn 0.427100 -0.066200 0.901700
vn 0.425400 -0.111900 0.898000
vn 0.304700 -0.066200 0.950100
vn 0.303400 -0.111900 0.946200
vn 0.420800 -0.183600 0.888400
vn 0.532200 -0.183600 0.826400
vn 0.300200 -0.183600 0.936000
vn 0.634700 -0.183600 0.750600
vn 0.641600 -0.111900 0.758800
vn 0.644200 -0.066200 0.762000
vn 0.048400 -0.063100 0.996800
vn 0.047900 -0.150700 0.987400
vn -0.080200 -0.150700 0.985300
vn -0.081000 -0.063100 0.994700
vn -0.209200 -0.150800 0.966200
vn -0.211200 -0.063200 0.975400
vn 0.045200 -0.361500 0.931200
vn -0.075600 -0.361500 0.929300
vn -0.197300 -0.361600 0.911200
vn -0.081000 -0.051000 0.995400
vn 0.048400 -0.051000 0.997500
vn -0.081000 -0.049200 0.995500
vn 0.048400 -0.049200 0.997600
vn -0.211400 -0.051000 0.976100
vn -0.211400 -0.049200 0.976100
vn 0.177100 -0.051000 0.982800
vn 0.176900 -0.063200 0.982200
vn 0.305000 -0.051000 0.951000
vn 0.304800 -0.063200 0.950300
vn 0.177100 -0.049200 0.982900
vn 0.305000 -0.049200 0.951000
vn 0.175300 -0.150700 0.972900
vn 0.165300 -0.361500 0.917600
vn 0.301900 -0.150600 0.941300
vn 0.284700 -0.361600 0.887800
vn 0.048200 -0.111900 0.992600
vn 0.048400 -0.066200 0.996600
vn -0.080900 -0.066200 0.994500
vn -0.080600 -0.111900 0.990400
vn -0.211200 -0.066200 0.975200
vn -0.210300 -0.111900 0.971200
vn -0.079700 -0.183600 0.979700
vn 0.047700 -0.183600 0.981800
vn -0.208000 -0.183600 0.960700
vn 0.174300 -0.183600 0.967400
vn 0.176200 -0.111900 0.978000
vn 0.300200 -0.183600 0.936000
vn 0.303400 -0.111900 0.946200
vn 0.176900 -0.066200 0.982000
vn 0.304700 -0.066200 0.950100
vn -0.456500 -0.063200 0.887500
vn -0.452200 -0.150600 0.879100
vn -0.562100 -0.150500 0.813200
vn -0.567500 -0.063200 0.820900
vn -0.664300 -0.150600 0.732100
vn -0.670600 -0.063200 0.739100
vn -0.426400 -0.361400 0.829200
vn -0.530100 -0.361400 0.767000
vn -0.626500 -0.361500 0.690500
vn -0.567900 -0.051000 0.821500
vn -0.456800 -0.050900 0.888100
vn -0.567900 -0.049200 0.821600
vn -0.456800 -0.049200 0.888200
vn -0.671100 -0.051000 0.739600
vn -0.671100 -0.049200 0.739600
vn -0.338100 -0.051000 0.939700
vn -0.337800 -0.063100 0.939100
vn -0.338100 -0.049200 0.939800
vn -0.334600 -0.150800 0.930200
vn -0.315600 -0.361500 0.877300
vn -0.454500 -0.111900 0.883700
vn -0.456400 -0.066200 0.887300
vn -0.567300 -0.066200 0.820800
vn -0.565000 -0.111900 0.817400
vn -0.670500 -0.066200 0.738900
vn -0.667700 -0.111900 0.735900
vn -0.558900 -0.183600 0.808600
vn -0.449600 -0.183600 0.874100
vn -0.660500 -0.183600 0.728000
vn -0.332700 -0.183600 0.925000
vn -0.336300 -0.111900 0.935100
vn -0.337700 -0.066200 0.938900
vn -0.839000 -0.063200 0.540300
vn -0.831100 -0.150500 0.535200
vn -0.893400 -0.150500 0.423200
vn -0.901900 -0.063200 0.427200
vn -0.941300 -0.150700 0.301900
vn -0.950300 -0.063100 0.304800
vn -0.784000 -0.361100 0.504800
vn -0.842700 -0.361200 0.399200
vn -0.887800 -0.361500 0.284700
vn -0.902600 -0.051000 0.427500
vn -0.839700 -0.051000 0.540700
vn -0.902600 -0.049200 0.427600
vn -0.839700 -0.049200 0.540800
vn -0.951000 -0.051000 0.305000
vn -0.951000 -0.049300 0.305000
vn -0.762600 -0.051000 0.644800
vn -0.762100 -0.063200 0.644300
vn -0.762700 -0.049200 0.644900
vn -0.754900 -0.150700 0.638300
vn -0.712000 -0.361400 0.601900
vn -0.835500 -0.111900 0.538000
vn -0.838900 -0.066200 0.540200
vn -0.901700 -0.066200 0.427100
vn -0.898000 -0.111900 0.425400
vn -0.950100 -0.066200 0.304700
vn -0.946200 -0.111900 0.303400
vn -0.888400 -0.183600 0.420800
vn -0.826400 -0.183600 0.532200
vn -0.936000 -0.183600 0.300200
vn -0.750600 -0.183600 0.634700
vn -0.758800 -0.111900 0.641600
vn -0.762000 -0.066200 0.644200
vn -0.996800 -0.063300 0.048400
vn -0.987400 -0.150500 0.047900
vn -0.985300 -0.150600 -0.080200
vn -0.994700 -0.063300 -0.080900
vn -0.966100 -0.150900 -0.209200
vn -0.975400 -0.063300 -0.211200
vn -0.931300 -0.361300 0.045200
vn -0.929300 -0.361300 -0.075600
vn -0.911300 -0.361400 -0.197300
vn -0.995400 -0.050900 -0.081000
vn -0.997500 -0.051000 0.048400
vn -0.995500 -0.049200 -0.081000
vn -0.997600 -0.049200 0.048400
vn -0.976100 -0.050900 -0.211400
vn -0.976100 -0.049200 -0.211400
vn -0.982800 -0.051000 0.177100
vn -0.982200 -0.063200 0.177000
vn -0.982900 -0.049200 0.177100
vn -0.972900 -0.150500 0.175300
vn -0.917600 -0.361400 0.165300
vn -0.992500 -0.111900 0.048200
vn -0.996600 -0.066200 0.048400
vn -0.994500 -0.066200 -0.080900
vn -0.990400 -0.111900 -0.080600
vn -0.975200 -0.066200 -0.211200
vn -0.971200 -0.111900 -0.210300
vn -0.979700 -0.183600 -0.079700
vn -0.981800 -0.183600 0.047700
vn -0.960700 -0.183600 -0.208000
vn -0.967400 -0.183600 0.174300
vn -0.978000 -0.111900 0.176200
vn -0.982000 -0.066200 0.176900
vn -0.887500 -0.063100 -0.456500
vn -0.879100 -0.150800 -0.452100
vn -0.813200 -0.150600 -0.562100
vn -0.820900 -0.063100 -0.567500
vn -0.732100 -0.150600 -0.664300
vn -0.739100 -0.063200 -0.670600
vn -0.829100 -0.361600 -0.426400
vn -0.766900 -0.361700 -0.530100
vn -0.690400 -0.361800 -0.626500
vn -0.821500 -0.051000 -0.567900
vn -0.888100 -0.051000 -0.456800
vn -0.821600 -0.049200 -0.567900
vn -0.888200 -0.049200 -0.456800
vn -0.739600 -0.051000 -0.671100
vn -0.739700 -0.049200 -0.671100
vn -0.939700 -0.050900 -0.338100
vn -0.939100 -0.063200 -0.337800
vn -0.939800 -0.049200 -0.338100
vn -0.930200 -0.150900 -0.334600
vn -0.877300 -0.361400 -0.315600
vn -0.883700 -0.111900 -0.454500
vn -0.887300 -0.066200 -0.456400
vn -0.820800 -0.066200 -0.567300
vn -0.817400 -0.111900 -0.565000
vn -0.738900 -0.066200 -0.670500
vn -0.735900 -0.111900 -0.667700
vn -0.808600 -0.183600 -0.558900
vn -0.874100 -0.183600 -0.449600
vn -0.728000 -0.183600 -0.660500
vn -0.925000 -0.183600 -0.332700
vn -0.935100 -0.111900 -0.336400
vn -0.938900 -0.066200 -0.337700
vn -0.540300 -0.063200 -0.839000
vn -0.535200 -0.150600 -0.831100
vn -0.423200 -0.150700 -0.893400
vn -0.427200 -0.063200 -0.901900
vn -0.301900 -0.150700 -0.941300
vn -0.304800 -0.063200 -0.950300
vn -0.504800 -0.361300 -0.783900
vn -0.399100 -0.361500 -0.842600
vn -0.284700 -0.361500 -0.887800
vn -0.427500 -0.051000 -0.902600
vn -0.540700 -0.050900 -0.839700
vn -0.427600 -0.049200 -0.902600
vn -0.540800 -0.049200 -0.839700
vn -0.305000 -0.051000 -0.951000
vn -0.305000 -0.049200 -0.951000
vn -0.644800 -0.051000 -0.762600
vn -0.644300 -0.063200 -0.762100
vn -0.644900 -0.049200 -0.762700
vn -0.638200 -0.150600 -0.754900
vn -0.601900 -0.361500 -0.712100
vn -0.538000 -0.111900 -0.835400
vn -0.540200 -0.066200 -0.838900
vn -0.427100 -0.066200 -0.901700
vn -0.425400 -0.111900 -0.898000
vn -0.304700 -0.066200 -0.950100
vn -0.303400 -0.111900 -0.946200
vn -0.420800 -0.183600 -0.888400
vn -0.532200 -0.183600 -0.826400
vn -0.300100 -0.183600 -0.936000
vn -0.634700 -0.183600 -0.750600
vn -0.641600 -0.111900 -0.758800
vn -0.644200 -0.066200 -0.762000
vn -0.048400 -0.063100 -0.996800
vn -0.047900 -0.150600 -0.987400
vn 0.080200 -0.150700 -0.985300
vn 0.080900 -0.063200 -0.994700
vn 0.209200 -0.150700 -0.966200
vn 0.211200 -0.063200 -0.975400
vn -0.045200 -0.361400 -0.931300
vn 0.075600 -0.361500 -0.929300
vn 0.197300 -0.361600 -0.911200
vn 0.081000 -0.051000 -0.995400
vn -0.048400 -0.051000 -0.997500
vn 0.081000 -0.049200 -0.995500
vn -0.048400 -0.049200 -0.997600
vn 0.211400 -0.051000 -0.976100
vn 0.211400 -0.049200 -0.976100
vn -0.177100 -0.051000 -0.982800
vn -0.177000 -0.063200 -0.982200
vn -0.177100 -0.049200 -0.982900
vn -0.175300 -0.150700 -0.972900
vn -0.165300 -0.361400 -0.917600
vn -0.048200 -0.111900 -0.992500
vn -0.048400 -0.066200 -0.996600
vn 0.080900 -0.066200 -0.994500
vn 0.080600 -0.111900 -0.990400
vn 0.211200 -0.066200 -0.975200
vn 0.210300 -0.111900 -0.971200
vn 0.079700 -0.183600 -0.979700
vn -0.047700 -0.183600 -0.981800
vn 0.208000 -0.183600 -0.960700
vn -0.174300 -0.183600 -0.967400
vn -0.176200 -0.111900 -0.978000
vn -0.176900 -0.066200 -0.982000
vn 0.456500 -0.063100 -0.887500
vn 0.452200 -0.150600 -0.879100
vn 0.562100 -0.150700 -0.813200
vn 0.567500 -0.063100 -0.820900
vn 0.664300 -0.150700 -0.732100
vn 0.670600 -0.063100 -0.739100
vn 0.426400 -0.361500 -0.829100
vn 0.530100 -0.361600 -0.766900
vn 0.626500 -0.361700 -0.690400
vn 0.567900 -0.051000 -0.821500
vn 0.456800 -0.051000 -0.888100
vn 0.567900 -0.049200 -0.821600
vn 0.456800 -0.049200 -0.888200
vn 0.671100 -0.051000 -0.739600
vn 0.671100 -0.049200 -0.739700
vn 0.338100 -0.051000 -0.939700
vn 0.337800 -0.063100 -0.939100
vn 0.338100 -0.049200 -0.939800
vn 0.334600 -0.150600 -0.930200
vn 0.315600 -0.361500 -0.877300
vn 0.454500 -0.111900 -0.883700
vn 0.456400 -0.066200 -0.887300
vn 0.567300 -0.066200 -0.820800
vn 0.565000 -0.111900 -0.817400
vn 0.670500 -0.066200 -0.738900
vn 0.667700 -0.111900 -0.735900
vn 0.558900 -0.183600 -0.808600
vn 0.449600 -0.183600 -0.874100
vn 0.660500 -0.183600 -0.728000
vn 0.332700 -0.183600 -0.925000
vn 0.336400 -0.111900 -0.935100
vn 0.337700 -0.066200 -0.938900
vn 0.839000 -0.063200 -0.540300
vn 0.831100 -0.150700 -0.535200
vn 0.893400 -0.150800 -0.423200
vn 0.901900 -0.063200 -0.427200
vn 0.783900 -0.361400 -0.504800
vn 0.842700 -0.361200 -0.399200
vn 0.902600 -0.051000 -0.427500
vn 0.839600 -0.050900 -0.540700
vn 0.902600 -0.049300 -0.427600
vn 0.839700 -0.049200 -0.540800
vn 0.762600 -0.050900 -0.644800
vn 0.762100 -0.063100 -0.644300
vn 0.762700 -0.049200 -0.644900
vn 0.754900 -0.150800 -0.638200
vn 0.711900 -0.361700 -0.601900
vn 0.835400 -0.111900 -0.538000
vn 0.838900 -0.066200 -0.540200
vn 0.901700 -0.066200 -0.427100
vn 0.898000 -0.111900 -0.425400
vn 0.888400 -0.183600 -0.420800
vn 0.826400 -0.183600 -0.532200
vn 0.750600 -0.183600 -0.634700
vn 0.758800 -0.111900 -0.641600
vn 0.762000 -0.066200 -0.644200
vn -0.840200 0.034700 0.541100
vn -0.838700 -0.068700 0.540100
vn -0.761800 -0.068500 0.644100
vn -0.763100 0.034700 0.645300
vn -0.670400 -0.068300 0.738900
vn -0.671600 0.034700 0.740100
vn -0.796300 -0.320900 0.512800
vn -0.723400 -0.320300 0.611600
vn -0.636600 -0.320100 0.701600
vn -0.762700 0.047500 0.644900
vn -0.839800 0.047500 0.540800
vn -0.762700 0.049200 0.644900
vn -0.839700 0.049200 0.540800
vn -0.671200 0.047500 0.739700
vn -0.671100 0.049200 0.739700
vn -0.902700 0.047500 0.427600
vn -0.903200 0.034800 0.427800
vn -0.951100 0.047500 0.305000
vn -0.951700 0.034800 0.305200
vn -0.902600 0.049200 0.427600
vn -0.951000 0.049200 0.305000
vn -0.901600 -0.068800 0.427100
vn -0.855900 -0.321100 0.405400
vn -0.950000 -0.068600 0.304600
vn -0.902000 -0.320400 0.289300
vn -0.835500 0.111600 0.538000
vn -0.838900 0.066100 0.540200
vn -0.762000 0.066100 0.644200
vn -0.758800 0.111600 0.641600
vn -0.670500 0.066200 0.738900
vn -0.667700 0.111600 0.735900
vn -0.750700 0.183100 0.634700
vn -0.826500 0.183100 0.532300
vn -0.660600 0.183100 0.728000
vn -0.888500 0.183100 0.420900
vn -0.898100 0.111600 0.425400
vn -0.936100 0.183100 0.300200
vn -0.946300 0.111600 0.303400
vn -0.901700 0.066100 0.427100
vn -0.950100 0.066100 0.304700
vn -0.457100 0.034700 0.888700
vn -0.456300 -0.068500 0.887100
vn -0.337700 -0.068500 0.938700
vn -0.338300 0.034700 0.940400
vn -0.211100 -0.068400 0.975000
vn -0.211500 0.034700 0.976700
vn -0.433300 -0.320300 0.842400
vn -0.320600 -0.320400 0.891300
vn -0.200500 -0.320300 0.925800
vn -0.338100 0.047500 0.939900
vn -0.456900 0.047500 0.888200
vn -0.338100 0.049200 0.939800
vn -0.456800 0.049200 0.888200
vn -0.211400 0.047500 0.976200
vn -0.211400 0.049200 0.976100
vn -0.567900 0.047500 0.821600
vn -0.568300 0.034700 0.822100
vn -0.567900 0.049200 0.821600
vn -0.567200 -0.068400 0.820700
vn -0.538600 -0.320200 0.779300
vn -0.454500 0.111600 0.883700
vn -0.456400 0.066100 0.887300
vn -0.337700 0.066100 0.938900
vn -0.336400 0.111600 0.935100
vn -0.211200 0.066100 0.975200
vn -0.210300 0.111600 0.971200
vn -0.332800 0.183100 0.925000
vn -0.449700 0.183100 0.874200
vn -0.208000 0.183100 0.960800
vn -0.559000 0.183100 0.808700
vn -0.565100 0.111600 0.817400
vn -0.567300 0.066100 0.820800
vn 0.048500 0.034700 0.998200
vn 0.048400 -0.068500 0.996500
vn 0.176900 -0.068500 0.981800
vn 0.177200 0.034700 0.983600
vn 0.304600 -0.068500 0.950000
vn 0.305200 0.034700 0.951600
vn 0.046000 -0.320400 0.946200
vn 0.168000 -0.320300 0.932300
vn 0.289300 -0.320200 0.902100
vn 0.177100 0.047500 0.983000
vn 0.048400 0.047500 0.997700
vn 0.177100 0.049200 0.982900
vn 0.048400 0.049200 0.997600
vn 0.305000 0.047500 0.951100
vn 0.305000 0.049200 0.951000
vn -0.081000 0.047500 0.995600
vn -0.081100 0.034700 0.996100
vn -0.081000 0.049200 0.995500
vn -0.080900 -0.068500 0.994400
vn -0.076800 -0.320400 0.944200
vn 0.048200 0.111600 0.992600
vn 0.048400 0.066100 0.996600
vn 0.176900 0.066100 0.982000
vn 0.176200 0.111600 0.978000
vn 0.304700 0.066100 0.950100
vn 0.303400 0.111600 0.946300
vn 0.174300 0.183100 0.967500
vn 0.047700 0.183100 0.981900
vn 0.300200 0.183100 0.936100
vn -0.079700 0.183100 0.979800
vn -0.080600 0.111600 0.990400
vn -0.080900 0.066100 0.994500
vn 0.541100 0.034700 0.840200
vn 0.540100 -0.068600 0.838800
vn 0.644100 -0.068600 0.761800
vn 0.645200 0.034800 0.763200
vn 0.738800 -0.068700 0.670400
vn 0.740100 0.034800 0.671600
vn 0.512900 -0.320400 0.796400
vn 0.611500 -0.320500 0.723300
vn 0.701500 -0.320500 0.636500
vn 0.644900 0.047500 0.762700
vn 0.540800 0.047500 0.839800
vn 0.644900 0.049200 0.762700
vn 0.540800 0.049200 0.839700
vn 0.739700 0.047500 0.671200
vn 0.739700 0.049200 0.671100
vn 0.427600 0.047500 0.902700
vn 0.427800 0.034700 0.903200
vn 0.427600 0.049200 0.902600
vn 0.427100 -0.068600 0.901600
vn 0.405500 -0.320200 0.856100
vn 0.538000 0.111600 0.835500
vn 0.540200 0.066100 0.838900
vn 0.644200 0.066100 0.762000
vn 0.641600 0.111600 0.758800
vn 0.738900 0.066100 0.670500
vn 0.735900 0.111600 0.667700
vn 0.634700 0.183100 0.750700
vn 0.532300 0.183100 0.826500
vn 0.728000 0.183100 0.660600
vn 0.420900 0.183100 0.888500
vn 0.425400 0.111600 0.898100
vn 0.427100 0.066100 0.901700
vn 0.888700 0.034700 0.457100
vn 0.887200 -0.068500 0.456300
vn 0.938700 -0.068400 0.337700
vn 0.940400 0.034700 0.338300
vn 0.975000 -0.068400 0.211200
vn 0.976700 0.034700 0.211500
vn 0.842400 -0.320400 0.433300
vn 0.891300 -0.320500 0.320700
vn 0.925800 -0.320500 0.200500
vn 0.939900 0.047500 0.338100
vn 0.888200 0.047500 0.456900
vn 0.939800 0.049200 0.338100
vn 0.888200 0.049200 0.456800
vn 0.976200 0.047500 0.211400
vn 0.976100 0.049300 0.211400
vn 0.821700 0.047500 0.567900
vn 0.822100 0.034700 0.568300
vn 0.821600 0.049200 0.567900
vn 0.820600 -0.068700 0.567200
vn 0.779200 -0.320400 0.538600
vn 0.883700 0.111600 0.454500
vn 0.887300 0.066100 0.456400
vn 0.938900 0.066100 0.337700
vn 0.935100 0.111600 0.336400
vn 0.975200 0.066100 0.211200
vn 0.971200 0.111600 0.210300
vn 0.925000 0.183100 0.332800
vn 0.874200 0.183100 0.449700
vn 0.960800 0.183100 0.208000
vn 0.808700 0.183100 0.559000
vn 0.817500 0.111600 0.565100
vn 0.820800 0.066100 0.567300
vn 0.998200 0.034700 -0.048500
vn 0.996500 -0.068700 -0.048400
vn 0.981800 -0.068400 -0.176900
vn 0.983600 0.034700 -0.177200
vn 0.950000 -0.068800 -0.304600
vn 0.951700 0.034700 -0.305200
vn 0.946100 -0.320600 -0.045900
vn 0.932300 -0.320400 -0.168000
vn 0.902000 -0.320500 -0.289200
vn 0.983000 0.047500 -0.177100
vn 0.997700 0.047500 -0.048400
vn 0.982900 0.049200 -0.177100
vn 0.997600 0.049200 -0.048400
vn 0.951100 0.047500 -0.305000
vn 0.951000 0.049200 -0.305000
vn 0.995600 0.047500 0.081000
vn 0.996100 0.034700 0.081100
vn 0.995500 0.049200 0.081000
vn 0.994300 -0.068600 0.080900
vn 0.944100 -0.320500 0.076800
vn 0.992600 0.111600 -0.048200
vn 0.996600 0.066100 -0.048400
vn 0.982000 0.066100 -0.176900
vn 0.978000 0.111600 -0.176200
vn 0.950100 0.066100 -0.304700
vn 0.946300 0.111600 -0.303400
vn 0.967500 0.183100 -0.174300
vn 0.981900 0.183100 -0.047700
vn 0.936100 0.183100 -0.300200
vn 0.979800 0.183100 0.079700
vn 0.990400 0.111600 0.080600
vn 0.994500 0.066100 0.080900
vn 0.840200 0.034700 -0.541100
vn 0.838700 -0.068600 -0.540100
vn 0.761800 -0.068600 -0.644100
vn 0.763100 0.034800 -0.645300
vn 0.670300 -0.068700 -0.738800
vn 0.671600 0.034800 -0.740100
vn 0.796400 -0.320400 -0.512900
vn 0.723300 -0.320500 -0.611600
vn 0.636500 -0.320500 -0.701500
vn 0.762700 0.047500 -0.644900
vn 0.839800 0.047500 -0.540800
vn 0.762700 0.049200 -0.644900
vn 0.839700 0.049200 -0.540800
vn 0.671200 0.047500 -0.739700
vn 0.671100 0.049200 -0.739700
vn 0.902700 0.047500 -0.427600
vn 0.903200 0.034700 -0.427800
vn 0.902600 0.049200 -0.427600
vn 0.901600 -0.068800 -0.427100
vn 0.856000 -0.320800 -0.405500
vn 0.835500 0.111600 -0.538000
vn 0.838900 0.066100 -0.540200
vn 0.762000 0.066100 -0.644200
vn 0.758800 0.111600 -0.641600
vn 0.670500 0.066100 -0.738900
vn 0.667700 0.111600 -0.735900
vn 0.750700 0.183100 -0.634700
vn 0.826500 0.183100 -0.532300
vn 0.660600 0.183100 -0.728000
vn 0.888500 0.183100 -0.420900
vn 0.898100 0.111600 -0.425400
vn 0.901700 0.066100 -0.427100
vn 0.457100 0.034700 -0.888700
vn 0.456300 -0.068700 -0.887100
vn 0.337700 -0.068500 -0.938700
vn 0.338300 0.034700 -0.940400
vn 0.211100 -0.068500 -0.975000
vn 0.211500 0.034700 -0.976700
vn 0.433200 -0.320500 -0.842300
vn 0.320600 -0.320500 -0.891400
vn 0.200400 -0.320500 -0.925800
vn 0.338100 0.047500 -0.939900
vn 0.456900 0.047500 -0.888200
vn 0.338100 0.049200 -0.939800
vn 0.456800 0.049200 -0.888200
vn 0.211400 0.047500 -0.976200
vn 0.211400 0.049200 -0.976100
vn 0.567900 0.047500 -0.821600
vn 0.568300 0.034700 -0.822100
vn 0.567900 0.049200 -0.821600
vn 0.567200 -0.068700 -0.820700
vn 0.538600 -0.320400 -0.779200
vn 0.454500 0.111600 -0.883700
vn 0.456400 0.066100 -0.887300
vn 0.337700 0.066100 -0.938900
vn 0.336400 0.111600 -0.935100
vn 0.211200 0.066100 -0.975200
vn 0.210300 0.111600 -0.971200
vn 0.332800 0.183100 -0.925000
vn 0.449700 0.183100 -0.874200
vn 0.208100 0.183100 -0.960800
vn 0.559000 0.183100 -0.808700
vn 0.565100 0.111600 -0.817400
vn 0.567300 0.066100 -0.820800
vn -0.048500 0.034700 -0.998200
vn -0.048400 -0.068500 -0.996500
vn -0.176900 -0.068500 -0.981800
vn -0.177200 0.034700 -0.983600
vn -0.304600 -0.068500 -0.950000
vn -0.305200 0.034700 -0.951600
vn -0.045900 -0.320300 -0.946200
vn -0.168000 -0.320300 -0.932300
vn -0.289300 -0.320300 -0.902100
vn -0.177100 0.047500 -0.983000
vn -0.048400 0.047500 -0.997700
vn -0.177100 0.049200 -0.982900
vn -0.048400 0.049200 -0.997600
vn -0.305000 0.047500 -0.951100
vn -0.305000 0.049300 -0.951000
vn 0.081000 0.047500 -0.995600
vn 0.081100 0.034700 -0.996100
vn 0.081000 0.049200 -0.995500
vn 0.080900 -0.068500 -0.994400
vn 0.076800 -0.320400 -0.944100
vn -0.048200 0.111600 -0.992600
vn -0.048400 0.066100 -0.996600
vn -0.176900 0.066100 -0.982000
vn -0.176200 0.111600 -0.978000
vn -0.304700 0.066100 -0.950100
vn -0.303400 0.111600 -0.946300
vn -0.174300 0.183100 -0.967500
vn -0.047700 0.183100 -0.981900
vn -0.300200 0.183100 -0.936100
vn 0.079700 0.183100 -0.979800
vn 0.080600 0.111600 -0.990400
vn 0.080900 0.066100 -0.994500
vn -0.541100 0.034800 -0.840200
vn -0.540100 -0.068500 -0.838700
vn -0.644100 -0.068600 -0.761800
vn -0.645300 0.034700 -0.763100
vn -0.738800 -0.068700 -0.670400
vn -0.740100 0.034700 -0.671600
vn -0.512900 -0.320500 -0.796400
vn -0.611600 -0.320500 -0.723300
vn -0.701500 -0.320500 -0.636500
vn -0.644900 0.047500 -0.762700
vn -0.540800 0.047500 -0.839800
vn -0.644900 0.049200 -0.762700
vn -0.540800 0.049200 -0.839700
vn -0.739700 0.047500 -0.671200
vn -0.739700 0.049200 -0.671100
vn -0.427600 0.047500 -0.902700
vn -0.427800 0.034700 -0.903200
vn -0.305000 0.047500 -0.951100
vn -0.305200 0.034700 -0.951600
vn -0.427600 0.049200 -0.902600
vn -0.305000 0.049300 -0.951000
vn -0.427000 -0.068500 -0.901600
vn -0.405500 -0.320400 -0.856100
vn -0.304600 -0.068500 -0.950000
vn -0.289300 -0.320300 -0.902100
vn -0.538000 0.111600 -0.835500
vn -0.540200 0.066100 -0.838900
vn -0.644200 0.066100 -0.762000
vn -0.641600 0.111600 -0.758800
vn -0.738900 0.066100 -0.670500
vn -0.735900 0.111600 -0.667700
vn -0.634700 0.183100 -0.750700
vn -0.532300 0.183100 -0.826500
vn -0.728000 0.183100 -0.660600
vn -0.420900 0.183100 -0.888500
vn -0.425400 0.111600 -0.898100
vn -0.300200 0.183100 -0.936100
vn -0.303400 0.111600 -0.946300
vn -0.427100 0.066100 -0.901700
vn -0.304700 0.066100 -0.950100
vn -0.888700 0.034700 -0.457100
vn -0.887200 -0.068400 -0.456300
vn -0.938700 -0.068500 -0.337700
vn -0.940400 0.034700 -0.338300
vn -0.975000 -0.068600 -0.211100
vn -0.976700 0.034800 -0.211500
vn -0.842400 -0.320300 -0.433300
vn -0.891300 -0.320500 -0.320600
vn -0.925700 -0.320500 -0.200500
vn -0.939900 0.047500 -0.338100
vn -0.888200 0.047500 -0.456900
vn -0.939800 0.049200 -0.338100
vn -0.888200 0.049200 -0.456800
vn -0.976200 0.047500 -0.211400
vn -0.976100 0.049300 -0.211400
vn -0.821600 0.047400 -0.567900
vn -0.822100 0.034700 -0.568300
vn -0.821600 0.049200 -0.567900
vn -0.820600 -0.068500 -0.567300
vn -0.779300 -0.320300 -0.538600
vn -0.883700 0.111600 -0.454500
vn -0.887300 0.066100 -0.456400
vn -0.938900 0.066100 -0.337700
vn -0.935100 0.111600 -0.336400
vn -0.975200 0.066200 -0.211200
vn -0.971200 0.111600 -0.210300
vn -0.925000 0.183100 -0.332800
vn -0.874200 0.183100 -0.449700
vn -0.960800 0.183100 -0.208100
vn -0.808700 0.183100 -0.559000
vn -0.817400 0.111600 -0.565100
vn -0.820800 0.066100 -0.567300
vn -0.998200 0.034700 0.048500
vn -0.996500 -0.068600 0.048400
vn -0.981800 -0.068400 0.176900
vn -0.983600 0.034600 0.177200
vn -0.946100 -0.320500 0.045900
vn -0.932300 -0.320100 0.168000
vn -0.983000 0.047500 0.177100
vn -0.997700 0.047500 0.048400
vn -0.982900 0.049200 0.177100
vn -0.997600 0.049200 0.048400
vn -0.995600 0.047500 -0.081000
vn -0.996100 0.034700 -0.081100
vn -0.995500 0.049300 -0.081000
vn -0.994300 -0.068700 -0.080900
vn -0.944000 -0.320700 -0.076800
vn -0.992600 0.111600 0.048200
vn -0.996600 0.066100 0.048400
vn -0.982000 0.066100 0.176900
vn -0.978000 0.111600 0.176200
vn -0.967500 0.183100 0.174300
vn -0.981900 0.183100 0.047700
vn -0.979800 0.183100 -0.079700
vn -0.990400 0.111600 -0.080600
vn -0.994500 0.066100 -0.080900
vn 0.416100 -0.909100 -0.020200
vn 0.749300 -0.661200 -0.036400
vn 0.738200 -0.661300 -0.133000
vn 0.409800 -0.909200 -0.073800
vn 0.714100 -0.661500 -0.229000
vn 0.396100 -0.909300 -0.127000
vn 0.931200 -0.361600 -0.045200
vn 0.917600 -0.361600 -0.165300
vn 0.887800 -0.361600 -0.284700
vn 0.108200 -0.993900 -0.019500
vn 0.109800 -0.993900 -0.005300
vn 0.000000 -1.000000 0.000000
vn 0.000000 -1.000000 0.000000
vn 0.104600 -0.993900 -0.033500
vn 0.000000 -1.000000 -0.000100
vn 0.109500 -0.993900 0.008900
vn 0.414900 -0.909200 0.033700
vn 0.107300 -0.993900 0.023200
vn 0.406400 -0.909500 0.087900
vn 0.000000 -1.000000 0.000000
vn 0.000000 -1.000000 0.000000
vn 0.747600 -0.661300 0.060800
vn 0.929300 -0.361500 0.075600
vn 0.732900 -0.661600 0.158600
vn 0.911300 -0.361400 0.197300
vn 0.370300 -0.909100 0.190400
vn 0.667000 -0.661400 0.343000
vn 0.705700 -0.661500 0.253900
vn 0.391500 -0.909300 0.140800
vn 0.829100 -0.361600 0.426400
vn 0.877300 -0.361500 0.315600
vn 0.103400 -0.993900 0.037200
vn 0.097800 -0.993900 0.050300
vn 0.000000 -1.000000 0.000000
vn 0.000000 -1.000000 0.000000
vn 0.090500 -0.993900 0.062500
vn 0.342500 -0.909200 0.236700
vn 0.081300 -0.993900 0.074000
vn 0.308200 -0.909300 0.279600
vn 0.000000 -1.000000 0.000000
vn 0.000000 -1.000000 0.000000
vn 0.617000 -0.661400 0.426400
vn 0.766900 -0.361700 0.530100
vn 0.555400 -0.661500 0.503900
vn 0.690400 -0.361800 0.626500
vn 0.225400 -0.909200 0.350000
vn 0.406100 -0.661300 0.630600
vn 0.484200 -0.661300 0.572800
vn 0.268800 -0.909200 0.317800
vn 0.504800 -0.361400 0.783900
vn 0.601900 -0.361600 0.712000
vn 0.071000 -0.993900 0.084000
vn 0.059500 -0.993900 0.092400
vn 0.000000 -1.000000 0.000000
vn 0.000000 -1.000000 -0.000100
vn 0.047100 -0.993900 0.099300
vn 0.178200 -0.909300 0.376100
vn 0.033500 -0.993900 0.104600
vn 0.127000 -0.909300 0.396200
vn 0.000000 -1.000000 -0.000200
vn 0.000000 -1.000000 -0.000100
vn 0.321100 -0.661500 0.677700
vn 0.399200 -0.361400 0.842600
vn 0.228900 -0.661700 0.713900
vn 0.284700 -0.361600 0.887800
vn 0.020200 -0.909100 0.415900
vn 0.036300 -0.661300 0.749200
vn 0.133000 -0.661400 0.738100
vn 0.073800 -0.909100 0.409800
vn 0.228900 -0.661700 0.713900
vn 0.127000 -0.909300 0.396200
vn 0.045200 -0.361500 0.931200
vn 0.165300 -0.361500 0.917600
vn 0.284700 -0.361600 0.887800
vn 0.019500 -0.993900 0.108300
vn 0.005300 -0.993900 0.109900
vn 0.000000 -1.000000 0.000100
vn 0.000000 -1.000000 0.000000
vn 0.033500 -0.993900 0.104600
vn 0.000000 -1.000000 -0.000100
vn -0.008900 -0.993900 0.109500
vn -0.033800 -0.909200 0.414800
vn -0.023200 -0.994000 0.107200
vn -0.088000 -0.909400 0.406500
vn 0.000000 -1.000000 0.000000
vn 0.000000 -1.000000 -0.000200
vn -0.060900 -0.661500 0.747500
vn -0.075600 -0.361500 0.929300
vn -0.158700 -0.661600 0.732900
vn -0.197300 -0.361600 0.911200
vn -0.190500 -0.909200 0.370200
vn -0.343100 -0.661300 0.667000
vn -0.253800 -0.661400 0.705700
vn -0.140900 -0.909300 0.391600
vn -0.426400 -0.361400 0.829200
vn -0.315600 -0.361500 0.877300
vn -0.037200 -0.993900 0.103200
vn -0.050300 -0.993900 0.097800
vn 0.000000 -1.000000 0.000000
vn 0.000000 -1.000000 0.000000
vn -0.062500 -0.993900 0.090500
vn -0.236900 -0.909100 0.342600
vn -0.073800 -0.993900 0.081400
vn -0.279600 -0.909300 0.308200
vn 0.000000 -1.000000 0.000100
vn 0.000000 -1.000000 0.000200
vn -0.426500 -0.661300 0.617100
vn -0.530100 -0.361400 0.767000
vn -0.503900 -0.661600 0.555300
vn -0.626500 -0.361500 0.690500
vn -0.350000 -0.909200 0.225400
vn -0.630700 -0.661200 0.406100
vn -0.572900 -0.661200 0.484300
vn -0.317900 -0.909100 0.268900
vn -0.784000 -0.361100 0.504800
vn -0.712000 -0.361400 0.601900
vn -0.083900 -0.993900 0.071000
vn -0.092400 -0.993900 0.059500
vn 0.000000 -1.000000 0.000000
vn 0.000000 -1.000000 0.000000
vn -0.099400 -0.993900 0.047000
vn -0.376000 -0.909300 0.178000
vn -0.104600 -0.993900 0.033500
vn -0.396200 -0.909300 0.127000
vn 0.000000 -1.000000 0.000100
vn 0.000000 -1.000000 0.000100
vn -0.677700 -0.661500 0.321100
vn -0.842700 -0.361200 0.399200
vn -0.714000 -0.661600 0.229000
vn -0.887800 -0.361500 0.284700
vn -0.415800 -0.909200 0.020200
vn -0.749000 -0.661500 0.036400
vn -0.738100 -0.661400 0.133000
vn -0.409700 -0.909200 0.073800
vn -0.931300 -0.361300 0.045200
vn -0.917600 -0.361400 0.165300
vn -0.108200 -0.993900 0.019500
vn -0.109900 -0.993900 0.005300
vn 0.000000 -1.000000 0.000000
vn 0.000000 -1.000000 0.000000
vn -0.109600 -0.993900 -0.008900
vn -0.414900 -0.909200 -0.033800
vn -0.107300 -0.993900 -0.023300
vn -0.406700 -0.909300 -0.088000
vn 0.000000 -1.000000 0.000000
vn 0.000000 -1.000000 0.000000
vn -0.747500 -0.661400 -0.060800
vn -0.929300 -0.361300 -0.075600
vn -0.733100 -0.661200 -0.158700
vn -0.911300 -0.361400 -0.197300
vn -0.370300 -0.909200 -0.190400
vn -0.667000 -0.661300 -0.343100
vn -0.706000 -0.661200 -0.253900
vn -0.391700 -0.909200 -0.140900
vn -0.829100 -0.361600 -0.426400
vn -0.877300 -0.361400 -0.315600
vn -0.103400 -0.993900 -0.037200
vn -0.097800 -0.993900 -0.050200
vn 0.000000 -1.000000 0.000000
vn 0.000000 -1.000000 0.000000
vn -0.090400 -0.993900 -0.062500
vn -0.342600 -0.909100 -0.236800
vn -0.081300 -0.993900 -0.073900
vn -0.308200 -0.909300 -0.279700
vn 0.000000 -1.000000 0.000000
vn 0.000000 -1.000000 0.000000
vn -0.617000 -0.661400 -0.426400
vn -0.766900 -0.361700 -0.530100
vn -0.555300 -0.661600 -0.503800
vn -0.690400 -0.361800 -0.626500
vn -0.225400 -0.909200 -0.350000
vn -0.406000 -0.661500 -0.630500
vn -0.484100 -0.661500 -0.572600
vn -0.268700 -0.909300 -0.317800
vn -0.504800 -0.361300 -0.783900
vn -0.601900 -0.361500 -0.712100
vn -0.071000 -0.993900 -0.084000
vn -0.059600 -0.993900 -0.092500
vn 0.000000 -1.000000 0.000000
vn 0.000000 -1.000000 0.000100
vn -0.047100 -0.993900 -0.099300
vn -0.178200 -0.909300 -0.376100
vn -0.033500 -0.993900 -0.104500
vn -0.127000 -0.909300 -0.396200
vn 0.000000 -1.000000 0.000200
vn 0.000000 -1.000000 0.000300
vn -0.321000 -0.661500 -0.677700
vn -0.399100 -0.361500 -0.842600
vn -0.228900 -0.661500 -0.714100
vn -0.284700 -0.361500 -0.887800
vn -0.020200 -0.909200 -0.415800
vn -0.036400 -0.661500 -0.749000
vn -0.133000 -0.661500 -0.738100
vn -0.073800 -0.909200 -0.409700
vn -0.045200 -0.361400 -0.931300
vn -0.165300 -0.361400 -0.917600
vn -0.019500 -0.993900 -0.108300
vn -0.005300 -0.993900 -0.109900
vn 0.000000 -1.000000 0.000100
vn 0.000000 -1.000000 0.000000
vn 0.008900 -0.993900 -0.109500
vn 0.033800 -0.909200 -0.414900
vn 0.023200 -0.994000 -0.107200
vn 0.088000 -0.909300 -0.406700
vn 0.000000 -1.000000 -0.000100
vn 0.000000 -1.000000 0.000100
vn 0.060800 -0.661400 -0.747500
vn 0.075600 -0.361500 -0.929300
vn 0.158700 -0.661600 -0.732900
vn 0.197300 -0.361600 -0.911200
vn 0.190500 -0.909200 -0.370300
vn 0.343100 -0.661300 -0.667000
vn 0.253800 -0.661400 -0.705700
vn 0.140900 -0.909200 -0.391600
vn 0.426400 -0.361500 -0.829100
vn 0.315600 -0.361500 -0.877300
vn 0.037200 -0.994000 -0.103200
vn 0.050300 -0.993900 -0.097800
vn 0.000000 -1.000000 0.000100
vn 0.000000 -1.000000 0.000000
vn 0.062500 -0.993900 -0.090500
vn 0.236800 -0.909200 -0.342500
vn 0.073800 -0.993900 -0.081400
vn 0.279600 -0.909300 -0.308100
vn 0.000000 -1.000000 -0.000200
vn 0.000000 -1.000000 -0.000100
vn 0.426500 -0.661400 -0.616900
vn 0.530100 -0.361600 -0.766900
vn 0.503900 -0.661700 -0.555200
vn 0.626500 -0.361700 -0.690400
vn 0.350000 -0.909200 -0.225400
vn 0.630700 -0.661200 -0.406100
vn 0.572800 -0.661300 -0.484300
vn 0.317900 -0.909100 -0.268900
vn 0.783900 -0.361400 -0.504800
vn 0.711900 -0.361700 -0.601900
vn 0.083900 -0.993900 -0.071000
vn 0.092400 -0.993900 -0.059500
vn 0.000000 -1.000000 0.000000
vn 0.000000 -1.000000 0.000000
vn 0.099400 -0.993900 -0.047000
vn 0.376000 -0.909400 -0.178000
vn 0.000000 -1.000000 -0.000100
vn 0.677800 -0.661400 -0.321100
vn 0.842700 -0.361200 -0.399200
vn 0.000000 -1.000000 0.000000
vn 0.000000 -1.000000 0.000000
vn 0.000000 -1.000000 0.000000
vn 0.000000 -1.000000 0.000000
vn 0.000000 -1.000000 0.000000
vn 0.000000 -1.000000 0.000000
vn 0.000000 -1.000000 0.000000
vn 0.000000 -1.000000 0.000000
vn 0.000000 -1.000000 0.000000
vn 0.000000 -1.000000 0.000000
vn 0.000000 -1.000000 0.000000
vn 0.000000 -1.000000 -0.000100
vn 0.000000 -1.000000 0.000000
vn 0.000000 -1.000000 0.000000
vn 0.000000 -1.000000 0.000000
vn 0.000000 -1.000000 0.000000
vn 0.000000 -1.000000 0.000000
vn 0.000000 -1.000000 0.000000
vn 0.000000 -1.000000 0.000000
vn 0.000000 -1.000000 0.000000
vn -0.400900 -0.915900 0.019500
vn -0.105300 -0.994400 0.005100
vn -0.103800 -0.994400 0.018700
vn -0.395000 -0.915900 0.071200
vn -0.100600 -0.994400 0.032200
vn -0.382300 -0.915800 0.122600
vn -0.738100 -0.661400 0.133000
vn -0.749000 -0.661500 0.036400
vn -0.714200 -0.661400 0.229000
vn -0.747200 -0.661700 -0.060800
vn -0.400000 -0.915900 -0.032500
vn -0.732900 -0.661500 -0.158800
vn -0.392400 -0.915800 -0.085000
vn -0.105200 -0.994400 -0.008500
vn -0.103300 -0.994400 -0.022300
vn 0.000000 -1.000000 0.000000
vn 0.000000 -1.000000 0.000100
vn 0.000000 -1.000000 0.000000
vn 0.000000 -1.000000 0.000100
vn 0.000000 -1.000000 0.000000
vn 0.000000 -1.000000 0.000000
vn 0.000000 -1.000000 0.000100
vn 0.000000 -1.000000 0.000000
vn 0.000000 -1.000000 0.000000
vn 0.000000 -1.000000 -0.000100
vn 0.000000 -1.000000 0.000000
vn 0.000000 -1.000000 -0.000100
vn 0.000000 -1.000000 0.000000
vn 0.000000 -1.000000 0.000100
vn 0.000000 -1.000000 0.000000
vn 0.000000 -1.000000 0.000000
vn -0.356800 -0.916000 -0.183400
vn -0.093900 -0.994400 -0.048300
vn -0.099400 -0.994400 -0.035700
vn -0.377700 -0.915900 -0.135900
vn -0.705600 -0.661600 -0.253800
vn -0.666700 -0.661700 -0.342900
vn -0.616900 -0.661500 -0.426400
vn -0.330000 -0.916000 -0.228100
vn -0.555300 -0.661600 -0.503900
vn -0.297300 -0.915900 -0.269800
vn -0.086900 -0.994400 -0.060100
vn -0.078300 -0.994400 -0.071100
vn 0.000000 -1.000000 0.000000
vn 0.000000 -1.000000 0.000100
vn 0.000000 -1.000000 0.000000
vn 0.000000 -1.000000 -0.000200
vn 0.000000 -1.000000 0.000000
vn 0.000000 -1.000000 0.000000
vn 0.000000 -1.000000 0.000200
vn 0.000000 -1.000000 0.000100
vn 0.000000 -1.000000 0.000000
vn 0.000000 -1.000000 0.000000
vn 0.000000 -1.000000 0.000000
vn 0.000000 -1.000000 -0.000100
vn 0.000000 -1.000000 0.000000
vn 0.000000 -1.000000 0.000000
vn 0.000000 -1.000000 -0.000100
vn 0.000000 -1.000000 -0.000100
vn -0.217400 -0.915900 -0.337500
vn -0.057100 -0.994400 -0.088700
vn -0.068200 -0.994400 -0.080700
vn -0.259200 -0.915900 -0.306400
vn -0.484100 -0.661600 -0.572500
vn -0.406000 -0.661500 -0.630500
vn -0.321100 -0.661600 -0.677600
vn -0.171800 -0.915900 -0.362700
vn -0.229000 -0.661600 -0.714000
vn -0.122500 -0.915900 -0.382100
vn -0.045200 -0.994400 -0.095500
vn -0.032300 -0.994400 -0.100600
vn 0.000000 -1.000000 -0.000100
vn 0.000000 -1.000000 -0.000200
vn 0.000000 -1.000000 -0.000100
vn 0.000000 -1.000000 0.000000
vn 0.000000 -1.000000 -0.000100
vn 0.000000 -1.000000 -0.000100
vn 0.000000 -1.000000 0.000100
vn 0.000000 -1.000000 0.000100
vn 0.000000 -1.000000 0.000000
vn 0.000000 -1.000000 0.000000
vn 0.000000 -1.000000 0.000000
vn 0.000000 -1.000000 0.000000
vn 0.000000 -1.000000 0.000100
vn 0.000000 -1.000000 0.000000
vn 0.000000 -1.000000 0.000400
vn 0.000000 -1.000000 0.000200
vn 0.000000 -1.000000 0.000100
vn 0.000000 -1.000000 0.000100
vn 0.000000 -1.000000 0.000000
vn 0.000000 -1.000000 0.000000
vn -0.019400 -0.916000 -0.400700
vn -0.005100 -0.994400 -0.105500
vn -0.018700 -0.994400 -0.103900
vn -0.071100 -0.916000 -0.394800
vn -0.032300 -0.994400 -0.100600
vn -0.122500 -0.915900 -0.382100
vn -0.133000 -0.661600 -0.737900
vn -0.036400 -0.661600 -0.749000
vn -0.229000 -0.661600 -0.714000
vn 0.060800 -0.661600 -0.747400
vn 0.032600 -0.915900 -0.400000
vn 0.158800 -0.661500 -0.732900
vn 0.085000 -0.915900 -0.392400
vn 0.008500 -0.994400 -0.105300
vn 0.022300 -0.994400 -0.103200
vn 0.000000 -1.000000 0.000100
vn 0.000000 -1.000000 0.000000
vn 0.000000 -1.000000 -0.000100
vn 0.000000 -1.000000 0.000000
vn 0.000000 -1.000000 0.000100
vn 0.000000 -1.000000 0.000000
vn 0.000000 -1.000000 0.000000
vn 0.000000 -1.000000 -0.000100
vn 0.000000 -1.000000 0.000200
vn 0.000000 -1.000000 0.000000
vn 0.000000 -1.000000 0.000100
vn 0.000000 -1.000000 -0.000100
vn 0.000000 -1.000000 -0.000100
vn 0.000000 -1.000000 0.000000
vn 0.000000 -1.000000 0.000000
vn 0.000000 -1.000000 -0.000100
vn 0.183600 -0.915900 -0.356900
vn 0.048200 -0.994400 -0.093900
vn 0.035700 -0.994400 -0.099300
vn 0.135800 -0.915800 -0.377800
vn 0.253800 -0.661500 -0.705600
vn 0.343000 -0.661500 -0.666900
vn 0.426500 -0.661500 -0.616800
vn 0.228200 -0.916000 -0.329900
vn 0.504000 -0.661500 -0.555300
vn 0.269700 -0.915900 -0.297200
vn 0.060000 -0.994400 -0.087000
vn 0.071000 -0.994400 -0.078200
vn 0.000000 -1.000000 -0.000100
vn 0.000000 -1.000000 0.000000
vn 0.000000 -1.000000 0.000000
vn 0.000000 -1.000000 0.000000
vn 0.000000 -1.000000 0.000100
vn 0.000000 -1.000000 0.000000
vn 0.000000 -1.000000 0.000000
vn 0.000000 -1.000000 0.000000
vn 0.000000 -1.000000 0.000000
vn 0.000000 -1.000000 -0.000100
vn 0.000000 -1.000000 0.000000
vn 0.000000 -1.000000 0.000000
vn 0.000000 -1.000000 0.000000
vn 0.000000 -1.000000 0.000100
vn 0.000000 -1.000000 0.000000
vn 0.000000 -1.000000 0.000000
vn 0.337400 -0.915900 -0.217300
vn 0.088700 -0.994400 -0.057200
vn 0.080600 -0.994400 -0.068100
vn 0.306500 -0.915900 -0.259100
vn 0.572700 -0.661500 -0.484200
vn 0.630500 -0.661500 -0.406000
vn 0.677600 -0.661600 -0.321000
vn 0.362700 -0.915900 -0.171900
vn 0.714100 -0.661500 -0.229000
vn 0.382100 -0.916000 -0.122600
vn 0.095400 -0.994400 -0.045200
vn 0.100500 -0.994400 -0.032200
vn 0.000000 -1.000000 0.000000
vn 0.000000 -1.000000 0.000000
vn 0.000000 -1.000000 0.000000
vn 0.000000 -1.000000 0.000000
vn 0.000000 -1.000000 0.000000
vn 0.000000 -1.000000 0.000000
vn 0.000000 -1.000000 0.000000
vn 0.000000 -1.000000 0.000000
vn 0.000000 -1.000000 0.000000
vn 0.000000 -1.000000 0.000000
vn 0.000000 -1.000000 0.000000
vn 0.000000 -1.000000 0.000000
vn 0.000000 -1.000000 0.000000
vn 0.000000 -1.000000 0.000000
vn 0.000000 -1.000000 0.000000
vn 0.000000 -1.000000 0.000000
vn 0.401100 -0.915800 -0.019500
vn 0.105300 -0.994400 -0.005100
vn 0.103700 -0.994400 -0.018600
vn 0.394900 -0.915900 -0.071200
vn 0.738100 -0.661500 -0.133000
vn 0.749100 -0.661400 -0.036400
vn 0.747600 -0.661300 0.060800
vn 0.400200 -0.915800 0.032500
vn 0.732900 -0.661500 0.158700
vn 0.392500 -0.915800 0.085100
vn 0.105100 -0.994400 0.008500
vn 0.103200 -0.994400 0.022300
vn 0.000000 -1.000000 0.000000
vn 0.000000 -1.000000 -0.000100
vn 0.000000 -1.000000 0.000000
vn 0.000000 -1.000000 -0.000100
vn 0.000000 -1.000000 0.000000
vn 0.000000 -1.000000 0.000000
vn 0.000000 -1.000000 -0.000100
vn 0.000000 -1.000000 0.000000
vn 0.000000 -1.000000 0.000000
vn 0.000000 -1.000000 0.000100
vn 0.000000 -1.000000 0.000000
vn 0.000000 -1.000000 -0.000100
vn 0.000000 -1.000000 0.000000
vn 0.000000 -1.000000 0.000000
vn 0.000000 -1.000000 0.000000
vn 0.000000 -1.000000 0.000000
vn 0.356900 -0.915900 0.183500
vn 0.093800 -0.994400 0.048300
vn 0.099300 -0.994400 0.035700
vn 0.377800 -0.915800 0.136000
vn 0.705600 -0.661600 0.253900
vn 0.666800 -0.661500 0.343000
vn 0.616900 -0.661500 0.426400
vn 0.330100 -0.915900 0.228200
vn 0.555400 -0.661400 0.504000
vn 0.297300 -0.915900 0.269700
vn 0.086800 -0.994400 0.060100
vn 0.078200 -0.994400 0.070900
vn 0.000000 -1.000000 0.000000
vn 0.000000 -1.000000 -0.000200
vn 0.000000 -1.000000 0.000000
vn 0.000000 -1.000000 0.000100
vn 0.000000 -1.000000 0.000000
vn 0.000000 -1.000000 0.000000
vn 0.000000 -1.000000 -0.000100
vn 0.000000 -1.000000 0.000100
vn 0.000000 -1.000000 0.000100
vn 0.000000 -1.000000 -0.000100
vn 0.000000 -1.000000 0.000200
vn 0.000000 -1.000000 0.000100
vn 0.000000 -1.000000 0.000200
vn 0.000000 -1.000000 0.000100
vn 0.000000 -1.000000 0.000000
vn 0.000000 -1.000000 0.000200
vn 0.217200 -0.916000 0.337300
vn 0.057100 -0.994400 0.088900
vn 0.068200 -0.994400 0.080500
vn 0.259100 -0.916000 0.306200
vn 0.484100 -0.661700 0.572500
vn 0.406000 -0.661500 0.630400
vn 0.321100 -0.661400 0.677800
vn 0.171700 -0.915900 0.362700
vn 0.229000 -0.661400 0.714200
vn 0.122500 -0.915900 0.382200
vn 0.045200 -0.994400 0.095600
vn 0.032300 -0.994400 0.100600
vn 0.000000 -1.000000 0.000000
vn 0.000000 -1.000000 0.000000
vn 0.000000 -1.000000 0.000200
vn 0.000000 -1.000000 0.000100
vn 0.000000 -1.000000 0.000000
vn 0.000000 -1.000000 -0.000200
vn 0.000000 -1.000000 -0.000100
vn 0.000000 -1.000000 -0.000200
vn 0.000000 -1.000000 -0.000200
vn 0.000000 -1.000000 0.000000
vn 0.000000 -1.000000 -0.000300
vn 0.000000 -1.000000 0.000100
vn 0.000000 -1.000000 0.000000
vn 0.000000 -1.000000 0.000000
vn 0.000000 -1.000000 0.000000
vn 0.000000 -1.000000 0.000200
vn 0.019500 -0.915900 0.400900
vn 0.005100 -0.994400 0.105600
vn 0.018700 -0.994400 0.103900
vn 0.071100 -0.915900 0.395000
vn 0.133000 -0.661500 0.738000
vn 0.036300 -0.661600 0.749000
vn -0.060800 -0.661600 0.747400
vn -0.032500 -0.915900 0.400000
vn -0.158700 -0.661500 0.732900
vn -0.084900 -0.915900 0.392200
vn -0.008500 -0.994400 0.105300
vn -0.022300 -0.994400 0.103200
vn 0.000000 -1.000000 0.000100
vn 0.000000 -1.000000 0.000000
vn 0.000000 -1.000000 0.000100
vn 0.000000 -1.000000 0.000100
vn 0.000000 -1.000000 -0.000100
vn 0.000000 -1.000000 0.000000
vn 0.000000 -1.000000 -0.000200
vn 0.000000 -1.000000 0.000000
vn 0.000000 -1.000000 0.000100
vn 0.000000 -1.000000 0.000100
vn 0.000000 -1.000000 0.000100
vn 0.000000 -1.000000 0.000100
vn 0.000000 -1.000000 0.000000
vn 0.000000 -1.000000 -0.000100
vn 0.000000 -1.000000 -0.000300
vn 0.000000 -1.000000 -0.000200
vn -0.183500 -0.916000 0.356800
vn -0.048300 -0.994400 0.093900
vn -0.035700 -0.994400 0.099300
vn -0.135800 -0.915900 0.377600
vn -0.253800 -0.661600 0.705600
vn -0.343000 -0.661600 0.666800
vn -0.426400 -0.661500 0.616800
vn -0.228200 -0.915900 0.330100
vn -0.504000 -0.661300 0.555500
vn -0.269800 -0.915800 0.297400
vn -0.060100 -0.994400 0.087000
vn -0.071000 -0.994400 0.078200
vn 0.000000 -1.000000 0.000100
vn 0.000000 -1.000000 0.000000
vn 0.000000 -1.000000 0.000000
vn 0.000000 -1.000000 0.000000
vn 0.000000 -1.000000 0.000000
vn 0.000000 -1.000000 0.000000
vn 0.000000 -1.000000 0.000000
vn 0.000000 -1.000000 0.000000
vn 0.000000 -1.000000 0.000000
vn 0.000000 -1.000000 0.000100
vn 0.000000 -1.000000 0.000000
vn 0.000000 -1.000000 0.000000
vn -0.337600 -0.915800 0.217400
vn -0.088800 -0.994400 0.057300
vn -0.080600 -0.994400 0.068100
vn -0.306500 -0.915900 0.259100
vn -0.572700 -0.661500 0.484200
vn -0.630300 -0.661800 0.405900
vn -0.677500 -0.661700 0.320900
vn -0.362900 -0.915800 0.171900
vn -0.095500 -0.994400 0.045300
vt 1.281600 -1.627900
vt 1.332000 -1.694100
vt 1.369500 -1.642600
vt 1.316000 -1.575600
vt 1.405100 -1.589900
vt 1.348900 -1.522500
vt 1.382000 -1.766300
vt 1.422700 -1.715300
vt 1.461300 -1.662900
vt 1.262200 -1.514000
vt 1.230700 -1.567100
vt 1.208000 -1.457000
vt 1.179200 -1.511000
vt 1.292400 -1.460200
vt 1.235800 -1.402500
vt 1.196100 -1.622000
vt 1.243900 -1.681600
vt 1.156800 -1.681100
vt 1.201000 -1.739100
vt 1.147600 -1.567200
vt 1.111700 -1.628000
vt 1.290900 -1.746700
vt 1.337200 -1.817700
vt 1.244100 -1.802400
vt 1.286200 -1.871500
vt 1.480900 -1.931200
vt 1.530000 -2.026400
vt 1.582600 -1.976300
vt 1.528900 -1.881000
vt 1.631900 -1.922700
vt 1.574100 -1.828300
vt 1.579300 -2.131700
vt 1.637100 -2.081300
vt 1.691300 -2.026200
vt 1.475700 -1.794400
vt 1.431600 -1.844900
vt 1.517400 -1.742100
vt 1.382800 -1.895200
vt 1.427800 -1.980300
vt 1.327400 -1.947000
vt 1.367400 -2.029700
vt 1.472000 -2.074200
vt 1.515400 -2.178000
vt 1.406100 -2.120700
vt 1.443300 -2.221000
vt 1.678400 -2.373100
vt 1.728200 -2.503700
vt 1.806800 -2.451400
vt 1.749500 -2.321600
vt 1.880000 -2.387300
vt 1.815900 -2.261000
vt 1.778000 -2.637100
vt 1.864300 -2.583800
vt 1.944700 -2.516100
vt 1.692900 -2.197400
vt 1.628800 -2.248200
vt 1.752800 -2.139800
vt 1.558200 -2.292800
vt 1.600500 -2.415800
vt 1.479100 -2.331600
vt 1.513600 -2.449900
vt 1.642400 -2.544300
vt 1.684100 -2.675600
vt 1.547400 -2.573300
vt 1.580700 -2.699300
vt -0.654100 -2.376400
vt -0.604500 -2.251200
vt -0.668700 -2.200600
vt -0.725400 -2.325400
vt -0.729100 -2.142600
vt -0.792400 -2.264800
vt -0.555200 -2.134200
vt -0.613000 -2.083700
vt -0.667500 -2.027900
vt -0.782800 -2.455500
vt -0.703900 -2.506900
vt -0.840600 -2.588200
vt -0.753800 -2.640200
vt -0.856900 -2.391900
vt -0.921900 -2.521400
vt -0.618400 -2.546300
vt -0.576600 -2.418000
vt -0.524200 -2.573700
vt -0.490600 -2.450700
vt -0.660000 -2.677200
vt -0.557400 -2.699300
vt -0.534400 -2.295000
vt -0.491800 -2.180000
vt -0.456100 -2.332700
vt -0.420500 -2.222200
vt -0.457400 -1.931600
vt -0.408400 -1.844100
vt -0.452400 -1.792900
vt -0.505400 -1.880800
vt -0.494000 -1.739900
vt -0.550600 -1.827400
vt -0.359000 -1.764400
vt -0.399500 -1.712700
vt -0.437800 -1.659900
vt -0.558700 -1.977400
vt -0.506300 -2.028000
vt -0.608200 -1.923100
vt -0.448500 -2.075700
vt -0.404500 -1.981000
vt -0.383200 -2.121600
vt -0.344400 -2.030200
vt -0.359700 -1.894900
vt -0.314100 -1.816500
vt -0.304200 -1.946900
vt -0.262800 -1.870800
vt -0.258000 -1.624900
vt -0.206500 -1.563900
vt -0.238000 -1.510600
vt -0.292300 -1.572300
vt -0.267900 -1.457200
vt -0.324800 -1.519200
vt -0.154400 -1.507900
vt -0.183300 -1.453900
vt -0.210800 -1.399800
vt -0.346100 -1.639400
vt -0.308800 -1.691500
vt -0.381400 -1.586600
vt -0.267500 -1.744800
vt -0.220000 -1.679200
vt -0.220200 -1.801000
vt -0.176600 -1.737000
vt -0.171700 -1.619100
vt -0.122700 -1.564200
vt -0.132000 -1.678500
vt -0.086300 -1.625100
vt -0.048600 -1.409000
vt 0.005300 -1.366400
vt -0.016200 -1.309300
vt -0.072500 -1.353000
vt -0.037000 -1.252600
vt -0.095400 -1.297200
vt 0.060000 -1.328400
vt 0.040800 -1.270300
vt 0.022200 -1.212700
vt -0.128100 -1.401300
vt -0.101800 -1.456200
vt -0.153300 -1.346400
vt -0.072900 -1.513800
vt -0.022300 -1.467800
vt -0.039800 -1.576200
vt 0.007700 -1.531900
vt 0.029000 -1.426400
vt 0.081100 -1.389500
vt 0.056000 -1.492100
vt 0.105200 -1.456600
vt 0.171700 -1.266500
vt 0.228400 -1.242500
vt 0.216200 -1.182600
vt 0.157100 -1.207000
vt 0.204400 -1.123100
vt 0.143100 -1.147900
vt 0.285400 -1.223300
vt 0.275600 -1.163100
vt 0.266100 -1.103200
vt 0.098600 -1.236200
vt 0.115500 -1.295100
vt 0.082300 -1.177800
vt 0.134000 -1.357200
vt 0.187700 -1.329300
vt 0.155200 -1.425400
vt 0.205900 -1.398500
vt 0.241800 -1.305900
vt 0.296200 -1.287100
vt 0.257100 -1.375900
vt 0.308500 -1.357500
vt 0.400100 -1.198700
vt 0.457500 -1.192800
vt 0.455000 -1.132300
vt 0.395100 -1.138200
vt 0.452700 -1.072100
vt 0.390300 -1.078000
vt 0.515000 -1.190900
vt 0.515000 -1.130500
vt 0.515000 -1.070300
vt 0.335300 -1.148400
vt 0.342700 -1.208800
vt 0.328100 -1.088300
vt 0.350800 -1.272700
vt 0.405500 -1.262600
vt 0.360100 -1.343300
vt 0.411800 -1.333300
vt 0.460300 -1.256700
vt 0.515000 -1.254800
vt 0.463500 -1.327400
vt 0.515200 -1.325400
vt 0.629700 -1.198600
vt 0.686800 -1.208800
vt 0.694200 -1.148500
vt 0.634600 -1.138300
vt 0.701300 -1.088900
vt 0.639400 -1.078400
vt 0.743700 -1.223500
vt 0.753500 -1.163500
vt 0.762900 -1.104200
vt 0.574900 -1.132400
vt 0.572400 -1.192700
vt 0.577200 -1.072300
vt 0.569700 -1.256600
vt 0.624300 -1.262500
vt 0.566900 -1.327300
vt 0.618400 -1.333200
vt 0.678800 -1.272600
vt 0.733000 -1.287200
vt 0.669800 -1.343300
vt 0.721000 -1.357700
vt 0.856400 -1.267400
vt 0.912000 -1.296500
vt 0.928900 -1.238000
vt 0.871000 -1.208200
vt 0.945100 -1.179900
vt 0.884900 -1.149700
vt 0.966900 -1.330400
vt 0.986100 -1.272500
vt 1.004600 -1.215100
vt 0.812400 -1.183400
vt 0.800200 -1.243100
vt 0.824100 -1.124400
vt 0.786900 -1.306400
vt 0.840500 -1.330200
vt 0.772000 -1.376500
vt 0.822600 -1.399700
vt 0.893500 -1.358600
vt 0.945900 -1.391500
vt 0.872600 -1.427200
vt 0.922100 -1.458900
vt 1.074400 -1.411800
vt 1.127100 -1.459300
vt 1.153400 -1.404200
vt 1.098300 -1.355800
vt 1.178800 -1.349000
vt 1.121300 -1.299800
vt 1.042600 -1.311800
vt 1.021100 -1.368800
vt 1.063300 -1.255100
vt 0.997500 -1.428800
vt 1.048300 -1.470600
vt 0.970800 -1.494800
vt 1.018700 -1.534900
vt 1.098400 -1.516700
vt 1.065700 -1.579300
vt 0.945500 -1.685900
vt 0.985000 -1.725400
vt 1.027500 -1.649700
vt 0.984100 -1.607600
vt 1.023300 -1.769000
vt 1.069900 -1.696100
vt 0.939600 -1.569500
vt 0.905000 -1.650300
vt 0.894400 -1.535400
vt 0.863600 -1.618400
vt 0.867700 -1.734600
vt 0.904100 -1.767400
vt 0.828600 -1.819600
vt 0.860700 -1.849400
vt 0.830400 -1.705000
vt 0.795700 -1.792800
vt 0.939400 -1.803900
vt 0.973300 -1.844200
vt 0.891700 -1.882400
vt 0.921200 -1.919000
vt 0.778800 -1.564700
vt 0.821500 -1.589800
vt 0.848400 -1.505100
vt 0.801800 -1.478700
vt 0.754700 -1.456300
vt 0.735700 -1.543300
vt 0.707300 -1.438000
vt 0.692100 -1.525600
vt 0.715200 -1.634800
vt 0.754100 -1.655000
vt 0.693700 -1.728200
vt 0.728200 -1.746900
vt 0.675900 -1.618000
vt 0.658700 -1.712700
vt 0.792500 -1.678500
vt 0.762200 -1.768500
vt 0.604300 -1.502000
vt 0.648300 -1.511900
vt 0.659600 -1.423900
vt 0.611700 -1.413900
vt 0.563700 -1.407900
vt 0.560100 -1.496200
vt 0.515500 -1.406000
vt 0.515900 -1.494300
vt 0.556300 -1.589600
vt 0.596300 -1.595300
vt 0.552200 -1.686000
vt 0.587900 -1.691400
vt 0.516200 -1.587800
vt 0.516400 -1.684200
vt 0.636200 -1.604900
vt 0.623500 -1.700300
vt 0.427400 -1.502400
vt 0.471600 -1.496400
vt 0.467300 -1.408100
vt 0.419200 -1.414100
vt 0.371000 -1.424000
vt 0.383100 -1.512100
vt 0.323000 -1.437800
vt 0.339000 -1.525400
vt 0.396000 -1.605100
vt 0.436000 -1.595800
vt 0.409300 -1.700600
vt 0.445000 -1.691800
vt 0.356100 -1.617800
vt 0.373800 -1.712300
vt 0.476100 -1.589900
vt 0.480700 -1.686300
vt 0.251200 -1.562500
vt 0.295000 -1.542200
vt 0.275000 -1.455500
vt 0.227300 -1.477100
vt 0.180100 -1.502600
vt 0.207900 -1.586400
vt 0.133600 -1.532200
vt 0.165200 -1.614100
vt 0.237700 -1.674300
vt 0.276800 -1.652200
vt 0.268700 -1.763900
vt 0.303400 -1.743800
vt 0.199100 -1.699900
vt 0.234500 -1.787100
vt 0.316300 -1.633400
vt 0.338500 -1.726700
vt 0.082200 -1.681300
vt 0.123200 -1.645700
vt 0.087800 -1.565900
vt 0.042900 -1.603800
vt -0.001000 -1.646100
vt 0.042200 -1.721000
vt -0.043800 -1.692800
vt 0.003500 -1.765200
vt 0.088600 -1.798800
vt 0.124400 -1.761900
vt 0.137000 -1.877000
vt 0.168400 -1.843400
vt 0.054200 -1.839800
vt 0.107000 -1.914400
vt 0.161300 -1.729000
vt 0.201000 -1.813600
vt -0.069700 -1.867200
vt -0.033800 -1.813900
vt -0.085500 -1.744200
vt -0.125900 -1.800500
vt -0.165100 -1.861900
vt -0.104100 -1.925300
vt -0.203000 -1.928800
vt -0.137100 -1.988300
vt -0.039300 -1.988800
vt -0.009700 -1.934900
vt 0.027200 -2.050100
vt 0.052100 -2.001100
vt -0.067400 -2.047100
vt 0.003800 -2.102800
vt 0.021500 -1.885200
vt 0.078700 -1.955800
vt -0.198300 -2.129900
vt -0.168600 -2.056300
vt -0.239600 -2.001400
vt -0.274700 -2.080500
vt -0.307800 -2.166900
vt -0.225800 -2.209800
vt -0.338800 -2.261400
vt -0.250500 -2.296500
vt -0.140200 -2.248800
vt -0.118300 -2.176600
vt -0.054600 -2.282500
vt -0.037500 -2.218600
vt -0.159200 -2.326600
vt -0.068500 -2.350600
vt -0.093900 -2.109500
vt -0.017900 -2.158800
vt -0.291500 -2.490800
vt -0.272200 -2.390900
vt -0.367400 -2.364800
vt -0.394100 -2.474900
vt -0.419500 -2.589400
vt -0.309400 -2.594600
vt -0.444400 -2.706200
vt -0.326400 -2.700200
vt -0.198600 -2.590400
vt -0.187500 -2.499000
vt -0.092200 -2.578200
vt -0.086400 -2.499600
vt -0.208800 -2.683400
vt -0.097100 -2.657800
vt -0.174600 -2.410500
vt -0.078800 -2.423400
vt 1.311600 -2.493200
vt 1.329300 -2.597300
vt 1.441200 -2.590700
vt 1.415700 -2.475700
vt 1.346300 -2.703300
vt 1.466200 -2.707900
vt 1.389000 -2.365300
vt 1.292500 -2.392900
vt 1.360700 -2.261600
vt 1.271300 -2.298300
vt 1.193800 -2.413900
vt 1.206100 -2.502500
vt 1.097200 -2.427300
vt 1.104000 -2.503500
vt 1.179100 -2.329600
vt 1.087900 -2.354300
vt 1.216900 -2.594100
vt 1.226900 -2.687200
vt 1.109300 -2.581900
vt 1.113800 -2.661400
vt 1.220900 -2.131000
vt 1.247400 -2.211100
vt 1.330100 -2.167000
vt 1.297400 -2.080600
vt 1.263000 -2.001800
vt 1.192200 -2.057300
vt 1.227000 -1.929600
vt 1.161600 -1.989400
vt 1.117700 -2.111100
vt 1.140800 -2.178600
vt 1.042100 -2.161000
vt 1.060100 -2.221200
vt 1.092500 -2.048600
vt 1.021700 -2.104700
vt 1.161400 -2.251300
vt 1.075400 -2.285600
vt 1.095500 -1.869500
vt 1.129400 -1.926900
vt 1.189600 -1.863300
vt 1.151000 -1.802600
vt 1.111000 -1.747000
vt 1.060200 -1.817000
vt 1.005700 -1.888700
vt 1.036400 -1.937500
vt 0.949100 -1.959600
vt 0.975200 -2.004000
vt 1.065300 -1.990800
vt 0.999400 -2.052400
vt -0.241100 0.876800
vt -0.270700 0.810600
vt -0.243800 0.789000
vt -0.219100 0.859400
vt -0.215300 0.771300
vt -0.195700 0.845200
vt -0.304200 0.737500
vt -0.271900 0.711200
vt -0.237700 0.689500
vt -0.198400 0.919600
vt -0.216200 0.933400
vt -0.182400 0.966800
vt -0.196900 0.977800
vt -0.179500 0.908400
vt -0.167000 0.957900
vt -0.232800 0.949600
vt -0.261600 0.897100
vt -0.248200 0.967900
vt -0.280600 0.920000
vt -0.210500 0.990800
vt -0.223000 1.005500
vt -0.295800 0.835700
vt -0.334200 0.767800
vt -0.318900 0.863900
vt -0.361800 0.801900
vt -0.313200 0.972200
vt -0.358500 0.928200
vt -0.339800 0.894800
vt -0.297800 0.945100
vt -0.409000 0.879700
vt -0.386800 0.839300
vt -0.262200 0.988000
vt -0.274700 1.009800
vt -0.234500 1.021700
vt -0.244700 1.039300
vt -0.285600 1.033000
vt -0.326500 1.001100
vt -0.294700 1.057600
vt -0.337700 1.031500
vt -0.253700 1.058100
vt -0.261200 1.078000
vt -0.374600 0.963800
vt -0.428200 0.922700
vt -0.388200 1.001200
vt -0.444200 0.967800
vt -0.353200 1.096100
vt -0.406800 1.080200
vt -0.398900 1.040100
vt -0.346600 1.063300
vt -0.466100 1.062900
vt -0.456800 1.014700
vt -0.302100 1.083200
vt -0.307400 1.109700
vt -0.267200 1.098800
vt -0.271700 1.120400
vt -0.310800 1.136700
vt -0.357300 1.129500
vt -0.312100 1.164000
vt -0.358800 1.163300
vt -0.274500 1.142400
vt -0.275500 1.164600
vt -0.411700 1.121100
vt -0.471800 1.112000
vt -0.413500 1.162400
vt -0.474000 1.161600
vt -0.354100 1.230600
vt -0.407900 1.244800
vt -0.412300 1.203800
vt -0.357800 1.197000
vt -0.467500 1.260500
vt -0.472600 1.211300
vt -0.311200 1.191300
vt -0.308200 1.218500
vt -0.274800 1.186900
vt -0.272300 1.209000
vt -0.303200 1.245100
vt -0.348100 1.263500
vt -0.296300 1.271000
vt -0.339700 1.295600
vt -0.268200 1.230600
vt -0.262500 1.251700
vt -0.400700 1.285100
vt -0.459000 1.309000
vt -0.390600 1.324400
vt -0.447100 1.356400
vt -0.316300 1.356000
vt -0.362300 1.398600
vt -0.377800 1.362400
vt -0.329000 1.326500
vt -0.413500 1.445800
vt -0.431900 1.402100
vt -0.287600 1.295900
vt -0.277200 1.319600
vt -0.255300 1.271900
vt -0.246700 1.291000
vt -0.265100 1.341800
vt -0.301500 1.383700
vt -0.251500 1.362500
vt -0.284700 1.409500
vt -0.236800 1.309000
vt -0.225600 1.325700
vt -0.344300 1.432800
vt -0.392100 1.487100
vt -0.323900 1.464500
vt -0.367700 1.525400
vt -0.245800 1.453800
vt -0.276400 1.519100
vt -0.301200 1.493400
vt -0.266100 1.432900
vt -0.310700 1.591400
vt -0.340500 1.560300
vt -0.236400 1.381300
vt -0.220000 1.398000
vt -0.213300 1.340900
vt -0.200000 1.354300
vt -0.202400 1.412300
vt -0.224000 1.471700
vt -0.183700 1.423900
vt -0.200800 1.486400
vt -0.185700 1.365800
vt -0.170600 1.375100
vt -0.249700 1.541400
vt -0.278600 1.618400
vt -0.221200 1.559700
vt -0.244400 1.640900
vt -0.150900 1.505100
vt -0.160000 1.583600
vt -0.191200 1.573800
vt -0.176300 1.497600
vt -0.170900 1.671100
vt -0.208400 1.658600
vt -0.164000 1.432600
vt -0.143600 1.438400
vt -0.154700 1.382000
vt -0.138200 1.386400
vt -0.122700 1.441100
vt -0.124700 1.508900
vt -0.101300 1.440800
vt -0.098000 1.509000
vt -0.121400 1.388400
vt -0.104300 1.387900
vt -0.127700 1.588900
vt -0.132100 1.678500
vt -0.094800 1.589700
vt -0.092300 1.680400
vt -0.044200 1.497600
vt -0.028000 1.577100
vt -0.061500 1.585900
vt -0.071100 1.505300
vt -0.011200 1.667200
vt -0.051900 1.676800
vt -0.079900 1.437400
vt -0.058600 1.430900
vt -0.087100 1.384900
vt -0.070200 1.379300
vt -0.037700 1.421000
vt -0.017700 1.485700
vt -0.017400 1.407700
vt 0.008200 1.469600
vt -0.053600 1.371100
vt -0.037600 1.360300
vt 0.005100 1.563300
vt 0.029400 1.651600
vt 0.037700 1.544100
vt 0.069600 1.629500
vt 0.057300 1.425000
vt 0.100200 1.490500
vt 0.069300 1.519400
vt 0.033100 1.449000
vt 0.147600 1.567100
vt 0.108900 1.600800
vt 0.002000 1.390900
vt 0.020700 1.371500
vt -0.022500 1.346600
vt -0.008000 1.330900
vt 0.038900 1.350300
vt 0.081000 1.398800
vt 0.056900 1.328300
vt 0.104400 1.371500
vt 0.006200 1.313900
vt 0.020100 1.296100
vt 0.130600 1.458900
vt 0.185900 1.530000
vt 0.160700 1.425800
vt 0.224000 1.491300
vt 0.062300 0.913900
vt 0.106000 0.847900
vt 0.136500 0.879900
vt 0.086100 0.940500
vt 0.166900 0.913200
vt 0.109600 0.968100
vt 0.154000 0.770400
vt 0.192500 0.807800
vt 0.230900 0.846800
vt 0.043200 0.989200
vt 0.025000 0.967600
vt 0.009800 1.025700
vt -0.004300 1.008300
vt 0.061200 1.011600
vt 0.023600 1.043800
vt 0.006300 0.947700
vt 0.038100 0.889500
vt -0.013000 0.930300
vt 0.013200 0.868200
vt -0.018800 0.992100
vt -0.033800 0.977900
vt 0.075000 0.818600
vt 0.115100 0.736300
vt 0.043300 0.793200
vt 0.075700 0.707000
vt -0.039100 0.838400
vt -0.022400 0.758400
vt 0.010700 0.773200
vt -0.012600 0.851200
vt -0.005000 0.667800
vt 0.035500 0.684300
vt -0.033200 0.916300
vt -0.054100 0.905500
vt -0.049700 0.966300
vt -0.066200 0.957400
vt -0.075300 0.898100
vt -0.065900 0.829800
vt -0.096700 0.893800
vt -0.092800 0.825100
vt -0.083100 0.951000
vt -0.100200 0.947300
vt -0.055700 0.748700
vt -0.045600 0.657500
vt -0.089000 0.743900
vt -0.085900 0.652900
vt -0.145700 0.827700
vt -0.154000 0.748600
vt -0.121800 0.743900
vt -0.119500 0.824500
vt -0.164200 0.660700
vt -0.125500 0.654100
vt -0.118100 0.892800
vt -0.139100 0.895000
vt -0.117400 0.946100
vt -0.134300 0.947600
vt -0.159700 0.900200
vt -0.171200 0.834600
vt -0.150900 0.951500
vt -0.185300 0.757700
vt -0.201700 0.672500
vt -0.189700 0.470900
vt -0.203800 0.375700
vt -0.145000 0.360700
vt -0.137400 0.459000
vt -0.084300 0.353200
vt -0.083700 0.453900
vt -0.218000 0.284600
vt -0.153000 0.266600
vt -0.086000 0.256700
vt -0.130800 0.557900
vt -0.176300 0.567000
vt -0.084200 0.555000
vt -0.220300 0.582100
vt -0.240200 0.489500
vt -0.262500 0.602800
vt -0.288600 0.514200
vt -0.260600 0.397800
vt -0.280800 0.310300
vt -0.315100 0.426700
vt -0.341000 0.343100
vt 0.027400 0.465900
vt 0.041500 0.362500
vt 0.106200 0.380300
vt 0.084100 0.483800
vt 0.171700 0.407400
vt 0.141200 0.510100
vt 0.053600 0.262800
vt 0.125600 0.280000
vt 0.198900 0.307300
vt 0.060300 0.586500
vt 0.011700 0.569000
vt 0.108700 0.611300
vt -0.036500 0.558600
vt -0.028600 0.456100
vt -0.022000 0.353600
vt -0.017000 0.255200
vt 0.255500 0.587300
vt 0.304200 0.489100
vt 0.370900 0.538600
vt 0.312600 0.633700
vt 0.437800 0.590600
vt 0.369800 0.682200
vt 0.348500 0.391500
vt 0.424200 0.442900
vt 0.500200 0.497000
vt 0.252200 0.724600
vt 0.204600 0.682300
vt 0.299700 0.768700
vt 0.156800 0.643900
vt 0.198300 0.545400
vt 0.237800 0.444600
vt 0.273300 0.345400
vt 0.248800 1.747200
vt 0.297600 1.843800
vt 0.231400 1.888400
vt 0.191900 1.789000
vt 0.165400 1.925700
vt 0.134900 1.824200
vt 0.342100 1.940300
vt 0.267000 1.986600
vt 0.192500 2.025100
vt 0.150400 1.691900
vt 0.198000 1.653800
vt 0.102500 1.724200
vt 0.245300 1.611800
vt 0.305600 1.700900
vt 0.292400 1.567800
vt 0.362400 1.652500
vt 0.364000 1.794300
vt 0.417500 1.888700
vt 0.430500 1.742400
vt 0.493100 1.834500
vt 0.020800 1.868300
vt 0.034700 1.971500
vt -0.029400 1.980600
vt -0.035600 1.878000
vt -0.092100 1.980900
vt -0.091000 1.879800
vt 0.046300 2.071200
vt -0.024900 2.079300
vt -0.094500 2.078000
vt -0.043200 1.775400
vt 0.005300 1.765600
vt -0.091000 1.778400
vt 0.054000 1.748600
vt 0.077700 1.850500
vt 0.099700 1.953300
vt 0.118900 2.053200
vt -0.197600 1.861200
vt -0.212400 1.956800
vt -0.269300 1.933400
vt -0.248200 1.841600
vt -0.323900 1.903100
vt -0.296700 1.815600
vt -0.227400 2.048300
vt -0.290300 2.021200
vt -0.350500 1.986700
vt -0.227700 1.748900
vt -0.183600 1.764800
vt -0.269900 1.727200
vt -0.137900 1.774700
vt -0.145100 1.874100
vt -0.153200 1.972800
vt -0.162000 2.067400
vt -0.386100 1.746400
vt -0.424600 1.823700
vt -0.469900 1.775200
vt -0.426300 1.703600
vt -0.511200 1.721100
vt -0.463000 1.655900
vt -0.461800 1.897500
vt -0.511900 1.843400
vt -0.557600 1.783200
vt -0.382700 1.631200
vt -0.347700 1.668000
vt -0.414600 1.589900
vt -0.310000 1.700200
vt -0.342800 1.783800
vt -0.375800 1.866500
vt -0.407900 1.945400
vt -0.524700 1.547100
vt -0.580700 1.597800
vt -0.608300 1.530100
vt -0.549200 1.487400
vt -0.630800 1.459300
vt -0.569300 1.424900
vt -0.634400 1.646100
vt -0.664900 1.570800
vt -0.689600 1.492200
vt -0.489800 1.444300
vt -0.468300 1.495900
vt -0.507400 1.390200
vt -0.443200 1.544700
vt -0.495800 1.603500
vt -0.548200 1.661700
vt -0.598600 1.717100
vt -0.595700 1.294500
vt -0.659900 1.311600
vt -0.666700 1.235700
vt -0.601900 1.227500
vt -0.668500 1.159500
vt -0.603600 1.160200
vt -0.721500 1.327900
vt -0.728800 1.243600
vt -0.730600 1.158800
vt -0.536500 1.219300
vt -0.530800 1.277300
vt -0.538100 1.160900
vt -0.521100 1.334400
vt -0.584800 1.360500
vt -0.648000 1.386300
vt -0.708500 1.411000
vt -0.593300 1.026200
vt -0.657100 1.007900
vt -0.643800 0.933700
vt -0.581400 0.960700
vt -0.625600 0.861400
vt -0.564900 0.896800
vt -0.718000 0.990400
vt -0.703600 0.907900
vt -0.683600 0.827500
vt -0.518400 0.987900
vt -0.529000 1.044700
vt -0.503800 0.932600
vt -0.535600 1.102500
vt -0.600700 1.092900
vt -0.665300 1.083300
vt -0.727000 1.074200
vt -0.518700 0.776200
vt -0.574100 0.724500
vt -0.541200 0.661500
vt -0.489300 0.720700
vt -0.503700 0.603200
vt -0.456000 0.669400
vt -0.627100 0.675200
vt -0.590900 0.605100
vt -0.549600 0.540200
vt -0.437300 0.780600
vt -0.463100 0.828500
vt -0.408100 0.736300
vt -0.485300 0.879300
vt -0.544000 0.835100
vt -0.602300 0.791400
vt -0.658000 0.749600
vt -0.378300 0.581200
vt -0.416300 0.503200
vt -0.367200 0.461900
vt -0.334800 0.544900
vt -0.452900 0.428800
vt -0.398600 0.382700
vt -0.302600 0.628900
vt -0.340500 0.660100
vt -0.375800 0.696000
vt -0.418900 0.622700
vt -0.461900 0.550400
vt -0.503400 0.481400
vt -0.519600 0.296000
vt -0.552200 0.232100
vt -0.484700 0.172700
vt -0.456200 0.241100
vt -0.413000 0.121200
vt -0.389000 0.193600
vt -0.586300 0.166100
vt -0.514600 0.101900
vt -0.438500 0.046200
vt -0.427900 0.310100
vt -0.486900 0.360700
vt -0.365300 0.266500
vt -0.541800 0.418200
vt -0.578500 0.358300
vt -0.591900 0.482500
vt -0.632300 0.427800
vt -0.615100 0.299300
vt -0.652900 0.238600
vt -0.672400 0.374100
vt -0.713700 0.319000
vt -0.722200 0.587000
vt -0.768100 0.544800
vt -0.723400 0.456200
vt -0.680300 0.504400
vt -0.815500 0.501600
vt -0.767900 0.407000
vt -0.636700 0.553400
vt -0.675800 0.629900
vt -0.709300 0.711200
vt -0.758100 0.674800
vt -0.736900 0.796300
vt -0.787700 0.766500
vt -0.806400 0.638800
vt -0.856300 0.601800
vt -0.838100 0.737100
vt -0.890300 0.706700
vt -0.827800 0.958500
vt -0.881400 0.943000
vt -0.863100 0.838700
vt -0.810900 0.861400
vt -0.937300 0.926900
vt -0.917300 0.815400
vt -0.758500 0.884100
vt -0.774200 0.974100
vt -0.783900 1.065700
vt -0.838400 1.057400
vt -0.787900 1.158100
vt -0.842700 1.157300
vt -0.892900 1.049100
vt -0.949900 1.040400
vt -0.897700 1.156300
vt -0.955100 1.155100
vt -0.832400 1.357000
vt -0.886400 1.370800
vt -0.895500 1.263900
vt -0.840800 1.257400
vt -0.942600 1.384700
vt -0.952700 1.270200
vt -0.786000 1.250700
vt -0.778200 1.342900
vt -0.764200 1.433700
vt -0.817400 1.455200
vt -0.743900 1.522400
vt -0.795500 1.551000
vt -0.870200 1.476200
vt -0.924900 1.497400
vt -0.846700 1.579000
vt -0.899600 1.607400
vt -0.731200 1.732200
vt -0.778100 1.773300
vt -0.815900 1.678400
vt -0.766700 1.643700
vt -0.826600 1.815300
vt -0.866800 1.713700
vt -0.717000 1.608300
vt -0.683900 1.690400
vt -0.645000 1.767900
vt -0.689400 1.815900
vt -0.600500 1.840000
vt -0.641700 1.893800
vt -0.733600 1.863100
vt -0.779500 1.911400
vt -0.682800 1.946800
vt -0.725700 2.001300
vt -0.530000 2.029300
vt -0.563800 2.093100
vt -0.626000 2.023600
vt -0.588300 1.965000
vt -0.599500 2.159100
vt -0.665500 2.084000
vt -0.550800 1.905800
vt -0.496400 1.965100
vt -0.437900 2.017700
vt -0.467100 2.086500
vt -0.375700 2.063300
vt -0.400400 2.136200
vt -0.496900 2.154900
vt -0.528300 2.226100
vt -0.425700 2.208800
vt -0.452700 2.284300
vt -0.257200 2.211900
vt -0.273000 2.291000
vt -0.351000 2.254400
vt -0.330400 2.178200
vt -0.290100 2.372900
vt -0.373100 2.333400
vt -0.310400 2.101700
vt -0.242200 2.132200
vt -0.171300 2.154200
vt -0.181200 2.236700
vt -0.098000 2.167200
vt -0.102600 2.251900
vt -0.192000 2.318300
vt -0.204000 2.402400
vt -0.108400 2.335500
vt -0.115100 2.421500
vt 0.061500 2.251500
vt 0.066100 2.338500
vt -0.022300 2.342300
vt -0.021700 2.256900
vt 0.069400 2.427600
vt -0.024000 2.429900
vt -0.022500 2.170300
vt 0.055000 2.163500
vt 0.134300 2.146300
vt 0.146600 2.235500
vt 0.214900 2.118500
vt 0.233500 2.208700
vt 0.156500 2.323900
vt 0.164900 2.414500
vt 0.249000 2.298500
vt 0.262500 2.390700
vt 0.411700 2.124700
vt 0.439000 2.217400
vt 0.343300 2.262100
vt 0.322000 2.170800
vt 0.462900 2.313500
vt 0.361900 2.356100
vt 0.296900 2.079900
vt 0.379700 2.033100
vt 0.463200 1.980900
vt 0.502100 2.073000
vt 0.546900 1.925900
vt 0.593000 2.018500
vt 0.535600 2.167200
vt 0.564800 2.265500
vt 0.632700 2.114200
vt 0.667200 2.214900
vt 0.417700 0.206600
vt 0.444700 0.114400
vt 0.541000 0.164000
vt 0.508100 0.257900
vt 0.637800 0.216500
vt 0.598900 0.312000
vt 0.468200 0.019100
vt 0.569600 0.066300
vt 0.671500 0.116300
vt 0.469500 0.350100
vt 0.385900 0.298100
vt 0.553500 0.404800
vt 0.303100 0.251700
vt 0.328200 0.161000
vt 0.221500 0.213700
vt 0.240200 0.123800
vt 0.349500 0.070400
vt 0.368000 -0.022700
vt 0.256000 0.034800
vt 0.269500 -0.056300
vt 0.070100 0.083100
vt 0.075400 -0.003100
vt 0.164600 0.010400
vt 0.154200 0.098100
vt 0.079300 -0.091200
vt 0.173300 -0.079100
vt 0.141400 0.186900
vt 0.062900 0.170700
vt -0.013700 0.164600
vt -0.012000 0.078500
vt -0.088500 0.168000
vt -0.092100 0.083800
vt -0.011700 -0.006200
vt -0.012600 -0.092900
vt -0.096700 0.000800
vt -0.102500 -0.084400
vt -0.245700 0.121800
vt -0.260200 0.043200
vt -0.179600 0.017400
vt -0.170000 0.098300
vt -0.276100 -0.037900
vt -0.190500 -0.066000
vt -0.161300 0.180300
vt -0.231800 0.201100
vt -0.299900 0.230000
vt -0.318700 0.153700
vt -0.338100 0.078000
vt -0.358900 -0.000400
vt -0.129300 1.003900
vt -0.131200 0.982400
vt -0.116900 0.981400
vt -0.116800 1.003200
vt -0.102600 0.982600
vt -0.104100 1.004400
vt -0.116800 1.015900
vt -0.128300 1.016500
vt -0.116800 1.024200
vt -0.127700 1.024700
vt -0.105100 1.017100
vt -0.105900 1.025300
vt -0.139700 1.018900
vt -0.141700 1.006500
vt -0.150800 1.022900
vt -0.153800 1.011000
vt -0.138500 1.026900
vt -0.149000 1.030700
vt -0.145200 0.985500
vt -0.158800 0.990700
vt -0.079400 1.012700
vt -0.074300 0.991600
vt -0.060700 0.999400
vt -0.067500 1.019700
vt -0.047600 1.009300
vt -0.056200 1.028500
vt -0.071600 1.031400
vt -0.082400 1.024900
vt -0.074300 1.039000
vt -0.084500 1.032800
vt -0.061300 1.039600
vt -0.064600 1.046700
vt -0.093700 1.020100
vt -0.091600 1.007500
vt -0.095100 1.028200
vt -0.088300 0.986000
vt -0.035600 1.051200
vt -0.023700 1.035000
vt -0.012300 1.049700
vt -0.025900 1.064200
vt -0.001200 1.064900
vt -0.016400 1.077600
vt -0.033800 1.072400
vt -0.042600 1.060500
vt -0.038900 1.077500
vt -0.047100 1.066400
vt -0.025200 1.084700
vt -0.030900 1.089100
vt -0.051700 1.049500
vt -0.045600 1.039200
vt -0.055600 1.056000
vt -0.035400 1.021300
vt -0.038500 1.287900
vt -0.026900 1.304200
vt -0.038700 1.317400
vt -0.048600 1.299500
vt -0.051000 1.328900
vt -0.059300 1.309700
vt -0.054500 1.289100
vt -0.045300 1.278500
vt -0.058300 1.282500
vt -0.049600 1.272500
vt -0.064200 1.298500
vt -0.067400 1.291300
vt -0.036400 1.267000
vt -0.028700 1.275300
vt -0.027700 1.255000
vt -0.019100 1.262300
vt -0.041400 1.261700
vt -0.033300 1.250600
vt -0.015400 1.289900
vt -0.004200 1.275000
vt -0.082700 1.324300
vt -0.077900 1.345200
vt -0.092000 1.350100
vt -0.095000 1.328700
vt -0.106200 1.352900
vt -0.107500 1.331300
vt -0.096800 1.316200
vt -0.085500 1.312000
vt -0.098000 1.308100
vt -0.087400 1.304100
vt -0.108300 1.318600
vt -0.108800 1.310500
vt -0.074600 1.306100
vt -0.070700 1.317900
vt -0.077100 1.298500
vt -0.064200 1.338200
vt -0.132500 1.330700
vt -0.134700 1.352000
vt -0.148500 1.348400
vt -0.144700 1.327700
vt -0.161900 1.342700
vt -0.156600 1.322700
vt -0.142600 1.315500
vt -0.131300 1.318300
vt -0.141200 1.307600
vt -0.130500 1.310200
vt -0.153500 1.311000
vt -0.151500 1.303300
vt -0.119800 1.319300
vt -0.120100 1.332000
vt -0.119700 1.311200
vt -0.120500 1.353500
vt -0.178600 1.307400
vt -0.186700 1.325300
vt -0.198000 1.314000
vt -0.188600 1.297400
vt -0.208500 1.301300
vt -0.197900 1.286100
vt -0.183100 1.287600
vt -0.173800 1.296800
vt -0.179600 1.281200
vt -0.170700 1.290000
vt -0.191700 1.277200
vt -0.187800 1.271300
vt -0.163900 1.304700
vt -0.167900 1.315900
vt -0.161400 1.297400
vt -0.174700 1.335000
vt -0.214000 1.260300
vt -0.226500 1.272100
vt -0.233900 1.255900
vt -0.220700 1.245900
vt -0.240100 1.238800
vt -0.226200 1.230800
vt -0.212900 1.240000
vt -0.206700 1.253300
vt -0.207900 1.236100
vt -0.202000 1.248600
vt -0.218100 1.226000
vt -0.212800 1.222800
vt -0.199700 1.265700
vt -0.206400 1.273700
vt -0.195300 1.260400
vt -0.218000 1.287200
vt -0.233800 1.198700
vt -0.248500 1.202600
vt -0.250700 1.183900
vt -0.235700 1.182000
vt -0.251300 1.165000
vt -0.236300 1.165300
vt -0.227000 1.180900
vt -0.225200 1.196300
vt -0.221300 1.180200
vt -0.219600 1.194700
vt -0.227500 1.165400
vt -0.221800 1.165500
vt -0.222200 1.211400
vt -0.230600 1.215000
vt -0.216800 1.209000
vt -0.245000 1.221000
vt -0.233300 1.131900
vt -0.248000 1.127500
vt -0.244100 1.109200
vt -0.229900 1.115700
vt -0.239000 1.091600
vt -0.225200 1.100100
vt -0.221500 1.119600
vt -0.224700 1.134500
vt -0.216100 1.122100
vt -0.219100 1.136300
vt -0.217200 1.105100
vt -0.212000 1.108400
vt -0.226700 1.149900
vt -0.235500 1.148500
vt -0.221100 1.150800
vt -0.250400 1.146100
vt -0.212600 1.071000
vt -0.224900 1.058900
vt -0.216100 1.044100
vt -0.204800 1.057900
vt -0.206400 1.030400
vt -0.196100 1.045800
vt -0.198200 1.066100
vt -0.205500 1.078200
vt -0.193900 1.071400
vt -0.200800 1.082900
vt -0.190100 1.054900
vt -0.186200 1.060900
vt -0.211800 1.091300
vt -0.219500 1.085100
vt -0.206900 1.095300
vt -0.232500 1.074800
vt -0.176200 1.025400
vt -0.184100 1.007200
vt -0.171800 0.998000
vt -0.165300 1.017400
vt -0.161500 1.028800
vt -0.171700 1.036100
vt -0.159100 1.036200
vt -0.168700 1.043100
vt -0.181200 1.044900
vt -0.186500 1.034900
vt -0.177800 1.051400
vt -0.195700 1.018100
vt 0.855400 -2.122600
vt 0.913500 -2.066500
vt 0.891700 -2.027100
vt 0.837400 -2.088400
vt 0.868200 -1.991100
vt 0.817700 -2.057000
vt 0.789700 -2.140400
vt 0.804600 -2.169800
vt 0.752500 -2.180100
vt 0.764900 -2.205700
vt 0.773500 -2.113200
vt 0.738800 -2.156400
vt 0.817900 -2.201400
vt 0.871700 -2.159600
vt 0.829500 -2.235100
vt 0.886200 -2.199100
vt 0.775900 -2.233000
vt 0.785500 -2.261900
vt 0.933600 -2.109300
vt 0.951700 -2.155300
vt 0.727000 -2.239800
vt 0.740300 -2.227900
vt 0.729400 -2.204700
vt 0.716900 -2.217800
vt 0.717300 -2.183000
vt 0.705600 -2.197400
vt 0.711500 -2.223400
vt 0.721200 -2.244700
vt 0.709600 -2.225100
vt 0.719200 -2.246200
vt 0.700500 -2.203400
vt 0.698800 -2.205300
vt 0.729800 -2.267300
vt 0.735900 -2.262900
vt 0.737100 -2.290900
vt 0.743400 -2.287200
vt 0.727700 -2.268500
vt 0.734900 -2.291900
vt 0.749900 -2.252500
vt 0.758200 -2.278400
vt 0.909500 -2.285600
vt 0.981600 -2.256800
vt 0.967800 -2.204500
vt 0.898900 -2.241200
vt 0.839500 -2.270500
vt 0.847600 -2.307700
vt 0.793500 -2.292100
vt 0.799900 -2.323500
vt 0.853700 -2.346400
vt 0.917800 -2.332200
vt 0.857500 -2.386500
vt 0.923500 -2.380900
vt 0.804400 -2.356000
vt 0.807100 -2.389200
vt 0.993000 -2.312300
vt 1.001500 -2.370800
vt 0.754300 -2.338400
vt 0.770300 -2.333300
vt 0.765000 -2.305400
vt 0.749600 -2.312500
vt 0.742900 -2.315400
vt 0.747400 -2.340500
vt 0.740700 -2.316200
vt 0.745100 -2.341100
vt 0.750400 -2.366200
vt 0.757500 -2.365000
vt 0.751900 -2.392100
vt 0.759100 -2.391800
vt 0.748100 -2.366500
vt 0.749500 -2.392200
vt 0.774000 -2.361800
vt 0.775900 -2.390900
vt 0.927500 -2.484000
vt 1.010200 -2.496200
vt 1.007000 -2.432400
vt 0.926500 -2.431700
vt 0.859100 -2.427800
vt 0.858800 -2.470000
vt 0.807800 -2.423100
vt 0.807000 -2.457500
vt 0.857400 -2.512800
vt 0.927100 -2.537300
vt 0.855400 -2.555900
vt 0.926000 -2.591000
vt 0.805200 -2.492200
vt 0.802800 -2.527100
vt 1.011900 -2.561600
vt 1.012800 -2.627800
vt 0.757800 -2.445800
vt 0.775000 -2.449800
vt 0.776100 -2.420300
vt 0.759100 -2.418700
vt 0.751800 -2.418100
vt 0.750500 -2.444100
vt 0.749500 -2.417900
vt 0.748200 -2.443700
vt 0.748500 -2.470200
vt 0.755700 -2.472900
vt 0.746000 -2.496200
vt 0.753200 -2.500000
vt 0.746300 -2.469500
vt 0.743900 -2.495400
vt 0.772900 -2.479600
vt 0.770500 -2.509400
vt 0.090300 -2.482400
vt 0.007200 -2.493200
vt 0.004900 -2.559000
vt 0.089900 -2.536400
vt 0.003400 -2.625600
vt 0.090300 -2.591000
vt 0.160200 -2.514100
vt 0.159600 -2.470200
vt 0.213000 -2.495400
vt 0.212000 -2.459400
vt 0.161400 -2.558300
vt 0.214500 -2.531500
vt 0.160300 -2.427100
vt 0.092200 -2.429600
vt 0.162900 -2.385200
vt 0.096300 -2.378400
vt 0.212200 -2.423900
vt 0.213900 -2.389000
vt 0.011300 -2.429000
vt 0.017900 -2.367400
vt 0.262000 -2.449400
vt 0.244500 -2.452800
vt 0.245600 -2.483900
vt 0.263200 -2.477900
vt 0.247300 -2.515100
vt 0.264800 -2.506500
vt 0.270600 -2.475600
vt 0.269400 -2.448100
vt 0.273000 -2.475200
vt 0.271900 -2.448000
vt 0.272200 -2.503100
vt 0.274600 -2.502500
vt 0.269100 -2.420700
vt 0.261600 -2.421000
vt 0.270000 -2.393500
vt 0.262600 -2.392800
vt 0.271600 -2.420800
vt 0.272500 -2.393900
vt 0.244300 -2.421900
vt 0.245500 -2.391500
vt 0.113500 -2.283100
vt 0.041100 -2.254100
vt 0.028000 -2.309200
vt 0.103600 -2.329600
vt 0.168200 -2.344700
vt 0.175700 -2.305800
vt 0.217900 -2.355100
vt 0.223800 -2.322100
vt 0.185300 -2.268500
vt 0.125700 -2.238900
vt 0.196600 -2.232900
vt 0.139800 -2.196900
vt 0.231400 -2.290300
vt 0.240600 -2.259800
vt 0.056600 -2.202200
vt 0.074200 -2.153100
vt 0.269600 -2.337700
vt 0.253500 -2.332200
vt 0.248700 -2.361500
vt 0.265300 -2.365000
vt 0.272500 -2.366600
vt 0.276600 -2.340100
vt 0.275000 -2.367200
vt 0.279000 -2.340900
vt 0.282200 -2.314200
vt 0.275500 -2.311100
vt 0.289100 -2.289300
vt 0.282700 -2.285400
vt 0.284500 -2.315300
vt 0.291300 -2.290600
vt 0.260000 -2.303800
vt 0.267900 -2.276500
vt 0.172400 -2.119700
vt 0.114100 -2.063500
vt 0.093400 -2.106800
vt 0.155400 -2.157100
vt 0.209200 -2.199000
vt 0.223300 -2.167100
vt 0.251100 -2.230700
vt 0.262900 -2.203200
vt 0.238700 -2.137300
vt 0.191000 -2.084900
vt 0.255500 -2.109800
vt 0.211100 -2.053000
vt 0.276000 -2.177500
vt 0.290300 -2.153600
vt 0.136500 -2.023400
vt 0.160500 -1.986600
vt 0.300800 -2.237600
vt 0.287500 -2.225600
vt 0.277100 -2.250300
vt 0.291100 -2.260900
vt 0.297200 -2.265400
vt 0.306600 -2.242700
vt 0.299300 -2.266900
vt 0.308500 -2.244500
vt 0.317000 -2.221400
vt 0.311600 -2.215700
vt 0.328500 -2.201500
vt 0.323500 -2.195200
vt 0.318900 -2.223300
vt 0.330200 -2.203600
vt 0.299100 -2.202300
vt 0.311800 -2.180700
vt 0.255600 -1.998000
vt 0.213100 -1.923600
vt 0.186100 -1.953400
vt 0.232700 -2.024000
vt 0.273700 -2.084800
vt 0.293000 -2.062200
vt 0.305700 -2.131700
vt 0.322200 -2.111800
vt 0.313200 -2.041800
vt 0.279600 -1.974600
vt 0.334200 -2.023700
vt 0.304300 -1.953900
vt 0.339500 -2.093900
vt 0.357500 -2.077700
vt 0.241300 -1.897000
vt 0.270400 -1.873400
vt 0.350100 -2.159100
vt 0.340300 -2.142600
vt 0.325600 -2.160800
vt 0.336300 -2.176400
vt 0.341000 -2.183100
vt 0.354400 -2.166200
vt 0.342600 -2.185300
vt 0.355800 -2.168600
vt 0.368500 -2.150800
vt 0.364600 -2.143400
vt 0.383200 -2.137000
vt 0.379800 -2.129200
vt 0.369800 -2.153300
vt 0.384400 -2.139500
vt 0.355800 -2.126100
vt 0.371900 -2.111200
vt 0.355500 -1.919800
vt 0.330200 -1.834800
vt 0.300000 -1.852700
vt 0.329700 -1.935700
vt 0.355700 -2.007600
vt 0.377700 -1.993600
vt 0.376000 -2.063400
vt 0.395000 -2.050900
vt 0.400100 -1.981700
vt 0.381700 -1.906300
vt 0.422900 -1.971700
vt 0.408300 -1.894900
vt 0.414400 -2.040200
vt 0.434200 -2.031300
vt 0.360700 -1.819500
vt 0.391600 -1.806600
vt 0.411600 -2.105500
vt 0.405800 -2.086400
vt 0.388600 -2.098000
vt 0.395500 -2.116600
vt 0.398500 -2.124600
vt 0.414200 -2.113700
vt 0.399500 -2.127200
vt 0.415100 -2.116500
vt 0.430300 -2.104400
vt 0.428200 -2.096000
vt 0.446900 -2.096800
vt 0.445200 -2.088200
vt 0.431100 -2.107300
vt 0.447500 -2.099700
vt 0.423300 -2.076500
vt 0.441300 -2.068300
vt 0.462000 -1.878700
vt 0.453800 -1.788100
vt 0.422600 -1.796000
vt 0.435100 -1.885600
vt 0.445900 -1.963600
vt 0.469200 -1.957600
vt 0.454400 -2.024300
vt 0.474800 -2.019100
vt 0.492600 -1.953900
vt 0.489200 -1.874300
vt 0.516200 -1.952600
vt 0.516300 -1.872700
vt 0.495300 -2.015900
vt 0.516000 -2.014900
vt 0.485100 -1.783100
vt 0.516400 -1.781200
vt 0.480100 -2.077700
vt 0.478300 -2.057200
vt 0.459700 -2.061800
vt 0.462500 -2.082100
vt 0.463800 -2.090800
vt 0.481000 -2.086500
vt 0.464200 -2.093700
vt 0.481300 -2.089400
vt 0.498300 -2.083900
vt 0.497900 -2.075000
vt 0.515800 -2.083100
vt 0.515800 -2.074200
vt 0.498400 -2.086900
vt 0.515700 -2.086100
vt 0.497000 -2.054400
vt 0.515900 -2.053400
vt 0.570600 -1.878500
vt 0.579100 -1.787800
vt 0.547800 -1.782800
vt 0.543500 -1.874200
vt 0.539700 -1.953900
vt 0.563100 -1.957700
vt 0.536600 -2.016000
vt 0.557100 -2.019300
vt 0.586300 -1.963800
vt 0.597600 -1.885600
vt 0.609300 -1.972300
vt 0.624200 -1.895400
vt 0.577500 -2.024700
vt 0.597500 -2.032100
vt 0.610300 -1.795900
vt 0.641100 -1.807000
vt 0.551400 -2.078000
vt 0.553400 -2.057500
vt 0.534700 -2.054500
vt 0.533600 -2.075200
vt 0.533200 -2.084100
vt 0.550500 -2.086900
vt 0.532900 -2.087000
vt 0.550100 -2.089800
vt 0.567600 -2.091300
vt 0.568900 -2.082600
vt 0.584400 -2.097500
vt 0.586200 -2.089000
vt 0.567000 -2.094200
vt 0.583700 -2.100400
vt 0.571900 -2.062400
vt 0.590200 -2.069100
vt 0.676300 -1.922500
vt 0.701600 -1.837800
vt 0.671600 -1.821000
vt 0.650400 -1.907700
vt 0.631800 -1.983000
vt 0.653900 -1.995800
vt 0.617100 -2.041400
vt 0.636300 -2.052600
vt 0.675500 -2.010600
vt 0.701600 -1.939400
vt 0.696600 -2.027200
vt 0.726400 -1.958500
vt 0.655000 -2.065700
vt 0.673200 -2.080400
vt 0.731200 -1.857100
vt 0.760200 -1.878800
vt 0.619400 -2.106800
vt 0.625400 -2.087800
vt 0.608000 -2.077600
vt 0.603000 -2.097100
vt 0.600800 -2.105400
vt 0.616800 -2.114900
vt 0.600000 -2.108200
vt 0.615800 -2.117600
vt 0.632300 -2.126000
vt 0.635400 -2.118100
vt 0.647400 -2.138500
vt 0.650800 -2.131000
vt 0.631200 -2.128500
vt 0.646100 -2.141000
vt 0.642300 -2.099800
vt 0.658700 -2.113300
vt 0.774200 -2.002800
vt 0.816400 -1.929200
vt 0.788700 -1.902700
vt 0.750700 -1.979500
vt 0.717200 -2.045700
vt 0.737000 -2.066000
vt 0.690900 -2.096700
vt 0.707800 -2.114800
vt 0.755800 -2.088500
vt 0.796600 -2.028500
vt 0.723800 -2.134600
vt 0.843000 -1.958600
vt 0.679900 -2.161100
vt 0.689700 -2.144900
vt 0.674600 -2.128300
vt 0.665700 -2.145300
vt 0.661800 -2.152500
vt 0.675600 -2.168000
vt 0.660400 -2.154900
vt 0.674100 -2.170200
vt 0.688500 -2.185000
vt 0.693200 -2.178500
vt 0.686900 -2.187000
vt 0.704000 -2.163100
vt 0.671000 -2.174500
vt 0.672500 -2.172400
vt 0.659000 -2.157200
vt 0.657700 -2.159400
vt 0.644900 -2.143400
vt 0.643600 -2.145800
vt 0.656300 -2.161700
vt 0.669500 -2.176600
vt 0.654900 -2.163900
vt 0.668000 -2.178700
vt 0.642400 -2.148200
vt 0.641100 -2.150500
vt 0.682000 -2.193000
vt 0.683600 -2.191000
vt 0.693500 -2.210800
vt 0.695200 -2.209000
vt 0.680300 -2.195000
vt 0.691700 -2.212600
vt 0.685200 -2.189000
vt 0.697000 -2.207200
vt 0.613900 -2.122800
vt 0.614900 -2.120200
vt 0.599100 -2.110900
vt 0.598300 -2.113600
vt 0.583000 -2.103200
vt 0.582300 -2.105900
vt 0.597400 -2.116300
vt 0.612900 -2.125400
vt 0.596600 -2.118900
vt 0.611900 -2.128000
vt 0.581600 -2.108700
vt 0.580900 -2.111500
vt 0.627900 -2.136100
vt 0.629000 -2.133600
vt 0.626800 -2.138500
vt 0.630100 -2.131100
vt 0.549300 -2.095600
vt 0.549700 -2.092700
vt 0.532700 -2.090000
vt 0.532500 -2.092900
vt 0.515600 -2.089000
vt 0.515500 -2.092000
vt 0.532200 -2.095800
vt 0.548900 -2.098400
vt 0.531900 -2.098700
vt 0.548500 -2.101300
vt 0.515400 -2.094900
vt 0.515300 -2.097800
vt 0.565400 -2.102700
vt 0.565900 -2.099900
vt 0.564800 -2.105600
vt 0.566500 -2.097100
vt 0.481700 -2.095300
vt 0.481500 -2.092400
vt 0.464600 -2.096600
vt 0.465000 -2.099500
vt 0.448000 -2.102500
vt 0.448600 -2.105400
vt 0.465400 -2.102400
vt 0.481900 -2.098200
vt 0.465700 -2.105300
vt 0.482100 -2.101100
vt 0.449100 -2.108200
vt 0.449500 -2.111100
vt 0.498600 -2.095700
vt 0.498600 -2.092800
vt 0.498700 -2.098700
vt 0.498500 -2.089800
vt 0.416700 -2.121900
vt 0.415900 -2.119200
vt 0.400500 -2.129900
vt 0.401400 -2.132600
vt 0.385500 -2.142100
vt 0.386600 -2.144700
vt 0.402300 -2.135200
vt 0.417500 -2.124700
vt 0.403300 -2.137900
vt 0.418300 -2.127400
vt 0.387700 -2.147200
vt 0.388700 -2.149800
vt 0.433100 -2.115700
vt 0.432400 -2.112900
vt 0.433700 -2.118500
vt 0.431800 -2.110100
vt 0.358600 -2.173300
vt 0.357200 -2.170900
vt 0.344200 -2.187500
vt 0.345700 -2.189800
vt 0.331900 -2.205600
vt 0.333600 -2.207800
vt 0.347200 -2.192000
vt 0.360000 -2.175700
vt 0.348600 -2.194300
vt 0.361300 -2.178000
vt 0.335200 -2.209900
vt 0.336800 -2.212000
vt 0.373500 -2.160700
vt 0.372300 -2.158200
vt 0.374700 -2.163200
vt 0.371100 -2.155800
vt 0.312300 -2.248000
vt 0.310400 -2.246200
vt 0.301300 -2.268500
vt 0.303300 -2.270000
vt 0.293400 -2.291900
vt 0.295500 -2.293300
vt 0.305300 -2.271600
vt 0.314200 -2.249700
vt 0.307200 -2.273200
vt 0.316000 -2.251500
vt 0.297600 -2.294600
vt 0.299600 -2.296000
vt 0.324200 -2.229100
vt 0.322400 -2.227200
vt 0.325900 -2.231100
vt 0.320700 -2.225200
vt 0.283700 -2.342700
vt 0.281300 -2.341800
vt 0.277400 -2.367800
vt 0.279800 -2.368500
vt 0.275000 -2.394300
vt 0.277400 -2.394800
vt 0.282200 -2.369200
vt 0.285900 -2.343600
vt 0.284500 -2.369900
vt 0.288200 -2.344500
vt 0.279800 -2.395300
vt 0.282300 -2.395800
vt 0.291100 -2.318700
vt 0.288900 -2.317500
vt 0.293300 -2.319800
vt 0.286700 -2.316400
vt 0.276900 -2.448100
vt 0.274400 -2.448000
vt 0.275500 -2.475000
vt 0.277900 -2.474900
vt 0.276900 -2.502100
vt 0.279400 -2.501800
vt 0.280400 -2.474900
vt 0.279300 -2.448200
vt 0.282800 -2.475000
vt 0.281800 -2.448400
vt 0.281800 -2.501700
vt 0.284300 -2.501600
vt 0.279000 -2.421600
vt 0.276600 -2.421300
vt 0.281500 -2.422000
vt 0.274100 -2.421000
vt 0.743700 -2.443000
vt 0.746000 -2.443400
vt 0.747100 -2.417800
vt 0.744900 -2.417600
vt 0.747200 -2.392300
vt 0.744900 -2.392300
vt 0.742600 -2.417500
vt 0.741500 -2.442800
vt 0.740300 -2.417400
vt 0.739200 -2.442500
vt 0.742600 -2.392300
vt 0.740300 -2.392400
vt 0.739600 -2.468100
vt 0.741800 -2.468500
vt 0.737400 -2.493400
vt 0.739600 -2.494000
vt 0.737400 -2.467700
vt 0.735200 -2.492900
vt 0.744000 -2.469000
vt 0.741700 -2.494600
vt 0.740500 -2.342100
vt 0.742800 -2.341600
vt 0.738500 -2.316900
vt 0.736200 -2.317600
vt 0.732700 -2.292900
vt 0.730600 -2.293900
vt 0.734100 -2.318400
vt 0.738300 -2.342600
vt 0.731900 -2.319100
vt 0.736100 -2.343100
vt 0.728400 -2.294800
vt 0.726300 -2.295800
vt 0.741200 -2.367300
vt 0.743400 -2.367100
vt 0.738900 -2.367500
vt 0.745700 -2.366800
vt 0.715300 -2.249100
vt 0.717300 -2.247700
vt 0.707700 -2.226800
vt 0.705800 -2.228400
vt 0.703900 -2.230000
vt 0.713300 -2.250500
vt 0.702100 -2.231600
vt 0.711400 -2.251900
vt 0.721500 -2.272200
vt 0.723600 -2.271000
vt 0.719500 -2.273300
vt 0.725600 -2.269800
vt 0.665000 -2.183000
vt 0.666500 -2.180900
vt 0.653500 -2.166200
vt 0.652200 -2.168400
vt 0.639900 -2.152900
vt 0.638700 -2.155300
vt 0.650800 -2.170700
vt 0.663500 -2.185100
vt 0.649500 -2.172900
vt 0.662000 -2.187200
vt 0.637400 -2.157700
vt 0.636200 -2.160000
vt 0.675500 -2.200900
vt 0.677100 -2.198900
vt 0.686500 -2.218000
vt 0.688200 -2.216200
vt 0.673800 -2.202800
vt 0.684800 -2.219700
vt 0.678700 -2.196900
vt 0.690000 -2.214400
vt 0.659000 -2.191400
vt 0.660500 -2.189300
vt 0.648100 -2.175200
vt 0.646700 -2.177400
vt 0.635000 -2.162400
vt 0.633700 -2.164700
vt 0.645300 -2.179600
vt 0.657500 -2.193400
vt 0.644000 -2.181800
vt 0.656100 -2.195500
vt 0.632500 -2.167100
vt 0.631200 -2.169400
vt 0.669000 -2.208600
vt 0.670600 -2.206700
vt 0.679600 -2.225000
vt 0.681300 -2.223300
vt 0.667400 -2.210500
vt 0.677800 -2.226700
vt 0.672200 -2.204700
vt 0.683000 -2.221500
vt 0.610000 -2.133200
vt 0.611000 -2.130600
vt 0.595800 -2.121600
vt 0.594900 -2.124300
vt 0.580200 -2.114200
vt 0.579500 -2.117000
vt 0.594100 -2.127000
vt 0.609000 -2.135700
vt 0.593300 -2.129600
vt 0.608100 -2.138300
vt 0.578800 -2.119700
vt 0.578100 -2.122500
vt 0.623500 -2.146000
vt 0.624600 -2.143500
vt 0.622400 -2.148500
vt 0.625700 -2.141000
vt 0.606100 -2.143500
vt 0.607100 -2.140900
vt 0.592400 -2.132300
vt 0.591600 -2.134900
vt 0.577400 -2.125200
vt 0.576700 -2.127900
vt 0.590800 -2.137600
vt 0.605100 -2.146000
vt 0.589900 -2.140200
vt 0.604100 -2.148500
vt 0.576000 -2.130600
vt 0.575300 -2.133300
vt 0.619000 -2.155800
vt 0.620200 -2.153400
vt 0.617900 -2.158300
vt 0.621300 -2.150900
vt 0.547700 -2.107100
vt 0.548100 -2.104200
vt 0.531700 -2.101700
vt 0.531400 -2.104600
vt 0.515200 -2.100800
vt 0.515100 -2.103700
vt 0.531200 -2.107500
vt 0.547300 -2.109900
vt 0.530900 -2.110400
vt 0.546900 -2.112800
vt 0.515000 -2.106600
vt 0.514900 -2.109600
vt 0.563200 -2.114000
vt 0.563700 -2.111200
vt 0.562600 -2.116800
vt 0.564300 -2.108400
vt 0.546000 -2.118500
vt 0.546500 -2.115700
vt 0.530700 -2.113300
vt 0.530400 -2.116200
vt 0.514800 -2.112500
vt 0.514700 -2.115400
vt 0.530200 -2.119000
vt 0.545600 -2.121400
vt 0.529900 -2.121900
vt 0.545300 -2.124200
vt 0.514600 -2.118300
vt 0.514500 -2.121100
vt 0.560900 -2.125200
vt 0.561500 -2.122500
vt 0.560400 -2.128000
vt 0.562100 -2.119700
vt 0.482500 -2.107000
vt 0.482300 -2.104100
vt 0.466100 -2.108200
vt 0.466400 -2.111100
vt 0.450000 -2.113900
vt 0.450600 -2.116800
vt 0.466800 -2.113900
vt 0.482700 -2.109900
vt 0.467100 -2.116800
vt 0.482900 -2.112800
vt 0.451100 -2.119600
vt 0.451600 -2.122400
vt 0.498800 -2.107400
vt 0.498800 -2.104500
vt 0.498900 -2.110400
vt 0.498700 -2.101600
vt 0.483300 -2.118600
vt 0.483100 -2.115700
vt 0.467500 -2.119700
vt 0.467800 -2.122600
vt 0.452100 -2.125300
vt 0.452600 -2.128100
vt 0.468200 -2.125400
vt 0.483500 -2.121500
vt 0.468600 -2.128200
vt 0.483800 -2.124300
vt 0.453100 -2.130900
vt 0.453600 -2.133600
vt 0.499000 -2.119100
vt 0.499000 -2.116200
vt 0.499100 -2.121900
vt 0.498900 -2.113300
vt 0.419900 -2.132800
vt 0.419100 -2.130100
vt 0.404200 -2.140500
vt 0.405100 -2.143100
vt 0.389800 -2.152300
vt 0.390900 -2.154900
vt 0.406100 -2.145800
vt 0.420600 -2.135500
vt 0.407000 -2.148400
vt 0.421400 -2.138300
vt 0.391900 -2.157500
vt 0.393000 -2.160000
vt 0.435700 -2.126800
vt 0.435000 -2.124000
vt 0.436300 -2.129600
vt 0.434400 -2.121200
vt 0.423000 -2.143700
vt 0.422200 -2.141000
vt 0.407900 -2.151000
vt 0.408800 -2.153700
vt 0.394100 -2.162600
vt 0.395100 -2.165100
vt 0.409800 -2.156300
vt 0.423800 -2.146300
vt 0.410800 -2.158800
vt 0.424700 -2.149000
vt 0.396200 -2.167600
vt 0.397300 -2.170100
vt 0.438300 -2.137900
vt 0.437600 -2.135100
vt 0.439000 -2.140600
vt 0.437000 -2.132400
vt 0.364000 -2.182700
vt 0.362700 -2.180400
vt 0.350100 -2.196500
vt 0.351600 -2.198700
vt 0.338400 -2.214100
vt 0.340100 -2.216100
vt 0.353100 -2.200900
vt 0.365400 -2.185100
vt 0.354600 -2.203200
vt 0.366700 -2.187400
vt 0.341700 -2.218200
vt 0.343300 -2.220300
vt 0.378300 -2.170600
vt 0.377100 -2.168100
vt 0.379600 -2.173000
vt 0.375900 -2.165600
vt 0.369400 -2.192100
vt 0.368100 -2.189700
vt 0.356100 -2.205400
vt 0.357600 -2.207600
vt 0.344900 -2.222400
vt 0.346500 -2.224400
vt 0.359100 -2.209800
vt 0.370800 -2.194400
vt 0.360600 -2.211900
vt 0.372200 -2.196600
vt 0.348200 -2.226500
vt 0.349800 -2.228500
vt 0.383200 -2.180300
vt 0.382000 -2.177900
vt 0.384500 -2.182700
vt 0.380800 -2.175500
vt 0.319700 -2.255000
vt 0.317900 -2.253300
vt 0.309200 -2.274700
vt 0.311200 -2.276300
vt 0.301700 -2.297300
vt 0.303800 -2.298700
vt 0.313100 -2.277800
vt 0.321600 -2.256700
vt 0.315100 -2.279400
vt 0.323500 -2.258500
vt 0.305800 -2.300000
vt 0.307900 -2.301300
vt 0.331100 -2.236800
vt 0.329400 -2.234900
vt 0.332900 -2.238800
vt 0.327700 -2.233000
vt 0.327200 -2.262000
vt 0.325300 -2.260200
vt 0.317100 -2.280900
vt 0.319000 -2.282500
vt 0.310000 -2.302700
vt 0.312000 -2.304000
vt 0.321000 -2.284000
vt 0.329000 -2.263700
vt 0.323000 -2.285400
vt 0.330900 -2.265300
vt 0.314100 -2.305300
vt 0.316100 -2.306600
vt 0.338100 -2.244500
vt 0.336400 -2.242600
vt 0.339900 -2.246300
vt 0.334600 -2.240700
vt 0.292700 -2.346300
vt 0.290500 -2.345400
vt 0.286900 -2.370600
vt 0.289200 -2.371300
vt 0.284700 -2.396300
vt 0.287000 -2.396800
vt 0.291500 -2.371900
vt 0.295000 -2.347200
vt 0.293800 -2.372600
vt 0.297200 -2.348100
vt 0.289400 -2.397200
vt 0.291800 -2.397700
vt 0.299800 -2.323200
vt 0.297600 -2.322100
vt 0.301900 -2.324300
vt 0.295400 -2.321000
vt 0.301700 -2.349900
vt 0.299500 -2.349000
vt 0.296200 -2.373300
vt 0.298500 -2.374000
vt 0.294200 -2.398200
vt 0.296600 -2.398700
vt 0.300800 -2.374700
vt 0.304000 -2.350800
vt 0.303100 -2.375300
vt 0.306200 -2.351600
vt 0.299000 -2.399100
vt 0.301300 -2.399500
vt 0.308400 -2.327600
vt 0.306200 -2.326500
vt 0.310500 -2.328700
vt 0.304100 -2.325400
vt 0.286700 -2.448700
vt 0.284200 -2.448600
vt 0.285300 -2.475000
vt 0.287700 -2.475000
vt 0.286700 -2.501500
vt 0.289200 -2.501400
vt 0.290200 -2.475000
vt 0.289100 -2.448900
vt 0.292700 -2.475100
vt 0.291600 -2.449000
vt 0.291600 -2.501300
vt 0.294100 -2.501200
vt 0.288700 -2.422900
vt 0.286300 -2.422600
vt 0.291200 -2.423200
vt 0.283900 -2.422300
vt 0.296600 -2.449300
vt 0.294100 -2.449200
vt 0.295200 -2.475100
vt 0.297700 -2.475100
vt 0.296700 -2.501100
vt 0.299300 -2.500900
vt 0.300300 -2.475000
vt 0.299000 -2.449400
vt 0.302700 -2.474700
vt 0.301500 -2.449400
vt 0.301800 -2.500600
vt 0.304300 -2.500200
vt 0.298500 -2.424100
vt 0.296100 -2.423800
vt 0.300900 -2.424300
vt 0.293600 -2.423500
vt 0.734600 -2.441900
vt 0.736900 -2.442200
vt 0.738000 -2.417200
vt 0.735700 -2.417100
vt 0.738000 -2.392400
vt 0.735800 -2.392500
vt 0.733400 -2.417000
vt 0.732400 -2.441700
vt 0.731200 -2.416900
vt 0.730100 -2.441400
vt 0.733500 -2.392500
vt 0.731200 -2.392600
vt 0.730600 -2.466500
vt 0.732900 -2.466900
vt 0.728400 -2.491300
vt 0.730700 -2.491900
vt 0.728300 -2.466100
vt 0.726100 -2.490800
vt 0.735100 -2.467300
vt 0.733000 -2.492400
vt 0.725500 -2.440800
vt 0.727800 -2.441100
vt 0.728900 -2.416700
vt 0.726600 -2.416600
vt 0.729000 -2.392600
vt 0.726700 -2.392600
vt 0.724400 -2.416400
vt 0.723300 -2.440500
vt 0.722200 -2.416300
vt 0.721000 -2.440100
vt 0.724500 -2.392600
vt 0.722300 -2.392700
vt 0.721400 -2.464700
vt 0.723700 -2.465200
vt 0.719300 -2.489100
vt 0.721500 -2.489700
vt 0.719200 -2.464200
vt 0.717000 -2.488400
vt 0.726000 -2.465700
vt 0.723800 -2.490300
vt 0.731600 -2.344000
vt 0.733900 -2.343500
vt 0.729700 -2.319800
vt 0.727500 -2.320500
vt 0.724200 -2.296700
vt 0.722100 -2.297700
vt 0.725400 -2.321200
vt 0.729400 -2.344500
vt 0.723200 -2.321900
vt 0.727200 -2.344900
vt 0.720000 -2.298600
vt 0.717900 -2.299600
vt 0.732100 -2.368300
vt 0.734400 -2.368000
vt 0.729900 -2.368500
vt 0.736600 -2.367800
vt 0.722800 -2.345800
vt 0.725000 -2.345400
vt 0.721000 -2.322600
vt 0.718900 -2.323300
vt 0.715800 -2.300500
vt 0.713700 -2.301400
vt 0.716800 -2.324000
vt 0.720600 -2.346300
vt 0.714600 -2.324600
vt 0.718500 -2.346800
vt 0.711600 -2.302300
vt 0.709500 -2.303200
vt 0.723200 -2.369200
vt 0.725400 -2.369000
vt 0.721000 -2.369500
vt 0.727700 -2.368800
vt 0.707500 -2.254700
vt 0.709400 -2.253300
vt 0.700200 -2.233200
vt 0.698400 -2.234800
vt 0.696600 -2.236400
vt 0.705500 -2.256100
vt 0.694700 -2.238000
vt 0.703600 -2.257500
vt 0.713400 -2.276900
vt 0.715400 -2.275700
vt 0.711300 -2.278100
vt 0.717400 -2.274500
vt 0.699700 -2.260200
vt 0.701600 -2.258900
vt 0.692900 -2.239600
vt 0.691000 -2.241200
vt 0.689200 -2.242700
vt 0.697800 -2.261600
vt 0.687400 -2.244300
vt 0.695800 -2.262900
vt 0.705300 -2.281500
vt 0.707300 -2.280400
vt 0.703300 -2.282600
vt 0.709300 -2.279200
vt 0.652900 -2.199900
vt 0.654600 -2.197500
vt 0.642600 -2.184000
vt 0.641100 -2.186500
vt 0.630000 -2.171700
vt 0.628600 -2.174400
vt 0.639200 -2.189800
vt 0.650800 -2.203000
vt 0.636700 -2.194000
vt 0.648100 -2.207000
vt 0.626900 -2.177800
vt 0.624700 -2.182300
vt 0.661700 -2.217400
vt 0.664000 -2.214600
vt 0.671800 -2.233100
vt 0.674200 -2.230500
vt 0.658800 -2.221200
vt 0.668700 -2.236500
vt 0.665800 -2.212400
vt 0.676200 -2.228500
vt 0.602100 -2.154000
vt 0.603200 -2.151100
vt 0.589100 -2.142800
vt 0.588200 -2.145800
vt 0.574600 -2.136000
vt 0.573900 -2.139100
vt 0.587100 -2.149700
vt 0.600800 -2.157700
vt 0.585600 -2.154800
vt 0.599000 -2.162600
vt 0.573000 -2.143000
vt 0.571800 -2.148300
vt 0.614100 -2.167100
vt 0.615600 -2.163500
vt 0.612100 -2.171800
vt 0.616900 -2.160700
vt 0.544500 -2.130100
vt 0.544900 -2.126900
vt 0.529700 -2.124700
vt 0.529500 -2.127900
vt 0.514500 -2.123900
vt 0.514500 -2.127200
vt 0.529300 -2.132000
vt 0.544000 -2.134200
vt 0.529000 -2.137400
vt 0.543400 -2.139600
vt 0.514500 -2.131300
vt 0.514500 -2.136700
vt 0.558600 -2.137900
vt 0.559300 -2.133900
vt 0.557700 -2.143200
vt 0.559900 -2.130700
vt 0.484400 -2.130300
vt 0.484100 -2.127100
vt 0.469000 -2.131000
vt 0.469600 -2.134100
vt 0.454200 -2.136300
vt 0.454900 -2.139500
vt 0.470300 -2.138200
vt 0.484900 -2.134400
vt 0.471200 -2.143500
vt 0.485500 -2.139800
vt 0.455900 -2.143400
vt 0.457100 -2.148700
vt 0.499700 -2.132100
vt 0.499400 -2.128000
vt 0.500000 -2.137500
vt 0.499300 -2.124700
vt 0.426600 -2.154500
vt 0.425500 -2.151600
vt 0.411800 -2.161300
vt 0.413000 -2.164200
vt 0.398500 -2.172500
vt 0.399900 -2.175200
vt 0.414500 -2.167800
vt 0.427900 -2.158300
vt 0.416600 -2.172600
vt 0.429700 -2.163200
vt 0.401600 -2.178700
vt 0.403900 -2.183300
vt 0.441700 -2.150100
vt 0.440600 -2.146300
vt 0.443200 -2.155300
vt 0.439700 -2.143200
vt 0.375300 -2.201300
vt 0.373600 -2.198800
vt 0.362100 -2.214000
vt 0.363900 -2.216300
vt 0.351500 -2.230400
vt 0.353400 -2.232500
vt 0.366200 -2.219200
vt 0.377400 -2.204400
vt 0.369300 -2.223100
vt 0.380200 -2.208500
vt 0.355900 -2.235200
vt 0.359100 -2.238800
vt 0.389200 -2.190900
vt 0.387300 -2.187600
vt 0.391700 -2.195200
vt 0.385700 -2.185000
vt 0.335000 -2.268700
vt 0.332800 -2.266900
vt 0.324900 -2.286900
vt 0.327200 -2.288500
vt 0.318200 -2.307800
vt 0.320600 -2.309200
vt 0.330200 -2.290400
vt 0.337800 -2.271000
vt 0.334000 -2.293100
vt 0.341400 -2.273900
vt 0.323600 -2.310900
vt 0.327600 -2.313100
vt 0.346400 -2.252500
vt 0.343700 -2.250000
vt 0.349800 -2.255800
vt 0.341700 -2.248100
vt 0.310900 -2.353300
vt 0.308400 -2.352500
vt 0.305400 -2.375900
vt 0.307900 -2.376500
vt 0.303600 -2.399900
vt 0.306300 -2.400200
vt 0.311200 -2.377200
vt 0.314100 -2.354400
vt 0.315500 -2.378000
vt 0.318300 -2.355700
vt 0.309600 -2.400500
vt 0.313900 -2.400800
vt 0.318300 -2.332300
vt 0.315200 -2.330900
vt 0.322400 -2.334100
vt 0.312700 -2.329700
vt 0.306500 -2.448900
vt 0.303800 -2.449300
vt 0.305100 -2.474400
vt 0.307900 -2.473700
vt 0.306800 -2.499600
vt 0.309500 -2.498600
vt 0.311300 -2.472600
vt 0.309900 -2.448300
vt 0.315700 -2.471000
vt 0.314400 -2.447400
vt 0.312900 -2.497000
vt 0.317400 -2.494700
vt 0.309300 -2.424300
vt 0.305900 -2.424400
vt 0.313700 -2.424000
vt 0.303200 -2.424400
vt 0.716200 -2.439200
vt 0.718800 -2.439700
vt 0.719900 -2.416100
vt 0.717400 -2.415900
vt 0.720100 -2.392700
vt 0.717500 -2.392800
vt 0.714100 -2.415500
vt 0.713000 -2.438500
vt 0.709900 -2.415000
vt 0.708700 -2.437400
vt 0.714300 -2.392800
vt 0.710100 -2.392900
vt 0.711200 -2.461600
vt 0.714400 -2.462800
vt 0.709000 -2.484800
vt 0.712300 -2.486400
vt 0.706900 -2.459900
vt 0.704800 -2.482400
vt 0.717000 -2.463600
vt 0.714800 -2.487600
vt 0.713900 -2.347800
vt 0.716300 -2.347200
vt 0.712500 -2.325300
vt 0.710100 -2.326200
vt 0.707500 -2.304100
vt 0.705200 -2.305200
vt 0.707100 -2.327300
vt 0.710700 -2.348600
vt 0.703100 -2.328800
vt 0.706700 -2.349700
vt 0.702200 -2.306700
vt 0.698400 -2.308600
vt 0.713200 -2.370500
vt 0.716300 -2.370100
vt 0.709000 -2.371100
vt 0.718800 -2.369700
vt 0.691800 -2.265800
vt 0.694000 -2.264300
vt 0.685600 -2.245800
vt 0.683500 -2.247600
vt 0.681000 -2.249900
vt 0.689100 -2.267900
vt 0.677600 -2.253000
vt 0.685600 -2.270600
vt 0.696200 -2.286800
vt 0.699000 -2.285100
vt 0.692500 -2.289200
vt 0.701300 -2.283800
vt 0.640500 -2.218400
vt 0.644500 -2.212400
vt 0.633400 -2.199800
vt 0.629800 -2.206200
vt 0.621700 -2.188400
vt 0.618400 -2.195100
vt 0.626100 -2.212500
vt 0.636600 -2.224300
vt 0.622900 -2.218100
vt 0.633100 -2.229600
vt 0.615100 -2.201800
vt 0.612200 -2.207700
vt 0.646300 -2.237300
vt 0.650600 -2.231800
vt 0.655300 -2.251400
vt 0.659900 -2.246300
vt 0.642600 -2.242200
vt 0.651300 -2.255800
vt 0.654900 -2.226200
vt 0.664500 -2.241100
vt 0.628700 -2.236100
vt 0.630500 -2.233400
vt 0.620600 -2.222100
vt 0.618900 -2.225000
vt 0.610100 -2.211900
vt 0.608600 -2.215000
vt 0.617600 -2.227100
vt 0.627300 -2.238100
vt 0.616600 -2.228800
vt 0.626100 -2.239700
vt 0.607400 -2.217200
vt 0.606500 -2.219000
vt 0.636300 -2.250100
vt 0.637800 -2.248200
vt 0.644600 -2.263100
vt 0.646200 -2.261400
vt 0.635000 -2.251600
vt 0.643300 -2.264400
vt 0.639800 -2.245700
vt 0.648400 -2.259100
vt 0.594200 -2.176600
vt 0.596800 -2.169200
vt 0.583700 -2.161600
vt 0.581500 -2.169200
vt 0.570200 -2.155300
vt 0.568500 -2.163100
vt 0.579400 -2.176800
vt 0.591700 -2.183900
vt 0.577600 -2.183400
vt 0.589500 -2.190300
vt 0.566800 -2.170900
vt 0.565300 -2.177700
vt 0.603600 -2.192300
vt 0.606500 -2.185200
vt 0.601100 -2.198400
vt 0.609500 -2.178200
vt 0.586700 -2.198300
vt 0.587900 -2.195000
vt 0.576200 -2.188200
vt 0.575200 -2.191600
vt 0.564200 -2.182600
vt 0.563400 -2.186100
vt 0.574400 -2.194200
vt 0.585800 -2.200700
vt 0.573800 -2.196200
vt 0.585000 -2.202700
vt 0.562800 -2.188700
vt 0.562300 -2.190800
vt 0.596800 -2.208400
vt 0.597800 -2.206100
vt 0.595900 -2.210300
vt 0.599200 -2.202900
vt 0.541800 -2.154800
vt 0.542700 -2.146800
vt 0.528600 -2.144600
vt 0.528200 -2.152700
vt 0.514500 -2.143900
vt 0.514500 -2.152100
vt 0.527800 -2.160800
vt 0.541000 -2.162800
vt 0.527400 -2.167800
vt 0.540200 -2.169800
vt 0.514600 -2.160100
vt 0.514600 -2.167200
vt 0.554000 -2.166200
vt 0.555300 -2.158300
vt 0.552900 -2.173100
vt 0.556600 -2.150300
vt 0.539200 -2.178600
vt 0.539700 -2.174900
vt 0.527200 -2.173000
vt 0.527000 -2.176600
vt 0.514600 -2.172300
vt 0.514600 -2.176000
vt 0.526800 -2.179400
vt 0.538900 -2.181300
vt 0.526700 -2.181600
vt 0.538700 -2.183500
vt 0.514600 -2.178800
vt 0.514600 -2.181000
vt 0.550900 -2.184400
vt 0.551400 -2.181700
vt 0.550500 -2.186600
vt 0.552000 -2.178200
vt 0.487200 -2.155100
vt 0.486300 -2.147000
vt 0.472400 -2.150700
vt 0.473700 -2.158700
vt 0.458700 -2.155700
vt 0.460400 -2.163600
vt 0.475000 -2.166600
vt 0.488100 -2.163100
vt 0.476200 -2.173500
vt 0.488900 -2.170100
vt 0.462100 -2.171400
vt 0.463700 -2.178200
vt 0.501300 -2.160900
vt 0.500900 -2.152900
vt 0.501700 -2.168000
vt 0.500400 -2.144700
vt 0.489900 -2.178900
vt 0.489500 -2.175200
vt 0.477100 -2.178600
vt 0.477700 -2.182200
vt 0.464800 -2.183200
vt 0.465600 -2.186700
vt 0.478200 -2.184900
vt 0.490200 -2.181600
vt 0.478600 -2.187000
vt 0.490500 -2.183800
vt 0.466300 -2.189300
vt 0.466800 -2.191400
vt 0.502400 -2.179500
vt 0.502200 -2.176800
vt 0.502500 -2.181800
vt 0.502000 -2.173100
vt 0.434600 -2.177300
vt 0.432000 -2.169900
vt 0.419200 -2.178900
vt 0.422200 -2.186000
vt 0.406900 -2.189300
vt 0.410300 -2.196100
vt 0.425200 -2.193100
vt 0.437100 -2.184600
vt 0.427700 -2.199300
vt 0.439400 -2.191000
vt 0.413600 -2.202900
vt 0.416500 -2.208800
vt 0.449500 -2.177400
vt 0.447300 -2.169800
vt 0.451400 -2.184000
vt 0.445200 -2.162100
vt 0.442200 -2.199100
vt 0.441000 -2.195700
vt 0.429600 -2.203800
vt 0.431000 -2.207000
vt 0.418700 -2.213100
vt 0.420200 -2.216200
vt 0.432000 -2.209400
vt 0.443100 -2.201600
vt 0.432800 -2.211400
vt 0.443800 -2.203600
vt 0.421300 -2.218500
vt 0.422300 -2.220400
vt 0.454500 -2.194900
vt 0.453800 -2.192300
vt 0.455200 -2.197000
vt 0.452800 -2.188900
vt 0.388000 -2.220100
vt 0.383900 -2.214000
vt 0.373300 -2.228200
vt 0.377700 -2.234000
vt 0.363400 -2.243600
vt 0.368200 -2.249000
vt 0.382100 -2.239700
vt 0.392000 -2.226200
vt 0.386000 -2.244800
vt 0.395600 -2.231600
vt 0.372900 -2.254300
vt 0.377100 -2.259000
vt 0.402500 -2.213900
vt 0.398800 -2.207500
vt 0.405800 -2.219600
vt 0.395100 -2.201000
vt 0.400100 -2.238300
vt 0.398200 -2.235500
vt 0.388800 -2.248400
vt 0.390900 -2.251100
vt 0.380100 -2.262400
vt 0.382300 -2.264900
vt 0.392400 -2.253000
vt 0.401500 -2.240400
vt 0.393600 -2.254600
vt 0.402600 -2.242100
vt 0.383900 -2.266700
vt 0.385300 -2.268200
vt 0.411100 -2.228900
vt 0.409900 -2.226700
vt 0.412200 -2.230700
vt 0.408200 -2.223700
vt 0.351500 -2.282300
vt 0.346200 -2.277900
vt 0.339000 -2.296500
vt 0.344600 -2.300400
vt 0.332800 -2.316100
vt 0.338600 -2.319300
vt 0.350100 -2.304200
vt 0.356800 -2.286700
vt 0.355000 -2.307600
vt 0.361500 -2.290500
vt 0.344400 -2.322600
vt 0.349400 -2.325400
vt 0.364500 -2.270000
vt 0.359400 -2.265100
vt 0.368900 -2.274300
vt 0.354400 -2.260200
vt 0.367300 -2.295300
vt 0.364900 -2.293300
vt 0.358500 -2.310000
vt 0.361100 -2.311700
vt 0.353100 -2.327400
vt 0.355800 -2.328900
vt 0.363000 -2.313000
vt 0.369100 -2.296700
vt 0.364500 -2.314000
vt 0.370600 -2.297900
vt 0.357700 -2.330000
vt 0.359400 -2.330800
vt 0.376100 -2.281300
vt 0.374400 -2.279600
vt 0.377600 -2.282600
vt 0.372100 -2.277400
vt 0.330100 -2.359400
vt 0.323900 -2.357500
vt 0.321200 -2.379100
vt 0.327500 -2.380200
vt 0.319700 -2.401100
vt 0.326200 -2.401400
vt 0.333800 -2.381300
vt 0.336200 -2.361300
vt 0.339300 -2.382300
vt 0.341600 -2.362900
vt 0.332600 -2.401700
vt 0.338200 -2.402000
vt 0.339700 -2.341600
vt 0.333800 -2.339000
vt 0.345000 -2.343900
vt 0.327800 -2.336400
vt 0.348300 -2.365000
vt 0.345500 -2.364100
vt 0.343300 -2.383100
vt 0.346200 -2.383600
vt 0.342300 -2.402200
vt 0.345200 -2.402400
vt 0.348300 -2.384000
vt 0.350400 -2.365600
vt 0.350100 -2.384400
vt 0.352100 -2.366200
vt 0.347300 -2.402500
vt 0.349100 -2.402700
vt 0.353600 -2.347600
vt 0.351500 -2.346700
vt 0.355200 -2.348300
vt 0.348800 -2.345500
vt 0.326900 -2.444500
vt 0.320300 -2.446000
vt 0.321700 -2.468800
vt 0.328300 -2.466200
vt 0.323400 -2.491500
vt 0.330000 -2.487900
vt 0.334800 -2.463600
vt 0.333400 -2.442900
vt 0.340500 -2.461400
vt 0.339100 -2.441500
vt 0.336500 -2.484400
vt 0.342200 -2.481300
vt 0.332500 -2.422200
vt 0.326100 -2.422900
vt 0.338200 -2.421700
vt 0.319500 -2.423500
vt 0.346100 -2.440000
vt 0.343200 -2.440600
vt 0.344600 -2.459800
vt 0.347600 -2.458800
vt 0.346400 -2.479100
vt 0.349300 -2.477600
vt 0.349700 -2.458100
vt 0.348300 -2.439600
vt 0.351500 -2.457500
vt 0.350000 -2.439300
vt 0.351400 -2.476600
vt 0.353100 -2.475800
vt 0.347400 -2.421100
vt 0.345200 -2.421200
vt 0.349200 -2.421000
vt 0.342300 -2.421400
vt 0.696800 -2.434100
vt 0.703100 -2.435800
vt 0.704300 -2.414300
vt 0.698000 -2.413500
vt 0.704500 -2.393000
vt 0.698300 -2.393000
vt 0.691800 -2.412700
vt 0.690600 -2.432400
vt 0.686400 -2.412000
vt 0.685200 -2.430900
vt 0.692200 -2.393100
vt 0.686800 -2.393100
vt 0.688900 -2.452100
vt 0.695100 -2.454800
vt 0.686800 -2.471900
vt 0.693000 -2.475500
vt 0.683500 -2.449800
vt 0.681400 -2.468700
vt 0.701300 -2.457500
vt 0.699200 -2.479200
vt 0.678500 -2.429100
vt 0.681300 -2.429800
vt 0.682500 -2.411500
vt 0.679700 -2.411200
vt 0.682900 -2.393200
vt 0.680100 -2.393300
vt 0.677600 -2.411000
vt 0.676500 -2.428700
vt 0.676000 -2.410900
vt 0.674800 -2.428300
vt 0.678000 -2.393400
vt 0.676400 -2.393500
vt 0.674800 -2.446300
vt 0.676800 -2.447000
vt 0.672800 -2.463800
vt 0.674800 -2.464900
vt 0.673100 -2.445700
vt 0.671200 -2.463000
vt 0.679600 -2.448100
vt 0.677500 -2.466400
vt 0.695300 -2.352700
vt 0.701300 -2.351100
vt 0.697900 -2.330900
vt 0.692100 -2.333200
vt 0.693400 -2.311200
vt 0.687800 -2.314200
vt 0.686300 -2.335500
vt 0.689400 -2.354300
vt 0.681300 -2.337500
vt 0.684200 -2.355700
vt 0.682200 -2.317100
vt 0.677300 -2.319700
vt 0.691400 -2.373600
vt 0.697400 -2.372700
vt 0.686100 -2.374300
vt 0.703500 -2.371800
vt 0.677700 -2.357500
vt 0.680400 -2.356800
vt 0.677600 -2.339000
vt 0.675000 -2.340000
vt 0.673700 -2.321600
vt 0.671200 -2.322900
vt 0.673000 -2.340800
vt 0.675700 -2.358100
vt 0.671400 -2.341400
vt 0.674100 -2.358600
vt 0.669300 -2.323900
vt 0.667700 -2.324700
vt 0.677400 -2.375700
vt 0.679400 -2.375300
vt 0.675700 -2.376000
vt 0.682200 -2.374900
vt 0.675800 -2.278400
vt 0.681000 -2.274300
vt 0.673200 -2.257200
vt 0.668300 -2.261800
vt 0.663500 -2.266500
vt 0.670700 -2.282500
vt 0.659200 -2.270500
vt 0.666200 -2.286100
vt 0.677000 -2.299500
vt 0.682300 -2.295900
vt 0.672300 -2.302600
vt 0.687700 -2.292400
vt 0.660500 -2.290600
vt 0.662900 -2.288700
vt 0.656100 -2.273400
vt 0.653800 -2.275500
vt 0.652100 -2.277000
vt 0.658800 -2.291900
vt 0.650700 -2.278300
vt 0.657300 -2.293000
vt 0.664500 -2.307500
vt 0.666300 -2.306400
vt 0.662900 -2.308500
vt 0.668800 -2.304800
vt -0.361500 -0.441400
vt -0.367200 -0.465700
vt -0.256100 -0.502400
vt -0.251700 -0.477600
vt -0.143000 -0.526900
vt -0.140000 -0.501800
vt -0.371900 -0.485100
vt -0.259700 -0.522200
vt -0.145700 -0.547100
vt -0.246000 -0.443100
vt -0.353900 -0.407500
vt -0.238300 -0.394000
vt -0.343300 -0.359400
vt -0.136200 -0.466800
vt -0.131200 -0.417100
vt -0.458700 -0.359400
vt -0.468200 -0.392400
vt -0.559200 -0.298000
vt -0.570500 -0.329700
vt -0.445300 -0.312600
vt -0.543100 -0.253000
vt -0.475200 -0.416000
vt -0.480900 -0.434900
vt -0.578800 -0.352500
vt -0.585500 -0.370700
vt -0.311800 -0.211800
vt -0.328800 -0.292000
vt -0.227800 -0.325400
vt -0.215600 -0.243700
vt -0.124600 -0.347700
vt -0.117200 -0.264900
vt -0.202800 -0.155100
vt -0.293700 -0.125000
vt -0.109600 -0.175100
vt -0.381800 -0.084800
vt -0.405100 -0.169100
vt -0.466500 -0.034600
vt -0.494600 -0.115400
vt -0.426800 -0.247100
vt -0.520900 -0.190100
vt 0.085600 -0.517400
vt 0.084900 -0.543100
vt 0.200000 -0.536300
vt 0.199500 -0.510400
vt 0.315700 -0.520600
vt 0.314300 -0.494500
vt 0.084200 -0.563700
vt 0.200000 -0.557100
vt 0.316400 -0.541600
vt 0.198400 -0.474300
vt 0.086000 -0.481700
vt 0.196200 -0.423200
vt 0.085900 -0.431100
vt 0.311800 -0.458100
vt 0.307600 -0.406200
vt -0.025500 -0.479500
vt -0.027600 -0.514800
vt -0.023100 -0.429300
vt -0.029400 -0.540200
vt -0.031000 -0.560700
vt 0.084200 -0.276100
vt 0.085400 -0.360400
vt 0.192400 -0.351800
vt 0.187300 -0.266500
vt 0.301000 -0.333700
vt 0.292300 -0.246900
vt 0.180900 -0.173500
vt 0.082200 -0.184300
vt 0.281700 -0.152400
vt -0.014600 -0.184800
vt -0.017300 -0.275700
vt -0.020300 -0.359200
vt 0.546400 -0.440700
vt 0.549200 -0.467400
vt 0.666600 -0.433700
vt 0.663100 -0.406800
vt 0.784200 -0.398100
vt 0.780100 -0.370900
vt 0.551000 -0.488500
vt 0.668900 -0.454900
vt 0.786900 -0.419300
vt 0.657400 -0.368500
vt 0.541600 -0.403100
vt 0.648300 -0.312900
vt 0.534000 -0.348900
vt 0.773500 -0.331800
vt 0.762900 -0.274700
vt 0.426300 -0.433600
vt 0.430000 -0.470600
vt 0.420300 -0.380700
vt 0.432100 -0.497000
vt 0.433500 -0.518100
vt 0.507400 -0.181400
vt 0.522500 -0.272700
vt 0.634600 -0.234300
vt 0.616700 -0.140100
vt 0.747100 -0.193700
vt 0.726400 -0.096400
vt 0.594900 -0.037500
vt 0.489200 -0.081800
vt 0.701100 0.009400
vt 0.384700 -0.120900
vt 0.399100 -0.217800
vt 0.411100 -0.306600
vt 0.543400 2.779100
vt 0.546400 2.806100
vt 0.427900 2.837100
vt 0.425600 2.810300
vt 0.309700 2.862000
vt 0.308200 2.835400
vt 0.548300 2.827500
vt 0.429300 2.858500
vt 0.310500 2.883300
vt 0.421800 2.772800
vt 0.538500 2.741000
vt 0.415500 2.719100
vt 0.530500 2.686100
vt 0.305600 2.798400
vt 0.301200 2.745700
vt 0.655600 2.705000
vt 0.661600 2.743900
vt 0.772900 2.667000
vt 0.779800 2.706500
vt 0.646100 2.648800
vt 0.761900 2.609300
vt 0.665200 2.771100
vt 0.667600 2.792500
vt 0.784000 2.734000
vt 0.786900 2.755500
vt 0.503100 2.516300
vt 0.518600 2.608800
vt 0.406000 2.643800
vt 0.393700 2.553700
vt 0.294400 2.672000
vt 0.285400 2.583900
vt 0.378800 2.455600
vt 0.484400 2.415500
vt 0.274700 2.488000
vt 0.590800 2.370300
vt 0.613300 2.474000
vt 0.697800 2.322500
vt 0.724000 2.429300
vt 0.631900 2.569300
vt 0.745500 2.527500
vt 0.075400 2.860200
vt 0.074800 2.886300
vt -0.041800 2.883900
vt -0.040000 2.858000
vt -0.157800 2.870500
vt -0.154600 2.844900
vt 0.074000 2.907400
vt -0.043500 2.904800
vt -0.160500 2.891100
vt -0.037900 2.822100
vt 0.075800 2.823900
vt -0.035500 2.771100
vt 0.075700 2.772500
vt -0.150700 2.809300
vt -0.145600 2.758800
vt 0.190300 2.815700
vt 0.191500 2.852400
vt 0.187900 2.763700
vt 0.192000 2.878700
vt 0.192100 2.899900
vt 0.073800 2.615100
vt 0.075100 2.700700
vt -0.032500 2.700000
vt -0.029400 2.615100
vt -0.138800 2.688300
vt -0.131000 2.604400
vt -0.026500 2.523000
vt 0.072000 2.521900
vt -0.122900 2.513300
vt 0.172400 2.510200
vt 0.178800 2.604500
vt 0.184000 2.691200
vt -0.380400 2.782100
vt -0.386300 2.806800
vt -0.496200 2.754900
vt -0.488900 2.730900
vt -0.601500 2.688500
vt -0.592800 2.665400
vt -0.391200 2.826600
vt -0.502200 2.774200
vt -0.608500 2.707000
vt -0.478900 2.697400
vt -0.372400 2.747700
vt -0.464800 2.649800
vt -0.361300 2.698700
vt -0.580800 2.633300
vt -0.563800 2.587600
vt -0.262600 2.784800
vt -0.268600 2.819800
vt -0.254500 2.734900
vt -0.273000 2.845000
vt -0.276800 2.865300
vt -0.328100 2.549000
vt -0.346000 2.630300
vt -0.445200 2.583300
vt -0.422200 2.504200
vt -0.540200 2.523800
vt -0.512200 2.447900
vt -0.397500 2.418800
vt -0.309000 2.461000
vt -0.482300 2.366000
vt -0.217200 2.492600
vt -0.230800 2.582300
vt -0.243600 2.665200
vt -0.782100 2.491300
vt -0.793300 2.511700
vt -0.878400 2.405000
vt -0.866200 2.386300
vt -0.955500 2.288700
vt -0.942300 2.271800
vt -0.802300 2.528200
vt -0.888300 2.420200
vt -0.966200 2.302400
vt -0.849200 2.360600
vt -0.766600 2.463100
vt -0.825000 2.324200
vt -0.744600 2.423200
vt -0.923900 2.248600
vt -0.897800 2.216100
vt -0.676900 2.554600
vt -0.690800 2.585000
vt -0.657300 2.511500
vt -0.700700 2.606800
vt -0.708800 2.624400
vt -0.677500 2.301600
vt -0.713900 2.367600
vt -0.791300 2.273700
vt -0.751400 2.213800
vt -0.861600 2.171000
vt -0.818500 2.117500
vt -0.708300 2.149000
vt -0.638400 2.230400
vt -0.772100 2.059600
vt -0.562800 2.303000
vt -0.597600 2.380000
vt -0.630000 2.451400
vt -1.068700 2.020400
vt -1.083600 2.033400
vt -1.135400 1.896000
vt -1.119600 1.885100
vt -1.179300 1.753200
vt -1.162900 1.744400
vt -1.095800 2.044000
vt -1.148100 1.904900
vt -1.192600 1.760300
vt -1.098000 1.870300
vt -1.048000 2.002800
vt -1.067600 1.849700
vt -1.018900 1.978100
vt -1.140400 1.732600
vt -1.108700 1.716200
vt -0.990100 2.129100
vt -1.009600 2.149600
vt -0.962400 2.100500
vt -1.023800 2.164500
vt -1.035300 2.176700
vt -0.930500 1.903600
vt -0.978500 1.944100
vt -1.025400 1.821300
vt -0.975300 1.787600
vt -1.064800 1.693500
vt -1.012600 1.666600
vt -0.921200 1.750900
vt -0.878700 1.859700
vt -0.956200 1.637300
vt -0.828900 1.962800
vt -0.878200 2.013800
vt -0.923900 2.060900
vt -1.225700 1.450500
vt -1.243200 1.454800
vt -1.260400 1.301600
vt -1.242500 1.299700
vt -1.265700 1.147400
vt -1.247700 1.147800
vt -1.257400 1.458300
vt -1.274800 1.303200
vt -1.280200 1.147100
vt -1.217900 1.297100
vt -1.201600 1.444800
vt -1.182900 1.293500
vt -1.167500 1.436900
vt -1.222900 1.148400
vt -1.187600 1.149200
vt -1.175300 1.590400
vt -1.198700 1.599200
vt -1.142300 1.578200
vt -1.215700 1.605700
vt -1.229500 1.611000
vt -1.063800 1.413200
vt -1.120100 1.426100
vt -1.134300 1.288700
vt -1.076700 1.283000
vt -1.138500 1.150500
vt -1.080200 1.152100
vt -1.014600 1.276700
vt -1.003200 1.399100
vt -1.017500 1.153700
vt -0.983700 1.519600
vt -1.042300 1.541400
vt -1.096600 1.561400
vt -1.220500 0.846000
vt -1.237900 0.841000
vt -1.207500 0.691600
vt -1.190700 0.698900
vt -1.167900 0.546800
vt -1.151800 0.556200
vt -1.252000 0.836900
vt -1.221100 0.685700
vt -1.181000 0.539100
vt -1.167400 0.708900
vt -1.196400 0.852900
vt -1.134500 0.722900
vt -1.162300 0.862600
vt -1.129500 0.569200
vt -1.098100 0.587300
vt -1.215300 0.999900
vt -1.240000 0.996100
vt -1.180400 1.005200
vt -1.257800 0.993400
vt -1.272100 0.991200
vt -1.058500 0.892200
vt -1.114800 0.876100
vt -1.088800 0.742300
vt -1.034500 0.765400
vt -1.054400 0.612400
vt -1.002500 0.642100
vt -0.975900 0.790300
vt -0.997800 0.909500
vt -0.946400 0.674300
vt -1.011800 1.030900
vt -1.074000 1.021400
vt -1.131700 1.012600
vt -1.050700 0.288700
vt -1.065200 0.275200
vt -1.002300 0.149300
vt -0.988700 0.164600
vt -0.931700 0.030400
vt -0.919100 0.047500
vt -1.077000 0.264200
vt -1.013300 0.136700
vt -0.942000 0.016500
vt -0.969900 0.185500
vt -1.030700 0.307000
vt -0.943400 0.214700
vt -1.002500 0.332700
vt -0.901600 0.070800
vt -0.877000 0.103500
vt -1.083900 0.435100
vt -1.105100 0.419400
vt -1.054000 0.457100
vt -1.120500 0.407900
vt -1.132900 0.398400
vt -0.916600 0.410100
vt -0.963200 0.368100
vt -0.906600 0.255000
vt -0.862900 0.302800
vt -0.842700 0.148700
vt -0.802000 0.202300
vt -0.815500 0.354700
vt -0.866200 0.455600
vt -0.758000 0.260400
vt -0.909800 0.562500
vt -0.963200 0.523500
vt -1.012500 0.487400
vt -0.757900 -0.162900
vt -0.768500 -0.183200
vt -0.676700 -0.274200
vt -0.667200 -0.252600
vt -0.777000 -0.199600
vt -0.684300 -0.291700
vt -0.654200 -0.222600
vt -0.743300 -0.134900
vt -0.635800 -0.180100
vt -0.722600 -0.095400
vt -0.825900 -0.036500
vt -0.842000 -0.062200
vt -0.803200 -0.000400
vt -0.853600 -0.081000
vt -0.863100 -0.096200
vt -0.659800 0.024800
vt -0.693900 -0.040500
vt -0.610100 -0.120900
vt -0.579800 -0.050400
vt -0.547100 0.025700
vt -0.623000 0.095300
vt -0.693600 0.173800
vt -0.734100 0.109300
vt -0.771600 0.049800
vt 1.225600 -1.032400
vt 1.231700 -1.016700
vt 1.162900 -0.970100
vt 1.157200 -0.985900
vt 1.093200 -0.928400
vt 1.088100 -0.944200
vt 1.236700 -1.004200
vt 1.167500 -0.957600
vt 1.097400 -0.915700
vt 1.149500 -1.008000
vt 1.217000 -1.054400
vt 1.138500 -1.039700
vt 1.204900 -1.085900
vt 1.081200 -0.966400
vt 1.071400 -0.998200
vt 1.284000 -1.105500
vt 1.293300 -1.083500
vt 1.350500 -1.161100
vt 1.360500 -1.139200
vt 1.270800 -1.136900
vt 1.336100 -1.192300
vt 1.299900 -1.067900
vt 1.305300 -1.055400
vt 1.367500 -1.123600
vt 1.373200 -1.111200
vt 1.167500 -1.183100
vt 1.187900 -1.130100
vt 1.123200 -1.084100
vt 1.104800 -1.137300
vt 1.057800 -1.042800
vt 1.041500 -1.096400
vt 1.084500 -1.195600
vt 1.144800 -1.240900
vt 1.023400 -1.155100
vt 1.204700 -1.290700
vt 1.229600 -1.233400
vt 1.264100 -1.344900
vt 1.291300 -1.288100
vt 1.252100 -1.180800
vt 1.315900 -1.236000
vt 0.947400 -0.875500
vt 0.951200 -0.859400
vt 0.879300 -0.832100
vt 0.876100 -0.848400
vt 0.806900 -0.809500
vt 0.804400 -0.826000
vt 0.954500 -0.846400
vt 0.882000 -0.819000
vt 0.809100 -0.796300
vt 0.871800 -0.871100
vt 0.942200 -0.898000
vt 0.865700 -0.903500
vt 0.934900 -0.930200
vt 0.800900 -0.848900
vt 0.796100 -0.881600
vt 1.012000 -0.929800
vt 1.018100 -0.907400
vt 1.003500 -0.961800
vt 1.022600 -0.891500
vt 1.026300 -0.878600
vt 0.912600 -1.029400
vt 0.924800 -0.975200
vt 0.857300 -0.948800
vt 0.847200 -1.003300
vt 0.789400 -0.927300
vt 0.781400 -0.982200
vt 0.835900 -1.063100
vt 0.899000 -1.088800
vt 0.772300 -1.042400
vt 0.961600 -1.119500
vt 0.977400 -1.060400
vt 0.991600 -1.006600
vt 0.660200 -0.795200
vt 0.661600 -0.778500
vt 0.588600 -0.770000
vt 0.587800 -0.786900
vt 0.515400 -0.766300
vt 0.515200 -0.783300
vt 0.662800 -0.765000
vt 0.589400 -0.756500
vt 0.515800 -0.752700
vt 0.586800 -0.810500
vt 0.658400 -0.818600
vt 0.585600 -0.844100
vt 0.656000 -0.851900
vt 0.515000 -0.807000
vt 0.514900 -0.840900
vt 0.729800 -0.831400
vt 0.732400 -0.808300
vt 0.726200 -0.864400
vt 0.734400 -0.791700
vt 0.736100 -0.778300
vt 0.648600 -0.954600
vt 0.652700 -0.898600
vt 0.583900 -0.891200
vt 0.581900 -0.947700
vt 0.514900 -0.888300
vt 0.514900 -0.945100
vt 0.579600 -1.009400
vt 0.644100 -1.015800
vt 0.515000 -1.007200
vt 0.708400 -1.026800
vt 0.715100 -0.966000
vt 0.721200 -0.910600
vt 0.369500 -0.790500
vt 0.368700 -0.773400
vt 0.295300 -0.784700
vt 0.296700 -0.801800
vt 0.222000 -0.801400
vt 0.224000 -0.818400
vt 0.368200 -0.759700
vt 0.294400 -0.770900
vt 0.220600 -0.787600
vt 0.298900 -0.825600
vt 0.370900 -0.814300
vt 0.302400 -0.859400
vt 0.373200 -0.848300
vt 0.227000 -0.842100
vt 0.231700 -0.875700
vt 0.443000 -0.808200
vt 0.442400 -0.784400
vt 0.444100 -0.842200
vt 0.442100 -0.767400
vt 0.442000 -0.753700
vt 0.380800 -0.952700
vt 0.376600 -0.895800
vt 0.307500 -0.906700
vt 0.313800 -0.963300
vt 0.238600 -0.922700
vt 0.247000 -0.979000
vt 0.320800 -1.025200
vt 0.385500 -1.014800
vt 0.256400 -1.040500
vt 0.450200 -1.008800
vt 0.447900 -0.946700
vt 0.445800 -0.889700
vt 0.079600 -0.868500
vt 0.076300 -0.851700
vt 0.004500 -0.885100
vt 0.008400 -0.901900
vt -0.066200 -0.924100
vt -0.061700 -0.940700
vt 0.073900 -0.838000
vt 0.001600 -0.871500
vt -0.069600 -0.910700
vt 0.014100 -0.924900
vt 0.084400 -0.891800
vt 0.022500 -0.957600
vt 0.091600 -0.924900
vt -0.055200 -0.963500
vt -0.045600 -0.995600
vt 0.155400 -0.864200
vt 0.151500 -0.840700
vt 0.161400 -0.897600
vt 0.148900 -0.823700
vt 0.147000 -0.810000
vt 0.114600 -1.026000
vt 0.101900 -0.970900
vt 0.034600 -1.003000
vt 0.049200 -1.057400
vt -0.031900 -1.040400
vt -0.015300 -1.094000
vt 0.065500 -1.116900
vt 0.128600 -1.086300
vt 0.003200 -1.152600
vt 0.192300 -1.060800
vt 0.180600 -0.999900
vt 0.170000 -0.944100
vt -0.198200 -1.034000
vt -0.203800 -1.017800
vt -0.271400 -1.071300
vt -0.265300 -1.087200
vt -0.338500 -1.128200
vt -0.331900 -1.143900
vt -0.208200 -1.004700
vt -0.276200 -1.058200
vt -0.343700 -1.115300
vt -0.256600 -1.109000
vt -0.190200 -1.056100
vt -0.243800 -1.139700
vt -0.178500 -1.087300
vt -0.322500 -1.165500
vt -0.308700 -1.195900
vt -0.123200 -1.007400
vt -0.130500 -0.984900
vt -0.112500 -1.039100
vt -0.135500 -0.968600
vt -0.139400 -0.955300
vt -0.141500 -1.182400
vt -0.161800 -1.130600
vt -0.225700 -1.182400
vt -0.203600 -1.233400
vt -0.289200 -1.238000
vt -0.265300 -1.288400
vt -0.179000 -1.289300
vt -0.118900 -1.239200
vt -0.238700 -1.343500
vt -0.058200 -1.193500
vt -0.078800 -1.135800
vt -0.097300 -1.083100
vt -0.465100 -1.266500
vt -0.472600 -1.250900
vt -0.540300 -1.317600
vt -0.532200 -1.333300
vt -0.608700 -1.388400
vt -0.600200 -1.404300
vt -0.478700 -1.238200
vt -0.546700 -1.304900
vt -0.615400 -1.375600
vt -0.520700 -1.354900
vt -0.454300 -1.288000
vt -0.503700 -1.385100
vt -0.438400 -1.318100
vt -0.587900 -1.426100
vt -0.569700 -1.456700
vt -0.388300 -1.225000
vt -0.398400 -1.203600
vt -0.373500 -1.255200
vt -0.405500 -1.187900
vt -0.411100 -1.175100
vt -0.388300 -1.409500
vt -0.415900 -1.359700
vt -0.479600 -1.426900
vt -0.449900 -1.476800
vt -0.543700 -1.499100
vt -0.511800 -1.549400
vt -0.416600 -1.531200
vt -0.357400 -1.463800
vt -0.475800 -1.604300
vt -0.298100 -1.401500
vt -0.326800 -1.346900
vt -0.352500 -1.297000
vt -0.740200 -1.560100
vt -0.749600 -1.543400
vt -0.823700 -1.627000
vt -0.813800 -1.644400
vt -0.901400 -1.714300
vt -0.891000 -1.732500
vt -0.756800 -1.530000
vt -0.831100 -1.613100
vt -0.908900 -1.699600
vt -0.798900 -1.668300
vt -0.726100 -1.583000
vt -0.776300 -1.702100
vt -0.705100 -1.615300
vt -0.875100 -1.757800
vt -0.850700 -1.793700
vt -0.656100 -1.502200
vt -0.669200 -1.480000
vt -0.636600 -1.533500
vt -0.678200 -1.463800
vt -0.685200 -1.450800
vt -0.637600 -1.712800
vt -0.674900 -1.659900
vt -0.743500 -1.748900
vt -0.703000 -1.804300
vt -0.815300 -1.843800
vt -0.771200 -1.902900
vt -0.657100 -1.863900
vt -0.595400 -1.770000
vt -0.721100 -1.965900
vt -0.535200 -1.683700
vt -0.574100 -1.628000
vt -0.608600 -1.576700
vt -1.057400 -1.919000
vt -1.068600 -1.898200
vt -1.156000 -1.993100
vt -1.144400 -2.015400
vt -1.244500 -2.088800
vt -1.232500 -2.112700
vt -1.076100 -1.881500
vt -1.163400 -1.975200
vt -1.251800 -2.069700
vt -1.125200 -2.047000
vt -1.039300 -1.948200
vt -1.094900 -2.093000
vt -1.011100 -1.990400
vt -1.212200 -2.146800
vt -1.179700 -2.196800
vt -0.955600 -1.851500
vt -0.972600 -1.824400
vt -0.929300 -1.890300
vt -0.983400 -1.805000
vt -0.990900 -1.789400
vt -0.917300 -2.120200
vt -0.969500 -2.050100
vt -1.050000 -2.158500
vt -0.993400 -2.235400
vt -1.131500 -2.268400
vt -1.070400 -2.352400
vt -0.928100 -2.315800
vt -0.857300 -2.194100
vt -0.999500 -2.439800
vt -0.788100 -2.076700
vt -0.842900 -2.008800
vt -0.890900 -1.944700
vt 2.073600 -1.920400
vt 2.084400 -1.899800
vt 2.000000 -1.809200
vt 1.989500 -1.828300
vt 1.919400 -1.720200
vt 1.909300 -1.738100
vt 2.091700 -1.883100
vt 2.007400 -1.793600
vt 1.926700 -1.705500
vt 1.973000 -1.854900
vt 2.056000 -1.949200
vt 1.947600 -1.892700
vt 2.028700 -1.990700
vt 1.893700 -1.762800
vt 1.870100 -1.797700
vt 2.141500 -2.045100
vt 2.160100 -2.013700
vt 2.228200 -2.141600
vt 2.248000 -2.107600
vt 2.112100 -2.090600
vt 2.196700 -2.191500
vt 2.171400 -1.991500
vt 2.178600 -1.973600
vt 2.259600 -2.083800
vt 2.266600 -2.064500
vt 1.937900 -2.118200
vt 1.988500 -2.049200
vt 1.910500 -1.945800
vt 1.864000 -2.008400
vt 1.835700 -1.846300
vt 1.792900 -1.903800
vt 1.810600 -2.074900
vt 1.879500 -2.191000
vt 1.743900 -1.965400
vt 1.949900 -2.311400
vt 2.013600 -2.231500
vt 2.021000 -2.434100
vt 2.090300 -2.346700
vt 2.068600 -2.155300
vt 2.149800 -2.262800
vt 1.762700 -1.565500
vt 1.772100 -1.549000
vt 1.703100 -1.467900
vt 1.694100 -1.484000
vt 1.635600 -1.390600
vt 1.627000 -1.406300
vt 1.779200 -1.535700
vt 1.709900 -1.455000
vt 1.642300 -1.377900
vt 1.680800 -1.506000
vt 1.748800 -1.588000
vt 1.661100 -1.537000
vt 1.727900 -1.619700
vt 1.614400 -1.428100
vt 1.595800 -1.458900
vt 1.819300 -1.673700
vt 1.834100 -1.650300
vt 1.797200 -1.706600
vt 1.843800 -1.633300
vt 1.851000 -1.619400
vt 1.660800 -1.715600
vt 1.697900 -1.663600
vt 1.632900 -1.580000
vt 1.598100 -1.631000
vt 1.569200 -1.501500
vt 1.536500 -1.552300
vt 1.558900 -1.686400
vt 1.618800 -1.771900
vt 1.499900 -1.607300
vt 1.680300 -1.864600
vt 1.725400 -1.806400
vt 1.765100 -1.752300
vt 1.493800 -1.264000
vt 1.501600 -1.248400
vt 1.434700 -1.183800
vt 1.427200 -1.199400
vt 1.507800 -1.236000
vt 1.440600 -1.171500
vt 1.416600 -1.221200
vt 1.482500 -1.285700
vt 1.401100 -1.252200
vt 1.466000 -1.316500
vt 1.548400 -1.354700
vt 1.560300 -1.333000
vt 1.530800 -1.385400
vt 1.568600 -1.317400
vt 1.574900 -1.304900
vt 1.414000 -1.410600
vt 1.442500 -1.359400
vt 1.379300 -1.295500
vt 1.352700 -1.347100
vt 1.323200 -1.403300
vt 1.382100 -1.466200
vt 1.441000 -1.534100
vt 1.475200 -1.478900
vt 1.505800 -1.428100
vt 1.567900 -1.113100
vt 1.573900 -1.100400
vt 1.502900 -1.035700
vt 1.497200 -1.048300
vt 1.431400 -0.974600
vt 1.426100 -0.987300
vt 1.580000 -1.087800
vt 1.508600 -1.023100
vt 1.436800 -0.962000
vt 1.491600 -1.060900
vt 1.561900 -1.125600
vt 1.486000 -1.073500
vt 1.556000 -1.138200
vt 1.420900 -1.000000
vt 1.415800 -1.012600
vt 1.632000 -1.194000
vt 1.638300 -1.181400
vt 1.702000 -1.265900
vt 1.708600 -1.253100
vt 1.625700 -1.206600
vt 1.695400 -1.278500
vt 1.644700 -1.168700
vt 1.651000 -1.156000
vt 1.715200 -1.240300
vt 1.721700 -1.227500
vt 1.849600 -1.405500
vt 1.856300 -1.392300
vt 1.785400 -1.315200
vt 1.778800 -1.328200
vt 1.862900 -1.379000
vt 1.792100 -1.302200
vt 1.772000 -1.341100
vt 1.842900 -1.418700
vt 1.765300 -1.353900
vt 1.836000 -1.431700
vt 1.915300 -1.497800
vt 1.922000 -1.484200
vt 1.990200 -1.577400
vt 1.996500 -1.563300
vt 1.908500 -1.511200
vt 1.983600 -1.591300
vt 1.928500 -1.470600
vt 1.934900 -1.456900
vt 2.002800 -1.549100
vt 2.008900 -1.534800
vt 2.154100 -1.719500
vt 2.159300 -1.703800
vt 2.080000 -1.626700
vt 2.074200 -1.641600
vt 2.164400 -1.688000
vt 2.085600 -1.611800
vt 2.068200 -1.656400
vt 2.148700 -1.735200
vt 2.062000 -1.671100
vt 2.143000 -1.750700
vt 2.230800 -1.813700
vt 2.235500 -1.797100
vt 2.313700 -1.892100
vt 2.317700 -1.874500
vt 2.225700 -1.830300
vt 2.309300 -1.909700
vt 2.240100 -1.780400
vt 2.244500 -1.763600
vt 2.321600 -1.856800
vt 2.325300 -1.839100
vt -1.141600 -1.719100
vt -1.147300 -1.703400
vt -1.228300 -1.783600
vt -1.223300 -1.800200
vt -1.309700 -1.864000
vt -1.305600 -1.881500
vt -1.152900 -1.687700
vt -1.233100 -1.767000
vt -1.313800 -1.846500
vt -1.218100 -1.816800
vt -1.135700 -1.734800
vt -1.212700 -1.833300
vt -1.129600 -1.750300
vt -1.301200 -1.899000
vt -1.296600 -1.916400
vt -1.054500 -1.653300
vt -1.061000 -1.638400
vt -0.975200 -1.572400
vt -0.982200 -1.558300
vt -1.047800 -1.668000
vt -0.968100 -1.586400
vt -1.067400 -1.623600
vt -1.073700 -1.608600
vt -0.989100 -1.544200
vt -0.995900 -1.530000
vt -0.831200 -1.401100
vt -0.838400 -1.388000
vt -0.912900 -1.465500
vt -0.905800 -1.479100
vt -0.845600 -1.374900
vt -0.920000 -1.451900
vt -0.898600 -1.492500
vt -0.823900 -1.414200
vt -0.891200 -1.505900
vt -0.816600 -1.427100
vt -0.750900 -1.337800
vt -0.758000 -1.325100
vt -0.678800 -1.264100
vt -0.685800 -1.251600
vt -0.743700 -1.350400
vt -0.671900 -1.276500
vt -0.765200 -1.312400
vt -0.772300 -1.299600
vt -0.692700 -1.239000
vt -0.699700 -1.226400
vt -0.542400 -1.113500
vt -0.548800 -1.101000
vt -0.620700 -1.168600
vt -0.614000 -1.181100
vt -0.555100 -1.088400
vt -0.627300 -1.156100
vt -0.607300 -1.193500
vt -0.536100 -1.126000
vt -0.600600 -1.205900
vt -0.529800 -1.138500
vt -0.464900 -1.061500
vt -0.470900 -1.048900
vt -0.393500 -0.999900
vt -0.399000 -0.987100
vt -0.459000 -1.074100
vt -0.388000 -1.012700
vt -0.476800 -1.036200
vt -0.482800 -1.023600
vt -0.404600 -0.974300
vt -0.410200 -0.961400
vt -0.253800 -0.872800
vt -0.258600 -0.859500
vt -0.331900 -0.915100
vt -0.326800 -0.928200
vt -0.263400 -0.846300
vt -0.337100 -0.902100
vt -0.321600 -0.941200
vt -0.249100 -0.886000
vt -0.316500 -0.954100
vt -0.244400 -0.899100
vt -0.175700 -0.835100
vt -0.180000 -0.821700
vt -0.101200 -0.789200
vt -0.105100 -0.775700
vt -0.171400 -0.848400
vt -0.097400 -0.802700
vt -0.184400 -0.808300
vt -0.188800 -0.794800
vt -0.109100 -0.762100
vt -0.113200 -0.748500
vt 0.048100 -0.701200
vt 0.044900 -0.687400
vt -0.032600 -0.721800
vt -0.029000 -0.735500
vt 0.041700 -0.673500
vt -0.036200 -0.708000
vt -0.025500 -0.749200
vt 0.051200 -0.714900
vt -0.022100 -0.762800
vt 0.054100 -0.728600
vt 0.128600 -0.686600
vt 0.125900 -0.672700
vt 0.206500 -0.664100
vt 0.204300 -0.650200
vt 0.131100 -0.700300
vt 0.208500 -0.677900
vt 0.123200 -0.658900
vt 0.120500 -0.644900
vt 0.202100 -0.636200
vt 0.199800 -0.622200
vt 0.361700 -0.622600
vt 0.360700 -0.608400
vt 0.281300 -0.619500
vt 0.283000 -0.633600
vt 0.359500 -0.594200
vt 0.279600 -0.605400
vt 0.284600 -0.647500
vt 0.362800 -0.636600
vt 0.286100 -0.661400
vt 0.363800 -0.650500
vt 0.441000 -0.631000
vt 0.440500 -0.616900
vt 0.519100 -0.630400
vt 0.519200 -0.616300
vt 0.441400 -0.645000
vt 0.519000 -0.644400
vt 0.440100 -0.602700
vt 0.439600 -0.588400
vt 0.519300 -0.602100
vt 0.519500 -0.587800
vt 0.675800 -0.629500
vt 0.677100 -0.615400
vt 0.598400 -0.606300
vt 0.597600 -0.620500
vt 0.678400 -0.601400
vt 0.599100 -0.592100
vt 0.596900 -0.634500
vt 0.674500 -0.643400
vt 0.596300 -0.648400
vt 0.673300 -0.657200
vt 0.751800 -0.657000
vt 0.753600 -0.643200
vt 0.828900 -0.675500
vt 0.831100 -0.661800
vt 0.750100 -0.670700
vt 0.826700 -0.689100
vt 0.755400 -0.629300
vt 0.757300 -0.615400
vt 0.833400 -0.648100
vt 0.835800 -0.634300
vt 0.984800 -0.713500
vt 0.987900 -0.699900
vt 0.911000 -0.671500
vt 0.908200 -0.685200
vt 0.991100 -0.686300
vt 0.913800 -0.657800
vt 0.905600 -0.698800
vt 0.981800 -0.727000
vt 0.903000 -0.712300
vt 0.978800 -0.740500
vt 1.057300 -0.760200
vt 1.060700 -0.746800
vt 1.131900 -0.798500
vt 1.135600 -0.785200
vt 1.054000 -0.773600
vt 1.128200 -0.811800
vt 1.064200 -0.733300
vt 1.067700 -0.719800
vt 1.139400 -0.771800
vt 1.143300 -0.758400
vt 1.282400 -0.877200
vt 1.287000 -0.864200
vt 1.213700 -0.815600
vt 1.209500 -0.828800
vt 1.291600 -0.851200
vt 1.217900 -0.802400
vt 1.205400 -0.841900
vt 1.277900 -0.890200
vt 1.201400 -0.855100
vt 1.273600 -0.903100
vt 1.349700 -0.943000
vt 1.354600 -0.930200
vt 1.345000 -0.955700
vt 1.359500 -0.917300
vt 1.364500 -0.904500
vt 1.544300 -1.163100
vt 1.550100 -1.150700
vt 1.480600 -1.086000
vt 1.475200 -1.098500
vt 1.410800 -1.025200
vt 1.405800 -1.037800
vt 1.469800 -1.110900
vt 1.538400 -1.175500
vt 1.464200 -1.123100
vt 1.532500 -1.187700
vt 1.400800 -1.050200
vt 1.395700 -1.062600
vt 1.606900 -1.243900
vt 1.613200 -1.231600
vt 1.675500 -1.316100
vt 1.682100 -1.303600
vt 1.600600 -1.256200
vt 1.668800 -1.328400
vt 1.619400 -1.219100
vt 1.688800 -1.291100
vt 1.520200 -1.211800
vt 1.526400 -1.199800
vt 1.458500 -1.135200
vt 1.452600 -1.147200
vt 1.390200 -1.074800
vt 1.384600 -1.086900
vt 1.446600 -1.159300
vt 1.514000 -1.223900
vt 1.378900 -1.099000
vt 1.581400 -1.292600
vt 1.587800 -1.280400
vt 1.648900 -1.365400
vt 1.655500 -1.353000
vt 1.594200 -1.268300
vt 1.662200 -1.340700
vt 1.821800 -1.457300
vt 1.828900 -1.444600
vt 1.758400 -1.366600
vt 1.751400 -1.379200
vt 1.744400 -1.391700
vt 1.814600 -1.470100
vt 1.737400 -1.404200
vt 1.807400 -1.482900
vt 1.886900 -1.550500
vt 1.894200 -1.537400
vt 1.962300 -1.632300
vt 1.969500 -1.618500
vt 1.879600 -1.563900
vt 1.955100 -1.646300
vt 1.901400 -1.524300
vt 1.976700 -1.604900
vt 1.793200 -1.509100
vt 1.800300 -1.495900
vt 1.730500 -1.416800
vt 1.723600 -1.429400
vt 1.716800 -1.442200
vt 1.786200 -1.522300
vt 1.858200 -1.605300
vt 1.865300 -1.591400
vt 1.933900 -1.690600
vt 1.941000 -1.675700
vt 1.872400 -1.577500
vt 1.948000 -1.660800
vt 2.130600 -1.781600
vt 2.137000 -1.766100
vt 2.055500 -1.685500
vt 2.048700 -1.700000
vt 2.041800 -1.714600
vt 2.124200 -1.797300
vt 2.034900 -1.729600
vt 2.117700 -1.813600
vt 2.208600 -1.880300
vt 2.214500 -1.863300
vt 2.294000 -1.963500
vt 2.299300 -1.945100
vt 2.202700 -1.898000
vt 2.288800 -1.982600
vt 2.220200 -1.846700
vt 2.304400 -1.927300
vt 2.105100 -1.848200
vt 2.111400 -1.830700
vt 2.028100 -1.745300
vt 2.021300 -1.761400
vt 2.014400 -1.777500
vt 2.098600 -1.865700
vt 2.185100 -1.954800
vt 2.191200 -1.935600
vt 2.272800 -2.044300
vt 2.278400 -2.023500
vt 2.197000 -1.916600
vt 2.283700 -2.002800
vt -1.116500 -1.781200
vt -1.123100 -1.765800
vt -1.206900 -1.849600
vt -1.200900 -1.866200
vt -1.291500 -1.933800
vt -1.286100 -1.951400
vt -1.194800 -1.883000
vt -1.109800 -1.797000
vt -1.188600 -1.900500
vt -1.103100 -1.813200
vt -1.280600 -1.969500
vt -1.275100 -1.988400
vt -1.026600 -1.711700
vt -1.033800 -1.697100
vt -0.945900 -1.627800
vt -0.953400 -1.614000
vt -1.019400 -1.726700
vt -0.938400 -1.641700
vt -1.040900 -1.682500
vt -0.960800 -1.600200
vt -1.089900 -1.847100
vt -1.096500 -1.829900
vt -1.182600 -1.918900
vt -1.176600 -1.937700
vt -1.269700 -2.008400
vt -1.264200 -2.028900
vt -1.170200 -1.956600
vt -1.083200 -1.864400
vt -1.258300 -2.049500
vt -0.998200 -1.773600
vt -1.005300 -1.757800
vt -0.916300 -1.685000
vt -0.923700 -1.670400
vt -1.012300 -1.742100
vt -0.931000 -1.656000
vt -0.801700 -1.452600
vt -0.809200 -1.439900
vt -0.883800 -1.519100
vt -0.876200 -1.532300
vt -0.868600 -1.545400
vt -0.794100 -1.465300
vt -0.861000 -1.558700
vt -0.786600 -1.478000
vt -0.721700 -1.387800
vt -0.729100 -1.375400
vt -0.650700 -1.313400
vt -0.657800 -1.301200
vt -0.714400 -1.400200
vt -0.643600 -1.325700
vt -0.736400 -1.362900
vt -0.664800 -1.288900
vt -0.771600 -1.503700
vt -0.779100 -1.490800
vt -0.853500 -1.572000
vt -0.846000 -1.585600
vt -0.838600 -1.599300
vt -0.764200 -1.516800
vt -0.692300 -1.437900
vt -0.699600 -1.425200
vt -0.622300 -1.363000
vt -0.629400 -1.350400
vt -0.707000 -1.412700
vt -0.636500 -1.338000
vt -0.517100 -1.163200
vt -0.523500 -1.150900
vt -0.594000 -1.218200
vt -0.587300 -1.230500
vt -0.580500 -1.242700
vt -0.510800 -1.175500
vt -0.573700 -1.255000
vt -0.504300 -1.187900
vt -0.441200 -1.111600
vt -0.447100 -1.099100
vt -0.371500 -1.050700
vt -0.377000 -1.038100
vt -0.435200 -1.124200
vt -0.366000 -1.063500
vt -0.453100 -1.086600
vt -0.382500 -1.025400
vt -0.491400 -1.212900
vt -0.497800 -1.200400
vt -0.566900 -1.267400
vt -0.560000 -1.279800
vt -0.553300 -1.292300
vt -0.484900 -1.225600
vt -0.417000 -1.162400
vt -0.423000 -1.149600
vt -0.349200 -1.102300
vt -0.354800 -1.089400
vt -0.429100 -1.136800
vt -0.360400 -1.076400
vt -0.235300 -0.925300
vt -0.239800 -0.912200
vt -0.311500 -0.967000
vt -0.306500 -0.979900
vt -0.301500 -0.992800
vt -0.230800 -0.938300
vt -0.296500 -1.005700
vt -0.226300 -0.951500
vt -0.159300 -0.888100
vt -0.163300 -0.874900
vt -0.086800 -0.842800
vt -0.090200 -0.829500
vt -0.155400 -0.901400
vt -0.083300 -0.856300
vt -0.167300 -0.861700
vt -0.093800 -0.816100
vt -0.217200 -0.978100
vt -0.221800 -0.964700
vt -0.291400 -1.018800
vt -0.286300 -1.032000
vt -0.281200 -1.045100
vt -0.212700 -0.991400
vt -0.143400 -0.941800
vt -0.147400 -0.928300
vt -0.073000 -0.897100
vt -0.076500 -0.883400
vt -0.151400 -0.914800
vt -0.079900 -0.869800
vt 0.059500 -0.755600
vt 0.056900 -0.742100
vt -0.018900 -0.776200
vt -0.015800 -0.789700
vt -0.012900 -0.803100
vt 0.062100 -0.769100
vt -0.009900 -0.816700
vt 0.064500 -0.782700
vt 0.137700 -0.740900
vt 0.135600 -0.727400
vt 0.213800 -0.718500
vt 0.212200 -0.705000
vt 0.139700 -0.754500
vt 0.215300 -0.732100
vt 0.133400 -0.713900
vt 0.210400 -0.691500
vt 0.069200 -0.810300
vt 0.066900 -0.796500
vt -0.007000 -0.830300
vt -0.004100 -0.844100
vt -0.001300 -0.857800
vt 0.071600 -0.824100
vt 0.145200 -0.796100
vt 0.143400 -0.782200
vt 0.219300 -0.773700
vt 0.218000 -0.759800
vt 0.141600 -0.768300
vt 0.216700 -0.745900
vt 0.365500 -0.677800
vt 0.364700 -0.664200
vt 0.287500 -0.675000
vt 0.288800 -0.688600
vt 0.290000 -0.702100
vt 0.366200 -0.691300
vt 0.291000 -0.715700
vt 0.366700 -0.704900
vt 0.442400 -0.685800
vt 0.442100 -0.672300
vt 0.518400 -0.685200
vt 0.518700 -0.671700
vt 0.442500 -0.699300
vt 0.518100 -0.698600
vt 0.441800 -0.658700
vt 0.518800 -0.658100
vt 0.367500 -0.732200
vt 0.367200 -0.718500
vt 0.291900 -0.729400
vt 0.292700 -0.743200
vt 0.293500 -0.757100
vt 0.367800 -0.746000
vt 0.442100 -0.740100
vt 0.442300 -0.726400
vt 0.516300 -0.739200
vt 0.516900 -0.725600
vt 0.442400 -0.712800
vt 0.517500 -0.712100
vt 0.671100 -0.684300
vt 0.672200 -0.670800
vt 0.595600 -0.662100
vt 0.595000 -0.675600
vt 0.594300 -0.689100
vt 0.670000 -0.697700
vt 0.593500 -0.702500
vt 0.668700 -0.711100
vt 0.745500 -0.711000
vt 0.747000 -0.697700
vt 0.820800 -0.729200
vt 0.822800 -0.715900
vt 0.743800 -0.724400
vt 0.818700 -0.742600
vt 0.748600 -0.684300
vt 0.824700 -0.702500
vt 0.665800 -0.738000
vt 0.667300 -0.724600
vt 0.592500 -0.716000
vt 0.591500 -0.729500
vt 0.590400 -0.743000
vt 0.664300 -0.751500
vt 0.738000 -0.764900
vt 0.740000 -0.751400
vt 0.811500 -0.782900
vt 0.814000 -0.769500
vt 0.741900 -0.737900
vt 0.816400 -0.756000
vt 0.973400 -0.767200
vt 0.976100 -0.753900
vt 0.900600 -0.725700
vt 0.898300 -0.739100
vt 0.895900 -0.752400
vt 0.970600 -0.780400
vt 0.893400 -0.765700
vt 0.967700 -0.793700
vt 1.044700 -0.813400
vt 1.047800 -0.800200
vt 1.117900 -0.851300
vt 1.121400 -0.838200
vt 1.041400 -0.826600
vt 1.114200 -0.864400
vt 1.050900 -0.787000
vt 1.124800 -0.825100
vt 0.961200 -0.820200
vt 0.964600 -0.806900
vt 0.890700 -0.779000
vt 0.887800 -0.792400
vt 0.884900 -0.805700
vt 0.957800 -0.833300
vt 1.030200 -0.865700
vt 1.034100 -0.852700
vt 1.101700 -0.902900
vt 1.106000 -0.890100
vt 1.037800 -0.839700
vt 1.110200 -0.877300
vt 1.265300 -0.928900
vt 1.269400 -0.916100
vt 1.197600 -0.868200
vt 1.193800 -0.881200
vt 1.189900 -0.894200
vt 1.261000 -0.941700
vt 1.185900 -0.907000
vt 1.256600 -0.954400
vt 1.331300 -0.993800
vt 1.335900 -0.981200
vt 1.326500 -1.006300
vt 1.340400 -0.968500
vt 1.246900 -0.979300
vt 1.251900 -0.966900
vt 1.181500 -0.919700
vt 1.176900 -0.932400
vt 1.172200 -0.945000
vt 1.241800 -0.991800
vt 1.310700 -1.043100
vt 1.316100 -1.030900
vt 1.321400 -1.018600
f 1/1/1 2/2/2 3/3/3
f 1/1/1 3/3/3 4/4/4
f 4/4/4 3/3/3 5/5/5
f 4/4/4 5/5/5 6/6/6
f 2/2/2 7/7/7 8/8/8
f 2/2/2 8/8/8 3/3/3
f 3/3/3 8/8/8 9/9/9
f 3/3/3 9/9/9 5/5/5
f 1/1/1 4/4/4 10/10/10
f 1/1/1 10/10/10 11/11/11
f 11/11/11 10/10/10 12/12/12
f 11/11/11 12/12/12 13/13/13
f 4/4/4 6/6/6 14/14/14
f 4/4/4 14/14/14 10/10/10
f 10/10/10 14/14/14 15/15/15
f 10/10/10 15/15/15 12/12/12
f 1/1/1 11/11/11 16/16/16
f 1/1/1 16/16/16 17/17/17
f 17/17/17 16/16/16 18/18/18
f 17/17/17 18/18/18 19/19/19
f 11/11/11 13/13/13 20/20/20
f 11/11/11 20/20/20 16/16/16
f 16/16/16 20/20/20 21/21/21
f 16/16/16 21/21/21 18/18/18
f 1/1/1 17/17/17 22/22/22
f 1/1/1 22/22/22 2/2/2
f 2/2/2 22/22/22 23/23/23
f 2/2/2 23/23/23 7/7/7
f 17/17/17 19/19/19 24/24/24
f 17/17/17 24/24/24 22/22/22
f 22/22/22 24/24/24 25/25/25
f 22/22/22 25/25/25 23/23/23
f 26/26/26 27/27/27 28/28/28
f 26/26/26 28/28/28 29/29/29
f 29/29/29 28/28/28 30/30/30
f 29/29/29 30/30/30 31/31/31
f 27/27/27 32/32/32 33/33/33
f 27/27/27 33/33/33 28/28/28
f 28/28/28 33/33/33 34/34/34
f 28/28/28 34/34/34 30/30/30
f 26/26/26 29/29/29 35/35/35
f 26/26/26 35/35/35 36/36/36
f 36/36/36 35/35/35 8/8/8
f 36/36/36 8/8/8 7/7/7
f 29/29/29 31/31/31 37/37/37
f 29/29/29 37/37/37 35/35/35
f 35/35/35 37/37/37 9/9/9
f 35/35/35 9/9/9 8/8/8
f 26/26/26 36/36/36 38/38/38
f 26/26/26 38/38/38 39/39/39
f 39/39/39 38/38/38 40/40/40
f 39/39/39 40/40/40 41/41/41
f 36/36/36 7/7/7 23/23/23
f 36/36/36 23/23/23 38/38/38
f 38/38/38 23/23/23 25/25/25
f 38/38/38 25/25/25 40/40/40
f 26/26/26 39/39/39 42/42/42
f 26/26/26 42/42/42 27/27/27
f 27/27/27 42/42/42 43/43/43
f 27/27/27 43/43/43 32/32/32
f 39/39/39 41/41/41 44/44/44
f 39/39/39 44/44/44 42/42/42
f 42/42/42 44/44/44 45/45/45
f 42/42/42 45/45/45 43/43/43
f 46/46/46 47/47/47 48/48/48
f 46/46/46 48/48/48 49/49/49
f 49/49/49 48/48/48 50/50/50
f 49/49/49 50/50/50 51/51/51
f 47/47/47 52/52/52 53/53/53
f 47/47/47 53/53/53 48/48/48
f 48/48/48 53/53/53 54/54/54
f 48/48/48 54/54/54 50/50/50
f 46/46/46 49/49/49 55/55/55
f 46/46/46 55/55/55 56/56/56
f 56/56/56 55/55/55 33/33/33
f 56/56/56 33/33/33 32/32/32
f 49/49/49 51/51/51 57/57/57
f 49/49/49 57/57/57 55/55/55
f 55/55/55 57/57/57 34/34/34
f 55/55/55 34/34/34 33/33/33
f 46/46/46 56/56/56 58/58/58
f 46/46/46 58/58/58 59/59/59
f 59/59/59 58/58/58 60/60/60
f 59/59/59 60/60/60 61/61/61
f 56/56/56 32/32/32 43/43/43
f 56/56/56 43/43/43 58/58/58
f 58/58/58 43/43/43 45/45/45
f 58/58/58 45/45/45 60/60/60
f 46/46/46 59/59/59 62/62/62
f 46/46/46 62/62/62 47/47/47
f 47/47/47 62/62/62 63/63/63
f 47/47/47 63/63/63 52/52/52
f 59/59/59 61/61/61 64/64/64
f 59/59/59 64/64/64 62/62/62
f 62/62/62 64/64/64 65/65/65
f 62/62/62 65/65/65 63/63/63
f 66/66/66 67/67/67 68/68/68
f 66/66/66 68/68/68 69/69/69
f 69/69/69 68/68/68 70/70/70
f 69/69/69 70/70/70 71/71/71
f 67/67/67 72/72/72 73/73/73
f 67/67/67 73/73/73 68/68/68
f 68/68/68 73/73/73 74/74/74
f 68/68/68 74/74/74 70/70/70
f 66/66/66 69/69/69 75/75/75
f 66/66/66 75/75/75 76/76/76
f 76/76/76 75/75/75 77/77/77
f 76/76/76 77/77/77 78/78/78
f 69/69/69 71/71/71 79/79/79
f 69/69/69 79/79/79 75/75/75
f 75/75/75 79/79/79 80/80/80
f 75/75/75 80/80/80 77/77/77
f 66/66/66 76/76/76 81/81/81
f 66/66/66 81/81/81 82/82/82
f 82/82/82 81/81/81 83/83/83
f 82/82/82 83/83/83 84/84/84
f 76/76/76 78/78/78 85/85/85
f 76/76/76 85/85/85 81/81/81
f 81/81/81 85/85/85 86/86/86
f 81/81/81 86/86/86 83/83/83
f 66/66/66 82/82/82 87/87/87
f 66/66/66 87/87/87 67/67/67
f 67/67/67 87/87/87 88/88/88
f 67/67/67 88/88/88 72/72/72
f 82/82/82 84/84/84 89/89/89
f 82/82/82 89/89/89 87/87/87
f 87/87/87 89/89/89 90/90/90
f 87/87/87 90/90/90 88/88/88
f 91/91/91 92/92/92 93/93/93
f 91/91/91 93/93/93 94/94/94
f 94/94/94 93/93/93 95/95/95
f 94/94/94 95/95/95 96/96/96
f 92/92/92 97/97/97 98/98/98
f 92/92/92 98/98/98 93/93/93
f 93/93/93 98/98/98 99/99/99
f 93/93/93 99/99/99 95/95/95
f 91/91/91 94/94/94 100/100/100
f 91/91/91 100/100/100 101/101/101
f 101/101/101 100/100/100 73/73/73
f 101/101/101 73/73/73 72/72/72
f 94/94/94 96/96/96 102/102/102
f 94/94/94 102/102/102 100/100/100
f 100/100/100 102/102/102 74/74/74
f 100/100/100 74/74/74 73/73/73
f 91/91/91 101/101/101 103/103/103
f 91/91/91 103/103/103 104/104/104
f 104/104/104 103/103/103 105/105/105
f 104/104/104 105/105/105 106/106/106
f 101/101/101 72/72/72 88/88/88
f 101/101/101 88/88/88 103/103/103
f 103/103/103 88/88/88 90/90/90
f 103/103/103 90/90/90 105/105/105
f 91/91/91 104/104/104 107/107/107
f 91/91/91 107/107/107 92/92/92
f 92/92/92 107/107/107 108/108/108
f 92/92/92 108/108/108 97/97/97
f 104/104/104 106/106/106 109/109/109
f 104/104/104 109/109/109 107/107/107
f 107/107/107 109/109/109 110/110/110
f 107/107/107 110/110/110 108/108/108
f 111/111/111 112/112/112 113/113/113
f 111/111/111 113/113/113 114/114/114
f 114/114/114 113/113/113 115/115/115
f 114/114/114 115/115/115 116/116/116
f 112/112/112 117/117/117 118/118/118
f 112/112/112 118/118/118 113/113/113
f 113/113/113 118/118/118 119/119/119
f 113/113/113 119/119/119 115/115/115
f 111/111/111 114/114/114 120/120/120
f 111/111/111 120/120/120 121/121/121
f 121/121/121 120/120/120 98/98/98
f 121/121/121 98/98/98 97/97/97
f 114/114/114 116/116/116 122/122/122
f 114/114/114 122/122/122 120/120/120
f 120/120/120 122/122/122 99/99/99
f 120/120/120 99/99/99 98/98/98
f 111/111/111 121/121/121 123/123/123
f 111/111/111 123/123/123 124/124/124
f 124/124/124 123/123/123 125/125/125
f 124/124/124 125/125/125 126/126/126
f 121/121/121 97/97/97 108/108/108
f 121/121/121 108/108/108 123/123/123
f 123/123/123 108/108/108 110/110/110
f 123/123/123 110/110/110 125/125/125
f 111/111/111 124/124/124 127/127/127
f 111/111/111 127/127/127 112/112/112
f 112/112/112 127/127/127 128/128/128
f 112/112/112 128/128/128 117/117/117
f 124/124/124 126/126/126 129/129/129
f 124/124/124 129/129/129 127/127/127
f 127/127/127 129/129/129 130/130/130
f 127/127/127 130/130/130 128/128/128
f 131/131/131 132/132/132 133/133/133
f 131/131/131 133/133/133 134/134/134
f 134/134/134 133/133/133 135/135/135
f 134/134/134 135/135/135 136/136/136
f 132/132/132 137/137/137 138/138/138
f 132/132/132 138/138/138 133/133/133
f 133/133/133 138/138/138 139/139/139
f 133/133/133 139/139/139 135/135/135
f 131/131/131 134/134/134 140/140/140
f 131/131/131 140/140/140 141/141/141
f 141/141/141 140/140/140 118/118/118
f 141/141/141 118/118/118 117/117/117
f 134/134/134 136/136/136 142/142/142
f 134/134/134 142/142/142 140/140/140
f 140/140/140 142/142/142 119/119/119
f 140/140/140 119/119/119 118/118/118
f 131/131/131 141/141/141 143/143/143
f 131/131/131 143/143/143 144/144/144
f 144/144/144 143/143/143 145/145/145
f 144/144/144 145/145/145 146/146/146
f 141/141/141 117/117/117 128/128/128
f 141/141/141 128/128/128 143/143/143
f 143/143/143 128/128/128 130/130/130
f 143/143/143 130/130/130 145/145/145
f 131/131/131 144/144/144 147/147/147
f 131/131/131 147/147/147 132/132/132
f 132/132/132 147/147/147 148/148/148
f 132/132/132 148/148/148 137/137/137
f 144/144/144 146/146/146 149/149/149
f 144/144/144 149/149/149 147/147/147
f 147/147/147 149/149/149 150/150/150
f 147/147/147 150/150/150 148/148/148
f 151/151/151 152/152/152 153/153/153
f 151/151/151 153/153/153 154/154/154
f 154/154/154 153/153/153 155/155/155
f 154/154/154 155/155/155 156/156/156
f 152/152/152 157/157/157 158/158/158
f 152/152/152 158/158/158 153/153/153
f 153/153/153 158/158/158 159/159/159
f 153/153/153 159/159/159 155/155/155
f 151/151/151 154/154/154 160/160/160
f 151/151/151 160/160/160 161/161/161
f 161/161/161 160/160/160 138/138/138
f 161/161/161 138/138/138 137/137/137
f 154/154/154 156/156/156 162/162/162
f 154/154/154 162/162/162 160/160/160
f 160/160/160 162/162/162 139/139/139
f 160/160/160 139/139/139 138/138/138
f 151/151/151 161/161/161 163/163/163
f 151/151/151 163/163/163 164/164/164
f 164/164/164 163/163/163 165/165/165
f 164/164/164 165/165/165 166/166/166
f 161/161/161 137/137/137 148/148/148
f 161/161/161 148/148/148 163/163/163
f 163/163/163 148/148/148 150/150/150
f 163/163/163 150/150/150 165/165/165
f 151/151/151 164/164/164 167/167/167
f 151/151/151 167/167/167 152/152/152
f 152/152/152 167/167/167 168/168/168
f 152/152/152 168/168/168 157/157/157
f 164/164/164 166/166/166 169/169/169
f 164/164/164 169/169/169 167/167/167
f 167/167/167 169/169/169 170/170/170
f 167/167/167 170/170/170 168/168/168
f 171/171/171 172/172/172 173/173/173
f 171/171/171 173/173/173 174/174/174
f 174/174/174 173/173/173 175/175/175
f 174/174/174 175/175/175 176/176/176
f 172/172/172 177/177/177 178/178/178
f 172/172/172 178/178/178 173/173/173
f 173/173/173 178/178/178 179/179/179
f 173/173/173 179/179/179 175/175/175
f 171/171/171 174/174/174 180/180/180
f 171/171/171 180/180/180 181/181/181
f 181/181/181 180/180/180 158/158/158
f 181/181/181 158/158/158 157/157/157
f 174/174/174 176/176/176 182/182/182
f 174/174/174 182/182/182 180/180/180
f 180/180/180 182/182/182 159/159/159
f 180/180/180 159/159/159 158/158/158
f 171/171/171 181/181/181 183/183/183
f 171/171/171 183/183/183 184/184/184
f 184/184/184 183/183/183 185/185/185
f 184/184/184 185/185/185 186/186/186
f 181/181/181 157/157/157 168/168/168
f 181/181/181 168/168/168 183/183/183
f 183/183/183 168/168/168 170/170/170
f 183/183/183 170/170/170 185/185/185
f 171/171/171 184/184/184 187/187/187
f 171/171/171 187/187/187 172/172/172
f 172/172/172 187/187/187 188/188/188
f 172/172/172 188/188/188 177/177/177
f 184/184/184 186/186/186 189/189/189
f 184/184/184 189/189/189 187/187/187
f 187/187/187 189/189/189 190/190/190
f 187/187/187 190/190/190 188/188/188
f 191/191/191 192/192/192 193/193/193
f 191/191/191 193/193/193 194/194/194
f 194/194/194 193/193/193 195/195/195
f 194/194/194 195/195/195 196/196/196
f 192/192/192 197/197/197 198/198/198
f 192/192/192 198/198/198 193/193/193
f 193/193/193 198/198/198 199/199/199
f 193/193/193 199/199/199 195/195/195
f 191/191/191 194/194/194 200/200/200
f 191/191/191 200/200/200 201/201/201
f 201/201/201 200/200/200 178/178/178
f 201/201/201 178/178/178 177/177/177
f 194/194/194 196/196/196 202/202/202
f 194/194/194 202/202/202 200/200/200
f 200/200/200 202/202/202 179/179/179
f 200/200/200 179/179/179 178/178/178
f 191/191/191 201/201/201 203/203/203
f 191/191/191 203/203/203 204/204/204
f 204/204/204 203/203/203 205/205/205
f 204/204/204 205/205/205 206/206/206
f 201/201/201 177/177/177 188/188/188
f 201/201/201 188/188/188 203/203/203
f 203/203/203 188/188/188 190/190/190
f 203/203/203 190/190/190 205/205/205
f 191/191/191 204/204/204 207/207/207
f 191/191/191 207/207/207 192/192/192
f 192/192/192 207/207/207 208/208/208
f 192/192/192 208/208/208 197/197/197
f 204/204/204 206/206/206 209/209/209
f 204/204/204 209/209/209 207/207/207
f 207/207/207 209/209/209 210/210/210
f 207/207/207 210/210/210 208/208/208
f 211/211/211 212/212/212 213/213/213
f 211/211/211 213/213/213 214/214/214
f 214/214/214 213/213/213 215/215/215
f 214/214/214 215/215/215 216/216/216
f 212/212/212 217/217/217 218/218/218
f 212/212/212 218/218/218 213/213/213
f 213/213/213 218/218/218 219/219/219
f 213/213/213 219/219/219 215/215/215
f 211/211/211 214/214/214 220/220/220
f 211/211/211 220/220/220 221/221/221
f 221/221/221 220/220/220 198/198/198
f 221/221/221 198/198/198 197/197/197
f 214/214/214 216/216/216 222/222/222
f 214/214/214 222/222/222 220/220/220
f 220/220/220 222/222/222 199/199/199
f 220/220/220 199/199/199 198/198/198
f 211/211/211 221/221/221 223/223/223
f 211/211/211 223/223/223 224/224/224
f 224/224/224 223/223/223 225/225/225
f 224/224/224 225/225/225 226/226/226
f 221/221/221 197/197/197 208/208/208
f 221/221/221 208/208/208 223/223/223
f 223/223/223 208/208/208 210/210/210
f 223/223/223 210/210/210 225/225/225
f 211/211/211 224/224/224 227/227/227
f 211/211/211 227/227/227 212/212/212
f 212/212/212 227/227/227 228/228/228
f 212/212/212 228/228/228 217/217/217
f 224/224/224 226/226/226 229/229/229
f 224/224/224 229/229/229 227/227/227
f 227/227/227 229/229/229 230/230/230
f 227/227/227 230/230/230 228/228/228
f 231/231/231 232/232/232 233/233/233
f 231/231/231 233/233/233 234/234/234
f 234/234/234 233/233/233 235/235/235
f 234/234/234 235/235/235 236/236/236
f 232/232/232 13/13/13 12/12/12
f 232/232/232 12/12/12 233/233/233
f 233/233/233 12/12/12 15/15/15
f 233/233/233 15/15/15 235/235/235
f 231/231/231 234/234/234 237/237/237
f 231/231/231 237/237/237 238/238/238
f 238/238/238 237/237/237 218/218/218
f 238/238/238 218/218/218 217/217/217
f 234/234/234 236/236/236 239/239/239
f 234/234/234 239/239/239 237/237/237
f 237/237/237 239/239/239 219/219/219
f 237/237/237 219/219/219 218/218/218
f 231/231/231 238/238/238 240/240/240
f 231/231/231 240/240/240 241/241/241
f 241/241/241 240/240/240 242/242/242
f 241/241/241 242/242/242 243/243/243
f 238/238/238 217/217/217 228/228/228
f 238/238/238 228/228/228 240/240/240
f 240/240/240 228/228/228 230/230/230
f 240/240/240 230/230/230 242/242/242
f 231/231/231 241/241/241 244/244/244
f 231/231/231 244/244/244 232/232/232
f 232/232/232 244/244/244 20/20/20
f 232/232/232 20/20/20 13/13/13
f 241/241/241 243/243/243 245/245/245
f 241/241/241 245/245/245 244/244/244
f 244/244/244 245/245/245 21/21/21
f 244/244/244 21/21/21 20/20/20
f 246/246/246 247/247/247 248/248/248
f 246/246/246 248/248/248 249/249/249
f 249/249/249 248/248/248 245/245/245
f 249/249/249 245/245/245 243/243/243
f 247/247/247 250/250/250 251/251/251
f 247/247/247 251/251/251 248/248/248
f 248/248/248 251/251/251 21/21/21
f 248/248/248 21/21/21 245/245/245
f 246/246/246 249/249/249 252/252/252
f 246/246/246 252/252/252 253/253/253
f 253/253/253 252/252/252 254/254/254
f 253/253/253 254/254/254 255/255/255
f 249/249/249 243/243/243 242/242/242
f 249/249/249 242/242/242 252/252/252
f 252/252/252 242/242/242 230/230/230
f 252/252/252 230/230/230 254/254/254
f 246/246/246 253/253/253 256/256/256
f 246/246/246 256/256/256 257/257/257
f 257/257/257 256/256/256 258/258/258
f 257/257/257 258/258/258 259/259/259
f 253/253/253 255/255/255 260/260/260
f 253/253/253 260/260/260 256/256/256
f 256/256/256 260/260/260 261/261/261
f 256/256/256 261/261/261 258/258/258
f 246/246/246 257/257/257 262/262/262
f 246/246/246 262/262/262 247/247/247
f 247/247/247 262/262/262 263/263/263
f 247/247/247 263/263/263 250/250/250
f 257/257/257 259/259/259 264/264/264
f 257/257/257 264/264/264 262/262/262
f 262/262/262 264/264/264 265/265/265
f 262/262/262 265/265/265 263/263/263
f 266/266/266 267/267/267 268/268/268
f 266/266/266 268/268/268 269/269/269
f 269/269/269 268/268/268 229/229/229
f 269/269/269 229/229/229 226/226/226
f 267/267/267 255/255/255 254/254/254
f 267/267/267 254/254/254 268/268/268
f 268/268/268 254/254/254 230/230/230
f 268/268/268 230/230/230 229/229/229
f 266/266/266 269/269/269 270/270/270
f 266/266/266 270/270/270 271/271/271
f 271/271/271 270/270/270 272/272/272
f 271/271/271 272/272/272 273/273/273
f 269/269/269 226/226/226 225/225/225
f 269/269/269 225/225/225 270/270/270
f 270/270/270 225/225/225 210/210/210
f 270/270/270 210/210/210 272/272/272
f 266/266/266 271/271/271 274/274/274
f 266/266/266 274/274/274 275/275/275
f 275/275/275 274/274/274 276/276/276
f 275/275/275 276/276/276 277/277/277
f 271/271/271 273/273/273 278/278/278
f 271/271/271 278/278/278 274/274/274
f 274/274/274 278/278/278 279/279/279
f 274/274/274 279/279/279 276/276/276
f 266/266/266 275/275/275 280/280/280
f 266/266/266 280/280/280 267/267/267
f 267/267/267 280/280/280 260/260/260
f 267/267/267 260/260/260 255/255/255
f 275/275/275 277/277/277 281/281/281
f 275/275/275 281/281/281 280/280/280
f 280/280/280 281/281/281 261/261/261
f 280/280/280 261/261/261 260/260/260
f 282/282/282 283/283/283 284/284/284
f 282/282/282 284/284/284 285/285/285
f 285/285/285 284/284/284 209/209/209
f 285/285/285 209/209/209 206/206/206
f 283/283/283 273/273/273 272/272/272
f 283/283/283 272/272/272 284/284/284
f 284/284/284 272/272/272 210/210/210
f 284/284/284 210/210/210 209/209/209
f 282/282/282 285/285/285 286/286/286
f 282/282/282 286/286/286 287/287/287
f 287/287/287 286/286/286 288/288/288
f 287/287/287 288/288/288 289/289/289
f 285/285/285 206/206/206 205/205/205
f 285/285/285 205/205/205 286/286/286
f 286/286/286 205/205/205 190/190/190
f 286/286/286 190/190/190 288/288/288
f 282/282/282 287/287/287 290/290/290
f 282/282/282 290/290/290 291/291/291
f 291/291/291 290/290/290 292/292/292
f 291/291/291 292/292/292 293/293/293
f 287/287/287 289/289/289 294/294/294
f 287/287/287 294/294/294 290/290/290
f 290/290/290 294/294/294 295/295/295
f 290/290/290 295/295/295 292/292/292
f 282/282/282 291/291/291 296/296/296
f 282/282/282 296/296/296 283/283/283
f 283/283/283 296/296/296 278/278/278
f 283/283/283 278/278/278 273/273/273
f 291/291/291 293/293/293 297/297/297
f 291/291/291 297/297/297 296/296/296
f 296/296/296 297/297/297 279/279/279
f 296/296/296 279/279/279 278/278/278
f 298/298/298 299/299/299 300/300/300
f 298/298/298 300/300/300 301/301/301
f 301/301/301 300/300/300 189/189/189
f 301/301/301 189/189/189 186/186/186
f 299/299/299 289/289/289 288/288/288
f 299/299/299 288/288/288 300/300/300
f 300/300/300 288/288/288 190/190/190
f 300/300/300 190/190/190 189/189/189
f 298/298/298 301/301/301 302/302/302
f 298/298/298 302/302/302 303/303/303
f 303/303/303 302/302/302 304/304/304
f 303/303/303 304/304/304 305/305/305
f 301/301/301 186/186/186 185/185/185
f 301/301/301 185/185/185 302/302/302
f 302/302/302 185/185/185 170/170/170
f 302/302/302 170/170/170 304/304/304
f 298/298/298 303/303/303 306/306/306
f 298/298/298 306/306/306 307/307/307
f 307/307/307 306/306/306 308/308/308
f 307/307/307 308/308/308 309/309/309
f 303/303/303 305/305/305 310/310/310
f 303/303/303 310/310/310 306/306/306
f 306/306/306 310/310/310 311/311/311
f 306/306/306 311/311/311 308/308/308
f 298/298/298 307/307/307 312/312/312
f 298/298/298 312/312/312 299/299/299
f 299/299/299 312/312/312 294/294/294
f 299/299/299 294/294/294 289/289/289
f 307/307/307 309/309/309 313/313/313
f 307/307/307 313/313/313 312/312/312
f 312/312/312 313/313/313 295/295/295
f 312/312/312 295/295/295 294/294/294
f 314/314/314 315/315/315 316/316/316
f 314/314/314 316/316/316 317/317/317
f 317/317/317 316/316/316 169/169/169
f 317/317/317 169/169/169 166/166/166
f 315/315/315 305/305/305 304/304/304
f 315/315/315 304/304/304 316/316/316
f 316/316/316 304/304/304 170/170/170
f 316/316/316 170/170/170 169/169/169
f 314/314/314 317/317/317 318/318/318
f 314/314/314 318/318/318 319/319/319
f 319/319/319 318/318/318 320/320/320
f 319/319/319 320/320/320 321/321/321
f 317/317/317 166/166/166 165/165/165
f 317/317/317 165/165/165 318/318/318
f 318/318/318 165/165/165 150/150/150
f 318/318/318 150/150/150 320/320/320
f 314/314/314 319/319/319 322/322/322
f 314/314/314 322/322/322 323/323/323
f 323/323/323 322/322/322 324/324/324
f 323/323/323 324/324/324 325/325/325
f 319/319/319 321/321/321 326/326/326
f 319/319/319 326/326/326 322/322/322
f 322/322/322 326/326/326 327/327/327
f 322/322/322 327/327/327 324/324/324
f 314/314/314 323/323/323 328/328/328
f 314/314/314 328/328/328 315/315/315
f 315/315/315 328/328/328 310/310/310
f 315/315/315 310/310/310 305/305/305
f 323/323/323 325/325/325 329/329/329
f 323/323/323 329/329/329 328/328/328
f 328/328/328 329/329/329 311/311/311
f 328/328/328 311/311/311 310/310/310
f 330/330/330 331/331/331 332/332/332
f 330/330/330 332/332/332 333/333/333
f 333/333/333 332/332/332 149/149/149
f 333/333/333 149/149/149 146/146/146
f 331/331/331 321/321/321 320/320/320
f 331/331/331 320/320/320 332/332/332
f 332/332/332 320/320/320 150/150/150
f 332/332/332 150/150/150 149/149/149
f 330/330/330 333/333/333 334/334/334
f 330/330/330 334/334/334 335/335/335
f 335/335/335 334/334/334 336/336/336
f 335/335/335 336/336/336 337/337/337
f 333/333/333 146/146/146 145/145/145
f 333/333/333 145/145/145 334/334/334
f 334/334/334 145/145/145 130/130/130
f 334/334/334 130/130/130 336/336/336
f 330/330/330 335/335/335 338/338/338
f 330/330/330 338/338/338 339/339/339
f 339/339/339 338/338/338 340/340/340
f 339/339/339 340/340/340 341/341/341
f 335/335/335 337/337/337 342/342/342
f 335/335/335 342/342/342 338/338/338
f 338/338/338 342/342/342 343/343/343
f 338/338/338 343/343/343 340/340/340
f 330/330/330 339/339/339 344/344/344
f 330/330/330 344/344/344 331/331/331
f 331/331/331 344/344/344 326/326/326
f 331/331/331 326/326/326 321/321/321
f 339/339/339 341/341/341 345/345/345
f 339/339/339 345/345/345 344/344/344
f 344/344/344 345/345/345 327/327/327
f 344/344/344 327/327/327 326/326/326
f 346/346/346 347/347/347 348/348/348
f 346/346/346 348/348/348 349/349/349
f 349/349/349 348/348/348 129/129/129
f 349/349/349 129/129/129 126/126/126
f 347/347/347 337/337/337 336/336/336
f 347/347/347 336/336/336 348/348/348
f 348/348/348 336/336/336 130/130/130
f 348/348/348 130/130/130 129/129/129
f 346/346/346 349/349/349 350/350/350
f 346/346/346 350/350/350 351/351/351
f 351/351/351 350/350/350 352/352/352
f 351/351/351 352/352/352 353/353/353
f 349/349/349 126/126/126 125/125/125
f 349/349/349 125/125/125 350/350/350
f 350/350/350 125/125/125 110/110/110
f 350/350/350 110/110/110 352/352/352
f 346/346/346 351/351/351 354/354/354
f 346/346/346 354/354/354 355/355/355
f 355/355/355 354/354/354 356/356/356
f 355/355/355 356/356/356 357/357/357
f 351/351/351 353/353/353 358/358/358
f 351/351/351 358/358/358 354/354/354
f 354/354/354 358/358/358 359/359/359
f 354/354/354 359/359/359 356/356/356
f 346/346/346 355/355/355 360/360/360
f 346/346/346 360/360/360 347/347/347
f 347/347/347 360/360/360 342/342/342
f 347/347/347 342/342/342 337/337/337
f 355/355/355 357/357/357 361/361/361
f 355/355/355 361/361/361 360/360/360
f 360/360/360 361/361/361 343/343/343
f 360/360/360 343/343/343 342/342/342
f 362/362/362 363/363/363 364/364/364
f 362/362/362 364/364/364 365/365/365
f 365/365/365 364/364/364 109/109/109
f 365/365/365 109/109/109 106/106/106
f 363/363/363 353/353/353 352/352/352
f 363/363/363 352/352/352 364/364/364
f 364/364/364 352/352/352 110/110/110
f 364/364/364 110/110/110 109/109/109
f 362/362/362 365/365/365 366/366/366
f 362/362/362 366/366/366 367/367/367
f 367/367/367 366/366/366 368/368/368
f 367/367/367 368/368/368 369/369/369
f 365/365/365 106/106/106 105/105/105
f 365/365/365 105/105/105 366/366/366
f 366/366/366 105/105/105 90/90/90
f 366/366/366 90/90/90 368/368/368
f 362/362/362 367/367/367 370/370/370
f 362/362/362 370/370/370 371/371/371
f 371/371/371 370/370/370 372/372/372
f 371/371/371 372/372/372 373/373/373
f 367/367/367 369/369/369 374/374/374
f 367/367/367 374/374/374 370/370/370
f 370/370/370 374/374/374 375/375/375
f 370/370/370 375/375/375 372/372/372
f 362/362/362 371/371/371 376/376/376
f 362/362/362 376/376/376 363/363/363
f 363/363/363 376/376/376 358/358/358
f 363/363/363 358/358/358 353/353/353
f 371/371/371 373/373/373 377/377/377
f 371/371/371 377/377/377 376/376/376
f 376/376/376 377/377/377 359/359/359
f 376/376/376 359/359/359 358/358/358
f 378/378/378 379/379/379 380/380/380
f 378/378/378 380/380/380 381/381/381
f 381/381/381 380/380/380 89/89/89
f 381/381/381 89/89/89 84/84/84
f 379/379/379 369/369/369 368/368/368
f 379/379/379 368/368/368 380/380/380
f 380/380/380 368/368/368 90/90/90
f 380/380/380 90/90/90 89/89/89
f 378/378/378 381/381/381 382/382/382
f 378/378/378 382/382/382 383/383/383
f 383/383/383 382/382/382 384/384/384
f 383/383/383 384/384/384 385/385/385
f 381/381/381 84/84/84 83/83/83
f 381/381/381 83/83/83 382/382/382
f 382/382/382 83/83/83 86/86/86
f 382/382/382 86/86/86 384/384/384
f 378/378/378 383/383/383 386/386/386
f 378/378/378 386/386/386 387/387/387
f 387/387/387 386/386/386 388/388/388
f 387/387/387 388/388/388 389/389/389
f 383/383/383 385/385/385 390/390/390
f 383/383/383 390/390/390 386/386/386
f 386/386/386 390/390/390 391/391/391
f 386/386/386 391/391/391 388/388/388
f 378/378/378 387/387/387 392/392/392
f 378/378/378 392/392/392 379/379/379
f 379/379/379 392/392/392 374/374/374
f 379/379/379 374/374/374 369/369/369
f 387/387/387 389/389/389 393/393/393
f 387/387/387 393/393/393 392/392/392
f 392/392/392 393/393/393 375/375/375
f 392/392/392 375/375/375 374/374/374
f 394/394/394 395/395/395 396/396/396
f 394/394/394 396/396/396 397/397/397
f 397/397/397 396/396/396 64/64/64
f 397/397/397 64/64/64 61/61/61
f 395/395/395 398/398/398 399/399/399
f 395/395/395 399/399/399 396/396/396
f 396/396/396 399/399/399 65/65/65
f 396/396/396 65/65/65 64/64/64
f 394/394/394 397/397/397 400/400/400
f 394/394/394 400/400/400 401/401/401
f 401/401/401 400/400/400 402/402/402
f 401/401/401 402/402/402 403/403/403
f 397/397/397 61/61/61 60/60/60
f 397/397/397 60/60/60 400/400/400
f 400/400/400 60/60/60 45/45/45
f 400/400/400 45/45/45 402/402/402
f 394/394/394 401/401/401 404/404/404
f 394/394/394 404/404/404 405/405/405
f 405/405/405 404/404/404 406/406/406
f 405/405/405 406/406/406 407/407/407
f 401/401/401 403/403/403 408/408/408
f 401/401/401 408/408/408 404/404/404
f 404/404/404 408/408/408 409/409/409
f 404/404/404 409/409/409 406/406/406
f 394/394/394 405/405/405 410/410/410
f 394/394/394 410/410/410 395/395/395
f 395/395/395 410/410/410 411/411/411
f 395/395/395 411/411/411 398/398/398
f 405/405/405 407/407/407 412/412/412
f 405/405/405 412/412/412 410/410/410
f 410/410/410 412/412/412 413/413/413
f 410/410/410 413/413/413 411/411/411
f 414/414/414 415/415/415 416/416/416
f 414/414/414 416/416/416 417/417/417
f 417/417/417 416/416/416 44/44/44
f 417/417/417 44/44/44 41/41/41
f 415/415/415 403/403/403 402/402/402
f 415/415/415 402/402/402 416/416/416
f 416/416/416 402/402/402 45/45/45
f 416/416/416 45/45/45 44/44/44
f 414/414/414 417/417/417 418/418/418
f 414/414/414 418/418/418 419/419/419
f 419/419/419 418/418/418 420/420/420
f 419/419/419 420/420/420 421/421/421
f 417/417/417 41/41/41 40/40/40
f 417/417/417 40/40/40 418/418/418
f 418/418/418 40/40/40 25/25/25
f 418/418/418 25/25/25 420/420/420
f 414/414/414 419/419/419 422/422/422
f 414/414/414 422/422/422 423/423/423
f 423/423/423 422/422/422 424/424/424
f 423/423/423 424/424/424 425/425/425
f 419/419/419 421/421/421 426/426/426
f 419/419/419 426/426/426 422/422/422
f 422/422/422 426/426/426 427/427/427
f 422/422/422 427/427/427 424/424/424
f 414/414/414 423/423/423 428/428/428
f 414/414/414 428/428/428 415/415/415
f 415/415/415 428/428/428 408/408/408
f 415/415/415 408/408/408 403/403/403
f 423/423/423 425/425/425 429/429/429
f 423/423/423 429/429/429 428/428/428
f 428/428/428 429/429/429 409/409/409
f 428/428/428 409/409/409 408/408/408
f 430/430/430 431/431/431 432/432/432
f 430/430/430 432/432/432 433/433/433
f 433/433/433 432/432/432 24/24/24
f 433/433/433 24/24/24 19/19/19
f 431/431/431 421/421/421 420/420/420
f 431/431/431 420/420/420 432/432/432
f 432/432/432 420/420/420 25/25/25
f 432/432/432 25/25/25 24/24/24
f 430/430/430 433/433/433 434/434/434
f 430/430/430 434/434/434 435/435/435
f 435/435/435 434/434/434 251/251/251
f 435/435/435 251/251/251 250/250/250
f 433/433/433 19/19/19 18/18/18
f 433/433/433 18/18/18 434/434/434
f 434/434/434 18/18/18 21/21/21
f 434/434/434 21/21/21 251/251/251
f 430/430/430 435/435/435 436/436/436
f 430/430/430 436/436/436 437/437/437
f 437/437/437 436/436/436 438/438/438
f 437/437/437 438/438/438 439/439/439
f 435/435/435 250/250/250 263/263/263
f 435/435/435 263/263/263 436/436/436
f 436/436/436 263/263/263 265/265/265
f 436/436/436 265/265/265 438/438/438
f 430/430/430 437/437/437 440/440/440
f 430/430/430 440/440/440 431/431/431
f 431/431/431 440/440/440 426/426/426
f 431/431/431 426/426/426 421/421/421
f 437/437/437 439/439/439 441/441/441
f 437/437/437 441/441/441 440/440/440
f 440/440/440 441/441/441 427/427/427
f 440/440/440 427/427/427 426/426/426
f 442/442/442 443/443/443 444/444/444
f 442/442/442 444/444/444 445/445/445
f 445/445/445 444/444/444 446/446/446
f 445/445/445 446/446/446 447/447/447
f 443/443/443 448/448/448 449/449/449
f 443/443/443 449/449/449 444/444/444
f 444/444/444 449/449/449 450/450/450
f 444/444/444 450/450/450 446/446/446
f 442/442/442 445/445/445 451/451/451
f 442/442/442 451/451/451 452/452/452
f 452/452/452 451/451/451 453/453/453
f 452/452/452 453/453/453 454/454/454
f 445/445/445 447/447/447 455/455/455
f 445/445/445 455/455/455 451/451/451
f 451/451/451 455/455/455 456/456/456
f 451/451/451 456/456/456 453/453/453
f 442/442/442 452/452/452 457/457/457
f 442/442/442 457/457/457 458/458/458
f 458/458/458 457/457/457 459/459/459
f 458/458/458 459/459/459 460/460/460
f 452/452/452 454/454/454 461/461/461
f 452/452/452 461/461/461 457/457/457
f 457/457/457 461/461/461 462/462/462
f 457/457/457 462/462/462 459/459/459
f 442/442/442 458/458/458 463/463/463
f 442/442/442 463/463/463 443/443/443
f 443/443/443 463/463/463 464/464/464
f 443/443/443 464/464/464 448/448/448
f 458/458/458 460/460/460 465/465/465
f 458/458/458 465/465/465 463/463/463
f 463/463/463 465/465/465 466/466/466
f 463/463/463 466/466/466 464/464/464
f 467/467/467 468/468/468 469/469/469
f 467/467/467 469/469/469 470/470/470
f 470/470/470 469/469/469 465/465/465
f 470/470/470 465/465/465 460/460/460
f 468/468/468 471/471/471 472/472/472
f 468/468/468 472/472/472 469/469/469
f 469/469/469 472/472/472 466/466/466
f 469/469/469 466/466/466 465/465/465
f 467/467/467 470/470/470 473/473/473
f 467/467/467 473/473/473 474/474/474
f 474/474/474 473/473/473 475/475/475
f 474/474/474 475/475/475 476/476/476
f 470/470/470 460/460/460 459/459/459
f 470/470/470 459/459/459 473/473/473
f 473/473/473 459/459/459 462/462/462
f 473/473/473 462/462/462 475/475/475
f 467/467/467 474/474/474 477/477/477
f 467/467/467 477/477/477 478/478/478
f 478/478/478 477/477/477 479/479/479
f 478/478/478 479/479/479 480/480/480
f 474/474/474 476/476/476 481/481/481
f 474/474/474 481/481/481 477/477/477
f 477/477/477 481/481/481 482/482/482
f 477/477/477 482/482/482 479/479/479
f 467/467/467 478/478/478 483/483/483
f 467/467/467 483/483/483 468/468/468
f 468/468/468 483/483/483 484/484/484
f 468/468/468 484/484/484 471/471/471
f 478/478/478 480/480/480 485/485/485
f 478/478/478 485/485/485 483/483/483
f 483/483/483 485/485/485 486/486/486
f 483/483/483 486/486/486 484/484/484
f 487/487/487 488/488/488 489/489/489
f 487/487/487 489/489/489 490/490/490
f 490/490/490 489/489/489 485/485/485
f 490/490/490 485/485/485 480/480/480
f 488/488/488 491/491/491 492/492/492
f 488/488/488 492/492/492 489/489/489
f 489/489/489 492/492/492 486/486/486
f 489/489/489 486/486/486 485/485/485
f 487/487/487 490/490/490 493/493/493
f 487/487/487 493/493/493 494/494/494
f 494/494/494 493/493/493 495/495/495
f 494/494/494 495/495/495 496/496/496
f 490/490/490 480/480/480 479/479/479
f 490/490/490 479/479/479 493/493/493
f 493/493/493 479/479/479 482/482/482
f 493/493/493 482/482/482 495/495/495
f 487/487/487 494/494/494 497/497/497
f 487/487/487 497/497/497 498/498/498
f 498/498/498 497/497/497 499/499/499
f 498/498/498 499/499/499 500/500/500
f 494/494/494 496/496/496 501/501/501
f 494/494/494 501/501/501 497/497/497
f 497/497/497 501/501/501 502/502/502
f 497/497/497 502/502/502 499/499/499
f 487/487/487 498/498/498 503/503/503
f 487/487/487 503/503/503 488/488/488
f 488/488/488 503/503/503 504/504/504
f 488/488/488 504/504/504 491/491/491
f 498/498/498 500/500/500 505/505/505
f 498/498/498 505/505/505 503/503/503
f 503/503/503 505/505/505 506/506/506
f 503/503/503 506/506/506 504/504/504
f 507/507/507 508/508/508 509/509/509
f 507/507/507 509/509/509 510/510/510
f 510/510/510 509/509/509 505/505/505
f 510/510/510 505/505/505 500/500/500
f 508/508/508 511/511/511 512/512/512
f 508/508/508 512/512/512 509/509/509
f 509/509/509 512/512/512 506/506/506
f 509/509/509 506/506/506 505/505/505
f 507/507/507 510/510/510 513/513/513
f 507/507/507 513/513/513 514/514/514
f 514/514/514 513/513/513 515/515/515
f 514/514/514 515/515/515 516/516/516
f 510/510/510 500/500/500 499/499/499
f 510/510/510 499/499/499 513/513/513
f 513/513/513 499/499/499 502/502/502
f 513/513/513 502/502/502 515/515/515
f 507/507/507 514/514/514 517/517/517
f 507/507/507 517/517/517 518/518/518
f 518/518/518 517/517/517 519/519/519
f 518/518/518 519/519/519 520/520/520
f 514/514/514 516/516/516 521/521/521
f 514/514/514 521/521/521 517/517/517
f 517/517/517 521/521/521 522/522/522
f 517/517/517 522/522/522 519/519/519
f 507/507/507 518/518/518 523/523/523
f 507/507/507 523/523/523 508/508/508
f 508/508/508 523/523/523 524/524/524
f 508/508/508 524/524/524 511/511/511
f 518/518/518 520/520/520 525/525/525
f 518/518/518 525/525/525 523/523/523
f 523/523/523 525/525/525 526/526/526
f 523/523/523 526/526/526 524/524/524
f 527/527/527 528/528/528 529/529/529
f 527/527/527 529/529/529 530/530/530
f 530/530/530 529/529/529 525/525/525
f 530/530/530 525/525/525 520/520/520
f 528/528/528 531/531/531 532/532/532
f 528/528/528 532/532/532 529/529/529
f 529/529/529 532/532/532 526/526/526
f 529/529/529 526/526/526 525/525/525
f 527/527/527 530/530/530 533/533/533
f 527/527/527 533/533/533 534/534/534
f 534/534/534 533/533/533 535/535/535
f 534/534/534 535/535/535 536/536/536
f 530/530/530 520/520/520 519/519/519
f 530/530/530 519/519/519 533/533/533
f 533/533/533 519/519/519 522/522/522
f 533/533/533 522/522/522 535/535/535
f 527/527/527 534/534/534 537/537/537
f 527/527/527 537/537/537 538/538/538
f 538/538/538 537/537/537 539/539/539
f 538/538/538 539/539/539 540/540/540
f 534/534/534 536/536/536 541/541/541
f 534/534/534 541/541/541 537/537/537
f 537/537/537 541/541/541 542/542/542
f 537/537/537 542/542/542 539/539/539
f 527/527/527 538/538/538 543/543/543
f 527/527/527 543/543/543 528/528/528
f 528/528/528 543/543/543 544/544/544
f 528/528/528 544/544/544 531/531/531
f 538/538/538 540/540/540 545/545/545
f 538/538/538 545/545/545 543/543/543
f 543/543/543 545/545/545 546/546/546
f 543/543/543 546/546/546 544/544/544
f 547/547/547 548/548/548 549/549/549
f 547/547/547 549/549/549 550/550/550
f 550/550/550 549/549/549 545/545/545
f 550/550/550 545/545/545 540/540/540
f 548/548/548 551/551/551 552/552/552
f 548/548/548 552/552/552 549/549/549
f 549/549/549 552/552/552 546/546/546
f 549/549/549 546/546/546 545/545/545
f 547/547/547 550/550/550 553/553/553
f 547/547/547 553/553/553 554/554/554
f 554/554/554 553/553/553 555/555/555
f 554/554/554 555/555/555 556/556/556
f 550/550/550 540/540/540 539/539/539
f 550/550/550 539/539/539 553/553/553
f 553/553/553 539/539/539 542/542/542
f 553/553/553 542/542/542 555/555/555
f 547/547/547 554/554/554 557/557/557
f 547/547/547 557/557/557 558/558/558
f 558/558/558 557/557/557 559/559/559
f 558/558/558 559/559/559 560/560/560
f 554/554/554 556/556/556 561/561/561
f 554/554/554 561/561/561 557/557/557
f 557/557/557 561/561/561 562/562/562
f 557/557/557 562/562/562 559/559/559
f 547/547/547 558/558/558 563/563/563
f 547/547/547 563/563/563 548/548/548
f 548/548/548 563/563/563 564/564/564
f 548/548/548 564/564/564 551/551/551
f 558/558/558 560/560/560 565/565/565
f 558/558/558 565/565/565 563/563/563
f 563/563/563 565/565/565 566/566/566
f 563/563/563 566/566/566 564/564/564
f 567/567/567 568/568/568 569/569/569
f 567/567/567 569/569/569 570/570/570
f 570/570/570 569/569/569 565/565/565
f 570/570/570 565/565/565 560/560/560
f 568/568/568 571/571/571 572/572/572
f 568/568/568 572/572/572 569/569/569
f 569/569/569 572/572/572 566/566/566
f 569/569/569 566/566/566 565/565/565
f 567/567/567 570/570/570 573/573/573
f 567/567/567 573/573/573 574/574/574
f 574/574/574 573/573/573 575/575/575
f 574/574/574 575/575/575 576/576/576
f 570/570/570 560/560/560 559/559/559
f 570/570/570 559/559/559 573/573/573
f 573/573/573 559/559/559 562/562/562
f 573/573/573 562/562/562 575/575/575
f 567/567/567 574/574/574 577/577/577
f 567/567/567 577/577/577 578/578/578
f 578/578/578 577/577/577 579/579/579
f 578/578/578 579/579/579 580/580/580
f 574/574/574 576/576/576 581/581/581
f 574/574/574 581/581/581 577/577/577
f 577/577/577 581/581/581 582/582/582
f 577/577/577 582/582/582 579/579/579
f 567/567/567 578/578/578 583/583/583
f 567/567/567 583/583/583 568/568/568
f 568/568/568 583/583/583 584/584/584
f 568/568/568 584/584/584 571/571/571
f 578/578/578 580/580/580 585/585/585
f 578/578/578 585/585/585 583/583/583
f 583/583/583 585/585/585 586/586/586
f 583/583/583 586/586/586 584/584/584
f 587/587/587 588/588/588 589/589/589
f 587/587/587 589/589/589 590/590/590
f 590/590/590 589/589/589 585/585/585
f 590/590/590 585/585/585 580/580/580
f 588/588/588 591/591/591 592/592/592
f 588/588/588 592/592/592 589/589/589
f 589/589/589 592/592/592 586/586/586
f 589/589/589 586/586/586 585/585/585
f 587/587/587 590/590/590 593/593/593
f 587/587/587 593/593/593 594/594/594
f 594/594/594 593/593/593 595/595/595
f 594/594/594 595/595/595 596/596/596
f 590/590/590 580/580/580 579/579/579
f 590/590/590 579/579/579 593/593/593
f 593/593/593 579/579/579 582/582/582
f 593/593/593 582/582/582 595/595/595
f 587/587/587 594/594/594 597/597/597
f 587/587/587 597/597/597 598/598/598
f 598/598/598 597/597/597 599/599/599
f 598/598/598 599/599/599 600/600/600
f 594/594/594 596/596/596 601/601/601
f 594/594/594 601/601/601 597/597/597
f 597/597/597 601/601/601 602/602/602
f 597/597/597 602/602/602 599/599/599
f 587/587/587 598/598/598 603/603/603
f 587/587/587 603/603/603 588/588/588
f 588/588/588 603/603/603 604/604/604
f 588/588/588 604/604/604 591/591/591
f 598/598/598 600/600/600 605/605/605
f 598/598/598 605/605/605 603/603/603
f 603/603/603 605/605/605 606/606/606
f 603/603/603 606/606/606 604/604/604
f 607/607/607 608/608/608 609/609/609
f 607/607/607 609/609/609 610/610/610
f 610/610/610 609/609/609 605/605/605
f 610/610/610 605/605/605 600/600/600
f 608/608/608 611/611/611 612/612/612
f 608/608/608 612/612/612 609/609/609
f 609/609/609 612/612/612 606/606/606
f 609/609/609 606/606/606 605/605/605
f 607/607/607 610/610/610 613/613/613
f 607/607/607 613/613/613 614/614/614
f 614/614/614 613/613/613 615/615/615
f 614/614/614 615/615/615 616/616/616
f 610/610/610 600/600/600 599/599/599
f 610/610/610 599/599/599 613/613/613
f 613/613/613 599/599/599 602/602/602
f 613/613/613 602/602/602 615/615/615
f 607/607/607 614/614/614 617/617/617
f 607/607/607 617/617/617 618/618/618
f 618/618/618 617/617/617 619/619/619
f 618/618/618 619/619/619 620/620/620
f 614/614/614 616/616/616 621/621/621
f 614/614/614 621/621/621 617/617/617
f 617/617/617 621/621/621 622/622/622
f 617/617/617 622/622/622 619/619/619
f 607/607/607 618/618/618 623/623/623
f 607/607/607 623/623/623 608/608/608
f 608/608/608 623/623/623 624/624/624
f 608/608/608 624/624/624 611/611/611
f 618/618/618 620/620/620 625/625/625
f 618/618/618 625/625/625 623/623/623
f 623/623/623 625/625/625 626/626/626
f 623/623/623 626/626/626 624/624/624
f 627/627/627 628/628/628 629/629/629
f 627/627/627 629/629/629 630/630/630
f 630/630/630 629/629/629 631/631/631
f 630/630/630 631/631/631 632/632/632
f 628/628/628 633/633/633 634/634/634
f 628/628/628 634/634/634 629/629/629
f 629/629/629 634/634/634 635/635/635
f 629/629/629 635/635/635 631/631/631
f 627/627/627 630/630/630 636/636/636
f 627/627/627 636/636/636 637/637/637
f 637/637/637 636/636/636 638/638/638
f 637/637/637 638/638/638 639/639/639
f 630/630/630 632/632/632 640/640/640
f 630/630/630 640/640/640 636/636/636
f 636/636/636 640/640/640 641/641/641
f 636/636/636 641/641/641 638/638/638
f 627/627/627 637/637/637 642/642/642
f 627/627/627 642/642/642 643/643/643
f 643/643/643 642/642/642 644/644/644
f 643/643/643 644/644/644 645/645/645
f 637/637/637 639/639/639 646/646/646
f 637/637/637 646/646/646 642/642/642
f 642/642/642 646/646/646 647/647/647
f 642/642/642 647/647/647 644/644/644
f 627/627/627 643/643/643 648/648/648
f 627/627/627 648/648/648 628/628/628
f 628/628/628 648/648/648 649/649/649
f 628/628/628 649/649/649 633/633/633
f 643/643/643 645/645/645 650/650/650
f 643/643/643 650/650/650 648/648/648
f 648/648/648 650/650/650 651/651/651
f 648/648/648 651/651/651 649/649/649
f 652/652/652 653/653/653 654/654/654
f 652/652/652 654/654/654 655/655/655
f 655/655/655 654/654/654 650/650/650
f 655/655/655 650/650/650 645/645/645
f 653/653/653 656/656/656 657/657/657
f 653/653/653 657/657/657 654/654/654
f 654/654/654 657/657/657 651/651/651
f 654/654/654 651/651/651 650/650/650
f 652/652/652 655/655/655 658/658/658
f 652/652/652 658/658/658 659/659/659
f 659/659/659 658/658/658 660/660/660
f 659/659/659 660/660/660 661/661/661
f 655/655/655 645/645/645 644/644/644
f 655/655/655 644/644/644 658/658/658
f 658/658/658 644/644/644 647/647/647
f 658/658/658 647/647/647 660/660/660
f 652/652/652 659/659/659 662/662/662
f 652/652/652 662/662/662 663/663/663
f 663/663/663 662/662/662 664/664/664
f 663/663/663 664/664/664 665/665/665
f 659/659/659 661/661/661 666/666/666
f 659/659/659 666/666/666 662/662/662
f 662/662/662 666/666/666 667/667/667
f 662/662/662 667/667/667 664/664/664
f 652/652/652 663/663/663 668/668/668
f 652/652/652 668/668/668 653/653/653
f 653/653/653 668/668/668 669/669/669
f 653/653/653 669/669/669 656/656/656
f 663/663/663 665/665/665 670/670/670
f 663/663/663 670/670/670 668/668/668
f 668/668/668 670/670/670 671/671/671
f 668/668/668 671/671/671 669/669/669
f 672/672/672 673/673/673 674/674/674
f 672/672/672 674/674/674 675/675/675
f 675/675/675 674/674/674 670/670/670
f 675/675/675 670/670/670 665/665/665
f 673/673/673 676/676/676 677/677/677
f 673/673/673 677/677/677 674/674/674
f 674/674/674 677/677/677 671/671/671
f 674/674/674 671/671/671 670/670/670
f 672/672/672 675/675/675 678/678/678
f 672/672/672 678/678/678 679/679/679
f 679/679/679 678/678/678 680/680/680
f 679/679/679 680/680/680 681/681/681
f 675/675/675 665/665/665 664/664/664
f 675/675/675 664/664/664 678/678/678
f 678/678/678 664/664/664 667/667/667
f 678/678/678 667/667/667 680/680/680
f 672/672/672 679/679/679 682/682/682
f 672/672/672 682/682/682 683/683/683
f 683/683/683 682/682/682 455/455/455
f 683/683/683 455/455/455 447/447/447
f 679/679/679 681/681/681 684/684/684
f 679/679/679 684/684/684 682/682/682
f 682/682/682 684/684/684 456/456/456
f 682/682/682 456/456/456 455/455/455
f 672/672/672 683/683/683 685/685/685
f 672/672/672 685/685/685 673/673/673
f 673/673/673 685/685/685 686/686/686
f 673/673/673 686/686/686 676/676/676
f 683/683/683 447/447/447 446/446/446
f 683/683/683 446/446/446 685/685/685
f 685/685/685 446/446/446 450/450/450
f 685/685/685 450/450/450 686/686/686
f 687/687/687 688/688/688 689/689/689
f 687/687/687 689/689/689 690/690/690
f 690/690/690 689/689/689 691/691/691
f 690/690/690 691/691/691 692/692/692
f 688/688/688 693/693/693 694/694/694
f 688/688/688 694/694/694 689/689/689
f 689/689/689 694/694/694 695/695/695
f 689/689/689 695/695/695 691/691/691
f 687/687/687 690/690/690 696/696/696
f 687/687/687 696/696/696 697/697/697
f 697/697/697 696/696/696 677/677/677
f 697/697/697 677/677/677 676/676/676
f 690/690/690 692/692/692 698/698/698
f 690/690/690 698/698/698 696/696/696
f 696/696/696 698/698/698 671/671/671
f 696/696/696 671/671/671 677/677/677
f 687/687/687 697/697/697 699/699/699
f 687/687/687 699/699/699 700/700/700
f 700/700/700 699/699/699 701/701/701
f 700/700/700 701/701/701 702/702/702
f 697/697/697 676/676/676 686/686/686
f 697/697/697 686/686/686 699/699/699
f 699/699/699 686/686/686 450/450/450
f 699/699/699 450/450/450 701/701/701
f 687/687/687 700/700/700 703/703/703
f 687/687/687 703/703/703 688/688/688
f 688/688/688 703/703/703 704/704/704
f 688/688/688 704/704/704 693/693/693
f 700/700/700 702/702/702 705/705/705
f 700/700/700 705/705/705 703/703/703
f 703/703/703 705/705/705 706/706/706
f 703/703/703 706/706/706 704/704/704
f 707/707/707 708/708/708 709/709/709
f 707/707/707 709/709/709 710/710/710
f 710/710/710 709/709/709 711/711/711
f 710/710/710 711/711/711 712/712/712
f 708/708/708 713/713/713 714/714/714
f 708/708/708 714/714/714 709/709/709
f 709/709/709 714/714/714 715/715/715
f 709/709/709 715/715/715 711/711/711
f 707/707/707 710/710/710 716/716/716
f 707/707/707 716/716/716 717/717/717
f 717/717/717 716/716/716 657/657/657
f 717/717/717 657/657/657 656/656/656
f 710/710/710 712/712/712 718/718/718
f 710/710/710 718/718/718 716/716/716
f 716/716/716 718/718/718 651/651/651
f 716/716/716 651/651/651 657/657/657
f 707/707/707 717/717/717 719/719/719
f 707/707/707 719/719/719 720/720/720
f 720/720/720 719/719/719 698/698/698
f 720/720/720 698/698/698 692/692/692
f 717/717/717 656/656/656 669/669/669
f 717/717/717 669/669/669 719/719/719
f 719/719/719 669/669/669 671/671/671
f 719/719/719 671/671/671 698/698/698
f 707/707/707 720/720/720 721/721/721
f 707/707/707 721/721/721 708/708/708
f 708/708/708 721/721/721 722/722/722
f 708/708/708 722/722/722 713/713/713
f 720/720/720 692/692/692 691/691/691
f 720/720/720 691/691/691 721/721/721
f 721/721/721 691/691/691 695/695/695
f 721/721/721 695/695/695 722/722/722
f 723/723/723 724/724/724 725/725/725
f 723/723/723 725/725/725 726/726/726
f 726/726/726 725/725/725 727/727/727
f 726/726/726 727/727/727 728/728/728
f 724/724/724 729/729/729 730/730/730
f 724/724/724 730/730/730 725/725/725
f 725/725/725 730/730/730 731/731/731
f 725/725/725 731/731/731 727/727/727
f 723/723/723 726/726/726 732/732/732
f 723/723/723 732/732/732 733/733/733
f 733/733/733 732/732/732 634/634/634
f 733/733/733 634/634/634 633/633/633
f 726/726/726 728/728/728 734/734/734
f 726/726/726 734/734/734 732/732/732
f 732/732/732 734/734/734 635/635/635
f 732/732/732 635/635/635 634/634/634
f 723/723/723 733/733/733 735/735/735
f 723/723/723 735/735/735 736/736/736
f 736/736/736 735/735/735 718/718/718
f 736/736/736 718/718/718 712/712/712
f 733/733/733 633/633/633 649/649/649
f 733/733/733 649/649/649 735/735/735
f 735/735/735 649/649/649 651/651/651
f 735/735/735 651/651/651 718/718/718
f 723/723/723 736/736/736 737/737/737
f 723/723/723 737/737/737 724/724/724
f 724/724/724 737/737/737 738/738/738
f 724/724/724 738/738/738 729/729/729
f 736/736/736 712/712/712 711/711/711
f 736/736/736 711/711/711 737/737/737
f 737/737/737 711/711/711 715/715/715
f 737/737/737 715/715/715 738/738/738
f 739/739/739 740/740/740 741/741/741
f 739/739/739 741/741/741 742/742/742
f 742/742/742 741/741/741 743/743/743
f 742/742/742 743/743/743 744/744/744
f 740/740/740 745/745/745 746/746/746
f 740/740/740 746/746/746 741/741/741
f 741/741/741 746/746/746 747/747/747
f 741/741/741 747/747/747 743/743/743
f 739/739/739 742/742/742 748/748/748
f 739/739/739 748/748/748 749/749/749
f 749/749/749 748/748/748 612/612/612
f 749/749/749 612/612/612 611/611/611
f 742/742/742 744/744/744 750/750/750
f 742/742/742 750/750/750 748/748/748
f 748/748/748 750/750/750 606/606/606
f 748/748/748 606/606/606 612/612/612
f 739/739/739 749/749/749 751/751/751
f 739/739/739 751/751/751 752/752/752
f 752/752/752 751/751/751 753/753/753
f 752/752/752 753/753/753 754/754/754
f 749/749/749 611/611/611 624/624/624
f 749/749/749 624/624/624 751/751/751
f 751/751/751 624/624/624 626/626/626
f 751/751/751 626/626/626 753/753/753
f 739/739/739 752/752/752 755/755/755
f 739/739/739 755/755/755 740/740/740
f 740/740/740 755/755/755 756/756/756
f 740/740/740 756/756/756 745/745/745
f 752/752/752 754/754/754 757/757/757
f 752/752/752 757/757/757 755/755/755
f 755/755/755 757/757/757 758/758/758
f 755/755/755 758/758/758 756/756/756
f 759/759/759 760/760/760 761/761/761
f 759/759/759 761/761/761 762/762/762
f 762/762/762 761/761/761 763/763/763
f 762/762/762 763/763/763 764/764/764
f 760/760/760 765/765/765 766/766/766
f 760/760/760 766/766/766 761/761/761
f 761/761/761 766/766/766 767/767/767
f 761/761/761 767/767/767 763/763/763
f 759/759/759 762/762/762 768/768/768
f 759/759/759 768/768/768 769/769/769
f 769/769/769 768/768/768 592/592/592
f 769/769/769 592/592/592 591/591/591
f 762/762/762 764/764/764 770/770/770
f 762/762/762 770/770/770 768/768/768
f 768/768/768 770/770/770 586/586/586
f 768/768/768 586/586/586 592/592/592
f 759/759/759 769/769/769 771/771/771
f 759/759/759 771/771/771 772/772/772
f 772/772/772 771/771/771 750/750/750
f 772/772/772 750/750/750 744/744/744
f 769/769/769 591/591/591 604/604/604
f 769/769/769 604/604/604 771/771/771
f 771/771/771 604/604/604 606/606/606
f 771/771/771 606/606/606 750/750/750
f 759/759/759 772/772/772 773/773/773
f 759/759/759 773/773/773 760/760/760
f 760/760/760 773/773/773 774/774/774
f 760/760/760 774/774/774 765/765/765
f 772/772/772 744/744/744 743/743/743
f 772/772/772 743/743/743 773/773/773
f 773/773/773 743/743/743 747/747/747
f 773/773/773 747/747/747 774/774/774
f 775/775/775 776/776/776 777/777/777
f 775/775/775 777/777/777 778/778/778
f 778/778/778 777/777/777 779/779/779
f 778/778/778 779/779/779 780/780/780
f 776/776/776 781/781/781 782/782/782
f 776/776/776 782/782/782 777/777/777
f 777/777/777 782/782/782 783/783/783
f 777/777/777 783/783/783 779/779/779
f 775/775/775 778/778/778 784/784/784
f 775/775/775 784/784/784 785/785/785
f 785/785/785 784/784/784 572/572/572
f 785/785/785 572/572/572 571/571/571
f 778/778/778 780/780/780 786/786/786
f 778/778/778 786/786/786 784/784/784
f 784/784/784 786/786/786 566/566/566
f 784/784/784 566/566/566 572/572/572
f 775/775/775 785/785/785 787/787/787
f 775/775/775 787/787/787 788/788/788
f 788/788/788 787/787/787 770/770/770
f 788/788/788 770/770/770 764/764/764
f 785/785/785 571/571/571 584/584/584
f 785/785/785 584/584/584 787/787/787
f 787/787/787 584/584/584 586/586/586
f 787/787/787 586/586/586 770/770/770
f 775/775/775 788/788/788 789/789/789
f 775/775/775 789/789/789 776/776/776
f 776/776/776 789/789/789 790/790/790
f 776/776/776 790/790/790 781/781/781
f 788/788/788 764/764/764 763/763/763
f 788/788/788 763/763/763 789/789/789
f 789/789/789 763/763/763 767/767/767
f 789/789/789 767/767/767 790/790/790
f 791/791/791 792/792/792 793/793/793
f 791/791/791 793/793/793 794/794/794
f 794/794/794 793/793/793 795/795/795
f 794/794/794 795/795/795 796/796/796
f 792/792/792 797/797/797 798/798/798
f 792/792/792 798/798/798 793/793/793
f 793/793/793 798/798/798 799/799/799
f 793/793/793 799/799/799 795/795/795
f 791/791/791 794/794/794 800/800/800
f 791/791/791 800/800/800 801/801/801
f 801/801/801 800/800/800 552/552/552
f 801/801/801 552/552/552 551/551/551
f 794/794/794 796/796/796 802/802/802
f 794/794/794 802/802/802 800/800/800
f 800/800/800 802/802/802 546/546/546
f 800/800/800 546/546/546 552/552/552
f 791/791/791 801/801/801 803/803/803
f 791/791/791 803/803/803 804/804/804
f 804/804/804 803/803/803 786/786/786
f 804/804/804 786/786/786 780/780/780
f 801/801/801 551/551/551 564/564/564
f 801/801/801 564/564/564 803/803/803
f 803/803/803 564/564/564 566/566/566
f 803/803/803 566/566/566 786/786/786
f 791/791/791 804/804/804 805/805/805
f 791/791/791 805/805/805 792/792/792
f 792/792/792 805/805/805 806/806/806
f 792/792/792 806/806/806 797/797/797
f 804/804/804 780/780/780 779/779/779
f 804/804/804 779/779/779 805/805/805
f 805/805/805 779/779/779 783/783/783
f 805/805/805 783/783/783 806/806/806
f 807/807/807 808/808/808 809/809/809
f 807/807/807 809/809/809 810/810/810
f 810/810/810 809/809/809 811/811/811
f 810/810/810 811/811/811 812/812/812
f 808/808/808 813/813/813 814/814/814
f 808/808/808 814/814/814 809/809/809
f 809/809/809 814/814/814 815/815/815
f 809/809/809 815/815/815 811/811/811
f 807/807/807 810/810/810 816/816/816
f 807/807/807 816/816/816 817/817/817
f 817/817/817 816/816/816 532/532/532
f 817/817/817 532/532/532 531/531/531
f 810/810/810 812/812/812 818/818/818
f 810/810/810 818/818/818 816/816/816
f 816/816/816 818/818/818 526/526/526
f 816/816/816 526/526/526 532/532/532
f 807/807/807 817/817/817 819/819/819
f 807/807/807 819/819/819 820/820/820
f 820/820/820 819/819/819 802/802/802
f 820/820/820 802/802/802 796/796/796
f 817/817/817 531/531/531 544/544/544
f 817/817/817 544/544/544 819/819/819
f 819/819/819 544/544/544 546/546/546
f 819/819/819 546/546/546 802/802/802
f 807/807/807 820/820/820 821/821/821
f 807/807/807 821/821/821 808/808/808
f 808/808/808 821/821/821 822/822/822
f 808/808/808 822/822/822 813/813/813
f 820/820/820 796/796/796 795/795/795
f 820/820/820 795/795/795 821/821/821
f 821/821/821 795/795/795 799/799/799
f 821/821/821 799/799/799 822/822/822
f 823/823/823 824/824/824 825/825/825
f 823/823/823 825/825/825 826/826/826
f 826/826/826 825/825/825 827/827/827
f 826/826/826 827/827/827 828/828/828
f 824/824/824 829/829/829 830/830/830
f 824/824/824 830/830/830 825/825/825
f 825/825/825 830/830/830 831/831/831
f 825/825/825 831/831/831 827/827/827
f 823/823/823 826/826/826 832/832/832
f 823/823/823 832/832/832 833/833/833
f 833/833/833 832/832/832 512/512/512
f 833/833/833 512/512/512 511/511/511
f 826/826/826 828/828/828 834/834/834
f 826/826/826 834/834/834 832/832/832
f 832/832/832 834/834/834 506/506/506
f 832/832/832 506/506/506 512/512/512
f 823/823/823 833/833/833 835/835/835
f 823/823/823 835/835/835 836/836/836
f 836/836/836 835/835/835 818/818/818
f 836/836/836 818/818/818 812/812/812
f 833/833/833 511/511/511 524/524/524
f 833/833/833 524/524/524 835/835/835
f 835/835/835 524/524/524 526/526/526
f 835/835/835 526/526/526 818/818/818
f 823/823/823 836/836/836 837/837/837
f 823/823/823 837/837/837 824/824/824
f 824/824/824 837/837/837 838/838/838
f 824/824/824 838/838/838 829/829/829
f 836/836/836 812/812/812 811/811/811
f 836/836/836 811/811/811 837/837/837
f 837/837/837 811/811/811 815/815/815
f 837/837/837 815/815/815 838/838/838
f 839/839/839 840/840/840 841/841/841
f 839/839/839 841/841/841 842/842/842
f 842/842/842 841/841/841 843/843/843
f 842/842/842 843/843/843 844/844/844
f 840/840/840 845/845/845 846/846/846
f 840/840/840 846/846/846 841/841/841
f 841/841/841 846/846/846 847/847/847
f 841/841/841 847/847/847 843/843/843
f 839/839/839 842/842/842 848/848/848
f 839/839/839 848/848/848 849/849/849
f 849/849/849 848/848/848 492/492/492
f 849/849/849 492/492/492 491/491/491
f 842/842/842 844/844/844 850/850/850
f 842/842/842 850/850/850 848/848/848
f 848/848/848 850/850/850 486/486/486
f 848/848/848 486/486/486 492/492/492
f 839/839/839 849/849/849 851/851/851
f 839/839/839 851/851/851 852/852/852
f 852/852/852 851/851/851 834/834/834
f 852/852/852 834/834/834 828/828/828
f 849/849/849 491/491/491 504/504/504
f 849/849/849 504/504/504 851/851/851
f 851/851/851 504/504/504 506/506/506
f 851/851/851 506/506/506 834/834/834
f 839/839/839 852/852/852 853/853/853
f 839/839/839 853/853/853 840/840/840
f 840/840/840 853/853/853 854/854/854
f 840/840/840 854/854/854 845/845/845
f 852/852/852 828/828/828 827/827/827
f 852/852/852 827/827/827 853/853/853
f 853/853/853 827/827/827 831/831/831
f 853/853/853 831/831/831 854/854/854
f 855/855/855 856/856/856 857/857/857
f 855/855/855 857/857/857 858/858/858
f 858/858/858 857/857/857 859/859/859
f 858/858/858 859/859/859 860/860/860
f 856/856/856 861/861/861 862/862/862
f 856/856/856 862/862/862 857/857/857
f 857/857/857 862/862/862 863/863/863
f 857/857/857 863/863/863 859/859/859
f 855/855/855 858/858/858 864/864/864
f 855/855/855 864/864/864 865/865/865
f 865/865/865 864/864/864 472/472/472
f 865/865/865 472/472/472 471/471/471
f 858/858/858 860/860/860 866/866/866
f 858/858/858 866/866/866 864/864/864
f 864/864/864 866/866/866 466/466/466
f 864/864/864 466/466/466 472/472/472
f 855/855/855 865/865/865 867/867/867
f 855/855/855 867/867/867 868/868/868
f 868/868/868 867/867/867 850/850/850
f 868/868/868 850/850/850 844/844/844
f 865/865/865 471/471/471 484/484/484
f 865/865/865 484/484/484 867/867/867
f 867/867/867 484/484/484 486/486/486
f 867/867/867 486/486/486 850/850/850
f 855/855/855 868/868/868 869/869/869
f 855/855/855 869/869/869 856/856/856
f 856/856/856 869/869/869 870/870/870
f 856/856/856 870/870/870 861/861/861
f 868/868/868 844/844/844 843/843/843
f 868/868/868 843/843/843 869/869/869
f 869/869/869 843/843/843 847/847/847
f 869/869/869 847/847/847 870/870/870
f 871/871/871 872/872/872 873/873/873
f 871/871/871 873/873/873 874/874/874
f 874/874/874 873/873/873 705/705/705
f 874/874/874 705/705/705 702/702/702
f 872/872/872 875/875/875 876/876/876
f 872/872/872 876/876/876 873/873/873
f 873/873/873 876/876/876 706/706/706
f 873/873/873 706/706/706 705/705/705
f 871/871/871 874/874/874 877/877/877
f 871/871/871 877/877/877 878/878/878
f 878/878/878 877/877/877 449/449/449
f 878/878/878 449/449/449 448/448/448
f 874/874/874 702/702/702 701/701/701
f 874/874/874 701/701/701 877/877/877
f 877/877/877 701/701/701 450/450/450
f 877/877/877 450/450/450 449/449/449
f 871/871/871 878/878/878 879/879/879
f 871/871/871 879/879/879 880/880/880
f 880/880/880 879/879/879 866/866/866
f 880/880/880 866/866/866 860/860/860
f 878/878/878 448/448/448 464/464/464
f 878/878/878 464/464/464 879/879/879
f 879/879/879 464/464/464 466/466/466
f 879/879/879 466/466/466 866/866/866
f 871/871/871 880/880/880 881/881/881
f 871/871/871 881/881/881 872/872/872
f 872/872/872 881/881/881 882/882/882
f 872/872/872 882/882/882 875/875/875
f 880/880/880 860/860/860 859/859/859
f 880/880/880 859/859/859 881/881/881
f 881/881/881 859/859/859 863/863/863
f 881/881/881 863/863/863 882/882/882
f 883/883/883 884/884/884 885/885/885
f 883/883/883 885/885/885 886/886/886
f 886/886/886 885/885/885 887/887/887
f 886/886/886 887/887/887 888/888/888
f 884/884/884 889/889/889 890/890/890
f 884/884/884 890/890/890 885/885/885
f 885/885/885 890/890/890 891/891/891
f 885/885/885 891/891/891 887/887/887
f 883/883/883 886/886/886 892/892/892
f 883/883/883 892/892/892 893/893/893
f 893/893/893 892/892/892 876/876/876
f 893/893/893 876/876/876 875/875/875
f 886/886/886 888/888/888 894/894/894
f 886/886/886 894/894/894 892/892/892
f 892/892/892 894/894/894 706/706/706
f 892/892/892 706/706/706 876/876/876
f 883/883/883 893/893/893 895/895/895
f 883/883/883 895/895/895 896/896/896
f 896/896/896 895/895/895 897/897/897
f 896/896/896 897/897/897 898/898/898
f 893/893/893 875/875/875 882/882/882
f 893/893/893 882/882/882 895/895/895
f 895/895/895 882/882/882 863/863/863
f 895/895/895 863/863/863 897/897/897
f 883/883/883 896/896/896 899/899/899
f 883/883/883 899/899/899 884/884/884
f 884/884/884 899/899/899 900/900/900
f 884/884/884 900/900/900 889/889/889
f 896/896/896 898/898/898 901/901/901
f 896/896/896 901/901/901 899/899/899
f 899/899/899 901/901/901 902/902/902
f 899/899/899 902/902/902 900/900/900
f 903/903/903 904/904/904 905/905/905
f 903/903/903 905/905/905 906/906/906
f 906/906/906 905/905/905 901/901/901
f 906/906/906 901/901/901 898/898/898
f 904/904/904 907/907/907 908/908/908
f 904/904/904 908/908/908 905/905/905
f 905/905/905 908/908/908 902/902/902
f 905/905/905 902/902/902 901/901/901
f 903/903/903 906/906/906 909/909/909
f 903/903/903 909/909/909 910/910/910
f 910/910/910 909/909/909 862/862/862
f 910/910/910 862/862/862 861/861/861
f 906/906/906 898/898/898 897/897/897
f 906/906/906 897/897/897 909/909/909
f 909/909/909 897/897/897 863/863/863
f 909/909/909 863/863/863 862/862/862
f 903/903/903 910/910/910 911/911/911
f 903/903/903 911/911/911 912/912/912
f 912/912/912 911/911/911 913/913/913
f 912/912/912 913/913/913 914/914/914
f 910/910/910 861/861/861 870/870/870
f 910/910/910 870/870/870 911/911/911
f 911/911/911 870/870/870 847/847/847
f 911/911/911 847/847/847 913/913/913
f 903/903/903 912/912/912 915/915/915
f 903/903/903 915/915/915 904/904/904
f 904/904/904 915/915/915 916/916/916
f 904/904/904 916/916/916 907/907/907
f 912/912/912 914/914/914 917/917/917
f 912/912/912 917/917/917 915/915/915
f 915/915/915 917/917/917 918/918/918
f 915/915/915 918/918/918 916/916/916
f 919/919/919 920/920/920 921/921/921
f 919/919/919 921/921/921 922/922/922
f 922/922/922 921/921/921 917/917/917
f 922/922/922 917/917/917 914/914/914
f 920/920/920 923/923/923 924/924/924
f 920/920/920 924/924/924 921/921/921
f 921/921/921 924/924/924 918/918/918
f 921/921/921 918/918/918 917/917/917
f 919/919/919 922/922/922 925/925/925
f 919/919/919 925/925/925 926/926/926
f 926/926/926 925/925/925 846/846/846
f 926/926/926 846/846/846 845/845/845
f 922/922/922 914/914/914 913/913/913
f 922/922/922 913/913/913 925/925/925
f 925/925/925 913/913/913 847/847/847
f 925/925/925 847/847/847 846/846/846
f 919/919/919 926/926/926 927/927/927
f 919/919/919 927/927/927 928/928/928
f 928/928/928 927/927/927 929/929/929
f 928/928/928 929/929/929 930/930/930
f 926/926/926 845/845/845 854/854/854
f 926/926/926 854/854/854 927/927/927
f 927/927/927 854/854/854 831/831/831
f 927/927/927 831/831/831 929/929/929
f 919/919/919 928/928/928 931/931/931
f 919/919/919 931/931/931 920/920/920
f 920/920/920 931/931/931 932/932/932
f 920/920/920 932/932/932 923/923/923
f 928/928/928 930/930/930 933/933/933
f 928/928/928 933/933/933 931/931/931
f 931/931/931 933/933/933 934/934/934
f 931/931/931 934/934/934 932/932/932
f 935/935/935 936/936/936 937/937/937
f 935/935/935 937/937/937 938/938/938
f 938/938/938 937/937/937 933/933/933
f 938/938/938 933/933/933 930/930/930
f 936/936/936 939/939/939 940/940/940
f 936/936/936 940/940/940 937/937/937
f 937/937/937 940/940/940 934/934/934
f 937/937/937 934/934/934 933/933/933
f 935/935/935 938/938/938 941/941/941
f 935/935/935 941/941/941 942/942/942
f 942/942/942 941/941/941 830/830/830
f 942/942/942 830/830/830 829/829/829
f 938/938/938 930/930/930 929/929/929
f 938/938/938 929/929/929 941/941/941
f 941/941/941 929/929/929 831/831/831
f 941/941/941 831/831/831 830/830/830
f 935/935/935 942/942/942 943/943/943
f 935/935/935 943/943/943 944/944/944
f 944/944/944 943/943/943 945/945/945
f 944/944/944 945/945/945 946/946/946
f 942/942/942 829/829/829 838/838/838
f 942/942/942 838/838/838 943/943/943
f 943/943/943 838/838/838 815/815/815
f 943/943/943 815/815/815 945/945/945
f 935/935/935 944/944/944 947/947/947
f 935/935/935 947/947/947 936/936/936
f 936/936/936 947/947/947 948/948/948
f 936/936/936 948/948/948 939/939/939
f 944/944/944 946/946/946 949/949/949
f 944/944/944 949/949/949 947/947/947
f 947/947/947 949/949/949 950/950/950
f 947/947/947 950/950/950 948/948/948
f 951/951/951 952/952/952 953/953/953
f 951/951/951 953/953/953 954/954/954
f 954/954/954 953/953/953 949/949/949
f 954/954/954 949/949/949 946/946/946
f 952/952/952 955/955/955 956/956/956
f 952/952/952 956/956/956 953/953/953
f 953/953/953 956/956/956 950/950/950
f 953/953/953 950/950/950 949/949/949
f 951/951/951 954/954/954 957/957/957
f 951/951/951 957/957/957 958/958/958
f 958/958/958 957/957/957 814/814/814
f 958/958/958 814/814/814 813/813/813
f 954/954/954 946/946/946 945/945/945
f 954/954/954 945/945/945 957/957/957
f 957/957/957 945/945/945 815/815/815
f 957/957/957 815/815/815 814/814/814
f 951/951/951 958/958/958 959/959/959
f 951/951/951 959/959/959 960/960/960
f 960/960/960 959/959/959 961/961/961
f 960/960/960 961/961/961 962/962/962
f 958/958/958 813/813/813 822/822/822
f 958/958/958 822/822/822 959/959/959
f 959/959/959 822/822/822 799/799/799
f 959/959/959 799/799/799 961/961/961
f 951/951/951 960/960/960 963/963/963
f 951/951/951 963/963/963 952/952/952
f 952/952/952 963/963/963 964/964/964
f 952/952/952 964/964/964 955/955/955
f 960/960/960 962/962/962 965/965/965
f 960/960/960 965/965/965 963/963/963
f 963/963/963 965/965/965 966/966/966
f 963/963/963 966/966/966 964/964/964
f 967/967/967 968/968/968 969/969/969
f 967/967/967 969/969/969 970/970/970
f 970/970/970 969/969/969 965/965/965
f 970/970/970 965/965/965 962/962/962
f 968/968/968 971/971/971 972/972/972
f 968/968/968 972/972/972 969/969/969
f 969/969/969 972/972/972 966/966/966
f 969/969/969 966/966/966 965/965/965
f 967/967/967 970/970/970 973/973/973
f 967/967/967 973/973/973 974/974/974
f 974/974/974 973/973/973 798/798/798
f 974/974/974 798/798/798 797/797/797
f 970/970/970 962/962/962 961/961/961
f 970/970/970 961/961/961 973/973/973
f 973/973/973 961/961/961 799/799/799
f 973/973/973 799/799/799 798/798/798
f 967/967/967 974/974/974 975/975/975
f 967/967/967 975/975/975 976/976/976
f 976/976/976 975/975/975 977/977/977
f 976/976/976 977/977/977 978/978/978
f 974/974/974 797/797/797 806/806/806
f 974/974/974 806/806/806 975/975/975
f 975/975/975 806/806/806 783/783/783
f 975/975/975 783/783/783 977/977/977
f 967/967/967 976/976/976 979/979/979
f 967/967/967 979/979/979 968/968/968
f 968/968/968 979/979/979 980/980/980
f 968/968/968 980/980/980 971/971/971
f 976/976/976 978/978/978 981/981/981
f 976/976/976 981/981/981 979/979/979
f 979/979/979 981/981/981 982/982/982
f 979/979/979 982/982/982 980/980/980
f 983/983/983 984/984/984 985/985/985
f 983/983/983 985/985/985 986/986/986
f 986/986/986 985/985/985 981/981/981
f 986/986/986 981/981/981 978/978/978
f 984/984/984 987/987/987 988/988/988
f 984/984/984 988/988/988 985/985/985
f 985/985/985 988/988/988 982/982/982
f 985/985/985 982/982/982 981/981/981
f 983/983/983 986/986/986 989/989/989
f 983/983/983 989/989/989 990/990/990
f 990/990/990 989/989/989 782/782/782
f 990/990/990 782/782/782 781/781/781
f 986/986/986 978/978/978 977/977/977
f 986/986/986 977/977/977 989/989/989
f 989/989/989 977/977/977 783/783/783
f 989/989/989 783/783/783 782/782/782
f 983/983/983 990/990/990 991/991/991
f 983/983/983 991/991/991 992/992/992
f 992/992/992 991/991/991 993/993/993
f 992/992/992 993/993/993 994/994/994
f 990/990/990 781/781/781 790/790/790
f 990/990/990 790/790/790 991/991/991
f 991/991/991 790/790/790 767/767/767
f 991/991/991 767/767/767 993/993/993
f 983/983/983 992/992/992 995/995/995
f 983/983/983 995/995/995 984/984/984
f 984/984/984 995/995/995 996/996/996
f 984/984/984 996/996/996 987/987/987
f 992/992/992 994/994/994 997/997/997
f 992/992/992 997/997/997 995/995/995
f 995/995/995 997/997/997 998/998/998
f 995/995/995 998/998/998 996/996/996
f 999/999/999 1000/1000/1000 1001/1001/1001
f 999/999/999 1001/1001/1001 1002/1002/1002
f 1002/1002/1002 1001/1001/1001 997/997/997
f 1002/1002/1002 997/997/997 994/994/994
f 1000/1000/1000 1003/1003/1003 1004/1004/1004
f 1000/1000/1000 1004/1004/1004 1001/1001/1001
f 1001/1001/1001 1004/1004/1004 998/998/998
f 1001/1001/1001 998/998/998 997/997/997
f 999/999/999 1002/1002/1002 1005/1005/1005
f 999/999/999 1005/1005/1005 1006/1006/1006
f 1006/1006/1006 1005/1005/1005 766/766/766
f 1006/1006/1006 766/766/766 765/765/765
f 1002/1002/1002 994/994/994 993/993/993
f 1002/1002/1002 993/993/993 1005/1005/1005
f 1005/1005/1005 993/993/993 767/767/767
f 1005/1005/1005 767/767/767 766/766/766
f 999/999/999 1006/1006/1006 1007/1007/1007
f 999/999/999 1007/1007/1007 1008/1008/1008
f 1008/1008/1008 1007/1007/1007 1009/1009/1009
f 1008/1008/1008 1009/1009/1009 1010/1010/1010
f 1006/1006/1006 765/765/765 774/774/774
f 1006/1006/1006 774/774/774 1007/1007/1007
f 1007/1007/1007 774/774/774 747/747/747
f 1007/1007/1007 747/747/747 1009/1009/1009
f 999/999/999 1008/1008/1008 1011/1011/1011
f 999/999/999 1011/1011/1011 1000/1000/1000
f 1000/1000/1000 1011/1011/1011 1012/1012/1012
f 1000/1000/1000 1012/1012/1012 1003/1003/1003
f 1008/1008/1008 1010/1010/1010 1013/1013/1013
f 1008/1008/1008 1013/1013/1013 1011/1011/1011
f 1011/1011/1011 1013/1013/1013 1014/1014/1014
f 1011/1011/1011 1014/1014/1014 1012/1012/1012
f 1015/1015/1015 1016/1016/1016 1017/1017/1017
f 1015/1015/1015 1017/1017/1017 1018/1018/1018
f 1018/1018/1018 1017/1017/1017 1013/1013/1013
f 1018/1018/1018 1013/1013/1013 1010/1010/1010
f 1016/1016/1016 1019/1019/1019 1020/1020/1020
f 1016/1016/1016 1020/1020/1020 1017/1017/1017
f 1017/1017/1017 1020/1020/1020 1014/1014/1014
f 1017/1017/1017 1014/1014/1014 1013/1013/1013
f 1015/1015/1015 1018/1018/1018 1021/1021/1021
f 1015/1015/1015 1021/1021/1021 1022/1022/1022
f 1022/1022/1022 1021/1021/1021 746/746/746
f 1022/1022/1022 746/746/746 745/745/745
f 1018/1018/1018 1010/1010/1010 1009/1009/1009
f 1018/1018/1018 1009/1009/1009 1021/1021/1021
f 1021/1021/1021 1009/1009/1009 747/747/747
f 1021/1021/1021 747/747/747 746/746/746
f 1015/1015/1015 1022/1022/1022 1023/1023/1023
f 1015/1015/1015 1023/1023/1023 1024/1024/1024
f 1024/1024/1024 1023/1023/1023 1025/1025/1025
f 1024/1024/1024 1025/1025/1025 1026/1026/1026
f 1022/1022/1022 745/745/745 756/756/756
f 1022/1022/1022 756/756/756 1023/1023/1023
f 1023/1023/1023 756/756/756 758/758/758
f 1023/1023/1023 758/758/758 1025/1025/1025
f 1015/1015/1015 1024/1024/1024 1027/1027/1027
f 1015/1015/1015 1027/1027/1027 1016/1016/1016
f 1016/1016/1016 1027/1027/1027 1028/1028/1028
f 1016/1016/1016 1028/1028/1028 1019/1019/1019
f 1024/1024/1024 1026/1026/1026 1029/1029/1029
f 1024/1024/1024 1029/1029/1029 1027/1027/1027
f 1027/1027/1027 1029/1029/1029 1030/1030/1030
f 1027/1027/1027 1030/1030/1030 1028/1028/1028
f 1031/1031/1031 1032/1032/1032 1033/1033/1033
f 1031/1031/1031 1033/1033/1033 1034/1034/1034
f 1034/1034/1034 1033/1033/1033 1035/1035/1035
f 1034/1034/1034 1035/1035/1035 1036/1036/1036
f 1032/1032/1032 1037/1037/1037 1038/1038/1038
f 1032/1032/1032 1038/1038/1038 1033/1033/1033
f 1033/1033/1033 1038/1038/1038 1039/1039/1039
f 1033/1033/1033 1039/1039/1039 1035/1035/1035
f 1031/1031/1031 1034/1034/1034 1040/1040/1040
f 1031/1031/1031 1040/1040/1040 1041/1041/1041
f 1041/1041/1041 1040/1040/1040 730/730/730
f 1041/1041/1041 730/730/730 729/729/729
f 1034/1034/1034 1036/1036/1036 1042/1042/1042
f 1034/1034/1034 1042/1042/1042 1040/1040/1040
f 1040/1040/1040 1042/1042/1042 731/731/731
f 1040/1040/1040 731/731/731 730/730/730
f 1031/1031/1031 1041/1041/1041 1043/1043/1043
f 1031/1031/1031 1043/1043/1043 1044/1044/1044
f 1044/1044/1044 1043/1043/1043 1045/1045/1045
f 1044/1044/1044 1045/1045/1045 1046/1046/1046
f 1041/1041/1041 729/729/729 738/738/738
f 1041/1041/1041 738/738/738 1043/1043/1043
f 1043/1043/1043 738/738/738 715/715/715
f 1043/1043/1043 715/715/715 1045/1045/1045
f 1031/1031/1031 1044/1044/1044 1047/1047/1047
f 1031/1031/1031 1047/1047/1047 1032/1032/1032
f 1032/1032/1032 1047/1047/1047 1048/1048/1048
f 1032/1032/1032 1048/1048/1048 1037/1037/1037
f 1044/1044/1044 1046/1046/1046 1049/1049/1049
f 1044/1044/1044 1049/1049/1049 1047/1047/1047
f 1047/1047/1047 1049/1049/1049 1050/1050/1050
f 1047/1047/1047 1050/1050/1050 1048/1048/1048
f 1051/1051/1051 1052/1052/1052 1053/1053/1053
f 1051/1051/1051 1053/1053/1053 1054/1054/1054
f 1054/1054/1054 1053/1053/1053 1049/1049/1049
f 1054/1054/1054 1049/1049/1049 1046/1046/1046
f 1052/1052/1052 1055/1055/1055 1056/1056/1056
f 1052/1052/1052 1056/1056/1056 1053/1053/1053
f 1053/1053/1053 1056/1056/1056 1050/1050/1050
f 1053/1053/1053 1050/1050/1050 1049/1049/1049
f 1051/1051/1051 1054/1054/1054 1057/1057/1057
f 1051/1051/1051 1057/1057/1057 1058/1058/1058
f 1058/1058/1058 1057/1057/1057 714/714/714
f 1058/1058/1058 714/714/714 713/713/713
f 1054/1054/1054 1046/1046/1046 1045/1045/1045
f 1054/1054/1054 1045/1045/1045 1057/1057/1057
f 1057/1057/1057 1045/1045/1045 715/715/715
f 1057/1057/1057 715/715/715 714/714/714
f 1051/1051/1051 1058/1058/1058 1059/1059/1059
f 1051/1051/1051 1059/1059/1059 1060/1060/1060
f 1060/1060/1060 1059/1059/1059 1061/1061/1061
f 1060/1060/1060 1061/1061/1061 1062/1062/1062
f 1058/1058/1058 713/713/713 722/722/722
f 1058/1058/1058 722/722/722 1059/1059/1059
f 1059/1059/1059 722/722/722 695/695/695
f 1059/1059/1059 695/695/695 1061/1061/1061
f 1051/1051/1051 1060/1060/1060 1063/1063/1063
f 1051/1051/1051 1063/1063/1063 1052/1052/1052
f 1052/1052/1052 1063/1063/1063 1064/1064/1064
f 1052/1052/1052 1064/1064/1064 1055/1055/1055
f 1060/1060/1060 1062/1062/1062 1065/1065/1065
f 1060/1060/1060 1065/1065/1065 1063/1063/1063
f 1063/1063/1063 1065/1065/1065 1066/1066/1066
f 1063/1063/1063 1066/1066/1066 1064/1064/1064
f 1067/1067/1067 1068/1068/1068 1069/1069/1069
f 1067/1067/1067 1069/1069/1069 1070/1070/1070
f 1070/1070/1070 1069/1069/1069 1065/1065/1065
f 1070/1070/1070 1065/1065/1065 1062/1062/1062
f 1068/1068/1068 1071/1071/1071 1072/1072/1072
f 1068/1068/1068 1072/1072/1072 1069/1069/1069
f 1069/1069/1069 1072/1072/1072 1066/1066/1066
f 1069/1069/1069 1066/1066/1066 1065/1065/1065
f 1067/1067/1067 1070/1070/1070 1073/1073/1073
f 1067/1067/1067 1073/1073/1073 1074/1074/1074
f 1074/1074/1074 1073/1073/1073 694/694/694
f 1074/1074/1074 694/694/694 693/693/693
f 1070/1070/1070 1062/1062/1062 1061/1061/1061
f 1070/1070/1070 1061/1061/1061 1073/1073/1073
f 1073/1073/1073 1061/1061/1061 695/695/695
f 1073/1073/1073 695/695/695 694/694/694
f 1067/1067/1067 1074/1074/1074 1075/1075/1075
f 1067/1067/1067 1075/1075/1075 1076/1076/1076
f 1076/1076/1076 1075/1075/1075 894/894/894
f 1076/1076/1076 894/894/894 888/888/888
f 1074/1074/1074 693/693/693 704/704/704
f 1074/1074/1074 704/704/704 1075/1075/1075
f 1075/1075/1075 704/704/704 706/706/706
f 1075/1075/1075 706/706/706 894/894/894
f 1067/1067/1067 1076/1076/1076 1077/1077/1077
f 1067/1067/1067 1077/1077/1077 1068/1068/1068
f 1068/1068/1068 1077/1077/1077 1078/1078/1078
f 1068/1068/1068 1078/1078/1078 1071/1071/1071
f 1076/1076/1076 888/888/888 887/887/887
f 1076/1076/1076 887/887/887 1077/1077/1077
f 1077/1077/1077 887/887/887 891/891/891
f 1077/1077/1077 891/891/891 1078/1078/1078
f 1079/1079/1079 1080/1080/1080 1081/1081/1081
f 1079/1079/1079 1081/1081/1081 1082/1082/1082
f 1082/1082/1082 1081/1081/1081 1083/1083/1083
f 1082/1082/1082 1083/1083/1083 1084/1084/1084
f 1080/1080/1080 681/681/681 680/680/680
f 1080/1080/1080 680/680/680 1081/1081/1081
f 1081/1081/1081 680/680/680 667/667/667
f 1081/1081/1081 667/667/667 1083/1083/1083
f 1079/1079/1079 1082/1082/1082 1085/1085/1085
f 1079/1079/1079 1085/1085/1085 1086/1086/1086
f 1086/1086/1086 1085/1085/1085 1087/1087/1087
f 1086/1086/1086 1087/1087/1087 1088/1088/1088
f 1082/1082/1082 1084/1084/1084 1089/1089/1089
f 1082/1082/1082 1089/1089/1089 1085/1085/1085
f 1085/1085/1085 1089/1089/1089 1090/1090/1090
f 1085/1085/1085 1090/1090/1090 1087/1087/1087
f 1079/1079/1079 1086/1086/1086 1091/1091/1091
f 1079/1079/1079 1091/1091/1091 1092/1092/1092
f 1092/1092/1092 1091/1091/1091 1093/1093/1093
f 1092/1092/1092 1093/1093/1093 1094/1094/1094
f 1086/1086/1086 1088/1088/1088 1095/1095/1095
f 1086/1086/1086 1095/1095/1095 1091/1091/1091
f 1091/1091/1091 1095/1095/1095 1096/1096/1096
f 1091/1091/1091 1096/1096/1096 1093/1093/1093
f 1079/1079/1079 1092/1092/1092 1097/1097/1097
f 1079/1079/1079 1097/1097/1097 1080/1080/1080
f 1080/1080/1080 1097/1097/1097 684/684/684
f 1080/1080/1080 684/684/684 681/681/681
f 1092/1092/1092 1094/1094/1094 1098/1098/1098
f 1092/1092/1092 1098/1098/1098 1097/1097/1097
f 1097/1097/1097 1098/1098/1098 456/456/456
f 1097/1097/1097 456/456/456 684/684/684
f 1099/1099/1099 1100/1100/1100 1101/1101/1101
f 1099/1099/1099 1101/1101/1101 1102/1102/1102
f 1102/1102/1102 1101/1101/1101 1103/1103/1103
f 1102/1102/1102 1103/1103/1103 1104/1104/1104
f 1100/1100/1100 661/661/661 660/660/660
f 1100/1100/1100 660/660/660 1101/1101/1101
f 1101/1101/1101 660/660/660 647/647/647
f 1101/1101/1101 647/647/647 1103/1103/1103
f 1099/1099/1099 1102/1102/1102 1105/1105/1105
f 1099/1099/1099 1105/1105/1105 1106/1106/1106
f 1106/1106/1106 1105/1105/1105 1107/1107/1107
f 1106/1106/1106 1107/1107/1107 1108/1108/1108
f 1102/1102/1102 1104/1104/1104 1109/1109/1109
f 1102/1102/1102 1109/1109/1109 1105/1105/1105
f 1105/1105/1105 1109/1109/1109 1110/1110/1110
f 1105/1105/1105 1110/1110/1110 1107/1107/1107
f 1099/1099/1099 1106/1106/1106 1111/1111/1111
f 1099/1099/1099 1111/1111/1111 1112/1112/1112
f 1112/1112/1112 1111/1111/1111 1089/1089/1089
f 1112/1112/1112 1089/1089/1089 1084/1084/1084
f 1106/1106/1106 1108/1108/1108 1113/1113/1113
f 1106/1106/1106 1113/1113/1113 1111/1111/1111
f 1111/1111/1111 1113/1113/1113 1090/1090/1090
f 1111/1111/1111 1090/1090/1090 1089/1089/1089
f 1099/1099/1099 1112/1112/1112 1114/1114/1114
f 1099/1099/1099 1114/1114/1114 1100/1100/1100
f 1100/1100/1100 1114/1114/1114 666/666/666
f 1100/1100/1100 666/666/666 661/661/661
f 1112/1112/1112 1084/1084/1084 1083/1083/1083
f 1112/1112/1112 1083/1083/1083 1114/1114/1114
f 1114/1114/1114 1083/1083/1083 667/667/667
f 1114/1114/1114 667/667/667 666/666/666
f 1115/1115/1115 1116/1116/1116 1117/1117/1117
f 1115/1115/1115 1117/1117/1117 1118/1118/1118
f 1118/1118/1118 1117/1117/1117 1119/1119/1119
f 1118/1118/1118 1119/1119/1119 1120/1120/1120
f 1116/1116/1116 639/639/639 638/638/638
f 1116/1116/1116 638/638/638 1117/1117/1117
f 1117/1117/1117 638/638/638 641/641/641
f 1117/1117/1117 641/641/641 1119/1119/1119
f 1115/1115/1115 1118/1118/1118 1121/1121/1121
f 1115/1115/1115 1121/1121/1121 1122/1122/1122
f 1122/1122/1122 1121/1121/1121 1123/1123/1123
f 1122/1122/1122 1123/1123/1123 1124/1124/1124
f 1118/1118/1118 1120/1120/1120 1125/1125/1125
f 1118/1118/1118 1125/1125/1125 1121/1121/1121
f 1121/1121/1121 1125/1125/1125 1126/1126/1126
f 1121/1121/1121 1126/1126/1126 1123/1123/1123
f 1115/1115/1115 1122/1122/1122 1127/1127/1127
f 1115/1115/1115 1127/1127/1127 1128/1128/1128
f 1128/1128/1128 1127/1127/1127 1109/1109/1109
f 1128/1128/1128 1109/1109/1109 1104/1104/1104
f 1122/1122/1122 1124/1124/1124 1129/1129/1129
f 1122/1122/1122 1129/1129/1129 1127/1127/1127
f 1127/1127/1127 1129/1129/1129 1110/1110/1110
f 1127/1127/1127 1110/1110/1110 1109/1109/1109
f 1115/1115/1115 1128/1128/1128 1130/1130/1130
f 1115/1115/1115 1130/1130/1130 1116/1116/1116
f 1116/1116/1116 1130/1130/1130 646/646/646
f 1116/1116/1116 646/646/646 639/639/639
f 1128/1128/1128 1104/1104/1104 1103/1103/1103
f 1128/1128/1128 1103/1103/1103 1130/1130/1130
f 1130/1130/1130 1103/1103/1103 647/647/647
f 1130/1130/1130 647/647/647 646/646/646
f 1131/1131/1131 1132/1132/1132 1133/1133/1133
f 1131/1131/1131 1133/1133/1133 1134/1134/1134
f 1134/1134/1134 1133/1133/1133 1135/1135/1135
f 1134/1134/1134 1135/1135/1135 1136/1136/1136
f 1132/1132/1132 616/616/616 615/615/615
f 1132/1132/1132 615/615/615 1133/1133/1133
f 1133/1133/1133 615/615/615 602/602/602
f 1133/1133/1133 602/602/602 1135/1135/1135
f 1131/1131/1131 1134/1134/1134 1137/1137/1137
f 1131/1131/1131 1137/1137/1137 1138/1138/1138
f 1138/1138/1138 1137/1137/1137 1139/1139/1139
f 1138/1138/1138 1139/1139/1139 1140/1140/1140
f 1134/1134/1134 1136/1136/1136 1141/1141/1141
f 1134/1134/1134 1141/1141/1141 1137/1137/1137
f 1137/1137/1137 1141/1141/1141 1142/1142/1142
f 1137/1137/1137 1142/1142/1142 1139/1139/1139
f 1131/1131/1131 1138/1138/1138 1143/1143/1143
f 1131/1131/1131 1143/1143/1143 1144/1144/1144
f 1144/1144/1144 1143/1143/1143 1145/1145/1145
f 1144/1144/1144 1145/1145/1145 1146/1146/1146
f 1138/1138/1138 1140/1140/1140 1147/1147/1147
f 1138/1138/1138 1147/1147/1147 1143/1143/1143
f 1143/1143/1143 1147/1147/1147 1148/1148/1148
f 1143/1143/1143 1148/1148/1148 1145/1145/1145
f 1131/1131/1131 1144/1144/1144 1149/1149/1149
f 1131/1131/1131 1149/1149/1149 1132/1132/1132
f 1132/1132/1132 1149/1149/1149 621/621/621
f 1132/1132/1132 621/621/621 616/616/616
f 1144/1144/1144 1146/1146/1146 1150/1150/1150
f 1144/1144/1144 1150/1150/1150 1149/1149/1149
f 1149/1149/1149 1150/1150/1150 622/622/622
f 1149/1149/1149 622/622/622 621/621/621
f 1151/1151/1151 1152/1152/1152 1153/1153/1153
f 1151/1151/1151 1153/1153/1153 1154/1154/1154
f 1154/1154/1154 1153/1153/1153 1155/1155/1155
f 1154/1154/1154 1155/1155/1155 1156/1156/1156
f 1152/1152/1152 596/596/596 595/595/595
f 1152/1152/1152 595/595/595 1153/1153/1153
f 1153/1153/1153 595/595/595 582/582/582
f 1153/1153/1153 582/582/582 1155/1155/1155
f 1151/1151/1151 1154/1154/1154 1157/1157/1157
f 1151/1151/1151 1157/1157/1157 1158/1158/1158
f 1158/1158/1158 1157/1157/1157 1159/1159/1159
f 1158/1158/1158 1159/1159/1159 1160/1160/1160
f 1154/1154/1154 1156/1156/1156 1161/1161/1161
f 1154/1154/1154 1161/1161/1161 1157/1157/1157
f 1157/1157/1157 1161/1161/1161 1162/1162/1162
f 1157/1157/1157 1162/1162/1162 1159/1159/1159
f 1151/1151/1151 1158/1158/1158 1163/1163/1163
f 1151/1151/1151 1163/1163/1163 1164/1164/1164
f 1164/1164/1164 1163/1163/1163 1141/1141/1141
f 1164/1164/1164 1141/1141/1141 1136/1136/1136
f 1158/1158/1158 1160/1160/1160 1165/1165/1165
f 1158/1158/1158 1165/1165/1165 1163/1163/1163
f 1163/1163/1163 1165/1165/1165 1142/1142/1142
f 1163/1163/1163 1142/1142/1142 1141/1141/1141
f 1151/1151/1151 1164/1164/1164 1166/1166/1166
f 1151/1151/1151 1166/1166/1166 1152/1152/1152
f 1152/1152/1152 1166/1166/1166 601/601/601
f 1152/1152/1152 601/601/601 596/596/596
f 1164/1164/1164 1136/1136/1136 1135/1135/1135
f 1164/1164/1164 1135/1135/1135 1166/1166/1166
f 1166/1166/1166 1135/1135/1135 602/602/602
f 1166/1166/1166 602/602/602 601/601/601
f 1167/1167/1167 1168/1168/1168 1169/1169/1169
f 1167/1167/1167 1169/1169/1169 1170/1170/1170
f 1170/1170/1170 1169/1169/1169 1171/1171/1171
f 1170/1170/1170 1171/1171/1171 1172/1172/1172
f 1168/1168/1168 576/576/576 575/575/575
f 1168/1168/1168 575/575/575 1169/1169/1169
f 1169/1169/1169 575/575/575 562/562/562
f 1169/1169/1169 562/562/562 1171/1171/1171
f 1167/1167/1167 1170/1170/1170 1173/1173/1173
f 1167/1167/1167 1173/1173/1173 1174/1174/1174
f 1174/1174/1174 1173/1173/1173 1175/1175/1175
f 1174/1174/1174 1175/1175/1175 1176/1176/1176
f 1170/1170/1170 1172/1172/1172 1177/1177/1177
f 1170/1170/1170 1177/1177/1177 1173/1173/1173
f 1173/1173/1173 1177/1177/1177 1178/1178/1178
f 1173/1173/1173 1178/1178/1178 1175/1175/1175
f 1167/1167/1167 1174/1174/1174 1179/1179/1179
f 1167/1167/1167 1179/1179/1179 1180/1180/1180
f 1180/1180/1180 1179/1179/1179 1161/1161/1161
f 1180/1180/1180 1161/1161/1161 1156/1156/1156
f 1174/1174/1174 1176/1176/1176 1181/1181/1181
f 1174/1174/1174 1181/1181/1181 1179/1179/1179
f 1179/1179/1179 1181/1181/1181 1162/1162/1162
f 1179/1179/1179 1162/1162/1162 1161/1161/1161
f 1167/1167/1167 1180/1180/1180 1182/1182/1182
f 1167/1167/1167 1182/1182/1182 1168/1168/1168
f 1168/1168/1168 1182/1182/1182 581/581/581
f 1168/1168/1168 581/581/581 576/576/576
f 1180/1180/1180 1156/1156/1156 1155/1155/1155
f 1180/1180/1180 1155/1155/1155 1182/1182/1182
f 1182/1182/1182 1155/1155/1155 582/582/582
f 1182/1182/1182 582/582/582 581/581/581
f 1183/1183/1183 1184/1184/1184 1185/1185/1185
f 1183/1183/1183 1185/1185/1185 1186/1186/1186
f 1186/1186/1186 1185/1185/1185 1187/1187/1187
f 1186/1186/1186 1187/1187/1187 1188/1188/1188
f 1184/1184/1184 556/556/556 555/555/555
f 1184/1184/1184 555/555/555 1185/1185/1185
f 1185/1185/1185 555/555/555 542/542/542
f 1185/1185/1185 542/542/542 1187/1187/1187
f 1183/1183/1183 1186/1186/1186 1189/1189/1189
f 1183/1183/1183 1189/1189/1189 1190/1190/1190
f 1190/1190/1190 1189/1189/1189 1191/1191/1191
f 1190/1190/1190 1191/1191/1191 1192/1192/1192
f 1186/1186/1186 1188/1188/1188 1193/1193/1193
f 1186/1186/1186 1193/1193/1193 1189/1189/1189
f 1189/1189/1189 1193/1193/1193 1194/1194/1194
f 1189/1189/1189 1194/1194/1194 1191/1191/1191
f 1183/1183/1183 1190/1190/1190 1195/1195/1195
f 1183/1183/1183 1195/1195/1195 1196/1196/1196
f 1196/1196/1196 1195/1195/1195 1177/1177/1177
f 1196/1196/1196 1177/1177/1177 1172/1172/1172
f 1190/1190/1190 1192/1192/1192 1197/1197/1197
f 1190/1190/1190 1197/1197/1197 1195/1195/1195
f 1195/1195/1195 1197/1197/1197 1178/1178/1178
f 1195/1195/1195 1178/1178/1178 1177/1177/1177
f 1183/1183/1183 1196/1196/1196 1198/1198/1198
f 1183/1183/1183 1198/1198/1198 1184/1184/1184
f 1184/1184/1184 1198/1198/1198 561/561/561
f 1184/1184/1184 561/561/561 556/556/556
f 1196/1196/1196 1172/1172/1172 1171/1171/1171
f 1196/1196/1196 1171/1171/1171 1198/1198/1198
f 1198/1198/1198 1171/1171/1171 562/562/562
f 1198/1198/1198 562/562/562 561/561/561
f 1199/1199/1199 1200/1200/1200 1201/1201/1201
f 1199/1199/1199 1201/1201/1201 1202/1202/1202
f 1202/1202/1202 1201/1201/1201 1203/1203/1203
f 1202/1202/1202 1203/1203/1203 1204/1204/1204
f 1200/1200/1200 536/536/536 535/535/535
f 1200/1200/1200 535/535/535 1201/1201/1201
f 1201/1201/1201 535/535/535 522/522/522
f 1201/1201/1201 522/522/522 1203/1203/1203
f 1199/1199/1199 1202/1202/1202 1205/1205/1205
f 1199/1199/1199 1205/1205/1205 1206/1206/1206
f 1206/1206/1206 1205/1205/1205 1207/1207/1207
f 1206/1206/1206 1207/1207/1207 1208/1208/1208
f 1202/1202/1202 1204/1204/1204 1209/1209/1209
f 1202/1202/1202 1209/1209/1209 1205/1205/1205
f 1205/1205/1205 1209/1209/1209 1210/1210/1210
f 1205/1205/1205 1210/1210/1210 1207/1207/1207
f 1199/1199/1199 1206/1206/1206 1211/1211/1211
f 1199/1199/1199 1211/1211/1211 1212/1212/1212
f 1212/1212/1212 1211/1211/1211 1193/1193/1193
f 1212/1212/1212 1193/1193/1193 1188/1188/1188
f 1206/1206/1206 1208/1208/1208 1213/1213/1213
f 1206/1206/1206 1213/1213/1213 1211/1211/1211
f 1211/1211/1211 1213/1213/1213 1194/1194/1194
f 1211/1211/1211 1194/1194/1194 1193/1193/1193
f 1199/1199/1199 1212/1212/1212 1214/1214/1214
f 1199/1199/1199 1214/1214/1214 1200/1200/1200
f 1200/1200/1200 1214/1214/1214 541/541/541
f 1200/1200/1200 541/541/541 536/536/536
f 1212/1212/1212 1188/1188/1188 1187/1187/1187
f 1212/1212/1212 1187/1187/1187 1214/1214/1214
f 1214/1214/1214 1187/1187/1187 542/542/542
f 1214/1214/1214 542/542/542 541/541/541
f 1215/1215/1215 1216/1216/1216 1217/1217/1217
f 1215/1215/1215 1217/1217/1217 1218/1218/1218
f 1218/1218/1218 1217/1217/1217 1219/1219/1219
f 1218/1218/1218 1219/1219/1219 1220/1220/1220
f 1216/1216/1216 516/516/516 515/515/515
f 1216/1216/1216 515/515/515 1217/1217/1217
f 1217/1217/1217 515/515/515 502/502/502
f 1217/1217/1217 502/502/502 1219/1219/1219
f 1215/1215/1215 1218/1218/1218 1221/1221/1221
f 1215/1215/1215 1221/1221/1221 1222/1222/1222
f 1222/1222/1222 1221/1221/1221 1223/1223/1223
f 1222/1222/1222 1223/1223/1223 1224/1224/1224
f 1218/1218/1218 1220/1220/1220 1225/1225/1225
f 1218/1218/1218 1225/1225/1225 1221/1221/1221
f 1221/1221/1221 1225/1225/1225 1226/1226/1226
f 1221/1221/1221 1226/1226/1226 1223/1223/1223
f 1215/1215/1215 1222/1222/1222 1227/1227/1227
f 1215/1215/1215 1227/1227/1227 1228/1228/1228
f 1228/1228/1228 1227/1227/1227 1209/1209/1209
f 1228/1228/1228 1209/1209/1209 1204/1204/1204
f 1222/1222/1222 1224/1224/1224 1229/1229/1229
f 1222/1222/1222 1229/1229/1229 1227/1227/1227
f 1227/1227/1227 1229/1229/1229 1210/1210/1210
f 1227/1227/1227 1210/1210/1210 1209/1209/1209
f 1215/1215/1215 1228/1228/1228 1230/1230/1230
f 1215/1215/1215 1230/1230/1230 1216/1216/1216
f 1216/1216/1216 1230/1230/1230 521/521/521
f 1216/1216/1216 521/521/521 516/516/516
f 1228/1228/1228 1204/1204/1204 1203/1203/1203
f 1228/1228/1228 1203/1203/1203 1230/1230/1230
f 1230/1230/1230 1203/1203/1203 522/522/522
f 1230/1230/1230 522/522/522 521/521/521
f 1231/1231/1231 1232/1232/1232 1233/1233/1233
f 1231/1231/1231 1233/1233/1233 1234/1234/1234
f 1234/1234/1234 1233/1233/1233 1235/1235/1235
f 1234/1234/1234 1235/1235/1235 1236/1236/1236
f 1232/1232/1232 496/496/496 495/495/495
f 1232/1232/1232 495/495/495 1233/1233/1233
f 1233/1233/1233 495/495/495 482/482/482
f 1233/1233/1233 482/482/482 1235/1235/1235
f 1231/1231/1231 1234/1234/1234 1237/1237/1237
f 1231/1231/1231 1237/1237/1237 1238/1238/1238
f 1238/1238/1238 1237/1237/1237 1239/1239/1239
f 1238/1238/1238 1239/1239/1239 1240/1240/1240
f 1234/1234/1234 1236/1236/1236 1241/1241/1241
f 1234/1234/1234 1241/1241/1241 1237/1237/1237
f 1237/1237/1237 1241/1241/1241 1242/1242/1242
f 1237/1237/1237 1242/1242/1242 1239/1239/1239
f 1231/1231/1231 1238/1238/1238 1243/1243/1243
f 1231/1231/1231 1243/1243/1243 1244/1244/1244
f 1244/1244/1244 1243/1243/1243 1225/1225/1225
f 1244/1244/1244 1225/1225/1225 1220/1220/1220
f 1238/1238/1238 1240/1240/1240 1245/1245/1245
f 1238/1238/1238 1245/1245/1245 1243/1243/1243
f 1243/1243/1243 1245/1245/1245 1226/1226/1226
f 1243/1243/1243 1226/1226/1226 1225/1225/1225
f 1231/1231/1231 1244/1244/1244 1246/1246/1246
f 1231/1231/1231 1246/1246/1246 1232/1232/1232
f 1232/1232/1232 1246/1246/1246 501/501/501
f 1232/1232/1232 501/501/501 496/496/496
f 1244/1244/1244 1220/1220/1220 1219/1219/1219
f 1244/1244/1244 1219/1219/1219 1246/1246/1246
f 1246/1246/1246 1219/1219/1219 502/502/502
f 1246/1246/1246 502/502/502 501/501/501
f 1247/1247/1247 1248/1248/1248 1249/1249/1249
f 1247/1247/1247 1249/1249/1249 1250/1250/1250
f 1250/1250/1250 1249/1249/1249 1251/1251/1251
f 1250/1250/1250 1251/1251/1251 1252/1252/1252
f 1248/1248/1248 476/476/476 475/475/475
f 1248/1248/1248 475/475/475 1249/1249/1249
f 1249/1249/1249 475/475/475 462/462/462
f 1249/1249/1249 462/462/462 1251/1251/1251
f 1247/1247/1247 1250/1250/1250 1253/1253/1253
f 1247/1247/1247 1253/1253/1253 1254/1254/1254
f 1254/1254/1254 1253/1253/1253 1255/1255/1255
f 1254/1254/1254 1255/1255/1255 1256/1256/1256
f 1250/1250/1250 1252/1252/1252 1257/1257/1257
f 1250/1250/1250 1257/1257/1257 1253/1253/1253
f 1253/1253/1253 1257/1257/1257 1258/1258/1258
f 1253/1253/1253 1258/1258/1258 1255/1255/1255
f 1247/1247/1247 1254/1254/1254 1259/1259/1259
f 1247/1247/1247 1259/1259/1259 1260/1260/1260
f 1260/1260/1260 1259/1259/1259 1241/1241/1241
f 1260/1260/1260 1241/1241/1241 1236/1236/1236
f 1254/1254/1254 1256/1256/1256 1261/1261/1261
f 1254/1254/1254 1261/1261/1261 1259/1259/1259
f 1259/1259/1259 1261/1261/1261 1242/1242/1242
f 1259/1259/1259 1242/1242/1242 1241/1241/1241
f 1247/1247/1247 1260/1260/1260 1262/1262/1262
f 1247/1247/1247 1262/1262/1262 1248/1248/1248
f 1248/1248/1248 1262/1262/1262 481/481/481
f 1248/1248/1248 481/481/481 476/476/476
f 1260/1260/1260 1236/1236/1236 1235/1235/1235
f 1260/1260/1260 1235/1235/1235 1262/1262/1262
f 1262/1262/1262 1235/1235/1235 482/482/482
f 1262/1262/1262 482/482/482 481/481/481
f 1263/1263/1263 1264/1264/1264 1265/1265/1265
f 1263/1263/1263 1265/1265/1265 1266/1266/1266
f 1266/1266/1266 1265/1265/1265 1098/1098/1098
f 1266/1266/1266 1098/1098/1098 1094/1094/1094
f 1264/1264/1264 454/454/454 453/453/453
f 1264/1264/1264 453/453/453 1265/1265/1265
f 1265/1265/1265 453/453/453 456/456/456
f 1265/1265/1265 456/456/456 1098/1098/1098
f 1263/1263/1263 1266/1266/1266 1267/1267/1267
f 1263/1263/1263 1267/1267/1267 1268/1268/1268
f 1268/1268/1268 1267/1267/1267 1269/1269/1269
f 1268/1268/1268 1269/1269/1269 1270/1270/1270
f 1266/1266/1266 1094/1094/1094 1093/1093/1093
f 1266/1266/1266 1093/1093/1093 1267/1267/1267
f 1267/1267/1267 1093/1093/1093 1096/1096/1096
f 1267/1267/1267 1096/1096/1096 1269/1269/1269
f 1263/1263/1263 1268/1268/1268 1271/1271/1271
f 1263/1263/1263 1271/1271/1271 1272/1272/1272
f 1272/1272/1272 1271/1271/1271 1257/1257/1257
f 1272/1272/1272 1257/1257/1257 1252/1252/1252
f 1268/1268/1268 1270/1270/1270 1273/1273/1273
f 1268/1268/1268 1273/1273/1273 1271/1271/1271
f 1271/1271/1271 1273/1273/1273 1258/1258/1258
f 1271/1271/1271 1258/1258/1258 1257/1257/1257
f 1263/1263/1263 1272/1272/1272 1274/1274/1274
f 1263/1263/1263 1274/1274/1274 1264/1264/1264
f 1264/1264/1264 1274/1274/1274 461/461/461
f 1264/1264/1264 461/461/461 454/454/454
f 1272/1272/1272 1252/1252/1252 1251/1251/1251
f 1272/1272/1272 1251/1251/1251 1274/1274/1274
f 1274/1274/1274 1251/1251/1251 462/462/462
f 1274/1274/1274 462/462/462 461/461/461
f 1275/1275/1275 1276/1276/1276 1277/1277/1277
f 1275/1275/1275 1277/1277/1277 1278/1278/1278
f 1278/1278/1278 1277/1277/1277 1279/1279/1279
f 1278/1278/1278 1279/1279/1279 1280/1280/1280
f 1276/1276/1276 439/439/439 438/438/438
f 1276/1276/1276 438/438/438 1277/1277/1277
f 1277/1277/1277 438/438/438 265/265/265
f 1277/1277/1277 265/265/265 1279/1279/1279
f 1275/1275/1275 1278/1278/1278 1281/1281/1281
f 1275/1275/1275 1281/1281/1281 1282/1282/1282
f 1282/1282/1282 1281/1281/1281 1283/1283/1283
f 1282/1282/1282 1283/1283/1283 1284/1284/1284
f 1278/1278/1278 1280/1280/1280 1285/1285/1285
f 1278/1278/1278 1285/1285/1285 1281/1281/1281
f 1281/1281/1281 1285/1285/1285 1286/1286/1286
f 1281/1281/1281 1286/1286/1286 1283/1283/1283
f 1275/1275/1275 1282/1282/1282 1287/1287/1287
f 1275/1275/1275 1287/1287/1287 1288/1288/1288
f 1288/1288/1288 1287/1287/1287 1289/1289/1289
f 1288/1288/1288 1289/1289/1289 1290/1290/1290
f 1282/1282/1282 1284/1284/1284 1291/1291/1291
f 1282/1282/1282 1291/1291/1291 1287/1287/1287
f 1287/1287/1287 1291/1291/1291 1292/1292/1292
f 1287/1287/1287 1292/1292/1292 1289/1289/1289
f 1275/1275/1275 1288/1288/1288 1293/1293/1293
f 1275/1275/1275 1293/1293/1293 1276/1276/1276
f 1276/1276/1276 1293/1293/1293 441/441/441
f 1276/1276/1276 441/441/441 439/439/439
f 1288/1288/1288 1290/1290/1290 1294/1294/1294
f 1288/1288/1288 1294/1294/1294 1293/1293/1293
f 1293/1293/1293 1294/1294/1294 427/427/427
f 1293/1293/1293 427/427/427 441/441/441
f 1295/1295/1295 1296/1296/1296 1297/1297/1297
f 1295/1295/1295 1297/1297/1297 1298/1298/1298
f 1298/1298/1298 1297/1297/1297 1299/1299/1299
f 1298/1298/1298 1299/1299/1299 1300/1300/1300
f 1296/1296/1296 1284/1284/1284 1283/1283/1283
f 1296/1296/1296 1283/1283/1283 1297/1297/1297
f 1297/1297/1297 1283/1283/1283 1286/1286/1286
f 1297/1297/1297 1286/1286/1286 1299/1299/1299
f 1295/1295/1295 1298/1298/1298 1301/1301/1301
f 1295/1295/1295 1301/1301/1301 1302/1302/1302
f 1302/1302/1302 1301/1301/1301 1303/1303/1303
f 1302/1302/1302 1303/1303/1303 1304/1304/1304
f 1298/1298/1298 1300/1300/1300 1305/1305/1305
f 1298/1298/1298 1305/1305/1305 1301/1301/1301
f 1301/1301/1301 1305/1305/1305 1306/1306/1306
f 1301/1301/1301 1306/1306/1306 1303/1303/1303
f 1295/1295/1295 1302/1302/1302 1307/1307/1307
f 1295/1295/1295 1307/1307/1307 1308/1308/1308
f 1308/1308/1308 1307/1307/1307 1309/1309/1309
f 1308/1308/1308 1309/1309/1309 1310/1310/1310
f 1302/1302/1302 1304/1304/1304 1311/1311/1311
f 1302/1302/1302 1311/1311/1311 1307/1307/1307
f 1307/1307/1307 1311/1311/1311 1312/1312/1312
f 1307/1307/1307 1312/1312/1312 1309/1309/1309
f 1295/1295/1295 1308/1308/1308 1313/1313/1313
f 1295/1295/1295 1313/1313/1313 1296/1296/1296
f 1296/1296/1296 1313/1313/1313 1291/1291/1291
f 1296/1296/1296 1291/1291/1291 1284/1284/1284
f 1308/1308/1308 1310/1310/1310 1314/1314/1314
f 1308/1308/1308 1314/1314/1314 1313/1313/1313
f 1313/1313/1313 1314/1314/1314 1292/1292/1292
f 1313/1313/1313 1292/1292/1292 1291/1291/1291
f 1315/1315/1315 1316/1316/1316 1317/1317/1317
f 1315/1315/1315 1317/1317/1317 1318/1318/1318
f 1318/1318/1318 1317/1317/1317 1294/1294/1294
f 1318/1318/1318 1294/1294/1294 1290/1290/1290
f 1316/1316/1316 425/425/425 424/424/424
f 1316/1316/1316 424/424/424 1317/1317/1317
f 1317/1317/1317 424/424/424 427/427/427
f 1317/1317/1317 427/427/427 1294/1294/1294
f 1315/1315/1315 1318/1318/1318 1319/1319/1319
f 1315/1315/1315 1319/1319/1319 1320/1320/1320
f 1320/1320/1320 1319/1319/1319 1321/1321/1321
f 1320/1320/1320 1321/1321/1321 1322/1322/1322
f 1318/1318/1318 1290/1290/1290 1289/1289/1289
f 1318/1318/1318 1289/1289/1289 1319/1319/1319
f 1319/1319/1319 1289/1289/1289 1292/1292/1292
f 1319/1319/1319 1292/1292/1292 1321/1321/1321
f 1315/1315/1315 1320/1320/1320 1323/1323/1323
f 1315/1315/1315 1323/1323/1323 1324/1324/1324
f 1324/1324/1324 1323/1323/1323 1325/1325/1325
f 1324/1324/1324 1325/1325/1325 1326/1326/1326
f 1320/1320/1320 1322/1322/1322 1327/1327/1327
f 1320/1320/1320 1327/1327/1327 1323/1323/1323
f 1323/1323/1323 1327/1327/1327 1328/1328/1328
f 1323/1323/1323 1328/1328/1328 1325/1325/1325
f 1315/1315/1315 1324/1324/1324 1329/1329/1329
f 1315/1315/1315 1329/1329/1329 1316/1316/1316
f 1316/1316/1316 1329/1329/1329 429/429/429
f 1316/1316/1316 429/429/429 425/425/425
f 1324/1324/1324 1326/1326/1326 1330/1330/1330
f 1324/1324/1324 1330/1330/1330 1329/1329/1329
f 1329/1329/1329 1330/1330/1330 409/409/409
f 1329/1329/1329 409/409/409 429/429/429
f 1331/1331/1331 1332/1332/1332 1333/1333/1333
f 1331/1331/1331 1333/1333/1333 1334/1334/1334
f 1334/1334/1334 1333/1333/1333 1314/1314/1314
f 1334/1334/1334 1314/1314/1314 1310/1310/1310
f 1332/1332/1332 1322/1322/1322 1321/1321/1321
f 1332/1332/1332 1321/1321/1321 1333/1333/1333
f 1333/1333/1333 1321/1321/1321 1292/1292/1292
f 1333/1333/1333 1292/1292/1292 1314/1314/1314
f 1331/1331/1331 1334/1334/1334 1335/1335/1335
f 1331/1331/1331 1335/1335/1335 1336/1336/1336
f 1336/1336/1336 1335/1335/1335 1337/1337/1337
f 1336/1336/1336 1337/1337/1337 1338/1338/1338
f 1334/1334/1334 1310/1310/1310 1309/1309/1309
f 1334/1334/1334 1309/1309/1309 1335/1335/1335
f 1335/1335/1335 1309/1309/1309 1312/1312/1312
f 1335/1335/1335 1312/1312/1312 1337/1337/1337
f 1331/1331/1331 1336/1336/1336 1339/1339/1339
f 1331/1331/1331 1339/1339/1339 1340/1340/1340
f 1340/1340/1340 1339/1339/1339 1341/1341/1341
f 1340/1340/1340 1341/1341/1341 1342/1342/1342
f 1336/1336/1336 1338/1338/1338 1343/1343/1343
f 1336/1336/1336 1343/1343/1343 1339/1339/1339
f 1339/1339/1339 1343/1343/1343 1344/1344/1344
f 1339/1339/1339 1344/1344/1344 1341/1341/1341
f 1331/1331/1331 1340/1340/1340 1345/1345/1345
f 1331/1331/1331 1345/1345/1345 1332/1332/1332
f 1332/1332/1332 1345/1345/1345 1327/1327/1327
f 1332/1332/1332 1327/1327/1327 1322/1322/1322
f 1340/1340/1340 1342/1342/1342 1346/1346/1346
f 1340/1340/1340 1346/1346/1346 1345/1345/1345
f 1345/1345/1345 1346/1346/1346 1328/1328/1328
f 1345/1345/1345 1328/1328/1328 1327/1327/1327
f 1347/1347/1347 1348/1348/1348 1349/1349/1349
f 1347/1347/1347 1349/1349/1349 1350/1350/1350
f 1350/1350/1350 1349/1349/1349 1330/1330/1330
f 1350/1350/1350 1330/1330/1330 1326/1326/1326
f 1348/1348/1348 407/407/407 406/406/406
f 1348/1348/1348 406/406/406 1349/1349/1349
f 1349/1349/1349 406/406/406 409/409/409
f 1349/1349/1349 409/409/409 1330/1330/1330
f 1347/1347/1347 1350/1350/1350 1351/1351/1351
f 1347/1347/1347 1351/1351/1351 1352/1352/1352
f 1352/1352/1352 1351/1351/1351 1353/1353/1353
f 1352/1352/1352 1353/1353/1353 1354/1354/1354
f 1350/1350/1350 1326/1326/1326 1325/1325/1325
f 1350/1350/1350 1325/1325/1325 1351/1351/1351
f 1351/1351/1351 1325/1325/1325 1328/1328/1328
f 1351/1351/1351 1328/1328/1328 1353/1353/1353
f 1347/1347/1347 1352/1352/1352 1355/1355/1355
f 1347/1347/1347 1355/1355/1355 1356/1356/1356
f 1356/1356/1356 1355/1355/1355 1357/1357/1357
f 1356/1356/1356 1357/1357/1357 1358/1358/1358
f 1352/1352/1352 1354/1354/1354 1359/1359/1359
f 1352/1352/1352 1359/1359/1359 1355/1355/1355
f 1355/1355/1355 1359/1359/1359 1360/1360/1360
f 1355/1355/1355 1360/1360/1360 1357/1357/1357
f 1347/1347/1347 1356/1356/1356 1361/1361/1361
f 1347/1347/1347 1361/1361/1361 1348/1348/1348
f 1348/1348/1348 1361/1361/1361 412/412/412
f 1348/1348/1348 412/412/412 407/407/407
f 1356/1356/1356 1358/1358/1358 1362/1362/1362
f 1356/1356/1356 1362/1362/1362 1361/1361/1361
f 1361/1361/1361 1362/1362/1362 413/413/413
f 1361/1361/1361 413/413/413 412/412/412
f 1363/1363/1363 1364/1364/1364 1365/1365/1365
f 1363/1363/1363 1365/1365/1365 1366/1366/1366
f 1366/1366/1366 1365/1365/1365 1346/1346/1346
f 1366/1366/1366 1346/1346/1346 1342/1342/1342
f 1364/1364/1364 1354/1354/1354 1353/1353/1353
f 1364/1364/1364 1353/1353/1353 1365/1365/1365
f 1365/1365/1365 1353/1353/1353 1328/1328/1328
f 1365/1365/1365 1328/1328/1328 1346/1346/1346
f 1363/1363/1363 1366/1366/1366 1367/1367/1367
f 1363/1363/1363 1367/1367/1367 1368/1368/1368
f 1368/1368/1368 1367/1367/1367 1369/1369/1369
f 1368/1368/1368 1369/1369/1369 1370/1370/1370
f 1366/1366/1366 1342/1342/1342 1341/1341/1341
f 1366/1366/1366 1341/1341/1341 1367/1367/1367
f 1367/1367/1367 1341/1341/1341 1344/1344/1344
f 1367/1367/1367 1344/1344/1344 1369/1369/1369
f 1363/1363/1363 1368/1368/1368 1371/1371/1371
f 1363/1363/1363 1371/1371/1371 1372/1372/1372
f 1372/1372/1372 1371/1371/1371 1373/1373/1373
f 1372/1372/1372 1373/1373/1373 1374/1374/1374
f 1368/1368/1368 1370/1370/1370 1375/1375/1375
f 1368/1368/1368 1375/1375/1375 1371/1371/1371
f 1371/1371/1371 1375/1375/1375 1376/1376/1376
f 1371/1371/1371 1376/1376/1376 1373/1373/1373
f 1363/1363/1363 1372/1372/1372 1377/1377/1377
f 1363/1363/1363 1377/1377/1377 1364/1364/1364
f 1364/1364/1364 1377/1377/1377 1359/1359/1359
f 1364/1364/1364 1359/1359/1359 1354/1354/1354
f 1372/1372/1372 1374/1374/1374 1378/1378/1378
f 1372/1372/1372 1378/1378/1378 1377/1377/1377
f 1377/1377/1377 1378/1378/1378 1360/1360/1360
f 1377/1377/1377 1360/1360/1360 1359/1359/1359
f 1379/1379/1379 1380/1380/1380 1381/1381/1381
f 1379/1379/1379 1381/1381/1381 1382/1382/1382
f 1382/1382/1382 1381/1381/1381 1383/1383/1383
f 1382/1382/1382 1383/1383/1383 1384/1384/1384
f 1380/1380/1380 389/389/389 388/388/388
f 1380/1380/1380 388/388/388 1381/1381/1381
f 1381/1381/1381 388/388/388 391/391/391
f 1381/1381/1381 391/391/391 1383/1383/1383
f 1379/1379/1379 1382/1382/1382 1385/1385/1385
f 1379/1379/1379 1385/1385/1385 1386/1386/1386
f 1386/1386/1386 1385/1385/1385 1387/1387/1387
f 1386/1386/1386 1387/1387/1387 1388/1388/1388
f 1382/1382/1382 1384/1384/1384 1389/1389/1389
f 1382/1382/1382 1389/1389/1389 1385/1385/1385
f 1385/1385/1385 1389/1389/1389 1390/1390/1390
f 1385/1385/1385 1390/1390/1390 1387/1387/1387
f 1379/1379/1379 1386/1386/1386 1391/1391/1391
f 1379/1379/1379 1391/1391/1391 1392/1392/1392
f 1392/1392/1392 1391/1391/1391 1393/1393/1393
f 1392/1392/1392 1393/1393/1393 1394/1394/1394
f 1386/1386/1386 1388/1388/1388 1395/1395/1395
f 1386/1386/1386 1395/1395/1395 1391/1391/1391
f 1391/1391/1391 1395/1395/1395 1396/1396/1396
f 1391/1391/1391 1396/1396/1396 1393/1393/1393
f 1379/1379/1379 1392/1392/1392 1397/1397/1397
f 1379/1379/1379 1397/1397/1397 1380/1380/1380
f 1380/1380/1380 1397/1397/1397 393/393/393
f 1380/1380/1380 393/393/393 389/389/389
f 1392/1392/1392 1394/1394/1394 1398/1398/1398
f 1392/1392/1392 1398/1398/1398 1397/1397/1397
f 1397/1397/1397 1398/1398/1398 375/375/375
f 1397/1397/1397 375/375/375 393/393/393
f 1399/1399/1399 1400/1400/1400 1401/1401/1401
f 1399/1399/1399 1401/1401/1401 1402/1402/1402
f 1402/1402/1402 1401/1401/1401 1403/1403/1403
f 1402/1402/1402 1403/1403/1403 1404/1404/1404
f 1400/1400/1400 1388/1388/1388 1387/1387/1387
f 1400/1400/1400 1387/1387/1387 1401/1401/1401
f 1401/1401/1401 1387/1387/1387 1390/1390/1390
f 1401/1401/1401 1390/1390/1390 1403/1403/1403
f 1399/1399/1399 1402/1402/1402 1405/1405/1405
f 1399/1399/1399 1405/1405/1405 1406/1406/1406
f 1406/1406/1406 1405/1405/1405 1407/1407/1407
f 1406/1406/1406 1407/1407/1407 1408/1408/1408
f 1402/1402/1402 1404/1404/1404 1409/1409/1409
f 1402/1402/1402 1409/1409/1409 1405/1405/1405
f 1405/1405/1405 1409/1409/1409 1410/1410/1410
f 1405/1405/1405 1410/1410/1410 1407/1407/1407
f 1399/1399/1399 1406/1406/1406 1411/1411/1411
f 1399/1399/1399 1411/1411/1411 1412/1412/1412
f 1412/1412/1412 1411/1411/1411 1413/1413/1413
f 1412/1412/1412 1413/1413/1413 1414/1414/1414
f 1406/1406/1406 1408/1408/1408 1415/1415/1415
f 1406/1406/1406 1415/1415/1415 1411/1411/1411
f 1411/1411/1411 1415/1415/1415 1416/1416/1416
f 1411/1411/1411 1416/1416/1416 1413/1413/1413
f 1399/1399/1399 1412/1412/1412 1417/1417/1417
f 1399/1399/1399 1417/1417/1417 1400/1400/1400
f 1400/1400/1400 1417/1417/1417 1395/1395/1395
f 1400/1400/1400 1395/1395/1395 1388/1388/1388
f 1412/1412/1412 1414/1414/1414 1418/1418/1418
f 1412/1412/1412 1418/1418/1418 1417/1417/1417
f 1417/1417/1417 1418/1418/1418 1396/1396/1396
f 1417/1417/1417 1396/1396/1396 1395/1395/1395
f 1419/1419/1419 1420/1420/1420 1421/1421/1421
f 1419/1419/1419 1421/1421/1421 1422/1422/1422
f 1422/1422/1422 1421/1421/1421 1398/1398/1398
f 1422/1422/1422 1398/1398/1398 1394/1394/1394
f 1420/1420/1420 373/373/373 372/372/372
f 1420/1420/1420 372/372/372 1421/1421/1421
f 1421/1421/1421 372/372/372 375/375/375
f 1421/1421/1421 375/375/375 1398/1398/1398
f 1419/1419/1419 1422/1422/1422 1423/1423/1423
f 1419/1419/1419 1423/1423/1423 1424/1424/1424
f 1424/1424/1424 1423/1423/1423 1425/1425/1425
f 1424/1424/1424 1425/1425/1425 1426/1426/1426
f 1422/1422/1422 1394/1394/1394 1393/1393/1393
f 1422/1422/1422 1393/1393/1393 1423/1423/1423
f 1423/1423/1423 1393/1393/1393 1396/1396/1396
f 1423/1423/1423 1396/1396/1396 1425/1425/1425
f 1419/1419/1419 1424/1424/1424 1427/1427/1427
f 1419/1419/1419 1427/1427/1427 1428/1428/1428
f 1428/1428/1428 1427/1427/1427 1429/1429/1429
f 1428/1428/1428 1429/1429/1429 1430/1430/1430
f 1424/1424/1424 1426/1426/1426 1431/1431/1431
f 1424/1424/1424 1431/1431/1431 1427/1427/1427
f 1427/1427/1427 1431/1431/1431 1432/1432/1432
f 1427/1427/1427 1432/1432/1432 1429/1429/1429
f 1419/1419/1419 1428/1428/1428 1433/1433/1433
f 1419/1419/1419 1433/1433/1433 1420/1420/1420
f 1420/1420/1420 1433/1433/1433 377/377/377
f 1420/1420/1420 377/377/377 373/373/373
f 1428/1428/1428 1430/1430/1430 1434/1434/1434
f 1428/1428/1428 1434/1434/1434 1433/1433/1433
f 1433/1433/1433 1434/1434/1434 359/359/359
f 1433/1433/1433 359/359/359 377/377/377
f 1435/1435/1435 1436/1436/1436 1437/1437/1437
f 1435/1435/1435 1437/1437/1437 1438/1438/1438
f 1438/1438/1438 1437/1437/1437 1418/1418/1418
f 1438/1438/1438 1418/1418/1418 1414/1414/1414
f 1436/1436/1436 1426/1426/1426 1425/1425/1425
f 1436/1436/1436 1425/1425/1425 1437/1437/1437
f 1437/1437/1437 1425/1425/1425 1396/1396/1396
f 1437/1437/1437 1396/1396/1396 1418/1418/1418
f 1435/1435/1435 1438/1438/1438 1439/1439/1439
f 1435/1435/1435 1439/1439/1439 1440/1440/1440
f 1440/1440/1440 1439/1439/1439 1441/1441/1441
f 1440/1440/1440 1441/1441/1441 1442/1442/1442
f 1438/1438/1438 1414/1414/1414 1413/1413/1413
f 1438/1438/1438 1413/1413/1413 1439/1439/1439
f 1439/1439/1439 1413/1413/1413 1416/1416/1416
f 1439/1439/1439 1416/1416/1416 1441/1441/1441
f 1435/1435/1435 1440/1440/1440 1443/1443/1443
f 1435/1435/1435 1443/1443/1443 1444/1444/1444
f 1444/1444/1444 1443/1443/1443 1445/1445/1445
f 1444/1444/1444 1445/1445/1445 1446/1446/1446
f 1440/1440/1440 1442/1442/1442 1447/1447/1447
f 1440/1440/1440 1447/1447/1447 1443/1443/1443
f 1443/1443/1443 1447/1447/1447 1448/1448/1448
f 1443/1443/1443 1448/1448/1448 1445/1445/1445
f 1435/1435/1435 1444/1444/1444 1449/1449/1449
f 1435/1435/1435 1449/1449/1449 1436/1436/1436
f 1436/1436/1436 1449/1449/1449 1431/1431/1431
f 1436/1436/1436 1431/1431/1431 1426/1426/1426
f 1444/1444/1444 1446/1446/1446 1450/1450/1450
f 1444/1444/1444 1450/1450/1450 1449/1449/1449
f 1449/1449/1449 1450/1450/1450 1432/1432/1432
f 1449/1449/1449 1432/1432/1432 1431/1431/1431
f 1451/1451/1451 1452/1452/1452 1453/1453/1453
f 1451/1451/1451 1453/1453/1453 1454/1454/1454
f 1454/1454/1454 1453/1453/1453 1434/1434/1434
f 1454/1454/1454 1434/1434/1434 1430/1430/1430
f 1452/1452/1452 357/357/357 356/356/356
f 1452/1452/1452 356/356/356 1453/1453/1453
f 1453/1453/1453 356/356/356 359/359/359
f 1453/1453/1453 359/359/359 1434/1434/1434
f 1451/1451/1451 1454/1454/1454 1455/1455/1455
f 1451/1451/1451 1455/1455/1455 1456/1456/1456
f 1456/1456/1456 1455/1455/1455 1457/1457/1457
f 1456/1456/1456 1457/1457/1457 1458/1458/1458
f 1454/1454/1454 1430/1430/1430 1429/1429/1429
f 1454/1454/1454 1429/1429/1429 1455/1455/1455
f 1455/1455/1455 1429/1429/1429 1432/1432/1432
f 1455/1455/1455 1432/1432/1432 1457/1457/1457
f 1451/1451/1451 1456/1456/1456 1459/1459/1459
f 1451/1451/1451 1459/1459/1459 1460/1460/1460
f 1460/1460/1460 1459/1459/1459 1461/1461/1461
f 1460/1460/1460 1461/1461/1461 1462/1462/1462
f 1456/1456/1456 1458/1458/1458 1463/1463/1463
f 1456/1456/1456 1463/1463/1463 1459/1459/1459
f 1459/1459/1459 1463/1463/1463 1464/1464/1464
f 1459/1459/1459 1464/1464/1464 1461/1461/1461
f 1451/1451/1451 1460/1460/1460 1465/1465/1465
f 1451/1451/1451 1465/1465/1465 1452/1452/1452
f 1452/1452/1452 1465/1465/1465 361/361/361
f 1452/1452/1452 361/361/361 357/357/357
f 1460/1460/1460 1462/1462/1462 1466/1466/1466
f 1460/1460/1460 1466/1466/1466 1465/1465/1465
f 1465/1465/1465 1466/1466/1466 343/343/343
f 1465/1465/1465 343/343/343 361/361/361
f 1467/1467/1467 1468/1468/1468 1469/1469/1469
f 1467/1467/1467 1469/1469/1469 1470/1470/1470
f 1470/1470/1470 1469/1469/1469 1450/1450/1450
f 1470/1470/1470 1450/1450/1450 1446/1446/1446
f 1468/1468/1468 1458/1458/1458 1457/1457/1457
f 1468/1468/1468 1457/1457/1457 1469/1469/1469
f 1469/1469/1469 1457/1457/1457 1432/1432/1432
f 1469/1469/1469 1432/1432/1432 1450/1450/1450
f 1467/1467/1467 1470/1470/1470 1471/1471/1471
f 1467/1467/1467 1471/1471/1471 1472/1472/1472
f 1472/1472/1472 1471/1471/1471 1473/1473/1473
f 1472/1472/1472 1473/1473/1473 1474/1474/1474
f 1470/1470/1470 1446/1446/1446 1445/1445/1445
f 1470/1470/1470 1445/1445/1445 1471/1471/1471
f 1471/1471/1471 1445/1445/1445 1448/1448/1448
f 1471/1471/1471 1448/1448/1448 1473/1473/1473
f 1467/1467/1467 1472/1472/1472 1475/1475/1475
f 1467/1467/1467 1475/1475/1475 1476/1476/1476
f 1476/1476/1476 1475/1475/1475 1477/1477/1477
f 1476/1476/1476 1477/1477/1477 1478/1478/1478
f 1472/1472/1472 1474/1474/1474 1479/1479/1479
f 1472/1472/1472 1479/1479/1479 1475/1475/1475
f 1475/1475/1475 1479/1479/1479 1480/1480/1480
f 1475/1475/1475 1480/1480/1480 1477/1477/1477
f 1467/1467/1467 1476/1476/1476 1481/1481/1481
f 1467/1467/1467 1481/1481/1481 1468/1468/1468
f 1468/1468/1468 1481/1481/1481 1463/1463/1463
f 1468/1468/1468 1463/1463/1463 1458/1458/1458
f 1476/1476/1476 1478/1478/1478 1482/1482/1482
f 1476/1476/1476 1482/1482/1482 1481/1481/1481
f 1481/1481/1481 1482/1482/1482 1464/1464/1464
f 1481/1481/1481 1464/1464/1464 1463/1463/1463
f 1483/1483/1483 1484/1484/1484 1485/1485/1485
f 1483/1483/1483 1485/1485/1485 1486/1486/1486
f 1486/1486/1486 1485/1485/1485 1466/1466/1466
f 1486/1486/1486 1466/1466/1466 1462/1462/1462
f 1484/1484/1484 341/341/341 340/340/340
f 1484/1484/1484 340/340/340 1485/1485/1485
f 1485/1485/1485 340/340/340 343/343/343
f 1485/1485/1485 343/343/343 1466/1466/1466
f 1483/1483/1483 1486/1486/1486 1487/1487/1487
f 1483/1483/1483 1487/1487/1487 1488/1488/1488
f 1488/1488/1488 1487/1487/1487 1489/1489/1489
f 1488/1488/1488 1489/1489/1489 1490/1490/1490
f 1486/1486/1486 1462/1462/1462 1461/1461/1461
f 1486/1486/1486 1461/1461/1461 1487/1487/1487
f 1487/1487/1487 1461/1461/1461 1464/1464/1464
f 1487/1487/1487 1464/1464/1464 1489/1489/1489
f 1483/1483/1483 1488/1488/1488 1491/1491/1491
f 1483/1483/1483 1491/1491/1491 1492/1492/1492
f 1492/1492/1492 1491/1491/1491 1493/1493/1493
f 1492/1492/1492 1493/1493/1493 1494/1494/1494
f 1488/1488/1488 1490/1490/1490 1495/1495/1495
f 1488/1488/1488 1495/1495/1495 1491/1491/1491
f 1491/1491/1491 1495/1495/1495 1496/1496/1496
f 1491/1491/1491 1496/1496/1496 1493/1493/1493
f 1483/1483/1483 1492/1492/1492 1497/1497/1497
f 1483/1483/1483 1497/1497/1497 1484/1484/1484
f 1484/1484/1484 1497/1497/1497 345/345/345
f 1484/1484/1484 345/345/345 341/341/341
f 1492/1492/1492 1494/1494/1494 1498/1498/1498
f 1492/1492/1492 1498/1498/1498 1497/1497/1497
f 1497/1497/1497 1498/1498/1498 327/327/327
f 1497/1497/1497 327/327/327 345/345/345
f 1499/1499/1499 1500/1500/1500 1501/1501/1501
f 1499/1499/1499 1501/1501/1501 1502/1502/1502
f 1502/1502/1502 1501/1501/1501 1482/1482/1482
f 1502/1502/1502 1482/1482/1482 1478/1478/1478
f 1500/1500/1500 1490/1490/1490 1489/1489/1489
f 1500/1500/1500 1489/1489/1489 1501/1501/1501
f 1501/1501/1501 1489/1489/1489 1464/1464/1464
f 1501/1501/1501 1464/1464/1464 1482/1482/1482
f 1499/1499/1499 1502/1502/1502 1503/1503/1503
f 1499/1499/1499 1503/1503/1503 1504/1504/1504
f 1504/1504/1504 1503/1503/1503 1505/1505/1505
f 1504/1504/1504 1505/1505/1505 1506/1506/1506
f 1502/1502/1502 1478/1478/1478 1477/1477/1477
f 1502/1502/1502 1477/1477/1477 1503/1503/1503
f 1503/1503/1503 1477/1477/1477 1480/1480/1480
f 1503/1503/1503 1480/1480/1480 1505/1505/1505
f 1499/1499/1499 1504/1504/1504 1507/1507/1507
f 1499/1499/1499 1507/1507/1507 1508/1508/1508
f 1508/1508/1508 1507/1507/1507 1509/1509/1509
f 1508/1508/1508 1509/1509/1509 1510/1510/1510
f 1504/1504/1504 1506/1506/1506 1511/1511/1511
f 1504/1504/1504 1511/1511/1511 1507/1507/1507
f 1507/1507/1507 1511/1511/1511 1512/1512/1512
f 1507/1507/1507 1512/1512/1512 1509/1509/1509
f 1499/1499/1499 1508/1508/1508 1513/1513/1513
f 1499/1499/1499 1513/1513/1513 1500/1500/1500
f 1500/1500/1500 1513/1513/1513 1495/1495/1495
f 1500/1500/1500 1495/1495/1495 1490/1490/1490
f 1508/1508/1508 1510/1510/1510 1514/1514/1514
f 1508/1508/1508 1514/1514/1514 1513/1513/1513
f 1513/1513/1513 1514/1514/1514 1496/1496/1496
f 1513/1513/1513 1496/1496/1496 1495/1495/1495
f 1515/1515/1515 1516/1516/1516 1517/1517/1517
f 1515/1515/1515 1517/1517/1517 1518/1518/1518
f 1518/1518/1518 1517/1517/1517 1498/1498/1498
f 1518/1518/1518 1498/1498/1498 1494/1494/1494
f 1516/1516/1516 325/325/325 324/324/324
f 1516/1516/1516 324/324/324 1517/1517/1517
f 1517/1517/1517 324/324/324 327/327/327
f 1517/1517/1517 327/327/327 1498/1498/1498
f 1515/1515/1515 1518/1518/1518 1519/1519/1519
f 1515/1515/1515 1519/1519/1519 1520/1520/1520
f 1520/1520/1520 1519/1519/1519 1521/1521/1521
f 1520/1520/1520 1521/1521/1521 1522/1522/1522
f 1518/1518/1518 1494/1494/1494 1493/1493/1493
f 1518/1518/1518 1493/1493/1493 1519/1519/1519
f 1519/1519/1519 1493/1493/1493 1496/1496/1496
f 1519/1519/1519 1496/1496/1496 1521/1521/1521
f 1515/1515/1515 1520/1520/1520 1523/1523/1523
f 1515/1515/1515 1523/1523/1523 1524/1524/1524
f 1524/1524/1524 1523/1523/1523 1525/1525/1525
f 1524/1524/1524 1525/1525/1525 1526/1526/1526
f 1520/1520/1520 1522/1522/1522 1527/1527/1527
f 1520/1520/1520 1527/1527/1527 1523/1523/1523
f 1523/1523/1523 1527/1527/1527 1528/1528/1528
f 1523/1523/1523 1528/1528/1528 1525/1525/1525
f 1515/1515/1515 1524/1524/1524 1529/1529/1529
f 1515/1515/1515 1529/1529/1529 1516/1516/1516
f 1516/1516/1516 1529/1529/1529 329/329/329
f 1516/1516/1516 329/329/329 325/325/325
f 1524/1524/1524 1526/1526/1526 1530/1530/1530
f 1524/1524/1524 1530/1530/1530 1529/1529/1529
f 1529/1529/1529 1530/1530/1530 311/311/311
f 1529/1529/1529 311/311/311 329/329/329
f 1531/1531/1531 1532/1532/1532 1533/1533/1533
f 1531/1531/1531 1533/1533/1533 1534/1534/1534
f 1534/1534/1534 1533/1533/1533 1514/1514/1514
f 1534/1534/1534 1514/1514/1514 1510/1510/1510
f 1532/1532/1532 1522/1522/1522 1521/1521/1521
f 1532/1532/1532 1521/1521/1521 1533/1533/1533
f 1533/1533/1533 1521/1521/1521 1496/1496/1496
f 1533/1533/1533 1496/1496/1496 1514/1514/1514
f 1531/1531/1531 1534/1534/1534 1535/1535/1535
f 1531/1531/1531 1535/1535/1535 1536/1536/1536
f 1536/1536/1536 1535/1535/1535 1537/1537/1537
f 1536/1536/1536 1537/1537/1537 1538/1538/1538
f 1534/1534/1534 1510/1510/1510 1509/1509/1509
f 1534/1534/1534 1509/1509/1509 1535/1535/1535
f 1535/1535/1535 1509/1509/1509 1512/1512/1512
f 1535/1535/1535 1512/1512/1512 1537/1537/1537
f 1531/1531/1531 1536/1536/1536 1539/1539/1539
f 1531/1531/1531 1539/1539/1539 1540/1540/1540
f 1540/1540/1540 1539/1539/1539 1541/1541/1541
f 1540/1540/1540 1541/1541/1541 1542/1542/1542
f 1536/1536/1536 1538/1538/1538 1543/1543/1543
f 1536/1536/1536 1543/1543/1543 1539/1539/1539
f 1539/1539/1539 1543/1543/1543 1544/1544/1544
f 1539/1539/1539 1544/1544/1544 1541/1541/1541
f 1531/1531/1531 1540/1540/1540 1545/1545/1545
f 1531/1531/1531 1545/1545/1545 1532/1532/1532
f 1532/1532/1532 1545/1545/1545 1527/1527/1527
f 1532/1532/1532 1527/1527/1527 1522/1522/1522
f 1540/1540/1540 1542/1542/1542 1546/1546/1546
f 1540/1540/1540 1546/1546/1546 1545/1545/1545
f 1545/1545/1545 1546/1546/1546 1528/1528/1528
f 1545/1545/1545 1528/1528/1528 1527/1527/1527
f 1547/1547/1547 1548/1548/1548 1549/1549/1549
f 1547/1547/1547 1549/1549/1549 1550/1550/1550
f 1550/1550/1550 1549/1549/1549 1530/1530/1530
f 1550/1550/1550 1530/1530/1530 1526/1526/1526
f 1548/1548/1548 309/309/309 308/308/308
f 1548/1548/1548 308/308/308 1549/1549/1549
f 1549/1549/1549 308/308/308 311/311/311
f 1549/1549/1549 311/311/311 1530/1530/1530
f 1547/1547/1547 1550/1550/1550 1551/1551/1551
f 1547/1547/1547 1551/1551/1551 1552/1552/1552
f 1552/1552/1552 1551/1551/1551 1553/1553/1553
f 1552/1552/1552 1553/1553/1553 1554/1554/1554
f 1550/1550/1550 1526/1526/1526 1525/1525/1525
f 1550/1550/1550 1525/1525/1525 1551/1551/1551
f 1551/1551/1551 1525/1525/1525 1528/1528/1528
f 1551/1551/1551 1528/1528/1528 1553/1553/1553
f 1547/1547/1547 1552/1552/1552 1555/1555/1555
f 1547/1547/1547 1555/1555/1555 1556/1556/1556
f 1556/1556/1556 1555/1555/1555 1557/1557/1557
f 1556/1556/1556 1557/1557/1557 1558/1558/1558
f 1552/1552/1552 1554/1554/1554 1559/1559/1559
f 1552/1552/1552 1559/1559/1559 1555/1555/1555
f 1555/1555/1555 1559/1559/1559 1560/1560/1560
f 1555/1555/1555 1560/1560/1560 1557/1557/1557
f 1547/1547/1547 1556/1556/1556 1561/1561/1561
f 1547/1547/1547 1561/1561/1561 1548/1548/1548
f 1548/1548/1548 1561/1561/1561 313/313/313
f 1548/1548/1548 313/313/313 309/309/309
f 1556/1556/1556 1558/1558/1558 1562/1562/1562
f 1556/1556/1556 1562/1562/1562 1561/1561/1561
f 1561/1561/1561 1562/1562/1562 295/295/295
f 1561/1561/1561 295/295/295 313/313/313
f 1563/1563/1563 1564/1564/1564 1565/1565/1565
f 1563/1563/1563 1565/1565/1565 1566/1566/1566
f 1566/1566/1566 1565/1565/1565 1546/1546/1546
f 1566/1566/1566 1546/1546/1546 1542/1542/1542
f 1564/1564/1564 1554/1554/1554 1553/1553/1553
f 1564/1564/1564 1553/1553/1553 1565/1565/1565
f 1565/1565/1565 1553/1553/1553 1528/1528/1528
f 1565/1565/1565 1528/1528/1528 1546/1546/1546
f 1563/1563/1563 1566/1566/1566 1567/1567/1567
f 1563/1563/1563 1567/1567/1567 1568/1568/1568
f 1568/1568/1568 1567/1567/1567 1569/1569/1569
f 1568/1568/1568 1569/1569/1569 1570/1570/1570
f 1566/1566/1566 1542/1542/1542 1541/1541/1541
f 1566/1566/1566 1541/1541/1541 1567/1567/1567
f 1567/1567/1567 1541/1541/1541 1544/1544/1544
f 1567/1567/1567 1544/1544/1544 1569/1569/1569
f 1563/1563/1563 1568/1568/1568 1571/1571/1571
f 1563/1563/1563 1571/1571/1571 1572/1572/1572
f 1572/1572/1572 1571/1571/1571 1573/1573/1573
f 1572/1572/1572 1573/1573/1573 1574/1574/1574
f 1568/1568/1568 1570/1570/1570 1575/1575/1575
f 1568/1568/1568 1575/1575/1575 1571/1571/1571
f 1571/1571/1571 1575/1575/1575 1576/1576/1576
f 1571/1571/1571 1576/1576/1576 1573/1573/1573
f 1563/1563/1563 1572/1572/1572 1577/1577/1577
f 1563/1563/1563 1577/1577/1577 1564/1564/1564
f 1564/1564/1564 1577/1577/1577 1559/1559/1559
f 1564/1564/1564 1559/1559/1559 1554/1554/1554
f 1572/1572/1572 1574/1574/1574 1578/1578/1578
f 1572/1572/1572 1578/1578/1578 1577/1577/1577
f 1577/1577/1577 1578/1578/1578 1560/1560/1560
f 1577/1577/1577 1560/1560/1560 1559/1559/1559
f 1579/1579/1579 1580/1580/1580 1581/1581/1581
f 1579/1579/1579 1581/1581/1581 1582/1582/1582
f 1582/1582/1582 1581/1581/1581 1562/1562/1562
f 1582/1582/1582 1562/1562/1562 1558/1558/1558
f 1580/1580/1580 293/293/293 292/292/292
f 1580/1580/1580 292/292/292 1581/1581/1581
f 1581/1581/1581 292/292/292 295/295/295
f 1581/1581/1581 295/295/295 1562/1562/1562
f 1579/1579/1579 1582/1582/1582 1583/1583/1583
f 1579/1579/1579 1583/1583/1583 1584/1584/1584
f 1584/1584/1584 1583/1583/1583 1585/1585/1585
f 1584/1584/1584 1585/1585/1585 1586/1586/1586
f 1582/1582/1582 1558/1558/1558 1557/1557/1557
f 1582/1582/1582 1557/1557/1557 1583/1583/1583
f 1583/1583/1583 1557/1557/1557 1560/1560/1560
f 1583/1583/1583 1560/1560/1560 1585/1585/1585
f 1579/1579/1579 1584/1584/1584 1587/1587/1587
f 1579/1579/1579 1587/1587/1587 1588/1588/1588
f 1588/1588/1588 1587/1587/1587 1589/1589/1589
f 1588/1588/1588 1589/1589/1589 1590/1590/1590
f 1584/1584/1584 1586/1586/1586 1591/1591/1591
f 1584/1584/1584 1591/1591/1591 1587/1587/1587
f 1587/1587/1587 1591/1591/1591 1592/1592/1592
f 1587/1587/1587 1592/1592/1592 1589/1589/1589
f 1579/1579/1579 1588/1588/1588 1593/1593/1593
f 1579/1579/1579 1593/1593/1593 1580/1580/1580
f 1580/1580/1580 1593/1593/1593 297/297/297
f 1580/1580/1580 297/297/297 293/293/293
f 1588/1588/1588 1590/1590/1590 1594/1594/1594
f 1588/1588/1588 1594/1594/1594 1593/1593/1593
f 1593/1593/1593 1594/1594/1594 279/279/279
f 1593/1593/1593 279/279/279 297/297/297
f 1595/1595/1595 1596/1596/1596 1597/1597/1597
f 1595/1595/1595 1597/1597/1597 1598/1598/1598
f 1598/1598/1598 1597/1597/1597 1578/1578/1578
f 1598/1598/1598 1578/1578/1578 1574/1574/1574
f 1596/1596/1596 1586/1586/1586 1585/1585/1585
f 1596/1596/1596 1585/1585/1585 1597/1597/1597
f 1597/1597/1597 1585/1585/1585 1560/1560/1560
f 1597/1597/1597 1560/1560/1560 1578/1578/1578
f 1595/1595/1595 1598/1598/1598 1599/1599/1599
f 1595/1595/1595 1599/1599/1599 1600/1600/1600
f 1600/1600/1600 1599/1599/1599 1601/1601/1601
f 1600/1600/1600 1601/1601/1601 1602/1602/1602
f 1598/1598/1598 1574/1574/1574 1573/1573/1573
f 1598/1598/1598 1573/1573/1573 1599/1599/1599
f 1599/1599/1599 1573/1573/1573 1576/1576/1576
f 1599/1599/1599 1576/1576/1576 1601/1601/1601
f 1595/1595/1595 1600/1600/1600 1603/1603/1603
f 1595/1595/1595 1603/1603/1603 1604/1604/1604
f 1604/1604/1604 1603/1603/1603 1605/1605/1605
f 1604/1604/1604 1605/1605/1605 1606/1606/1606
f 1600/1600/1600 1602/1602/1602 1607/1607/1607
f 1600/1600/1600 1607/1607/1607 1603/1603/1603
f 1603/1603/1603 1607/1607/1607 1608/1608/1608
f 1603/1603/1603 1608/1608/1608 1605/1605/1605
f 1595/1595/1595 1604/1604/1604 1609/1609/1609
f 1595/1595/1595 1609/1609/1609 1596/1596/1596
f 1596/1596/1596 1609/1609/1609 1591/1591/1591
f 1596/1596/1596 1591/1591/1591 1586/1586/1586
f 1604/1604/1604 1606/1606/1606 1610/1610/1610
f 1604/1604/1604 1610/1610/1610 1609/1609/1609
f 1609/1609/1609 1610/1610/1610 1592/1592/1592
f 1609/1609/1609 1592/1592/1592 1591/1591/1591
f 1611/1611/1611 1612/1612/1612 1613/1613/1613
f 1611/1611/1611 1613/1613/1613 1614/1614/1614
f 1614/1614/1614 1613/1613/1613 1594/1594/1594
f 1614/1614/1614 1594/1594/1594 1590/1590/1590
f 1612/1612/1612 277/277/277 276/276/276
f 1612/1612/1612 276/276/276 1613/1613/1613
f 1613/1613/1613 276/276/276 279/279/279
f 1613/1613/1613 279/279/279 1594/1594/1594
f 1611/1611/1611 1614/1614/1614 1615/1615/1615
f 1611/1611/1611 1615/1615/1615 1616/1616/1616
f 1616/1616/1616 1615/1615/1615 1617/1617/1617
f 1616/1616/1616 1617/1617/1617 1618/1618/1618
f 1614/1614/1614 1590/1590/1590 1589/1589/1589
f 1614/1614/1614 1589/1589/1589 1615/1615/1615
f 1615/1615/1615 1589/1589/1589 1592/1592/1592
f 1615/1615/1615 1592/1592/1592 1617/1617/1617
f 1611/1611/1611 1616/1616/1616 1619/1619/1619
f 1611/1611/1611 1619/1619/1619 1620/1620/1620
f 1620/1620/1620 1619/1619/1619 1621/1621/1621
f 1620/1620/1620 1621/1621/1621 1622/1622/1622
f 1616/1616/1616 1618/1618/1618 1623/1623/1623
f 1616/1616/1616 1623/1623/1623 1619/1619/1619
f 1619/1619/1619 1623/1623/1623 1624/1624/1624
f 1619/1619/1619 1624/1624/1624 1621/1621/1621
f 1611/1611/1611 1620/1620/1620 1625/1625/1625
f 1611/1611/1611 1625/1625/1625 1612/1612/1612
f 1612/1612/1612 1625/1625/1625 281/281/281
f 1612/1612/1612 281/281/281 277/277/277
f 1620/1620/1620 1622/1622/1622 1626/1626/1626
f 1620/1620/1620 1626/1626/1626 1625/1625/1625
f 1625/1625/1625 1626/1626/1626 261/261/261
f 1625/1625/1625 261/261/261 281/281/281
f 1627/1627/1627 1628/1628/1628 1629/1629/1629
f 1627/1627/1627 1629/1629/1629 1630/1630/1630
f 1630/1630/1630 1629/1629/1629 1610/1610/1610
f 1630/1630/1630 1610/1610/1610 1606/1606/1606
f 1628/1628/1628 1618/1618/1618 1617/1617/1617
f 1628/1628/1628 1617/1617/1617 1629/1629/1629
f 1629/1629/1629 1617/1617/1617 1592/1592/1592
f 1629/1629/1629 1592/1592/1592 1610/1610/1610
f 1627/1627/1627 1630/1630/1630 1631/1631/1631
f 1627/1627/1627 1631/1631/1631 1632/1632/1632
f 1632/1632/1632 1631/1631/1631 1633/1633/1633
f 1632/1632/1632 1633/1633/1633 1634/1634/1634
f 1630/1630/1630 1606/1606/1606 1605/1605/1605
f 1630/1630/1630 1605/1605/1605 1631/1631/1631
f 1631/1631/1631 1605/1605/1605 1608/1608/1608
f 1631/1631/1631 1608/1608/1608 1633/1633/1633
f 1627/1627/1627 1632/1632/1632 1635/1635/1635
f 1627/1627/1627 1635/1635/1635 1636/1636/1636
f 1636/1636/1636 1635/1635/1635 1637/1637/1637
f 1636/1636/1636 1637/1637/1637 1638/1638/1638
f 1632/1632/1632 1634/1634/1634 1639/1639/1639
f 1632/1632/1632 1639/1639/1639 1635/1635/1635
f 1635/1635/1635 1639/1639/1639 1640/1640/1640
f 1635/1635/1635 1640/1640/1640 1637/1637/1637
f 1627/1627/1627 1636/1636/1636 1641/1641/1641
f 1627/1627/1627 1641/1641/1641 1628/1628/1628
f 1628/1628/1628 1641/1641/1641 1623/1623/1623
f 1628/1628/1628 1623/1623/1623 1618/1618/1618
f 1636/1636/1636 1638/1638/1638 1642/1642/1642
f 1636/1636/1636 1642/1642/1642 1641/1641/1641
f 1641/1641/1641 1642/1642/1642 1624/1624/1624
f 1641/1641/1641 1624/1624/1624 1623/1623/1623
f 1643/1643/1643 1644/1644/1644 1645/1645/1645
f 1643/1643/1643 1645/1645/1645 1646/1646/1646
f 1646/1646/1646 1645/1645/1645 1626/1626/1626
f 1646/1646/1646 1626/1626/1626 1622/1622/1622
f 1644/1644/1644 259/259/259 258/258/258
f 1644/1644/1644 258/258/258 1645/1645/1645
f 1645/1645/1645 258/258/258 261/261/261
f 1645/1645/1645 261/261/261 1626/1626/1626
f 1643/1643/1643 1646/1646/1646 1647/1647/1647
f 1643/1643/1643 1647/1647/1647 1648/1648/1648
f 1648/1648/1648 1647/1647/1647 1649/1649/1649
f 1648/1648/1648 1649/1649/1649 1650/1650/1650
f 1646/1646/1646 1622/1622/1622 1621/1621/1621
f 1646/1646/1646 1621/1621/1621 1647/1647/1647
f 1647/1647/1647 1621/1621/1621 1624/1624/1624
f 1647/1647/1647 1624/1624/1624 1649/1649/1649
f 1643/1643/1643 1648/1648/1648 1651/1651/1651
f 1643/1643/1643 1651/1651/1651 1652/1652/1652
f 1652/1652/1652 1651/1651/1651 1285/1285/1285
f 1652/1652/1652 1285/1285/1285 1280/1280/1280
f 1648/1648/1648 1650/1650/1650 1653/1653/1653
f 1648/1648/1648 1653/1653/1653 1651/1651/1651
f 1651/1651/1651 1653/1653/1653 1286/1286/1286
f 1651/1651/1651 1286/1286/1286 1285/1285/1285
f 1643/1643/1643 1652/1652/1652 1654/1654/1654
f 1643/1643/1643 1654/1654/1654 1644/1644/1644
f 1644/1644/1644 1654/1654/1654 264/264/264
f 1644/1644/1644 264/264/264 259/259/259
f 1652/1652/1652 1280/1280/1280 1279/1279/1279
f 1652/1652/1652 1279/1279/1279 1654/1654/1654
f 1654/1654/1654 1279/1279/1279 265/265/265
f 1654/1654/1654 265/265/265 264/264/264
f 1655/1655/1655 1656/1656/1656 1657/1657/1657
f 1655/1655/1655 1657/1657/1657 1658/1658/1658
f 1658/1658/1658 1657/1657/1657 1642/1642/1642
f 1658/1658/1658 1642/1642/1642 1638/1638/1638
f 1656/1656/1656 1650/1650/1650 1649/1649/1649
f 1656/1656/1656 1649/1649/1649 1657/1657/1657
f 1657/1657/1657 1649/1649/1649 1624/1624/1624
f 1657/1657/1657 1624/1624/1624 1642/1642/1642
f 1655/1655/1655 1658/1658/1658 1659/1659/1659
f 1655/1655/1655 1659/1659/1659 1660/1660/1660
f 1660/1660/1660 1659/1659/1659 1661/1661/1661
f 1660/1660/1660 1661/1661/1661 1662/1662/1662
f 1658/1658/1658 1638/1638/1638 1637/1637/1637
f 1658/1658/1658 1637/1637/1637 1659/1659/1659
f 1659/1659/1659 1637/1637/1637 1640/1640/1640
f 1659/1659/1659 1640/1640/1640 1661/1661/1661
f 1655/1655/1655 1660/1660/1660 1663/1663/1663
f 1655/1655/1655 1663/1663/1663 1664/1664/1664
f 1664/1664/1664 1663/1663/1663 1305/1305/1305
f 1664/1664/1664 1305/1305/1305 1300/1300/1300
f 1660/1660/1660 1662/1662/1662 1665/1665/1665
f 1660/1660/1660 1665/1665/1665 1663/1663/1663
f 1663/1663/1663 1665/1665/1665 1306/1306/1306
f 1663/1663/1663 1306/1306/1306 1305/1305/1305
f 1655/1655/1655 1664/1664/1664 1666/1666/1666
f 1655/1655/1655 1666/1666/1666 1656/1656/1656
f 1656/1656/1656 1666/1666/1666 1653/1653/1653
f 1656/1656/1656 1653/1653/1653 1650/1650/1650
f 1664/1664/1664 1300/1300/1300 1299/1299/1299
f 1664/1664/1664 1299/1299/1299 1666/1666/1666
f 1666/1666/1666 1299/1299/1299 1286/1286/1286
f 1666/1666/1666 1286/1286/1286 1653/1653/1653
f 1667/1667/1667 1668/1668/1668 1669/1669/1669
f 1667/1667/1667 1669/1669/1669 1670/1670/1670
f 1670/1670/1670 1669/1669/1669 1671/1671/1671
f 1670/1670/1670 1671/1671/1671 1672/1672/1672
f 1668/1668/1668 1662/1662/1662 1661/1661/1661
f 1668/1668/1668 1661/1661/1661 1669/1669/1669
f 1669/1669/1669 1661/1661/1661 1640/1640/1640
f 1669/1669/1669 1640/1640/1640 1671/1671/1671
f 1667/1667/1667 1670/1670/1670 1673/1673/1673
f 1667/1667/1667 1673/1673/1673 1674/1674/1674
f 1674/1674/1674 1673/1673/1673 1675/1675/1675
f 1674/1674/1674 1675/1675/1675 1676/1676/1676
f 1670/1670/1670 1672/1672/1672 1677/1677/1677
f 1670/1670/1670 1677/1677/1677 1673/1673/1673
f 1673/1673/1673 1677/1677/1677 1678/1678/1678
f 1673/1673/1673 1678/1678/1678 1675/1675/1675
f 1667/1667/1667 1674/1674/1674 1679/1679/1679
f 1667/1667/1667 1679/1679/1679 1680/1680/1680
f 1680/1680/1680 1679/1679/1679 1681/1681/1681
f 1680/1680/1680 1681/1681/1681 1682/1682/1682
f 1674/1674/1674 1676/1676/1676 1683/1683/1683
f 1674/1674/1674 1683/1683/1683 1679/1679/1679
f 1679/1679/1679 1683/1683/1683 1684/1684/1684
f 1679/1679/1679 1684/1684/1684 1681/1681/1681
f 1667/1667/1667 1680/1680/1680 1685/1685/1685
f 1667/1667/1667 1685/1685/1685 1668/1668/1668
f 1668/1668/1668 1685/1685/1685 1665/1665/1665
f 1668/1668/1668 1665/1665/1665 1662/1662/1662
f 1680/1680/1680 1682/1682/1682 1686/1686/1686
f 1680/1680/1680 1686/1686/1686 1685/1685/1685
f 1685/1685/1685 1686/1686/1686 1306/1306/1306
f 1685/1685/1685 1306/1306/1306 1665/1665/1665
f 1687/1687/1687 1688/1688/1688 1689/1689/1689
f 1687/1687/1687 1689/1689/1689 1690/1690/1690
f 1690/1690/1690 1689/1689/1689 1691/1691/1691
f 1690/1690/1690 1691/1691/1691 1692/1692/1692
f 1688/1688/1688 1634/1634/1634 1633/1633/1633
f 1688/1688/1688 1633/1633/1633 1689/1689/1689
f 1689/1689/1689 1633/1633/1633 1608/1608/1608
f 1689/1689/1689 1608/1608/1608 1691/1691/1691
f 1687/1687/1687 1690/1690/1690 1693/1693/1693
f 1687/1687/1687 1693/1693/1693 1694/1694/1694
f 1694/1694/1694 1693/1693/1693 1695/1695/1695
f 1694/1694/1694 1695/1695/1695 1696/1696/1696
f 1690/1690/1690 1692/1692/1692 1697/1697/1697
f 1690/1690/1690 1697/1697/1697 1693/1693/1693
f 1693/1693/1693 1697/1697/1697 1698/1698/1698
f 1693/1693/1693 1698/1698/1698 1695/1695/1695
f 1687/1687/1687 1694/1694/1694 1699/1699/1699
f 1687/1687/1687 1699/1699/1699 1700/1700/1700
f 1700/1700/1700 1699/1699/1699 1677/1677/1677
f 1700/1700/1700 1677/1677/1677 1672/1672/1672
f 1694/1694/1694 1696/1696/1696 1701/1701/1701
f 1694/1694/1694 1701/1701/1701 1699/1699/1699
f 1699/1699/1699 1701/1701/1701 1678/1678/1678
f 1699/1699/1699 1678/1678/1678 1677/1677/1677
f 1687/1687/1687 1700/1700/1700 1702/1702/1702
f 1687/1687/1687 1702/1702/1702 1688/1688/1688
f 1688/1688/1688 1702/1702/1702 1639/1639/1639
f 1688/1688/1688 1639/1639/1639 1634/1634/1634
f 1700/1700/1700 1672/1672/1672 1671/1671/1671
f 1700/1700/1700 1671/1671/1671 1702/1702/1702
f 1702/1702/1702 1671/1671/1671 1640/1640/1640
f 1702/1702/1702 1640/1640/1640 1639/1639/1639
f 1703/1703/1703 1704/1704/1704 1705/1705/1705
f 1703/1703/1703 1705/1705/1705 1706/1706/1706
f 1706/1706/1706 1705/1705/1705 1707/1707/1707
f 1706/1706/1706 1707/1707/1707 1708/1708/1708
f 1704/1704/1704 1602/1602/1602 1601/1601/1601
f 1704/1704/1704 1601/1601/1601 1705/1705/1705
f 1705/1705/1705 1601/1601/1601 1576/1576/1576
f 1705/1705/1705 1576/1576/1576 1707/1707/1707
f 1703/1703/1703 1706/1706/1706 1709/1709/1709
f 1703/1703/1703 1709/1709/1709 1710/1710/1710
f 1710/1710/1710 1709/1709/1709 1711/1711/1711
f 1710/1710/1710 1711/1711/1711 1712/1712/1712
f 1706/1706/1706 1708/1708/1708 1713/1713/1713
f 1706/1706/1706 1713/1713/1713 1709/1709/1709
f 1709/1709/1709 1713/1713/1713 1714/1714/1714
f 1709/1709/1709 1714/1714/1714 1711/1711/1711
f 1703/1703/1703 1710/1710/1710 1715/1715/1715
f 1703/1703/1703 1715/1715/1715 1716/1716/1716
f 1716/1716/1716 1715/1715/1715 1697/1697/1697
f 1716/1716/1716 1697/1697/1697 1692/1692/1692
f 1710/1710/1710 1712/1712/1712 1717/1717/1717
f 1710/1710/1710 1717/1717/1717 1715/1715/1715
f 1715/1715/1715 1717/1717/1717 1698/1698/1698
f 1715/1715/1715 1698/1698/1698 1697/1697/1697
f 1703/1703/1703 1716/1716/1716 1718/1718/1718
f 1703/1703/1703 1718/1718/1718 1704/1704/1704
f 1704/1704/1704 1718/1718/1718 1607/1607/1607
f 1704/1704/1704 1607/1607/1607 1602/1602/1602
f 1716/1716/1716 1692/1692/1692 1691/1691/1691
f 1716/1716/1716 1691/1691/1691 1718/1718/1718
f 1718/1718/1718 1691/1691/1691 1608/1608/1608
f 1718/1718/1718 1608/1608/1608 1607/1607/1607
f 1719/1719/1719 1720/1720/1720 1721/1721/1721
f 1719/1719/1719 1721/1721/1721 1722/1722/1722
f 1722/1722/1722 1721/1721/1721 1723/1723/1723
f 1722/1722/1722 1723/1723/1723 1724/1724/1724
f 1720/1720/1720 1570/1570/1570 1569/1569/1569
f 1720/1720/1720 1569/1569/1569 1721/1721/1721
f 1721/1721/1721 1569/1569/1569 1544/1544/1544
f 1721/1721/1721 1544/1544/1544 1723/1723/1723
f 1719/1719/1719 1722/1722/1722 1725/1725/1725
f 1719/1719/1719 1725/1725/1725 1726/1726/1726
f 1726/1726/1726 1725/1725/1725 1727/1727/1727
f 1726/1726/1726 1727/1727/1727 1728/1728/1728
f 1722/1722/1722 1724/1724/1724 1729/1729/1729
f 1722/1722/1722 1729/1729/1729 1725/1725/1725
f 1725/1725/1725 1729/1729/1729 1730/1730/1730
f 1725/1725/1725 1730/1730/1730 1727/1727/1727
f 1719/1719/1719 1726/1726/1726 1731/1731/1731
f 1719/1719/1719 1731/1731/1731 1732/1732/1732
f 1732/1732/1732 1731/1731/1731 1713/1713/1713
f 1732/1732/1732 1713/1713/1713 1708/1708/1708
f 1726/1726/1726 1728/1728/1728 1733/1733/1733
f 1726/1726/1726 1733/1733/1733 1731/1731/1731
f 1731/1731/1731 1733/1733/1733 1714/1714/1714
f 1731/1731/1731 1714/1714/1714 1713/1713/1713
f 1719/1719/1719 1732/1732/1732 1734/1734/1734
f 1719/1719/1719 1734/1734/1734 1720/1720/1720
f 1720/1720/1720 1734/1734/1734 1575/1575/1575
f 1720/1720/1720 1575/1575/1575 1570/1570/1570
f 1732/1732/1732 1708/1708/1708 1707/1707/1707
f 1732/1732/1732 1707/1707/1707 1734/1734/1734
f 1734/1734/1734 1707/1707/1707 1576/1576/1576
f 1734/1734/1734 1576/1576/1576 1575/1575/1575
f 1735/1735/1735 1736/1736/1736 1737/1737/1737
f 1735/1735/1735 1737/1737/1737 1738/1738/1738
f 1738/1738/1738 1737/1737/1737 1739/1739/1739
f 1738/1738/1738 1739/1739/1739 1740/1740/1740
f 1736/1736/1736 1538/1538/1538 1537/1537/1537
f 1736/1736/1736 1537/1537/1537 1737/1737/1737
f 1737/1737/1737 1537/1537/1537 1512/1512/1512
f 1737/1737/1737 1512/1512/1512 1739/1739/1739
f 1735/1735/1735 1738/1738/1738 1741/1741/1741
f 1735/1735/1735 1741/1741/1741 1742/1742/1742
f 1742/1742/1742 1741/1741/1741 1743/1743/1743
f 1742/1742/1742 1743/1743/1743 1744/1744/1744
f 1738/1738/1738 1740/1740/1740 1745/1745/1745
f 1738/1738/1738 1745/1745/1745 1741/1741/1741
f 1741/1741/1741 1745/1745/1745 1746/1746/1746
f 1741/1741/1741 1746/1746/1746 1743/1743/1743
f 1735/1735/1735 1742/1742/1742 1747/1747/1747
f 1735/1735/1735 1747/1747/1747 1748/1748/1748
f 1748/1748/1748 1747/1747/1747 1729/1729/1729
f 1748/1748/1748 1729/1729/1729 1724/1724/1724
f 1742/1742/1742 1744/1744/1744 1749/1749/1749
f 1742/1742/1742 1749/1749/1749 1747/1747/1747
f 1747/1747/1747 1749/1749/1749 1730/1730/1730
f 1747/1747/1747 1730/1730/1730 1729/1729/1729
f 1735/1735/1735 1748/1748/1748 1750/1750/1750
f 1735/1735/1735 1750/1750/1750 1736/1736/1736
f 1736/1736/1736 1750/1750/1750 1543/1543/1543
f 1736/1736/1736 1543/1543/1543 1538/1538/1538
f 1748/1748/1748 1724/1724/1724 1723/1723/1723
f 1748/1748/1748 1723/1723/1723 1750/1750/1750
f 1750/1750/1750 1723/1723/1723 1544/1544/1544
f 1750/1750/1750 1544/1544/1544 1543/1543/1543
f 1751/1751/1751 1752/1752/1752 1753/1753/1753
f 1751/1751/1751 1753/1753/1753 1754/1754/1754
f 1754/1754/1754 1753/1753/1753 1755/1755/1755
f 1754/1754/1754 1755/1755/1755 1756/1756/1756
f 1752/1752/1752 1506/1506/1506 1505/1505/1505
f 1752/1752/1752 1505/1505/1505 1753/1753/1753
f 1753/1753/1753 1505/1505/1505 1480/1480/1480
f 1753/1753/1753 1480/1480/1480 1755/1755/1755
f 1751/1751/1751 1754/1754/1754 1757/1757/1757
f 1751/1751/1751 1757/1757/1757 1758/1758/1758
f 1758/1758/1758 1757/1757/1757 1759/1759/1759
f 1758/1758/1758 1759/1759/1759 1760/1760/1760
f 1754/1754/1754 1756/1756/1756 1761/1761/1761
f 1754/1754/1754 1761/1761/1761 1757/1757/1757
f 1757/1757/1757 1761/1761/1761 1762/1762/1762
f 1757/1757/1757 1762/1762/1762 1759/1759/1759
f 1751/1751/1751 1758/1758/1758 1763/1763/1763
f 1751/1751/1751 1763/1763/1763 1764/1764/1764
f 1764/1764/1764 1763/1763/1763 1745/1745/1745
f 1764/1764/1764 1745/1745/1745 1740/1740/1740
f 1758/1758/1758 1760/1760/1760 1765/1765/1765
f 1758/1758/1758 1765/1765/1765 1763/1763/1763
f 1763/1763/1763 1765/1765/1765 1746/1746/1746
f 1763/1763/1763 1746/1746/1746 1745/1745/1745
f 1751/1751/1751 1764/1764/1764 1766/1766/1766
f 1751/1751/1751 1766/1766/1766 1752/1752/1752
f 1752/1752/1752 1766/1766/1766 1511/1511/1511
f 1752/1752/1752 1511/1511/1511 1506/1506/1506
f 1764/1764/1764 1740/1740/1740 1739/1739/1739
f 1764/1764/1764 1739/1739/1739 1766/1766/1766
f 1766/1766/1766 1739/1739/1739 1512/1512/1512
f 1766/1766/1766 1512/1512/1512 1511/1511/1511
f 1767/1767/1767 1768/1768/1768 1769/1769/1769
f 1767/1767/1767 1769/1769/1769 1770/1770/1770
f 1770/1770/1770 1769/1769/1769 1771/1771/1771
f 1770/1770/1770 1771/1771/1771 1772/1772/1772
f 1768/1768/1768 1474/1474/1474 1473/1473/1473
f 1768/1768/1768 1473/1473/1473 1769/1769/1769
f 1769/1769/1769 1473/1473/1473 1448/1448/1448
f 1769/1769/1769 1448/1448/1448 1771/1771/1771
f 1767/1767/1767 1770/1770/1770 1773/1773/1773
f 1767/1767/1767 1773/1773/1773 1774/1774/1774
f 1774/1774/1774 1773/1773/1773 1775/1775/1775
f 1774/1774/1774 1775/1775/1775 1776/1776/1776
f 1770/1770/1770 1772/1772/1772 1777/1777/1777
f 1770/1770/1770 1777/1777/1777 1773/1773/1773
f 1773/1773/1773 1777/1777/1777 1778/1778/1778
f 1773/1773/1773 1778/1778/1778 1775/1775/1775
f 1767/1767/1767 1774/1774/1774 1779/1779/1779
f 1767/1767/1767 1779/1779/1779 1780/1780/1780
f 1780/1780/1780 1779/1779/1779 1761/1761/1761
f 1780/1780/1780 1761/1761/1761 1756/1756/1756
f 1774/1774/1774 1776/1776/1776 1781/1781/1781
f 1774/1774/1774 1781/1781/1781 1779/1779/1779
f 1779/1779/1779 1781/1781/1781 1762/1762/1762
f 1779/1779/1779 1762/1762/1762 1761/1761/1761
f 1767/1767/1767 1780/1780/1780 1782/1782/1782
f 1767/1767/1767 1782/1782/1782 1768/1768/1768
f 1768/1768/1768 1782/1782/1782 1479/1479/1479
f 1768/1768/1768 1479/1479/1479 1474/1474/1474
f 1780/1780/1780 1756/1756/1756 1755/1755/1755
f 1780/1780/1780 1755/1755/1755 1782/1782/1782
f 1782/1782/1782 1755/1755/1755 1480/1480/1480
f 1782/1782/1782 1480/1480/1480 1479/1479/1479
f 1783/1783/1783 1784/1784/1784 1785/1785/1785
f 1783/1783/1783 1785/1785/1785 1786/1786/1786
f 1786/1786/1786 1785/1785/1785 1787/1787/1787
f 1786/1786/1786 1787/1787/1787 1788/1788/1788
f 1784/1784/1784 1442/1442/1442 1441/1441/1441
f 1784/1784/1784 1441/1441/1441 1785/1785/1785
f 1785/1785/1785 1441/1441/1441 1416/1416/1416
f 1785/1785/1785 1416/1416/1416 1787/1787/1787
f 1783/1783/1783 1786/1786/1786 1789/1789/1789
f 1783/1783/1783 1789/1789/1789 1790/1790/1790
f 1790/1790/1790 1789/1789/1789 1791/1791/1791
f 1790/1790/1790 1791/1791/1791 1792/1792/1792
f 1786/1786/1786 1788/1788/1788 1793/1793/1793
f 1786/1786/1786 1793/1793/1793 1789/1789/1789
f 1789/1789/1789 1793/1793/1793 1794/1794/1794
f 1789/1789/1789 1794/1794/1794 1791/1791/1791
f 1783/1783/1783 1790/1790/1790 1795/1795/1795
f 1783/1783/1783 1795/1795/1795 1796/1796/1796
f 1796/1796/1796 1795/1795/1795 1777/1777/1777
f 1796/1796/1796 1777/1777/1777 1772/1772/1772
f 1790/1790/1790 1792/1792/1792 1797/1797/1797
f 1790/1790/1790 1797/1797/1797 1795/1795/1795
f 1795/1795/1795 1797/1797/1797 1778/1778/1778
f 1795/1795/1795 1778/1778/1778 1777/1777/1777
f 1783/1783/1783 1796/1796/1796 1798/1798/1798
f 1783/1783/1783 1798/1798/1798 1784/1784/1784
f 1784/1784/1784 1798/1798/1798 1447/1447/1447
f 1784/1784/1784 1447/1447/1447 1442/1442/1442
f 1796/1796/1796 1772/1772/1772 1771/1771/1771
f 1796/1796/1796 1771/1771/1771 1798/1798/1798
f 1798/1798/1798 1771/1771/1771 1448/1448/1448
f 1798/1798/1798 1448/1448/1448 1447/1447/1447
f 1799/1799/1799 1800/1800/1800 1801/1801/1801
f 1799/1799/1799 1801/1801/1801 1802/1802/1802
f 1802/1802/1802 1801/1801/1801 1803/1803/1803
f 1802/1802/1802 1803/1803/1803 1804/1804/1804
f 1800/1800/1800 1408/1408/1408 1407/1407/1407
f 1800/1800/1800 1407/1407/1407 1801/1801/1801
f 1801/1801/1801 1407/1407/1407 1410/1410/1410
f 1801/1801/1801 1410/1410/1410 1803/1803/1803
f 1799/1799/1799 1802/1802/1802 1805/1805/1805
f 1799/1799/1799 1805/1805/1805 1806/1806/1806
f 1806/1806/1806 1805/1805/1805 1807/1807/1807
f 1806/1806/1806 1807/1807/1807 1808/1808/1808
f 1802/1802/1802 1804/1804/1804 1809/1809/1809
f 1802/1802/1802 1809/1809/1809 1805/1805/1805
f 1805/1805/1805 1809/1809/1809 1810/1810/1810
f 1805/1805/1805 1810/1810/1810 1807/1807/1807
f 1799/1799/1799 1806/1806/1806 1811/1811/1811
f 1799/1799/1799 1811/1811/1811 1812/1812/1812
f 1812/1812/1812 1811/1811/1811 1793/1793/1793
f 1812/1812/1812 1793/1793/1793 1788/1788/1788
f 1806/1806/1806 1808/1808/1808 1813/1813/1813
f 1806/1806/1806 1813/1813/1813 1811/1811/1811
f 1811/1811/1811 1813/1813/1813 1794/1794/1794
f 1811/1811/1811 1794/1794/1794 1793/1793/1793
f 1799/1799/1799 1812/1812/1812 1814/1814/1814
f 1799/1799/1799 1814/1814/1814 1800/1800/1800
f 1800/1800/1800 1814/1814/1814 1415/1415/1415
f 1800/1800/1800 1415/1415/1415 1408/1408/1408
f 1812/1812/1812 1788/1788/1788 1787/1787/1787
f 1812/1812/1812 1787/1787/1787 1814/1814/1814
f 1814/1814/1814 1787/1787/1787 1416/1416/1416
f 1814/1814/1814 1416/1416/1416 1415/1415/1415
f 1815/1815/1815 1816/1816/1816 1817/1817/1817
f 1815/1815/1815 1817/1817/1817 1818/1818/1818
f 1818/1818/1818 1817/1817/1817 1819/1819/1819
f 1818/1818/1818 1819/1819/1819 1820/1820/1820
f 1816/1816/1816 1370/1370/1370 1369/1369/1369
f 1816/1816/1816 1369/1369/1369 1817/1817/1817
f 1817/1817/1817 1369/1369/1369 1344/1344/1344
f 1817/1817/1817 1344/1344/1344 1819/1819/1819
f 1815/1815/1815 1818/1818/1818 1821/1821/1821
f 1815/1815/1815 1821/1821/1821 1822/1822/1822
f 1822/1822/1822 1821/1821/1821 1823/1823/1823
f 1822/1822/1822 1823/1823/1823 1824/1824/1824
f 1818/1818/1818 1820/1820/1820 1825/1825/1825
f 1818/1818/1818 1825/1825/1825 1821/1821/1821
f 1821/1821/1821 1825/1825/1825 1826/1826/1826
f 1821/1821/1821 1826/1826/1826 1823/1823/1823
f 1815/1815/1815 1822/1822/1822 1827/1827/1827
f 1815/1815/1815 1827/1827/1827 1828/1828/1828
f 1828/1828/1828 1827/1827/1827 1829/1829/1829
f 1828/1828/1828 1829/1829/1829 1830/1830/1830
f 1822/1822/1822 1824/1824/1824 1831/1831/1831
f 1822/1822/1822 1831/1831/1831 1827/1827/1827
f 1827/1827/1827 1831/1831/1831 1832/1832/1832
f 1827/1827/1827 1832/1832/1832 1829/1829/1829
f 1815/1815/1815 1828/1828/1828 1833/1833/1833
f 1815/1815/1815 1833/1833/1833 1816/1816/1816
f 1816/1816/1816 1833/1833/1833 1375/1375/1375
f 1816/1816/1816 1375/1375/1375 1370/1370/1370
f 1828/1828/1828 1830/1830/1830 1834/1834/1834
f 1828/1828/1828 1834/1834/1834 1833/1833/1833
f 1833/1833/1833 1834/1834/1834 1376/1376/1376
f 1833/1833/1833 1376/1376/1376 1375/1375/1375
f 1835/1835/1835 1836/1836/1836 1837/1837/1837
f 1835/1835/1835 1837/1837/1837 1838/1838/1838
f 1838/1838/1838 1837/1837/1837 1839/1839/1839
f 1838/1838/1838 1839/1839/1839 1840/1840/1840
f 1836/1836/1836 1338/1338/1338 1337/1337/1337
f 1836/1836/1836 1337/1337/1337 1837/1837/1837
f 1837/1837/1837 1337/1337/1337 1312/1312/1312
f 1837/1837/1837 1312/1312/1312 1839/1839/1839
f 1835/1835/1835 1838/1838/1838 1841/1841/1841
f 1835/1835/1835 1841/1841/1841 1842/1842/1842
f 1842/1842/1842 1841/1841/1841 1843/1843/1843
f 1842/1842/1842 1843/1843/1843 1844/1844/1844
f 1838/1838/1838 1840/1840/1840 1845/1845/1845
f 1838/1838/1838 1845/1845/1845 1841/1841/1841
f 1841/1841/1841 1845/1845/1845 1846/1846/1846
f 1841/1841/1841 1846/1846/1846 1843/1843/1843
f 1835/1835/1835 1842/1842/1842 1847/1847/1847
f 1835/1835/1835 1847/1847/1847 1848/1848/1848
f 1848/1848/1848 1847/1847/1847 1825/1825/1825
f 1848/1848/1848 1825/1825/1825 1820/1820/1820
f 1842/1842/1842 1844/1844/1844 1849/1849/1849
f 1842/1842/1842 1849/1849/1849 1847/1847/1847
f 1847/1847/1847 1849/1849/1849 1826/1826/1826
f 1847/1847/1847 1826/1826/1826 1825/1825/1825
f 1835/1835/1835 1848/1848/1848 1850/1850/1850
f 1835/1835/1835 1850/1850/1850 1836/1836/1836
f 1836/1836/1836 1850/1850/1850 1343/1343/1343
f 1836/1836/1836 1343/1343/1343 1338/1338/1338
f 1848/1848/1848 1820/1820/1820 1819/1819/1819
f 1848/1848/1848 1819/1819/1819 1850/1850/1850
f 1850/1850/1850 1819/1819/1819 1344/1344/1344
f 1850/1850/1850 1344/1344/1344 1343/1343/1343
f 1851/1851/1851 1852/1852/1852 1853/1853/1853
f 1851/1851/1851 1853/1853/1853 1854/1854/1854
f 1854/1854/1854 1853/1853/1853 1686/1686/1686
f 1854/1854/1854 1686/1686/1686 1682/1682/1682
f 1852/1852/1852 1304/1304/1304 1303/1303/1303
f 1852/1852/1852 1303/1303/1303 1853/1853/1853
f 1853/1853/1853 1303/1303/1303 1306/1306/1306
f 1853/1853/1853 1306/1306/1306 1686/1686/1686
f 1851/1851/1851 1854/1854/1854 1855/1855/1855
f 1851/1851/1851 1855/1855/1855 1856/1856/1856
f 1856/1856/1856 1855/1855/1855 1857/1857/1857
f 1856/1856/1856 1857/1857/1857 1858/1858/1858
f 1854/1854/1854 1682/1682/1682 1681/1681/1681
f 1854/1854/1854 1681/1681/1681 1855/1855/1855
f 1855/1855/1855 1681/1681/1681 1684/1684/1684
f 1855/1855/1855 1684/1684/1684 1857/1857/1857
f 1851/1851/1851 1856/1856/1856 1859/1859/1859
f 1851/1851/1851 1859/1859/1859 1860/1860/1860
f 1860/1860/1860 1859/1859/1859 1845/1845/1845
f 1860/1860/1860 1845/1845/1845 1840/1840/1840
f 1856/1856/1856 1858/1858/1858 1861/1861/1861
f 1856/1856/1856 1861/1861/1861 1859/1859/1859
f 1859/1859/1859 1861/1861/1861 1846/1846/1846
f 1859/1859/1859 1846/1846/1846 1845/1845/1845
f 1851/1851/1851 1860/1860/1860 1862/1862/1862
f 1851/1851/1851 1862/1862/1862 1852/1852/1852
f 1852/1852/1852 1862/1862/1862 1311/1311/1311
f 1852/1852/1852 1311/1311/1311 1304/1304/1304
f 1860/1860/1860 1840/1840/1840 1839/1839/1839
f 1860/1860/1860 1839/1839/1839 1862/1862/1862
f 1862/1862/1862 1839/1839/1839 1312/1312/1312
f 1862/1862/1862 1312/1312/1312 1311/1311/1311
f 1863/1863/1863 1864/1864/1864 1865/1865/1865
f 1863/1863/1863 1865/1865/1865 1866/1866/1866
f 1866/1866/1866 1865/1865/1865 1867/1867/1867
f 1866/1866/1866 1867/1867/1867 1868/1868/1868
f 1864/1864/1864 1676/1676/1676 1675/1675/1675
f 1864/1864/1864 1675/1675/1675 1865/1865/1865
f 1865/1865/1865 1675/1675/1675 1678/1678/1678
f 1865/1865/1865 1678/1678/1678 1867/1867/1867
f 1863/1863/1863 1866/1866/1866 1869/1869/1869
f 1863/1863/1863 1869/1869/1869 1870/1870/1870
f 1870/1870/1870 1869/1869/1869 1871/1871/1871
f 1870/1870/1870 1871/1871/1871 1872/1872/1872
f 1866/1866/1866 1868/1868/1868 1873/1873/1873
f 1866/1866/1866 1873/1873/1873 1869/1869/1869
f 1869/1869/1869 1873/1873/1873 1874/1874/1874
f 1869/1869/1869 1874/1874/1874 1871/1871/1871
f 1863/1863/1863 1870/1870/1870 1875/1875/1875
f 1863/1863/1863 1875/1875/1875 1876/1876/1876
f 1876/1876/1876 1875/1875/1875 1877/1877/1877
f 1876/1876/1876 1877/1877/1877 1878/1878/1878
f 1870/1870/1870 1872/1872/1872 1879/1879/1879
f 1870/1870/1870 1879/1879/1879 1875/1875/1875
f 1875/1875/1875 1879/1879/1879 1880/1880/1880
f 1875/1875/1875 1880/1880/1880 1877/1877/1877
f 1863/1863/1863 1876/1876/1876 1881/1881/1881
f 1863/1863/1863 1881/1881/1881 1864/1864/1864
f 1864/1864/1864 1881/1881/1881 1683/1683/1683
f 1864/1864/1864 1683/1683/1683 1676/1676/1676
f 1876/1876/1876 1878/1878/1878 1882/1882/1882
f 1876/1876/1876 1882/1882/1882 1881/1881/1881
f 1881/1881/1881 1882/1882/1882 1684/1684/1684
f 1881/1881/1881 1684/1684/1684 1683/1683/1683
f 1883/1883/1883 1884/1884/1884 1885/1885/1885
f 1883/1883/1883 1885/1885/1885 1886/1886/1886
f 1886/1886/1886 1885/1885/1885 1887/1887/1887
f 1886/1886/1886 1887/1887/1887 1888/1888/1888
f 1884/1884/1884 1872/1872/1872 1871/1871/1871
f 1884/1884/1884 1871/1871/1871 1885/1885/1885
f 1885/1885/1885 1871/1871/1871 1874/1874/1874
f 1885/1885/1885 1874/1874/1874 1887/1887/1887
f 1883/1883/1883 1886/1886/1886 1889/1889/1889
f 1883/1883/1883 1889/1889/1889 1890/1890/1890
f 1890/1890/1890 1889/1889/1889 1891/1891/1891
f 1890/1890/1890 1891/1891/1891 1892/1892/1892
f 1886/1886/1886 1888/1888/1888 1893/1893/1893
f 1886/1886/1886 1893/1893/1893 1889/1889/1889
f 1889/1889/1889 1893/1893/1893 1894/1894/1894
f 1889/1889/1889 1894/1894/1894 1891/1891/1891
f 1883/1883/1883 1890/1890/1890 1895/1895/1895
f 1883/1883/1883 1895/1895/1895 1896/1896/1896
f 1896/1896/1896 1895/1895/1895 1897/1897/1897
f 1896/1896/1896 1897/1897/1897 1898/1898/1898
f 1890/1890/1890 1892/1892/1892 1899/1899/1899
f 1890/1890/1890 1899/1899/1899 1895/1895/1895
f 1895/1895/1895 1899/1899/1899 1900/1900/1900
f 1895/1895/1895 1900/1900/1900 1897/1897/1897
f 1883/1883/1883 1896/1896/1896 1901/1901/1901
f 1883/1883/1883 1901/1901/1901 1884/1884/1884
f 1884/1884/1884 1901/1901/1901 1879/1879/1879
f 1884/1884/1884 1879/1879/1879 1872/1872/1872
f 1896/1896/1896 1898/1898/1898 1902/1902/1902
f 1896/1896/1896 1902/1902/1902 1901/1901/1901
f 1901/1901/1901 1902/1902/1902 1880/1880/1880
f 1901/1901/1901 1880/1880/1880 1879/1879/1879
f 1903/1903/1903 1904/1904/1904 1905/1905/1905
f 1903/1903/1903 1905/1905/1905 1906/1906/1906
f 1906/1906/1906 1905/1905/1905 1907/1907/1907
f 1906/1906/1906 1907/1907/1907 1908/1908/1908
f 1904/1904/1904 1696/1696/1696 1695/1695/1695
f 1904/1904/1904 1695/1695/1695 1905/1905/1905
f 1905/1905/1905 1695/1695/1695 1698/1698/1698
f 1905/1905/1905 1698/1698/1698 1907/1907/1907
f 1903/1903/1903 1906/1906/1906 1909/1909/1909
f 1903/1903/1903 1909/1909/1909 1910/1910/1910
f 1910/1910/1910 1909/1909/1909 1911/1911/1911
f 1910/1910/1910 1911/1911/1911 1912/1912/1912
f 1906/1906/1906 1908/1908/1908 1913/1913/1913
f 1906/1906/1906 1913/1913/1913 1909/1909/1909
f 1909/1909/1909 1913/1913/1913 1914/1914/1914
f 1909/1909/1909 1914/1914/1914 1911/1911/1911
f 1903/1903/1903 1910/1910/1910 1915/1915/1915
f 1903/1903/1903 1915/1915/1915 1916/1916/1916
f 1916/1916/1916 1915/1915/1915 1873/1873/1873
f 1916/1916/1916 1873/1873/1873 1868/1868/1868
f 1910/1910/1910 1912/1912/1912 1917/1917/1917
f 1910/1910/1910 1917/1917/1917 1915/1915/1915
f 1915/1915/1915 1917/1917/1917 1874/1874/1874
f 1915/1915/1915 1874/1874/1874 1873/1873/1873
f 1903/1903/1903 1916/1916/1916 1918/1918/1918
f 1903/1903/1903 1918/1918/1918 1904/1904/1904
f 1904/1904/1904 1918/1918/1918 1701/1701/1701
f 1904/1904/1904 1701/1701/1701 1696/1696/1696
f 1916/1916/1916 1868/1868/1868 1867/1867/1867
f 1916/1916/1916 1867/1867/1867 1918/1918/1918
f 1918/1918/1918 1867/1867/1867 1678/1678/1678
f 1918/1918/1918 1678/1678/1678 1701/1701/1701
f 1919/1919/1919 1920/1920/1920 1921/1921/1921
f 1919/1919/1919 1921/1921/1921 1922/1922/1922
f 1922/1922/1922 1921/1921/1921 1923/1923/1923
f 1922/1922/1922 1923/1923/1923 1924/1924/1924
f 1920/1920/1920 1912/1912/1912 1911/1911/1911
f 1920/1920/1920 1911/1911/1911 1921/1921/1921
f 1921/1921/1921 1911/1911/1911 1914/1914/1914
f 1921/1921/1921 1914/1914/1914 1923/1923/1923
f 1919/1919/1919 1922/1922/1922 1925/1925/1925
f 1919/1919/1919 1925/1925/1925 1926/1926/1926
f 1926/1926/1926 1925/1925/1925 1927/1927/1927
f 1926/1926/1926 1927/1927/1927 1928/1928/1928
f 1922/1922/1922 1924/1924/1924 1929/1929/1929
f 1922/1922/1922 1929/1929/1929 1925/1925/1925
f 1925/1925/1925 1929/1929/1929 1930/1930/1930
f 1925/1925/1925 1930/1930/1930 1927/1927/1927
f 1919/1919/1919 1926/1926/1926 1931/1931/1931
f 1919/1919/1919 1931/1931/1931 1932/1932/1932
f 1932/1932/1932 1931/1931/1931 1893/1893/1893
f 1932/1932/1932 1893/1893/1893 1888/1888/1888
f 1926/1926/1926 1928/1928/1928 1933/1933/1933
f 1926/1926/1926 1933/1933/1933 1931/1931/1931
f 1931/1931/1931 1933/1933/1933 1894/1894/1894
f 1931/1931/1931 1894/1894/1894 1893/1893/1893
f 1919/1919/1919 1932/1932/1932 1934/1934/1934
f 1919/1919/1919 1934/1934/1934 1920/1920/1920
f 1920/1920/1920 1934/1934/1934 1917/1917/1917
f 1920/1920/1920 1917/1917/1917 1912/1912/1912
f 1932/1932/1932 1888/1888/1888 1887/1887/1887
f 1932/1932/1932 1887/1887/1887 1934/1934/1934
f 1934/1934/1934 1887/1887/1887 1874/1874/1874
f 1934/1934/1934 1874/1874/1874 1917/1917/1917
f 1935/1935/1935 1936/1936/1936 1937/1937/1937
f 1935/1935/1935 1937/1937/1937 1938/1938/1938
f 1938/1938/1938 1937/1937/1937 1939/1939/1939
f 1938/1938/1938 1939/1939/1939 1940/1940/1940
f 1936/1936/1936 1712/1712/1712 1711/1711/1711
f 1936/1936/1936 1711/1711/1711 1937/1937/1937
f 1937/1937/1937 1711/1711/1711 1714/1714/1714
f 1937/1937/1937 1714/1714/1714 1939/1939/1939
f 1935/1935/1935 1938/1938/1938 1941/1941/1941
f 1935/1935/1935 1941/1941/1941 1942/1942/1942
f 1942/1942/1942 1941/1941/1941 1943/1943/1943
f 1942/1942/1942 1943/1943/1943 1944/1944/1944
f 1938/1938/1938 1940/1940/1940 1945/1945/1945
f 1938/1938/1938 1945/1945/1945 1941/1941/1941
f 1941/1941/1941 1945/1945/1945 1946/1946/1946
f 1941/1941/1941 1946/1946/1946 1943/1943/1943
f 1935/1935/1935 1942/1942/1942 1947/1947/1947
f 1935/1935/1935 1947/1947/1947 1948/1948/1948
f 1948/1948/1948 1947/1947/1947 1913/1913/1913
f 1948/1948/1948 1913/1913/1913 1908/1908/1908
f 1942/1942/1942 1944/1944/1944 1949/1949/1949
f 1942/1942/1942 1949/1949/1949 1947/1947/1947
f 1947/1947/1947 1949/1949/1949 1914/1914/1914
f 1947/1947/1947 1914/1914/1914 1913/1913/1913
f 1935/1935/1935 1948/1948/1948 1950/1950/1950
f 1935/1935/1935 1950/1950/1950 1936/1936/1936
f 1936/1936/1936 1950/1950/1950 1717/1717/1717
f 1936/1936/1936 1717/1717/1717 1712/1712/1712
f 1948/1948/1948 1908/1908/1908 1907/1907/1907
f 1948/1948/1948 1907/1907/1907 1950/1950/1950
f 1950/1950/1950 1907/1907/1907 1698/1698/1698
f 1950/1950/1950 1698/1698/1698 1717/1717/1717
f 1951/1951/1951 1952/1952/1952 1953/1953/1953
f 1951/1951/1951 1953/1953/1953 1954/1954/1954
f 1954/1954/1954 1953/1953/1953 1955/1955/1955
f 1954/1954/1954 1955/1955/1955 1956/1956/1956
f 1952/1952/1952 1944/1944/1944 1943/1943/1943
f 1952/1952/1952 1943/1943/1943 1953/1953/1953
f 1953/1953/1953 1943/1943/1943 1946/1946/1946
f 1953/1953/1953 1946/1946/1946 1955/1955/1955
f 1951/1951/1951 1954/1954/1954 1957/1957/1957
f 1951/1951/1951 1957/1957/1957 1958/1958/1958
f 1958/1958/1958 1957/1957/1957 1959/1959/1959
f 1958/1958/1958 1959/1959/1959 1960/1960/1960
f 1954/1954/1954 1956/1956/1956 1961/1961/1961
f 1954/1954/1954 1961/1961/1961 1957/1957/1957
f 1957/1957/1957 1961/1961/1961 1962/1962/1962
f 1957/1957/1957 1962/1962/1962 1959/1959/1959
f 1951/1951/1951 1958/1958/1958 1963/1963/1963
f 1951/1951/1951 1963/1963/1963 1964/1964/1964
f 1964/1964/1964 1963/1963/1963 1929/1929/1929
f 1964/1964/1964 1929/1929/1929 1924/1924/1924
f 1958/1958/1958 1960/1960/1960 1965/1965/1965
f 1958/1958/1958 1965/1965/1965 1963/1963/1963
f 1963/1963/1963 1965/1965/1965 1930/1930/1930
f 1963/1963/1963 1930/1930/1930 1929/1929/1929
f 1951/1951/1951 1964/1964/1964 1966/1966/1966
f 1951/1951/1951 1966/1966/1966 1952/1952/1952
f 1952/1952/1952 1966/1966/1966 1949/1949/1949
f 1952/1952/1952 1949/1949/1949 1944/1944/1944
f 1964/1964/1964 1924/1924/1924 1923/1923/1923
f 1964/1964/1964 1923/1923/1923 1966/1966/1966
f 1966/1966/1966 1923/1923/1923 1914/1914/1914
f 1966/1966/1966 1914/1914/1914 1949/1949/1949
f 1967/1967/1967 1968/1968/1968 1969/1969/1969
f 1967/1967/1967 1969/1969/1969 1970/1970/1970
f 1970/1970/1970 1969/1969/1969 1971/1971/1971
f 1970/1970/1970 1971/1971/1971 1972/1972/1972
f 1968/1968/1968 1728/1728/1728 1727/1727/1727
f 1968/1968/1968 1727/1727/1727 1969/1969/1969
f 1969/1969/1969 1727/1727/1727 1730/1730/1730
f 1969/1969/1969 1730/1730/1730 1971/1971/1971
f 1967/1967/1967 1970/1970/1970 1973/1973/1973
f 1967/1967/1967 1973/1973/1973 1974/1974/1974
f 1974/1974/1974 1973/1973/1973 1975/1975/1975
f 1974/1974/1974 1975/1975/1975 1976/1976/1976
f 1970/1970/1970 1972/1972/1972 1977/1977/1977
f 1970/1970/1970 1977/1977/1977 1973/1973/1973
f 1973/1973/1973 1977/1977/1977 1978/1978/1978
f 1973/1973/1973 1978/1978/1978 1975/1975/1975
f 1967/1967/1967 1974/1974/1974 1979/1979/1979
f 1967/1967/1967 1979/1979/1979 1980/1980/1980
f 1980/1980/1980 1979/1979/1979 1945/1945/1945
f 1980/1980/1980 1945/1945/1945 1940/1940/1940
f 1974/1974/1974 1976/1976/1976 1981/1981/1981
f 1974/1974/1974 1981/1981/1981 1979/1979/1979
f 1979/1979/1979 1981/1981/1981 1946/1946/1946
f 1979/1979/1979 1946/1946/1946 1945/1945/1945
f 1967/1967/1967 1980/1980/1980 1982/1982/1982
f 1967/1967/1967 1982/1982/1982 1968/1968/1968
f 1968/1968/1968 1982/1982/1982 1733/1733/1733
f 1968/1968/1968 1733/1733/1733 1728/1728/1728
f 1980/1980/1980 1940/1940/1940 1939/1939/1939
f 1980/1980/1980 1939/1939/1939 1982/1982/1982
f 1982/1982/1982 1939/1939/1939 1714/1714/1714
f 1982/1982/1982 1714/1714/1714 1733/1733/1733
f 1983/1983/1983 1984/1984/1984 1985/1985/1985
f 1983/1983/1983 1985/1985/1985 1986/1986/1986
f 1986/1986/1986 1985/1985/1985 1987/1987/1987
f 1986/1986/1986 1987/1987/1987 1988/1988/1988
f 1984/1984/1984 1976/1976/1976 1975/1975/1975
f 1984/1984/1984 1975/1975/1975 1985/1985/1985
f 1985/1985/1985 1975/1975/1975 1978/1978/1978
f 1985/1985/1985 1978/1978/1978 1987/1987/1987
f 1983/1983/1983 1986/1986/1986 1989/1989/1989
f 1983/1983/1983 1989/1989/1989 1990/1990/1990
f 1990/1990/1990 1989/1989/1989 1991/1991/1991
f 1990/1990/1990 1991/1991/1991 1992/1992/1992
f 1986/1986/1986 1988/1988/1988 1993/1993/1993
f 1986/1986/1986 1993/1993/1993 1989/1989/1989
f 1989/1989/1989 1993/1993/1993 1994/1994/1994
f 1989/1989/1989 1994/1994/1994 1991/1991/1991
f 1983/1983/1983 1990/1990/1990 1995/1995/1995
f 1983/1983/1983 1995/1995/1995 1996/1996/1996
f 1996/1996/1996 1995/1995/1995 1961/1961/1961
f 1996/1996/1996 1961/1961/1961 1956/1956/1956
f 1990/1990/1990 1992/1992/1992 1997/1997/1997
f 1990/1990/1990 1997/1997/1997 1995/1995/1995
f 1995/1995/1995 1997/1997/1997 1962/1962/1962
f 1995/1995/1995 1962/1962/1962 1961/1961/1961
f 1983/1983/1983 1996/1996/1996 1998/1998/1998
f 1983/1983/1983 1998/1998/1998 1984/1984/1984
f 1984/1984/1984 1998/1998/1998 1981/1981/1981
f 1984/1984/1984 1981/1981/1981 1976/1976/1976
f 1996/1996/1996 1956/1956/1956 1955/1955/1955
f 1996/1996/1996 1955/1955/1955 1998/1998/1998
f 1998/1998/1998 1955/1955/1955 1946/1946/1946
f 1998/1998/1998 1946/1946/1946 1981/1981/1981
f 1999/1999/1999 2000/2000/2000 2001/2001/2001
f 1999/1999/1999 2001/2001/2001 2002/2002/2002
f 2002/2002/2002 2001/2001/2001 2003/2003/2003
f 2002/2002/2002 2003/2003/2003 2004/2004/2004
f 2000/2000/2000 1744/1744/1744 1743/1743/1743
f 2000/2000/2000 1743/1743/1743 2001/2001/2001
f 2001/2001/2001 1743/1743/1743 1746/1746/1746
f 2001/2001/2001 1746/1746/1746 2003/2003/2003
f 1999/1999/1999 2002/2002/2002 2005/2005/2005
f 1999/1999/1999 2005/2005/2005 2006/2006/2006
f 2006/2006/2006 2005/2005/2005 2007/2007/2007
f 2006/2006/2006 2007/2007/2007 2008/2008/2008
f 2002/2002/2002 2004/2004/2004 2009/2009/2009
f 2002/2002/2002 2009/2009/2009 2005/2005/2005
f 2005/2005/2005 2009/2009/2009 2010/2010/2010
f 2005/2005/2005 2010/2010/2010 2007/2007/2007
f 1999/1999/1999 2006/2006/2006 2011/2011/2011
f 1999/1999/1999 2011/2011/2011 2012/2012/2012
f 2012/2012/2012 2011/2011/2011 1977/1977/1977
f 2012/2012/2012 1977/1977/1977 1972/1972/1972
f 2006/2006/2006 2008/2008/2008 2013/2013/2013
f 2006/2006/2006 2013/2013/2013 2011/2011/2011
f 2011/2011/2011 2013/2013/2013 1978/1978/1978
f 2011/2011/2011 1978/1978/1978 1977/1977/1977
f 1999/1999/1999 2012/2012/2012 2014/2014/2014
f 1999/1999/1999 2014/2014/2014 2000/2000/2000
f 2000/2000/2000 2014/2014/2014 1749/1749/1749
f 2000/2000/2000 1749/1749/1749 1744/1744/1744
f 2012/2012/2012 1972/1972/1972 1971/1971/1971
f 2012/2012/2012 1971/1971/1971 2014/2014/2014
f 2014/2014/2014 1971/1971/1971 1730/1730/1730
f 2014/2014/2014 1730/1730/1730 1749/1749/1749
f 2015/2015/2015 2016/2016/2016 2017/2017/2017
f 2015/2015/2015 2017/2017/2017 2018/2018/2018
f 2018/2018/2018 2017/2017/2017 2019/2019/2019
f 2018/2018/2018 2019/2019/2019 2020/2020/2020
f 2016/2016/2016 2008/2008/2008 2007/2007/2007
f 2016/2016/2016 2007/2007/2007 2017/2017/2017
f 2017/2017/2017 2007/2007/2007 2010/2010/2010
f 2017/2017/2017 2010/2010/2010 2019/2019/2019
f 2015/2015/2015 2018/2018/2018 2021/2021/2021
f 2015/2015/2015 2021/2021/2021 2022/2022/2022
f 2022/2022/2022 2021/2021/2021 2023/2023/2023
f 2022/2022/2022 2023/2023/2023 2024/2024/2024
f 2018/2018/2018 2020/2020/2020 2025/2025/2025
f 2018/2018/2018 2025/2025/2025 2021/2021/2021
f 2021/2021/2021 2025/2025/2025 2026/2026/2026
f 2021/2021/2021 2026/2026/2026 2023/2023/2023
f 2015/2015/2015 2022/2022/2022 2027/2027/2027
f 2015/2015/2015 2027/2027/2027 2028/2028/2028
f 2028/2028/2028 2027/2027/2027 1993/1993/1993
f 2028/2028/2028 1993/1993/1993 1988/1988/1988
f 2022/2022/2022 2024/2024/2024 2029/2029/2029
f 2022/2022/2022 2029/2029/2029 2027/2027/2027
f 2027/2027/2027 2029/2029/2029 1994/1994/1994
f 2027/2027/2027 1994/1994/1994 1993/1993/1993
f 2015/2015/2015 2028/2028/2028 2030/2030/2030
f 2015/2015/2015 2030/2030/2030 2016/2016/2016
f 2016/2016/2016 2030/2030/2030 2013/2013/2013
f 2016/2016/2016 2013/2013/2013 2008/2008/2008
f 2028/2028/2028 1988/1988/1988 1987/1987/1987
f 2028/2028/2028 1987/1987/1987 2030/2030/2030
f 2030/2030/2030 1987/1987/1987 1978/1978/1978
f 2030/2030/2030 1978/1978/1978 2013/2013/2013
f 2031/2031/2031 2032/2032/2032 2033/2033/2033
f 2031/2031/2031 2033/2033/2033 2034/2034/2034
f 2034/2034/2034 2033/2033/2033 2035/2035/2035
f 2034/2034/2034 2035/2035/2035 2036/2036/2036
f 2032/2032/2032 1760/1760/1760 1759/1759/1759
f 2032/2032/2032 1759/1759/1759 2033/2033/2033
f 2033/2033/2033 1759/1759/1759 1762/1762/1762
f 2033/2033/2033 1762/1762/1762 2035/2035/2035
f 2031/2031/2031 2034/2034/2034 2037/2037/2037
f 2031/2031/2031 2037/2037/2037 2038/2038/2038
f 2038/2038/2038 2037/2037/2037 2039/2039/2039
f 2038/2038/2038 2039/2039/2039 2040/2040/2040
f 2034/2034/2034 2036/2036/2036 2041/2041/2041
f 2034/2034/2034 2041/2041/2041 2037/2037/2037
f 2037/2037/2037 2041/2041/2041 2042/2042/2042
f 2037/2037/2037 2042/2042/2042 2039/2039/2039
f 2031/2031/2031 2038/2038/2038 2043/2043/2043
f 2031/2031/2031 2043/2043/2043 2044/2044/2044
f 2044/2044/2044 2043/2043/2043 2009/2009/2009
f 2044/2044/2044 2009/2009/2009 2004/2004/2004
f 2038/2038/2038 2040/2040/2040 2045/2045/2045
f 2038/2038/2038 2045/2045/2045 2043/2043/2043
f 2043/2043/2043 2045/2045/2045 2010/2010/2010
f 2043/2043/2043 2010/2010/2010 2009/2009/2009
f 2031/2031/2031 2044/2044/2044 2046/2046/2046
f 2031/2031/2031 2046/2046/2046 2032/2032/2032
f 2032/2032/2032 2046/2046/2046 1765/1765/1765
f 2032/2032/2032 1765/1765/1765 1760/1760/1760
f 2044/2044/2044 2004/2004/2004 2003/2003/2003
f 2044/2044/2044 2003/2003/2003 2046/2046/2046
f 2046/2046/2046 2003/2003/2003 1746/1746/1746
f 2046/2046/2046 1746/1746/1746 1765/1765/1765
f 2047/2047/2047 2048/2048/2048 2049/2049/2049
f 2047/2047/2047 2049/2049/2049 2050/2050/2050
f 2050/2050/2050 2049/2049/2049 2051/2051/2051
f 2050/2050/2050 2051/2051/2051 2052/2052/2052
f 2048/2048/2048 2040/2040/2040 2039/2039/2039
f 2048/2048/2048 2039/2039/2039 2049/2049/2049
f 2049/2049/2049 2039/2039/2039 2042/2042/2042
f 2049/2049/2049 2042/2042/2042 2051/2051/2051
f 2047/2047/2047 2050/2050/2050 2053/2053/2053
f 2047/2047/2047 2053/2053/2053 2054/2054/2054
f 2054/2054/2054 2053/2053/2053 2055/2055/2055
f 2054/2054/2054 2055/2055/2055 2056/2056/2056
f 2050/2050/2050 2052/2052/2052 2057/2057/2057
f 2050/2050/2050 2057/2057/2057 2053/2053/2053
f 2053/2053/2053 2057/2057/2057 2058/2058/2058
f 2053/2053/2053 2058/2058/2058 2055/2055/2055
f 2047/2047/2047 2054/2054/2054 2059/2059/2059
f 2047/2047/2047 2059/2059/2059 2060/2060/2060
f 2060/2060/2060 2059/2059/2059 2025/2025/2025
f 2060/2060/2060 2025/2025/2025 2020/2020/2020
f 2054/2054/2054 2056/2056/2056 2061/2061/2061
f 2054/2054/2054 2061/2061/2061 2059/2059/2059
f 2059/2059/2059 2061/2061/2061 2026/2026/2026
f 2059/2059/2059 2026/2026/2026 2025/2025/2025
f 2047/2047/2047 2060/2060/2060 2062/2062/2062
f 2047/2047/2047 2062/2062/2062 2048/2048/2048
f 2048/2048/2048 2062/2062/2062 2045/2045/2045
f 2048/2048/2048 2045/2045/2045 2040/2040/2040
f 2060/2060/2060 2020/2020/2020 2019/2019/2019
f 2060/2060/2060 2019/2019/2019 2062/2062/2062
f 2062/2062/2062 2019/2019/2019 2010/2010/2010
f 2062/2062/2062 2010/2010/2010 2045/2045/2045
f 2063/2063/2063 2064/2064/2064 2065/2065/2065
f 2063/2063/2063 2065/2065/2065 2066/2066/2066
f 2066/2066/2066 2065/2065/2065 2067/2067/2067
f 2066/2066/2066 2067/2067/2067 2068/2068/2068
f 2064/2064/2064 1776/1776/1776 1775/1775/1775
f 2064/2064/2064 1775/1775/1775 2065/2065/2065
f 2065/2065/2065 1775/1775/1775 1778/1778/1778
f 2065/2065/2065 1778/1778/1778 2067/2067/2067
f 2063/2063/2063 2066/2066/2066 2069/2069/2069
f 2063/2063/2063 2069/2069/2069 2070/2070/2070
f 2070/2070/2070 2069/2069/2069 2071/2071/2071
f 2070/2070/2070 2071/2071/2071 2072/2072/2072
f 2066/2066/2066 2068/2068/2068 2073/2073/2073
f 2066/2066/2066 2073/2073/2073 2069/2069/2069
f 2069/2069/2069 2073/2073/2073 2074/2074/2074
f 2069/2069/2069 2074/2074/2074 2071/2071/2071
f 2063/2063/2063 2070/2070/2070 2075/2075/2075
f 2063/2063/2063 2075/2075/2075 2076/2076/2076
f 2076/2076/2076 2075/2075/2075 2041/2041/2041
f 2076/2076/2076 2041/2041/2041 2036/2036/2036
f 2070/2070/2070 2072/2072/2072 2077/2077/2077
f 2070/2070/2070 2077/2077/2077 2075/2075/2075
f 2075/2075/2075 2077/2077/2077 2042/2042/2042
f 2075/2075/2075 2042/2042/2042 2041/2041/2041
f 2063/2063/2063 2076/2076/2076 2078/2078/2078
f 2063/2063/2063 2078/2078/2078 2064/2064/2064
f 2064/2064/2064 2078/2078/2078 1781/1781/1781
f 2064/2064/2064 1781/1781/1781 1776/1776/1776
f 2076/2076/2076 2036/2036/2036 2035/2035/2035
f 2076/2076/2076 2035/2035/2035 2078/2078/2078
f 2078/2078/2078 2035/2035/2035 1762/1762/1762
f 2078/2078/2078 1762/1762/1762 1781/1781/1781
f 2079/2079/2079 2080/2080/2080 2081/2081/2081
f 2079/2079/2079 2081/2081/2081 2082/2082/2082
f 2082/2082/2082 2081/2081/2081 2083/2083/2083
f 2082/2082/2082 2083/2083/2083 2084/2084/2084
f 2080/2080/2080 2072/2072/2072 2071/2071/2071
f 2080/2080/2080 2071/2071/2071 2081/2081/2081
f 2081/2081/2081 2071/2071/2071 2074/2074/2074
f 2081/2081/2081 2074/2074/2074 2083/2083/2083
f 2079/2079/2079 2082/2082/2082 2085/2085/2085
f 2079/2079/2079 2085/2085/2085 2086/2086/2086
f 2086/2086/2086 2085/2085/2085 2087/2087/2087
f 2086/2086/2086 2087/2087/2087 2088/2088/2088
f 2082/2082/2082 2084/2084/2084 2089/2089/2089
f 2082/2082/2082 2089/2089/2089 2085/2085/2085
f 2085/2085/2085 2089/2089/2089 2090/2090/2090
f 2085/2085/2085 2090/2090/2090 2087/2087/2087
f 2079/2079/2079 2086/2086/2086 2091/2091/2091
f 2079/2079/2079 2091/2091/2091 2092/2092/2092
f 2092/2092/2092 2091/2091/2091 2057/2057/2057
f 2092/2092/2092 2057/2057/2057 2052/2052/2052
f 2086/2086/2086 2088/2088/2088 2093/2093/2093
f 2086/2086/2086 2093/2093/2093 2091/2091/2091
f 2091/2091/2091 2093/2093/2093 2058/2058/2058
f 2091/2091/2091 2058/2058/2058 2057/2057/2057
f 2079/2079/2079 2092/2092/2092 2094/2094/2094
f 2079/2079/2079 2094/2094/2094 2080/2080/2080
f 2080/2080/2080 2094/2094/2094 2077/2077/2077
f 2080/2080/2080 2077/2077/2077 2072/2072/2072
f 2092/2092/2092 2052/2052/2052 2051/2051/2051
f 2092/2092/2092 2051/2051/2051 2094/2094/2094
f 2094/2094/2094 2051/2051/2051 2042/2042/2042
f 2094/2094/2094 2042/2042/2042 2077/2077/2077
f 2095/2095/2095 2096/2096/2096 2097/2097/2097
f 2095/2095/2095 2097/2097/2097 2098/2098/2098
f 2098/2098/2098 2097/2097/2097 2099/2099/2099
f 2098/2098/2098 2099/2099/2099 2100/2100/2100
f 2096/2096/2096 1792/1792/1792 1791/1791/1791
f 2096/2096/2096 1791/1791/1791 2097/2097/2097
f 2097/2097/2097 1791/1791/1791 1794/1794/1794
f 2097/2097/2097 1794/1794/1794 2099/2099/2099
f 2095/2095/2095 2098/2098/2098 2101/2101/2101
f 2095/2095/2095 2101/2101/2101 2102/2102/2102
f 2102/2102/2102 2101/2101/2101 2103/2103/2103
f 2102/2102/2102 2103/2103/2103 2104/2104/2104
f 2098/2098/2098 2100/2100/2100 2105/2105/2105
f 2098/2098/2098 2105/2105/2105 2101/2101/2101
f 2101/2101/2101 2105/2105/2105 2106/2106/2106
f 2101/2101/2101 2106/2106/2106 2103/2103/2103
f 2095/2095/2095 2102/2102/2102 2107/2107/2107
f 2095/2095/2095 2107/2107/2107 2108/2108/2108
f 2108/2108/2108 2107/2107/2107 2073/2073/2073
f 2108/2108/2108 2073/2073/2073 2068/2068/2068
f 2102/2102/2102 2104/2104/2104 2109/2109/2109
f 2102/2102/2102 2109/2109/2109 2107/2107/2107
f 2107/2107/2107 2109/2109/2109 2074/2074/2074
f 2107/2107/2107 2074/2074/2074 2073/2073/2073
f 2095/2095/2095 2108/2108/2108 2110/2110/2110
f 2095/2095/2095 2110/2110/2110 2096/2096/2096
f 2096/2096/2096 2110/2110/2110 1797/1797/1797
f 2096/2096/2096 1797/1797/1797 1792/1792/1792
f 2108/2108/2108 2068/2068/2068 2067/2067/2067
f 2108/2108/2108 2067/2067/2067 2110/2110/2110
f 2110/2110/2110 2067/2067/2067 1778/1778/1778
f 2110/2110/2110 1778/1778/1778 1797/1797/1797
f 2111/2111/2111 2112/2112/2112 2113/2113/2113
f 2111/2111/2111 2113/2113/2113 2114/2114/2114
f 2114/2114/2114 2113/2113/2113 2115/2115/2115
f 2114/2114/2114 2115/2115/2115 2116/2116/2116
f 2112/2112/2112 2104/2104/2104 2103/2103/2103
f 2112/2112/2112 2103/2103/2103 2113/2113/2113
f 2113/2113/2113 2103/2103/2103 2106/2106/2106
f 2113/2113/2113 2106/2106/2106 2115/2115/2115
f 2111/2111/2111 2114/2114/2114 2117/2117/2117
f 2111/2111/2111 2117/2117/2117 2118/2118/2118
f 2118/2118/2118 2117/2117/2117 2119/2119/2119
f 2118/2118/2118 2119/2119/2119 2120/2120/2120
f 2114/2114/2114 2116/2116/2116 2121/2121/2121
f 2114/2114/2114 2121/2121/2121 2117/2117/2117
f 2117/2117/2117 2121/2121/2121 2122/2122/2122
f 2117/2117/2117 2122/2122/2122 2119/2119/2119
f 2111/2111/2111 2118/2118/2118 2123/2123/2123
f 2111/2111/2111 2123/2123/2123 2124/2124/2124
f 2124/2124/2124 2123/2123/2123 2089/2089/2089
f 2124/2124/2124 2089/2089/2089 2084/2084/2084
f 2118/2118/2118 2120/2120/2120 2125/2125/2125
f 2118/2118/2118 2125/2125/2125 2123/2123/2123
f 2123/2123/2123 2125/2125/2125 2090/2090/2090
f 2123/2123/2123 2090/2090/2090 2089/2089/2089
f 2111/2111/2111 2124/2124/2124 2126/2126/2126
f 2111/2111/2111 2126/2126/2126 2112/2112/2112
f 2112/2112/2112 2126/2126/2126 2109/2109/2109
f 2112/2112/2112 2109/2109/2109 2104/2104/2104
f 2124/2124/2124 2084/2084/2084 2083/2083/2083
f 2124/2124/2124 2083/2083/2083 2126/2126/2126
f 2126/2126/2126 2083/2083/2083 2074/2074/2074
f 2126/2126/2126 2074/2074/2074 2109/2109/2109
f 2127/2127/2127 2128/2128/2128 2129/2129/2129
f 2127/2127/2127 2129/2129/2129 2130/2130/2130
f 2130/2130/2130 2129/2129/2129 2131/2131/2131
f 2130/2130/2130 2131/2131/2131 2132/2132/2132
f 2128/2128/2128 1808/1808/1808 1807/1807/1807
f 2128/2128/2128 1807/1807/1807 2129/2129/2129
f 2129/2129/2129 1807/1807/1807 1810/1810/1810
f 2129/2129/2129 1810/1810/1810 2131/2131/2131
f 2127/2127/2127 2130/2130/2130 2133/2133/2133
f 2127/2127/2127 2133/2133/2133 2134/2134/2134
f 2134/2134/2134 2133/2133/2133 2135/2135/2135
f 2134/2134/2134 2135/2135/2135 2136/2136/2136
f 2130/2130/2130 2132/2132/2132 2137/2137/2137
f 2130/2130/2130 2137/2137/2137 2133/2133/2133
f 2133/2133/2133 2137/2137/2137 2138/2138/2138
f 2133/2133/2133 2138/2138/2138 2135/2135/2135
f 2127/2127/2127 2134/2134/2134 2139/2139/2139
f 2127/2127/2127 2139/2139/2139 2140/2140/2140
f 2140/2140/2140 2139/2139/2139 2105/2105/2105
f 2140/2140/2140 2105/2105/2105 2100/2100/2100
f 2134/2134/2134 2136/2136/2136 2141/2141/2141
f 2134/2134/2134 2141/2141/2141 2139/2139/2139
f 2139/2139/2139 2141/2141/2141 2106/2106/2106
f 2139/2139/2139 2106/2106/2106 2105/2105/2105
f 2127/2127/2127 2140/2140/2140 2142/2142/2142
f 2127/2127/2127 2142/2142/2142 2128/2128/2128
f 2128/2128/2128 2142/2142/2142 1813/1813/1813
f 2128/2128/2128 1813/1813/1813 1808/1808/1808
f 2140/2140/2140 2100/2100/2100 2099/2099/2099
f 2140/2140/2140 2099/2099/2099 2142/2142/2142
f 2142/2142/2142 2099/2099/2099 1794/1794/1794
f 2142/2142/2142 1794/1794/1794 1813/1813/1813
f 2143/2143/2143 2144/2144/2144 2145/2145/2145
f 2143/2143/2143 2145/2145/2145 2146/2146/2146
f 2146/2146/2146 2145/2145/2145 2147/2147/2147
f 2146/2146/2146 2147/2147/2147 2148/2148/2148
f 2144/2144/2144 2136/2136/2136 2135/2135/2135
f 2144/2144/2144 2135/2135/2135 2145/2145/2145
f 2145/2145/2145 2135/2135/2135 2138/2138/2138
f 2145/2145/2145 2138/2138/2138 2147/2147/2147
f 2143/2143/2143 2146/2146/2146 2149/2149/2149
f 2143/2143/2143 2149/2149/2149 2150/2150/2150
f 2150/2150/2150 2149/2149/2149 2151/2151/2151
f 2150/2150/2150 2151/2151/2151 2152/2152/2152
f 2146/2146/2146 2148/2148/2148 2153/2153/2153
f 2146/2146/2146 2153/2153/2153 2149/2149/2149
f 2149/2149/2149 2153/2153/2153 2154/2154/2154
f 2149/2149/2149 2154/2154/2154 2151/2151/2151
f 2143/2143/2143 2150/2150/2150 2155/2155/2155
f 2143/2143/2143 2155/2155/2155 2156/2156/2156
f 2156/2156/2156 2155/2155/2155 2121/2121/2121
f 2156/2156/2156 2121/2121/2121 2116/2116/2116
f 2150/2150/2150 2152/2152/2152 2157/2157/2157
f 2150/2150/2150 2157/2157/2157 2155/2155/2155
f 2155/2155/2155 2157/2157/2157 2122/2122/2122
f 2155/2155/2155 2122/2122/2122 2121/2121/2121
f 2143/2143/2143 2156/2156/2156 2158/2158/2158
f 2143/2143/2143 2158/2158/2158 2144/2144/2144
f 2144/2144/2144 2158/2158/2158 2141/2141/2141
f 2144/2144/2144 2141/2141/2141 2136/2136/2136
f 2156/2156/2156 2116/2116/2116 2115/2115/2115
f 2156/2156/2156 2115/2115/2115 2158/2158/2158
f 2158/2158/2158 2115/2115/2115 2106/2106/2106
f 2158/2158/2158 2106/2106/2106 2141/2141/2141
f 2159/2159/2159 2160/2160/2160 2161/2161/2161
f 2159/2159/2159 2161/2161/2161 2162/2162/2162
f 2162/2162/2162 2161/2161/2161 2163/2163/2163
f 2162/2162/2162 2163/2163/2163 2164/2164/2164
f 2160/2160/2160 1824/1824/1824 1823/1823/1823
f 2160/2160/2160 1823/1823/1823 2161/2161/2161
f 2161/2161/2161 1823/1823/1823 1826/1826/1826
f 2161/2161/2161 1826/1826/1826 2163/2163/2163
f 2159/2159/2159 2162/2162/2162 2165/2165/2165
f 2159/2159/2159 2165/2165/2165 2166/2166/2166
f 2166/2166/2166 2165/2165/2165 2167/2167/2167
f 2166/2166/2166 2167/2167/2167 2168/2168/2168
f 2162/2162/2162 2164/2164/2164 2169/2169/2169
f 2162/2162/2162 2169/2169/2169 2165/2165/2165
f 2165/2165/2165 2169/2169/2169 2170/2170/2170
f 2165/2165/2165 2170/2170/2170 2167/2167/2167
f 2159/2159/2159 2166/2166/2166 2171/2171/2171
f 2159/2159/2159 2171/2171/2171 2172/2172/2172
f 2172/2172/2172 2171/2171/2171 2173/2173/2173
f 2172/2172/2172 2173/2173/2173 2174/2174/2174
f 2166/2166/2166 2168/2168/2168 2175/2175/2175
f 2166/2166/2166 2175/2175/2175 2171/2171/2171
f 2171/2171/2171 2175/2175/2175 2176/2176/2176
f 2171/2171/2171 2176/2176/2176 2173/2173/2173
f 2159/2159/2159 2172/2172/2172 2177/2177/2177
f 2159/2159/2159 2177/2177/2177 2160/2160/2160
f 2160/2160/2160 2177/2177/2177 1831/1831/1831
f 2160/2160/2160 1831/1831/1831 1824/1824/1824
f 2172/2172/2172 2174/2174/2174 2178/2178/2178
f 2172/2172/2172 2178/2178/2178 2177/2177/2177
f 2177/2177/2177 2178/2178/2178 1832/1832/1832
f 2177/2177/2177 1832/1832/1832 1831/1831/1831
f 2179/2179/2179 2180/2180/2180 2181/2181/2181
f 2179/2179/2179 2181/2181/2181 2182/2182/2182
f 2182/2182/2182 2181/2181/2181 2183/2183/2183
f 2182/2182/2182 2183/2183/2183 2184/2184/2184
f 2180/2180/2180 2168/2168/2168 2167/2167/2167
f 2180/2180/2180 2167/2167/2167 2181/2181/2181
f 2181/2181/2181 2167/2167/2167 2170/2170/2170
f 2181/2181/2181 2170/2170/2170 2183/2183/2183
f 2179/2179/2179 2182/2182/2182 2185/2185/2185
f 2179/2179/2179 2185/2185/2185 2186/2186/2186
f 2186/2186/2186 2185/2185/2185 2187/2187/2187
f 2186/2186/2186 2187/2187/2187 2188/2188/2188
f 2182/2182/2182 2184/2184/2184 2189/2189/2189
f 2182/2182/2182 2189/2189/2189 2185/2185/2185
f 2185/2185/2185 2189/2189/2189 2190/2190/2190
f 2185/2185/2185 2190/2190/2190 2187/2187/2187
f 2179/2179/2179 2186/2186/2186 2191/2191/2191
f 2179/2179/2179 2191/2191/2191 2192/2192/2192
f 2192/2192/2192 2191/2191/2191 2193/2193/2193
f 2192/2192/2192 2193/2193/2193 2194/2194/2194
f 2186/2186/2186 2188/2188/2188 2195/2195/2195
f 2186/2186/2186 2195/2195/2195 2191/2191/2191
f 2191/2191/2191 2195/2195/2195 2196/2196/2196
f 2191/2191/2191 2196/2196/2196 2193/2193/2193
f 2179/2179/2179 2192/2192/2192 2197/2197/2197
f 2179/2179/2179 2197/2197/2197 2180/2180/2180
f 2180/2180/2180 2197/2197/2197 2175/2175/2175
f 2180/2180/2180 2175/2175/2175 2168/2168/2168
f 2192/2192/2192 2194/2194/2194 2198/2198/2198
f 2192/2192/2192 2198/2198/2198 2197/2197/2197
f 2197/2197/2197 2198/2198/2198 2176/2176/2176
f 2197/2197/2197 2176/2176/2176 2175/2175/2175
f 2199/2199/2199 2200/2200/2200 2201/2201/2201
f 2199/2199/2199 2201/2201/2201 2202/2202/2202
f 2202/2202/2202 2201/2201/2201 2203/2203/2203
f 2202/2202/2202 2203/2203/2203 2204/2204/2204
f 2200/2200/2200 1844/1844/1844 1843/1843/1843
f 2200/2200/2200 1843/1843/1843 2201/2201/2201
f 2201/2201/2201 1843/1843/1843 1846/1846/1846
f 2201/2201/2201 1846/1846/1846 2203/2203/2203
f 2199/2199/2199 2202/2202/2202 2205/2205/2205
f 2199/2199/2199 2205/2205/2205 2206/2206/2206
f 2206/2206/2206 2205/2205/2205 2207/2207/2207
f 2206/2206/2206 2207/2207/2207 2208/2208/2208
f 2202/2202/2202 2204/2204/2204 2209/2209/2209
f 2202/2202/2202 2209/2209/2209 2205/2205/2205
f 2205/2205/2205 2209/2209/2209 2210/2210/2210
f 2205/2205/2205 2210/2210/2210 2207/2207/2207
f 2199/2199/2199 2206/2206/2206 2211/2211/2211
f 2199/2199/2199 2211/2211/2211 2212/2212/2212
f 2212/2212/2212 2211/2211/2211 2169/2169/2169
f 2212/2212/2212 2169/2169/2169 2164/2164/2164
f 2206/2206/2206 2208/2208/2208 2213/2213/2213
f 2206/2206/2206 2213/2213/2213 2211/2211/2211
f 2211/2211/2211 2213/2213/2213 2170/2170/2170
f 2211/2211/2211 2170/2170/2170 2169/2169/2169
f 2199/2199/2199 2212/2212/2212 2214/2214/2214
f 2199/2199/2199 2214/2214/2214 2200/2200/2200
f 2200/2200/2200 2214/2214/2214 1849/1849/1849
f 2200/2200/2200 1849/1849/1849 1844/1844/1844
f 2212/2212/2212 2164/2164/2164 2163/2163/2163
f 2212/2212/2212 2163/2163/2163 2214/2214/2214
f 2214/2214/2214 2163/2163/2163 1826/1826/1826
f 2214/2214/2214 1826/1826/1826 1849/1849/1849
f 2215/2215/2215 2216/2216/2216 2217/2217/2217
f 2215/2215/2215 2217/2217/2217 2218/2218/2218
f 2218/2218/2218 2217/2217/2217 2219/2219/2219
f 2218/2218/2218 2219/2219/2219 2220/2220/2220
f 2216/2216/2216 2208/2208/2208 2207/2207/2207
f 2216/2216/2216 2207/2207/2207 2217/2217/2217
f 2217/2217/2217 2207/2207/2207 2210/2210/2210
f 2217/2217/2217 2210/2210/2210 2219/2219/2219
f 2215/2215/2215 2218/2218/2218 2221/2221/2221
f 2215/2215/2215 2221/2221/2221 2222/2222/2222
f 2222/2222/2222 2221/2221/2221 2223/2223/2223
f 2222/2222/2222 2223/2223/2223 2224/2224/2224
f 2218/2218/2218 2220/2220/2220 2225/2225/2225
f 2218/2218/2218 2225/2225/2225 2221/2221/2221
f 2221/2221/2221 2225/2225/2225 2226/2226/2226
f 2221/2221/2221 2226/2226/2226 2223/2223/2223
f 2215/2215/2215 2222/2222/2222 2227/2227/2227
f 2215/2215/2215 2227/2227/2227 2228/2228/2228
f 2228/2228/2228 2227/2227/2227 2189/2189/2189
f 2228/2228/2228 2189/2189/2189 2184/2184/2184
f 2222/2222/2222 2224/2224/2224 2229/2229/2229
f 2222/2222/2222 2229/2229/2229 2227/2227/2227
f 2227/2227/2227 2229/2229/2229 2190/2190/2190
f 2227/2227/2227 2190/2190/2190 2189/2189/2189
f 2215/2215/2215 2228/2228/2228 2230/2230/2230
f 2215/2215/2215 2230/2230/2230 2216/2216/2216
f 2216/2216/2216 2230/2230/2230 2213/2213/2213
f 2216/2216/2216 2213/2213/2213 2208/2208/2208
f 2228/2228/2228 2184/2184/2184 2183/2183/2183
f 2228/2228/2228 2183/2183/2183 2230/2230/2230
f 2230/2230/2230 2183/2183/2183 2170/2170/2170
f 2230/2230/2230 2170/2170/2170 2213/2213/2213
f 2231/2231/2231 2232/2232/2232 2233/2233/2233
f 2231/2231/2231 2233/2233/2233 2234/2234/2234
f 2234/2234/2234 2233/2233/2233 1882/1882/1882
f 2234/2234/2234 1882/1882/1882 1878/1878/1878
f 2232/2232/2232 1858/1858/1858 1857/1857/1857
f 2232/2232/2232 1857/1857/1857 2233/2233/2233
f 2233/2233/2233 1857/1857/1857 1684/1684/1684
f 2233/2233/2233 1684/1684/1684 1882/1882/1882
f 2231/2231/2231 2234/2234/2234 2235/2235/2235
f 2231/2231/2231 2235/2235/2235 2236/2236/2236
f 2236/2236/2236 2235/2235/2235 2237/2237/2237
f 2236/2236/2236 2237/2237/2237 2238/2238/2238
f 2234/2234/2234 1878/1878/1878 1877/1877/1877
f 2234/2234/2234 1877/1877/1877 2235/2235/2235
f 2235/2235/2235 1877/1877/1877 1880/1880/1880
f 2235/2235/2235 1880/1880/1880 2237/2237/2237
f 2231/2231/2231 2236/2236/2236 2239/2239/2239
f 2231/2231/2231 2239/2239/2239 2240/2240/2240
f 2240/2240/2240 2239/2239/2239 2209/2209/2209
f 2240/2240/2240 2209/2209/2209 2204/2204/2204
f 2236/2236/2236 2238/2238/2238 2241/2241/2241
f 2236/2236/2236 2241/2241/2241 2239/2239/2239
f 2239/2239/2239 2241/2241/2241 2210/2210/2210
f 2239/2239/2239 2210/2210/2210 2209/2209/2209
f 2231/2231/2231 2240/2240/2240 2242/2242/2242
f 2231/2231/2231 2242/2242/2242 2232/2232/2232
f 2232/2232/2232 2242/2242/2242 1861/1861/1861
f 2232/2232/2232 1861/1861/1861 1858/1858/1858
f 2240/2240/2240 2204/2204/2204 2203/2203/2203
f 2240/2240/2240 2203/2203/2203 2242/2242/2242
f 2242/2242/2242 2203/2203/2203 1846/1846/1846
f 2242/2242/2242 1846/1846/1846 1861/1861/1861
f 2243/2243/2243 2244/2244/2244 2245/2245/2245
f 2243/2243/2243 2245/2245/2245 2246/2246/2246
f 2246/2246/2246 2245/2245/2245 1902/1902/1902
f 2246/2246/2246 1902/1902/1902 1898/1898/1898
f 2244/2244/2244 2238/2238/2238 2237/2237/2237
f 2244/2244/2244 2237/2237/2237 2245/2245/2245
f 2245/2245/2245 2237/2237/2237 1880/1880/1880
f 2245/2245/2245 1880/1880/1880 1902/1902/1902
f 2243/2243/2243 2246/2246/2246 2247/2247/2247
f 2243/2243/2243 2247/2247/2247 2248/2248/2248
f 2248/2248/2248 2247/2247/2247 2249/2249/2249
f 2248/2248/2248 2249/2249/2249 2250/2250/2250
f 2246/2246/2246 1898/1898/1898 1897/1897/1897
f 2246/2246/2246 1897/1897/1897 2247/2247/2247
f 2247/2247/2247 1897/1897/1897 1900/1900/1900
f 2247/2247/2247 1900/1900/1900 2249/2249/2249
f 2243/2243/2243 2248/2248/2248 2251/2251/2251
f 2243/2243/2243 2251/2251/2251 2252/2252/2252
f 2252/2252/2252 2251/2251/2251 2225/2225/2225
f 2252/2252/2252 2225/2225/2225 2220/2220/2220
f 2248/2248/2248 2250/2250/2250 2253/2253/2253
f 2248/2248/2248 2253/2253/2253 2251/2251/2251
f 2251/2251/2251 2253/2253/2253 2226/2226/2226
f 2251/2251/2251 2226/2226/2226 2225/2225/2225
f 2243/2243/2243 2252/2252/2252 2254/2254/2254
f 2243/2243/2243 2254/2254/2254 2244/2244/2244
f 2244/2244/2244 2254/2254/2254 2241/2241/2241
f 2244/2244/2244 2241/2241/2241 2238/2238/2238
f 2252/2252/2252 2220/2220/2220 2219/2219/2219
f 2252/2252/2252 2219/2219/2219 2254/2254/2254
f 2254/2254/2254 2219/2219/2219 2210/2210/2210
f 2254/2254/2254 2210/2210/2210 2241/2241/2241
f 2255/2255/2255 2256/2256/2256 2257/2257/2257
f 2255/2255/2255 2257/2257/2257 2258/2258/2258
f 2258/2258/2258 2257/2257/2257 2259/2259/2259
f 2258/2258/2258 2259/2259/2259 2260/2260/2260
f 2256/2256/2256 1892/1892/1892 1891/1891/1891
f 2256/2256/2256 1891/1891/1891 2257/2257/2257
f 2257/2257/2257 1891/1891/1891 1894/1894/1894
f 2257/2257/2257 1894/1894/1894 2259/2259/2259
f 2255/2255/2255 2258/2258/2258 2261/2261/2261
f 2255/2255/2255 2261/2261/2261 2262/2262/2262
f 2262/2262/2262 2261/2261/2261 2263/2263/2263
f 2262/2262/2262 2263/2263/2263 2264/2264/2264
f 2258/2258/2258 2260/2260/2260 2265/2265/2265
f 2258/2258/2258 2265/2265/2265 2261/2261/2261
f 2261/2261/2261 2265/2265/2265 2266/2266/2266
f 2261/2261/2261 2266/2266/2266 2263/2263/2263
f 2255/2255/2255 2262/2262/2262 2267/2267/2267
f 2255/2255/2255 2267/2267/2267 2268/2268/2268
f 2268/2268/2268 2267/2267/2267 2269/2269/2269
f 2268/2268/2268 2269/2269/2269 2270/2270/2270
f 2262/2262/2262 2264/2264/2264 2271/2271/2271
f 2262/2262/2262 2271/2271/2271 2267/2267/2267
f 2267/2267/2267 2271/2271/2271 2272/2272/2272
f 2267/2267/2267 2272/2272/2272 2269/2269/2269
f 2255/2255/2255 2268/2268/2268 2273/2273/2273
f 2255/2255/2255 2273/2273/2273 2256/2256/2256
f 2256/2256/2256 2273/2273/2273 1899/1899/1899
f 2256/2256/2256 1899/1899/1899 1892/1892/1892
f 2268/2268/2268 2270/2270/2270 2274/2274/2274
f 2268/2268/2268 2274/2274/2274 2273/2273/2273
f 2273/2273/2273 2274/2274/2274 1900/1900/1900
f 2273/2273/2273 1900/1900/1900 1899/1899/1899
f 2275/2275/2275 2276/2276/2276 2277/2277/2277
f 2275/2275/2275 2277/2277/2277 2278/2278/2278
f 2278/2278/2278 2277/2277/2277 2279/2279/2279
f 2278/2278/2278 2279/2279/2279 2280/2280/2280
f 2276/2276/2276 1928/1928/1928 1927/1927/1927
f 2276/2276/2276 1927/1927/1927 2277/2277/2277
f 2277/2277/2277 1927/1927/1927 1930/1930/1930
f 2277/2277/2277 1930/1930/1930 2279/2279/2279
f 2275/2275/2275 2278/2278/2278 2281/2281/2281
f 2275/2275/2275 2281/2281/2281 2282/2282/2282
f 2282/2282/2282 2281/2281/2281 2283/2283/2283
f 2282/2282/2282 2283/2283/2283 2284/2284/2284
f 2278/2278/2278 2280/2280/2280 2285/2285/2285
f 2278/2278/2278 2285/2285/2285 2281/2281/2281
f 2281/2281/2281 2285/2285/2285 2286/2286/2286
f 2281/2281/2281 2286/2286/2286 2283/2283/2283
f 2275/2275/2275 2282/2282/2282 2287/2287/2287
f 2275/2275/2275 2287/2287/2287 2288/2288/2288
f 2288/2288/2288 2287/2287/2287 2265/2265/2265
f 2288/2288/2288 2265/2265/2265 2260/2260/2260
f 2282/2282/2282 2284/2284/2284 2289/2289/2289
f 2282/2282/2282 2289/2289/2289 2287/2287/2287
f 2287/2287/2287 2289/2289/2289 2266/2266/2266
f 2287/2287/2287 2266/2266/2266 2265/2265/2265
f 2275/2275/2275 2288/2288/2288 2290/2290/2290
f 2275/2275/2275 2290/2290/2290 2276/2276/2276
f 2276/2276/2276 2290/2290/2290 1933/1933/1933
f 2276/2276/2276 1933/1933/1933 1928/1928/1928
f 2288/2288/2288 2260/2260/2260 2259/2259/2259
f 2288/2288/2288 2259/2259/2259 2290/2290/2290
f 2290/2290/2290 2259/2259/2259 1894/1894/1894
f 2290/2290/2290 1894/1894/1894 1933/1933/1933
f 2291/2291/2291 2292/2292/2292 2293/2293/2293
f 2291/2291/2291 2293/2293/2293 2294/2294/2294
f 2294/2294/2294 2293/2293/2293 2295/2295/2295
f 2294/2294/2294 2295/2295/2295 2296/2296/2296
f 2292/2292/2292 1960/1960/1960 1959/1959/1959
f 2292/2292/2292 1959/1959/1959 2293/2293/2293
f 2293/2293/2293 1959/1959/1959 1962/1962/1962
f 2293/2293/2293 1962/1962/1962 2295/2295/2295
f 2291/2291/2291 2294/2294/2294 2297/2297/2297
f 2291/2291/2291 2297/2297/2297 2298/2298/2298
f 2298/2298/2298 2297/2297/2297 2299/2299/2299
f 2298/2298/2298 2299/2299/2299 2300/2300/2300
f 2294/2294/2294 2296/2296/2296 2301/2301/2301
f 2294/2294/2294 2301/2301/2301 2297/2297/2297
f 2297/2297/2297 2301/2301/2301 2302/2302/2302
f 2297/2297/2297 2302/2302/2302 2299/2299/2299
f 2291/2291/2291 2298/2298/2298 2303/2303/2303
f 2291/2291/2291 2303/2303/2303 2304/2304/2304
f 2304/2304/2304 2303/2303/2303 2285/2285/2285
f 2304/2304/2304 2285/2285/2285 2280/2280/2280
f 2298/2298/2298 2300/2300/2300 2305/2305/2305
f 2298/2298/2298 2305/2305/2305 2303/2303/2303
f 2303/2303/2303 2305/2305/2305 2286/2286/2286
f 2303/2303/2303 2286/2286/2286 2285/2285/2285
f 2291/2291/2291 2304/2304/2304 2306/2306/2306
f 2291/2291/2291 2306/2306/2306 2292/2292/2292
f 2292/2292/2292 2306/2306/2306 1965/1965/1965
f 2292/2292/2292 1965/1965/1965 1960/1960/1960
f 2304/2304/2304 2280/2280/2280 2279/2279/2279
f 2304/2304/2304 2279/2279/2279 2306/2306/2306
f 2306/2306/2306 2279/2279/2279 1930/1930/1930
f 2306/2306/2306 1930/1930/1930 1965/1965/1965
f 2307/2307/2307 2308/2308/2308 2309/2309/2309
f 2307/2307/2307 2309/2309/2309 2310/2310/2310
f 2310/2310/2310 2309/2309/2309 2311/2311/2311
f 2310/2310/2310 2311/2311/2311 2312/2312/2312
f 2308/2308/2308 1992/1992/1992 1991/1991/1991
f 2308/2308/2308 1991/1991/1991 2309/2309/2309
f 2309/2309/2309 1991/1991/1991 1994/1994/1994
f 2309/2309/2309 1994/1994/1994 2311/2311/2311
f 2307/2307/2307 2310/2310/2310 2313/2313/2313
f 2307/2307/2307 2313/2313/2313 2314/2314/2314
f 2314/2314/2314 2313/2313/2313 2315/2315/2315
f 2314/2314/2314 2315/2315/2315 2316/2316/2316
f 2310/2310/2310 2312/2312/2312 2317/2317/2317
f 2310/2310/2310 2317/2317/2317 2313/2313/2313
f 2313/2313/2313 2317/2317/2317 2318/2318/2318
f 2313/2313/2313 2318/2318/2318 2315/2315/2315
f 2307/2307/2307 2314/2314/2314 2319/2319/2319
f 2307/2307/2307 2319/2319/2319 2320/2320/2320
f 2320/2320/2320 2319/2319/2319 2301/2301/2301
f 2320/2320/2320 2301/2301/2301 2296/2296/2296
f 2314/2314/2314 2316/2316/2316 2321/2321/2321
f 2314/2314/2314 2321/2321/2321 2319/2319/2319
f 2319/2319/2319 2321/2321/2321 2302/2302/2302
f 2319/2319/2319 2302/2302/2302 2301/2301/2301
f 2307/2307/2307 2320/2320/2320 2322/2322/2322
f 2307/2307/2307 2322/2322/2322 2308/2308/2308
f 2308/2308/2308 2322/2322/2322 1997/1997/1997
f 2308/2308/2308 1997/1997/1997 1992/1992/1992
f 2320/2320/2320 2296/2296/2296 2295/2295/2295
f 2320/2320/2320 2295/2295/2295 2322/2322/2322
f 2322/2322/2322 2295/2295/2295 1962/1962/1962
f 2322/2322/2322 1962/1962/1962 1997/1997/1997
f 2323/2323/2323 2324/2324/2324 2325/2325/2325
f 2323/2323/2323 2325/2325/2325 2326/2326/2326
f 2326/2326/2326 2325/2325/2325 2327/2327/2327
f 2326/2326/2326 2327/2327/2327 2328/2328/2328
f 2324/2324/2324 2024/2024/2024 2023/2023/2023
f 2324/2324/2324 2023/2023/2023 2325/2325/2325
f 2325/2325/2325 2023/2023/2023 2026/2026/2026
f 2325/2325/2325 2026/2026/2026 2327/2327/2327
f 2323/2323/2323 2326/2326/2326 2329/2329/2329
f 2323/2323/2323 2329/2329/2329 2330/2330/2330
f 2330/2330/2330 2329/2329/2329 2331/2331/2331
f 2330/2330/2330 2331/2331/2331 2332/2332/2332
f 2326/2326/2326 2328/2328/2328 2333/2333/2333
f 2326/2326/2326 2333/2333/2333 2329/2329/2329
f 2329/2329/2329 2333/2333/2333 2334/2334/2334
f 2329/2329/2329 2334/2334/2334 2331/2331/2331
f 2323/2323/2323 2330/2330/2330 2335/2335/2335
f 2323/2323/2323 2335/2335/2335 2336/2336/2336
f 2336/2336/2336 2335/2335/2335 2317/2317/2317
f 2336/2336/2336 2317/2317/2317 2312/2312/2312
f 2330/2330/2330 2332/2332/2332 2337/2337/2337
f 2330/2330/2330 2337/2337/2337 2335/2335/2335
f 2335/2335/2335 2337/2337/2337 2318/2318/2318
f 2335/2335/2335 2318/2318/2318 2317/2317/2317
f 2323/2323/2323 2336/2336/2336 2338/2338/2338
f 2323/2323/2323 2338/2338/2338 2324/2324/2324
f 2324/2324/2324 2338/2338/2338 2029/2029/2029
f 2324/2324/2324 2029/2029/2029 2024/2024/2024
f 2336/2336/2336 2312/2312/2312 2311/2311/2311
f 2336/2336/2336 2311/2311/2311 2338/2338/2338
f 2338/2338/2338 2311/2311/2311 1994/1994/1994
f 2338/2338/2338 1994/1994/1994 2029/2029/2029
f 2339/2339/2339 2340/2340/2340 2341/2341/2341
f 2339/2339/2339 2341/2341/2341 2342/2342/2342
f 2342/2342/2342 2341/2341/2341 2343/2343/2343
f 2342/2342/2342 2343/2343/2343 2344/2344/2344
f 2340/2340/2340 2056/2056/2056 2055/2055/2055
f 2340/2340/2340 2055/2055/2055 2341/2341/2341
f 2341/2341/2341 2055/2055/2055 2058/2058/2058
f 2341/2341/2341 2058/2058/2058 2343/2343/2343
f 2339/2339/2339 2342/2342/2342 2345/2345/2345
f 2339/2339/2339 2345/2345/2345 2346/2346/2346
f 2346/2346/2346 2345/2345/2345 2347/2347/2347
f 2346/2346/2346 2347/2347/2347 2348/2348/2348
f 2342/2342/2342 2344/2344/2344 2349/2349/2349
f 2342/2342/2342 2349/2349/2349 2345/2345/2345
f 2345/2345/2345 2349/2349/2349 2350/2350/2350
f 2345/2345/2345 2350/2350/2350 2347/2347/2347
f 2339/2339/2339 2346/2346/2346 2351/2351/2351
f 2339/2339/2339 2351/2351/2351 2352/2352/2352
f 2352/2352/2352 2351/2351/2351 2333/2333/2333
f 2352/2352/2352 2333/2333/2333 2328/2328/2328
f 2346/2346/2346 2348/2348/2348 2353/2353/2353
f 2346/2346/2346 2353/2353/2353 2351/2351/2351
f 2351/2351/2351 2353/2353/2353 2334/2334/2334
f 2351/2351/2351 2334/2334/2334 2333/2333/2333
f 2339/2339/2339 2352/2352/2352 2354/2354/2354
f 2339/2339/2339 2354/2354/2354 2340/2340/2340
f 2340/2340/2340 2354/2354/2354 2061/2061/2061
f 2340/2340/2340 2061/2061/2061 2056/2056/2056
f 2352/2352/2352 2328/2328/2328 2327/2327/2327
f 2352/2352/2352 2327/2327/2327 2354/2354/2354
f 2354/2354/2354 2327/2327/2327 2026/2026/2026
f 2354/2354/2354 2026/2026/2026 2061/2061/2061
f 2355/2355/2355 2356/2356/2356 2357/2357/2357
f 2355/2355/2355 2357/2357/2357 2358/2358/2358
f 2358/2358/2358 2357/2357/2357 2359/2359/2359
f 2358/2358/2358 2359/2359/2359 2360/2360/2360
f 2356/2356/2356 2088/2088/2088 2087/2087/2087
f 2356/2356/2356 2087/2087/2087 2357/2357/2357
f 2357/2357/2357 2087/2087/2087 2090/2090/2090
f 2357/2357/2357 2090/2090/2090 2359/2359/2359
f 2355/2355/2355 2358/2358/2358 2361/2361/2361
f 2355/2355/2355 2361/2361/2361 2362/2362/2362
f 2362/2362/2362 2361/2361/2361 2363/2363/2363
f 2362/2362/2362 2363/2363/2363 2364/2364/2364
f 2358/2358/2358 2360/2360/2360 2365/2365/2365
f 2358/2358/2358 2365/2365/2365 2361/2361/2361
f 2361/2361/2361 2365/2365/2365 2366/2366/2366
f 2361/2361/2361 2366/2366/2366 2363/2363/2363
f 2355/2355/2355 2362/2362/2362 2367/2367/2367
f 2355/2355/2355 2367/2367/2367 2368/2368/2368
f 2368/2368/2368 2367/2367/2367 2349/2349/2349
f 2368/2368/2368 2349/2349/2349 2344/2344/2344
f 2362/2362/2362 2364/2364/2364 2369/2369/2369
f 2362/2362/2362 2369/2369/2369 2367/2367/2367
f 2367/2367/2367 2369/2369/2369 2350/2350/2350
f 2367/2367/2367 2350/2350/2350 2349/2349/2349
f 2355/2355/2355 2368/2368/2368 2370/2370/2370
f 2355/2355/2355 2370/2370/2370 2356/2356/2356
f 2356/2356/2356 2370/2370/2370 2093/2093/2093
f 2356/2356/2356 2093/2093/2093 2088/2088/2088
f 2368/2368/2368 2344/2344/2344 2343/2343/2343
f 2368/2368/2368 2343/2343/2343 2370/2370/2370
f 2370/2370/2370 2343/2343/2343 2058/2058/2058
f 2370/2370/2370 2058/2058/2058 2093/2093/2093
f 2371/2371/2371 2372/2372/2372 2373/2373/2373
f 2371/2371/2371 2373/2373/2373 2374/2374/2374
f 2374/2374/2374 2373/2373/2373 2375/2375/2375
f 2374/2374/2374 2375/2375/2375 2376/2376/2376
f 2372/2372/2372 2120/2120/2120 2119/2119/2119
f 2372/2372/2372 2119/2119/2119 2373/2373/2373
f 2373/2373/2373 2119/2119/2119 2122/2122/2122
f 2373/2373/2373 2122/2122/2122 2375/2375/2375
f 2371/2371/2371 2374/2374/2374 2377/2377/2377
f 2371/2371/2371 2377/2377/2377 2378/2378/2378
f 2378/2378/2378 2377/2377/2377 2379/2379/2379
f 2378/2378/2378 2379/2379/2379 2380/2380/2380
f 2374/2374/2374 2376/2376/2376 2381/2381/2381
f 2374/2374/2374 2381/2381/2381 2377/2377/2377
f 2377/2377/2377 2381/2381/2381 2382/2382/2382
f 2377/2377/2377 2382/2382/2382 2379/2379/2379
f 2371/2371/2371 2378/2378/2378 2383/2383/2383
f 2371/2371/2371 2383/2383/2383 2384/2384/2384
f 2384/2384/2384 2383/2383/2383 2365/2365/2365
f 2384/2384/2384 2365/2365/2365 2360/2360/2360
f 2378/2378/2378 2380/2380/2380 2385/2385/2385
f 2378/2378/2378 2385/2385/2385 2383/2383/2383
f 2383/2383/2383 2385/2385/2385 2366/2366/2366
f 2383/2383/2383 2366/2366/2366 2365/2365/2365
f 2371/2371/2371 2384/2384/2384 2386/2386/2386
f 2371/2371/2371 2386/2386/2386 2372/2372/2372
f 2372/2372/2372 2386/2386/2386 2125/2125/2125
f 2372/2372/2372 2125/2125/2125 2120/2120/2120
f 2384/2384/2384 2360/2360/2360 2359/2359/2359
f 2384/2384/2384 2359/2359/2359 2386/2386/2386
f 2386/2386/2386 2359/2359/2359 2090/2090/2090
f 2386/2386/2386 2090/2090/2090 2125/2125/2125
f 2387/2387/2387 2388/2388/2388 2389/2389/2389
f 2387/2387/2387 2389/2389/2389 2390/2390/2390
f 2390/2390/2390 2389/2389/2389 2391/2391/2391
f 2390/2390/2390 2391/2391/2391 2392/2392/2392
f 2388/2388/2388 2152/2152/2152 2151/2151/2151
f 2388/2388/2388 2151/2151/2151 2389/2389/2389
f 2389/2389/2389 2151/2151/2151 2154/2154/2154
f 2389/2389/2389 2154/2154/2154 2391/2391/2391
f 2387/2387/2387 2390/2390/2390 2393/2393/2393
f 2387/2387/2387 2393/2393/2393 2394/2394/2394
f 2394/2394/2394 2393/2393/2393 2395/2395/2395
f 2394/2394/2394 2395/2395/2395 2396/2396/2396
f 2390/2390/2390 2392/2392/2392 2397/2397/2397
f 2390/2390/2390 2397/2397/2397 2393/2393/2393
f 2393/2393/2393 2397/2397/2397 2398/2398/2398
f 2393/2393/2393 2398/2398/2398 2395/2395/2395
f 2387/2387/2387 2394/2394/2394 2399/2399/2399
f 2387/2387/2387 2399/2399/2399 2400/2400/2400
f 2400/2400/2400 2399/2399/2399 2381/2381/2381
f 2400/2400/2400 2381/2381/2381 2376/2376/2376
f 2394/2394/2394 2396/2396/2396 2401/2401/2401
f 2394/2394/2394 2401/2401/2401 2399/2399/2399
f 2399/2399/2399 2401/2401/2401 2382/2382/2382
f 2399/2399/2399 2382/2382/2382 2381/2381/2381
f 2387/2387/2387 2400/2400/2400 2402/2402/2402
f 2387/2387/2387 2402/2402/2402 2388/2388/2388
f 2388/2388/2388 2402/2402/2402 2157/2157/2157
f 2388/2388/2388 2157/2157/2157 2152/2152/2152
f 2400/2400/2400 2376/2376/2376 2375/2375/2375
f 2400/2400/2400 2375/2375/2375 2402/2402/2402
f 2402/2402/2402 2375/2375/2375 2122/2122/2122
f 2402/2402/2402 2122/2122/2122 2157/2157/2157
f 2403/2403/2403 2404/2404/2404 2405/2405/2405
f 2403/2403/2403 2405/2405/2405 2406/2406/2406
f 2406/2406/2406 2405/2405/2405 2407/2407/2407
f 2406/2406/2406 2407/2407/2407 2408/2408/2408
f 2404/2404/2404 2188/2188/2188 2187/2187/2187
f 2404/2404/2404 2187/2187/2187 2405/2405/2405
f 2405/2405/2405 2187/2187/2187 2190/2190/2190
f 2405/2405/2405 2190/2190/2190 2407/2407/2407
f 2403/2403/2403 2406/2406/2406 2409/2409/2409
f 2403/2403/2403 2409/2409/2409 2410/2410/2410
f 2410/2410/2410 2409/2409/2409 2411/2411/2411
f 2410/2410/2410 2411/2411/2411 2412/2412/2412
f 2406/2406/2406 2408/2408/2408 2413/2413/2413
f 2406/2406/2406 2413/2413/2413 2409/2409/2409
f 2409/2409/2409 2413/2413/2413 2414/2414/2414
f 2409/2409/2409 2414/2414/2414 2411/2411/2411
f 2403/2403/2403 2410/2410/2410 2415/2415/2415
f 2403/2403/2403 2415/2415/2415 2416/2416/2416
f 2416/2416/2416 2415/2415/2415 2417/2417/2417
f 2416/2416/2416 2417/2417/2417 2418/2418/2418
f 2410/2410/2410 2412/2412/2412 2419/2419/2419
f 2410/2410/2410 2419/2419/2419 2415/2415/2415
f 2415/2415/2415 2419/2419/2419 2420/2420/2420
f 2415/2415/2415 2420/2420/2420 2417/2417/2417
f 2403/2403/2403 2416/2416/2416 2421/2421/2421
f 2403/2403/2403 2421/2421/2421 2404/2404/2404
f 2404/2404/2404 2421/2421/2421 2195/2195/2195
f 2404/2404/2404 2195/2195/2195 2188/2188/2188
f 2416/2416/2416 2418/2418/2418 2422/2422/2422
f 2416/2416/2416 2422/2422/2422 2421/2421/2421
f 2421/2421/2421 2422/2422/2422 2196/2196/2196
f 2421/2421/2421 2196/2196/2196 2195/2195/2195
f 2423/2423/2423 2424/2424/2424 2425/2425/2425
f 2423/2423/2423 2425/2425/2425 2426/2426/2426
f 2426/2426/2426 2425/2425/2425 2427/2427/2427
f 2426/2426/2426 2427/2427/2427 2428/2428/2428
f 2424/2424/2424 2224/2224/2224 2223/2223/2223
f 2424/2424/2424 2223/2223/2223 2425/2425/2425
f 2425/2425/2425 2223/2223/2223 2226/2226/2226
f 2425/2425/2425 2226/2226/2226 2427/2427/2427
f 2423/2423/2423 2426/2426/2426 2429/2429/2429
f 2423/2423/2423 2429/2429/2429 2430/2430/2430
f 2430/2430/2430 2429/2429/2429 2431/2431/2431
f 2430/2430/2430 2431/2431/2431 2432/2432/2432
f 2426/2426/2426 2428/2428/2428 2433/2433/2433
f 2426/2426/2426 2433/2433/2433 2429/2429/2429
f 2429/2429/2429 2433/2433/2433 2434/2434/2434
f 2429/2429/2429 2434/2434/2434 2431/2431/2431
f 2423/2423/2423 2430/2430/2430 2435/2435/2435
f 2423/2423/2423 2435/2435/2435 2436/2436/2436
f 2436/2436/2436 2435/2435/2435 2413/2413/2413
f 2436/2436/2436 2413/2413/2413 2408/2408/2408
f 2430/2430/2430 2432/2432/2432 2437/2437/2437
f 2430/2430/2430 2437/2437/2437 2435/2435/2435
f 2435/2435/2435 2437/2437/2437 2414/2414/2414
f 2435/2435/2435 2414/2414/2414 2413/2413/2413
f 2423/2423/2423 2436/2436/2436 2438/2438/2438
f 2423/2423/2423 2438/2438/2438 2424/2424/2424
f 2424/2424/2424 2438/2438/2438 2229/2229/2229
f 2424/2424/2424 2229/2229/2229 2224/2224/2224
f 2436/2436/2436 2408/2408/2408 2407/2407/2407
f 2436/2436/2436 2407/2407/2407 2438/2438/2438
f 2438/2438/2438 2407/2407/2407 2190/2190/2190
f 2438/2438/2438 2190/2190/2190 2229/2229/2229
f 2439/2439/2439 2440/2440/2440 2441/2441/2441
f 2439/2439/2439 2441/2441/2441 2442/2442/2442
f 2442/2442/2442 2441/2441/2441 2274/2274/2274
f 2442/2442/2442 2274/2274/2274 2270/2270/2270
f 2440/2440/2440 2250/2250/2250 2249/2249/2249
f 2440/2440/2440 2249/2249/2249 2441/2441/2441
f 2441/2441/2441 2249/2249/2249 1900/1900/1900
f 2441/2441/2441 1900/1900/1900 2274/2274/2274
f 2439/2439/2439 2442/2442/2442 2443/2443/2443
f 2439/2439/2439 2443/2443/2443 2444/2444/2444
f 2444/2444/2444 2443/2443/2443 2445/2445/2445
f 2444/2444/2444 2445/2445/2445 2446/2446/2446
f 2442/2442/2442 2270/2270/2270 2269/2269/2269
f 2442/2442/2442 2269/2269/2269 2443/2443/2443
f 2443/2443/2443 2269/2269/2269 2272/2272/2272
f 2443/2443/2443 2272/2272/2272 2445/2445/2445
f 2439/2439/2439 2444/2444/2444 2447/2447/2447
f 2439/2439/2439 2447/2447/2447 2448/2448/2448
f 2448/2448/2448 2447/2447/2447 2433/2433/2433
f 2448/2448/2448 2433/2433/2433 2428/2428/2428
f 2444/2444/2444 2446/2446/2446 2449/2449/2449
f 2444/2444/2444 2449/2449/2449 2447/2447/2447
f 2447/2447/2447 2449/2449/2449 2434/2434/2434
f 2447/2447/2447 2434/2434/2434 2433/2433/2433
f 2439/2439/2439 2448/2448/2448 2450/2450/2450
f 2439/2439/2439 2450/2450/2450 2440/2440/2440
f 2440/2440/2440 2450/2450/2450 2253/2253/2253
f 2440/2440/2440 2253/2253/2253 2250/2250/2250
f 2448/2448/2448 2428/2428/2428 2427/2427/2427
f 2448/2448/2448 2427/2427/2427 2450/2450/2450
f 2450/2450/2450 2427/2427/2427 2226/2226/2226
f 2450/2450/2450 2226/2226/2226 2253/2253/2253
f 2451/2451/2451 2452/2452/2452 2453/2453/2453
f 2451/2451/2451 2453/2453/2453 2454/2454/2454
f 2454/2454/2454 2453/2453/2453 2455/2455/2455
f 2454/2454/2454 2455/2455/2455 2456/2456/2456
f 2452/2452/2452 2264/2264/2264 2263/2263/2263
f 2452/2452/2452 2263/2263/2263 2453/2453/2453
f 2453/2453/2453 2263/2263/2263 2266/2266/2266
f 2453/2453/2453 2266/2266/2266 2455/2455/2455
f 2451/2451/2451 2454/2454/2454 2457/2457/2457
f 2451/2451/2451 2457/2457/2457 2458/2458/2458
f 2458/2458/2458 2457/2457/2457 2459/2459/2459
f 2458/2458/2458 2459/2459/2459 2460/2460/2460
f 2454/2454/2454 2456/2456/2456 2461/2461/2461
f 2454/2454/2454 2461/2461/2461 2457/2457/2457
f 2457/2457/2457 2461/2461/2461 2462/2462/2462
f 2457/2457/2457 2462/2462/2462 2459/2459/2459
f 2451/2451/2451 2458/2458/2458 2463/2463/2463
f 2451/2451/2451 2463/2463/2463 2464/2464/2464
f 2464/2464/2464 2463/2463/2463 2465/2465/2465
f 2464/2464/2464 2465/2465/2465 2466/2466/2466
f 2458/2458/2458 2460/2460/2460 2467/2467/2467
f 2458/2458/2458 2467/2467/2467 2463/2463/2463
f 2463/2463/2463 2467/2467/2467 2468/2468/2468
f 2463/2463/2463 2468/2468/2468 2465/2465/2465
f 2451/2451/2451 2464/2464/2464 2469/2469/2469
f 2451/2451/2451 2469/2469/2469 2452/2452/2452
f 2452/2452/2452 2469/2469/2469 2271/2271/2271
f 2452/2452/2452 2271/2271/2271 2264/2264/2264
f 2464/2464/2464 2466/2466/2466 2470/2470/2470
f 2464/2464/2464 2470/2470/2470 2469/2469/2469
f 2469/2469/2469 2470/2470/2470 2272/2272/2272
f 2469/2469/2469 2272/2272/2272 2271/2271/2271
f 2471/2471/2471 2472/2472/2472 2473/2473/2473
f 2471/2471/2471 2473/2473/2473 2474/2474/2474
f 2474/2474/2474 2473/2473/2473 2475/2475/2475
f 2474/2474/2474 2475/2475/2475 2476/2476/2476
f 2472/2472/2472 2460/2460/2460 2459/2459/2459
f 2472/2472/2472 2459/2459/2459 2473/2473/2473
f 2473/2473/2473 2459/2459/2459 2462/2462/2462
f 2473/2473/2473 2462/2462/2462 2475/2475/2475
f 2471/2471/2471 2474/2474/2474 2477/2477/2477
f 2471/2471/2471 2477/2477/2477 2478/2478/2478
f 2478/2478/2478 2477/2477/2477 2479/2479/2479
f 2478/2478/2478 2479/2479/2479 2480/2480/2480
f 2474/2474/2474 2476/2476/2476 2481/2481/2481
f 2474/2474/2474 2481/2481/2481 2477/2477/2477
f 2477/2477/2477 2481/2481/2481 2482/2482/2482
f 2477/2477/2477 2482/2482/2482 2479/2479/2479
f 2471/2471/2471 2478/2478/2478 2483/2483/2483
f 2471/2471/2471 2483/2483/2483 2484/2484/2484
f 2484/2484/2484 2483/2483/2483 2485/2485/2485
f 2484/2484/2484 2485/2485/2485 2486/2486/2486
f 2478/2478/2478 2480/2480/2480 2487/2487/2487
f 2478/2478/2478 2487/2487/2487 2483/2483/2483
f 2483/2483/2483 2487/2487/2487 2488/2488/2488
f 2483/2483/2483 2488/2488/2488 2485/2485/2485
f 2471/2471/2471 2484/2484/2484 2489/2489/2489
f 2471/2471/2471 2489/2489/2489 2472/2472/2472
f 2472/2472/2472 2489/2489/2489 2467/2467/2467
f 2472/2472/2472 2467/2467/2467 2460/2460/2460
f 2484/2484/2484 2486/2486/2486 2490/2490/2490
f 2484/2484/2484 2490/2490/2490 2489/2489/2489
f 2489/2489/2489 2490/2490/2490 2468/2468/2468
f 2489/2489/2489 2468/2468/2468 2467/2467/2467
f 2491/2491/2491 2492/2492/2492 2493/2493/2493
f 2491/2491/2491 2493/2493/2493 2494/2494/2494
f 2494/2494/2494 2493/2493/2493 2495/2495/2495
f 2494/2494/2494 2495/2495/2495 2496/2496/2496
f 2492/2492/2492 2284/2284/2284 2283/2283/2283
f 2492/2492/2492 2283/2283/2283 2493/2493/2493
f 2493/2493/2493 2283/2283/2283 2286/2286/2286
f 2493/2493/2493 2286/2286/2286 2495/2495/2495
f 2491/2491/2491 2494/2494/2494 2497/2497/2497
f 2491/2491/2491 2497/2497/2497 2498/2498/2498
f 2498/2498/2498 2497/2497/2497 2499/2499/2499
f 2498/2498/2498 2499/2499/2499 2500/2500/2500
f 2494/2494/2494 2496/2496/2496 2501/2501/2501
f 2494/2494/2494 2501/2501/2501 2497/2497/2497
f 2497/2497/2497 2501/2501/2501 2502/2502/2502
f 2497/2497/2497 2502/2502/2502 2499/2499/2499
f 2491/2491/2491 2498/2498/2498 2503/2503/2503
f 2491/2491/2491 2503/2503/2503 2504/2504/2504
f 2504/2504/2504 2503/2503/2503 2461/2461/2461
f 2504/2504/2504 2461/2461/2461 2456/2456/2456
f 2498/2498/2498 2500/2500/2500 2505/2505/2505
f 2498/2498/2498 2505/2505/2505 2503/2503/2503
f 2503/2503/2503 2505/2505/2505 2462/2462/2462
f 2503/2503/2503 2462/2462/2462 2461/2461/2461
f 2491/2491/2491 2504/2504/2504 2506/2506/2506
f 2491/2491/2491 2506/2506/2506 2492/2492/2492
f 2492/2492/2492 2506/2506/2506 2289/2289/2289
f 2492/2492/2492 2289/2289/2289 2284/2284/2284
f 2504/2504/2504 2456/2456/2456 2455/2455/2455
f 2504/2504/2504 2455/2455/2455 2506/2506/2506
f 2506/2506/2506 2455/2455/2455 2266/2266/2266
f 2506/2506/2506 2266/2266/2266 2289/2289/2289
f 2507/2507/2507 2508/2508/2508 2509/2509/2509
f 2507/2507/2507 2509/2509/2509 2510/2510/2510
f 2510/2510/2510 2509/2509/2509 2511/2511/2511
f 2510/2510/2510 2511/2511/2511 2512/2512/2512
f 2508/2508/2508 2500/2500/2500 2499/2499/2499
f 2508/2508/2508 2499/2499/2499 2509/2509/2509
f 2509/2509/2509 2499/2499/2499 2502/2502/2502
f 2509/2509/2509 2502/2502/2502 2511/2511/2511
f 2507/2507/2507 2510/2510/2510 2513/2513/2513
f 2507/2507/2507 2513/2513/2513 2514/2514/2514
f 2514/2514/2514 2513/2513/2513 2515/2515/2515
f 2514/2514/2514 2515/2515/2515 2516/2516/2516
f 2510/2510/2510 2512/2512/2512 2517/2517/2517
f 2510/2510/2510 2517/2517/2517 2513/2513/2513
f 2513/2513/2513 2517/2517/2517 2518/2518/2518
f 2513/2513/2513 2518/2518/2518 2515/2515/2515
f 2507/2507/2507 2514/2514/2514 2519/2519/2519
f 2507/2507/2507 2519/2519/2519 2520/2520/2520
f 2520/2520/2520 2519/2519/2519 2481/2481/2481
f 2520/2520/2520 2481/2481/2481 2476/2476/2476
f 2514/2514/2514 2516/2516/2516 2521/2521/2521
f 2514/2514/2514 2521/2521/2521 2519/2519/2519
f 2519/2519/2519 2521/2521/2521 2482/2482/2482
f 2519/2519/2519 2482/2482/2482 2481/2481/2481
f 2507/2507/2507 2520/2520/2520 2522/2522/2522
f 2507/2507/2507 2522/2522/2522 2508/2508/2508
f 2508/2508/2508 2522/2522/2522 2505/2505/2505
f 2508/2508/2508 2505/2505/2505 2500/2500/2500
f 2520/2520/2520 2476/2476/2476 2475/2475/2475
f 2520/2520/2520 2475/2475/2475 2522/2522/2522
f 2522/2522/2522 2475/2475/2475 2462/2462/2462
f 2522/2522/2522 2462/2462/2462 2505/2505/2505
f 2523/2523/2523 2524/2524/2524 2525/2525/2525
f 2523/2523/2523 2525/2525/2525 2526/2526/2526
f 2526/2526/2526 2525/2525/2525 2527/2527/2527
f 2526/2526/2526 2527/2527/2527 2528/2528/2528
f 2524/2524/2524 2300/2300/2300 2299/2299/2299
f 2524/2524/2524 2299/2299/2299 2525/2525/2525
f 2525/2525/2525 2299/2299/2299 2302/2302/2302
f 2525/2525/2525 2302/2302/2302 2527/2527/2527
f 2523/2523/2523 2526/2526/2526 2529/2529/2529
f 2523/2523/2523 2529/2529/2529 2530/2530/2530
f 2530/2530/2530 2529/2529/2529 2531/2531/2531
f 2530/2530/2530 2531/2531/2531 2532/2532/2532
f 2526/2526/2526 2528/2528/2528 2533/2533/2533
f 2526/2526/2526 2533/2533/2533 2529/2529/2529
f 2529/2529/2529 2533/2533/2533 2534/2534/2534
f 2529/2529/2529 2534/2534/2534 2531/2531/2531
f 2523/2523/2523 2530/2530/2530 2535/2535/2535
f 2523/2523/2523 2535/2535/2535 2536/2536/2536
f 2536/2536/2536 2535/2535/2535 2501/2501/2501
f 2536/2536/2536 2501/2501/2501 2496/2496/2496
f 2530/2530/2530 2532/2532/2532 2537/2537/2537
f 2530/2530/2530 2537/2537/2537 2535/2535/2535
f 2535/2535/2535 2537/2537/2537 2502/2502/2502
f 2535/2535/2535 2502/2502/2502 2501/2501/2501
f 2523/2523/2523 2536/2536/2536 2538/2538/2538
f 2523/2523/2523 2538/2538/2538 2524/2524/2524
f 2524/2524/2524 2538/2538/2538 2305/2305/2305
f 2524/2524/2524 2305/2305/2305 2300/2300/2300
f 2536/2536/2536 2496/2496/2496 2495/2495/2495
f 2536/2536/2536 2495/2495/2495 2538/2538/2538
f 2538/2538/2538 2495/2495/2495 2286/2286/2286
f 2538/2538/2538 2286/2286/2286 2305/2305/2305
f 2539/2539/2539 2540/2540/2540 2541/2541/2541
f 2539/2539/2539 2541/2541/2541 2542/2542/2542
f 2542/2542/2542 2541/2541/2541 2543/2543/2543
f 2542/2542/2542 2543/2543/2543 2544/2544/2544
f 2540/2540/2540 2532/2532/2532 2531/2531/2531
f 2540/2540/2540 2531/2531/2531 2541/2541/2541
f 2541/2541/2541 2531/2531/2531 2534/2534/2534
f 2541/2541/2541 2534/2534/2534 2543/2543/2543
f 2539/2539/2539 2542/2542/2542 2545/2545/2545
f 2539/2539/2539 2545/2545/2545 2546/2546/2546
f 2546/2546/2546 2545/2545/2545 2547/2547/2547
f 2546/2546/2546 2547/2547/2547 2548/2548/2548
f 2542/2542/2542 2544/2544/2544 2549/2549/2549
f 2542/2542/2542 2549/2549/2549 2545/2545/2545
f 2545/2545/2545 2549/2549/2549 2550/2550/2550
f 2545/2545/2545 2550/2550/2550 2547/2547/2547
f 2539/2539/2539 2546/2546/2546 2551/2551/2551
f 2539/2539/2539 2551/2551/2551 2552/2552/2552
f 2552/2552/2552 2551/2551/2551 2517/2517/2517
f 2552/2552/2552 2517/2517/2517 2512/2512/2512
f 2546/2546/2546 2548/2548/2548 2553/2553/2553
f 2546/2546/2546 2553/2553/2553 2551/2551/2551
f 2551/2551/2551 2553/2553/2553 2518/2518/2518
f 2551/2551/2551 2518/2518/2518 2517/2517/2517
f 2539/2539/2539 2552/2552/2552 2554/2554/2554
f 2539/2539/2539 2554/2554/2554 2540/2540/2540
f 2540/2540/2540 2554/2554/2554 2537/2537/2537
f 2540/2540/2540 2537/2537/2537 2532/2532/2532
f 2552/2552/2552 2512/2512/2512 2511/2511/2511
f 2552/2552/2552 2511/2511/2511 2554/2554/2554
f 2554/2554/2554 2511/2511/2511 2502/2502/2502
f 2554/2554/2554 2502/2502/2502 2537/2537/2537
f 2555/2555/2555 2556/2556/2556 2557/2557/2557
f 2555/2555/2555 2557/2557/2557 2558/2558/2558
f 2558/2558/2558 2557/2557/2557 2559/2559/2559
f 2558/2558/2558 2559/2559/2559 2560/2560/2560
f 2556/2556/2556 2316/2316/2316 2315/2315/2315
f 2556/2556/2556 2315/2315/2315 2557/2557/2557
f 2557/2557/2557 2315/2315/2315 2318/2318/2318
f 2557/2557/2557 2318/2318/2318 2559/2559/2559
f 2555/2555/2555 2558/2558/2558 2561/2561/2561
f 2555/2555/2555 2561/2561/2561 2562/2562/2562
f 2562/2562/2562 2561/2561/2561 2563/2563/2563
f 2562/2562/2562 2563/2563/2563 2564/2564/2564
f 2558/2558/2558 2560/2560/2560 2565/2565/2565
f 2558/2558/2558 2565/2565/2565 2561/2561/2561
f 2561/2561/2561 2565/2565/2565 2566/2566/2566
f 2561/2561/2561 2566/2566/2566 2563/2563/2563
f 2555/2555/2555 2562/2562/2562 2567/2567/2567
f 2555/2555/2555 2567/2567/2567 2568/2568/2568
f 2568/2568/2568 2567/2567/2567 2533/2533/2533
f 2568/2568/2568 2533/2533/2533 2528/2528/2528
f 2562/2562/2562 2564/2564/2564 2569/2569/2569
f 2562/2562/2562 2569/2569/2569 2567/2567/2567
f 2567/2567/2567 2569/2569/2569 2534/2534/2534
f 2567/2567/2567 2534/2534/2534 2533/2533/2533
f 2555/2555/2555 2568/2568/2568 2570/2570/2570
f 2555/2555/2555 2570/2570/2570 2556/2556/2556
f 2556/2556/2556 2570/2570/2570 2321/2321/2321
f 2556/2556/2556 2321/2321/2321 2316/2316/2316
f 2568/2568/2568 2528/2528/2528 2527/2527/2527
f 2568/2568/2568 2527/2527/2527 2570/2570/2570
f 2570/2570/2570 2527/2527/2527 2302/2302/2302
f 2570/2570/2570 2302/2302/2302 2321/2321/2321
f 2571/2571/2571 2572/2572/2572 2573/2573/2573
f 2571/2571/2571 2573/2573/2573 2574/2574/2574
f 2574/2574/2574 2573/2573/2573 2575/2575/2575
f 2574/2574/2574 2575/2575/2575 2576/2576/2576
f 2572/2572/2572 2564/2564/2564 2563/2563/2563
f 2572/2572/2572 2563/2563/2563 2573/2573/2573
f 2573/2573/2573 2563/2563/2563 2566/2566/2566
f 2573/2573/2573 2566/2566/2566 2575/2575/2575
f 2571/2571/2571 2574/2574/2574 2577/2577/2577
f 2571/2571/2571 2577/2577/2577 2578/2578/2578
f 2578/2578/2578 2577/2577/2577 2579/2579/2579
f 2578/2578/2578 2579/2579/2579 2580/2580/2580
f 2574/2574/2574 2576/2576/2576 2581/2581/2581
f 2574/2574/2574 2581/2581/2581 2577/2577/2577
f 2577/2577/2577 2581/2581/2581 2582/2582/2582
f 2577/2577/2577 2582/2582/2582 2579/2579/2579
f 2571/2571/2571 2578/2578/2578 2583/2583/2583
f 2571/2571/2571 2583/2583/2583 2584/2584/2584
f 2584/2584/2584 2583/2583/2583 2549/2549/2549
f 2584/2584/2584 2549/2549/2549 2544/2544/2544
f 2578/2578/2578 2580/2580/2580 2585/2585/2585
f 2578/2578/2578 2585/2585/2585 2583/2583/2583
f 2583/2583/2583 2585/2585/2585 2550/2550/2550
f 2583/2583/2583 2550/2550/2550 2549/2549/2549
f 2571/2571/2571 2584/2584/2584 2586/2586/2586
f 2571/2571/2571 2586/2586/2586 2572/2572/2572
f 2572/2572/2572 2586/2586/2586 2569/2569/2569
f 2572/2572/2572 2569/2569/2569 2564/2564/2564
f 2584/2584/2584 2544/2544/2544 2543/2543/2543
f 2584/2584/2584 2543/2543/2543 2586/2586/2586
f 2586/2586/2586 2543/2543/2543 2534/2534/2534
f 2586/2586/2586 2534/2534/2534 2569/2569/2569
f 2587/2587/2587 2588/2588/2588 2589/2589/2589
f 2587/2587/2587 2589/2589/2589 2590/2590/2590
f 2590/2590/2590 2589/2589/2589 2591/2591/2591
f 2590/2590/2590 2591/2591/2591 2592/2592/2592
f 2588/2588/2588 2332/2332/2332 2331/2331/2331
f 2588/2588/2588 2331/2331/2331 2589/2589/2589
f 2589/2589/2589 2331/2331/2331 2334/2334/2334
f 2589/2589/2589 2334/2334/2334 2591/2591/2591
f 2587/2587/2587 2590/2590/2590 2593/2593/2593
f 2587/2587/2587 2593/2593/2593 2594/2594/2594
f 2594/2594/2594 2593/2593/2593 2595/2595/2595
f 2594/2594/2594 2595/2595/2595 2596/2596/2596
f 2590/2590/2590 2592/2592/2592 2597/2597/2597
f 2590/2590/2590 2597/2597/2597 2593/2593/2593
f 2593/2593/2593 2597/2597/2597 2598/2598/2598
f 2593/2593/2593 2598/2598/2598 2595/2595/2595
f 2587/2587/2587 2594/2594/2594 2599/2599/2599
f 2587/2587/2587 2599/2599/2599 2600/2600/2600
f 2600/2600/2600 2599/2599/2599 2565/2565/2565
f 2600/2600/2600 2565/2565/2565 2560/2560/2560
f 2594/2594/2594 2596/2596/2596 2601/2601/2601
f 2594/2594/2594 2601/2601/2601 2599/2599/2599
f 2599/2599/2599 2601/2601/2601 2566/2566/2566
f 2599/2599/2599 2566/2566/2566 2565/2565/2565
f 2587/2587/2587 2600/2600/2600 2602/2602/2602
f 2587/2587/2587 2602/2602/2602 2588/2588/2588
f 2588/2588/2588 2602/2602/2602 2337/2337/2337
f 2588/2588/2588 2337/2337/2337 2332/2332/2332
f 2600/2600/2600 2560/2560/2560 2559/2559/2559
f 2600/2600/2600 2559/2559/2559 2602/2602/2602
f 2602/2602/2602 2559/2559/2559 2318/2318/2318
f 2602/2602/2602 2318/2318/2318 2337/2337/2337
f 2603/2603/2603 2604/2604/2604 2605/2605/2605
f 2603/2603/2603 2605/2605/2605 2606/2606/2606
f 2606/2606/2606 2605/2605/2605 2607/2607/2607
f 2606/2606/2606 2607/2607/2607 2608/2608/2608
f 2604/2604/2604 2596/2596/2596 2595/2595/2595
f 2604/2604/2604 2595/2595/2595 2605/2605/2605
f 2605/2605/2605 2595/2595/2595 2598/2598/2598
f 2605/2605/2605 2598/2598/2598 2607/2607/2607
f 2603/2603/2603 2606/2606/2606 2609/2609/2609
f 2603/2603/2603 2609/2609/2609 2610/2610/2610
f 2610/2610/2610 2609/2609/2609 2611/2611/2611
f 2610/2610/2610 2611/2611/2611 2612/2612/2612
f 2606/2606/2606 2608/2608/2608 2613/2613/2613
f 2606/2606/2606 2613/2613/2613 2609/2609/2609
f 2609/2609/2609 2613/2613/2613 2614/2614/2614
f 2609/2609/2609 2614/2614/2614 2611/2611/2611
f 2603/2603/2603 2610/2610/2610 2615/2615/2615
f 2603/2603/2603 2615/2615/2615 2616/2616/2616
f 2616/2616/2616 2615/2615/2615 2581/2581/2581
f 2616/2616/2616 2581/2581/2581 2576/2576/2576
f 2610/2610/2610 2612/2612/2612 2617/2617/2617
f 2610/2610/2610 2617/2617/2617 2615/2615/2615
f 2615/2615/2615 2617/2617/2617 2582/2582/2582
f 2615/2615/2615 2582/2582/2582 2581/2581/2581
f 2603/2603/2603 2616/2616/2616 2618/2618/2618
f 2603/2603/2603 2618/2618/2618 2604/2604/2604
f 2604/2604/2604 2618/2618/2618 2601/2601/2601
f 2604/2604/2604 2601/2601/2601 2596/2596/2596
f 2616/2616/2616 2576/2576/2576 2575/2575/2575
f 2616/2616/2616 2575/2575/2575 2618/2618/2618
f 2618/2618/2618 2575/2575/2575 2566/2566/2566
f 2618/2618/2618 2566/2566/2566 2601/2601/2601
f 2619/2619/2619 2620/2620/2620 2621/2621/2621
f 2619/2619/2619 2621/2621/2621 2622/2622/2622
f 2622/2622/2622 2621/2621/2621 2623/2623/2623
f 2622/2622/2622 2623/2623/2623 2624/2624/2624
f 2620/2620/2620 2348/2348/2348 2347/2347/2347
f 2620/2620/2620 2347/2347/2347 2621/2621/2621
f 2621/2621/2621 2347/2347/2347 2350/2350/2350
f 2621/2621/2621 2350/2350/2350 2623/2623/2623
f 2619/2619/2619 2622/2622/2622 2625/2625/2625
f 2619/2619/2619 2625/2625/2625 2626/2626/2626
f 2626/2626/2626 2625/2625/2625 2627/2627/2627
f 2626/2626/2626 2627/2627/2627 2628/2628/2628
f 2622/2622/2622 2624/2624/2624 2629/2629/2629
f 2622/2622/2622 2629/2629/2629 2625/2625/2625
f 2625/2625/2625 2629/2629/2629 2630/2630/2630
f 2625/2625/2625 2630/2630/2630 2627/2627/2627
f 2619/2619/2619 2626/2626/2626 2631/2631/2631
f 2619/2619/2619 2631/2631/2631 2632/2632/2632
f 2632/2632/2632 2631/2631/2631 2597/2597/2597
f 2632/2632/2632 2597/2597/2597 2592/2592/2592
f 2626/2626/2626 2628/2628/2628 2633/2633/2633
f 2626/2626/2626 2633/2633/2633 2631/2631/2631
f 2631/2631/2631 2633/2633/2633 2598/2598/2598
f 2631/2631/2631 2598/2598/2598 2597/2597/2597
f 2619/2619/2619 2632/2632/2632 2634/2634/2634
f 2619/2619/2619 2634/2634/2634 2620/2620/2620
f 2620/2620/2620 2634/2634/2634 2353/2353/2353
f 2620/2620/2620 2353/2353/2353 2348/2348/2348
f 2632/2632/2632 2592/2592/2592 2591/2591/2591
f 2632/2632/2632 2591/2591/2591 2634/2634/2634
f 2634/2634/2634 2591/2591/2591 2334/2334/2334
f 2634/2634/2634 2334/2334/2334 2353/2353/2353
f 2635/2635/2635 2636/2636/2636 2637/2637/2637
f 2635/2635/2635 2637/2637/2637 2638/2638/2638
f 2638/2638/2638 2637/2637/2637 2639/2639/2639
f 2638/2638/2638 2639/2639/2639 2640/2640/2640
f 2636/2636/2636 2628/2628/2628 2627/2627/2627
f 2636/2636/2636 2627/2627/2627 2637/2637/2637
f 2637/2637/2637 2627/2627/2627 2630/2630/2630
f 2637/2637/2637 2630/2630/2630 2639/2639/2639
f 2635/2635/2635 2638/2638/2638 2641/2641/2641
f 2635/2635/2635 2641/2641/2641 2642/2642/2642
f 2642/2642/2642 2641/2641/2641 2643/2643/2643
f 2642/2642/2642 2643/2643/2643 2644/2644/2644
f 2638/2638/2638 2640/2640/2640 2645/2645/2645
f 2638/2638/2638 2645/2645/2645 2641/2641/2641
f 2641/2641/2641 2645/2645/2645 2646/2646/2646
f 2641/2641/2641 2646/2646/2646 2643/2643/2643
f 2635/2635/2635 2642/2642/2642 2647/2647/2647
f 2635/2635/2635 2647/2647/2647 2648/2648/2648
f 2648/2648/2648 2647/2647/2647 2613/2613/2613
f 2648/2648/2648 2613/2613/2613 2608/2608/2608
f 2642/2642/2642 2644/2644/2644 2649/2649/2649
f 2642/2642/2642 2649/2649/2649 2647/2647/2647
f 2647/2647/2647 2649/2649/2649 2614/2614/2614
f 2647/2647/2647 2614/2614/2614 2613/2613/2613
f 2635/2635/2635 2648/2648/2648 2650/2650/2650
f 2635/2635/2635 2650/2650/2650 2636/2636/2636
f 2636/2636/2636 2650/2650/2650 2633/2633/2633
f 2636/2636/2636 2633/2633/2633 2628/2628/2628
f 2648/2648/2648 2608/2608/2608 2607/2607/2607
f 2648/2648/2648 2607/2607/2607 2650/2650/2650
f 2650/2650/2650 2607/2607/2607 2598/2598/2598
f 2650/2650/2650 2598/2598/2598 2633/2633/2633
f 2651/2651/2651 2652/2652/2652 2653/2653/2653
f 2651/2651/2651 2653/2653/2653 2654/2654/2654
f 2654/2654/2654 2653/2653/2653 2655/2655/2655
f 2654/2654/2654 2655/2655/2655 2656/2656/2656
f 2652/2652/2652 2364/2364/2364 2363/2363/2363
f 2652/2652/2652 2363/2363/2363 2653/2653/2653
f 2653/2653/2653 2363/2363/2363 2366/2366/2366
f 2653/2653/2653 2366/2366/2366 2655/2655/2655
f 2651/2651/2651 2654/2654/2654 2657/2657/2657
f 2651/2651/2651 2657/2657/2657 2658/2658/2658
f 2658/2658/2658 2657/2657/2657 2659/2659/2659
f 2658/2658/2658 2659/2659/2659 2660/2660/2660
f 2654/2654/2654 2656/2656/2656 2661/2661/2661
f 2654/2654/2654 2661/2661/2661 2657/2657/2657
f 2657/2657/2657 2661/2661/2661 2662/2662/2662
f 2657/2657/2657 2662/2662/2662 2659/2659/2659
f 2651/2651/2651 2658/2658/2658 2663/2663/2663
f 2651/2651/2651 2663/2663/2663 2664/2664/2664
f 2664/2664/2664 2663/2663/2663 2629/2629/2629
f 2664/2664/2664 2629/2629/2629 2624/2624/2624
f 2658/2658/2658 2660/2660/2660 2665/2665/2665
f 2658/2658/2658 2665/2665/2665 2663/2663/2663
f 2663/2663/2663 2665/2665/2665 2630/2630/2630
f 2663/2663/2663 2630/2630/2630 2629/2629/2629
f 2651/2651/2651 2664/2664/2664 2666/2666/2666
f 2651/2651/2651 2666/2666/2666 2652/2652/2652
f 2652/2652/2652 2666/2666/2666 2369/2369/2369
f 2652/2652/2652 2369/2369/2369 2364/2364/2364
f 2664/2664/2664 2624/2624/2624 2623/2623/2623
f 2664/2664/2664 2623/2623/2623 2666/2666/2666
f 2666/2666/2666 2623/2623/2623 2350/2350/2350
f 2666/2666/2666 2350/2350/2350 2369/2369/2369
f 2667/2667/2667 2668/2668/2668 2669/2669/2669
f 2667/2667/2667 2669/2669/2669 2670/2670/2670
f 2670/2670/2670 2669/2669/2669 2671/2671/2671
f 2670/2670/2670 2671/2671/2671 2672/2672/2672
f 2668/2668/2668 2660/2660/2660 2659/2659/2659
f 2668/2668/2668 2659/2659/2659 2669/2669/2669
f 2669/2669/2669 2659/2659/2659 2662/2662/2662
f 2669/2669/2669 2662/2662/2662 2671/2671/2671
f 2667/2667/2667 2670/2670/2670 2673/2673/2673
f 2667/2667/2667 2673/2673/2673 2674/2674/2674
f 2674/2674/2674 2673/2673/2673 2675/2675/2675
f 2674/2674/2674 2675/2675/2675 2676/2676/2676
f 2670/2670/2670 2672/2672/2672 2677/2677/2677
f 2670/2670/2670 2677/2677/2677 2673/2673/2673
f 2673/2673/2673 2677/2677/2677 2678/2678/2678
f 2673/2673/2673 2678/2678/2678 2675/2675/2675
f 2667/2667/2667 2674/2674/2674 2679/2679/2679
f 2667/2667/2667 2679/2679/2679 2680/2680/2680
f 2680/2680/2680 2679/2679/2679 2645/2645/2645
f 2680/2680/2680 2645/2645/2645 2640/2640/2640
f 2674/2674/2674 2676/2676/2676 2681/2681/2681
f 2674/2674/2674 2681/2681/2681 2679/2679/2679
f 2679/2679/2679 2681/2681/2681 2646/2646/2646
f 2679/2679/2679 2646/2646/2646 2645/2645/2645
f 2667/2667/2667 2680/2680/2680 2682/2682/2682
f 2667/2667/2667 2682/2682/2682 2668/2668/2668
f 2668/2668/2668 2682/2682/2682 2665/2665/2665
f 2668/2668/2668 2665/2665/2665 2660/2660/2660
f 2680/2680/2680 2640/2640/2640 2639/2639/2639
f 2680/2680/2680 2639/2639/2639 2682/2682/2682
f 2682/2682/2682 2639/2639/2639 2630/2630/2630
f 2682/2682/2682 2630/2630/2630 2665/2665/2665
f 2683/2683/2683 2684/2684/2684 2685/2685/2685
f 2683/2683/2683 2685/2685/2685 2686/2686/2686
f 2686/2686/2686 2685/2685/2685 2687/2687/2687
f 2686/2686/2686 2687/2687/2687 2688/2688/2688
f 2684/2684/2684 2380/2380/2380 2379/2379/2379
f 2684/2684/2684 2379/2379/2379 2685/2685/2685
f 2685/2685/2685 2379/2379/2379 2382/2382/2382
f 2685/2685/2685 2382/2382/2382 2687/2687/2687
f 2683/2683/2683 2686/2686/2686 2689/2689/2689
f 2683/2683/2683 2689/2689/2689 2690/2690/2690
f 2690/2690/2690 2689/2689/2689 2691/2691/2691
f 2690/2690/2690 2691/2691/2691 2692/2692/2692
f 2686/2686/2686 2688/2688/2688 2693/2693/2693
f 2686/2686/2686 2693/2693/2693 2689/2689/2689
f 2689/2689/2689 2693/2693/2693 2694/2694/2694
f 2689/2689/2689 2694/2694/2694 2691/2691/2691
f 2683/2683/2683 2690/2690/2690 2695/2695/2695
f 2683/2683/2683 2695/2695/2695 2696/2696/2696
f 2696/2696/2696 2695/2695/2695 2661/2661/2661
f 2696/2696/2696 2661/2661/2661 2656/2656/2656
f 2690/2690/2690 2692/2692/2692 2697/2697/2697
f 2690/2690/2690 2697/2697/2697 2695/2695/2695
f 2695/2695/2695 2697/2697/2697 2662/2662/2662
f 2695/2695/2695 2662/2662/2662 2661/2661/2661
f 2683/2683/2683 2696/2696/2696 2698/2698/2698
f 2683/2683/2683 2698/2698/2698 2684/2684/2684
f 2684/2684/2684 2698/2698/2698 2385/2385/2385
f 2684/2684/2684 2385/2385/2385 2380/2380/2380
f 2696/2696/2696 2656/2656/2656 2655/2655/2655
f 2696/2696/2696 2655/2655/2655 2698/2698/2698
f 2698/2698/2698 2655/2655/2655 2366/2366/2366
f 2698/2698/2698 2366/2366/2366 2385/2385/2385
f 2699/2699/2699 2700/2700/2700 2701/2701/2701
f 2699/2699/2699 2701/2701/2701 2702/2702/2702
f 2702/2702/2702 2701/2701/2701 2703/2703/2703
f 2702/2702/2702 2703/2703/2703 2704/2704/2704
f 2700/2700/2700 2692/2692/2692 2691/2691/2691
f 2700/2700/2700 2691/2691/2691 2701/2701/2701
f 2701/2701/2701 2691/2691/2691 2694/2694/2694
f 2701/2701/2701 2694/2694/2694 2703/2703/2703
f 2699/2699/2699 2702/2702/2702 2705/2705/2705
f 2699/2699/2699 2705/2705/2705 2706/2706/2706
f 2706/2706/2706 2705/2705/2705 2707/2707/2707
f 2706/2706/2706 2707/2707/2707 2708/2708/2708
f 2702/2702/2702 2704/2704/2704 2709/2709/2709
f 2702/2702/2702 2709/2709/2709 2705/2705/2705
f 2705/2705/2705 2709/2709/2709 2710/2710/2710
f 2705/2705/2705 2710/2710/2710 2707/2707/2707
f 2699/2699/2699 2706/2706/2706 2711/2711/2711
f 2699/2699/2699 2711/2711/2711 2712/2712/2712
f 2712/2712/2712 2711/2711/2711 2677/2677/2677
f 2712/2712/2712 2677/2677/2677 2672/2672/2672
f 2706/2706/2706 2708/2708/2708 2713/2713/2713
f 2706/2706/2706 2713/2713/2713 2711/2711/2711
f 2711/2711/2711 2713/2713/2713 2678/2678/2678
f 2711/2711/2711 2678/2678/2678 2677/2677/2677
f 2699/2699/2699 2712/2712/2712 2714/2714/2714
f 2699/2699/2699 2714/2714/2714 2700/2700/2700
f 2700/2700/2700 2714/2714/2714 2697/2697/2697
f 2700/2700/2700 2697/2697/2697 2692/2692/2692
f 2712/2712/2712 2672/2672/2672 2671/2671/2671
f 2712/2712/2712 2671/2671/2671 2714/2714/2714
f 2714/2714/2714 2671/2671/2671 2662/2662/2662
f 2714/2714/2714 2662/2662/2662 2697/2697/2697
f 2715/2715/2715 2716/2716/2716 2717/2717/2717
f 2715/2715/2715 2717/2717/2717 2718/2718/2718
f 2718/2718/2718 2717/2717/2717 2719/2719/2719
f 2718/2718/2718 2719/2719/2719 2720/2720/2720
f 2716/2716/2716 2396/2396/2396 2395/2395/2395
f 2716/2716/2716 2395/2395/2395 2717/2717/2717
f 2717/2717/2717 2395/2395/2395 2398/2398/2398
f 2717/2717/2717 2398/2398/2398 2719/2719/2719
f 2715/2715/2715 2718/2718/2718 2721/2721/2721
f 2715/2715/2715 2721/2721/2721 2722/2722/2722
f 2722/2722/2722 2721/2721/2721 2723/2723/2723
f 2722/2722/2722 2723/2723/2723 2724/2724/2724
f 2718/2718/2718 2720/2720/2720 2725/2725/2725
f 2718/2718/2718 2725/2725/2725 2721/2721/2721
f 2721/2721/2721 2725/2725/2725 2726/2726/2726
f 2721/2721/2721 2726/2726/2726 2723/2723/2723
f 2715/2715/2715 2722/2722/2722 2727/2727/2727
f 2715/2715/2715 2727/2727/2727 2728/2728/2728
f 2728/2728/2728 2727/2727/2727 2693/2693/2693
f 2728/2728/2728 2693/2693/2693 2688/2688/2688
f 2722/2722/2722 2724/2724/2724 2729/2729/2729
f 2722/2722/2722 2729/2729/2729 2727/2727/2727
f 2727/2727/2727 2729/2729/2729 2694/2694/2694
f 2727/2727/2727 2694/2694/2694 2693/2693/2693
f 2715/2715/2715 2728/2728/2728 2730/2730/2730
f 2715/2715/2715 2730/2730/2730 2716/2716/2716
f 2716/2716/2716 2730/2730/2730 2401/2401/2401
f 2716/2716/2716 2401/2401/2401 2396/2396/2396
f 2728/2728/2728 2688/2688/2688 2687/2687/2687
f 2728/2728/2728 2687/2687/2687 2730/2730/2730
f 2730/2730/2730 2687/2687/2687 2382/2382/2382
f 2730/2730/2730 2382/2382/2382 2401/2401/2401
f 2731/2731/2731 2732/2732/2732 2733/2733/2733
f 2731/2731/2731 2733/2733/2733 2734/2734/2734
f 2734/2734/2734 2733/2733/2733 2735/2735/2735
f 2734/2734/2734 2735/2735/2735 2736/2736/2736
f 2732/2732/2732 2724/2724/2724 2723/2723/2723
f 2732/2732/2732 2723/2723/2723 2733/2733/2733
f 2733/2733/2733 2723/2723/2723 2726/2726/2726
f 2733/2733/2733 2726/2726/2726 2735/2735/2735
f 2731/2731/2731 2734/2734/2734 2737/2737/2737
f 2731/2731/2731 2737/2737/2737 2738/2738/2738
f 2738/2738/2738 2737/2737/2737 2739/2739/2739
f 2738/2738/2738 2739/2739/2739 2740/2740/2740
f 2734/2734/2734 2736/2736/2736 2741/2741/2741
f 2734/2734/2734 2741/2741/2741 2737/2737/2737
f 2737/2737/2737 2741/2741/2741 2742/2742/2742
f 2737/2737/2737 2742/2742/2742 2739/2739/2739
f 2731/2731/2731 2738/2738/2738 2743/2743/2743
f 2731/2731/2731 2743/2743/2743 2744/2744/2744
f 2744/2744/2744 2743/2743/2743 2709/2709/2709
f 2744/2744/2744 2709/2709/2709 2704/2704/2704
f 2738/2738/2738 2740/2740/2740 2745/2745/2745
f 2738/2738/2738 2745/2745/2745 2743/2743/2743
f 2743/2743/2743 2745/2745/2745 2710/2710/2710
f 2743/2743/2743 2710/2710/2710 2709/2709/2709
f 2731/2731/2731 2744/2744/2744 2746/2746/2746
f 2731/2731/2731 2746/2746/2746 2732/2732/2732
f 2732/2732/2732 2746/2746/2746 2729/2729/2729
f 2732/2732/2732 2729/2729/2729 2724/2724/2724
f 2744/2744/2744 2704/2704/2704 2703/2703/2703
f 2744/2744/2744 2703/2703/2703 2746/2746/2746
f 2746/2746/2746 2703/2703/2703 2694/2694/2694
f 2746/2746/2746 2694/2694/2694 2729/2729/2729
f 2747/2747/2747 2748/2748/2748 2749/2749/2749
f 2747/2747/2747 2749/2749/2749 2750/2750/2750
f 2750/2750/2750 2749/2749/2749 2751/2751/2751
f 2750/2750/2750 2751/2751/2751 2752/2752/2752
f 2748/2748/2748 2412/2412/2412 2411/2411/2411
f 2748/2748/2748 2411/2411/2411 2749/2749/2749
f 2749/2749/2749 2411/2411/2411 2414/2414/2414
f 2749/2749/2749 2414/2414/2414 2751/2751/2751
f 2747/2747/2747 2750/2750/2750 2753/2753/2753
f 2747/2747/2747 2753/2753/2753 2754/2754/2754
f 2754/2754/2754 2753/2753/2753 2755/2755/2755
f 2754/2754/2754 2755/2755/2755 2756/2756/2756
f 2750/2750/2750 2752/2752/2752 2757/2757/2757
f 2750/2750/2750 2757/2757/2757 2753/2753/2753
f 2753/2753/2753 2757/2757/2757 2758/2758/2758
f 2753/2753/2753 2758/2758/2758 2755/2755/2755
f 2747/2747/2747 2754/2754/2754 2759/2759/2759
f 2747/2747/2747 2759/2759/2759 2760/2760/2760
f 2760/2760/2760 2759/2759/2759 2761/2761/2761
f 2760/2760/2760 2761/2761/2761 2762/2762/2762
f 2754/2754/2754 2756/2756/2756 2763/2763/2763
f 2754/2754/2754 2763/2763/2763 2759/2759/2759
f 2759/2759/2759 2763/2763/2763 2764/2764/2764
f 2759/2759/2759 2764/2764/2764 2761/2761/2761
f 2747/2747/2747 2760/2760/2760 2765/2765/2765
f 2747/2747/2747 2765/2765/2765 2748/2748/2748
f 2748/2748/2748 2765/2765/2765 2419/2419/2419
f 2748/2748/2748 2419/2419/2419 2412/2412/2412
f 2760/2760/2760 2762/2762/2762 2766/2766/2766
f 2760/2760/2760 2766/2766/2766 2765/2765/2765
f 2765/2765/2765 2766/2766/2766 2420/2420/2420
f 2765/2765/2765 2420/2420/2420 2419/2419/2419
f 2767/2767/2767 2768/2768/2768 2769/2769/2769
f 2767/2767/2767 2769/2769/2769 2770/2770/2770
f 2770/2770/2770 2769/2769/2769 2771/2771/2771
f 2770/2770/2770 2771/2771/2771 2772/2772/2772
f 2768/2768/2768 2756/2756/2756 2755/2755/2755
f 2768/2768/2768 2755/2755/2755 2769/2769/2769
f 2769/2769/2769 2755/2755/2755 2758/2758/2758
f 2769/2769/2769 2758/2758/2758 2771/2771/2771
f 2767/2767/2767 2770/2770/2770 2773/2773/2773
f 2767/2767/2767 2773/2773/2773 2774/2774/2774
f 2774/2774/2774 2773/2773/2773 2775/2775/2775
f 2774/2774/2774 2775/2775/2775 2776/2776/2776
f 2770/2770/2770 2772/2772/2772 2777/2777/2777
f 2770/2770/2770 2777/2777/2777 2773/2773/2773
f 2773/2773/2773 2777/2777/2777 2778/2778/2778
f 2773/2773/2773 2778/2778/2778 2775/2775/2775
f 2767/2767/2767 2774/2774/2774 2779/2779/2779
f 2767/2767/2767 2779/2779/2779 2780/2780/2780
f 2780/2780/2780 2779/2779/2779 2781/2781/2781
f 2780/2780/2780 2781/2781/2781 2782/2782/2782
f 2774/2774/2774 2776/2776/2776 2783/2783/2783
f 2774/2774/2774 2783/2783/2783 2779/2779/2779
f 2779/2779/2779 2783/2783/2783 2784/2784/2784
f 2779/2779/2779 2784/2784/2784 2781/2781/2781
f 2767/2767/2767 2780/2780/2780 2785/2785/2785
f 2767/2767/2767 2785/2785/2785 2768/2768/2768
f 2768/2768/2768 2785/2785/2785 2763/2763/2763
f 2768/2768/2768 2763/2763/2763 2756/2756/2756
f 2780/2780/2780 2782/2782/2782 2786/2786/2786
f 2780/2780/2780 2786/2786/2786 2785/2785/2785
f 2785/2785/2785 2786/2786/2786 2764/2764/2764
f 2785/2785/2785 2764/2764/2764 2763/2763/2763
f 2787/2787/2787 2788/2788/2788 2789/2789/2789
f 2787/2787/2787 2789/2789/2789 2790/2790/2790
f 2790/2790/2790 2789/2789/2789 2791/2791/2791
f 2790/2790/2790 2791/2791/2791 2792/2792/2792
f 2788/2788/2788 2432/2432/2432 2431/2431/2431
f 2788/2788/2788 2431/2431/2431 2789/2789/2789
f 2789/2789/2789 2431/2431/2431 2434/2434/2434
f 2789/2789/2789 2434/2434/2434 2791/2791/2791
f 2787/2787/2787 2790/2790/2790 2793/2793/2793
f 2787/2787/2787 2793/2793/2793 2794/2794/2794
f 2794/2794/2794 2793/2793/2793 2795/2795/2795
f 2794/2794/2794 2795/2795/2795 2796/2796/2796
f 2790/2790/2790 2792/2792/2792 2797/2797/2797
f 2790/2790/2790 2797/2797/2797 2793/2793/2793
f 2793/2793/2793 2797/2797/2797 2798/2798/2798
f 2793/2793/2793 2798/2798/2798 2795/2795/2795
f 2787/2787/2787 2794/2794/2794 2799/2799/2799
f 2787/2787/2787 2799/2799/2799 2800/2800/2800
f 2800/2800/2800 2799/2799/2799 2757/2757/2757
f 2800/2800/2800 2757/2757/2757 2752/2752/2752
f 2794/2794/2794 2796/2796/2796 2801/2801/2801
f 2794/2794/2794 2801/2801/2801 2799/2799/2799
f 2799/2799/2799 2801/2801/2801 2758/2758/2758
f 2799/2799/2799 2758/2758/2758 2757/2757/2757
f 2787/2787/2787 2800/2800/2800 2802/2802/2802
f 2787/2787/2787 2802/2802/2802 2788/2788/2788
f 2788/2788/2788 2802/2802/2802 2437/2437/2437
f 2788/2788/2788 2437/2437/2437 2432/2432/2432
f 2800/2800/2800 2752/2752/2752 2751/2751/2751
f 2800/2800/2800 2751/2751/2751 2802/2802/2802
f 2802/2802/2802 2751/2751/2751 2414/2414/2414
f 2802/2802/2802 2414/2414/2414 2437/2437/2437
f 2803/2803/2803 2804/2804/2804 2805/2805/2805
f 2803/2803/2803 2805/2805/2805 2806/2806/2806
f 2806/2806/2806 2805/2805/2805 2807/2807/2807
f 2806/2806/2806 2807/2807/2807 2808/2808/2808
f 2804/2804/2804 2796/2796/2796 2795/2795/2795
f 2804/2804/2804 2795/2795/2795 2805/2805/2805
f 2805/2805/2805 2795/2795/2795 2798/2798/2798
f 2805/2805/2805 2798/2798/2798 2807/2807/2807
f 2803/2803/2803 2806/2806/2806 2809/2809/2809
f 2803/2803/2803 2809/2809/2809 2810/2810/2810
f 2810/2810/2810 2809/2809/2809 2811/2811/2811
f 2810/2810/2810 2811/2811/2811 2812/2812/2812
f 2806/2806/2806 2808/2808/2808 2813/2813/2813
f 2806/2806/2806 2813/2813/2813 2809/2809/2809
f 2809/2809/2809 2813/2813/2813 2814/2814/2814
f 2809/2809/2809 2814/2814/2814 2811/2811/2811
f 2803/2803/2803 2810/2810/2810 2815/2815/2815
f 2803/2803/2803 2815/2815/2815 2816/2816/2816
f 2816/2816/2816 2815/2815/2815 2777/2777/2777
f 2816/2816/2816 2777/2777/2777 2772/2772/2772
f 2810/2810/2810 2812/2812/2812 2817/2817/2817
f 2810/2810/2810 2817/2817/2817 2815/2815/2815
f 2815/2815/2815 2817/2817/2817 2778/2778/2778
f 2815/2815/2815 2778/2778/2778 2777/2777/2777
f 2803/2803/2803 2816/2816/2816 2818/2818/2818
f 2803/2803/2803 2818/2818/2818 2804/2804/2804
f 2804/2804/2804 2818/2818/2818 2801/2801/2801
f 2804/2804/2804 2801/2801/2801 2796/2796/2796
f 2816/2816/2816 2772/2772/2772 2771/2771/2771
f 2816/2816/2816 2771/2771/2771 2818/2818/2818
f 2818/2818/2818 2771/2771/2771 2758/2758/2758
f 2818/2818/2818 2758/2758/2758 2801/2801/2801
f 2819/2819/2819 2820/2820/2820 2821/2821/2821
f 2819/2819/2819 2821/2821/2821 2822/2822/2822
f 2822/2822/2822 2821/2821/2821 2470/2470/2470
f 2822/2822/2822 2470/2470/2470 2466/2466/2466
f 2820/2820/2820 2446/2446/2446 2445/2445/2445
f 2820/2820/2820 2445/2445/2445 2821/2821/2821
f 2821/2821/2821 2445/2445/2445 2272/2272/2272
f 2821/2821/2821 2272/2272/2272 2470/2470/2470
f 2819/2819/2819 2822/2822/2822 2823/2823/2823
f 2819/2819/2819 2823/2823/2823 2824/2824/2824
f 2824/2824/2824 2823/2823/2823 2825/2825/2825
f 2824/2824/2824 2825/2825/2825 2826/2826/2826
f 2822/2822/2822 2466/2466/2466 2465/2465/2465
f 2822/2822/2822 2465/2465/2465 2823/2823/2823
f 2823/2823/2823 2465/2465/2465 2468/2468/2468
f 2823/2823/2823 2468/2468/2468 2825/2825/2825
f 2819/2819/2819 2824/2824/2824 2827/2827/2827
f 2819/2819/2819 2827/2827/2827 2828/2828/2828
f 2828/2828/2828 2827/2827/2827 2797/2797/2797
f 2828/2828/2828 2797/2797/2797 2792/2792/2792
f 2824/2824/2824 2826/2826/2826 2829/2829/2829
f 2824/2824/2824 2829/2829/2829 2827/2827/2827
f 2827/2827/2827 2829/2829/2829 2798/2798/2798
f 2827/2827/2827 2798/2798/2798 2797/2797/2797
f 2819/2819/2819 2828/2828/2828 2830/2830/2830
f 2819/2819/2819 2830/2830/2830 2820/2820/2820
f 2820/2820/2820 2830/2830/2830 2449/2449/2449
f 2820/2820/2820 2449/2449/2449 2446/2446/2446
f 2828/2828/2828 2792/2792/2792 2791/2791/2791
f 2828/2828/2828 2791/2791/2791 2830/2830/2830
f 2830/2830/2830 2791/2791/2791 2434/2434/2434
f 2830/2830/2830 2434/2434/2434 2449/2449/2449
f 2831/2831/2831 2832/2832/2832 2833/2833/2833
f 2831/2831/2831 2833/2833/2833 2834/2834/2834
f 2834/2834/2834 2833/2833/2833 2490/2490/2490
f 2834/2834/2834 2490/2490/2490 2486/2486/2486
f 2832/2832/2832 2826/2826/2826 2825/2825/2825
f 2832/2832/2832 2825/2825/2825 2833/2833/2833
f 2833/2833/2833 2825/2825/2825 2468/2468/2468
f 2833/2833/2833 2468/2468/2468 2490/2490/2490
f 2831/2831/2831 2834/2834/2834 2835/2835/2835
f 2831/2831/2831 2835/2835/2835 2836/2836/2836
f 2836/2836/2836 2835/2835/2835 2837/2837/2837
f 2836/2836/2836 2837/2837/2837 2838/2838/2838
f 2834/2834/2834 2486/2486/2486 2485/2485/2485
f 2834/2834/2834 2485/2485/2485 2835/2835/2835
f 2835/2835/2835 2485/2485/2485 2488/2488/2488
f 2835/2835/2835 2488/2488/2488 2837/2837/2837
f 2831/2831/2831 2836/2836/2836 2839/2839/2839
f 2831/2831/2831 2839/2839/2839 2840/2840/2840
f 2840/2840/2840 2839/2839/2839 2813/2813/2813
f 2840/2840/2840 2813/2813/2813 2808/2808/2808
f 2836/2836/2836 2838/2838/2838 2841/2841/2841
f 2836/2836/2836 2841/2841/2841 2839/2839/2839
f 2839/2839/2839 2841/2841/2841 2814/2814/2814
f 2839/2839/2839 2814/2814/2814 2813/2813/2813
f 2831/2831/2831 2840/2840/2840 2842/2842/2842
f 2831/2831/2831 2842/2842/2842 2832/2832/2832
f 2832/2832/2832 2842/2842/2842 2829/2829/2829
f 2832/2832/2832 2829/2829/2829 2826/2826/2826
f 2840/2840/2840 2808/2808/2808 2807/2807/2807
f 2840/2840/2840 2807/2807/2807 2842/2842/2842
f 2842/2842/2842 2807/2807/2807 2798/2798/2798
f 2842/2842/2842 2798/2798/2798 2829/2829/2829
f 2843/2843/2843 2844/2844/2844 2845/2845/2845
f 2843/2843/2843 2845/2845/2845 2846/2846/2846
f 2846/2846/2846 2845/2845/2845 2847/2847/2847
f 2846/2846/2846 2847/2847/2847 2848/2848/2848
f 2844/2844/2844 2849/2849/2849 2850/2850/2850
f 2844/2844/2844 2850/2850/2850 2845/2845/2845
f 2845/2845/2845 2850/2850/2850 2851/2851/2851
f 2845/2845/2845 2851/2851/2851 2847/2847/2847
f 2843/2843/2843 2846/2846/2846 2852/2852/2852
f 2843/2843/2843 2852/2852/2852 2853/2853/2853
f 2853/2853/2853 2852/2852/2852 2854/2854/2854
f 2853/2853/2853 2854/2854/2854 2855/2855/2855
f 2846/2846/2846 2848/2848/2848 2856/2856/2856
f 2846/2846/2846 2856/2856/2856 2852/2852/2852
f 2852/2852/2852 2856/2856/2856 2857/2857/2857
f 2852/2852/2852 2857/2857/2857 2854/2854/2854
f 2843/2843/2843 2853/2853/2853 2858/2858/2858
f 2843/2843/2843 2858/2858/2858 2859/2859/2859
f 2859/2859/2859 2858/2858/2858 2860/2860/2860
f 2859/2859/2859 2860/2860/2860 2861/2861/2861
f 2853/2853/2853 2855/2855/2855 2862/2862/2862
f 2853/2853/2853 2862/2862/2862 2858/2858/2858
f 2858/2858/2858 2862/2862/2862 2863/2863/2863
f 2858/2858/2858 2863/2863/2863 2860/2860/2860
f 2843/2843/2843 2859/2859/2859 2864/2864/2864
f 2843/2843/2843 2864/2864/2864 2844/2844/2844
f 2844/2844/2844 2864/2864/2864 2865/2865/2865
f 2844/2844/2844 2865/2865/2865 2849/2849/2849
f 2859/2859/2859 2861/2861/2861 2866/2866/2866
f 2859/2859/2859 2866/2866/2866 2864/2864/2864
f 2864/2864/2864 2866/2866/2866 2867/2867/2867
f 2864/2864/2864 2867/2867/2867 2865/2865/2865
f 2868/2868/2868 2869/2869/2869 2870/2870/2870
f 2868/2868/2868 2870/2870/2870 2871/2871/2871
f 2871/2871/2871 2870/2870/2870 2872/2872/2872
f 2871/2871/2871 2872/2872/2872 2873/2873/2873
f 2869/2869/2869 2855/2855/2855 2854/2854/2854
f 2869/2869/2869 2854/2854/2854 2870/2870/2870
f 2870/2870/2870 2854/2854/2854 2857/2857/2857
f 2870/2870/2870 2857/2857/2857 2872/2872/2872
f 2868/2868/2868 2871/2871/2871 2874/2874/2874
f 2868/2868/2868 2874/2874/2874 2875/2875/2875
f 2875/2875/2875 2874/2874/2874 1072/1072/1072
f 2875/2875/2875 1072/1072/1072 1071/1071/1071
f 2871/2871/2871 2873/2873/2873 2876/2876/2876
f 2871/2871/2871 2876/2876/2876 2874/2874/2874
f 2874/2874/2874 2876/2876/2876 1066/1066/1066
f 2874/2874/2874 1066/1066/1066 1072/1072/1072
f 2868/2868/2868 2875/2875/2875 2877/2877/2877
f 2868/2868/2868 2877/2877/2877 2878/2878/2878
f 2878/2878/2878 2877/2877/2877 2879/2879/2879
f 2878/2878/2878 2879/2879/2879 2880/2880/2880
f 2875/2875/2875 1071/1071/1071 1078/1078/1078
f 2875/2875/2875 1078/1078/1078 2877/2877/2877
f 2877/2877/2877 1078/1078/1078 891/891/891
f 2877/2877/2877 891/891/891 2879/2879/2879
f 2868/2868/2868 2878/2878/2878 2881/2881/2881
f 2868/2868/2868 2881/2881/2881 2869/2869/2869
f 2869/2869/2869 2881/2881/2881 2862/2862/2862
f 2869/2869/2869 2862/2862/2862 2855/2855/2855
f 2878/2878/2878 2880/2880/2880 2882/2882/2882
f 2878/2878/2878 2882/2882/2882 2881/2881/2881
f 2881/2881/2881 2882/2882/2882 2863/2863/2863
f 2881/2881/2881 2863/2863/2863 2862/2862/2862
f 2883/2883/2883 2884/2884/2884 2885/2885/2885
f 2883/2883/2883 2885/2885/2885 2886/2886/2886
f 2886/2886/2886 2885/2885/2885 2887/2887/2887
f 2886/2886/2886 2887/2887/2887 2888/2888/2888
f 2884/2884/2884 2889/2889/2889 2890/2890/2890
f 2884/2884/2884 2890/2890/2890 2885/2885/2885
f 2885/2885/2885 2890/2890/2890 2891/2891/2891
f 2885/2885/2885 2891/2891/2891 2887/2887/2887
f 2883/2883/2883 2886/2886/2886 2892/2892/2892
f 2883/2883/2883 2892/2892/2892 2893/2893/2893
f 2893/2893/2893 2892/2892/2892 2894/2894/2894
f 2893/2893/2893 2894/2894/2894 2895/2895/2895
f 2886/2886/2886 2888/2888/2888 2896/2896/2896
f 2886/2886/2886 2896/2896/2896 2892/2892/2892
f 2892/2892/2892 2896/2896/2896 2897/2897/2897
f 2892/2892/2892 2897/2897/2897 2894/2894/2894
f 2883/2883/2883 2893/2893/2893 2898/2898/2898
f 2883/2883/2883 2898/2898/2898 2899/2899/2899
f 2899/2899/2899 2898/2898/2898 2856/2856/2856
f 2899/2899/2899 2856/2856/2856 2848/2848/2848
f 2893/2893/2893 2895/2895/2895 2900/2900/2900
f 2893/2893/2893 2900/2900/2900 2898/2898/2898
f 2898/2898/2898 2900/2900/2900 2857/2857/2857
f 2898/2898/2898 2857/2857/2857 2856/2856/2856
f 2883/2883/2883 2899/2899/2899 2901/2901/2901
f 2883/2883/2883 2901/2901/2901 2884/2884/2884
f 2884/2884/2884 2901/2901/2901 2902/2902/2902
f 2884/2884/2884 2902/2902/2902 2889/2889/2889
f 2899/2899/2899 2848/2848/2848 2847/2847/2847
f 2899/2899/2899 2847/2847/2847 2901/2901/2901
f 2901/2901/2901 2847/2847/2847 2851/2851/2851
f 2901/2901/2901 2851/2851/2851 2902/2902/2902
f 2903/2903/2903 2904/2904/2904 2905/2905/2905
f 2903/2903/2903 2905/2905/2905 2906/2906/2906
f 2906/2906/2906 2905/2905/2905 2907/2907/2907
f 2906/2906/2906 2907/2907/2907 2908/2908/2908
f 2904/2904/2904 2895/2895/2895 2894/2894/2894
f 2904/2904/2904 2894/2894/2894 2905/2905/2905
f 2905/2905/2905 2894/2894/2894 2897/2897/2897
f 2905/2905/2905 2897/2897/2897 2907/2907/2907
f 2903/2903/2903 2906/2906/2906 2909/2909/2909
f 2903/2903/2903 2909/2909/2909 2910/2910/2910
f 2910/2910/2910 2909/2909/2909 1056/1056/1056
f 2910/2910/2910 1056/1056/1056 1055/1055/1055
f 2906/2906/2906 2908/2908/2908 2911/2911/2911
f 2906/2906/2906 2911/2911/2911 2909/2909/2909
f 2909/2909/2909 2911/2911/2911 1050/1050/1050
f 2909/2909/2909 1050/1050/1050 1056/1056/1056
f 2903/2903/2903 2910/2910/2910 2912/2912/2912
f 2903/2903/2903 2912/2912/2912 2913/2913/2913
f 2913/2913/2913 2912/2912/2912 2876/2876/2876
f 2913/2913/2913 2876/2876/2876 2873/2873/2873
f 2910/2910/2910 1055/1055/1055 1064/1064/1064
f 2910/2910/2910 1064/1064/1064 2912/2912/2912
f 2912/2912/2912 1064/1064/1064 1066/1066/1066
f 2912/2912/2912 1066/1066/1066 2876/2876/2876
f 2903/2903/2903 2913/2913/2913 2914/2914/2914
f 2903/2903/2903 2914/2914/2914 2904/2904/2904
f 2904/2904/2904 2914/2914/2914 2900/2900/2900
f 2904/2904/2904 2900/2900/2900 2895/2895/2895
f 2913/2913/2913 2873/2873/2873 2872/2872/2872
f 2913/2913/2913 2872/2872/2872 2914/2914/2914
f 2914/2914/2914 2872/2872/2872 2857/2857/2857
f 2914/2914/2914 2857/2857/2857 2900/2900/2900
f 2915/2915/2915 2916/2916/2916 2917/2917/2917
f 2915/2915/2915 2917/2917/2917 2918/2918/2918
f 2918/2918/2918 2917/2917/2917 2919/2919/2919
f 2918/2918/2918 2919/2919/2919 2920/2920/2920
f 2916/2916/2916 2921/2921/2921 2922/2922/2922
f 2916/2916/2916 2922/2922/2922 2917/2917/2917
f 2917/2917/2917 2922/2922/2922 2923/2923/2923
f 2917/2917/2917 2923/2923/2923 2919/2919/2919
f 2915/2915/2915 2918/2918/2918 2924/2924/2924
f 2915/2915/2915 2924/2924/2924 2925/2925/2925
f 2925/2925/2925 2924/2924/2924 2926/2926/2926
f 2925/2925/2925 2926/2926/2926 2927/2927/2927
f 2918/2918/2918 2920/2920/2920 2928/2928/2928
f 2918/2918/2918 2928/2928/2928 2924/2924/2924
f 2924/2924/2924 2928/2928/2928 2929/2929/2929
f 2924/2924/2924 2929/2929/2929 2926/2926/2926
f 2915/2915/2915 2925/2925/2925 2930/2930/2930
f 2915/2915/2915 2930/2930/2930 2931/2931/2931
f 2931/2931/2931 2930/2930/2930 2896/2896/2896
f 2931/2931/2931 2896/2896/2896 2888/2888/2888
f 2925/2925/2925 2927/2927/2927 2932/2932/2932
f 2925/2925/2925 2932/2932/2932 2930/2930/2930
f 2930/2930/2930 2932/2932/2932 2897/2897/2897
f 2930/2930/2930 2897/2897/2897 2896/2896/2896
f 2915/2915/2915 2931/2931/2931 2933/2933/2933
f 2915/2915/2915 2933/2933/2933 2916/2916/2916
f 2916/2916/2916 2933/2933/2933 2934/2934/2934
f 2916/2916/2916 2934/2934/2934 2921/2921/2921
f 2931/2931/2931 2888/2888/2888 2887/2887/2887
f 2931/2931/2931 2887/2887/2887 2933/2933/2933
f 2933/2933/2933 2887/2887/2887 2891/2891/2891
f 2933/2933/2933 2891/2891/2891 2934/2934/2934
f 2935/2935/2935 2936/2936/2936 2937/2937/2937
f 2935/2935/2935 2937/2937/2937 2938/2938/2938
f 2938/2938/2938 2937/2937/2937 2939/2939/2939
f 2938/2938/2938 2939/2939/2939 2940/2940/2940
f 2936/2936/2936 2927/2927/2927 2926/2926/2926
f 2936/2936/2936 2926/2926/2926 2937/2937/2937
f 2937/2937/2937 2926/2926/2926 2929/2929/2929
f 2937/2937/2937 2929/2929/2929 2939/2939/2939
f 2935/2935/2935 2938/2938/2938 2941/2941/2941
f 2935/2935/2935 2941/2941/2941 2942/2942/2942
f 2942/2942/2942 2941/2941/2941 1038/1038/1038
f 2942/2942/2942 1038/1038/1038 1037/1037/1037
f 2938/2938/2938 2940/2940/2940 2943/2943/2943
f 2938/2938/2938 2943/2943/2943 2941/2941/2941
f 2941/2941/2941 2943/2943/2943 1039/1039/1039
f 2941/2941/2941 1039/1039/1039 1038/1038/1038
f 2935/2935/2935 2942/2942/2942 2944/2944/2944
f 2935/2935/2935 2944/2944/2944 2945/2945/2945
f 2945/2945/2945 2944/2944/2944 2911/2911/2911
f 2945/2945/2945 2911/2911/2911 2908/2908/2908
f 2942/2942/2942 1037/1037/1037 1048/1048/1048
f 2942/2942/2942 1048/1048/1048 2944/2944/2944
f 2944/2944/2944 1048/1048/1048 1050/1050/1050
f 2944/2944/2944 1050/1050/1050 2911/2911/2911
f 2935/2935/2935 2945/2945/2945 2946/2946/2946
f 2935/2935/2935 2946/2946/2946 2936/2936/2936
f 2936/2936/2936 2946/2946/2946 2932/2932/2932
f 2936/2936/2936 2932/2932/2932 2927/2927/2927
f 2945/2945/2945 2908/2908/2908 2907/2907/2907
f 2945/2945/2945 2907/2907/2907 2946/2946/2946
f 2946/2946/2946 2907/2907/2907 2897/2897/2897
f 2946/2946/2946 2897/2897/2897 2932/2932/2932
f 2947/2947/2947 2948/2948/2948 2949/2949/2949
f 2947/2947/2947 2949/2949/2949 2950/2950/2950
f 2950/2950/2950 2949/2949/2949 2951/2951/2951
f 2950/2950/2950 2951/2951/2951 2952/2952/2952
f 2948/2948/2948 2953/2953/2953 2954/2954/2954
f 2948/2948/2948 2954/2954/2954 2949/2949/2949
f 2949/2949/2949 2954/2954/2954 2955/2955/2955
f 2949/2949/2949 2955/2955/2955 2951/2951/2951
f 2947/2947/2947 2950/2950/2950 2956/2956/2956
f 2947/2947/2947 2956/2956/2956 2957/2957/2957
f 2957/2957/2957 2956/2956/2956 2958/2958/2958
f 2957/2957/2957 2958/2958/2958 2959/2959/2959
f 2950/2950/2950 2952/2952/2952 2960/2960/2960
f 2950/2950/2950 2960/2960/2960 2956/2956/2956
f 2956/2956/2956 2960/2960/2960 2961/2961/2961
f 2956/2956/2956 2961/2961/2961 2958/2958/2958
f 2947/2947/2947 2957/2957/2957 2962/2962/2962
f 2947/2947/2947 2962/2962/2962 2963/2963/2963
f 2963/2963/2963 2962/2962/2962 2964/2964/2964
f 2963/2963/2963 2964/2964/2964 2965/2965/2965
f 2957/2957/2957 2959/2959/2959 2966/2966/2966
f 2957/2957/2957 2966/2966/2966 2962/2962/2962
f 2962/2962/2962 2966/2966/2966 2967/2967/2967
f 2962/2962/2962 2967/2967/2967 2964/2964/2964
f 2947/2947/2947 2963/2963/2963 2968/2968/2968
f 2947/2947/2947 2968/2968/2968 2948/2948/2948
f 2948/2948/2948 2968/2968/2968 2969/2969/2969
f 2948/2948/2948 2969/2969/2969 2953/2953/2953
f 2963/2963/2963 2965/2965/2965 2970/2970/2970
f 2963/2963/2963 2970/2970/2970 2968/2968/2968
f 2968/2968/2968 2970/2970/2970 2971/2971/2971
f 2968/2968/2968 2971/2971/2971 2969/2969/2969
f 2972/2972/2972 2973/2973/2973 2974/2974/2974
f 2972/2972/2972 2974/2974/2974 2975/2975/2975
f 2975/2975/2975 2974/2974/2974 2976/2976/2976
f 2975/2975/2975 2976/2976/2976 2977/2977/2977
f 2973/2973/2973 2959/2959/2959 2958/2958/2958
f 2973/2973/2973 2958/2958/2958 2974/2974/2974
f 2974/2974/2974 2958/2958/2958 2961/2961/2961
f 2974/2974/2974 2961/2961/2961 2976/2976/2976
f 2972/2972/2972 2975/2975/2975 2978/2978/2978
f 2972/2972/2972 2978/2978/2978 2979/2979/2979
f 2979/2979/2979 2978/2978/2978 1020/1020/1020
f 2979/2979/2979 1020/1020/1020 1019/1019/1019
f 2975/2975/2975 2977/2977/2977 2980/2980/2980
f 2975/2975/2975 2980/2980/2980 2978/2978/2978
f 2978/2978/2978 2980/2980/2980 1014/1014/1014
f 2978/2978/2978 1014/1014/1014 1020/1020/1020
f 2972/2972/2972 2979/2979/2979 2981/2981/2981
f 2972/2972/2972 2981/2981/2981 2982/2982/2982
f 2982/2982/2982 2981/2981/2981 2983/2983/2983
f 2982/2982/2982 2983/2983/2983 2984/2984/2984
f 2979/2979/2979 1019/1019/1019 1028/1028/1028
f 2979/2979/2979 1028/1028/1028 2981/2981/2981
f 2981/2981/2981 1028/1028/1028 1030/1030/1030
f 2981/2981/2981 1030/1030/1030 2983/2983/2983
f 2972/2972/2972 2982/2982/2982 2985/2985/2985
f 2972/2972/2972 2985/2985/2985 2973/2973/2973
f 2973/2973/2973 2985/2985/2985 2966/2966/2966
f 2973/2973/2973 2966/2966/2966 2959/2959/2959
f 2982/2982/2982 2984/2984/2984 2986/2986/2986
f 2982/2982/2982 2986/2986/2986 2985/2985/2985
f 2985/2985/2985 2986/2986/2986 2967/2967/2967
f 2985/2985/2985 2967/2967/2967 2966/2966/2966
f 2987/2987/2987 2988/2988/2988 2989/2989/2989
f 2987/2987/2987 2989/2989/2989 2990/2990/2990
f 2990/2990/2990 2989/2989/2989 2991/2991/2991
f 2990/2990/2990 2991/2991/2991 2992/2992/2992
f 2988/2988/2988 2993/2993/2993 2994/2994/2994
f 2988/2988/2988 2994/2994/2994 2989/2989/2989
f 2989/2989/2989 2994/2994/2994 2995/2995/2995
f 2989/2989/2989 2995/2995/2995 2991/2991/2991
f 2987/2987/2987 2990/2990/2990 2996/2996/2996
f 2987/2987/2987 2996/2996/2996 2997/2997/2997
f 2997/2997/2997 2996/2996/2996 2998/2998/2998
f 2997/2997/2997 2998/2998/2998 2999/2999/2999
f 2990/2990/2990 2992/2992/2992 3000/3000/3000
f 2990/2990/2990 3000/3000/3000 2996/2996/2996
f 2996/2996/2996 3000/3000/3000 3001/3001/3001
f 2996/2996/2996 3001/3001/3001 2998/2998/2998
f 2987/2987/2987 2997/2997/2997 3002/3002/3002
f 2987/2987/2987 3002/3002/3002 3003/3003/3003
f 3003/3003/3003 3002/3002/3002 2960/2960/2960
f 3003/3003/3003 2960/2960/2960 2952/2952/2952
f 2997/2997/2997 2999/2999/2999 3004/3004/3004
f 2997/2997/2997 3004/3004/3004 3002/3002/3002
f 3002/3002/3002 3004/3004/3004 2961/2961/2961
f 3002/3002/3002 2961/2961/2961 2960/2960/2960
f 2987/2987/2987 3003/3003/3003 3005/3005/3005
f 2987/2987/2987 3005/3005/3005 2988/2988/2988
f 2988/2988/2988 3005/3005/3005 3006/3006/3006
f 2988/2988/2988 3006/3006/3006 2993/2993/2993
f 3003/3003/3003 2952/2952/2952 2951/2951/2951
f 3003/3003/3003 2951/2951/2951 3005/3005/3005
f 3005/3005/3005 2951/2951/2951 2955/2955/2955
f 3005/3005/3005 2955/2955/2955 3006/3006/3006
f 3007/3007/3007 3008/3008/3008 3009/3009/3009
f 3007/3007/3007 3009/3009/3009 3010/3010/3010
f 3010/3010/3010 3009/3009/3009 3011/3011/3011
f 3010/3010/3010 3011/3011/3011 3012/3012/3012
f 3008/3008/3008 2999/2999/2999 2998/2998/2998
f 3008/3008/3008 2998/2998/2998 3009/3009/3009
f 3009/3009/3009 2998/2998/2998 3001/3001/3001
f 3009/3009/3009 3001/3001/3001 3011/3011/3011
f 3007/3007/3007 3010/3010/3010 3013/3013/3013
f 3007/3007/3007 3013/3013/3013 3014/3014/3014
f 3014/3014/3014 3013/3013/3013 1004/1004/1004
f 3014/3014/3014 1004/1004/1004 1003/1003/1003
f 3010/3010/3010 3012/3012/3012 3015/3015/3015
f 3010/3010/3010 3015/3015/3015 3013/3013/3013
f 3013/3013/3013 3015/3015/3015 998/998/998
f 3013/3013/3013 998/998/998 1004/1004/1004
f 3007/3007/3007 3014/3014/3014 3016/3016/3016
f 3007/3007/3007 3016/3016/3016 3017/3017/3017
f 3017/3017/3017 3016/3016/3016 2980/2980/2980
f 3017/3017/3017 2980/2980/2980 2977/2977/2977
f 3014/3014/3014 1003/1003/1003 1012/1012/1012
f 3014/3014/3014 1012/1012/1012 3016/3016/3016
f 3016/3016/3016 1012/1012/1012 1014/1014/1014
f 3016/3016/3016 1014/1014/1014 2980/2980/2980
f 3007/3007/3007 3017/3017/3017 3018/3018/3018
f 3007/3007/3007 3018/3018/3018 3008/3008/3008
f 3008/3008/3008 3018/3018/3018 3004/3004/3004
f 3008/3008/3008 3004/3004/3004 2999/2999/2999
f 3017/3017/3017 2977/2977/2977 2976/2976/2976
f 3017/3017/3017 2976/2976/2976 3018/3018/3018
f 3018/3018/3018 2976/2976/2976 2961/2961/2961
f 3018/3018/3018 2961/2961/2961 3004/3004/3004
f 3019/3019/3019 3020/3020/3020 3021/3021/3021
f 3019/3019/3019 3021/3021/3021 3022/3022/3022
f 3022/3022/3022 3021/3021/3021 3023/3023/3023
f 3022/3022/3022 3023/3023/3023 3024/3024/3024
f 3020/3020/3020 3025/3025/3025 3026/3026/3026
f 3020/3020/3020 3026/3026/3026 3021/3021/3021
f 3021/3021/3021 3026/3026/3026 3027/3027/3027
f 3021/3021/3021 3027/3027/3027 3023/3023/3023
f 3019/3019/3019 3022/3022/3022 3028/3028/3028
f 3019/3019/3019 3028/3028/3028 3029/3029/3029
f 3029/3029/3029 3028/3028/3028 3030/3030/3030
f 3029/3029/3029 3030/3030/3030 3031/3031/3031
f 3022/3022/3022 3024/3024/3024 3032/3032/3032
f 3022/3022/3022 3032/3032/3032 3028/3028/3028
f 3028/3028/3028 3032/3032/3032 3033/3033/3033
f 3028/3028/3028 3033/3033/3033 3030/3030/3030
f 3019/3019/3019 3029/3029/3029 3034/3034/3034
f 3019/3019/3019 3034/3034/3034 3035/3035/3035
f 3035/3035/3035 3034/3034/3034 3000/3000/3000
f 3035/3035/3035 3000/3000/3000 2992/2992/2992
f 3029/3029/3029 3031/3031/3031 3036/3036/3036
f 3029/3029/3029 3036/3036/3036 3034/3034/3034
f 3034/3034/3034 3036/3036/3036 3001/3001/3001
f 3034/3034/3034 3001/3001/3001 3000/3000/3000
f 3019/3019/3019 3035/3035/3035 3037/3037/3037
f 3019/3019/3019 3037/3037/3037 3020/3020/3020
f 3020/3020/3020 3037/3037/3037 3038/3038/3038
f 3020/3020/3020 3038/3038/3038 3025/3025/3025
f 3035/3035/3035 2992/2992/2992 2991/2991/2991
f 3035/3035/3035 2991/2991/2991 3037/3037/3037
f 3037/3037/3037 2991/2991/2991 2995/2995/2995
f 3037/3037/3037 2995/2995/2995 3038/3038/3038
f 3039/3039/3039 3040/3040/3040 3041/3041/3041
f 3039/3039/3039 3041/3041/3041 3042/3042/3042
f 3042/3042/3042 3041/3041/3041 3043/3043/3043
f 3042/3042/3042 3043/3043/3043 3044/3044/3044
f 3040/3040/3040 3031/3031/3031 3030/3030/3030
f 3040/3040/3040 3030/3030/3030 3041/3041/3041
f 3041/3041/3041 3030/3030/3030 3033/3033/3033
f 3041/3041/3041 3033/3033/3033 3043/3043/3043
f 3039/3039/3039 3042/3042/3042 3045/3045/3045
f 3039/3039/3039 3045/3045/3045 3046/3046/3046
f 3046/3046/3046 3045/3045/3045 988/988/988
f 3046/3046/3046 988/988/988 987/987/987
f 3042/3042/3042 3044/3044/3044 3047/3047/3047
f 3042/3042/3042 3047/3047/3047 3045/3045/3045
f 3045/3045/3045 3047/3047/3047 982/982/982
f 3045/3045/3045 982/982/982 988/988/988
f 3039/3039/3039 3046/3046/3046 3048/3048/3048
f 3039/3039/3039 3048/3048/3048 3049/3049/3049
f 3049/3049/3049 3048/3048/3048 3015/3015/3015
f 3049/3049/3049 3015/3015/3015 3012/3012/3012
f 3046/3046/3046 987/987/987 996/996/996
f 3046/3046/3046 996/996/996 3048/3048/3048
f 3048/3048/3048 996/996/996 998/998/998
f 3048/3048/3048 998/998/998 3015/3015/3015
f 3039/3039/3039 3049/3049/3049 3050/3050/3050
f 3039/3039/3039 3050/3050/3050 3040/3040/3040
f 3040/3040/3040 3050/3050/3050 3036/3036/3036
f 3040/3040/3040 3036/3036/3036 3031/3031/3031
f 3049/3049/3049 3012/3012/3012 3011/3011/3011
f 3049/3049/3049 3011/3011/3011 3050/3050/3050
f 3050/3050/3050 3011/3011/3011 3001/3001/3001
f 3050/3050/3050 3001/3001/3001 3036/3036/3036
f 3051/3051/3051 3052/3052/3052 3053/3053/3053
f 3051/3051/3051 3053/3053/3053 3054/3054/3054
f 3054/3054/3054 3053/3053/3053 3055/3055/3055
f 3054/3054/3054 3055/3055/3055 3056/3056/3056
f 3052/3052/3052 3057/3057/3057 3058/3058/3058
f 3052/3052/3052 3058/3058/3058 3053/3053/3053
f 3053/3053/3053 3058/3058/3058 3059/3059/3059
f 3053/3053/3053 3059/3059/3059 3055/3055/3055
f 3051/3051/3051 3054/3054/3054 3060/3060/3060
f 3051/3051/3051 3060/3060/3060 3061/3061/3061
f 3061/3061/3061 3060/3060/3060 3062/3062/3062
f 3061/3061/3061 3062/3062/3062 3063/3063/3063
f 3054/3054/3054 3056/3056/3056 3064/3064/3064
f 3054/3054/3054 3064/3064/3064 3060/3060/3060
f 3060/3060/3060 3064/3064/3064 3065/3065/3065
f 3060/3060/3060 3065/3065/3065 3062/3062/3062
f 3051/3051/3051 3061/3061/3061 3066/3066/3066
f 3051/3051/3051 3066/3066/3066 3067/3067/3067
f 3067/3067/3067 3066/3066/3066 3032/3032/3032
f 3067/3067/3067 3032/3032/3032 3024/3024/3024
f 3061/3061/3061 3063/3063/3063 3068/3068/3068
f 3061/3061/3061 3068/3068/3068 3066/3066/3066
f 3066/3066/3066 3068/3068/3068 3033/3033/3033
f 3066/3066/3066 3033/3033/3033 3032/3032/3032
f 3051/3051/3051 3067/3067/3067 3069/3069/3069
f 3051/3051/3051 3069/3069/3069 3052/3052/3052
f 3052/3052/3052 3069/3069/3069 3070/3070/3070
f 3052/3052/3052 3070/3070/3070 3057/3057/3057
f 3067/3067/3067 3024/3024/3024 3023/3023/3023
f 3067/3067/3067 3023/3023/3023 3069/3069/3069
f 3069/3069/3069 3023/3023/3023 3027/3027/3027
f 3069/3069/3069 3027/3027/3027 3070/3070/3070
f 3071/3071/3071 3072/3072/3072 3073/3073/3073
f 3071/3071/3071 3073/3073/3073 3074/3074/3074
f 3074/3074/3074 3073/3073/3073 3075/3075/3075
f 3074/3074/3074 3075/3075/3075 3076/3076/3076
f 3072/3072/3072 3063/3063/3063 3062/3062/3062
f 3072/3072/3072 3062/3062/3062 3073/3073/3073
f 3073/3073/3073 3062/3062/3062 3065/3065/3065
f 3073/3073/3073 3065/3065/3065 3075/3075/3075
f 3071/3071/3071 3074/3074/3074 3077/3077/3077
f 3071/3071/3071 3077/3077/3077 3078/3078/3078
f 3078/3078/3078 3077/3077/3077 972/972/972
f 3078/3078/3078 972/972/972 971/971/971
f 3074/3074/3074 3076/3076/3076 3079/3079/3079
f 3074/3074/3074 3079/3079/3079 3077/3077/3077
f 3077/3077/3077 3079/3079/3079 966/966/966
f 3077/3077/3077 966/966/966 972/972/972
f 3071/3071/3071 3078/3078/3078 3080/3080/3080
f 3071/3071/3071 3080/3080/3080 3081/3081/3081
f 3081/3081/3081 3080/3080/3080 3047/3047/3047
f 3081/3081/3081 3047/3047/3047 3044/3044/3044
f 3078/3078/3078 971/971/971 980/980/980
f 3078/3078/3078 980/980/980 3080/3080/3080
f 3080/3080/3080 980/980/980 982/982/982
f 3080/3080/3080 982/982/982 3047/3047/3047
f 3071/3071/3071 3081/3081/3081 3082/3082/3082
f 3071/3071/3071 3082/3082/3082 3072/3072/3072
f 3072/3072/3072 3082/3082/3082 3068/3068/3068
f 3072/3072/3072 3068/3068/3068 3063/3063/3063
f 3081/3081/3081 3044/3044/3044 3043/3043/3043
f 3081/3081/3081 3043/3043/3043 3082/3082/3082
f 3082/3082/3082 3043/3043/3043 3033/3033/3033
f 3082/3082/3082 3033/3033/3033 3068/3068/3068
f 3083/3083/3083 3084/3084/3084 3085/3085/3085
f 3083/3083/3083 3085/3085/3085 3086/3086/3086
f 3086/3086/3086 3085/3085/3085 3087/3087/3087
f 3086/3086/3086 3087/3087/3087 3088/3088/3088
f 3084/3084/3084 3089/3089/3089 3090/3090/3090
f 3084/3084/3084 3090/3090/3090 3085/3085/3085
f 3085/3085/3085 3090/3090/3090 3091/3091/3091
f 3085/3085/3085 3091/3091/3091 3087/3087/3087
f 3083/3083/3083 3086/3086/3086 3092/3092/3092
f 3083/3083/3083 3092/3092/3092 3093/3093/3093
f 3093/3093/3093 3092/3092/3092 3094/3094/3094
f 3093/3093/3093 3094/3094/3094 3095/3095/3095
f 3086/3086/3086 3088/3088/3088 3096/3096/3096
f 3086/3086/3086 3096/3096/3096 3092/3092/3092
f 3092/3092/3092 3096/3096/3096 3097/3097/3097
f 3092/3092/3092 3097/3097/3097 3094/3094/3094
f 3083/3083/3083 3093/3093/3093 3098/3098/3098
f 3083/3083/3083 3098/3098/3098 3099/3099/3099
f 3099/3099/3099 3098/3098/3098 3064/3064/3064
f 3099/3099/3099 3064/3064/3064 3056/3056/3056
f 3093/3093/3093 3095/3095/3095 3100/3100/3100
f 3093/3093/3093 3100/3100/3100 3098/3098/3098
f 3098/3098/3098 3100/3100/3100 3065/3065/3065
f 3098/3098/3098 3065/3065/3065 3064/3064/3064
f 3083/3083/3083 3099/3099/3099 3101/3101/3101
f 3083/3083/3083 3101/3101/3101 3084/3084/3084
f 3084/3084/3084 3101/3101/3101 3102/3102/3102
f 3084/3084/3084 3102/3102/3102 3089/3089/3089
f 3099/3099/3099 3056/3056/3056 3055/3055/3055
f 3099/3099/3099 3055/3055/3055 3101/3101/3101
f 3101/3101/3101 3055/3055/3055 3059/3059/3059
f 3101/3101/3101 3059/3059/3059 3102/3102/3102
f 3103/3103/3103 3104/3104/3104 3105/3105/3105
f 3103/3103/3103 3105/3105/3105 3106/3106/3106
f 3106/3106/3106 3105/3105/3105 3107/3107/3107
f 3106/3106/3106 3107/3107/3107 3108/3108/3108
f 3104/3104/3104 3095/3095/3095 3094/3094/3094
f 3104/3104/3104 3094/3094/3094 3105/3105/3105
f 3105/3105/3105 3094/3094/3094 3097/3097/3097
f 3105/3105/3105 3097/3097/3097 3107/3107/3107
f 3103/3103/3103 3106/3106/3106 3109/3109/3109
f 3103/3103/3103 3109/3109/3109 3110/3110/3110
f 3110/3110/3110 3109/3109/3109 956/956/956
f 3110/3110/3110 956/956/956 955/955/955
f 3106/3106/3106 3108/3108/3108 3111/3111/3111
f 3106/3106/3106 3111/3111/3111 3109/3109/3109
f 3109/3109/3109 3111/3111/3111 950/950/950
f 3109/3109/3109 950/950/950 956/956/956
f 3103/3103/3103 3110/3110/3110 3112/3112/3112
f 3103/3103/3103 3112/3112/3112 3113/3113/3113
f 3113/3113/3113 3112/3112/3112 3079/3079/3079
f 3113/3113/3113 3079/3079/3079 3076/3076/3076
f 3110/3110/3110 955/955/955 964/964/964
f 3110/3110/3110 964/964/964 3112/3112/3112
f 3112/3112/3112 964/964/964 966/966/966
f 3112/3112/3112 966/966/966 3079/3079/3079
f 3103/3103/3103 3113/3113/3113 3114/3114/3114
f 3103/3103/3103 3114/3114/3114 3104/3104/3104
f 3104/3104/3104 3114/3114/3114 3100/3100/3100
f 3104/3104/3104 3100/3100/3100 3095/3095/3095
f 3113/3113/3113 3076/3076/3076 3075/3075/3075
f 3113/3113/3113 3075/3075/3075 3114/3114/3114
f 3114/3114/3114 3075/3075/3075 3065/3065/3065
f 3114/3114/3114 3065/3065/3065 3100/3100/3100
f 3115/3115/3115 3116/3116/3116 3117/3117/3117
f 3115/3115/3115 3117/3117/3117 3118/3118/3118
f 3118/3118/3118 3117/3117/3117 3119/3119/3119
f 3118/3118/3118 3119/3119/3119 3120/3120/3120
f 3116/3116/3116 3121/3121/3121 3122/3122/3122
f 3116/3116/3116 3122/3122/3122 3117/3117/3117
f 3117/3117/3117 3122/3122/3122 3123/3123/3123
f 3117/3117/3117 3123/3123/3123 3119/3119/3119
f 3115/3115/3115 3118/3118/3118 3124/3124/3124
f 3115/3115/3115 3124/3124/3124 3125/3125/3125
f 3125/3125/3125 3124/3124/3124 3126/3126/3126
f 3125/3125/3125 3126/3126/3126 3127/3127/3127
f 3118/3118/3118 3120/3120/3120 3128/3128/3128
f 3118/3118/3118 3128/3128/3128 3124/3124/3124
f 3124/3124/3124 3128/3128/3128 3129/3129/3129
f 3124/3124/3124 3129/3129/3129 3126/3126/3126
f 3115/3115/3115 3125/3125/3125 3130/3130/3130
f 3115/3115/3115 3130/3130/3130 3131/3131/3131
f 3131/3131/3131 3130/3130/3130 3096/3096/3096
f 3131/3131/3131 3096/3096/3096 3088/3088/3088
f 3125/3125/3125 3127/3127/3127 3132/3132/3132
f 3125/3125/3125 3132/3132/3132 3130/3130/3130
f 3130/3130/3130 3132/3132/3132 3097/3097/3097
f 3130/3130/3130 3097/3097/3097 3096/3096/3096
f 3115/3115/3115 3131/3131/3131 3133/3133/3133
f 3115/3115/3115 3133/3133/3133 3116/3116/3116
f 3116/3116/3116 3133/3133/3133 3134/3134/3134
f 3116/3116/3116 3134/3134/3134 3121/3121/3121
f 3131/3131/3131 3088/3088/3088 3087/3087/3087
f 3131/3131/3131 3087/3087/3087 3133/3133/3133
f 3133/3133/3133 3087/3087/3087 3091/3091/3091
f 3133/3133/3133 3091/3091/3091 3134/3134/3134
f 3135/3135/3135 3136/3136/3136 3137/3137/3137
f 3135/3135/3135 3137/3137/3137 3138/3138/3138
f 3138/3138/3138 3137/3137/3137 3139/3139/3139
f 3138/3138/3138 3139/3139/3139 3140/3140/3140
f 3136/3136/3136 3127/3127/3127 3126/3126/3126
f 3136/3136/3136 3126/3126/3126 3137/3137/3137
f 3137/3137/3137 3126/3126/3126 3129/3129/3129
f 3137/3137/3137 3129/3129/3129 3139/3139/3139
f 3135/3135/3135 3138/3138/3138 3141/3141/3141
f 3135/3135/3135 3141/3141/3141 3142/3142/3142
f 3142/3142/3142 3141/3141/3141 940/940/940
f 3142/3142/3142 940/940/940 939/939/939
f 3138/3138/3138 3140/3140/3140 3143/3143/3143
f 3138/3138/3138 3143/3143/3143 3141/3141/3141
f 3141/3141/3141 3143/3143/3143 934/934/934
f 3141/3141/3141 934/934/934 940/940/940
f 3135/3135/3135 3142/3142/3142 3144/3144/3144
f 3135/3135/3135 3144/3144/3144 3145/3145/3145
f 3145/3145/3145 3144/3144/3144 3111/3111/3111
f 3145/3145/3145 3111/3111/3111 3108/3108/3108
f 3142/3142/3142 939/939/939 948/948/948
f 3142/3142/3142 948/948/948 3144/3144/3144
f 3144/3144/3144 948/948/948 950/950/950
f 3144/3144/3144 950/950/950 3111/3111/3111
f 3135/3135/3135 3145/3145/3145 3146/3146/3146
f 3135/3135/3135 3146/3146/3146 3136/3136/3136
f 3136/3136/3136 3146/3146/3146 3132/3132/3132
f 3136/3136/3136 3132/3132/3132 3127/3127/3127
f 3145/3145/3145 3108/3108/3108 3107/3107/3107
f 3145/3145/3145 3107/3107/3107 3146/3146/3146
f 3146/3146/3146 3107/3107/3107 3097/3097/3097
f 3146/3146/3146 3097/3097/3097 3132/3132/3132
f 3147/3147/3147 3148/3148/3148 3149/3149/3149
f 3147/3147/3147 3149/3149/3149 3150/3150/3150
f 3150/3150/3150 3149/3149/3149 3151/3151/3151
f 3150/3150/3150 3151/3151/3151 3152/3152/3152
f 3148/3148/3148 3153/3153/3153 3154/3154/3154
f 3148/3148/3148 3154/3154/3154 3149/3149/3149
f 3149/3149/3149 3154/3154/3154 3155/3155/3155
f 3149/3149/3149 3155/3155/3155 3151/3151/3151
f 3147/3147/3147 3150/3150/3150 3156/3156/3156
f 3147/3147/3147 3156/3156/3156 3157/3157/3157
f 3157/3157/3157 3156/3156/3156 3158/3158/3158
f 3157/3157/3157 3158/3158/3158 3159/3159/3159
f 3150/3150/3150 3152/3152/3152 3160/3160/3160
f 3150/3150/3150 3160/3160/3160 3156/3156/3156
f 3156/3156/3156 3160/3160/3160 3161/3161/3161
f 3156/3156/3156 3161/3161/3161 3158/3158/3158
f 3147/3147/3147 3157/3157/3157 3162/3162/3162
f 3147/3147/3147 3162/3162/3162 3163/3163/3163
f 3163/3163/3163 3162/3162/3162 3128/3128/3128
f 3163/3163/3163 3128/3128/3128 3120/3120/3120
f 3157/3157/3157 3159/3159/3159 3164/3164/3164
f 3157/3157/3157 3164/3164/3164 3162/3162/3162
f 3162/3162/3162 3164/3164/3164 3129/3129/3129
f 3162/3162/3162 3129/3129/3129 3128/3128/3128
f 3147/3147/3147 3163/3163/3163 3165/3165/3165
f 3147/3147/3147 3165/3165/3165 3148/3148/3148
f 3148/3148/3148 3165/3165/3165 3166/3166/3166
f 3148/3148/3148 3166/3166/3166 3153/3153/3153
f 3163/3163/3163 3120/3120/3120 3119/3119/3119
f 3163/3163/3163 3119/3119/3119 3165/3165/3165
f 3165/3165/3165 3119/3119/3119 3123/3123/3123
f 3165/3165/3165 3123/3123/3123 3166/3166/3166
f 3167/3167/3167 3168/3168/3168 3169/3169/3169
f 3167/3167/3167 3169/3169/3169 3170/3170/3170
f 3170/3170/3170 3169/3169/3169 3171/3171/3171
f 3170/3170/3170 3171/3171/3171 3172/3172/3172
f 3168/3168/3168 3159/3159/3159 3158/3158/3158
f 3168/3168/3168 3158/3158/3158 3169/3169/3169
f 3169/3169/3169 3158/3158/3158 3161/3161/3161
f 3169/3169/3169 3161/3161/3161 3171/3171/3171
f 3167/3167/3167 3170/3170/3170 3173/3173/3173
f 3167/3167/3167 3173/3173/3173 3174/3174/3174
f 3174/3174/3174 3173/3173/3173 924/924/924
f 3174/3174/3174 924/924/924 923/923/923
f 3170/3170/3170 3172/3172/3172 3175/3175/3175
f 3170/3170/3170 3175/3175/3175 3173/3173/3173
f 3173/3173/3173 3175/3175/3175 918/918/918
f 3173/3173/3173 918/918/918 924/924/924
f 3167/3167/3167 3174/3174/3174 3176/3176/3176
f 3167/3167/3167 3176/3176/3176 3177/3177/3177
f 3177/3177/3177 3176/3176/3176 3143/3143/3143
f 3177/3177/3177 3143/3143/3143 3140/3140/3140
f 3174/3174/3174 923/923/923 932/932/932
f 3174/3174/3174 932/932/932 3176/3176/3176
f 3176/3176/3176 932/932/932 934/934/934
f 3176/3176/3176 934/934/934 3143/3143/3143
f 3167/3167/3167 3177/3177/3177 3178/3178/3178
f 3167/3167/3167 3178/3178/3178 3168/3168/3168
f 3168/3168/3168 3178/3178/3178 3164/3164/3164
f 3168/3168/3168 3164/3164/3164 3159/3159/3159
f 3177/3177/3177 3140/3140/3140 3139/3139/3139
f 3177/3177/3177 3139/3139/3139 3178/3178/3178
f 3178/3178/3178 3139/3139/3139 3129/3129/3129
f 3178/3178/3178 3129/3129/3129 3164/3164/3164
f 3179/3179/3179 3180/3180/3180 3181/3181/3181
f 3179/3179/3179 3181/3181/3181 3182/3182/3182
f 3182/3182/3182 3181/3181/3181 3183/3183/3183
f 3182/3182/3182 3183/3183/3183 3184/3184/3184
f 3180/3180/3180 3185/3185/3185 3186/3186/3186
f 3180/3180/3180 3186/3186/3186 3181/3181/3181
f 3181/3181/3181 3186/3186/3186 3187/3187/3187
f 3181/3181/3181 3187/3187/3187 3183/3183/3183
f 3179/3179/3179 3182/3182/3182 3188/3188/3188
f 3179/3179/3179 3188/3188/3188 3189/3189/3189
f 3189/3189/3189 3188/3188/3188 3190/3190/3190
f 3189/3189/3189 3190/3190/3190 3191/3191/3191
f 3182/3182/3182 3184/3184/3184 3192/3192/3192
f 3182/3182/3182 3192/3192/3192 3188/3188/3188
f 3188/3188/3188 3192/3192/3192 3193/3193/3193
f 3188/3188/3188 3193/3193/3193 3190/3190/3190
f 3179/3179/3179 3189/3189/3189 3194/3194/3194
f 3179/3179/3179 3194/3194/3194 3195/3195/3195
f 3195/3195/3195 3194/3194/3194 3160/3160/3160
f 3195/3195/3195 3160/3160/3160 3152/3152/3152
f 3189/3189/3189 3191/3191/3191 3196/3196/3196
f 3189/3189/3189 3196/3196/3196 3194/3194/3194
f 3194/3194/3194 3196/3196/3196 3161/3161/3161
f 3194/3194/3194 3161/3161/3161 3160/3160/3160
f 3179/3179/3179 3195/3195/3195 3197/3197/3197
f 3179/3179/3179 3197/3197/3197 3180/3180/3180
f 3180/3180/3180 3197/3197/3197 3198/3198/3198
f 3180/3180/3180 3198/3198/3198 3185/3185/3185
f 3195/3195/3195 3152/3152/3152 3151/3151/3151
f 3195/3195/3195 3151/3151/3151 3197/3197/3197
f 3197/3197/3197 3151/3151/3151 3155/3155/3155
f 3197/3197/3197 3155/3155/3155 3198/3198/3198
f 3199/3199/3199 3200/3200/3200 3201/3201/3201
f 3199/3199/3199 3201/3201/3201 3202/3202/3202
f 3202/3202/3202 3201/3201/3201 3203/3203/3203
f 3202/3202/3202 3203/3203/3203 3204/3204/3204
f 3200/3200/3200 3191/3191/3191 3190/3190/3190
f 3200/3200/3200 3190/3190/3190 3201/3201/3201
f 3201/3201/3201 3190/3190/3190 3193/3193/3193
f 3201/3201/3201 3193/3193/3193 3203/3203/3203
f 3199/3199/3199 3202/3202/3202 3205/3205/3205
f 3199/3199/3199 3205/3205/3205 3206/3206/3206
f 3206/3206/3206 3205/3205/3205 908/908/908
f 3206/3206/3206 908/908/908 907/907/907
f 3202/3202/3202 3204/3204/3204 3207/3207/3207
f 3202/3202/3202 3207/3207/3207 3205/3205/3205
f 3205/3205/3205 3207/3207/3207 902/902/902
f 3205/3205/3205 902/902/902 908/908/908
f 3199/3199/3199 3206/3206/3206 3208/3208/3208
f 3199/3199/3199 3208/3208/3208 3209/3209/3209
f 3209/3209/3209 3208/3208/3208 3175/3175/3175
f 3209/3209/3209 3175/3175/3175 3172/3172/3172
f 3206/3206/3206 907/907/907 916/916/916
f 3206/3206/3206 916/916/916 3208/3208/3208
f 3208/3208/3208 916/916/916 918/918/918
f 3208/3208/3208 918/918/918 3175/3175/3175
f 3199/3199/3199 3209/3209/3209 3210/3210/3210
f 3199/3199/3199 3210/3210/3210 3200/3200/3200
f 3200/3200/3200 3210/3210/3210 3196/3196/3196
f 3200/3200/3200 3196/3196/3196 3191/3191/3191
f 3209/3209/3209 3172/3172/3172 3171/3171/3171
f 3209/3209/3209 3171/3171/3171 3210/3210/3210
f 3210/3210/3210 3171/3171/3171 3161/3161/3161
f 3210/3210/3210 3161/3161/3161 3196/3196/3196
f 3211/3211/3211 3212/3212/3212 3213/3213/3213
f 3211/3211/3211 3213/3213/3213 3214/3214/3214
f 3214/3214/3214 3213/3213/3213 2866/2866/2866
f 3214/3214/3214 2866/2866/2866 2861/2861/2861
f 3212/3212/3212 3215/3215/3215 3216/3216/3216
f 3212/3212/3212 3216/3216/3216 3213/3213/3213
f 3213/3213/3213 3216/3216/3216 2867/2867/2867
f 3213/3213/3213 2867/2867/2867 2866/2866/2866
f 3211/3211/3211 3214/3214/3214 3217/3217/3217
f 3211/3211/3211 3217/3217/3217 3218/3218/3218
f 3218/3218/3218 3217/3217/3217 3219/3219/3219
f 3218/3218/3218 3219/3219/3219 3220/3220/3220
f 3214/3214/3214 2861/2861/2861 2860/2860/2860
f 3214/3214/3214 2860/2860/2860 3217/3217/3217
f 3217/3217/3217 2860/2860/2860 2863/2863/2863
f 3217/3217/3217 2863/2863/2863 3219/3219/3219
f 3211/3211/3211 3218/3218/3218 3221/3221/3221
f 3211/3211/3211 3221/3221/3221 3222/3222/3222
f 3222/3222/3222 3221/3221/3221 3192/3192/3192
f 3222/3222/3222 3192/3192/3192 3184/3184/3184
f 3218/3218/3218 3220/3220/3220 3223/3223/3223
f 3218/3218/3218 3223/3223/3223 3221/3221/3221
f 3221/3221/3221 3223/3223/3223 3193/3193/3193
f 3221/3221/3221 3193/3193/3193 3192/3192/3192
f 3211/3211/3211 3222/3222/3222 3224/3224/3224
f 3211/3211/3211 3224/3224/3224 3212/3212/3212
f 3212/3212/3212 3224/3224/3224 3225/3225/3225
f 3212/3212/3212 3225/3225/3225 3215/3215/3215
f 3222/3222/3222 3184/3184/3184 3183/3183/3183
f 3222/3222/3222 3183/3183/3183 3224/3224/3224
f 3224/3224/3224 3183/3183/3183 3187/3187/3187
f 3224/3224/3224 3187/3187/3187 3225/3225/3225
f 3226/3226/3226 3227/3227/3227 3228/3228/3228
f 3226/3226/3226 3228/3228/3228 3229/3229/3229
f 3229/3229/3229 3228/3228/3228 2882/2882/2882
f 3229/3229/3229 2882/2882/2882 2880/2880/2880
f 3227/3227/3227 3220/3220/3220 3219/3219/3219
f 3227/3227/3227 3219/3219/3219 3228/3228/3228
f 3228/3228/3228 3219/3219/3219 2863/2863/2863
f 3228/3228/3228 2863/2863/2863 2882/2882/2882
f 3226/3226/3226 3229/3229/3229 3230/3230/3230
f 3226/3226/3226 3230/3230/3230 3231/3231/3231
f 3231/3231/3231 3230/3230/3230 890/890/890
f 3231/3231/3231 890/890/890 889/889/889
f 3229/3229/3229 2880/2880/2880 2879/2879/2879
f 3229/3229/3229 2879/2879/2879 3230/3230/3230
f 3230/3230/3230 2879/2879/2879 891/891/891
f 3230/3230/3230 891/891/891 890/890/890
f 3226/3226/3226 3231/3231/3231 3232/3232/3232
f 3226/3226/3226 3232/3232/3232 3233/3233/3233
f 3233/3233/3233 3232/3232/3232 3207/3207/3207
f 3233/3233/3233 3207/3207/3207 3204/3204/3204
f 3231/3231/3231 889/889/889 900/900/900
f 3231/3231/3231 900/900/900 3232/3232/3232
f 3232/3232/3232 900/900/900 902/902/902
f 3232/3232/3232 902/902/902 3207/3207/3207
f 3226/3226/3226 3233/3233/3233 3234/3234/3234
f 3226/3226/3226 3234/3234/3234 3227/3227/3227
f 3227/3227/3227 3234/3234/3234 3223/3223/3223
f 3227/3227/3227 3223/3223/3223 3220/3220/3220
f 3233/3233/3233 3204/3204/3204 3203/3203/3203
f 3233/3233/3233 3203/3203/3203 3234/3234/3234
f 3234/3234/3234 3203/3203/3203 3193/3193/3193
f 3234/3234/3234 3193/3193/3193 3223/3223/3223
f 3235/3235/3235 3236/3236/3236 3237/3237/3237
f 3235/3235/3235 3237/3237/3237 3238/3238/3238
f 3238/3238/3238 3237/3237/3237 3239/3239/3239
f 3238/3238/3238 3239/3239/3239 3240/3240/3240
f 3236/3236/3236 3241/3241/3241 3242/3242/3242
f 3236/3236/3236 3242/3242/3242 3237/3237/3237
f 3237/3237/3237 3242/3242/3242 3243/3243/3243
f 3237/3237/3237 3243/3243/3243 3239/3239/3239
f 3235/3235/3235 3238/3238/3238 3244/3244/3244
f 3235/3235/3235 3244/3244/3244 3245/3245/3245
f 3245/3245/3245 3244/3244/3244 3246/3246/3246
f 3245/3245/3245 3246/3246/3246 3247/3247/3247
f 3238/3238/3238 3240/3240/3240 3248/3248/3248
f 3238/3238/3238 3248/3248/3248 3244/3244/3244
f 3244/3244/3244 3248/3248/3248 3249/3249/3249
f 3244/3244/3244 3249/3249/3249 3246/3246/3246
f 3235/3235/3235 3245/3245/3245 3250/3250/3250
f 3235/3235/3235 3250/3250/3250 3251/3251/3251
f 3251/3251/3251 3250/3250/3250 3252/3252/3252
f 3251/3251/3251 3252/3252/3252 3253/3253/3253
f 3245/3245/3245 3247/3247/3247 3254/3254/3254
f 3245/3245/3245 3254/3254/3254 3250/3250/3250
f 3250/3250/3250 3254/3254/3254 3255/3255/3255
f 3250/3250/3250 3255/3255/3255 3252/3252/3252
f 3235/3235/3235 3251/3251/3251 3256/3256/3256
f 3235/3235/3235 3256/3256/3256 3236/3236/3236
f 3236/3236/3236 3256/3256/3256 3257/3257/3257
f 3236/3236/3236 3257/3257/3257 3241/3241/3241
f 3251/3251/3251 3253/3253/3253 3258/3258/3258
f 3251/3251/3251 3258/3258/3258 3256/3256/3256
f 3256/3256/3256 3258/3258/3258 3259/3259/3259
f 3256/3256/3256 3259/3259/3259 3257/3257/3257
f 3260/3260/3260 3261/3261/3261 3262/3262/3262
f 3260/3260/3260 3262/3262/3262 3263/3263/3263
f 3263/3263/3263 3262/3262/3262 3264/3264/3264
f 3263/3263/3263 3264/3264/3264 3265/3265/3265
f 3261/3261/3261 3247/3247/3247 3246/3246/3246
f 3261/3261/3261 3246/3246/3246 3262/3262/3262
f 3262/3262/3262 3246/3246/3246 3249/3249/3249
f 3262/3262/3262 3249/3249/3249 3264/3264/3264
f 3260/3260/3260 3263/3263/3263 3266/3266/3266
f 3260/3260/3260 3266/3266/3266 3267/3267/3267
f 3267/3267/3267 3266/3266/3266 239/239/239
f 3267/3267/3267 239/239/239 236/236/236
f 3263/3263/3263 3265/3265/3265 3268/3268/3268
f 3263/3263/3263 3268/3268/3268 3266/3266/3266
f 3266/3266/3266 3268/3268/3268 219/219/219
f 3266/3266/3266 219/219/219 239/239/239
f 3260/3260/3260 3267/3267/3267 3269/3269/3269
f 3260/3260/3260 3269/3269/3269 3270/3270/3270
f 3270/3270/3270 3269/3269/3269 3271/3271/3271
f 3270/3270/3270 3271/3271/3271 3272/3272/3272
f 3267/3267/3267 236/236/236 235/235/235
f 3267/3267/3267 235/235/235 3269/3269/3269
f 3269/3269/3269 235/235/235 15/15/15
f 3269/3269/3269 15/15/15 3271/3271/3271
f 3260/3260/3260 3270/3270/3270 3273/3273/3273
f 3260/3260/3260 3273/3273/3273 3261/3261/3261
f 3261/3261/3261 3273/3273/3273 3254/3254/3254
f 3261/3261/3261 3254/3254/3254 3247/3247/3247
f 3270/3270/3270 3272/3272/3272 3274/3274/3274
f 3270/3270/3270 3274/3274/3274 3273/3273/3273
f 3273/3273/3273 3274/3274/3274 3255/3255/3255
f 3273/3273/3273 3255/3255/3255 3254/3254/3254
f 3275/3275/3275 3276/3276/3276 3277/3277/3277
f 3275/3275/3275 3277/3277/3277 3278/3278/3278
f 3278/3278/3278 3277/3277/3277 3279/3279/3279
f 3278/3278/3278 3279/3279/3279 3280/3280/3280
f 3276/3276/3276 3281/3281/3281 3282/3282/3282
f 3276/3276/3276 3282/3282/3282 3277/3277/3277
f 3277/3277/3277 3282/3282/3282 3283/3283/3283
f 3277/3277/3277 3283/3283/3283 3279/3279/3279
f 3275/3275/3275 3278/3278/3278 3284/3284/3284
f 3275/3275/3275 3284/3284/3284 3285/3285/3285
f 3285/3285/3285 3284/3284/3284 3286/3286/3286
f 3285/3285/3285 3286/3286/3286 3287/3287/3287
f 3278/3278/3278 3280/3280/3280 3288/3288/3288
f 3278/3278/3278 3288/3288/3288 3284/3284/3284
f 3284/3284/3284 3288/3288/3288 3289/3289/3289
f 3284/3284/3284 3289/3289/3289 3286/3286/3286
f 3275/3275/3275 3285/3285/3285 3290/3290/3290
f 3275/3275/3275 3290/3290/3290 3291/3291/3291
f 3291/3291/3291 3290/3290/3290 3248/3248/3248
f 3291/3291/3291 3248/3248/3248 3240/3240/3240
f 3285/3285/3285 3287/3287/3287 3292/3292/3292
f 3285/3285/3285 3292/3292/3292 3290/3290/3290
f 3290/3290/3290 3292/3292/3292 3249/3249/3249
f 3290/3290/3290 3249/3249/3249 3248/3248/3248
f 3275/3275/3275 3291/3291/3291 3293/3293/3293
f 3275/3275/3275 3293/3293/3293 3276/3276/3276
f 3276/3276/3276 3293/3293/3293 3294/3294/3294
f 3276/3276/3276 3294/3294/3294 3281/3281/3281
f 3291/3291/3291 3240/3240/3240 3239/3239/3239
f 3291/3291/3291 3239/3239/3239 3293/3293/3293
f 3293/3293/3293 3239/3239/3239 3243/3243/3243
f 3293/3293/3293 3243/3243/3243 3294/3294/3294
f 3295/3295/3295 3296/3296/3296 3297/3297/3297
f 3295/3295/3295 3297/3297/3297 3298/3298/3298
f 3298/3298/3298 3297/3297/3297 3299/3299/3299
f 3298/3298/3298 3299/3299/3299 3300/3300/3300
f 3296/3296/3296 3287/3287/3287 3286/3286/3286
f 3296/3296/3296 3286/3286/3286 3297/3297/3297
f 3297/3297/3297 3286/3286/3286 3289/3289/3289
f 3297/3297/3297 3289/3289/3289 3299/3299/3299
f 3295/3295/3295 3298/3298/3298 3301/3301/3301
f 3295/3295/3295 3301/3301/3301 3302/3302/3302
f 3302/3302/3302 3301/3301/3301 222/222/222
f 3302/3302/3302 222/222/222 216/216/216
f 3298/3298/3298 3300/3300/3300 3303/3303/3303
f 3298/3298/3298 3303/3303/3303 3301/3301/3301
f 3301/3301/3301 3303/3303/3303 199/199/199
f 3301/3301/3301 199/199/199 222/222/222
f 3295/3295/3295 3302/3302/3302 3304/3304/3304
f 3295/3295/3295 3304/3304/3304 3305/3305/3305
f 3305/3305/3305 3304/3304/3304 3268/3268/3268
f 3305/3305/3305 3268/3268/3268 3265/3265/3265
f 3302/3302/3302 216/216/216 215/215/215
f 3302/3302/3302 215/215/215 3304/3304/3304
f 3304/3304/3304 215/215/215 219/219/219
f 3304/3304/3304 219/219/219 3268/3268/3268
f 3295/3295/3295 3305/3305/3305 3306/3306/3306
f 3295/3295/3295 3306/3306/3306 3296/3296/3296
f 3296/3296/3296 3306/3306/3306 3292/3292/3292
f 3296/3296/3296 3292/3292/3292 3287/3287/3287
f 3305/3305/3305 3265/3265/3265 3264/3264/3264
f 3305/3305/3305 3264/3264/3264 3306/3306/3306
f 3306/3306/3306 3264/3264/3264 3249/3249/3249
f 3306/3306/3306 3249/3249/3249 3292/3292/3292
f 3307/3307/3307 3308/3308/3308 3309/3309/3309
f 3307/3307/3307 3309/3309/3309 3310/3310/3310
f 3310/3310/3310 3309/3309/3309 3311/3311/3311
f 3310/3310/3310 3311/3311/3311 3312/3312/3312
f 3308/3308/3308 3313/3313/3313 3314/3314/3314
f 3308/3308/3308 3314/3314/3314 3309/3309/3309
f 3309/3309/3309 3314/3314/3314 3315/3315/3315
f 3309/3309/3309 3315/3315/3315 3311/3311/3311
f 3307/3307/3307 3310/3310/3310 3316/3316/3316
f 3307/3307/3307 3316/3316/3316 3317/3317/3317
f 3317/3317/3317 3316/3316/3316 3318/3318/3318
f 3317/3317/3317 3318/3318/3318 3319/3319/3319
f 3310/3310/3310 3312/3312/3312 3320/3320/3320
f 3310/3310/3310 3320/3320/3320 3316/3316/3316
f 3316/3316/3316 3320/3320/3320 3321/3321/3321
f 3316/3316/3316 3321/3321/3321 3318/3318/3318
f 3307/3307/3307 3317/3317/3317 3322/3322/3322
f 3307/3307/3307 3322/3322/3322 3323/3323/3323
f 3323/3323/3323 3322/3322/3322 3288/3288/3288
f 3323/3323/3323 3288/3288/3288 3280/3280/3280
f 3317/3317/3317 3319/3319/3319 3324/3324/3324
f 3317/3317/3317 3324/3324/3324 3322/3322/3322
f 3322/3322/3322 3324/3324/3324 3289/3289/3289
f 3322/3322/3322 3289/3289/3289 3288/3288/3288
f 3307/3307/3307 3323/3323/3323 3325/3325/3325
f 3307/3307/3307 3325/3325/3325 3308/3308/3308
f 3308/3308/3308 3325/3325/3325 3326/3326/3326
f 3308/3308/3308 3326/3326/3326 3313/3313/3313
f 3323/3323/3323 3280/3280/3280 3279/3279/3279
f 3323/3323/3323 3279/3279/3279 3325/3325/3325
f 3325/3325/3325 3279/3279/3279 3283/3283/3283
f 3325/3325/3325 3283/3283/3283 3326/3326/3326
f 3327/3327/3327 3328/3328/3328 3329/3329/3329
f 3327/3327/3327 3329/3329/3329 3330/3330/3330
f 3330/3330/3330 3329/3329/3329 3331/3331/3331
f 3330/3330/3330 3331/3331/3331 3332/3332/3332
f 3328/3328/3328 3319/3319/3319 3318/3318/3318
f 3328/3328/3328 3318/3318/3318 3329/3329/3329
f 3329/3329/3329 3318/3318/3318 3321/3321/3321
f 3329/3329/3329 3321/3321/3321 3331/3331/3331
f 3327/3327/3327 3330/3330/3330 3333/3333/3333
f 3327/3327/3327 3333/3333/3333 3334/3334/3334
f 3334/3334/3334 3333/3333/3333 202/202/202
f 3334/3334/3334 202/202/202 196/196/196
f 3330/3330/3330 3332/3332/3332 3335/3335/3335
f 3330/3330/3330 3335/3335/3335 3333/3333/3333
f 3333/3333/3333 3335/3335/3335 179/179/179
f 3333/3333/3333 179/179/179 202/202/202
f 3327/3327/3327 3334/3334/3334 3336/3336/3336
f 3327/3327/3327 3336/3336/3336 3337/3337/3337
f 3337/3337/3337 3336/3336/3336 3303/3303/3303
f 3337/3337/3337 3303/3303/3303 3300/3300/3300
f 3334/3334/3334 196/196/196 195/195/195
f 3334/3334/3334 195/195/195 3336/3336/3336
f 3336/3336/3336 195/195/195 199/199/199
f 3336/3336/3336 199/199/199 3303/3303/3303
f 3327/3327/3327 3337/3337/3337 3338/3338/3338
f 3327/3327/3327 3338/3338/3338 3328/3328/3328
f 3328/3328/3328 3338/3338/3338 3324/3324/3324
f 3328/3328/3328 3324/3324/3324 3319/3319/3319
f 3337/3337/3337 3300/3300/3300 3299/3299/3299
f 3337/3337/3337 3299/3299/3299 3338/3338/3338
f 3338/3338/3338 3299/3299/3299 3289/3289/3289
f 3338/3338/3338 3289/3289/3289 3324/3324/3324
f 3339/3339/3339 3340/3340/3340 3341/3341/3341
f 3339/3339/3339 3341/3341/3341 3342/3342/3342
f 3342/3342/3342 3341/3341/3341 3343/3343/3343
f 3342/3342/3342 3343/3343/3343 3344/3344/3344
f 3340/3340/3340 3345/3345/3345 3346/3346/3346
f 3340/3340/3340 3346/3346/3346 3341/3341/3341
f 3341/3341/3341 3346/3346/3346 3347/3347/3347
f 3341/3341/3341 3347/3347/3347 3343/3343/3343
f 3339/3339/3339 3342/3342/3342 3348/3348/3348
f 3339/3339/3339 3348/3348/3348 3349/3349/3349
f 3349/3349/3349 3348/3348/3348 3350/3350/3350
f 3349/3349/3349 3350/3350/3350 3351/3351/3351
f 3342/3342/3342 3344/3344/3344 3352/3352/3352
f 3342/3342/3342 3352/3352/3352 3348/3348/3348
f 3348/3348/3348 3352/3352/3352 3353/3353/3353
f 3348/3348/3348 3353/3353/3353 3350/3350/3350
f 3339/3339/3339 3349/3349/3349 3354/3354/3354
f 3339/3339/3339 3354/3354/3354 3355/3355/3355
f 3355/3355/3355 3354/3354/3354 3320/3320/3320
f 3355/3355/3355 3320/3320/3320 3312/3312/3312
f 3349/3349/3349 3351/3351/3351 3356/3356/3356
f 3349/3349/3349 3356/3356/3356 3354/3354/3354
f 3354/3354/3354 3356/3356/3356 3321/3321/3321
f 3354/3354/3354 3321/3321/3321 3320/3320/3320
f 3339/3339/3339 3355/3355/3355 3357/3357/3357
f 3339/3339/3339 3357/3357/3357 3340/3340/3340
f 3340/3340/3340 3357/3357/3357 3358/3358/3358
f 3340/3340/3340 3358/3358/3358 3345/3345/3345
f 3355/3355/3355 3312/3312/3312 3311/3311/3311
f 3355/3355/3355 3311/3311/3311 3357/3357/3357
f 3357/3357/3357 3311/3311/3311 3315/3315/3315
f 3357/3357/3357 3315/3315/3315 3358/3358/3358
f 3359/3359/3359 3360/3360/3360 3361/3361/3361
f 3359/3359/3359 3361/3361/3361 3362/3362/3362
f 3362/3362/3362 3361/3361/3361 3363/3363/3363
f 3362/3362/3362 3363/3363/3363 3364/3364/3364
f 3360/3360/3360 3351/3351/3351 3350/3350/3350
f 3360/3360/3360 3350/3350/3350 3361/3361/3361
f 3361/3361/3361 3350/3350/3350 3353/3353/3353
f 3361/3361/3361 3353/3353/3353 3363/3363/3363
f 3359/3359/3359 3362/3362/3362 3365/3365/3365
f 3359/3359/3359 3365/3365/3365 3366/3366/3366
f 3366/3366/3366 3365/3365/3365 182/182/182
f 3366/3366/3366 182/182/182 176/176/176
f 3362/3362/3362 3364/3364/3364 3367/3367/3367
f 3362/3362/3362 3367/3367/3367 3365/3365/3365
f 3365/3365/3365 3367/3367/3367 159/159/159
f 3365/3365/3365 159/159/159 182/182/182
f 3359/3359/3359 3366/3366/3366 3368/3368/3368
f 3359/3359/3359 3368/3368/3368 3369/3369/3369
f 3369/3369/3369 3368/3368/3368 3335/3335/3335
f 3369/3369/3369 3335/3335/3335 3332/3332/3332
f 3366/3366/3366 176/176/176 175/175/175
f 3366/3366/3366 175/175/175 3368/3368/3368
f 3368/3368/3368 175/175/175 179/179/179
f 3368/3368/3368 179/179/179 3335/3335/3335
f 3359/3359/3359 3369/3369/3369 3370/3370/3370
f 3359/3359/3359 3370/3370/3370 3360/3360/3360
f 3360/3360/3360 3370/3370/3370 3356/3356/3356
f 3360/3360/3360 3356/3356/3356 3351/3351/3351
f 3369/3369/3369 3332/3332/3332 3331/3331/3331
f 3369/3369/3369 3331/3331/3331 3370/3370/3370
f 3370/3370/3370 3331/3331/3331 3321/3321/3321
f 3370/3370/3370 3321/3321/3321 3356/3356/3356
f 3371/3371/3371 3372/3372/3372 3373/3373/3373
f 3371/3371/3371 3373/3373/3373 3374/3374/3374
f 3374/3374/3374 3373/3373/3373 3375/3375/3375
f 3374/3374/3374 3375/3375/3375 3376/3376/3376
f 3372/3372/3372 3377/3377/3377 3378/3378/3378
f 3372/3372/3372 3378/3378/3378 3373/3373/3373
f 3373/3373/3373 3378/3378/3378 3379/3379/3379
f 3373/3373/3373 3379/3379/3379 3375/3375/3375
f 3371/3371/3371 3374/3374/3374 3380/3380/3380
f 3371/3371/3371 3380/3380/3380 3381/3381/3381
f 3381/3381/3381 3380/3380/3380 3382/3382/3382
f 3381/3381/3381 3382/3382/3382 3383/3383/3383
f 3374/3374/3374 3376/3376/3376 3384/3384/3384
f 3374/3374/3374 3384/3384/3384 3380/3380/3380
f 3380/3380/3380 3384/3384/3384 3385/3385/3385
f 3380/3380/3380 3385/3385/3385 3382/3382/3382
f 3371/3371/3371 3381/3381/3381 3386/3386/3386
f 3371/3371/3371 3386/3386/3386 3387/3387/3387
f 3387/3387/3387 3386/3386/3386 3352/3352/3352
f 3387/3387/3387 3352/3352/3352 3344/3344/3344
f 3381/3381/3381 3383/3383/3383 3388/3388/3388
f 3381/3381/3381 3388/3388/3388 3386/3386/3386
f 3386/3386/3386 3388/3388/3388 3353/3353/3353
f 3386/3386/3386 3353/3353/3353 3352/3352/3352
f 3371/3371/3371 3387/3387/3387 3389/3389/3389
f 3371/3371/3371 3389/3389/3389 3372/3372/3372
f 3372/3372/3372 3389/3389/3389 3390/3390/3390
f 3372/3372/3372 3390/3390/3390 3377/3377/3377
f 3387/3387/3387 3344/3344/3344 3343/3343/3343
f 3387/3387/3387 3343/3343/3343 3389/3389/3389
f 3389/3389/3389 3343/3343/3343 3347/3347/3347
f 3389/3389/3389 3347/3347/3347 3390/3390/3390
f 3391/3391/3391 3392/3392/3392 3393/3393/3393
f 3391/3391/3391 3393/3393/3393 3394/3394/3394
f 3394/3394/3394 3393/3393/3393 3395/3395/3395
f 3394/3394/3394 3395/3395/3395 3396/3396/3396
f 3392/3392/3392 3383/3383/3383 3382/3382/3382
f 3392/3392/3392 3382/3382/3382 3393/3393/3393
f 3393/3393/3393 3382/3382/3382 3385/3385/3385
f 3393/3393/3393 3385/3385/3385 3395/3395/3395
f 3391/3391/3391 3394/3394/3394 3397/3397/3397
f 3391/3391/3391 3397/3397/3397 3398/3398/3398
f 3398/3398/3398 3397/3397/3397 162/162/162
f 3398/3398/3398 162/162/162 156/156/156
f 3394/3394/3394 3396/3396/3396 3399/3399/3399
f 3394/3394/3394 3399/3399/3399 3397/3397/3397
f 3397/3397/3397 3399/3399/3399 139/139/139
f 3397/3397/3397 139/139/139 162/162/162
f 3391/3391/3391 3398/3398/3398 3400/3400/3400
f 3391/3391/3391 3400/3400/3400 3401/3401/3401
f 3401/3401/3401 3400/3400/3400 3367/3367/3367
f 3401/3401/3401 3367/3367/3367 3364/3364/3364
f 3398/3398/3398 156/156/156 155/155/155
f 3398/3398/3398 155/155/155 3400/3400/3400
f 3400/3400/3400 155/155/155 159/159/159
f 3400/3400/3400 159/159/159 3367/3367/3367
f 3391/3391/3391 3401/3401/3401 3402/3402/3402
f 3391/3391/3391 3402/3402/3402 3392/3392/3392
f 3392/3392/3392 3402/3402/3402 3388/3388/3388
f 3392/3392/3392 3388/3388/3388 3383/3383/3383
f 3401/3401/3401 3364/3364/3364 3363/3363/3363
f 3401/3401/3401 3363/3363/3363 3402/3402/3402
f 3402/3402/3402 3363/3363/3363 3353/3353/3353
f 3402/3402/3402 3353/3353/3353 3388/3388/3388
f 3403/3403/3403 3404/3404/3404 3405/3405/3405
f 3403/3403/3403 3405/3405/3405 3406/3406/3406
f 3406/3406/3406 3405/3405/3405 3407/3407/3407
f 3406/3406/3406 3407/3407/3407 3408/3408/3408
f 3404/3404/3404 3409/3409/3409 3410/3410/3410
f 3404/3404/3404 3410/3410/3410 3405/3405/3405
f 3405/3405/3405 3410/3410/3410 3411/3411/3411
f 3405/3405/3405 3411/3411/3411 3407/3407/3407
f 3403/3403/3403 3406/3406/3406 3412/3412/3412
f 3403/3403/3403 3412/3412/3412 3413/3413/3413
f 3413/3413/3413 3412/3412/3412 3414/3414/3414
f 3413/3413/3413 3414/3414/3414 3415/3415/3415
f 3406/3406/3406 3408/3408/3408 3416/3416/3416
f 3406/3406/3406 3416/3416/3416 3412/3412/3412
f 3412/3412/3412 3416/3416/3416 3417/3417/3417
f 3412/3412/3412 3417/3417/3417 3414/3414/3414
f 3403/3403/3403 3413/3413/3413 3418/3418/3418
f 3403/3403/3403 3418/3418/3418 3419/3419/3419
f 3419/3419/3419 3418/3418/3418 3384/3384/3384
f 3419/3419/3419 3384/3384/3384 3376/3376/3376
f 3413/3413/3413 3415/3415/3415 3420/3420/3420
f 3413/3413/3413 3420/3420/3420 3418/3418/3418
f 3418/3418/3418 3420/3420/3420 3385/3385/3385
f 3418/3418/3418 3385/3385/3385 3384/3384/3384
f 3403/3403/3403 3419/3419/3419 3421/3421/3421
f 3403/3403/3403 3421/3421/3421 3404/3404/3404
f 3404/3404/3404 3421/3421/3421 3422/3422/3422
f 3404/3404/3404 3422/3422/3422 3409/3409/3409
f 3419/3419/3419 3376/3376/3376 3375/3375/3375
f 3419/3419/3419 3375/3375/3375 3421/3421/3421
f 3421/3421/3421 3375/3375/3375 3379/3379/3379
f 3421/3421/3421 3379/3379/3379 3422/3422/3422
f 3423/3423/3423 3424/3424/3424 3425/3425/3425
f 3423/3423/3423 3425/3425/3425 3426/3426/3426
f 3426/3426/3426 3425/3425/3425 3427/3427/3427
f 3426/3426/3426 3427/3427/3427 3428/3428/3428
f 3424/3424/3424 3415/3415/3415 3414/3414/3414
f 3424/3424/3424 3414/3414/3414 3425/3425/3425
f 3425/3425/3425 3414/3414/3414 3417/3417/3417
f 3425/3425/3425 3417/3417/3417 3427/3427/3427
f 3423/3423/3423 3426/3426/3426 3429/3429/3429
f 3423/3423/3423 3429/3429/3429 3430/3430/3430
f 3430/3430/3430 3429/3429/3429 142/142/142
f 3430/3430/3430 142/142/142 136/136/136
f 3426/3426/3426 3428/3428/3428 3431/3431/3431
f 3426/3426/3426 3431/3431/3431 3429/3429/3429
f 3429/3429/3429 3431/3431/3431 119/119/119
f 3429/3429/3429 119/119/119 142/142/142
f 3423/3423/3423 3430/3430/3430 3432/3432/3432
f 3423/3423/3423 3432/3432/3432 3433/3433/3433
f 3433/3433/3433 3432/3432/3432 3399/3399/3399
f 3433/3433/3433 3399/3399/3399 3396/3396/3396
f 3430/3430/3430 136/136/136 135/135/135
f 3430/3430/3430 135/135/135 3432/3432/3432
f 3432/3432/3432 135/135/135 139/139/139
f 3432/3432/3432 139/139/139 3399/3399/3399
f 3423/3423/3423 3433/3433/3433 3434/3434/3434
f 3423/3423/3423 3434/3434/3434 3424/3424/3424
f 3424/3424/3424 3434/3434/3434 3420/3420/3420
f 3424/3424/3424 3420/3420/3420 3415/3415/3415
f 3433/3433/3433 3396/3396/3396 3395/3395/3395
f 3433/3433/3433 3395/3395/3395 3434/3434/3434
f 3434/3434/3434 3395/3395/3395 3385/3385/3385
f 3434/3434/3434 3385/3385/3385 3420/3420/3420
f 3435/3435/3435 3436/3436/3436 3437/3437/3437
f 3435/3435/3435 3437/3437/3437 3438/3438/3438
f 3438/3438/3438 3437/3437/3437 3439/3439/3439
f 3438/3438/3438 3439/3439/3439 3440/3440/3440
f 3436/3436/3436 3441/3441/3441 3442/3442/3442
f 3436/3436/3436 3442/3442/3442 3437/3437/3437
f 3437/3437/3437 3442/3442/3442 3443/3443/3443
f 3437/3437/3437 3443/3443/3443 3439/3439/3439
f 3435/3435/3435 3438/3438/3438 3444/3444/3444
f 3435/3435/3435 3444/3444/3444 3445/3445/3445
f 3445/3445/3445 3444/3444/3444 3446/3446/3446
f 3445/3445/3445 3446/3446/3446 3447/3447/3447
f 3438/3438/3438 3440/3440/3440 3448/3448/3448
f 3438/3438/3438 3448/3448/3448 3444/3444/3444
f 3444/3444/3444 3448/3448/3448 3449/3449/3449
f 3444/3444/3444 3449/3449/3449 3446/3446/3446
f 3435/3435/3435 3445/3445/3445 3450/3450/3450
f 3435/3435/3435 3450/3450/3450 3451/3451/3451
f 3451/3451/3451 3450/3450/3450 3416/3416/3416
f 3451/3451/3451 3416/3416/3416 3408/3408/3408
f 3445/3445/3445 3447/3447/3447 3452/3452/3452
f 3445/3445/3445 3452/3452/3452 3450/3450/3450
f 3450/3450/3450 3452/3452/3452 3417/3417/3417
f 3450/3450/3450 3417/3417/3417 3416/3416/3416
f 3435/3435/3435 3451/3451/3451 3453/3453/3453
f 3435/3435/3435 3453/3453/3453 3436/3436/3436
f 3436/3436/3436 3453/3453/3453 3454/3454/3454
f 3436/3436/3436 3454/3454/3454 3441/3441/3441
f 3451/3451/3451 3408/3408/3408 3407/3407/3407
f 3451/3451/3451 3407/3407/3407 3453/3453/3453
f 3453/3453/3453 3407/3407/3407 3411/3411/3411
f 3453/3453/3453 3411/3411/3411 3454/3454/3454
f 3455/3455/3455 3456/3456/3456 3457/3457/3457
f 3455/3455/3455 3457/3457/3457 3458/3458/3458
f 3458/3458/3458 3457/3457/3457 3459/3459/3459
f 3458/3458/3458 3459/3459/3459 3460/3460/3460
f 3456/3456/3456 3447/3447/3447 3446/3446/3446
f 3456/3456/3456 3446/3446/3446 3457/3457/3457
f 3457/3457/3457 3446/3446/3446 3449/3449/3449
f 3457/3457/3457 3449/3449/3449 3459/3459/3459
f 3455/3455/3455 3458/3458/3458 3461/3461/3461
f 3455/3455/3455 3461/3461/3461 3462/3462/3462
f 3462/3462/3462 3461/3461/3461 122/122/122
f 3462/3462/3462 122/122/122 116/116/116
f 3458/3458/3458 3460/3460/3460 3463/3463/3463
f 3458/3458/3458 3463/3463/3463 3461/3461/3461
f 3461/3461/3461 3463/3463/3463 99/99/99
f 3461/3461/3461 99/99/99 122/122/122
f 3455/3455/3455 3462/3462/3462 3464/3464/3464
f 3455/3455/3455 3464/3464/3464 3465/3465/3465
f 3465/3465/3465 3464/3464/3464 3431/3431/3431
f 3465/3465/3465 3431/3431/3431 3428/3428/3428
f 3462/3462/3462 116/116/116 115/115/115
f 3462/3462/3462 115/115/115 3464/3464/3464
f 3464/3464/3464 115/115/115 119/119/119
f 3464/3464/3464 119/119/119 3431/3431/3431
f 3455/3455/3455 3465/3465/3465 3466/3466/3466
f 3455/3455/3455 3466/3466/3466 3456/3456/3456
f 3456/3456/3456 3466/3466/3466 3452/3452/3452
f 3456/3456/3456 3452/3452/3452 3447/3447/3447
f 3465/3465/3465 3428/3428/3428 3427/3427/3427
f 3465/3465/3465 3427/3427/3427 3466/3466/3466
f 3466/3466/3466 3427/3427/3427 3417/3417/3417
f 3466/3466/3466 3417/3417/3417 3452/3452/3452
f 3467/3467/3467 3468/3468/3468 3469/3469/3469
f 3467/3467/3467 3469/3469/3469 3470/3470/3470
f 3470/3470/3470 3469/3469/3469 3471/3471/3471
f 3470/3470/3470 3471/3471/3471 3472/3472/3472
f 3468/3468/3468 3473/3473/3473 3474/3474/3474
f 3468/3468/3468 3474/3474/3474 3469/3469/3469
f 3469/3469/3469 3474/3474/3474 3475/3475/3475
f 3469/3469/3469 3475/3475/3475 3471/3471/3471
f 3467/3467/3467 3470/3470/3470 3476/3476/3476
f 3467/3467/3467 3476/3476/3476 3477/3477/3477
f 3477/3477/3477 3476/3476/3476 3478/3478/3478
f 3477/3477/3477 3478/3478/3478 3479/3479/3479
f 3470/3470/3470 3472/3472/3472 3480/3480/3480
f 3470/3470/3470 3480/3480/3480 3476/3476/3476
f 3476/3476/3476 3480/3480/3480 3481/3481/3481
f 3476/3476/3476 3481/3481/3481 3478/3478/3478
f 3467/3467/3467 3477/3477/3477 3482/3482/3482
f 3467/3467/3467 3482/3482/3482 3483/3483/3483
f 3483/3483/3483 3482/3482/3482 3448/3448/3448
f 3483/3483/3483 3448/3448/3448 3440/3440/3440
f 3477/3477/3477 3479/3479/3479 3484/3484/3484
f 3477/3477/3477 3484/3484/3484 3482/3482/3482
f 3482/3482/3482 3484/3484/3484 3449/3449/3449
f 3482/3482/3482 3449/3449/3449 3448/3448/3448
f 3467/3467/3467 3483/3483/3483 3485/3485/3485
f 3467/3467/3467 3485/3485/3485 3468/3468/3468
f 3468/3468/3468 3485/3485/3485 3486/3486/3486
f 3468/3468/3468 3486/3486/3486 3473/3473/3473
f 3483/3483/3483 3440/3440/3440 3439/3439/3439
f 3483/3483/3483 3439/3439/3439 3485/3485/3485
f 3485/3485/3485 3439/3439/3439 3443/3443/3443
f 3485/3485/3485 3443/3443/3443 3486/3486/3486
f 3487/3487/3487 3488/3488/3488 3489/3489/3489
f 3487/3487/3487 3489/3489/3489 3490/3490/3490
f 3490/3490/3490 3489/3489/3489 3491/3491/3491
f 3490/3490/3490 3491/3491/3491 3492/3492/3492
f 3488/3488/3488 3479/3479/3479 3478/3478/3478
f 3488/3488/3488 3478/3478/3478 3489/3489/3489
f 3489/3489/3489 3478/3478/3478 3481/3481/3481
f 3489/3489/3489 3481/3481/3481 3491/3491/3491
f 3487/3487/3487 3490/3490/3490 3493/3493/3493
f 3487/3487/3487 3493/3493/3493 3494/3494/3494
f 3494/3494/3494 3493/3493/3493 102/102/102
f 3494/3494/3494 102/102/102 96/96/96
f 3490/3490/3490 3492/3492/3492 3495/3495/3495
f 3490/3490/3490 3495/3495/3495 3493/3493/3493
f 3493/3493/3493 3495/3495/3495 74/74/74
f 3493/3493/3493 74/74/74 102/102/102
f 3487/3487/3487 3494/3494/3494 3496/3496/3496
f 3487/3487/3487 3496/3496/3496 3497/3497/3497
f 3497/3497/3497 3496/3496/3496 3463/3463/3463
f 3497/3497/3497 3463/3463/3463 3460/3460/3460
f 3494/3494/3494 96/96/96 95/95/95
f 3494/3494/3494 95/95/95 3496/3496/3496
f 3496/3496/3496 95/95/95 99/99/99
f 3496/3496/3496 99/99/99 3463/3463/3463
f 3487/3487/3487 3497/3497/3497 3498/3498/3498
f 3487/3487/3487 3498/3498/3498 3488/3488/3488
f 3488/3488/3488 3498/3498/3498 3484/3484/3484
f 3488/3488/3488 3484/3484/3484 3479/3479/3479
f 3497/3497/3497 3460/3460/3460 3459/3459/3459
f 3497/3497/3497 3459/3459/3459 3498/3498/3498
f 3498/3498/3498 3459/3459/3459 3449/3449/3449
f 3498/3498/3498 3449/3449/3449 3484/3484/3484
f 3499/3499/3499 3500/3500/3500 3501/3501/3501
f 3499/3499/3499 3501/3501/3501 3502/3502/3502
f 3502/3502/3502 3501/3501/3501 3503/3503/3503
f 3502/3502/3502 3503/3503/3503 3504/3504/3504
f 3500/3500/3500 3505/3505/3505 3506/3506/3506
f 3500/3500/3500 3506/3506/3506 3501/3501/3501
f 3501/3501/3501 3506/3506/3506 3507/3507/3507
f 3501/3501/3501 3507/3507/3507 3503/3503/3503
f 3499/3499/3499 3502/3502/3502 3508/3508/3508
f 3499/3499/3499 3508/3508/3508 3509/3509/3509
f 3509/3509/3509 3508/3508/3508 3510/3510/3510
f 3509/3509/3509 3510/3510/3510 3511/3511/3511
f 3502/3502/3502 3504/3504/3504 3512/3512/3512
f 3502/3502/3502 3512/3512/3512 3508/3508/3508
f 3508/3508/3508 3512/3512/3512 3513/3513/3513
f 3508/3508/3508 3513/3513/3513 3510/3510/3510
f 3499/3499/3499 3509/3509/3509 3514/3514/3514
f 3499/3499/3499 3514/3514/3514 3515/3515/3515
f 3515/3515/3515 3514/3514/3514 3480/3480/3480
f 3515/3515/3515 3480/3480/3480 3472/3472/3472
f 3509/3509/3509 3511/3511/3511 3516/3516/3516
f 3509/3509/3509 3516/3516/3516 3514/3514/3514
f 3514/3514/3514 3516/3516/3516 3481/3481/3481
f 3514/3514/3514 3481/3481/3481 3480/3480/3480
f 3499/3499/3499 3515/3515/3515 3517/3517/3517
f 3499/3499/3499 3517/3517/3517 3500/3500/3500
f 3500/3500/3500 3517/3517/3517 3518/3518/3518
f 3500/3500/3500 3518/3518/3518 3505/3505/3505
f 3515/3515/3515 3472/3472/3472 3471/3471/3471
f 3515/3515/3515 3471/3471/3471 3517/3517/3517
f 3517/3517/3517 3471/3471/3471 3475/3475/3475
f 3517/3517/3517 3475/3475/3475 3518/3518/3518
f 3519/3519/3519 3520/3520/3520 3521/3521/3521
f 3519/3519/3519 3521/3521/3521 3522/3522/3522
f 3522/3522/3522 3521/3521/3521 3523/3523/3523
f 3522/3522/3522 3523/3523/3523 3524/3524/3524
f 3520/3520/3520 3511/3511/3511 3510/3510/3510
f 3520/3520/3520 3510/3510/3510 3521/3521/3521
f 3521/3521/3521 3510/3510/3510 3513/3513/3513
f 3521/3521/3521 3513/3513/3513 3523/3523/3523
f 3519/3519/3519 3522/3522/3522 3525/3525/3525
f 3519/3519/3519 3525/3525/3525 3526/3526/3526
f 3526/3526/3526 3525/3525/3525 79/79/79
f 3526/3526/3526 79/79/79 71/71/71
f 3522/3522/3522 3524/3524/3524 3527/3527/3527
f 3522/3522/3522 3527/3527/3527 3525/3525/3525
f 3525/3525/3525 3527/3527/3527 80/80/80
f 3525/3525/3525 80/80/80 79/79/79
f 3519/3519/3519 3526/3526/3526 3528/3528/3528
f 3519/3519/3519 3528/3528/3528 3529/3529/3529
f 3529/3529/3529 3528/3528/3528 3495/3495/3495
f 3529/3529/3529 3495/3495/3495 3492/3492/3492
f 3526/3526/3526 71/71/71 70/70/70
f 3526/3526/3526 70/70/70 3528/3528/3528
f 3528/3528/3528 70/70/70 74/74/74
f 3528/3528/3528 74/74/74 3495/3495/3495
f 3519/3519/3519 3529/3529/3529 3530/3530/3530
f 3519/3519/3519 3530/3530/3530 3520/3520/3520
f 3520/3520/3520 3530/3530/3530 3516/3516/3516
f 3520/3520/3520 3516/3516/3516 3511/3511/3511
f 3529/3529/3529 3492/3492/3492 3491/3491/3491
f 3529/3529/3529 3491/3491/3491 3530/3530/3530
f 3530/3530/3530 3491/3491/3491 3481/3481/3481
f 3530/3530/3530 3481/3481/3481 3516/3516/3516
f 3531/3531/3531 3532/3532/3532 3533/3533/3533
f 3531/3531/3531 3533/3533/3533 3534/3534/3534
f 3534/3534/3534 3533/3533/3533 3535/3535/3535
f 3534/3534/3534 3535/3535/3535 3536/3536/3536
f 3532/3532/3532 3537/3537/3537 3538/3538/3538
f 3532/3532/3532 3538/3538/3538 3533/3533/3533
f 3533/3533/3533 3538/3538/3538 3539/3539/3539
f 3533/3533/3533 3539/3539/3539 3535/3535/3535
f 3531/3531/3531 3534/3534/3534 3540/3540/3540
f 3531/3531/3531 3540/3540/3540 3541/3541/3541
f 3541/3541/3541 3540/3540/3540 3542/3542/3542
f 3541/3541/3541 3542/3542/3542 3543/3543/3543
f 3534/3534/3534 3536/3536/3536 3544/3544/3544
f 3534/3534/3534 3544/3544/3544 3540/3540/3540
f 3540/3540/3540 3544/3544/3544 3545/3545/3545
f 3540/3540/3540 3545/3545/3545 3542/3542/3542
f 3531/3531/3531 3541/3541/3541 3546/3546/3546
f 3531/3531/3531 3546/3546/3546 3547/3547/3547
f 3547/3547/3547 3546/3546/3546 3548/3548/3548
f 3547/3547/3547 3548/3548/3548 3549/3549/3549
f 3541/3541/3541 3543/3543/3543 3550/3550/3550
f 3541/3541/3541 3550/3550/3550 3546/3546/3546
f 3546/3546/3546 3550/3550/3550 3551/3551/3551
f 3546/3546/3546 3551/3551/3551 3548/3548/3548
f 3531/3531/3531 3547/3547/3547 3552/3552/3552
f 3531/3531/3531 3552/3552/3552 3532/3532/3532
f 3532/3532/3532 3552/3552/3552 3553/3553/3553
f 3532/3532/3532 3553/3553/3553 3537/3537/3537
f 3547/3547/3547 3549/3549/3549 3554/3554/3554
f 3547/3547/3547 3554/3554/3554 3552/3552/3552
f 3552/3552/3552 3554/3554/3554 3555/3555/3555
f 3552/3552/3552 3555/3555/3555 3553/3553/3553
f 3556/3556/3556 3557/3557/3557 3558/3558/3558
f 3556/3556/3556 3558/3558/3558 3559/3559/3559
f 3559/3559/3559 3558/3558/3558 3560/3560/3560
f 3559/3559/3559 3560/3560/3560 3561/3561/3561
f 3557/3557/3557 3543/3543/3543 3542/3542/3542
f 3557/3557/3557 3542/3542/3542 3558/3558/3558
f 3558/3558/3558 3542/3542/3542 3545/3545/3545
f 3558/3558/3558 3545/3545/3545 3560/3560/3560
f 3556/3556/3556 3559/3559/3559 3562/3562/3562
f 3556/3556/3556 3562/3562/3562 3563/3563/3563
f 3563/3563/3563 3562/3562/3562 57/57/57
f 3563/3563/3563 57/57/57 51/51/51
f 3559/3559/3559 3561/3561/3561 3564/3564/3564
f 3559/3559/3559 3564/3564/3564 3562/3562/3562
f 3562/3562/3562 3564/3564/3564 34/34/34
f 3562/3562/3562 34/34/34 57/57/57
f 3556/3556/3556 3563/3563/3563 3565/3565/3565
f 3556/3556/3556 3565/3565/3565 3566/3566/3566
f 3566/3566/3566 3565/3565/3565 3567/3567/3567
f 3566/3566/3566 3567/3567/3567 3568/3568/3568
f 3563/3563/3563 51/51/51 50/50/50
f 3563/3563/3563 50/50/50 3565/3565/3565
f 3565/3565/3565 50/50/50 54/54/54
f 3565/3565/3565 54/54/54 3567/3567/3567
f 3556/3556/3556 3566/3566/3566 3569/3569/3569
f 3556/3556/3556 3569/3569/3569 3557/3557/3557
f 3557/3557/3557 3569/3569/3569 3550/3550/3550
f 3557/3557/3557 3550/3550/3550 3543/3543/3543
f 3566/3566/3566 3568/3568/3568 3570/3570/3570
f 3566/3566/3566 3570/3570/3570 3569/3569/3569
f 3569/3569/3569 3570/3570/3570 3551/3551/3551
f 3569/3569/3569 3551/3551/3551 3550/3550/3550
f 3571/3571/3571 3572/3572/3572 3573/3573/3573
f 3571/3571/3571 3573/3573/3573 3574/3574/3574
f 3574/3574/3574 3573/3573/3573 3575/3575/3575
f 3574/3574/3574 3575/3575/3575 3576/3576/3576
f 3572/3572/3572 3577/3577/3577 3578/3578/3578
f 3572/3572/3572 3578/3578/3578 3573/3573/3573
f 3573/3573/3573 3578/3578/3578 3579/3579/3579
f 3573/3573/3573 3579/3579/3579 3575/3575/3575
f 3571/3571/3571 3574/3574/3574 3580/3580/3580
f 3571/3571/3571 3580/3580/3580 3581/3581/3581
f 3581/3581/3581 3580/3580/3580 3582/3582/3582
f 3581/3581/3581 3582/3582/3582 3583/3583/3583
f 3574/3574/3574 3576/3576/3576 3584/3584/3584
f 3574/3574/3574 3584/3584/3584 3580/3580/3580
f 3580/3580/3580 3584/3584/3584 3585/3585/3585
f 3580/3580/3580 3585/3585/3585 3582/3582/3582
f 3571/3571/3571 3581/3581/3581 3586/3586/3586
f 3571/3571/3571 3586/3586/3586 3587/3587/3587
f 3587/3587/3587 3586/3586/3586 3544/3544/3544
f 3587/3587/3587 3544/3544/3544 3536/3536/3536
f 3581/3581/3581 3583/3583/3583 3588/3588/3588
f 3581/3581/3581 3588/3588/3588 3586/3586/3586
f 3586/3586/3586 3588/3588/3588 3545/3545/3545
f 3586/3586/3586 3545/3545/3545 3544/3544/3544
f 3571/3571/3571 3587/3587/3587 3589/3589/3589
f 3571/3571/3571 3589/3589/3589 3572/3572/3572
f 3572/3572/3572 3589/3589/3589 3590/3590/3590
f 3572/3572/3572 3590/3590/3590 3577/3577/3577
f 3587/3587/3587 3536/3536/3536 3535/3535/3535
f 3587/3587/3587 3535/3535/3535 3589/3589/3589
f 3589/3589/3589 3535/3535/3535 3539/3539/3539
f 3589/3589/3589 3539/3539/3539 3590/3590/3590
f 3591/3591/3591 3592/3592/3592 3593/3593/3593
f 3591/3591/3591 3593/3593/3593 3594/3594/3594
f 3594/3594/3594 3593/3593/3593 3595/3595/3595
f 3594/3594/3594 3595/3595/3595 3596/3596/3596
f 3592/3592/3592 3583/3583/3583 3582/3582/3582
f 3592/3592/3592 3582/3582/3582 3593/3593/3593
f 3593/3593/3593 3582/3582/3582 3585/3585/3585
f 3593/3593/3593 3585/3585/3585 3595/3595/3595
f 3591/3591/3591 3594/3594/3594 3597/3597/3597
f 3591/3591/3591 3597/3597/3597 3598/3598/3598
f 3598/3598/3598 3597/3597/3597 37/37/37
f 3598/3598/3598 37/37/37 31/31/31
f 3594/3594/3594 3596/3596/3596 3599/3599/3599
f 3594/3594/3594 3599/3599/3599 3597/3597/3597
f 3597/3597/3597 3599/3599/3599 9/9/9
f 3597/3597/3597 9/9/9 37/37/37
f 3591/3591/3591 3598/3598/3598 3600/3600/3600
f 3591/3591/3591 3600/3600/3600 3601/3601/3601
f 3601/3601/3601 3600/3600/3600 3564/3564/3564
f 3601/3601/3601 3564/3564/3564 3561/3561/3561
f 3598/3598/3598 31/31/31 30/30/30
f 3598/3598/3598 30/30/30 3600/3600/3600
f 3600/3600/3600 30/30/30 34/34/34
f 3600/3600/3600 34/34/34 3564/3564/3564
f 3591/3591/3591 3601/3601/3601 3602/3602/3602
f 3591/3591/3591 3602/3602/3602 3592/3592/3592
f 3592/3592/3592 3602/3602/3602 3588/3588/3588
f 3592/3592/3592 3588/3588/3588 3583/3583/3583
f 3601/3601/3601 3561/3561/3561 3560/3560/3560
f 3601/3601/3601 3560/3560/3560 3602/3602/3602
f 3602/3602/3602 3560/3560/3560 3545/3545/3545
f 3602/3602/3602 3545/3545/3545 3588/3588/3588
f 3603/3603/3603 3604/3604/3604 3605/3605/3605
f 3603/3603/3603 3605/3605/3605 3606/3606/3606
f 3606/3606/3606 3605/3605/3605 3258/3258/3258
f 3606/3606/3606 3258/3258/3258 3253/3253/3253
f 3604/3604/3604 3607/3607/3607 3608/3608/3608
f 3604/3604/3604 3608/3608/3608 3605/3605/3605
f 3605/3605/3605 3608/3608/3608 3259/3259/3259
f 3605/3605/3605 3259/3259/3259 3258/3258/3258
f 3603/3603/3603 3606/3606/3606 3609/3609/3609
f 3603/3603/3603 3609/3609/3609 3610/3610/3610
f 3610/3610/3610 3609/3609/3609 3611/3611/3611
f 3610/3610/3610 3611/3611/3611 3612/3612/3612
f 3606/3606/3606 3253/3253/3253 3252/3252/3252
f 3606/3606/3606 3252/3252/3252 3609/3609/3609
f 3609/3609/3609 3252/3252/3252 3255/3255/3255
f 3609/3609/3609 3255/3255/3255 3611/3611/3611
f 3603/3603/3603 3610/3610/3610 3613/3613/3613
f 3603/3603/3603 3613/3613/3613 3614/3614/3614
f 3614/3614/3614 3613/3613/3613 3584/3584/3584
f 3614/3614/3614 3584/3584/3584 3576/3576/3576
f 3610/3610/3610 3612/3612/3612 3615/3615/3615
f 3610/3610/3610 3615/3615/3615 3613/3613/3613
f 3613/3613/3613 3615/3615/3615 3585/3585/3585
f 3613/3613/3613 3585/3585/3585 3584/3584/3584
f 3603/3603/3603 3614/3614/3614 3616/3616/3616
f 3603/3603/3603 3616/3616/3616 3604/3604/3604
f 3604/3604/3604 3616/3616/3616 3617/3617/3617
f 3604/3604/3604 3617/3617/3617 3607/3607/3607
f 3614/3614/3614 3576/3576/3576 3575/3575/3575
f 3614/3614/3614 3575/3575/3575 3616/3616/3616
f 3616/3616/3616 3575/3575/3575 3579/3579/3579
f 3616/3616/3616 3579/3579/3579 3617/3617/3617
f 3618/3618/3618 3619/3619/3619 3620/3620/3620
f 3618/3618/3618 3620/3620/3620 3621/3621/3621
f 3621/3621/3621 3620/3620/3620 3274/3274/3274
f 3621/3621/3621 3274/3274/3274 3272/3272/3272
f 3619/3619/3619 3612/3612/3612 3611/3611/3611
f 3619/3619/3619 3611/3611/3611 3620/3620/3620
f 3620/3620/3620 3611/3611/3611 3255/3255/3255
f 3620/3620/3620 3255/3255/3255 3274/3274/3274
f 3618/3618/3618 3621/3621/3621 3622/3622/3622
f 3618/3618/3618 3622/3622/3622 3623/3623/3623
f 3623/3623/3623 3622/3622/3622 14/14/14
f 3623/3623/3623 14/14/14 6/6/6
f 3621/3621/3621 3272/3272/3272 3271/3271/3271
f 3621/3621/3621 3271/3271/3271 3622/3622/3622
f 3622/3622/3622 3271/3271/3271 15/15/15
f 3622/3622/3622 15/15/15 14/14/14
f 3618/3618/3618 3623/3623/3623 3624/3624/3624
f 3618/3618/3618 3624/3624/3624 3625/3625/3625
f 3625/3625/3625 3624/3624/3624 3599/3599/3599
f 3625/3625/3625 3599/3599/3599 3596/3596/3596
f 3623/3623/3623 6/6/6 5/5/5
f 3623/3623/3623 5/5/5 3624/3624/3624
f 3624/3624/3624 5/5/5 9/9/9
f 3624/3624/3624 9/9/9 3599/3599/3599
f 3618/3618/3618 3625/3625/3625 3626/3626/3626
f 3618/3618/3618 3626/3626/3626 3619/3619/3619
f 3619/3619/3619 3626/3626/3626 3615/3615/3615
f 3619/3619/3619 3615/3615/3615 3612/3612/3612
f 3625/3625/3625 3596/3596/3596 3595/3595/3595
f 3625/3625/3625 3595/3595/3595 3626/3626/3626
f 3626/3626/3626 3595/3595/3595 3585/3585/3585
f 3626/3626/3626 3585/3585/3585 3615/3615/3615
f 3627/3627/3627 3628/3628/3628 3629/3629/3629
f 3627/3627/3627 3629/3629/3629 3630/3630/3630
f 3630/3630/3630 3629/3629/3629 3631/3631/3631
f 3630/3630/3630 3631/3631/3631 3632/3632/3632
f 3628/3628/3628 3633/3633/3633 3634/3634/3634
f 3628/3628/3628 3634/3634/3634 3629/3629/3629
f 3629/3629/3629 3634/3634/3634 3635/3635/3635
f 3629/3629/3629 3635/3635/3635 3631/3631/3631
f 3627/3627/3627 3630/3630/3630 3636/3636/3636
f 3627/3627/3627 3636/3636/3636 3637/3637/3637
f 3637/3637/3637 3636/3636/3636 3638/3638/3638
f 3637/3637/3637 3638/3638/3638 3639/3639/3639
f 3630/3630/3630 3632/3632/3632 3640/3640/3640
f 3630/3630/3630 3640/3640/3640 3636/3636/3636
f 3636/3636/3636 3640/3640/3640 3641/3641/3641
f 3636/3636/3636 3641/3641/3641 3638/3638/3638
f 3627/3627/3627 3637/3637/3637 3642/3642/3642
f 3627/3627/3627 3642/3642/3642 3643/3643/3643
f 3643/3643/3643 3642/3642/3642 3644/3644/3644
f 3643/3643/3643 3644/3644/3644 3645/3645/3645
f 3637/3637/3637 3639/3639/3639 3646/3646/3646
f 3637/3637/3637 3646/3646/3646 3642/3642/3642
f 3642/3642/3642 3646/3646/3646 3647/3647/3647
f 3642/3642/3642 3647/3647/3647 3644/3644/3644
f 3627/3627/3627 3643/3643/3643 3648/3648/3648
f 3627/3627/3627 3648/3648/3648 3628/3628/3628
f 3628/3628/3628 3648/3648/3648 3649/3649/3649
f 3628/3628/3628 3649/3649/3649 3633/3633/3633
f 3643/3643/3643 3645/3645/3645 3650/3650/3650
f 3643/3643/3643 3650/3650/3650 3648/3648/3648
f 3648/3648/3648 3650/3650/3650 3651/3651/3651
f 3648/3648/3648 3651/3651/3651 3649/3649/3649
f 3652/3652/3652 3653/3653/3653 3654/3654/3654
f 3652/3652/3652 3654/3654/3654 3655/3655/3655
f 3655/3655/3655 3654/3654/3654 3650/3650/3650
f 3655/3655/3655 3650/3650/3650 3645/3645/3645
f 3653/3653/3653 3656/3656/3656 3657/3657/3657
f 3653/3653/3653 3657/3657/3657 3654/3654/3654
f 3654/3654/3654 3657/3657/3657 3651/3651/3651
f 3654/3654/3654 3651/3651/3651 3650/3650/3650
f 3652/3652/3652 3655/3655/3655 3658/3658/3658
f 3652/3652/3652 3658/3658/3658 3659/3659/3659
f 3659/3659/3659 3658/3658/3658 3660/3660/3660
f 3659/3659/3659 3660/3660/3660 3661/3661/3661
f 3655/3655/3655 3645/3645/3645 3644/3644/3644
f 3655/3655/3655 3644/3644/3644 3658/3658/3658
f 3658/3658/3658 3644/3644/3644 3647/3647/3647
f 3658/3658/3658 3647/3647/3647 3660/3660/3660
f 3652/3652/3652 3659/3659/3659 3662/3662/3662
f 3652/3652/3652 3662/3662/3662 3663/3663/3663
f 3663/3663/3663 3662/3662/3662 3664/3664/3664
f 3663/3663/3663 3664/3664/3664 3665/3665/3665
f 3659/3659/3659 3661/3661/3661 3666/3666/3666
f 3659/3659/3659 3666/3666/3666 3662/3662/3662
f 3662/3662/3662 3666/3666/3666 3667/3667/3667
f 3662/3662/3662 3667/3667/3667 3664/3664/3664
f 3652/3652/3652 3663/3663/3663 3668/3668/3668
f 3652/3652/3652 3668/3668/3668 3653/3653/3653
f 3653/3653/3653 3668/3668/3668 3669/3669/3669
f 3653/3653/3653 3669/3669/3669 3656/3656/3656
f 3663/3663/3663 3665/3665/3665 3670/3670/3670
f 3663/3663/3663 3670/3670/3670 3668/3668/3668
f 3668/3668/3668 3670/3670/3670 3671/3671/3671
f 3668/3668/3668 3671/3671/3671 3669/3669/3669
f 3672/3672/3672 3673/3673/3673 3674/3674/3674
f 3672/3672/3672 3674/3674/3674 3675/3675/3675
f 3675/3675/3675 3674/3674/3674 3670/3670/3670
f 3675/3675/3675 3670/3670/3670 3665/3665/3665
f 3673/3673/3673 3676/3676/3676 3677/3677/3677
f 3673/3673/3673 3677/3677/3677 3674/3674/3674
f 3674/3674/3674 3677/3677/3677 3671/3671/3671
f 3674/3674/3674 3671/3671/3671 3670/3670/3670
f 3672/3672/3672 3675/3675/3675 3678/3678/3678
f 3672/3672/3672 3678/3678/3678 3679/3679/3679
f 3679/3679/3679 3678/3678/3678 3680/3680/3680
f 3679/3679/3679 3680/3680/3680 3681/3681/3681
f 3675/3675/3675 3665/3665/3665 3664/3664/3664
f 3675/3675/3675 3664/3664/3664 3678/3678/3678
f 3678/3678/3678 3664/3664/3664 3667/3667/3667
f 3678/3678/3678 3667/3667/3667 3680/3680/3680
f 3672/3672/3672 3679/3679/3679 3682/3682/3682
f 3672/3672/3672 3682/3682/3682 3683/3683/3683
f 3683/3683/3683 3682/3682/3682 3684/3684/3684
f 3683/3683/3683 3684/3684/3684 3685/3685/3685
f 3679/3679/3679 3681/3681/3681 3686/3686/3686
f 3679/3679/3679 3686/3686/3686 3682/3682/3682
f 3682/3682/3682 3686/3686/3686 3687/3687/3687
f 3682/3682/3682 3687/3687/3687 3684/3684/3684
f 3672/3672/3672 3683/3683/3683 3688/3688/3688
f 3672/3672/3672 3688/3688/3688 3673/3673/3673
f 3673/3673/3673 3688/3688/3688 3689/3689/3689
f 3673/3673/3673 3689/3689/3689 3676/3676/3676
f 3683/3683/3683 3685/3685/3685 3690/3690/3690
f 3683/3683/3683 3690/3690/3690 3688/3688/3688
f 3688/3688/3688 3690/3690/3690 3691/3691/3691
f 3688/3688/3688 3691/3691/3691 3689/3689/3689
f 3692/3692/3692 3693/3693/3693 3694/3694/3694
f 3692/3692/3692 3694/3694/3694 3695/3695/3695
f 3695/3695/3695 3694/3694/3694 3696/3696/3696
f 3695/3695/3695 3696/3696/3696 3697/3697/3697
f 3693/3693/3693 3698/3698/3698 3699/3699/3699
f 3693/3693/3693 3699/3699/3699 3694/3694/3694
f 3694/3694/3694 3699/3699/3699 3700/3700/3700
f 3694/3694/3694 3700/3700/3700 3696/3696/3696
f 3692/3692/3692 3695/3695/3695 3701/3701/3701
f 3692/3692/3692 3701/3701/3701 3702/3702/3702
f 3702/3702/3702 3701/3701/3701 3703/3703/3703
f 3702/3702/3702 3703/3703/3703 3704/3704/3704
f 3695/3695/3695 3697/3697/3697 3705/3705/3705
f 3695/3695/3695 3705/3705/3705 3701/3701/3701
f 3701/3701/3701 3705/3705/3705 3706/3706/3706
f 3701/3701/3701 3706/3706/3706 3703/3703/3703
f 3692/3692/3692 3702/3702/3702 3707/3707/3707
f 3692/3692/3692 3707/3707/3707 3708/3708/3708
f 3708/3708/3708 3707/3707/3707 3709/3709/3709
f 3708/3708/3708 3709/3709/3709 3710/3710/3710
f 3702/3702/3702 3704/3704/3704 3711/3711/3711
f 3702/3702/3702 3711/3711/3711 3707/3707/3707
f 3707/3707/3707 3711/3711/3711 3712/3712/3712
f 3707/3707/3707 3712/3712/3712 3709/3709/3709
f 3692/3692/3692 3708/3708/3708 3713/3713/3713
f 3692/3692/3692 3713/3713/3713 3693/3693/3693
f 3693/3693/3693 3713/3713/3713 3714/3714/3714
f 3693/3693/3693 3714/3714/3714 3698/3698/3698
f 3708/3708/3708 3710/3710/3710 3715/3715/3715
f 3708/3708/3708 3715/3715/3715 3713/3713/3713
f 3713/3713/3713 3715/3715/3715 3716/3716/3716
f 3713/3713/3713 3716/3716/3716 3714/3714/3714
f 3717/3717/3717 3718/3718/3718 3719/3719/3719
f 3717/3717/3717 3719/3719/3719 3720/3720/3720
f 3720/3720/3720 3719/3719/3719 3715/3715/3715
f 3720/3720/3720 3715/3715/3715 3710/3710/3710
f 3718/3718/3718 3721/3721/3721 3722/3722/3722
f 3718/3718/3718 3722/3722/3722 3719/3719/3719
f 3719/3719/3719 3722/3722/3722 3716/3716/3716
f 3719/3719/3719 3716/3716/3716 3715/3715/3715
f 3717/3717/3717 3720/3720/3720 3723/3723/3723
f 3717/3717/3717 3723/3723/3723 3724/3724/3724
f 3724/3724/3724 3723/3723/3723 3725/3725/3725
f 3724/3724/3724 3725/3725/3725 3726/3726/3726
f 3720/3720/3720 3710/3710/3710 3709/3709/3709
f 3720/3720/3720 3709/3709/3709 3723/3723/3723
f 3723/3723/3723 3709/3709/3709 3712/3712/3712
f 3723/3723/3723 3712/3712/3712 3725/3725/3725
f 3717/3717/3717 3724/3724/3724 3727/3727/3727
f 3717/3717/3717 3727/3727/3727 3728/3728/3728
f 3728/3728/3728 3727/3727/3727 3729/3729/3729
f 3728/3728/3728 3729/3729/3729 3730/3730/3730
f 3724/3724/3724 3726/3726/3726 3731/3731/3731
f 3724/3724/3724 3731/3731/3731 3727/3727/3727
f 3727/3727/3727 3731/3731/3731 3732/3732/3732
f 3727/3727/3727 3732/3732/3732 3729/3729/3729
f 3717/3717/3717 3728/3728/3728 3733/3733/3733
f 3717/3717/3717 3733/3733/3733 3718/3718/3718
f 3718/3718/3718 3733/3733/3733 3734/3734/3734
f 3718/3718/3718 3734/3734/3734 3721/3721/3721
f 3728/3728/3728 3730/3730/3730 3735/3735/3735
f 3728/3728/3728 3735/3735/3735 3733/3733/3733
f 3733/3733/3733 3735/3735/3735 3736/3736/3736
f 3733/3733/3733 3736/3736/3736 3734/3734/3734
f 3737/3737/3737 3738/3738/3738 3739/3739/3739
f 3737/3737/3737 3739/3739/3739 3740/3740/3740
f 3740/3740/3740 3739/3739/3739 3735/3735/3735
f 3740/3740/3740 3735/3735/3735 3730/3730/3730
f 3738/3738/3738 3741/3741/3741 3742/3742/3742
f 3738/3738/3738 3742/3742/3742 3739/3739/3739
f 3739/3739/3739 3742/3742/3742 3736/3736/3736
f 3739/3739/3739 3736/3736/3736 3735/3735/3735
f 3737/3737/3737 3740/3740/3740 3743/3743/3743
f 3737/3737/3737 3743/3743/3743 3744/3744/3744
f 3744/3744/3744 3743/3743/3743 3745/3745/3745
f 3744/3744/3744 3745/3745/3745 3746/3746/3746
f 3740/3740/3740 3730/3730/3730 3729/3729/3729
f 3740/3740/3740 3729/3729/3729 3743/3743/3743
f 3743/3743/3743 3729/3729/3729 3732/3732/3732
f 3743/3743/3743 3732/3732/3732 3745/3745/3745
f 3737/3737/3737 3744/3744/3744 3747/3747/3747
f 3737/3737/3737 3747/3747/3747 3748/3748/3748
f 3748/3748/3748 3747/3747/3747 3749/3749/3749
f 3748/3748/3748 3749/3749/3749 3750/3750/3750
f 3744/3744/3744 3746/3746/3746 3751/3751/3751
f 3744/3744/3744 3751/3751/3751 3747/3747/3747
f 3747/3747/3747 3751/3751/3751 3752/3752/3752
f 3747/3747/3747 3752/3752/3752 3749/3749/3749
f 3737/3737/3737 3748/3748/3748 3753/3753/3753
f 3737/3737/3737 3753/3753/3753 3738/3738/3738
f 3738/3738/3738 3753/3753/3753 3754/3754/3754
f 3738/3738/3738 3754/3754/3754 3741/3741/3741
f 3748/3748/3748 3750/3750/3750 3755/3755/3755
f 3748/3748/3748 3755/3755/3755 3753/3753/3753
f 3753/3753/3753 3755/3755/3755 3756/3756/3756
f 3753/3753/3753 3756/3756/3756 3754/3754/3754
f 3757/3757/3757 3758/3758/3758 3759/3759/3759
f 3757/3757/3757 3759/3759/3759 3760/3760/3760
f 3760/3760/3760 3759/3759/3759 3755/3755/3755
f 3760/3760/3760 3755/3755/3755 3750/3750/3750
f 3758/3758/3758 3761/3761/3761 3762/3762/3762
f 3758/3758/3758 3762/3762/3762 3759/3759/3759
f 3759/3759/3759 3762/3762/3762 3756/3756/3756
f 3759/3759/3759 3756/3756/3756 3755/3755/3755
f 3757/3757/3757 3760/3760/3760 3763/3763/3763
f 3757/3757/3757 3763/3763/3763 3764/3764/3764
f 3764/3764/3764 3763/3763/3763 3765/3765/3765
f 3764/3764/3764 3765/3765/3765 3766/3766/3766
f 3760/3760/3760 3750/3750/3750 3749/3749/3749
f 3760/3760/3760 3749/3749/3749 3763/3763/3763
f 3763/3763/3763 3749/3749/3749 3752/3752/3752
f 3763/3763/3763 3752/3752/3752 3765/3765/3765
f 3757/3757/3757 3764/3764/3764 3767/3767/3767
f 3757/3757/3757 3767/3767/3767 3768/3768/3768
f 3768/3768/3768 3767/3767/3767 3769/3769/3769
f 3768/3768/3768 3769/3769/3769 3770/3770/3770
f 3764/3764/3764 3766/3766/3766 3771/3771/3771
f 3764/3764/3764 3771/3771/3771 3767/3767/3767
f 3767/3767/3767 3771/3771/3771 3772/3772/3772
f 3767/3767/3767 3772/3772/3772 3769/3769/3769
f 3757/3757/3757 3768/3768/3768 3773/3773/3773
f 3757/3757/3757 3773/3773/3773 3758/3758/3758
f 3758/3758/3758 3773/3773/3773 3774/3774/3774
f 3758/3758/3758 3774/3774/3774 3761/3761/3761
f 3768/3768/3768 3770/3770/3770 3775/3775/3775
f 3768/3768/3768 3775/3775/3775 3773/3773/3773
f 3773/3773/3773 3775/3775/3775 3776/3776/3776
f 3773/3773/3773 3776/3776/3776 3774/3774/3774
f 3777/3777/3777 3778/3778/3778 3779/3779/3779
f 3777/3777/3777 3779/3779/3779 3780/3780/3780
f 3780/3780/3780 3779/3779/3779 3775/3775/3775
f 3780/3780/3780 3775/3775/3775 3770/3770/3770
f 3778/3778/3778 3781/3781/3781 3782/3782/3782
f 3778/3778/3778 3782/3782/3782 3779/3779/3779
f 3779/3779/3779 3782/3782/3782 3776/3776/3776
f 3779/3779/3779 3776/3776/3776 3775/3775/3775
f 3777/3777/3777 3780/3780/3780 3783/3783/3783
f 3777/3777/3777 3783/3783/3783 3784/3784/3784
f 3784/3784/3784 3783/3783/3783 3785/3785/3785
f 3784/3784/3784 3785/3785/3785 3786/3786/3786
f 3780/3780/3780 3770/3770/3770 3769/3769/3769
f 3780/3780/3780 3769/3769/3769 3783/3783/3783
f 3783/3783/3783 3769/3769/3769 3772/3772/3772
f 3783/3783/3783 3772/3772/3772 3785/3785/3785
f 3777/3777/3777 3784/3784/3784 3787/3787/3787
f 3777/3777/3777 3787/3787/3787 3788/3788/3788
f 3788/3788/3788 3787/3787/3787 3789/3789/3789
f 3788/3788/3788 3789/3789/3789 3790/3790/3790
f 3784/3784/3784 3786/3786/3786 3791/3791/3791
f 3784/3784/3784 3791/3791/3791 3787/3787/3787
f 3787/3787/3787 3791/3791/3791 3792/3792/3792
f 3787/3787/3787 3792/3792/3792 3789/3789/3789
f 3777/3777/3777 3788/3788/3788 3793/3793/3793
f 3777/3777/3777 3793/3793/3793 3778/3778/3778
f 3778/3778/3778 3793/3793/3793 3794/3794/3794
f 3778/3778/3778 3794/3794/3794 3781/3781/3781
f 3788/3788/3788 3790/3790/3790 3795/3795/3795
f 3788/3788/3788 3795/3795/3795 3793/3793/3793
f 3793/3793/3793 3795/3795/3795 3796/3796/3796
f 3793/3793/3793 3796/3796/3796 3794/3794/3794
f 3797/3797/3797 3798/3798/3798 3799/3799/3799
f 3797/3797/3797 3799/3799/3799 3800/3800/3800
f 3800/3800/3800 3799/3799/3799 3795/3795/3795
f 3800/3800/3800 3795/3795/3795 3790/3790/3790
f 3798/3798/3798 3801/3801/3801 3802/3802/3802
f 3798/3798/3798 3802/3802/3802 3799/3799/3799
f 3799/3799/3799 3802/3802/3802 3796/3796/3796
f 3799/3799/3799 3796/3796/3796 3795/3795/3795
f 3797/3797/3797 3800/3800/3800 3803/3803/3803
f 3797/3797/3797 3803/3803/3803 3804/3804/3804
f 3804/3804/3804 3803/3803/3803 3805/3805/3805
f 3804/3804/3804 3805/3805/3805 3806/3806/3806
f 3800/3800/3800 3790/3790/3790 3789/3789/3789
f 3800/3800/3800 3789/3789/3789 3803/3803/3803
f 3803/3803/3803 3789/3789/3789 3792/3792/3792
f 3803/3803/3803 3792/3792/3792 3805/3805/3805
f 3797/3797/3797 3804/3804/3804 3807/3807/3807
f 3797/3797/3797 3807/3807/3807 3808/3808/3808
f 3808/3808/3808 3807/3807/3807 3809/3809/3809
f 3808/3808/3808 3809/3809/3809 3810/3810/3810
f 3804/3804/3804 3806/3806/3806 3811/3811/3811
f 3804/3804/3804 3811/3811/3811 3807/3807/3807
f 3807/3807/3807 3811/3811/3811 3812/3812/3812
f 3807/3807/3807 3812/3812/3812 3809/3809/3809
f 3797/3797/3797 3808/3808/3808 3813/3813/3813
f 3797/3797/3797 3813/3813/3813 3798/3798/3798
f 3798/3798/3798 3813/3813/3813 3814/3814/3814
f 3798/3798/3798 3814/3814/3814 3801/3801/3801
f 3808/3808/3808 3810/3810/3810 3815/3815/3815
f 3808/3808/3808 3815/3815/3815 3813/3813/3813
f 3813/3813/3813 3815/3815/3815 3816/3816/3816
f 3813/3813/3813 3816/3816/3816 3814/3814/3814
f 3817/3817/3817 3818/3818/3818 3819/3819/3819
f 3817/3817/3817 3819/3819/3819 3820/3820/3820
f 3820/3820/3820 3819/3819/3819 3815/3815/3815
f 3820/3820/3820 3815/3815/3815 3810/3810/3810
f 3818/3818/3818 3821/3821/3821 3822/3822/3822
f 3818/3818/3818 3822/3822/3822 3819/3819/3819
f 3819/3819/3819 3822/3822/3822 3816/3816/3816
f 3819/3819/3819 3816/3816/3816 3815/3815/3815
f 3817/3817/3817 3820/3820/3820 3823/3823/3823
f 3817/3817/3817 3823/3823/3823 3824/3824/3824
f 3824/3824/3824 3823/3823/3823 3825/3825/3825
f 3824/3824/3824 3825/3825/3825 3826/3826/3826
f 3820/3820/3820 3810/3810/3810 3809/3809/3809
f 3820/3820/3820 3809/3809/3809 3823/3823/3823
f 3823/3823/3823 3809/3809/3809 3812/3812/3812
f 3823/3823/3823 3812/3812/3812 3825/3825/3825
f 3817/3817/3817 3824/3824/3824 3827/3827/3827
f 3817/3817/3817 3827/3827/3827 3828/3828/3828
f 3828/3828/3828 3827/3827/3827 3829/3829/3829
f 3828/3828/3828 3829/3829/3829 3830/3830/3830
f 3824/3824/3824 3826/3826/3826 3831/3831/3831
f 3824/3824/3824 3831/3831/3831 3827/3827/3827
f 3827/3827/3827 3831/3831/3831 3832/3832/3832
f 3827/3827/3827 3832/3832/3832 3829/3829/3829
f 3817/3817/3817 3828/3828/3828 3833/3833/3833
f 3817/3817/3817 3833/3833/3833 3818/3818/3818
f 3818/3818/3818 3833/3833/3833 3834/3834/3834
f 3818/3818/3818 3834/3834/3834 3821/3821/3821
f 3828/3828/3828 3830/3830/3830 3835/3835/3835
f 3828/3828/3828 3835/3835/3835 3833/3833/3833
f 3833/3833/3833 3835/3835/3835 3836/3836/3836
f 3833/3833/3833 3836/3836/3836 3834/3834/3834
f 3837/3837/3837 3838/3838/3838 3839/3839/3839
f 3837/3837/3837 3839/3839/3839 3840/3840/3840
f 3840/3840/3840 3839/3839/3839 3835/3835/3835
f 3840/3840/3840 3835/3835/3835 3830/3830/3830
f 3838/3838/3838 3841/3841/3841 3842/3842/3842
f 3838/3838/3838 3842/3842/3842 3839/3839/3839
f 3839/3839/3839 3842/3842/3842 3836/3836/3836
f 3839/3839/3839 3836/3836/3836 3835/3835/3835
f 3837/3837/3837 3840/3840/3840 3843/3843/3843
f 3837/3837/3837 3843/3843/3843 3844/3844/3844
f 3844/3844/3844 3843/3843/3843 3845/3845/3845
f 3844/3844/3844 3845/3845/3845 3846/3846/3846
f 3840/3840/3840 3830/3830/3830 3829/3829/3829
f 3840/3840/3840 3829/3829/3829 3843/3843/3843
f 3843/3843/3843 3829/3829/3829 3832/3832/3832
f 3843/3843/3843 3832/3832/3832 3845/3845/3845
f 3837/3837/3837 3844/3844/3844 3847/3847/3847
f 3837/3837/3837 3847/3847/3847 3848/3848/3848
f 3848/3848/3848 3847/3847/3847 3849/3849/3849
f 3848/3848/3848 3849/3849/3849 3850/3850/3850
f 3844/3844/3844 3846/3846/3846 3851/3851/3851
f 3844/3844/3844 3851/3851/3851 3847/3847/3847
f 3847/3847/3847 3851/3851/3851 3852/3852/3852
f 3847/3847/3847 3852/3852/3852 3849/3849/3849
f 3837/3837/3837 3848/3848/3848 3853/3853/3853
f 3837/3837/3837 3853/3853/3853 3838/3838/3838
f 3838/3838/3838 3853/3853/3853 3854/3854/3854
f 3838/3838/3838 3854/3854/3854 3841/3841/3841
f 3848/3848/3848 3850/3850/3850 3855/3855/3855
f 3848/3848/3848 3855/3855/3855 3853/3853/3853
f 3853/3853/3853 3855/3855/3855 3856/3856/3856
f 3853/3853/3853 3856/3856/3856 3854/3854/3854
f 3857/3857/3857 3858/3858/3858 3859/3859/3859
f 3857/3857/3857 3859/3859/3859 3860/3860/3860
f 3860/3860/3860 3859/3859/3859 3855/3855/3855
f 3860/3860/3860 3855/3855/3855 3850/3850/3850
f 3858/3858/3858 3861/3861/3861 3862/3862/3862
f 3858/3858/3858 3862/3862/3862 3859/3859/3859
f 3859/3859/3859 3862/3862/3862 3856/3856/3856
f 3859/3859/3859 3856/3856/3856 3855/3855/3855
f 3857/3857/3857 3860/3860/3860 3863/3863/3863
f 3857/3857/3857 3863/3863/3863 3864/3864/3864
f 3864/3864/3864 3863/3863/3863 3865/3865/3865
f 3864/3864/3864 3865/3865/3865 3866/3866/3866
f 3860/3860/3860 3850/3850/3850 3849/3849/3849
f 3860/3860/3860 3849/3849/3849 3863/3863/3863
f 3863/3863/3863 3849/3849/3849 3852/3852/3852
f 3863/3863/3863 3852/3852/3852 3865/3865/3865
f 3857/3857/3857 3864/3864/3864 3867/3867/3867
f 3857/3857/3857 3867/3867/3867 3868/3868/3868
f 3868/3868/3868 3867/3867/3867 3640/3640/3640
f 3868/3868/3868 3640/3640/3640 3632/3632/3632
f 3864/3864/3864 3866/3866/3866 3869/3869/3869
f 3864/3864/3864 3869/3869/3869 3867/3867/3867
f 3867/3867/3867 3869/3869/3869 3641/3641/3641
f 3867/3867/3867 3641/3641/3641 3640/3640/3640
f 3857/3857/3857 3868/3868/3868 3870/3870/3870
f 3857/3857/3857 3870/3870/3870 3858/3858/3858
f 3858/3858/3858 3870/3870/3870 3871/3871/3871
f 3858/3858/3858 3871/3871/3871 3861/3861/3861
f 3868/3868/3868 3632/3632/3632 3631/3631/3631
f 3868/3868/3868 3631/3631/3631 3870/3870/3870
f 3870/3870/3870 3631/3631/3631 3635/3635/3635
f 3870/3870/3870 3635/3635/3635 3871/3871/3871
f 3872/3872/3872 3873/3873/3873 3874/3874/3874
f 3872/3872/3872 3874/3874/3874 3875/3875/3875
f 3875/3875/3875 3874/3874/3874 3876/3876/3876
f 3875/3875/3875 3876/3876/3876 3877/3877/3877
f 3873/3873/3873 3639/3639/3639 3638/3638/3638
f 3873/3873/3873 3638/3638/3638 3874/3874/3874
f 3874/3874/3874 3638/3638/3638 3641/3641/3641
f 3874/3874/3874 3641/3641/3641 3876/3876/3876
f 3872/3872/3872 3875/3875/3875 3878/3878/3878
f 3872/3872/3872 3878/3878/3878 3879/3879/3879
f 3879/3879/3879 3878/3878/3878 3880/3880/3880
f 3879/3879/3879 3880/3880/3880 3881/3881/3881
f 3875/3875/3875 3877/3877/3877 3882/3882/3882
f 3875/3875/3875 3882/3882/3882 3878/3878/3878
f 3878/3878/3878 3882/3882/3882 3883/3883/3883
f 3878/3878/3878 3883/3883/3883 3880/3880/3880
f 3872/3872/3872 3879/3879/3879 3884/3884/3884
f 3872/3872/3872 3884/3884/3884 3885/3885/3885
f 3885/3885/3885 3884/3884/3884 3886/3886/3886
f 3885/3885/3885 3886/3886/3886 3887/3887/3887
f 3879/3879/3879 3881/3881/3881 3888/3888/3888
f 3879/3879/3879 3888/3888/3888 3884/3884/3884
f 3884/3884/3884 3888/3888/3888 3889/3889/3889
f 3884/3884/3884 3889/3889/3889 3886/3886/3886
f 3872/3872/3872 3885/3885/3885 3890/3890/3890
f 3872/3872/3872 3890/3890/3890 3873/3873/3873
f 3873/3873/3873 3890/3890/3890 3646/3646/3646
f 3873/3873/3873 3646/3646/3646 3639/3639/3639
f 3885/3885/3885 3887/3887/3887 3891/3891/3891
f 3885/3885/3885 3891/3891/3891 3890/3890/3890
f 3890/3890/3890 3891/3891/3891 3647/3647/3647
f 3890/3890/3890 3647/3647/3647 3646/3646/3646
f 3892/3892/3892 3893/3893/3893 3894/3894/3894
f 3892/3892/3892 3894/3894/3894 3895/3895/3895
f 3895/3895/3895 3894/3894/3894 3896/3896/3896
f 3895/3895/3895 3896/3896/3896 3897/3897/3897
f 3893/3893/3893 3881/3881/3881 3880/3880/3880
f 3893/3893/3893 3880/3880/3880 3894/3894/3894
f 3894/3894/3894 3880/3880/3880 3883/3883/3883
f 3894/3894/3894 3883/3883/3883 3896/3896/3896
f 3892/3892/3892 3895/3895/3895 3898/3898/3898
f 3892/3892/3892 3898/3898/3898 3899/3899/3899
f 3899/3899/3899 3898/3898/3898 3608/3608/3608
f 3899/3899/3899 3608/3608/3608 3607/3607/3607
f 3895/3895/3895 3897/3897/3897 3900/3900/3900
f 3895/3895/3895 3900/3900/3900 3898/3898/3898
f 3898/3898/3898 3900/3900/3900 3259/3259/3259
f 3898/3898/3898 3259/3259/3259 3608/3608/3608
f 3892/3892/3892 3899/3899/3899 3901/3901/3901
f 3892/3892/3892 3901/3901/3901 3902/3902/3902
f 3902/3902/3902 3901/3901/3901 3903/3903/3903
f 3902/3902/3902 3903/3903/3903 3904/3904/3904
f 3899/3899/3899 3607/3607/3607 3617/3617/3617
f 3899/3899/3899 3617/3617/3617 3901/3901/3901
f 3901/3901/3901 3617/3617/3617 3579/3579/3579
f 3901/3901/3901 3579/3579/3579 3903/3903/3903
f 3892/3892/3892 3902/3902/3902 3905/3905/3905
f 3892/3892/3892 3905/3905/3905 3893/3893/3893
f 3893/3893/3893 3905/3905/3905 3888/3888/3888
f 3893/3893/3893 3888/3888/3888 3881/3881/3881
f 3902/3902/3902 3904/3904/3904 3906/3906/3906
f 3902/3902/3902 3906/3906/3906 3905/3905/3905
f 3905/3905/3905 3906/3906/3906 3889/3889/3889
f 3905/3905/3905 3889/3889/3889 3888/3888/3888
f 3907/3907/3907 3908/3908/3908 3909/3909/3909
f 3907/3907/3907 3909/3909/3909 3910/3910/3910
f 3910/3910/3910 3909/3909/3909 3891/3891/3891
f 3910/3910/3910 3891/3891/3891 3887/3887/3887
f 3908/3908/3908 3661/3661/3661 3660/3660/3660
f 3908/3908/3908 3660/3660/3660 3909/3909/3909
f 3909/3909/3909 3660/3660/3660 3647/3647/3647
f 3909/3909/3909 3647/3647/3647 3891/3891/3891
f 3907/3907/3907 3910/3910/3910 3911/3911/3911
f 3907/3907/3907 3911/3911/3911 3912/3912/3912
f 3912/3912/3912 3911/3911/3911 3913/3913/3913
f 3912/3912/3912 3913/3913/3913 3914/3914/3914
f 3910/3910/3910 3887/3887/3887 3886/3886/3886
f 3910/3910/3910 3886/3886/3886 3911/3911/3911
f 3911/3911/3911 3886/3886/3886 3889/3889/3889
f 3911/3911/3911 3889/3889/3889 3913/3913/3913
f 3907/3907/3907 3912/3912/3912 3915/3915/3915
f 3907/3907/3907 3915/3915/3915 3916/3916/3916
f 3916/3916/3916 3915/3915/3915 3917/3917/3917
f 3916/3916/3916 3917/3917/3917 3918/3918/3918
f 3912/3912/3912 3914/3914/3914 3919/3919/3919
f 3912/3912/3912 3919/3919/3919 3915/3915/3915
f 3915/3915/3915 3919/3919/3919 3920/3920/3920
f 3915/3915/3915 3920/3920/3920 3917/3917/3917
f 3907/3907/3907 3916/3916/3916 3921/3921/3921
f 3907/3907/3907 3921/3921/3921 3908/3908/3908
f 3908/3908/3908 3921/3921/3921 3666/3666/3666
f 3908/3908/3908 3666/3666/3666 3661/3661/3661
f 3916/3916/3916 3918/3918/3918 3922/3922/3922
f 3916/3916/3916 3922/3922/3922 3921/3921/3921
f 3921/3921/3921 3922/3922/3922 3667/3667/3667
f 3921/3921/3921 3667/3667/3667 3666/3666/3666
f 3923/3923/3923 3924/3924/3924 3925/3925/3925
f 3923/3923/3923 3925/3925/3925 3926/3926/3926
f 3926/3926/3926 3925/3925/3925 3906/3906/3906
f 3926/3926/3926 3906/3906/3906 3904/3904/3904
f 3924/3924/3924 3914/3914/3914 3913/3913/3913
f 3924/3924/3924 3913/3913/3913 3925/3925/3925
f 3925/3925/3925 3913/3913/3913 3889/3889/3889
f 3925/3925/3925 3889/3889/3889 3906/3906/3906
f 3923/3923/3923 3926/3926/3926 3927/3927/3927
f 3923/3923/3923 3927/3927/3927 3928/3928/3928
f 3928/3928/3928 3927/3927/3927 3578/3578/3578
f 3928/3928/3928 3578/3578/3578 3577/3577/3577
f 3926/3926/3926 3904/3904/3904 3903/3903/3903
f 3926/3926/3926 3903/3903/3903 3927/3927/3927
f 3927/3927/3927 3903/3903/3903 3579/3579/3579
f 3927/3927/3927 3579/3579/3579 3578/3578/3578
f 3923/3923/3923 3928/3928/3928 3929/3929/3929
f 3923/3923/3923 3929/3929/3929 3930/3930/3930
f 3930/3930/3930 3929/3929/3929 3931/3931/3931
f 3930/3930/3930 3931/3931/3931 3932/3932/3932
f 3928/3928/3928 3577/3577/3577 3590/3590/3590
f 3928/3928/3928 3590/3590/3590 3929/3929/3929
f 3929/3929/3929 3590/3590/3590 3539/3539/3539
f 3929/3929/3929 3539/3539/3539 3931/3931/3931
f 3923/3923/3923 3930/3930/3930 3933/3933/3933
f 3923/3923/3923 3933/3933/3933 3924/3924/3924
f 3924/3924/3924 3933/3933/3933 3919/3919/3919
f 3924/3924/3924 3919/3919/3919 3914/3914/3914
f 3930/3930/3930 3932/3932/3932 3934/3934/3934
f 3930/3930/3930 3934/3934/3934 3933/3933/3933
f 3933/3933/3933 3934/3934/3934 3920/3920/3920
f 3933/3933/3933 3920/3920/3920 3919/3919/3919
f 3935/3935/3935 3936/3936/3936 3937/3937/3937
f 3935/3935/3935 3937/3937/3937 3938/3938/3938
f 3938/3938/3938 3937/3937/3937 3922/3922/3922
f 3938/3938/3938 3922/3922/3922 3918/3918/3918
f 3936/3936/3936 3681/3681/3681 3680/3680/3680
f 3936/3936/3936 3680/3680/3680 3937/3937/3937
f 3937/3937/3937 3680/3680/3680 3667/3667/3667
f 3937/3937/3937 3667/3667/3667 3922/3922/3922
f 3935/3935/3935 3938/3938/3938 3939/3939/3939
f 3935/3935/3935 3939/3939/3939 3940/3940/3940
f 3940/3940/3940 3939/3939/3939 3941/3941/3941
f 3940/3940/3940 3941/3941/3941 3942/3942/3942
f 3938/3938/3938 3918/3918/3918 3917/3917/3917
f 3938/3938/3938 3917/3917/3917 3939/3939/3939
f 3939/3939/3939 3917/3917/3917 3920/3920/3920
f 3939/3939/3939 3920/3920/3920 3941/3941/3941
f 3935/3935/3935 3940/3940/3940 3943/3943/3943
f 3935/3935/3935 3943/3943/3943 3944/3944/3944
f 3944/3944/3944 3943/3943/3943 3945/3945/3945
f 3944/3944/3944 3945/3945/3945 3946/3946/3946
f 3940/3940/3940 3942/3942/3942 3947/3947/3947
f 3940/3940/3940 3947/3947/3947 3943/3943/3943
f 3943/3943/3943 3947/3947/3947 3948/3948/3948
f 3943/3943/3943 3948/3948/3948 3945/3945/3945
f 3935/3935/3935 3944/3944/3944 3949/3949/3949
f 3935/3935/3935 3949/3949/3949 3936/3936/3936
f 3936/3936/3936 3949/3949/3949 3686/3686/3686
f 3936/3936/3936 3686/3686/3686 3681/3681/3681
f 3944/3944/3944 3946/3946/3946 3950/3950/3950
f 3944/3944/3944 3950/3950/3950 3949/3949/3949
f 3949/3949/3949 3950/3950/3950 3687/3687/3687
f 3949/3949/3949 3687/3687/3687 3686/3686/3686
f 3951/3951/3951 3952/3952/3952 3953/3953/3953
f 3951/3951/3951 3953/3953/3953 3954/3954/3954
f 3954/3954/3954 3953/3953/3953 3934/3934/3934
f 3954/3954/3954 3934/3934/3934 3932/3932/3932
f 3952/3952/3952 3942/3942/3942 3941/3941/3941
f 3952/3952/3952 3941/3941/3941 3953/3953/3953
f 3953/3953/3953 3941/3941/3941 3920/3920/3920
f 3953/3953/3953 3920/3920/3920 3934/3934/3934
f 3951/3951/3951 3954/3954/3954 3955/3955/3955
f 3951/3951/3951 3955/3955/3955 3956/3956/3956
f 3956/3956/3956 3955/3955/3955 3538/3538/3538
f 3956/3956/3956 3538/3538/3538 3537/3537/3537
f 3954/3954/3954 3932/3932/3932 3931/3931/3931
f 3954/3954/3954 3931/3931/3931 3955/3955/3955
f 3955/3955/3955 3931/3931/3931 3539/3539/3539
f 3955/3955/3955 3539/3539/3539 3538/3538/3538
f 3951/3951/3951 3956/3956/3956 3957/3957/3957
f 3951/3951/3951 3957/3957/3957 3958/3958/3958
f 3958/3958/3958 3957/3957/3957 3959/3959/3959
f 3958/3958/3958 3959/3959/3959 3960/3960/3960
f 3956/3956/3956 3537/3537/3537 3553/3553/3553
f 3956/3956/3956 3553/3553/3553 3957/3957/3957
f 3957/3957/3957 3553/3553/3553 3555/3555/3555
f 3957/3957/3957 3555/3555/3555 3959/3959/3959
f 3951/3951/3951 3958/3958/3958 3961/3961/3961
f 3951/3951/3951 3961/3961/3961 3952/3952/3952
f 3952/3952/3952 3961/3961/3961 3947/3947/3947
f 3952/3952/3952 3947/3947/3947 3942/3942/3942
f 3958/3958/3958 3960/3960/3960 3962/3962/3962
f 3958/3958/3958 3962/3962/3962 3961/3961/3961
f 3961/3961/3961 3962/3962/3962 3948/3948/3948
f 3961/3961/3961 3948/3948/3948 3947/3947/3947
f 3963/3963/3963 3964/3964/3964 3965/3965/3965
f 3963/3963/3963 3965/3965/3965 3966/3966/3966
f 3966/3966/3966 3965/3965/3965 3967/3967/3967
f 3966/3966/3966 3967/3967/3967 3968/3968/3968
f 3964/3964/3964 3704/3704/3704 3703/3703/3703
f 3964/3964/3964 3703/3703/3703 3965/3965/3965
f 3965/3965/3965 3703/3703/3703 3706/3706/3706
f 3965/3965/3965 3706/3706/3706 3967/3967/3967
f 3963/3963/3963 3966/3966/3966 3969/3969/3969
f 3963/3963/3963 3969/3969/3969 3970/3970/3970
f 3970/3970/3970 3969/3969/3969 3971/3971/3971
f 3970/3970/3970 3971/3971/3971 3972/3972/3972
f 3966/3966/3966 3968/3968/3968 3973/3973/3973
f 3966/3966/3966 3973/3973/3973 3969/3969/3969
f 3969/3969/3969 3973/3973/3973 3974/3974/3974
f 3969/3969/3969 3974/3974/3974 3971/3971/3971
f 3963/3963/3963 3970/3970/3970 3975/3975/3975
f 3963/3963/3963 3975/3975/3975 3976/3976/3976
f 3976/3976/3976 3975/3975/3975 3977/3977/3977
f 3976/3976/3976 3977/3977/3977 3978/3978/3978
f 3970/3970/3970 3972/3972/3972 3979/3979/3979
f 3970/3970/3970 3979/3979/3979 3975/3975/3975
f 3975/3975/3975 3979/3979/3979 3980/3980/3980
f 3975/3975/3975 3980/3980/3980 3977/3977/3977
f 3963/3963/3963 3976/3976/3976 3981/3981/3981
f 3963/3963/3963 3981/3981/3981 3964/3964/3964
f 3964/3964/3964 3981/3981/3981 3711/3711/3711
f 3964/3964/3964 3711/3711/3711 3704/3704/3704
f 3976/3976/3976 3978/3978/3978 3982/3982/3982
f 3976/3976/3976 3982/3982/3982 3981/3981/3981
f 3981/3981/3981 3982/3982/3982 3712/3712/3712
f 3981/3981/3981 3712/3712/3712 3711/3711/3711
f 3983/3983/3983 3984/3984/3984 3985/3985/3985
f 3983/3983/3983 3985/3985/3985 3986/3986/3986
f 3986/3986/3986 3985/3985/3985 3987/3987/3987
f 3986/3986/3986 3987/3987/3987 3988/3988/3988
f 3984/3984/3984 3972/3972/3972 3971/3971/3971
f 3984/3984/3984 3971/3971/3971 3985/3985/3985
f 3985/3985/3985 3971/3971/3971 3974/3974/3974
f 3985/3985/3985 3974/3974/3974 3987/3987/3987
f 3983/3983/3983 3986/3986/3986 3989/3989/3989
f 3983/3983/3983 3989/3989/3989 3990/3990/3990
f 3990/3990/3990 3989/3989/3989 3506/3506/3506
f 3990/3990/3990 3506/3506/3506 3505/3505/3505
f 3986/3986/3986 3988/3988/3988 3991/3991/3991
f 3986/3986/3986 3991/3991/3991 3989/3989/3989
f 3989/3989/3989 3991/3991/3991 3507/3507/3507
f 3989/3989/3989 3507/3507/3507 3506/3506/3506
f 3983/3983/3983 3990/3990/3990 3992/3992/3992
f 3983/3983/3983 3992/3992/3992 3993/3993/3993
f 3993/3993/3993 3992/3992/3992 3994/3994/3994
f 3993/3993/3993 3994/3994/3994 3995/3995/3995
f 3990/3990/3990 3505/3505/3505 3518/3518/3518
f 3990/3990/3990 3518/3518/3518 3992/3992/3992
f 3992/3992/3992 3518/3518/3518 3475/3475/3475
f 3992/3992/3992 3475/3475/3475 3994/3994/3994
f 3983/3983/3983 3993/3993/3993 3996/3996/3996
f 3983/3983/3983 3996/3996/3996 3984/3984/3984
f 3984/3984/3984 3996/3996/3996 3979/3979/3979
f 3984/3984/3984 3979/3979/3979 3972/3972/3972
f 3993/3993/3993 3995/3995/3995 3997/3997/3997
f 3993/3993/3993 3997/3997/3997 3996/3996/3996
f 3996/3996/3996 3997/3997/3997 3980/3980/3980
f 3996/3996/3996 3980/3980/3980 3979/3979/3979
f 3998/3998/3998 3999/3999/3999 4000/4000/4000
f 3998/3998/3998 4000/4000/4000 4001/4001/4001
f 4001/4001/4001 4000/4000/4000 3982/3982/3982
f 4001/4001/4001 3982/3982/3982 3978/3978/3978
f 3999/3999/3999 3726/3726/3726 3725/3725/3725
f 3999/3999/3999 3725/3725/3725 4000/4000/4000
f 4000/4000/4000 3725/3725/3725 3712/3712/3712
f 4000/4000/4000 3712/3712/3712 3982/3982/3982
f 3998/3998/3998 4001/4001/4001 4002/4002/4002
f 3998/3998/3998 4002/4002/4002 4003/4003/4003
f 4003/4003/4003 4002/4002/4002 4004/4004/4004
f 4003/4003/4003 4004/4004/4004 4005/4005/4005
f 4001/4001/4001 3978/3978/3978 3977/3977/3977
f 4001/4001/4001 3977/3977/3977 4002/4002/4002
f 4002/4002/4002 3977/3977/3977 3980/3980/3980
f 4002/4002/4002 3980/3980/3980 4004/4004/4004
f 3998/3998/3998 4003/4003/4003 4006/4006/4006
f 3998/3998/3998 4006/4006/4006 4007/4007/4007
f 4007/4007/4007 4006/4006/4006 4008/4008/4008
f 4007/4007/4007 4008/4008/4008 4009/4009/4009
f 4003/4003/4003 4005/4005/4005 4010/4010/4010
f 4003/4003/4003 4010/4010/4010 4006/4006/4006
f 4006/4006/4006 4010/4010/4010 4011/4011/4011
f 4006/4006/4006 4011/4011/4011 4008/4008/4008
f 3998/3998/3998 4007/4007/4007 4012/4012/4012
f 3998/3998/3998 4012/4012/4012 3999/3999/3999
f 3999/3999/3999 4012/4012/4012 3731/3731/3731
f 3999/3999/3999 3731/3731/3731 3726/3726/3726
f 4007/4007/4007 4009/4009/4009 4013/4013/4013
f 4007/4007/4007 4013/4013/4013 4012/4012/4012
f 4012/4012/4012 4013/4013/4013 3732/3732/3732
f 4012/4012/4012 3732/3732/3732 3731/3731/3731
f 4014/4014/4014 4015/4015/4015 4016/4016/4016
f 4014/4014/4014 4016/4016/4016 4017/4017/4017
f 4017/4017/4017 4016/4016/4016 3997/3997/3997
f 4017/4017/4017 3997/3997/3997 3995/3995/3995
f 4015/4015/4015 4005/4005/4005 4004/4004/4004
f 4015/4015/4015 4004/4004/4004 4016/4016/4016
f 4016/4016/4016 4004/4004/4004 3980/3980/3980
f 4016/4016/4016 3980/3980/3980 3997/3997/3997
f 4014/4014/4014 4017/4017/4017 4018/4018/4018
f 4014/4014/4014 4018/4018/4018 4019/4019/4019
f 4019/4019/4019 4018/4018/4018 3474/3474/3474
f 4019/4019/4019 3474/3474/3474 3473/3473/3473
f 4017/4017/4017 3995/3995/3995 3994/3994/3994
f 4017/4017/4017 3994/3994/3994 4018/4018/4018
f 4018/4018/4018 3994/3994/3994 3475/3475/3475
f 4018/4018/4018 3475/3475/3475 3474/3474/3474
f 4014/4014/4014 4019/4019/4019 4020/4020/4020
f 4014/4014/4014 4020/4020/4020 4021/4021/4021
f 4021/4021/4021 4020/4020/4020 4022/4022/4022
f 4021/4021/4021 4022/4022/4022 4023/4023/4023
f 4019/4019/4019 3473/3473/3473 3486/3486/3486
f 4019/4019/4019 3486/3486/3486 4020/4020/4020
f 4020/4020/4020 3486/3486/3486 3443/3443/3443
f 4020/4020/4020 3443/3443/3443 4022/4022/4022
f 4014/4014/4014 4021/4021/4021 4024/4024/4024
f 4014/4014/4014 4024/4024/4024 4015/4015/4015
f 4015/4015/4015 4024/4024/4024 4010/4010/4010
f 4015/4015/4015 4010/4010/4010 4005/4005/4005
f 4021/4021/4021 4023/4023/4023 4025/4025/4025
f 4021/4021/4021 4025/4025/4025 4024/4024/4024
f 4024/4024/4024 4025/4025/4025 4011/4011/4011
f 4024/4024/4024 4011/4011/4011 4010/4010/4010
f 4026/4026/4026 4027/4027/4027 4028/4028/4028
f 4026/4026/4026 4028/4028/4028 4029/4029/4029
f 4029/4029/4029 4028/4028/4028 4013/4013/4013
f 4029/4029/4029 4013/4013/4013 4009/4009/4009
f 4027/4027/4027 3746/3746/3746 3745/3745/3745
f 4027/4027/4027 3745/3745/3745 4028/4028/4028
f 4028/4028/4028 3745/3745/3745 3732/3732/3732
f 4028/4028/4028 3732/3732/3732 4013/4013/4013
f 4026/4026/4026 4029/4029/4029 4030/4030/4030
f 4026/4026/4026 4030/4030/4030 4031/4031/4031
f 4031/4031/4031 4030/4030/4030 4032/4032/4032
f 4031/4031/4031 4032/4032/4032 4033/4033/4033
f 4029/4029/4029 4009/4009/4009 4008/4008/4008
f 4029/4029/4029 4008/4008/4008 4030/4030/4030
f 4030/4030/4030 4008/4008/4008 4011/4011/4011
f 4030/4030/4030 4011/4011/4011 4032/4032/4032
f 4026/4026/4026 4031/4031/4031 4034/4034/4034
f 4026/4026/4026 4034/4034/4034 4035/4035/4035
f 4035/4035/4035 4034/4034/4034 4036/4036/4036
f 4035/4035/4035 4036/4036/4036 4037/4037/4037
f 4031/4031/4031 4033/4033/4033 4038/4038/4038
f 4031/4031/4031 4038/4038/4038 4034/4034/4034
f 4034/4034/4034 4038/4038/4038 4039/4039/4039
f 4034/4034/4034 4039/4039/4039 4036/4036/4036
f 4026/4026/4026 4035/4035/4035 4040/4040/4040
f 4026/4026/4026 4040/4040/4040 4027/4027/4027
f 4027/4027/4027 4040/4040/4040 3751/3751/3751
f 4027/4027/4027 3751/3751/3751 3746/3746/3746
f 4035/4035/4035 4037/4037/4037 4041/4041/4041
f 4035/4035/4035 4041/4041/4041 4040/4040/4040
f 4040/4040/4040 4041/4041/4041 3752/3752/3752
f 4040/4040/4040 3752/3752/3752 3751/3751/3751
f 4042/4042/4042 4043/4043/4043 4044/4044/4044
f 4042/4042/4042 4044/4044/4044 4045/4045/4045
f 4045/4045/4045 4044/4044/4044 4025/4025/4025
f 4045/4045/4045 4025/4025/4025 4023/4023/4023
f 4043/4043/4043 4033/4033/4033 4032/4032/4032
f 4043/4043/4043 4032/4032/4032 4044/4044/4044
f 4044/4044/4044 4032/4032/4032 4011/4011/4011
f 4044/4044/4044 4011/4011/4011 4025/4025/4025
f 4042/4042/4042 4045/4045/4045 4046/4046/4046
f 4042/4042/4042 4046/4046/4046 4047/4047/4047
f 4047/4047/4047 4046/4046/4046 3442/3442/3442
f 4047/4047/4047 3442/3442/3442 3441/3441/3441
f 4045/4045/4045 4023/4023/4023 4022/4022/4022
f 4045/4045/4045 4022/4022/4022 4046/4046/4046
f 4046/4046/4046 4022/4022/4022 3443/3443/3443
f 4046/4046/4046 3443/3443/3443 3442/3442/3442
f 4042/4042/4042 4047/4047/4047 4048/4048/4048
f 4042/4042/4042 4048/4048/4048 4049/4049/4049
f 4049/4049/4049 4048/4048/4048 4050/4050/4050
f 4049/4049/4049 4050/4050/4050 4051/4051/4051
f 4047/4047/4047 3441/3441/3441 3454/3454/3454
f 4047/4047/4047 3454/3454/3454 4048/4048/4048
f 4048/4048/4048 3454/3454/3454 3411/3411/3411
f 4048/4048/4048 3411/3411/3411 4050/4050/4050
f 4042/4042/4042 4049/4049/4049 4052/4052/4052
f 4042/4042/4042 4052/4052/4052 4043/4043/4043
f 4043/4043/4043 4052/4052/4052 4038/4038/4038
f 4043/4043/4043 4038/4038/4038 4033/4033/4033
f 4049/4049/4049 4051/4051/4051 4053/4053/4053
f 4049/4049/4049 4053/4053/4053 4052/4052/4052
f 4052/4052/4052 4053/4053/4053 4039/4039/4039
f 4052/4052/4052 4039/4039/4039 4038/4038/4038
f 4054/4054/4054 4055/4055/4055 4056/4056/4056
f 4054/4054/4054 4056/4056/4056 4057/4057/4057
f 4057/4057/4057 4056/4056/4056 4041/4041/4041
f 4057/4057/4057 4041/4041/4041 4037/4037/4037
f 4055/4055/4055 3766/3766/3766 3765/3765/3765
f 4055/4055/4055 3765/3765/3765 4056/4056/4056
f 4056/4056/4056 3765/3765/3765 3752/3752/3752
f 4056/4056/4056 3752/3752/3752 4041/4041/4041
f 4054/4054/4054 4057/4057/4057 4058/4058/4058
f 4054/4054/4054 4058/4058/4058 4059/4059/4059
f 4059/4059/4059 4058/4058/4058 4060/4060/4060
f 4059/4059/4059 4060/4060/4060 4061/4061/4061
f 4057/4057/4057 4037/4037/4037 4036/4036/4036
f 4057/4057/4057 4036/4036/4036 4058/4058/4058
f 4058/4058/4058 4036/4036/4036 4039/4039/4039
f 4058/4058/4058 4039/4039/4039 4060/4060/4060
f 4054/4054/4054 4059/4059/4059 4062/4062/4062
f 4054/4054/4054 4062/4062/4062 4063/4063/4063
f 4063/4063/4063 4062/4062/4062 4064/4064/4064
f 4063/4063/4063 4064/4064/4064 4065/4065/4065
f 4059/4059/4059 4061/4061/4061 4066/4066/4066
f 4059/4059/4059 4066/4066/4066 4062/4062/4062
f 4062/4062/4062 4066/4066/4066 4067/4067/4067
f 4062/4062/4062 4067/4067/4067 4064/4064/4064
f 4054/4054/4054 4063/4063/4063 4068/4068/4068
f 4054/4054/4054 4068/4068/4068 4055/4055/4055
f 4055/4055/4055 4068/4068/4068 3771/3771/3771
f 4055/4055/4055 3771/3771/3771 3766/3766/3766
f 4063/4063/4063 4065/4065/4065 4069/4069/4069
f 4063/4063/4063 4069/4069/4069 4068/4068/4068
f 4068/4068/4068 4069/4069/4069 3772/3772/3772
f 4068/4068/4068 3772/3772/3772 3771/3771/3771
f 4070/4070/4070 4071/4071/4071 4072/4072/4072
f 4070/4070/4070 4072/4072/4072 4073/4073/4073
f 4073/4073/4073 4072/4072/4072 4053/4053/4053
f 4073/4073/4073 4053/4053/4053 4051/4051/4051
f 4071/4071/4071 4061/4061/4061 4060/4060/4060
f 4071/4071/4071 4060/4060/4060 4072/4072/4072
f 4072/4072/4072 4060/4060/4060 4039/4039/4039
f 4072/4072/4072 4039/4039/4039 4053/4053/4053
f 4070/4070/4070 4073/4073/4073 4074/4074/4074
f 4070/4070/4070 4074/4074/4074 4075/4075/4075
f 4075/4075/4075 4074/4074/4074 3410/3410/3410
f 4075/4075/4075 3410/3410/3410 3409/3409/3409
f 4073/4073/4073 4051/4051/4051 4050/4050/4050
f 4073/4073/4073 4050/4050/4050 4074/4074/4074
f 4074/4074/4074 4050/4050/4050 3411/3411/3411
f 4074/4074/4074 3411/3411/3411 3410/3410/3410
f 4070/4070/4070 4075/4075/4075 4076/4076/4076
f 4070/4070/4070 4076/4076/4076 4077/4077/4077
f 4077/4077/4077 4076/4076/4076 4078/4078/4078
f 4077/4077/4077 4078/4078/4078 4079/4079/4079
f 4075/4075/4075 3409/3409/3409 3422/3422/3422
f 4075/4075/4075 3422/3422/3422 4076/4076/4076
f 4076/4076/4076 3422/3422/3422 3379/3379/3379
f 4076/4076/4076 3379/3379/3379 4078/4078/4078
f 4070/4070/4070 4077/4077/4077 4080/4080/4080
f 4070/4070/4070 4080/4080/4080 4071/4071/4071
f 4071/4071/4071 4080/4080/4080 4066/4066/4066
f 4071/4071/4071 4066/4066/4066 4061/4061/4061
f 4077/4077/4077 4079/4079/4079 4081/4081/4081
f 4077/4077/4077 4081/4081/4081 4080/4080/4080
f 4080/4080/4080 4081/4081/4081 4067/4067/4067
f 4080/4080/4080 4067/4067/4067 4066/4066/4066
f 4082/4082/4082 4083/4083/4083 4084/4084/4084
f 4082/4082/4082 4084/4084/4084 4085/4085/4085
f 4085/4085/4085 4084/4084/4084 4069/4069/4069
f 4085/4085/4085 4069/4069/4069 4065/4065/4065
f 4083/4083/4083 3786/3786/3786 3785/3785/3785
f 4083/4083/4083 3785/3785/3785 4084/4084/4084
f 4084/4084/4084 3785/3785/3785 3772/3772/3772
f 4084/4084/4084 3772/3772/3772 4069/4069/4069
f 4082/4082/4082 4085/4085/4085 4086/4086/4086
f 4082/4082/4082 4086/4086/4086 4087/4087/4087
f 4087/4087/4087 4086/4086/4086 4088/4088/4088
f 4087/4087/4087 4088/4088/4088 4089/4089/4089
f 4085/4085/4085 4065/4065/4065 4064/4064/4064
f 4085/4085/4085 4064/4064/4064 4086/4086/4086
f 4086/4086/4086 4064/4064/4064 4067/4067/4067
f 4086/4086/4086 4067/4067/4067 4088/4088/4088
f 4082/4082/4082 4087/4087/4087 4090/4090/4090
f 4082/4082/4082 4090/4090/4090 4091/4091/4091
f 4091/4091/4091 4090/4090/4090 4092/4092/4092
f 4091/4091/4091 4092/4092/4092 4093/4093/4093
f 4087/4087/4087 4089/4089/4089 4094/4094/4094
f 4087/4087/4087 4094/4094/4094 4090/4090/4090
f 4090/4090/4090 4094/4094/4094 4095/4095/4095
f 4090/4090/4090 4095/4095/4095 4092/4092/4092
f 4082/4082/4082 4091/4091/4091 4096/4096/4096
f 4082/4082/4082 4096/4096/4096 4083/4083/4083
f 4083/4083/4083 4096/4096/4096 3791/3791/3791
f 4083/4083/4083 3791/3791/3791 3786/3786/3786
f 4091/4091/4091 4093/4093/4093 4097/4097/4097
f 4091/4091/4091 4097/4097/4097 4096/4096/4096
f 4096/4096/4096 4097/4097/4097 3792/3792/3792
f 4096/4096/4096 3792/3792/3792 3791/3791/3791
f 4098/4098/4098 4099/4099/4099 4100/4100/4100
f 4098/4098/4098 4100/4100/4100 4101/4101/4101
f 4101/4101/4101 4100/4100/4100 4081/4081/4081
f 4101/4101/4101 4081/4081/4081 4079/4079/4079
f 4099/4099/4099 4089/4089/4089 4088/4088/4088
f 4099/4099/4099 4088/4088/4088 4100/4100/4100
f 4100/4100/4100 4088/4088/4088 4067/4067/4067
f 4100/4100/4100 4067/4067/4067 4081/4081/4081
f 4098/4098/4098 4101/4101/4101 4102/4102/4102
f 4098/4098/4098 4102/4102/4102 4103/4103/4103
f 4103/4103/4103 4102/4102/4102 3378/3378/3378
f 4103/4103/4103 3378/3378/3378 3377/3377/3377
f 4101/4101/4101 4079/4079/4079 4078/4078/4078
f 4101/4101/4101 4078/4078/4078 4102/4102/4102
f 4102/4102/4102 4078/4078/4078 3379/3379/3379
f 4102/4102/4102 3379/3379/3379 3378/3378/3378
f 4098/4098/4098 4103/4103/4103 4104/4104/4104
f 4098/4098/4098 4104/4104/4104 4105/4105/4105
f 4105/4105/4105 4104/4104/4104 4106/4106/4106
f 4105/4105/4105 4106/4106/4106 4107/4107/4107
f 4103/4103/4103 3377/3377/3377 3390/3390/3390
f 4103/4103/4103 3390/3390/3390 4104/4104/4104
f 4104/4104/4104 3390/3390/3390 3347/3347/3347
f 4104/4104/4104 3347/3347/3347 4106/4106/4106
f 4098/4098/4098 4105/4105/4105 4108/4108/4108
f 4098/4098/4098 4108/4108/4108 4099/4099/4099
f 4099/4099/4099 4108/4108/4108 4094/4094/4094
f 4099/4099/4099 4094/4094/4094 4089/4089/4089
f 4105/4105/4105 4107/4107/4107 4109/4109/4109
f 4105/4105/4105 4109/4109/4109 4108/4108/4108
f 4108/4108/4108 4109/4109/4109 4095/4095/4095
f 4108/4108/4108 4095/4095/4095 4094/4094/4094
f 4110/4110/4110 4111/4111/4111 4112/4112/4112
f 4110/4110/4110 4112/4112/4112 4113/4113/4113
f 4113/4113/4113 4112/4112/4112 4097/4097/4097
f 4113/4113/4113 4097/4097/4097 4093/4093/4093
f 4111/4111/4111 3806/3806/3806 3805/3805/3805
f 4111/4111/4111 3805/3805/3805 4112/4112/4112
f 4112/4112/4112 3805/3805/3805 3792/3792/3792
f 4112/4112/4112 3792/3792/3792 4097/4097/4097
f 4110/4110/4110 4113/4113/4113 4114/4114/4114
f 4110/4110/4110 4114/4114/4114 4115/4115/4115
f 4115/4115/4115 4114/4114/4114 4116/4116/4116
f 4115/4115/4115 4116/4116/4116 4117/4117/4117
f 4113/4113/4113 4093/4093/4093 4092/4092/4092
f 4113/4113/4113 4092/4092/4092 4114/4114/4114
f 4114/4114/4114 4092/4092/4092 4095/4095/4095
f 4114/4114/4114 4095/4095/4095 4116/4116/4116
f 4110/4110/4110 4115/4115/4115 4118/4118/4118
f 4110/4110/4110 4118/4118/4118 4119/4119/4119
f 4119/4119/4119 4118/4118/4118 4120/4120/4120
f 4119/4119/4119 4120/4120/4120 4121/4121/4121
f 4115/4115/4115 4117/4117/4117 4122/4122/4122
f 4115/4115/4115 4122/4122/4122 4118/4118/4118
f 4118/4118/4118 4122/4122/4122 4123/4123/4123
f 4118/4118/4118 4123/4123/4123 4120/4120/4120
f 4110/4110/4110 4119/4119/4119 4124/4124/4124
f 4110/4110/4110 4124/4124/4124 4111/4111/4111
f 4111/4111/4111 4124/4124/4124 3811/3811/3811
f 4111/4111/4111 3811/3811/3811 3806/3806/3806
f 4119/4119/4119 4121/4121/4121 4125/4125/4125
f 4119/4119/4119 4125/4125/4125 4124/4124/4124
f 4124/4124/4124 4125/4125/4125 3812/3812/3812
f 4124/4124/4124 3812/3812/3812 3811/3811/3811
f 4126/4126/4126 4127/4127/4127 4128/4128/4128
f 4126/4126/4126 4128/4128/4128 4129/4129/4129
f 4129/4129/4129 4128/4128/4128 4109/4109/4109
f 4129/4129/4129 4109/4109/4109 4107/4107/4107
f 4127/4127/4127 4117/4117/4117 4116/4116/4116
f 4127/4127/4127 4116/4116/4116 4128/4128/4128
f 4128/4128/4128 4116/4116/4116 4095/4095/4095
f 4128/4128/4128 4095/4095/4095 4109/4109/4109
f 4126/4126/4126 4129/4129/4129 4130/4130/4130
f 4126/4126/4126 4130/4130/4130 4131/4131/4131
f 4131/4131/4131 4130/4130/4130 3346/3346/3346
f 4131/4131/4131 3346/3346/3346 3345/3345/3345
f 4129/4129/4129 4107/4107/4107 4106/4106/4106
f 4129/4129/4129 4106/4106/4106 4130/4130/4130
f 4130/4130/4130 4106/4106/4106 3347/3347/3347
f 4130/4130/4130 3347/3347/3347 3346/3346/3346
f 4126/4126/4126 4131/4131/4131 4132/4132/4132
f 4126/4126/4126 4132/4132/4132 4133/4133/4133
f 4133/4133/4133 4132/4132/4132 4134/4134/4134
f 4133/4133/4133 4134/4134/4134 4135/4135/4135
f 4131/4131/4131 3345/3345/3345 3358/3358/3358
f 4131/4131/4131 3358/3358/3358 4132/4132/4132
f 4132/4132/4132 3358/3358/3358 3315/3315/3315
f 4132/4132/4132 3315/3315/3315 4134/4134/4134
f 4126/4126/4126 4133/4133/4133 4136/4136/4136
f 4126/4126/4126 4136/4136/4136 4127/4127/4127
f 4127/4127/4127 4136/4136/4136 4122/4122/4122
f 4127/4127/4127 4122/4122/4122 4117/4117/4117
f 4133/4133/4133 4135/4135/4135 4137/4137/4137
f 4133/4133/4133 4137/4137/4137 4136/4136/4136
f 4136/4136/4136 4137/4137/4137 4123/4123/4123
f 4136/4136/4136 4123/4123/4123 4122/4122/4122
f 4138/4138/4138 4139/4139/4139 4140/4140/4140
f 4138/4138/4138 4140/4140/4140 4141/4141/4141
f 4141/4141/4141 4140/4140/4140 4125/4125/4125
f 4141/4141/4141 4125/4125/4125 4121/4121/4121
f 4139/4139/4139 3826/3826/3826 3825/3825/3825
f 4139/4139/4139 3825/3825/3825 4140/4140/4140
f 4140/4140/4140 3825/3825/3825 3812/3812/3812
f 4140/4140/4140 3812/3812/3812 4125/4125/4125
f 4138/4138/4138 4141/4141/4141 4142/4142/4142
f 4138/4138/4138 4142/4142/4142 4143/4143/4143
f 4143/4143/4143 4142/4142/4142 4144/4144/4144
f 4143/4143/4143 4144/4144/4144 4145/4145/4145
f 4141/4141/4141 4121/4121/4121 4120/4120/4120
f 4141/4141/4141 4120/4120/4120 4142/4142/4142
f 4142/4142/4142 4120/4120/4120 4123/4123/4123
f 4142/4142/4142 4123/4123/4123 4144/4144/4144
f 4138/4138/4138 4143/4143/4143 4146/4146/4146
f 4138/4138/4138 4146/4146/4146 4147/4147/4147
f 4147/4147/4147 4146/4146/4146 4148/4148/4148
f 4147/4147/4147 4148/4148/4148 4149/4149/4149
f 4143/4143/4143 4145/4145/4145 4150/4150/4150
f 4143/4143/4143 4150/4150/4150 4146/4146/4146
f 4146/4146/4146 4150/4150/4150 4151/4151/4151
f 4146/4146/4146 4151/4151/4151 4148/4148/4148
f 4138/4138/4138 4147/4147/4147 4152/4152/4152
f 4138/4138/4138 4152/4152/4152 4139/4139/4139
f 4139/4139/4139 4152/4152/4152 3831/3831/3831
f 4139/4139/4139 3831/3831/3831 3826/3826/3826
f 4147/4147/4147 4149/4149/4149 4153/4153/4153
f 4147/4147/4147 4153/4153/4153 4152/4152/4152
f 4152/4152/4152 4153/4153/4153 3832/3832/3832
f 4152/4152/4152 3832/3832/3832 3831/3831/3831
f 4154/4154/4154 4155/4155/4155 4156/4156/4156
f 4154/4154/4154 4156/4156/4156 4157/4157/4157
f 4157/4157/4157 4156/4156/4156 4137/4137/4137
f 4157/4157/4157 4137/4137/4137 4135/4135/4135
f 4155/4155/4155 4145/4145/4145 4144/4144/4144
f 4155/4155/4155 4144/4144/4144 4156/4156/4156
f 4156/4156/4156 4144/4144/4144 4123/4123/4123
f 4156/4156/4156 4123/4123/4123 4137/4137/4137
f 4154/4154/4154 4157/4157/4157 4158/4158/4158
f 4154/4154/4154 4158/4158/4158 4159/4159/4159
f 4159/4159/4159 4158/4158/4158 3314/3314/3314
f 4159/4159/4159 3314/3314/3314 3313/3313/3313
f 4157/4157/4157 4135/4135/4135 4134/4134/4134
f 4157/4157/4157 4134/4134/4134 4158/4158/4158
f 4158/4158/4158 4134/4134/4134 3315/3315/3315
f 4158/4158/4158 3315/3315/3315 3314/3314/3314
f 4154/4154/4154 4159/4159/4159 4160/4160/4160
f 4154/4154/4154 4160/4160/4160 4161/4161/4161
f 4161/4161/4161 4160/4160/4160 4162/4162/4162
f 4161/4161/4161 4162/4162/4162 4163/4163/4163
f 4159/4159/4159 3313/3313/3313 3326/3326/3326
f 4159/4159/4159 3326/3326/3326 4160/4160/4160
f 4160/4160/4160 3326/3326/3326 3283/3283/3283
f 4160/4160/4160 3283/3283/3283 4162/4162/4162
f 4154/4154/4154 4161/4161/4161 4164/4164/4164
f 4154/4154/4154 4164/4164/4164 4155/4155/4155
f 4155/4155/4155 4164/4164/4164 4150/4150/4150
f 4155/4155/4155 4150/4150/4150 4145/4145/4145
f 4161/4161/4161 4163/4163/4163 4165/4165/4165
f 4161/4161/4161 4165/4165/4165 4164/4164/4164
f 4164/4164/4164 4165/4165/4165 4151/4151/4151
f 4164/4164/4164 4151/4151/4151 4150/4150/4150
f 4166/4166/4166 4167/4167/4167 4168/4168/4168
f 4166/4166/4166 4168/4168/4168 4169/4169/4169
f 4169/4169/4169 4168/4168/4168 4153/4153/4153
f 4169/4169/4169 4153/4153/4153 4149/4149/4149
f 4167/4167/4167 3846/3846/3846 3845/3845/3845
f 4167/4167/4167 3845/3845/3845 4168/4168/4168
f 4168/4168/4168 3845/3845/3845 3832/3832/3832
f 4168/4168/4168 3832/3832/3832 4153/4153/4153
f 4166/4166/4166 4169/4169/4169 4170/4170/4170
f 4166/4166/4166 4170/4170/4170 4171/4171/4171
f 4171/4171/4171 4170/4170/4170 4172/4172/4172
f 4171/4171/4171 4172/4172/4172 4173/4173/4173
f 4169/4169/4169 4149/4149/4149 4148/4148/4148
f 4169/4169/4169 4148/4148/4148 4170/4170/4170
f 4170/4170/4170 4148/4148/4148 4151/4151/4151
f 4170/4170/4170 4151/4151/4151 4172/4172/4172
f 4166/4166/4166 4171/4171/4171 4174/4174/4174
f 4166/4166/4166 4174/4174/4174 4175/4175/4175
f 4175/4175/4175 4174/4174/4174 4176/4176/4176
f 4175/4175/4175 4176/4176/4176 4177/4177/4177
f 4171/4171/4171 4173/4173/4173 4178/4178/4178
f 4171/4171/4171 4178/4178/4178 4174/4174/4174
f 4174/4174/4174 4178/4178/4178 4179/4179/4179
f 4174/4174/4174 4179/4179/4179 4176/4176/4176
f 4166/4166/4166 4175/4175/4175 4180/4180/4180
f 4166/4166/4166 4180/4180/4180 4167/4167/4167
f 4167/4167/4167 4180/4180/4180 3851/3851/3851
f 4167/4167/4167 3851/3851/3851 3846/3846/3846
f 4175/4175/4175 4177/4177/4177 4181/4181/4181
f 4175/4175/4175 4181/4181/4181 4180/4180/4180
f 4180/4180/4180 4181/4181/4181 3852/3852/3852
f 4180/4180/4180 3852/3852/3852 3851/3851/3851
f 4182/4182/4182 4183/4183/4183 4184/4184/4184
f 4182/4182/4182 4184/4184/4184 4185/4185/4185
f 4185/4185/4185 4184/4184/4184 4165/4165/4165
f 4185/4185/4185 4165/4165/4165 4163/4163/4163
f 4183/4183/4183 4173/4173/4173 4172/4172/4172
f 4183/4183/4183 4172/4172/4172 4184/4184/4184
f 4184/4184/4184 4172/4172/4172 4151/4151/4151
f 4184/4184/4184 4151/4151/4151 4165/4165/4165
f 4182/4182/4182 4185/4185/4185 4186/4186/4186
f 4182/4182/4182 4186/4186/4186 4187/4187/4187
f 4187/4187/4187 4186/4186/4186 3282/3282/3282
f 4187/4187/4187 3282/3282/3282 3281/3281/3281
f 4185/4185/4185 4163/4163/4163 4162/4162/4162
f 4185/4185/4185 4162/4162/4162 4186/4186/4186
f 4186/4186/4186 4162/4162/4162 3283/3283/3283
f 4186/4186/4186 3283/3283/3283 3282/3282/3282
f 4182/4182/4182 4187/4187/4187 4188/4188/4188
f 4182/4182/4182 4188/4188/4188 4189/4189/4189
f 4189/4189/4189 4188/4188/4188 4190/4190/4190
f 4189/4189/4189 4190/4190/4190 4191/4191/4191
f 4187/4187/4187 3281/3281/3281 3294/3294/3294
f 4187/4187/4187 3294/3294/3294 4188/4188/4188
f 4188/4188/4188 3294/3294/3294 3243/3243/3243
f 4188/4188/4188 3243/3243/3243 4190/4190/4190
f 4182/4182/4182 4189/4189/4189 4192/4192/4192
f 4182/4182/4182 4192/4192/4192 4183/4183/4183
f 4183/4183/4183 4192/4192/4192 4178/4178/4178
f 4183/4183/4183 4178/4178/4178 4173/4173/4173
f 4189/4189/4189 4191/4191/4191 4193/4193/4193
f 4189/4189/4189 4193/4193/4193 4192/4192/4192
f 4192/4192/4192 4193/4193/4193 4179/4179/4179
f 4192/4192/4192 4179/4179/4179 4178/4178/4178
f 4194/4194/4194 4195/4195/4195 4196/4196/4196
f 4194/4194/4194 4196/4196/4196 4197/4197/4197
f 4197/4197/4197 4196/4196/4196 4181/4181/4181
f 4197/4197/4197 4181/4181/4181 4177/4177/4177
f 4195/4195/4195 3866/3866/3866 3865/3865/3865
f 4195/4195/4195 3865/3865/3865 4196/4196/4196
f 4196/4196/4196 3865/3865/3865 3852/3852/3852
f 4196/4196/4196 3852/3852/3852 4181/4181/4181
f 4194/4194/4194 4197/4197/4197 4198/4198/4198
f 4194/4194/4194 4198/4198/4198 4199/4199/4199
f 4199/4199/4199 4198/4198/4198 4200/4200/4200
f 4199/4199/4199 4200/4200/4200 4201/4201/4201
f 4197/4197/4197 4177/4177/4177 4176/4176/4176
f 4197/4197/4197 4176/4176/4176 4198/4198/4198
f 4198/4198/4198 4176/4176/4176 4179/4179/4179
f 4198/4198/4198 4179/4179/4179 4200/4200/4200
f 4194/4194/4194 4199/4199/4199 4202/4202/4202
f 4194/4194/4194 4202/4202/4202 4203/4203/4203
f 4203/4203/4203 4202/4202/4202 3882/3882/3882
f 4203/4203/4203 3882/3882/3882 3877/3877/3877
f 4199/4199/4199 4201/4201/4201 4204/4204/4204
f 4199/4199/4199 4204/4204/4204 4202/4202/4202
f 4202/4202/4202 4204/4204/4204 3883/3883/3883
f 4202/4202/4202 3883/3883/3883 3882/3882/3882
f 4194/4194/4194 4203/4203/4203 4205/4205/4205
f 4194/4194/4194 4205/4205/4205 4195/4195/4195
f 4195/4195/4195 4205/4205/4205 3869/3869/3869
f 4195/4195/4195 3869/3869/3869 3866/3866/3866
f 4203/4203/4203 3877/3877/3877 3876/3876/3876
f 4203/4203/4203 3876/3876/3876 4205/4205/4205
f 4205/4205/4205 3876/3876/3876 3641/3641/3641
f 4205/4205/4205 3641/3641/3641 3869/3869/3869
f 4206/4206/4206 4207/4207/4207 4208/4208/4208
f 4206/4206/4206 4208/4208/4208 4209/4209/4209
f 4209/4209/4209 4208/4208/4208 4193/4193/4193
f 4209/4209/4209 4193/4193/4193 4191/4191/4191
f 4207/4207/4207 4201/4201/4201 4200/4200/4200
f 4207/4207/4207 4200/4200/4200 4208/4208/4208
f 4208/4208/4208 4200/4200/4200 4179/4179/4179
f 4208/4208/4208 4179/4179/4179 4193/4193/4193
f 4206/4206/4206 4209/4209/4209 4210/4210/4210
f 4206/4206/4206 4210/4210/4210 4211/4211/4211
f 4211/4211/4211 4210/4210/4210 3242/3242/3242
f 4211/4211/4211 3242/3242/3242 3241/3241/3241
f 4209/4209/4209 4191/4191/4191 4190/4190/4190
f 4209/4209/4209 4190/4190/4190 4210/4210/4210
f 4210/4210/4210 4190/4190/4190 3243/3243/3243
f 4210/4210/4210 3243/3243/3243 3242/3242/3242
f 4206/4206/4206 4211/4211/4211 4212/4212/4212
f 4206/4206/4206 4212/4212/4212 4213/4213/4213
f 4213/4213/4213 4212/4212/4212 3900/3900/3900
f 4213/4213/4213 3900/3900/3900 3897/3897/3897
f 4211/4211/4211 3241/3241/3241 3257/3257/3257
f 4211/4211/4211 3257/3257/3257 4212/4212/4212
f 4212/4212/4212 3257/3257/3257 3259/3259/3259
f 4212/4212/4212 3259/3259/3259 3900/3900/3900
f 4206/4206/4206 4213/4213/4213 4214/4214/4214
f 4206/4206/4206 4214/4214/4214 4207/4207/4207
f 4207/4207/4207 4214/4214/4214 4204/4204/4204
f 4207/4207/4207 4204/4204/4204 4201/4201/4201
f 4213/4213/4213 3897/3897/3897 3896/3896/3896
f 4213/4213/4213 3896/3896/3896 4214/4214/4214
f 4214/4214/4214 3896/3896/3896 3883/3883/3883
f 4214/4214/4214 3883/3883/3883 4204/4204/4204
