v -1.279349 0.349377 -0.709138
v -1.278927 0.349392 -0.709592
v -1.279315 0.349390 -0.710220
v -1.279733 0.349368 -0.709760
v -1.280141 0.349365 -0.709309
v -1.279956 0.349368 -0.708730
v -1.279766 0.349390 -0.708138
v -1.279153 0.349392 -0.708549
v -1.278885 0.349396 -0.709037
v -1.280389 0.349377 -0.710081
v -1.280993 0.349392 -0.710219
v -1.281343 0.349390 -0.709570
v -1.280736 0.349368 -0.709438
v -1.279977 0.349392 -0.710545
v -1.280534 0.349396 -0.710534
v -1.280686 0.349377 -0.708709
v -1.280503 0.349392 -0.708116
v -1.281294 0.349392 -0.708833
v -1.281005 0.349396 -0.708357
v -1.319700 0.343817 -0.837635
v -1.317839 0.344522 -0.830072
v -1.317423 0.344244 -0.830150
v -1.319282 0.343539 -0.837699
v -1.321032 0.342792 -0.846009
v -1.321452 0.343071 -0.845952
v -1.321944 0.343173 -0.845884
v -1.320191 0.343920 -0.837560
v -1.318327 0.344625 -0.829981
v -1.319006 0.343115 -0.837741
v -1.317150 0.343820 -0.830201
v -1.317049 0.343323 -0.830220
v -1.318905 0.342618 -0.837756
v -1.320654 0.341872 -0.846061
v -1.320756 0.342368 -0.846047
v -1.319006 0.342122 -0.837741
v -1.317150 0.342827 -0.830201
v -1.317423 0.342403 -0.830150
v -1.319282 0.341698 -0.837699
v -1.321032 0.340951 -0.846009
v -1.320756 0.341375 -0.846047
v -1.319700 0.341419 -0.837635
v -1.317839 0.342124 -0.830072
v -1.318327 0.342021 -0.829981
v -1.320191 0.341316 -0.837560
v -1.321944 0.340570 -0.845884
v -1.321452 0.340673 -0.845952
v -1.320682 0.341419 -0.837485
v -1.318815 0.342124 -0.829890
v -1.319231 0.342403 -0.829812
v -1.321101 0.341698 -0.837421
v -1.322856 0.340951 -0.845760
v -1.322436 0.340673 -0.845817
v -1.321376 0.342122 -0.837379
v -1.319504 0.342827 -0.829761
v -1.319605 0.343323 -0.829742
v -1.321478 0.342618 -0.837363
v -1.323233 0.341872 -0.845708
v -1.323132 0.341375 -0.845722
v -1.321376 0.343115 -0.837379
v -1.319504 0.343820 -0.829761
v -1.319231 0.344244 -0.829812
v -1.321101 0.343539 -0.837421
v -1.322856 0.342792 -0.845760
v -1.323132 0.342368 -0.845722
v -1.320682 0.343817 -0.837485
v -1.318815 0.344522 -0.829890
v -1.322436 0.343071 -0.845817
v -1.323760 0.342822 -0.854224
v -1.323268 0.342925 -0.854288
v -1.324927 0.342842 -0.862660
v -1.325409 0.342739 -0.862569
v -1.325821 0.342460 -0.862491
v -1.324181 0.342543 -0.854168
v -1.324457 0.342119 -0.854132
v -1.326091 0.342037 -0.862439
v -1.326191 0.341540 -0.862420
v -1.324559 0.341623 -0.854119
v -1.324457 0.341126 -0.854132
v -1.326091 0.341043 -0.862439
v -1.325821 0.340619 -0.862491
v -1.324181 0.340702 -0.854168
v -1.323760 0.340424 -0.854224
v -1.325409 0.340341 -0.862569
v -1.324927 0.340238 -0.862660
v -1.323268 0.340321 -0.854288
v -1.322775 0.340424 -0.854353
v -1.324445 0.340341 -0.862752
v -1.324033 0.340619 -0.862830
v -1.322355 0.340702 -0.854408
v -1.322079 0.341126 -0.854445
v -1.323763 0.341043 -0.862882
v -1.323663 0.341540 -0.862901
v -1.321977 0.341623 -0.854458
v -1.322079 0.342119 -0.854445
v -1.323763 0.342037 -0.862882
v -1.324033 0.342460 -0.862830
v -1.322355 0.342543 -0.854408
v -1.322775 0.342822 -0.854353
v -1.324445 0.342739 -0.862752
v -1.327234 0.342490 -0.871062
v -1.326849 0.342212 -0.871209
v -1.330386 0.342018 -0.878937
v -1.330744 0.342296 -0.878721
v -1.331164 0.342399 -0.878467
v -1.327685 0.342593 -0.870889
v -1.326596 0.341788 -0.871306
v -1.326502 0.341291 -0.871341
v -1.330063 0.341097 -0.879132
v -1.330150 0.341594 -0.879079
v -1.326596 0.340794 -0.871306
v -1.326849 0.340371 -0.871209
v -1.330386 0.340177 -0.878937
v -1.330150 0.340601 -0.879079
v -1.327234 0.340092 -0.871062
v -1.327685 0.339989 -0.870889
v -1.331164 0.339796 -0.878467
v -1.330744 0.339899 -0.878721
v -1.328136 0.340092 -0.870716
v -1.328521 0.340371 -0.870569
v -1.331943 0.340177 -0.877997
v -1.331585 0.339899 -0.878214
v -1.328774 0.340794 -0.870472
v -1.328867 0.341291 -0.870437
v -1.332266 0.341097 -0.877803
v -1.332179 0.340601 -0.877855
v -1.328774 0.341788 -0.870472
v -1.328521 0.342212 -0.870569
v -1.331943 0.342018 -0.877997
v -1.332179 0.341594 -0.877855
v -1.328136 0.342490 -0.870716
v -1.331585 0.342296 -0.878214
v -1.335399 0.342379 -0.884607
v -1.334990 0.342482 -0.884888
v -1.338422 0.342697 -0.889904
v -1.338830 0.342595 -0.889621
v -1.339175 0.342317 -0.889374
v -1.335749 0.342101 -0.884368
v -1.335979 0.341677 -0.884210
v -1.339398 0.341895 -0.889206
v -1.339474 0.341400 -0.889135
v -1.336064 0.341180 -0.884152
v -1.335979 0.340684 -0.884210
v -1.339380 0.340906 -0.889181
v -1.339143 0.340483 -0.889327
v -1.335749 0.340260 -0.884368
v -1.335399 0.339981 -0.884607
v -1.338789 0.340206 -0.889560
v -1.338377 0.340104 -0.889837
v -1.334990 0.339879 -0.884888
v -1.334580 0.339981 -0.885168
v -1.337969 0.340206 -0.890121
v -1.337624 0.340483 -0.890367
v -1.334230 0.340260 -0.885407
v -1.334000 0.340684 -0.885565
v -1.337402 0.340906 -0.890535
v -1.337325 0.341400 -0.890606
v -1.333915 0.341180 -0.885623
v -1.334000 0.341677 -0.885565
v -1.337419 0.341895 -0.890560
v -1.337656 0.342317 -0.890414
v -1.334230 0.342101 -0.885407
v -1.334580 0.342379 -0.885168
v -1.338011 0.342595 -0.890182
v -1.340308 0.342798 -0.893539
v -1.339939 0.342524 -0.893750
v -1.341437 0.342359 -0.895939
v -1.341831 0.342619 -0.895764
v -1.342257 0.342714 -0.895507
v -1.340725 0.342899 -0.893269
v -1.339680 0.342107 -0.893864
v -1.339560 0.341618 -0.893872
v -1.340976 0.341500 -0.895941
v -1.341140 0.341963 -0.895998
v -1.339610 0.341129 -0.893763
v -1.339811 0.340711 -0.893562
v -1.341145 0.340641 -0.895513
v -1.340983 0.341036 -0.895768
v -1.340141 0.340437 -0.893295
v -1.340544 0.340336 -0.893004
v -1.341845 0.340285 -0.894905
v -1.341451 0.340381 -0.895209
v -1.340961 0.340437 -0.892734
v -1.341330 0.340711 -0.892523
v -1.342665 0.340641 -0.894473
v -1.342271 0.340381 -0.894648
v -1.341589 0.341129 -0.892409
v -1.341709 0.341618 -0.892401
v -1.343125 0.341500 -0.894471
v -1.342962 0.341036 -0.894414
v -1.341659 0.342107 -0.892510
v -1.341458 0.342524 -0.892710
v -1.342956 0.342359 -0.894899
v -1.343119 0.341963 -0.894644
v -1.341128 0.342798 -0.892978
v -1.342650 0.342619 -0.895203
v -1.343755 0.341685 -0.896817
v -1.343374 0.341768 -0.897140
v -1.344156 0.339854 -0.898283
v -1.344524 0.339788 -0.897941
v -1.344761 0.339610 -0.897536
v -1.344026 0.341459 -0.896462
v -1.344135 0.341116 -0.896129
v -1.344818 0.339338 -0.897126
v -1.344701 0.339020 -0.896773
v -1.344079 0.340714 -0.895865
v -1.343853 0.340311 -0.895717
v -1.344414 0.338701 -0.896536
v -1.344011 0.338429 -0.896441
v -1.343503 0.339968 -0.895698
v -1.343074 0.339742 -0.895822
v -1.343548 0.338251 -0.896514
v -1.343096 0.338185 -0.896734
v -1.342635 0.339659 -0.896060
v -1.342254 0.339742 -0.896383
v -1.342728 0.338251 -0.897075
v -1.342492 0.338429 -0.897480
v -1.341984 0.339968 -0.896738
v -1.341874 0.340311 -0.897071
v -1.342435 0.338701 -0.897890
v -1.342552 0.339020 -0.898243
v -1.341931 0.340714 -0.897335
v -1.342156 0.341116 -0.897483
v -1.342839 0.339338 -0.898481
v -1.343241 0.339610 -0.898576
v -1.342507 0.341459 -0.897502
v -1.342935 0.341685 -0.897378
v -1.343705 0.339788 -0.898502
v -1.344220 0.336718 -0.899254
v -1.343734 0.336592 -0.899295
v -1.343971 0.332527 -0.899642
v -1.344470 0.332602 -0.899620
v -1.344934 0.332630 -0.899420
v -1.344679 0.336764 -0.899047
v -1.343297 0.336401 -0.899151
v -1.342970 0.336177 -0.898855
v -1.343165 0.332280 -0.899139
v -1.343515 0.332413 -0.899468
v -1.342813 0.335953 -0.898443
v -1.342836 0.335762 -0.897984
v -1.342988 0.332033 -0.898205
v -1.342984 0.332147 -0.898693
v -1.343050 0.335636 -0.897546
v -1.343410 0.335590 -0.897192
v -1.343544 0.331930 -0.897387
v -1.343189 0.331958 -0.897748
v -1.343870 0.335636 -0.896985
v -1.344356 0.335762 -0.896944
v -1.344507 0.332033 -0.897165
v -1.344008 0.331958 -0.897187
v -1.344792 0.335953 -0.897089
v -1.345119 0.336177 -0.897384
v -1.345313 0.332280 -0.897668
v -1.344963 0.332147 -0.897339
v -1.345276 0.336401 -0.897796
v -1.345253 0.336592 -0.898256
v -1.345490 0.332527 -0.898602
v -1.345494 0.332413 -0.898114
v -1.345039 0.336718 -0.898693
v -1.345289 0.332602 -0.899059
v -1.345264 0.327568 -0.899021
v -1.344911 0.327580 -0.899385
v -1.344800 0.287941 -0.899223
v -1.345152 0.287939 -0.898858
v -1.345345 0.287931 -0.898390
v -1.345459 0.327534 -0.898556
v -1.345453 0.327482 -0.898054
v -1.345336 0.287920 -0.897884
v -1.345142 0.287907 -0.897418
v -1.345262 0.327421 -0.897593
v -1.344901 0.327360 -0.897248
v -1.344778 0.287894 -0.897068
v -1.344309 0.287883 -0.896876
v -1.344435 0.327308 -0.897061
v -1.343931 0.327274 -0.897074
v -1.343803 0.287876 -0.896887
v -1.343335 0.287873 -0.897083
v -1.343464 0.327262 -0.897271
v -1.343111 0.327274 -0.897635
v -1.342983 0.287876 -0.897448
v -1.342790 0.287883 -0.897916
v -1.342916 0.327308 -0.898100
v -1.342922 0.327360 -0.898602
v -1.342799 0.287894 -0.898422
v -1.342993 0.287907 -0.898888
v -1.343113 0.327421 -0.899063
v -1.343474 0.327482 -0.899409
v -1.343357 0.287920 -0.899238
v -1.343826 0.287931 -0.899429
v -1.343939 0.327534 -0.899595
v -1.344444 0.327568 -0.899582
v -1.344332 0.287939 -0.899419
v -1.344324 0.180039 -0.899407
v -1.343817 0.180040 -0.899416
v -1.343860 0.038005 -0.899480
v -1.344367 0.038003 -0.899470
v -1.344835 0.038003 -0.899274
v -1.344792 0.180038 -0.899211
v -1.343348 0.180043 -0.899224
v -1.342982 0.180046 -0.898872
v -1.343026 0.038010 -0.898935
v -1.343391 0.038007 -0.899287
v -1.342787 0.180049 -0.898404
v -1.342777 0.180051 -0.897897
v -1.342820 0.038016 -0.897960
v -1.342830 0.038013 -0.898467
v -1.342970 0.180053 -0.897428
v -1.343321 0.180053 -0.897062
v -1.343365 0.038018 -0.897126
v -1.343013 0.038017 -0.897491
v -1.343789 0.180053 -0.896867
v -1.344296 0.180051 -0.896857
v -1.344340 0.038016 -0.896921
v -1.343833 0.038017 -0.896930
v -1.344765 0.180049 -0.897050
v -1.345131 0.180046 -0.897402
v -1.345174 0.038010 -0.897465
v -1.344809 0.038013 -0.897113
v -1.345326 0.180043 -0.897869
v -1.345336 0.180040 -0.898377
v -1.345379 0.038005 -0.898440
v -1.345370 0.038007 -0.897933
v -1.345143 0.180039 -0.898846
v -1.345187 0.038003 -0.898909
v -1.315011 0.344475 -0.816414
v -1.315414 0.344196 -0.816285
v -1.314840 0.344191 -0.814496
v -1.314437 0.344470 -0.814625
v -1.313964 0.344573 -0.814777
v -1.314538 0.344577 -0.816566
v -1.315357 0.344623 -0.819273
v -1.315832 0.344520 -0.819129
v -1.316237 0.344241 -0.819007
v -1.317149 0.344646 -0.823696
v -1.317560 0.344368 -0.823595
v -1.316668 0.344749 -0.823815
v -1.315679 0.343772 -0.816200
v -1.315777 0.343276 -0.816168
v -1.315204 0.343271 -0.814379
v -1.315106 0.343768 -0.814411
v -1.316504 0.343817 -0.818926
v -1.316602 0.343321 -0.818897
v -1.317829 0.343944 -0.823529
v -1.317929 0.343447 -0.823504
v -1.315679 0.342779 -0.816200
v -1.315414 0.342355 -0.816285
v -1.314840 0.342350 -0.814496
v -1.315106 0.342774 -0.814411
v -1.316504 0.342824 -0.818926
v -1.316237 0.342400 -0.819007
v -1.317829 0.342950 -0.823529
v -1.317560 0.342527 -0.823595
v -1.315011 0.342077 -0.816414
v -1.314538 0.341974 -0.816566
v -1.313964 0.341969 -0.814777
v -1.314437 0.342072 -0.814625
v -1.315832 0.342122 -0.819129
v -1.315357 0.342019 -0.819273
v -1.317149 0.342248 -0.823696
v -1.316668 0.342145 -0.823815
v -1.314065 0.342077 -0.816717
v -1.313661 0.342355 -0.816847
v -1.313087 0.342350 -0.815058
v -1.313491 0.342072 -0.814928
v -1.314882 0.342122 -0.819416
v -1.314477 0.342400 -0.819538
v -1.316187 0.342248 -0.823933
v -1.315776 0.342527 -0.824035
v -1.313396 0.342779 -0.816932
v -1.313298 0.343276 -0.816963
v -1.312724 0.343271 -0.815174
v -1.312822 0.342774 -0.815143
v -1.314210 0.342824 -0.819619
v -1.314112 0.343321 -0.819648
v -1.315506 0.342950 -0.824101
v -1.315407 0.343447 -0.824126
v -1.313396 0.343772 -0.816932
v -1.313661 0.344196 -0.816847
v -1.313087 0.344191 -0.815058
v -1.312822 0.343768 -0.815143
v -1.314210 0.343817 -0.819619
v -1.314477 0.344241 -0.819538
v -1.315506 0.343944 -0.824101
v -1.315776 0.344368 -0.824035
v -1.314065 0.344475 -0.816717
v -1.313491 0.344470 -0.814928
v -1.314882 0.344520 -0.819416
v -1.316187 0.344646 -0.823933
v -1.314307 0.344926 -0.818079
v -1.314323 0.344909 -0.818106
v -1.314966 0.345049 -0.817900
v -1.314956 0.345067 -0.817871
v -1.314886 0.345067 -0.817653
v -1.314237 0.344926 -0.817861
v -1.313683 0.344544 -0.818039
v -1.313753 0.344544 -0.818257
v -1.313775 0.344531 -0.818282
v -1.313389 0.343962 -0.818373
v -1.313415 0.343955 -0.818398
v -1.313319 0.343962 -0.818156
v -1.313185 0.343280 -0.818199
v -1.313255 0.343280 -0.818417
v -1.313282 0.343280 -0.818440
v -1.313389 0.342599 -0.818373
v -1.313415 0.342606 -0.818398
v -1.313319 0.342599 -0.818156
v -1.313683 0.342017 -0.818039
v -1.313753 0.342017 -0.818257
v -1.313775 0.342030 -0.818282
v -1.314307 0.341635 -0.818079
v -1.314323 0.341652 -0.818106
v -1.314237 0.341635 -0.817861
v -1.314886 0.341494 -0.817653
v -1.314956 0.341494 -0.817871
v -1.314966 0.341512 -0.817900
v -1.315605 0.341635 -0.817663
v -1.315608 0.341652 -0.817694
v -1.315535 0.341635 -0.817445
v -1.316089 0.342017 -0.817267
v -1.316159 0.342017 -0.817485
v -1.316156 0.342030 -0.817519
v -1.316523 0.342599 -0.817368
v -1.316516 0.342606 -0.817403
v -1.316453 0.342599 -0.817151
v -1.316588 0.343280 -0.817108
v -1.316658 0.343280 -0.817325
v -1.316649 0.343280 -0.817360
v -1.316523 0.343962 -0.817368
v -1.316516 0.343955 -0.817403
v -1.316453 0.343962 -0.817151
v -1.316089 0.344544 -0.817267
v -1.316159 0.344544 -0.817485
v -1.316156 0.344531 -0.817519
v -1.315605 0.344926 -0.817663
v -1.315608 0.344909 -0.817694
v -1.315535 0.344926 -0.817445
v -1.315447 0.344523 -0.817716
v -1.315460 0.344534 -0.817742
v -1.314966 0.344641 -0.817901
v -1.314957 0.344630 -0.817873
v -1.314878 0.344630 -0.817626
v -1.315368 0.344523 -0.817469
v -1.315786 0.344235 -0.817335
v -1.315866 0.344235 -0.817582
v -1.315882 0.344243 -0.817607
v -1.315153 0.344523 -0.816800
v -1.314663 0.344630 -0.816957
v -1.314381 0.344630 -0.816078
v -1.314871 0.344523 -0.815920
v -1.315290 0.344235 -0.815786
v -1.315572 0.344235 -0.816666
v -1.316141 0.343795 -0.817494
v -1.316159 0.343800 -0.817518
v -1.316061 0.343795 -0.817246
v -1.316163 0.343280 -0.817214
v -1.316242 0.343280 -0.817461
v -1.316262 0.343280 -0.817485
v -1.315847 0.343795 -0.816578
v -1.315565 0.343795 -0.815698
v -1.315666 0.343280 -0.815665
v -1.315948 0.343280 -0.816545
v -1.316141 0.342765 -0.817494
v -1.316159 0.342761 -0.817518
v -1.316061 0.342765 -0.817246
v -1.315786 0.342326 -0.817335
v -1.315866 0.342326 -0.817582
v -1.315882 0.342318 -0.817607
v -1.315847 0.342765 -0.816578
v -1.315565 0.342765 -0.815698
v -1.315290 0.342326 -0.815786
v -1.315572 0.342326 -0.816666
v -1.315447 0.342037 -0.817716
v -1.315460 0.342027 -0.817742
v -1.315368 0.342037 -0.817469
v -1.314878 0.341931 -0.817626
v -1.314957 0.341931 -0.817873
v -1.314966 0.341919 -0.817901
v -1.315153 0.342037 -0.816800
v -1.314871 0.342037 -0.815920
v -1.314381 0.341931 -0.816078
v -1.314663 0.341931 -0.816957
v -1.314467 0.342037 -0.818031
v -1.314471 0.342027 -0.818060
v -1.314387 0.342037 -0.817783
v -1.313969 0.342326 -0.817917
v -1.314048 0.342326 -0.818165
v -1.314049 0.342318 -0.818195
v -1.314173 0.342037 -0.817114
v -1.313891 0.342037 -0.816235
v -1.313472 0.342326 -0.816369
v -1.313754 0.342326 -0.817249
v -1.313773 0.342765 -0.818253
v -1.313772 0.342761 -0.818284
v -1.313694 0.342765 -0.818006
v -1.313592 0.343280 -0.818038
v -1.313672 0.343280 -0.818286
v -1.313670 0.343280 -0.818317
v -1.313480 0.342765 -0.817337
v -1.313197 0.342765 -0.816457
v -1.313096 0.343280 -0.816490
v -1.313378 0.343280 -0.817369
v -1.313773 0.343795 -0.818253
v -1.313772 0.343800 -0.818284
v -1.313694 0.343795 -0.818006
v -1.313969 0.344235 -0.817917
v -1.314048 0.344235 -0.818165
v -1.314049 0.344243 -0.818195
v -1.313480 0.343795 -0.817337
v -1.313197 0.343795 -0.816457
v -1.313472 0.344235 -0.816369
v -1.313754 0.344235 -0.817249
v -1.314467 0.344523 -0.818031
v -1.314471 0.344534 -0.818060
v -1.314387 0.344523 -0.817783
v -1.314173 0.344523 -0.817114
v -1.313891 0.344523 -0.816235
v -1.315591 0.344858 -0.817711
v -1.315562 0.344784 -0.817720
v -1.316068 0.344435 -0.817558
v -1.316122 0.344491 -0.817540
v -1.314969 0.344993 -0.817910
v -1.314969 0.344913 -0.817910
v -1.316471 0.343934 -0.817429
v -1.316401 0.343903 -0.817451
v -1.316523 0.343280 -0.817412
v -1.316600 0.343280 -0.817387
v -1.316471 0.342627 -0.817429
v -1.316401 0.342657 -0.817451
v -1.316068 0.342126 -0.817558
v -1.316122 0.342069 -0.817540
v -1.315591 0.341703 -0.817711
v -1.315562 0.341777 -0.817720
v -1.314969 0.341648 -0.817910
v -1.314969 0.341568 -0.817910
v -1.314347 0.341703 -0.818110
v -1.314376 0.341777 -0.818100
v -1.313869 0.342126 -0.818263
v -1.313816 0.342069 -0.818280
v -1.313467 0.342627 -0.818392
v -1.313537 0.342657 -0.818369
v -1.313414 0.343280 -0.818409
v -1.313338 0.343280 -0.818433
v -1.313467 0.343934 -0.818392
v -1.313537 0.343903 -0.818369
v -1.313869 0.344435 -0.818263
v -1.313816 0.344491 -0.818280
v -1.314347 0.344858 -0.818110
v -1.314376 0.344784 -0.818100
v -1.315476 0.344566 -0.817748
v -1.315909 0.344267 -0.817609
v -1.315948 0.344309 -0.817596
v -1.315497 0.344620 -0.817741
v -1.314969 0.344735 -0.817910
v -1.314969 0.344676 -0.817910
v -1.315528 0.344699 -0.817731
v -1.316006 0.344369 -0.817578
v -1.314969 0.344821 -0.817910
v -1.316193 0.343813 -0.817518
v -1.316298 0.343280 -0.817484
v -1.316354 0.343280 -0.817466
v -1.316245 0.343835 -0.817501
v -1.316320 0.343868 -0.817477
v -1.316435 0.343280 -0.817440
v -1.316193 0.342748 -0.817518
v -1.315909 0.342293 -0.817609
v -1.315948 0.342252 -0.817596
v -1.316245 0.342725 -0.817501
v -1.316320 0.342693 -0.817477
v -1.316006 0.342191 -0.817578
v -1.315476 0.341995 -0.817748
v -1.314969 0.341885 -0.817910
v -1.314969 0.341826 -0.817910
v -1.315497 0.341940 -0.817741
v -1.315528 0.341862 -0.817731
v -1.314969 0.341740 -0.817910
v -1.314462 0.341995 -0.818073
v -1.314029 0.342293 -0.818212
v -1.313989 0.342252 -0.818224
v -1.314440 0.341940 -0.818080
v -1.314409 0.341862 -0.818090
v -1.313932 0.342191 -0.818243
v -1.313745 0.342748 -0.818303
v -1.313640 0.343280 -0.818336
v -1.313583 0.343280 -0.818354
v -1.313693 0.342725 -0.818319
v -1.313618 0.342693 -0.818343
v -1.313502 0.343280 -0.818381
v -1.313745 0.343813 -0.818303
v -1.314029 0.344267 -0.818212
v -1.313989 0.344309 -0.818224
v -1.313693 0.343835 -0.818319
v -1.313618 0.343868 -0.818343
v -1.313932 0.344369 -0.818243
v -1.314462 0.344566 -0.818073
v -1.314440 0.344620 -0.818080
v -1.314409 0.344699 -0.818090
v -1.314053 0.344926 -0.817287
v -1.314702 0.345067 -0.817079
v -1.314515 0.345067 -0.816495
v -1.313866 0.344926 -0.816703
v -1.313312 0.344544 -0.816881
v -1.313499 0.344544 -0.817464
v -1.313787 0.344926 -0.816458
v -1.314436 0.345067 -0.816250
v -1.314412 0.345067 -0.816175
v -1.313763 0.344926 -0.816383
v -1.313209 0.344544 -0.816560
v -1.313233 0.344544 -0.816636
v -1.313135 0.343962 -0.817581
v -1.312948 0.343962 -0.816997
v -1.312814 0.343280 -0.817041
v -1.313001 0.343280 -0.817624
v -1.312869 0.343962 -0.816753
v -1.312845 0.343962 -0.816677
v -1.312711 0.343280 -0.816720
v -1.312735 0.343280 -0.816796
v -1.313135 0.342599 -0.817581
v -1.312948 0.342599 -0.816997
v -1.313312 0.342017 -0.816881
v -1.313499 0.342017 -0.817464
v -1.312869 0.342599 -0.816753
v -1.312845 0.342599 -0.816677
v -1.313209 0.342017 -0.816560
v -1.313233 0.342017 -0.816636
v -1.314053 0.341635 -0.817287
v -1.313866 0.341635 -0.816703
v -1.314515 0.341494 -0.816495
v -1.314702 0.341494 -0.817079
v -1.313787 0.341635 -0.816458
v -1.313763 0.341635 -0.816383
v -1.314412 0.341494 -0.816175
v -1.314436 0.341494 -0.816250
v -1.315351 0.341635 -0.816870
v -1.315164 0.341635 -0.816287
v -1.315718 0.342017 -0.816109
v -1.315905 0.342017 -0.816693
v -1.315085 0.341635 -0.816042
v -1.315061 0.341635 -0.815966
v -1.315615 0.342017 -0.815789
v -1.315639 0.342017 -0.815864
v -1.316269 0.342599 -0.816576
v -1.316082 0.342599 -0.815992
v -1.316216 0.343280 -0.815949
v -1.316403 0.343280 -0.816533
v -1.316003 0.342599 -0.815748
v -1.315979 0.342599 -0.815672
v -1.316114 0.343280 -0.815629
v -1.316138 0.343280 -0.815704
v -1.316269 0.343962 -0.816576
v -1.316082 0.343962 -0.815992
v -1.315718 0.344544 -0.816109
v -1.315905 0.344544 -0.816693
v -1.316003 0.343962 -0.815748
v -1.315979 0.343962 -0.815672
v -1.315615 0.344544 -0.815789
v -1.315639 0.344544 -0.815864
v -1.315351 0.344926 -0.816870
v -1.315164 0.344926 -0.816287
v -1.315085 0.344926 -0.816042
v -1.315061 0.344926 -0.815966
v -1.282436 0.348837 -0.708574
v -1.282436 0.348587 -0.708574
v -1.281777 0.348587 -0.707507
v -1.281777 0.348837 -0.707507
v -1.281777 0.349047 -0.707507
v -1.282436 0.349047 -0.708574
v -1.282520 0.349047 -0.709825
v -1.282520 0.348837 -0.709825
v -1.282520 0.348587 -0.709825
v -1.282436 0.349179 -0.708574
v -1.281777 0.349179 -0.707507
v -1.281765 0.349263 -0.707519
v -1.282419 0.349263 -0.708579
v -1.282503 0.349263 -0.709821
v -1.282520 0.349179 -0.709825
v -1.280651 0.348837 -0.706955
v -1.280651 0.348587 -0.706955
v -1.279398 0.348587 -0.706991
v -1.279398 0.348837 -0.706991
v -1.279398 0.349047 -0.706991
v -1.280651 0.349047 -0.706955
v -1.280651 0.349179 -0.706955
v -1.279398 0.349179 -0.706991
v -1.279403 0.349263 -0.707008
v -1.280648 0.349263 -0.706971
v -1.278357 0.348837 -0.707690
v -1.278357 0.348587 -0.707690
v -1.277762 0.348587 -0.708794
v -1.277762 0.348837 -0.708794
v -1.277762 0.349047 -0.708794
v -1.278357 0.349047 -0.707690
v -1.278357 0.349179 -0.707690
v -1.277762 0.349179 -0.708794
v -1.277779 0.349263 -0.708798
v -1.278370 0.349263 -0.707702
v -1.277847 0.348837 -0.710045
v -1.277847 0.348587 -0.710045
v -1.278506 0.348587 -0.711112
v -1.278506 0.348837 -0.711112
v -1.278506 0.349047 -0.711112
v -1.277847 0.349047 -0.710045
v -1.277847 0.349179 -0.710045
v -1.278506 0.349179 -0.711112
v -1.278517 0.349263 -0.711099
v -1.277864 0.349263 -0.710040
v -1.279631 0.348837 -0.711664
v -1.279631 0.348587 -0.711664
v -1.280885 0.348587 -0.711627
v -1.280885 0.348837 -0.711627
v -1.280885 0.349047 -0.711627
v -1.279631 0.349047 -0.711664
v -1.279631 0.349179 -0.711664
v -1.280885 0.349179 -0.711627
v -1.280879 0.349263 -0.711611
v -1.279635 0.349263 -0.711647
v -1.281926 0.348837 -0.710928
v -1.281926 0.348587 -0.710928
v -1.281926 0.349047 -0.710928
v -1.281926 0.349179 -0.710928
v -1.281913 0.349263 -0.710917
v -1.281875 0.349330 -0.710882
v -1.282452 0.349330 -0.709810
v -1.282382 0.349390 -0.709794
v -1.281821 0.349390 -0.710834
v -1.280841 0.349390 -0.711492
v -1.280863 0.349330 -0.711561
v -1.281764 0.349455 -0.710781
v -1.282304 0.349455 -0.709778
v -1.282171 0.349492 -0.709749
v -1.281663 0.349492 -0.710690
v -1.280775 0.349492 -0.711287
v -1.280817 0.349455 -0.711417
v -1.279646 0.349330 -0.711597
v -1.279661 0.349390 -0.711526
v -1.278601 0.349390 -0.711007
v -1.278552 0.349330 -0.711061
v -1.279678 0.349455 -0.711450
v -1.279706 0.349492 -0.711318
v -1.278746 0.349492 -0.710847
v -1.278654 0.349455 -0.710948
v -1.277913 0.349330 -0.710024
v -1.277981 0.349390 -0.710002
v -1.277901 0.349390 -0.708824
v -1.277830 0.349330 -0.708809
v -1.278055 0.349455 -0.709978
v -1.278184 0.349492 -0.709937
v -1.278112 0.349492 -0.708870
v -1.277978 0.349455 -0.708841
v -1.278408 0.349330 -0.707736
v -1.278461 0.349390 -0.707785
v -1.279441 0.349390 -0.707127
v -1.279419 0.349330 -0.707057
v -1.278519 0.349455 -0.707837
v -1.278619 0.349492 -0.707928
v -1.279507 0.349492 -0.707332
v -1.279465 0.349455 -0.707202
v -1.280637 0.349330 -0.707022
v -1.280622 0.349390 -0.707092
v -1.281682 0.349390 -0.707612
v -1.281730 0.349330 -0.707558
v -1.280605 0.349455 -0.707168
v -1.280576 0.349492 -0.707301
v -1.281537 0.349492 -0.707771
v -1.281629 0.349455 -0.707670
v -1.282370 0.349330 -0.708595
v -1.282302 0.349390 -0.708616
v -1.282227 0.349455 -0.708640
v -1.282098 0.349492 -0.708682
v -1.281866 0.349468 -0.708756
v -1.281371 0.349468 -0.707954
v -1.281210 0.349425 -0.708131
v -1.281641 0.349425 -0.708828
v -1.281696 0.349425 -0.709646
v -1.281930 0.349468 -0.709697
v -1.281531 0.349404 -0.708864
v -1.281132 0.349404 -0.708218
v -1.281582 0.349404 -0.709621
v -1.280525 0.349468 -0.707539
v -1.279582 0.349468 -0.707566
v -1.279656 0.349425 -0.707794
v -1.280475 0.349425 -0.707771
v -1.280450 0.349404 -0.707883
v -1.279691 0.349404 -0.707906
v -1.278800 0.349468 -0.708092
v -1.278352 0.349468 -0.708922
v -1.278587 0.349425 -0.708973
v -1.278975 0.349425 -0.708251
v -1.279061 0.349404 -0.708329
v -1.278701 0.349404 -0.708997
v -1.278416 0.349468 -0.709862
v -1.278911 0.349468 -0.710665
v -1.279072 0.349425 -0.710487
v -1.278642 0.349425 -0.709790
v -1.278752 0.349404 -0.709755
v -1.279151 0.349404 -0.710401
v -1.279758 0.349468 -0.711080
v -1.280700 0.349468 -0.711052
v -1.280627 0.349425 -0.710824
v -1.279808 0.349425 -0.710848
v -1.279832 0.349404 -0.710735
v -1.280591 0.349404 -0.710713
v -1.281483 0.349468 -0.710527
v -1.281307 0.349425 -0.710367
v -1.281222 0.349404 -0.710290
vn -0.028500 0.999600 -0.006200
vn -0.044100 0.999000 0.008400
vn -0.029000 0.999100 0.031900
vn -0.013700 0.999800 0.015100
vn 0.000000 1.000000 0.000000
vn -0.006200 0.999800 -0.019500
vn -0.013200 0.999100 -0.041100
vn -0.036700 0.999000 -0.025800
vn -0.046500 0.998800 -0.010000
vn 0.008900 0.999500 0.027800
vn 0.029300 0.999000 0.033900
vn 0.042100 0.999100 0.009100
vn 0.020000 0.999800 0.004300
vn -0.004100 0.999000 0.044600
vn 0.014500 0.998800 0.045300
vn 0.019600 0.999600 -0.021600
vn 0.014800 0.999000 -0.042400
vn 0.040700 0.999000 -0.018800
vn 0.032000 0.998800 -0.035200
vn 0.357400 0.919100 -0.165700
vn 0.359200 0.922000 -0.144400
vn 0.674200 0.707000 -0.213600
vn 0.676000 0.703600 -0.219000
vn 0.688700 0.705100 -0.169000
vn 0.366800 0.922200 -0.122600
vn -0.011500 0.998300 -0.057300
vn -0.016200 0.996100 -0.087100
vn -0.011100 0.998500 -0.053300
vn 0.893000 0.381200 -0.239100
vn 0.888100 0.384900 -0.250900
vn 0.968200 0.004400 -0.250200
vn 0.974900 -0.000400 -0.222700
vn 0.983500 -0.003900 -0.180600
vn 0.905400 0.380000 -0.189400
vn 0.907400 -0.383400 -0.172000
vn 0.901000 -0.379000 -0.211000
vn 0.695100 -0.705300 -0.139300
vn 0.699800 -0.708000 -0.094700
vn 0.698400 -0.710500 -0.085800
vn 0.910800 -0.386700 -0.144200
vn 0.384800 -0.923000 -0.003200
vn 0.381100 -0.923400 -0.045700
vn 0.008400 -0.998400 0.054600
vn 0.011900 -0.996000 0.088400
vn 0.005100 -0.998300 0.058400
vn 0.380400 -0.924600 -0.014700
vn -0.360700 -0.917800 0.165900
vn -0.364200 -0.919800 0.146000
vn -0.680100 -0.701000 0.214700
vn -0.678200 -0.701600 0.218400
vn -0.688400 -0.705600 0.168100
vn -0.369500 -0.921100 0.122400
vn -0.893800 -0.380000 0.238100
vn -0.891700 -0.376900 0.250500
vn -0.968600 0.004700 0.248500
vn -0.975000 0.000100 0.222100
vn -0.983500 -0.003600 0.181100
vn -0.903900 -0.383700 0.188700
vn -0.908100 0.381700 0.172300
vn -0.898700 0.385400 0.209100
vn -0.692100 0.708500 0.137900
vn -0.702000 0.705700 0.096000
vn -0.705200 0.703500 0.088200
vn -0.914000 0.378600 0.145800
vn -0.388200 0.921600 0.004700
vn -0.380300 0.923700 0.045800
vn -0.387800 0.921600 0.016700
vn -0.378800 0.924200 0.048900
vn -0.000200 0.999800 -0.019900
vn 0.003300 0.999800 -0.021300
vn -0.371700 0.924900 0.079600
vn -0.686700 0.707400 0.167400
vn -0.698800 0.706700 0.109900
vn -0.911400 0.381500 0.153900
vn -0.895200 0.382100 0.229100
vn -0.966700 0.001300 0.255900
vn -0.984600 -0.001200 0.174500
vn -0.908100 -0.383300 0.168500
vn -0.892200 -0.380000 0.244000
vn -0.681000 -0.705900 0.194700
vn -0.693300 -0.707500 0.136900
vn -0.372800 -0.924000 0.084400
vn -0.363600 -0.924400 0.114700
vn 0.012700 -0.999800 0.015800
vn 0.005200 -0.999800 0.018600
vn 0.382000 -0.922800 -0.049900
vn 0.384700 -0.919100 -0.085000
vn 0.695200 -0.697900 -0.172100
vn 0.700000 -0.705500 -0.110900
vn 0.911100 -0.381800 -0.154900
vn 0.897500 -0.375000 -0.231900
vn 0.966300 0.001100 -0.257300
vn 0.984400 -0.001300 -0.175600
vn 0.909400 0.379700 -0.169700
vn 0.893300 0.376800 -0.245100
vn 0.687600 0.698900 -0.196800
vn 0.696900 0.703700 -0.138200
vn 0.377500 0.922000 -0.085600
vn 0.375400 0.919200 -0.118400
vn 0.359200 0.918100 -0.167300
vn 0.661300 0.695700 -0.280400
vn 0.632800 0.697600 -0.335800
vn 0.346400 0.919200 -0.187300
vn 0.004300 0.999900 -0.008600
vn -0.002500 0.999600 -0.026900
vn 0.859200 0.373200 -0.349800
vn 0.929900 -0.000400 -0.367700
vn 0.885800 -0.002200 -0.464100
vn 0.820400 0.374500 -0.432100
vn 0.865800 -0.374000 -0.332300
vn 0.673600 -0.696400 -0.247600
vn 0.634000 -0.700400 -0.327600
vn 0.821000 -0.378100 -0.427800
vn 0.375400 -0.918600 -0.123400
vn 0.015600 -0.999600 0.021500
vn 0.008500 -0.999900 0.002900
vn 0.349000 -0.920300 -0.176500
vn -0.348400 -0.922900 0.163900
vn -0.654000 -0.703000 0.279200
vn -0.623700 -0.706800 0.333700
vn -0.334600 -0.924400 0.182900
vn -0.856800 -0.378100 0.350400
vn -0.929600 -0.000300 0.368400
vn -0.884500 -0.002200 0.466400
vn -0.816200 -0.382200 0.433100
vn -0.864400 0.377700 0.331700
vn -0.667800 0.703100 0.244400
vn -0.629400 0.705100 0.326500
vn -0.819800 0.378900 0.429400
vn -0.365700 0.923100 0.118700
vn -0.340200 0.924300 0.172700
vn -0.308500 0.924700 0.223000
vn 0.016500 0.999700 0.017200
vn 0.024000 0.999100 0.035200
vn -0.291400 0.924000 0.247400
vn -0.564100 0.708900 0.423300
vn -0.585800 0.707800 0.394600
vn -0.773300 0.382300 0.505700
vn -0.752200 0.384300 0.535300
vn -0.825400 -0.001200 0.564500
vn -0.842200 -0.001600 0.539000
vn -0.782400 -0.384700 0.489700
vn -0.771400 -0.386200 0.505700
vn -0.599700 -0.710000 0.369000
vn -0.603000 -0.709000 0.365500
vn -0.332000 -0.924800 0.185800
vn -0.338400 -0.924200 0.177100
vn -0.027500 -0.998800 -0.040200
vn -0.010000 -0.999700 -0.022100
vn 0.312800 -0.922500 -0.226100
vn 0.287700 -0.924200 -0.251300
vn 0.561100 -0.710000 -0.425400
vn 0.588200 -0.705400 -0.395500
vn 0.774000 -0.382200 -0.504800
vn 0.750700 -0.386200 -0.535900
vn 0.825100 -0.001200 -0.565000
vn 0.842900 -0.001600 -0.538000
vn 0.784700 0.379400 -0.490200
vn 0.771300 0.384200 -0.507300
vn 0.599000 0.708800 -0.372600
vn 0.607900 0.703300 -0.368500
vn 0.338100 0.921700 -0.190300
vn 0.336200 0.924000 -0.182100
vn 0.304100 0.927400 -0.217700
vn 0.572400 0.717600 -0.396700
vn 0.465500 0.702000 -0.538900
vn 0.171500 0.899000 -0.402900
vn -0.143700 0.967100 -0.210000
vn -0.005500 0.999900 -0.007900
vn 0.757900 0.394800 -0.519200
vn 0.825400 0.006500 -0.564500
vn 0.821900 0.024800 -0.569100
vn 0.696800 0.395600 -0.598300
vn 0.759600 -0.385300 -0.523900
vn 0.573400 -0.712300 -0.404800
vn 0.678100 -0.682800 -0.271800
vn 0.816000 -0.358200 -0.453700
vn 0.301500 -0.926100 -0.226400
vn -0.010900 -0.999800 -0.015900
vn 0.123600 -0.975700 0.180600
vn 0.432500 -0.900300 -0.048800
vn -0.320300 -0.926100 0.199000
vn -0.584900 -0.712200 0.388000
vn -0.498900 -0.682800 0.533700
vn -0.202200 -0.900300 0.385500
vn -0.763500 -0.385200 0.518300
vn -0.825000 0.006500 0.565000
vn -0.828100 0.024900 0.560000
vn -0.718300 -0.358400 0.596300
vn -0.758400 0.394900 0.518500
vn -0.577000 0.717600 0.389900
vn -0.670900 0.702000 0.238700
vn -0.810000 0.395700 0.432800
vn -0.313000 0.927400 0.204500
vn -0.437700 0.899000 0.014000
vn -0.636700 0.715800 -0.286600
vn -0.360300 0.770100 -0.526400
vn -0.505400 0.446500 -0.738400
vn -0.766200 0.414000 -0.491400
vn -0.931500 0.320600 -0.171500
vn -0.828900 0.559300 -0.005800
vn -0.904800 0.316000 0.285200
vn -0.965400 0.175300 0.193100
vn -0.837500 0.004200 0.546500
vn -0.840800 0.025000 0.540600
vn -0.635100 -0.271200 0.723200
vn -0.552900 -0.155000 0.818700
vn -0.181300 -0.268100 0.946100
vn -0.326900 -0.515500 0.792000
vn 0.034500 -0.677400 0.734800
vn 0.198600 -0.329500 0.923000
vn 0.529600 -0.347100 0.773900
vn 0.384500 -0.732400 0.561800
vn 0.672400 -0.677400 0.298300
vn 0.788400 -0.329500 0.519400
vn 0.947600 -0.268200 0.173600
vn 0.856600 -0.515600 -0.018000
vn 0.904100 -0.271000 -0.330100
vn 0.963300 -0.155000 -0.219000
vn 0.812600 0.004300 -0.582800
vn 0.808500 0.024900 -0.588000
vn 0.593600 0.316000 -0.740100
vn 0.529600 0.175300 -0.829900
vn 0.177500 0.320600 -0.930400
vn 0.294700 0.559400 -0.774700
vn -0.036700 0.715800 -0.697300
vn -0.180700 0.414000 -0.892100
vn -0.222200 0.185200 -0.957200
vn 0.150300 0.141100 -0.978500
vn 0.156800 0.033600 -0.987000
vn -0.223500 0.046500 -0.973600
vn -0.564000 0.051300 -0.824200
vn -0.553200 0.200800 -0.808400
vn 0.520000 0.074500 -0.850900
vn 0.819100 -0.000500 -0.573600
vn 0.821500 -0.000800 -0.570100
vn 0.527000 0.016000 -0.849700
vn 0.979500 -0.065300 -0.190400
vn 0.971400 -0.108200 0.211100
vn 0.978600 -0.016400 0.205100
vn 0.981000 -0.012000 -0.193400
vn 0.817800 -0.129800 0.560600
vn 0.559600 -0.135700 0.817600
vn 0.564700 -0.016400 0.825100
vn 0.828500 -0.016800 0.559700
vn 0.226400 -0.129800 0.965300
vn -0.155000 -0.108100 0.982000
vn -0.163200 -0.016400 0.986400
vn 0.221800 -0.016800 0.974900
vn -0.532200 -0.065300 0.844100
vn -0.831300 -0.000500 0.555800
vn -0.828900 -0.000800 0.559300
vn -0.535500 -0.011900 0.844400
vn -0.981400 0.074500 0.176600
vn -0.966500 0.141100 -0.214300
vn -0.976800 0.033600 -0.211200
vn -0.982900 0.016000 0.183500
vn -0.811800 0.185300 -0.553800
vn -0.826500 0.046500 -0.560900
vn -0.833200 -0.006700 -0.552900
vn -0.564700 -0.006800 -0.825300
vn -0.564700 -0.002600 -0.825300
vn -0.836500 -0.002400 -0.547900
vn -0.982400 -0.001800 -0.186800
vn -0.980800 -0.005900 -0.194900
vn -0.980000 -0.003700 0.198600
vn -0.978900 -0.001000 0.204200
vn -0.825000 0.000000 0.565100
vn -0.824600 0.000300 0.565700
vn -0.538300 0.005900 0.842700
vn -0.544400 0.001100 0.838800
vn -0.181100 0.002100 0.983500
vn -0.171700 0.011700 0.985000
vn 0.214600 0.015900 0.976600
vn 0.208100 0.002700 0.978100
vn 0.564700 0.003000 0.825300
vn 0.564700 0.017500 0.825100
vn 0.832600 0.016000 0.553600
vn 0.836400 0.002700 0.548100
vn 0.982300 0.002100 0.187300
vn 0.980400 0.011700 0.196600
vn 0.980500 0.005900 -0.196500
vn 0.979000 0.001100 -0.203600
vn 0.825400 0.000000 -0.564500
vn 0.825900 0.000300 -0.563800
vn 0.540100 -0.003700 -0.841600
vn 0.544900 -0.001000 -0.838500
vn 0.181600 -0.001800 -0.983300
vn 0.173500 -0.005900 -0.984800
vn -0.213600 -0.006700 -0.976900
vn -0.207800 -0.002400 -0.978100
vn -0.206200 0.000200 -0.978500
vn 0.183800 0.000100 -0.982900
vn 0.183600 0.000400 -0.983000
vn -0.206200 0.000500 -0.978500
vn -0.564700 0.000500 -0.825300
vn -0.564800 0.000200 -0.825200
vn 0.546100 0.000100 -0.837700
vn 0.825300 0.000000 -0.564700
vn 0.824800 0.000000 -0.565400
vn 0.545700 0.000200 -0.837900
vn 0.978600 -0.000100 -0.205600
vn 0.982800 -0.000100 0.184700
vn 0.983000 -0.000400 0.183700
vn 0.978400 -0.000200 -0.206600
vn 0.837400 -0.000100 0.546600
vn 0.564700 -0.000200 0.825300
vn 0.564700 -0.000500 0.825300
vn 0.837700 -0.000500 0.546100
vn 0.206300 -0.000100 0.978500
vn -0.183700 -0.000100 0.983000
vn -0.184800 -0.000400 0.982800
vn 0.205700 -0.000500 0.978600
vn -0.546000 -0.000100 0.837800
vn -0.825200 0.000000 0.564800
vn -0.825700 0.000000 0.564000
vn -0.546900 -0.000200 0.837200
vn -0.978600 0.000100 0.205600
vn -0.982800 0.000100 -0.184600
vn -0.982800 0.000400 -0.184700
vn -0.978700 0.000200 0.205200
vn -0.837400 0.000200 -0.546500
vn -0.837400 0.000500 -0.546600
vn -0.363900 0.923300 0.122300
vn -0.674100 0.706000 0.216800
vn -0.672900 0.707000 0.217600
vn -0.363700 0.923900 0.119100
vn 0.000800 1.000000 0.002300
vn 0.001700 0.999900 0.009100
vn 0.005100 0.999800 0.020700
vn -0.362700 0.923100 0.127600
vn -0.675100 0.705700 0.214900
vn -0.368100 0.923700 0.106000
vn -0.680300 0.707300 0.192000
vn 0.000300 1.000000 0.003700
vn -0.881400 0.381700 0.278200
vn -0.954700 -0.000800 0.297300
vn -0.952200 -0.000300 0.305400
vn -0.879500 0.382500 0.283100
vn -0.884200 0.381400 0.269400
vn -0.959100 -0.000700 0.283000
vn -0.889200 0.383900 0.248900
vn -0.963400 0.002900 0.268100
vn -0.883000 -0.383000 0.271400
vn -0.677200 -0.706900 0.204200
vn -0.673700 -0.707300 0.214200
vn -0.879900 -0.383000 0.281200
vn -0.888400 -0.382500 0.253800
vn -0.682800 -0.706500 0.186000
vn -0.891800 -0.379100 0.246900
vn -0.684900 -0.703900 0.188100
vn -0.368500 -0.923600 0.105900
vn -0.003700 -0.999900 -0.008500
vn -0.000700 -1.000000 -0.002300
vn -0.364900 -0.923900 0.114600
vn -0.373200 -0.923400 0.089800
vn -0.006700 -0.999800 -0.020200
vn -0.372500 -0.922600 0.100400
vn -0.002600 -1.000000 -0.003100
vn 0.361800 -0.924300 -0.121800
vn 0.672300 -0.707900 -0.216500
vn 0.672700 -0.707200 -0.217600
vn 0.363600 -0.923900 -0.119000
vn 0.360900 -0.923800 -0.127400
vn 0.673300 -0.707300 -0.215200
vn 0.368100 -0.923600 -0.106300
vn 0.681900 -0.705500 -0.193200
vn 0.880500 -0.383700 -0.278400
vn 0.954600 -0.000900 -0.297700
vn 0.952200 -0.000300 -0.305300
vn 0.879400 -0.382900 -0.283000
vn 0.883300 -0.383100 -0.270200
vn 0.958800 -0.000700 -0.284000
vn 0.890500 -0.379900 -0.250200
vn 0.963100 0.003000 -0.269000
vn 0.883200 0.382300 -0.271700
vn 0.677000 0.707000 -0.204200
vn 0.674100 0.706900 -0.214300
vn 0.880200 0.382300 -0.281200
vn 0.888400 0.382100 -0.254500
vn 0.682500 0.706700 -0.186200
vn 0.889500 0.384500 -0.246800
vn 0.680800 0.708100 -0.187200
vn 0.367400 0.924000 -0.105600
vn 0.365200 0.923800 -0.114700
vn 0.372400 0.923700 -0.089500
vn 0.368900 0.924100 -0.099300
vn 0.273400 0.892800 -0.357900
vn -0.023700 0.557900 -0.829600
vn -0.242800 0.605600 -0.757700
vn -0.078500 0.966300 -0.244900
vn 0.000000 1.000000 0.000000
vn 0.364400 0.923900 -0.116800
vn 0.673300 0.707100 -0.215900
vn 0.571800 0.683400 -0.453900
vn 0.164200 0.428100 -0.888700
vn 0.771200 0.369900 -0.518100
vn 0.287600 0.230900 -0.929500
vn 0.879700 0.382700 -0.282100
vn 0.952200 0.000000 -0.305400
vn 0.841200 0.000000 -0.540700
vn 0.333400 0.000000 -0.942700
vn 0.771300 -0.369800 -0.518000
vn 0.287600 -0.230900 -0.929500
vn 0.879700 -0.382700 -0.282100
vn 0.673400 -0.707100 -0.215900
vn 0.572000 -0.683300 -0.453800
vn 0.164200 -0.428100 -0.888700
vn 0.273500 -0.892800 -0.358000
vn -0.023700 -0.557800 -0.829600
vn 0.364400 -0.923900 -0.116800
vn 0.000000 -1.000000 0.000000
vn -0.078500 -0.966300 -0.245100
vn -0.242900 -0.605500 -0.757900
vn -0.430700 -0.892800 -0.131800
vn -0.463600 -0.557900 -0.688300
vn -0.364300 -0.923900 0.116900
vn -0.673300 -0.707100 0.215900
vn -0.729200 -0.683300 -0.035800
vn -0.651100 -0.428100 -0.626700
vn -0.928600 -0.369900 0.028200
vn -0.774900 -0.231000 -0.588300
vn -0.879800 -0.382600 0.282100
vn -0.952200 0.000000 0.305400
vn -0.998700 0.000000 0.050800
vn -0.819900 0.000000 -0.572500
vn -0.928600 0.369900 0.028300
vn -0.774900 0.231100 -0.588300
vn -0.879700 0.382700 0.282100
vn -0.673200 0.707200 0.215900
vn -0.729100 0.683400 -0.035900
vn -0.650800 0.428200 -0.626900
vn -0.430600 0.892800 -0.131900
vn -0.463300 0.558000 -0.688400
vn -0.364300 0.923900 0.116900
vn 0.298600 -0.906800 -0.297700
vn -0.002800 -0.589100 -0.808000
vn -0.236300 -0.634400 -0.736000
vn -0.059000 -0.981100 -0.184000
vn 0.000000 -1.000000 0.000000
vn 0.364400 -0.923900 -0.116900
vn 0.673300 -0.707100 -0.215900
vn 0.602100 -0.693800 -0.394900
vn 0.191400 -0.448700 -0.872900
vn 0.364400 -0.923900 -0.116900
vn 0.000000 -1.000000 0.000000
vn 0.000000 -1.000000 0.000000
vn 0.364300 -0.923900 -0.116800
vn 0.673400 -0.707100 -0.215900
vn 0.673400 -0.707100 -0.215900
vn 0.805100 -0.375600 -0.459000
vn 0.327100 -0.244500 -0.912800
vn 0.879700 -0.382600 -0.282200
vn 0.952200 0.000000 -0.305400
vn 0.875400 0.000000 -0.483400
vn 0.368800 0.000000 -0.929500
vn 0.879800 -0.382600 -0.282200
vn 0.879800 -0.382600 -0.282100
vn 0.952200 0.000000 -0.305300
vn 0.952200 0.000000 -0.305400
vn 0.805100 0.375600 -0.459000
vn 0.327100 0.244500 -0.912800
vn 0.879800 0.382600 -0.282100
vn 0.673300 0.707100 -0.215900
vn 0.602100 0.694100 -0.394600
vn 0.191300 0.448900 -0.872800
vn 0.879800 0.382600 -0.282100
vn 0.879800 0.382600 -0.282100
vn 0.673400 0.707000 -0.215900
vn 0.673400 0.707000 -0.215900
vn 0.298600 0.906900 -0.297100
vn -0.003000 0.589300 -0.807900
vn 0.364400 0.923900 -0.116800
vn 0.000000 1.000000 0.000000
vn -0.059000 0.981200 -0.183500
vn -0.236400 0.634400 -0.735900
vn 0.364400 0.923900 -0.116900
vn 0.364400 0.923900 -0.116900
vn 0.000000 1.000000 0.000000
vn 0.000000 1.000000 0.000000
vn -0.416100 0.906700 -0.068000
vn -0.467800 0.589600 -0.658400
vn -0.364400 0.923900 0.116900
vn -0.673300 0.707100 0.215900
vn -0.719700 0.693700 0.028400
vn -0.663400 0.448200 -0.599200
vn -0.364400 0.923900 0.116900
vn -0.364400 0.923900 0.116900
vn -0.673300 0.707100 0.215900
vn -0.673300 0.707100 0.215900
vn -0.922000 0.375200 0.095000
vn -0.796800 0.243800 -0.552900
vn -0.879700 0.382700 0.282100
vn -0.952200 0.000000 0.305400
vn -0.993100 0.000000 0.117400
vn -0.840800 0.000000 -0.541400
vn -0.879700 0.382700 0.282100
vn -0.879700 0.382700 0.282100
vn -0.952200 0.000000 0.305300
vn -0.952200 0.000000 0.305300
vn -0.922000 -0.375200 0.095100
vn -0.796800 -0.243900 -0.552800
vn -0.879700 -0.382600 0.282100
vn -0.673300 -0.707100 0.215900
vn -0.719700 -0.693700 0.028500
vn -0.663500 -0.448300 -0.599000
vn -0.879700 -0.382700 0.282100
vn -0.879700 -0.382600 0.282100
vn -0.673300 -0.707100 0.215900
vn -0.673300 -0.707100 0.215900
vn -0.416100 -0.906700 -0.068300
vn -0.467800 -0.589600 -0.658400
vn -0.364400 -0.923900 0.116900
vn -0.364400 -0.923900 0.116800
vn -0.364400 -0.923900 0.116800
vn -0.341200 0.095200 -0.935100
vn -0.305400 -0.000200 -0.952200
vn -0.305300 -0.000100 -0.952200
vn -0.373200 0.073000 -0.924800
vn -0.303800 0.103900 -0.947000
vn -0.305400 0.000000 -0.952200
vn -0.394100 0.039200 -0.918200
vn -0.305400 0.000000 -0.952200
vn -0.305500 0.000000 -0.952100
vn -0.402000 0.000000 -0.915600
vn -0.394100 -0.039200 -0.918200
vn -0.305400 0.000000 -0.952200
vn -0.305200 0.000100 -0.952300
vn -0.373400 -0.072900 -0.924800
vn -0.341200 -0.095100 -0.935100
vn -0.305200 0.000300 -0.952300
vn -0.305300 0.000000 -0.952200
vn -0.303800 -0.103800 -0.947100
vn -0.266300 -0.095400 -0.959100
vn -0.305500 -0.000200 -0.952200
vn -0.305200 0.000000 -0.952300
vn -0.233900 -0.073300 -0.969500
vn -0.212400 -0.039400 -0.976300
vn -0.305100 0.000000 -0.952300
vn -0.305400 0.000000 -0.952200
vn -0.204000 0.000000 -0.979000
vn -0.212300 0.039500 -0.976400
vn -0.305100 0.000000 -0.952300
vn -0.305200 0.000000 -0.952300
vn -0.233700 0.073300 -0.969500
vn -0.266200 0.095500 -0.959200
vn -0.305500 0.000200 -0.952200
vn -0.259000 -0.111100 -0.959400
vn -0.223100 -0.083800 -0.971200
vn -0.305200 0.000000 -0.952300
vn -0.305100 0.000000 -0.952300
vn -0.305300 0.000100 -0.952200
vn -0.303100 -0.118800 -0.945500
vn -0.305400 0.000000 -0.952200
vn -0.305500 0.000000 -0.952100
vn -0.305400 0.000100 -0.952200
vn -0.196800 -0.046100 -0.979300
vn -0.189500 0.000000 -0.981900
vn -0.305400 0.000000 -0.952200
vn -0.305400 0.000000 -0.952200
vn -0.305700 0.000100 -0.952100
vn -0.305700 0.000000 -0.952100
vn -0.196900 0.046100 -0.979300
vn -0.223500 0.083700 -0.971100
vn -0.305300 0.000000 -0.952200
vn -0.305400 0.000000 -0.952200
vn -0.305600 -0.000100 -0.952100
vn -0.305500 -0.000100 -0.952200
vn -0.259500 0.110900 -0.959300
vn -0.303100 0.118600 -0.945500
vn -0.305200 -0.000100 -0.952200
vn -0.305200 0.000000 -0.952200
vn -0.305400 0.000000 -0.952200
vn -0.305400 -0.000100 -0.952200
vn -0.347200 0.111100 -0.931200
vn -0.383100 0.083800 -0.919900
vn -0.305600 0.000100 -0.952100
vn -0.305400 -0.000100 -0.952200
vn -0.305400 0.000000 -0.952200
vn -0.305400 0.000200 -0.952200
vn -0.408800 0.046100 -0.911500
vn -0.416500 0.000000 -0.909100
vn -0.305300 0.000000 -0.952200
vn -0.305400 0.000200 -0.952200
vn -0.305400 0.000100 -0.952200
vn -0.305400 0.000000 -0.952200
vn -0.408900 -0.046100 -0.911400
vn -0.383000 -0.083900 -0.919900
vn -0.305400 -0.000200 -0.952200
vn -0.305500 -0.000100 -0.952200
vn -0.305400 0.000000 -0.952200
vn -0.305300 -0.000200 -0.952200
vn -0.347100 -0.111300 -0.931200
vn -0.305300 0.000100 -0.952200
vn -0.305400 -0.000100 -0.952200
vn 0.364400 0.923900 -0.116800
vn 0.000000 1.000000 0.000000
vn 0.000000 1.000000 0.000000
vn 0.364400 0.923900 -0.116900
vn 0.673300 0.707100 -0.215900
vn 0.673300 0.707100 -0.215900
vn 0.364200 0.923900 -0.116900
vn 0.000000 1.000000 0.000000
vn -0.000100 1.000000 0.000000
vn 0.364000 0.924000 -0.116800
vn 0.672900 0.707500 -0.215800
vn 0.673100 0.707300 -0.215900
vn 0.879700 0.382700 -0.282100
vn 0.879800 0.382600 -0.282100
vn 0.952200 0.000000 -0.305300
vn 0.952200 0.000000 -0.305400
vn 0.879700 0.382800 -0.282100
vn 0.879600 0.382900 -0.282100
vn 0.952200 0.000000 -0.305200
vn 0.952200 0.000000 -0.305300
vn 0.879700 -0.382800 -0.282100
vn 0.879700 -0.382700 -0.282100
vn 0.673300 -0.707100 -0.215900
vn 0.673300 -0.707100 -0.215900
vn 0.879700 -0.382800 -0.282000
vn 0.879700 -0.382900 -0.281900
vn 0.673100 -0.707400 -0.215800
vn 0.673200 -0.707200 -0.215900
vn 0.364400 -0.923900 -0.116900
vn 0.364400 -0.923900 -0.116900
vn 0.000000 -1.000000 0.000000
vn 0.000000 -1.000000 0.000000
vn 0.364300 -0.923900 -0.116900
vn 0.364200 -0.923900 -0.116800
vn 0.000000 -1.000000 0.000000
vn 0.000000 -1.000000 0.000000
vn -0.364400 -0.923900 0.116900
vn -0.364400 -0.923900 0.116800
vn -0.673300 -0.707100 0.215900
vn -0.673300 -0.707100 0.215900
vn -0.364300 -0.923900 0.116900
vn -0.364200 -0.923900 0.117000
vn -0.673000 -0.707200 0.216400
vn -0.673200 -0.707100 0.216200
vn -0.879800 -0.382600 0.282100
vn -0.879800 -0.382700 0.282100
vn -0.952200 0.000000 0.305300
vn -0.952200 0.000000 0.305400
vn -0.879700 -0.382700 0.282200
vn -0.879700 -0.382600 0.282300
vn -0.952300 0.000000 0.305200
vn -0.952200 0.000000 0.305300
vn -0.879800 0.382600 0.282100
vn -0.879800 0.382600 0.282100
vn -0.673300 0.707100 0.215900
vn -0.673300 0.707100 0.215900
vn -0.879700 0.382700 0.282200
vn -0.879700 0.382700 0.282300
vn -0.673000 0.707200 0.216300
vn -0.673300 0.707100 0.216100
vn -0.364400 0.923900 0.116900
vn -0.364400 0.923900 0.116900
vn -0.364300 0.923900 0.116900
vn -0.364200 0.923900 0.117000
vn -0.952200 0.000000 0.305400
vn -0.952200 0.000000 0.305400
vn -0.671900 0.000000 0.740600
vn -0.671900 0.000000 0.740600
vn -0.671900 0.000000 0.740600
vn -0.952200 0.000000 0.305400
vn -0.977300 0.000000 -0.211700
vn -0.977300 0.000000 -0.211600
vn -0.977300 0.000000 -0.211600
vn -0.947500 0.099600 0.303800
vn -0.668600 0.099900 0.736900
vn -0.614000 0.406300 0.676600
vn -0.870400 0.405400 0.279200
vn -0.892800 0.406900 -0.193300
vn -0.972400 0.100600 -0.210600
vn -0.211600 0.000000 0.977300
vn -0.211600 0.000000 0.977300
vn 0.305300 0.000000 0.952200
vn 0.305300 0.000000 0.952200
vn 0.305300 0.000000 0.952200
vn -0.211600 0.000000 0.977300
vn -0.210500 0.099100 0.972500
vn 0.303900 0.099900 0.947400
vn 0.278800 0.406400 0.870100
vn -0.193500 0.405300 0.893400
vn 0.740600 0.000000 0.672000
vn 0.740600 0.000000 0.671900
vn 0.977300 0.000000 0.211600
vn 0.977300 0.000000 0.211600
vn 0.977300 0.000000 0.211600
vn 0.740600 0.000000 0.671900
vn 0.737000 0.098800 0.668600
vn 0.972500 0.099200 0.210600
vn 0.893200 0.405900 0.193400
vn 0.677200 0.404900 0.614400
vn 0.952200 0.000000 -0.305300
vn 0.952200 0.000000 -0.305300
vn 0.672000 0.000000 -0.740600
vn 0.672000 0.000000 -0.740600
vn 0.672000 0.000000 -0.740600
vn 0.952200 0.000000 -0.305300
vn 0.947600 0.098700 -0.303800
vn 0.668600 0.099800 -0.736800
vn 0.614000 0.406300 -0.676600
vn 0.870600 0.405000 -0.279200
vn 0.211600 0.000000 -0.977300
vn 0.211600 0.000000 -0.977300
vn -0.305300 0.000000 -0.952200
vn -0.305300 0.000000 -0.952200
vn -0.305300 0.000000 -0.952200
vn 0.211600 0.000000 -0.977300
vn 0.210600 0.099000 -0.972500
vn -0.303800 0.099600 -0.947500
vn -0.279100 0.406400 -0.870000
vn 0.193400 0.405300 -0.893500
vn -0.740600 0.000000 -0.672000
vn -0.740600 0.000000 -0.672000
vn -0.740500 0.000000 -0.672000
vn -0.736900 0.099100 -0.668700
vn -0.677000 0.405400 -0.614200
vn -0.538500 0.686600 -0.488400
vn -0.708700 0.688600 -0.153400
vn -0.622700 0.770700 -0.134800
vn -0.474600 0.767500 -0.430800
vn -0.194600 0.770600 -0.606900
vn -0.221200 0.689000 -0.690100
vn -0.361700 0.872600 -0.328200
vn -0.477900 0.872300 -0.103400
vn -0.113700 0.993200 -0.024600
vn -0.083800 0.993600 -0.076000
vn -0.035500 0.993200 -0.110800
vn -0.149300 0.872300 -0.465600
vn 0.154000 0.686500 -0.710600
vn 0.135600 0.767300 -0.626700
vn 0.428200 0.770700 -0.471800
vn 0.487200 0.688700 -0.536900
vn 0.103500 0.872400 -0.477600
vn 0.023900 0.993600 -0.110500
vn 0.078200 0.993200 -0.086200
vn 0.328400 0.872300 -0.362100
vn 0.692300 0.686500 -0.222000
vn 0.610500 0.767400 -0.195700
vn 0.622800 0.770600 0.134900
vn 0.708300 0.689000 0.153400
vn 0.465100 0.872600 -0.149100
vn 0.107700 0.993600 -0.034500
vn 0.113500 0.993200 0.024500
vn 0.477900 0.872200 0.103500
vn 0.538500 0.686300 0.488800
vn 0.474900 0.767300 0.430900
vn 0.194600 0.770600 0.606900
vn 0.221400 0.688700 0.690400
vn 0.361900 0.872400 0.328500
vn 0.083600 0.993600 0.075900
vn 0.035500 0.993200 0.110800
vn 0.149400 0.872200 0.465700
vn -0.153800 0.686400 0.710700
vn -0.135700 0.767300 0.626700
vn -0.428200 0.770600 0.471900
vn -0.487100 0.688800 0.536900
vn -0.103400 0.872500 0.477500
vn -0.023900 0.993600 0.110500
vn -0.078100 0.993200 0.086100
vn -0.328700 0.872200 0.362200
vn -0.692600 0.686300 0.222000
vn -0.610600 0.767300 0.195700
vn -0.465600 0.872300 0.149300
vn -0.107600 0.993600 0.034500
vn 0.126000 0.991200 -0.040400
vn 0.087400 0.991500 -0.096300
vn 0.119600 0.984000 -0.131800
vn 0.171100 0.983700 -0.054900
vn 0.173800 0.984000 0.037600
vn 0.127100 0.991500 0.027500
vn 0.120500 0.992000 -0.037500
vn 0.085000 0.991900 -0.093600
vn 0.123700 0.991900 0.026800
vn 0.028000 0.991200 -0.129300
vn -0.039700 0.991500 -0.123800
vn -0.054300 0.984000 -0.169400
vn 0.038000 0.983700 -0.175700
vn 0.025600 0.992000 -0.123600
vn -0.038600 0.991900 -0.120500
vn -0.098000 0.991200 -0.089000
vn -0.127100 0.991500 -0.027500
vn -0.173800 0.984000 -0.037700
vn -0.133100 0.983700 -0.120700
vn -0.092700 0.992000 -0.085600
vn -0.123400 0.992000 -0.026700
vn -0.126100 0.991200 0.040400
vn -0.087400 0.991500 0.096300
vn -0.119500 0.984000 0.131700
vn -0.171100 0.983700 0.054900
vn -0.119800 0.992000 0.039600
vn -0.085000 0.991900 0.093700
vn -0.028000 0.991200 0.129400
vn 0.039700 0.991500 0.123900
vn 0.054400 0.984000 0.169500
vn -0.038000 0.983700 0.175600
vn -0.027800 0.992000 0.123100
vn 0.038600 0.992000 0.120300
vn 0.098000 0.991200 0.089000
vn 0.133100 0.983700 0.120800
vn 0.094200 0.992000 0.084000
vt -0.892600 3.704600
vt -0.890600 3.699900
vt -0.886100 3.701600
vt -0.888200 3.706300
vt -0.890200 3.710800
vt -0.894000 3.710600
vt -0.897900 3.710500
vt -0.896500 3.704300
vt -0.894100 3.700800
vt -0.885100 3.711000
vt -0.883100 3.715700
vt -0.886400 3.720300
vt -0.888300 3.715400
vt -0.882900 3.706300
vt -0.881900 3.711100
vt -0.892800 3.716800
vt -0.896700 3.716700
vt -0.891000 3.721600
vt -0.894400 3.720400
vt -1.145200 3.146300
vt -1.145200 3.146300
vt -1.145200 3.146300
vt -1.145200 3.146300
vt -1.145200 3.146300
vt -1.145200 3.146300
vt -1.145200 3.146300
vt -1.145200 3.146300
vt -1.145200 3.146300
vt -1.145200 3.146300
vt -1.145200 3.146300
vt -1.145200 3.146300
vt -1.145200 3.146300
vt -1.145200 3.146300
vt -1.145200 3.146300
vt -1.145200 3.146300
vt -1.145200 3.146300
vt -1.145200 3.146300
vt -1.145200 3.146300
vt -1.145200 3.146300
vt -1.145200 3.146300
vt -1.145200 3.146300
vt -1.145200 3.146300
vt -1.145200 3.146300
vt -1.145200 3.146300
vt -1.145200 3.146400
vt -1.145200 3.146400
vt -1.145200 3.146300
vt -1.145200 3.146300
vt -1.145200 3.146300
vt -1.145200 3.146300
vt -1.145200 3.146400
vt -1.145200 3.146400
vt -1.145200 3.146300
vt -1.145200 3.146300
vt -1.145200 3.146300
vt -1.145200 3.146300
vt -1.145200 3.146300
vt -1.145200 3.146400
vt -1.145200 3.146300
vt -1.145200 3.146300
vt -1.145200 3.146300
vt -1.145200 3.146300
vt -1.145200 3.146300
vt -1.145200 3.146300
vt -1.145200 3.146300
vt -1.145200 3.146300
vt -1.145200 3.146300
vt -1.145200 3.146400
vt -1.145200 3.146400
vt -1.145200 3.146400
vt -1.145300 3.146400
vt -1.145300 3.146400
vt -1.145200 3.146300
vt -1.145200 3.146300
vt -1.145300 3.146300
vt -1.145300 3.146300
vt -1.145200 3.146300
vt -1.145200 3.146300
vt -1.145300 3.146300
vt -1.145200 3.146200
vt -1.145200 3.146300
vt -1.145200 3.146300
vt -1.145200 3.146200
vt -1.145200 3.146200
vt -1.145200 3.146300
vt -1.145200 3.146300
vt -1.145200 3.146300
vt -1.145200 3.146300
vt -1.145200 3.146300
vt -1.145200 3.146300
vt -1.145100 3.146300
vt -1.145200 3.146400
vt -1.145200 3.146300
vt -1.145200 3.146400
vt -1.145200 3.146400
vt -1.145200 3.146400
vt -1.145200 3.146400
vt -1.145200 3.146400
vt -1.145200 3.146400
vt -1.145200 3.146200
vt -1.145200 3.146200
vt -1.145300 3.146200
vt -1.145200 3.146100
vt -1.145200 3.146200
vt -1.145200 3.146200
vt -1.145300 3.146300
vt -1.145300 3.146300
vt -1.145300 3.146300
vt -1.145300 3.146200
vt -1.145300 3.146300
vt -1.145300 3.146400
vt -1.145300 3.146400
vt -1.145300 3.146300
vt -1.145300 3.146400
vt -1.145200 3.146400
vt -1.145300 3.146500
vt -1.145300 3.146400
vt -1.145200 3.146400
vt -1.145200 3.146400
vt -1.145200 3.146500
vt -1.145200 3.146500
vt -1.145200 3.146400
vt -1.145100 3.146400
vt -1.145100 3.146400
vt -1.145100 3.146400
vt -1.145100 3.146300
vt -1.145100 3.146300
vt -1.145100 3.146300
vt -1.145100 3.146300
vt -1.145200 3.146300
vt -1.145100 3.146200
vt -1.145300 3.146400
vt -1.145200 3.146400
vt -1.145300 3.146500
vt -1.145300 3.146500
vt -1.145400 3.146400
vt -1.145300 3.146400
vt -1.145300 3.146300
vt -1.145400 3.146300
vt -1.145400 3.146200
vt -1.145300 3.146300
vt -1.145300 3.146200
vt -1.145300 3.146100
vt -1.145300 3.146000
vt -1.145300 3.146100
vt -1.145200 3.146100
vt -1.145200 3.146000
vt -1.145100 3.146100
vt -1.145200 3.146200
vt -1.145100 3.146200
vt -1.145100 3.146100
vt -1.145000 3.146200
vt -1.145100 3.146300
vt -1.145100 3.146300
vt -1.145000 3.146300
vt -1.145000 3.146400
vt -1.145100 3.146400
vt -1.145100 3.146400
vt -1.145000 3.146500
vt -1.145100 3.146600
vt -1.145200 3.146500
vt -1.145200 3.146400
vt -1.145200 3.146600
vt -1.145200 3.146000
vt -1.145300 3.146000
vt -1.145000 3.147900
vt -1.145400 3.147900
vt -1.145700 3.147800
vt -1.145100 3.146000
vt -1.145400 3.146000
vt -1.145400 3.146100
vt -1.144300 3.147400
vt -1.144700 3.147700
vt -1.145500 3.146200
vt -1.145600 3.146400
vt -1.144000 3.146100
vt -1.144100 3.146900
vt -1.145500 3.146700
vt -1.145400 3.146900
vt -1.144700 3.144800
vt -1.144200 3.145300
vt -1.145200 3.146900
vt -1.145000 3.146800
vt -1.145900 3.145000
vt -1.145300 3.144700
vt -1.144900 3.146600
vt -1.144900 3.146400
vt -1.146400 3.146200
vt -1.146200 3.145500
vt -1.144900 3.146200
vt -1.145000 3.146100
vt -1.146200 3.147200
vt -1.146300 3.146700
vt -1.145000 3.146100
vt -1.145900 3.147500
vt -1.149600 3.153200
vt -1.147900 3.154700
vt -1.147600 3.153800
vt -1.148800 3.152700
vt -1.149800 3.151100
vt -1.151100 3.151100
vt -1.152100 3.148200
vt -1.150700 3.149100
vt -1.151200 3.146300
vt -1.152300 3.144700
vt -1.151500 3.140700
vt -1.151000 3.142600
vt -1.149500 3.139000
vt -1.149400 3.137200
vt -1.145800 3.135400
vt -1.146000 3.136700
vt -1.142200 3.136800
vt -1.141900 3.135900
vt -1.139000 3.139600
vt -1.139500 3.140700
vt -1.138500 3.145800
vt -1.137500 3.144500
vt -1.138000 3.149000
vt -1.139300 3.149800
vt -1.141200 3.152500
vt -1.139600 3.152600
vt -1.141600 3.154700
vt -1.143000 3.153800
vt -1.144600 3.154300
vt -1.143800 3.155600
vt -1.145900 3.155500
vt -1.146200 3.154300
vt -1.145500 3.129600
vt -1.150500 3.129200
vt -1.151100 3.121200
vt -1.144800 3.122700
vt -1.138800 3.126400
vt -1.140700 3.132100
vt -1.155500 3.132200
vt -1.159200 3.138100
vt -1.163300 3.131100
vt -1.157800 3.124100
vt -1.160300 3.146100
vt -1.159000 3.154100
vt -1.165800 3.154400
vt -1.166200 3.142000
vt -1.155600 3.159800
vt -1.150800 3.163700
vt -1.153900 3.173500
vt -1.161300 3.165600
vt -1.145500 3.166100
vt -1.140100 3.165800
vt -1.135700 3.173000
vt -1.144700 3.175800
vt -1.134900 3.161800
vt -1.131400 3.155200
vt -1.124900 3.154800
vt -1.128800 3.165100
vt -1.130800 3.147500
vt -1.132500 3.140300
vt -1.127900 3.135500
vt -1.124900 3.144300
vt -1.136100 3.135500
vt -1.132900 3.130100
vt -1.160700 3.165400
vt -1.153900 3.173500
vt -1.159900 3.192500
vt -1.171900 3.179600
vt -1.180000 3.160600
vt -1.164800 3.153500
vt -1.165800 3.140300
vt -1.183100 3.138100
vt -1.180400 3.116400
vt -1.163500 3.128200
vt -1.157900 3.119700
vt -1.170900 3.099400
vt -1.157800 3.090600
vt -1.150800 3.115900
vt -1.144200 3.118100
vt -1.144400 3.093200
vt -1.130900 3.101500
vt -1.137600 3.122700
vt -1.130800 3.126400
vt -1.117300 3.109900
vt -1.107000 3.122000
vt -1.125200 3.131800
vt -1.122500 3.141600
vt -1.102900 3.141400
vt -1.105600 3.162600
vt -1.123200 3.153100
vt -1.128200 3.163600
vt -1.115400 3.180000
vt -1.129400 3.191900
vt -1.135900 3.171400
vt -1.145000 3.175100
vt -1.145000 3.196300
vt -1.143900 3.096000
vt -1.156400 3.094800
vt -1.200000 2.938900
vt -1.142100 2.934900
vt -1.085100 2.958400
vt -1.131200 3.102600
vt -1.168000 3.102600
vt -1.177000 3.117600
vt -1.292900 3.045400
vt -1.253400 2.978400
vt -1.181500 3.137800
vt -1.180800 3.160700
vt -1.300700 3.223500
vt -1.309200 3.132400
vt -1.174200 3.183800
vt -1.162300 3.199800
vt -1.212800 3.357800
vt -1.266200 3.302800
vt -1.145700 3.201400
vt -1.129000 3.192800
vt -1.082100 3.358700
vt -1.147600 3.376200
vt -1.116300 3.178200
vt -1.108600 3.160000
vt -0.992400 3.231300
vt -1.027900 3.306400
vt -1.106600 3.140700
vt -1.110100 3.123400
vt -0.997700 3.064000
vt -0.983000 3.145600
vt -1.119200 3.111200
vt -1.034400 3.001500
vt -1.145200 3.146300
vt -1.145200 3.146300
vt -1.145200 3.146300
vt -1.145200 3.146300
vt -1.145200 3.146300
vt -1.145200 3.146300
vt -1.145200 3.146300
vt -1.145200 3.146300
vt -1.145200 3.146300
vt -1.145200 3.146300
vt -1.145200 3.146300
vt -1.145200 3.146300
vt -1.145200 3.146300
vt -1.145200 3.146300
vt -1.145200 3.146300
vt -1.145200 3.146300
vt -1.145200 3.146300
vt -1.145200 3.146300
vt -1.145200 3.146300
vt -1.145200 3.146300
vt -1.145200 3.146300
vt -1.145200 3.146300
vt -1.145200 3.146300
vt -1.145200 3.146300
vt -1.145200 3.146300
vt -1.145200 3.146300
vt -1.145200 3.146300
vt -1.145200 3.146300
vt -1.145200 3.146300
vt -1.145200 3.146300
vt -1.145200 3.146300
vt -1.145200 3.146300
vt -1.145200 3.146300
vt -1.145200 3.146300
vt -1.145200 3.146300
vt -1.145200 3.146300
vt -1.145200 3.146300
vt -1.145200 3.146300
vt -1.145200 3.146300
vt -1.145200 3.146300
vt -1.145200 3.146300
vt -1.145200 3.146300
vt -1.145200 3.146300
vt -1.145200 3.146300
vt -1.145200 3.146300
vt -1.145200 3.146300
vt -1.145200 3.146300
vt -1.145200 3.146300
vt -1.145200 3.146300
vt -1.145200 3.146300
vt -1.145200 3.146300
vt -1.145200 3.146300
vt -1.145200 3.146300
vt -1.145200 3.146300
vt -1.145200 3.146300
vt -1.145200 3.146300
vt -1.145200 3.146300
vt -1.145200 3.146300
vt -1.145200 3.146300
vt -1.145200 3.146300
vt -1.145200 3.146300
vt -1.145200 3.146300
vt -1.145200 3.146300
vt -1.145200 3.146300
vt -0.821500 3.644300
vt -0.821500 3.643500
vt -0.817600 3.643000
vt -0.817400 3.643800
vt -0.816400 3.647300
vt -0.821600 3.648100
vt -0.826600 3.646300
vt -0.825400 3.642700
vt -0.825200 3.641900
vt -0.828500 3.639200
vt -0.828100 3.638600
vt -0.830700 3.641900
vt -0.833400 3.635800
vt -0.830500 3.634400
vt -0.830000 3.634100
vt -0.831100 3.628800
vt -0.830500 3.628900
vt -0.834100 3.628600
vt -0.832800 3.621500
vt -0.830200 3.623300
vt -0.829700 3.623700
vt -0.827800 3.618700
vt -0.827400 3.619300
vt -0.829600 3.615700
vt -0.825000 3.612000
vt -0.824200 3.615600
vt -0.824000 3.616400
vt -0.820100 3.614900
vt -0.820100 3.615700
vt -0.819900 3.611200
vt -0.814900 3.613100
vt -0.816000 3.616300
vt -0.816300 3.617000
vt -0.812700 3.619800
vt -0.813100 3.620400
vt -0.810800 3.617500
vt -0.808200 3.623700
vt -0.810500 3.624800
vt -0.811100 3.625100
vt -0.810000 3.630700
vt -0.810600 3.630700
vt -0.807500 3.630800
vt -0.808800 3.637800
vt -0.811100 3.636400
vt -0.811700 3.636000
vt -0.813800 3.640900
vt -0.814200 3.640300
vt -0.812000 3.643600
vt -0.816400 3.636800
vt -0.816100 3.637200
vt -0.818600 3.639100
vt -0.818700 3.638600
vt -0.818900 3.637400
vt -0.816900 3.635800
vt -0.815500 3.633300
vt -0.814700 3.633900
vt -0.814300 3.634100
vt -0.818200 3.633700
vt -0.819500 3.634700
vt -0.820300 3.631300
vt -0.819800 3.630900
vt -0.819500 3.630400
vt -0.817300 3.632000
vt -0.813900 3.630300
vt -0.813500 3.630300
vt -0.814800 3.630200
vt -0.815000 3.627000
vt -0.814200 3.626600
vt -0.813800 3.626400
vt -0.816800 3.630000
vt -0.819400 3.629800
vt -0.819500 3.629200
vt -0.817000 3.628000
vt -0.815500 3.623400
vt -0.815300 3.623100
vt -0.816200 3.624300
vt -0.818100 3.622300
vt -0.817700 3.621100
vt -0.817500 3.620700
vt -0.817800 3.626200
vt -0.819700 3.628600
vt -0.820100 3.628200
vt -0.819000 3.624900
vt -0.820300 3.620300
vt -0.820300 3.619800
vt -0.820300 3.621500
vt -0.822600 3.622000
vt -0.822900 3.620800
vt -0.823000 3.620300
vt -0.820400 3.624400
vt -0.820600 3.628000
vt -0.821100 3.628000
vt -0.821900 3.624600
vt -0.825200 3.622700
vt -0.825400 3.622400
vt -0.824600 3.623600
vt -0.825900 3.626200
vt -0.826700 3.625600
vt -0.827000 3.625400
vt -0.823200 3.625700
vt -0.821600 3.628300
vt -0.821900 3.628900
vt -0.824200 3.627400
vt -0.827300 3.629100
vt -0.827700 3.629100
vt -0.826500 3.629200
vt -0.826200 3.632300
vt -0.827000 3.632700
vt -0.827300 3.632900
vt -0.824500 3.629400
vt -0.822100 3.629600
vt -0.822000 3.630300
vt -0.824400 3.631400
vt -0.825700 3.635800
vt -0.826000 3.636100
vt -0.825100 3.635000
vt -0.823400 3.637000
vt -0.823800 3.638000
vt -0.823900 3.638500
vt -0.823600 3.633200
vt -0.821800 3.630900
vt -0.821300 3.631300
vt -0.822500 3.634500
vt -0.821300 3.639000
vt -0.821300 3.639500
vt -0.821200 3.637800
vt -0.821000 3.635000
vt -0.820800 3.631400
vt -0.814600 3.639700
vt -0.814900 3.639200
vt -0.812700 3.635300
vt -0.812200 3.635700
vt -0.817800 3.642300
vt -0.818000 3.641500
vt -0.811200 3.630600
vt -0.811700 3.630500
vt -0.812100 3.625600
vt -0.811600 3.625400
vt -0.813500 3.620900
vt -0.813900 3.621400
vt -0.816700 3.618400
vt -0.816500 3.617700
vt -0.820200 3.616500
vt -0.820200 3.617200
vt -0.823700 3.617900
vt -0.823900 3.617200
vt -0.827000 3.619900
vt -0.826600 3.620500
vt -0.828700 3.624400
vt -0.829200 3.624000
vt -0.830000 3.628900
vt -0.829500 3.629000
vt -0.829000 3.633600
vt -0.829500 3.633900
vt -0.827700 3.638200
vt -0.827300 3.637700
vt -0.824700 3.640600
vt -0.824900 3.641300
vt -0.821500 3.642700
vt -0.821400 3.642000
vt -0.815900 3.637600
vt -0.814000 3.634400
vt -0.813600 3.634700
vt -0.815600 3.638000
vt -0.818300 3.640100
vt -0.818400 3.639600
vt -0.815300 3.638600
vt -0.813200 3.635000
vt -0.818200 3.640800
vt -0.813200 3.630400
vt -0.813500 3.626300
vt -0.813100 3.626100
vt -0.812700 3.630400
vt -0.812200 3.630500
vt -0.812600 3.625900
vt -0.815000 3.622700
vt -0.817400 3.620200
vt -0.817200 3.619700
vt -0.814700 3.622300
vt -0.814300 3.621900
vt -0.817000 3.619100
vt -0.820300 3.619300
vt -0.823200 3.619900
vt -0.823300 3.619300
vt -0.820200 3.618700
vt -0.820200 3.618000
vt -0.823500 3.618600
vt -0.825700 3.622000
vt -0.827400 3.625200
vt -0.827800 3.625000
vt -0.825900 3.621600
vt -0.826300 3.621000
vt -0.828200 3.624700
vt -0.828000 3.629100
vt -0.827700 3.633000
vt -0.828100 3.633200
vt -0.828500 3.629100
vt -0.829000 3.629000
vt -0.828500 3.633400
vt -0.826300 3.636400
vt -0.824100 3.638900
vt -0.824300 3.639400
vt -0.826600 3.636800
vt -0.826900 3.637200
vt -0.824500 3.640000
vt -0.821300 3.640000
vt -0.821400 3.640600
vt -0.821400 3.641200
vt -0.821800 3.658000
vt -0.814000 3.656200
vt -0.811400 3.665500
vt -0.822100 3.668300
vt -0.833000 3.665400
vt -0.829700 3.655600
vt -0.822100 3.673300
vt -0.810100 3.670000
vt -0.809400 3.672200
vt -0.822100 3.675700
vt -0.835200 3.672400
vt -0.834500 3.670200
vt -0.836500 3.649000
vt -0.842400 3.656400
vt -0.848600 3.643200
vt -0.840800 3.639400
vt -0.845300 3.660100
vt -0.846600 3.661800
vt -0.854100 3.645900
vt -0.852300 3.645000
vt -0.841700 3.628000
vt -0.849700 3.627300
vt -0.846200 3.612000
vt -0.839400 3.616800
vt -0.853500 3.627000
vt -0.855400 3.626800
vt -0.851200 3.608300
vt -0.849600 3.609500
vt -0.834100 3.608100
vt -0.838800 3.600200
vt -0.829100 3.593300
vt -0.827000 3.602800
vt -0.841100 3.596300
vt -0.842200 3.594400
vt -0.830500 3.586300
vt -0.830100 3.588600
vt -0.819200 3.602000
vt -0.818500 3.592400
vt -0.808700 3.596800
vt -0.811900 3.605100
vt -0.818200 3.587700
vt -0.818000 3.585400
vt -0.806400 3.590800
vt -0.807200 3.592800
vt -0.806100 3.611800
vt -0.801200 3.605900
vt -0.796400 3.618100
vt -0.802400 3.620900
vt -0.798800 3.603000
vt -0.797600 3.601600
vt -0.792000 3.616000
vt -0.793400 3.616700
vt -0.801300 3.631300
vt -0.794900 3.631800
vt -0.796900 3.645400
vt -0.802900 3.641600
vt -0.791700 3.632000
vt -0.790100 3.632100
vt -0.792400 3.648100
vt -0.793800 3.647300
vt -0.807400 3.650300
vt -0.802700 3.657300
vt -0.800300 3.660600
vt -0.799200 3.662200
vt -0.890500 3.745800
vt -0.890500 3.749500
vt -0.904500 3.744100
vt -0.903200 3.740900
vt -0.902000 3.738100
vt -0.890500 3.742600
vt -0.878900 3.739100
vt -0.877700 3.742000
vt -0.876400 3.745200
vt -0.890600 3.739900
vt -0.901100 3.735700
vt -0.900400 3.733800
vt -0.890700 3.737700
vt -0.880800 3.734900
vt -0.879900 3.736800
vt -0.912300 3.727600
vt -0.914500 3.729400
vt -0.918500 3.710100
vt -0.915800 3.710100
vt -0.913400 3.710100
vt -0.910300 3.726000
vt -0.908600 3.724600
vt -0.911500 3.710000
vt -0.909900 3.710000
vt -0.907300 3.723400
vt -0.911900 3.692900
vt -0.914100 3.691100
vt -0.903800 3.676800
vt -0.902500 3.680000
vt -0.901300 3.682800
vt -0.909800 3.694500
vt -0.908200 3.695700
vt -0.900300 3.685100
vt -0.899400 3.687000
vt -0.906700 3.696700
vt -0.889700 3.675700
vt -0.889700 3.672100
vt -0.875700 3.677000
vt -0.877000 3.680200
vt -0.878200 3.683100
vt -0.889700 3.679000
vt -0.889600 3.681600
vt -0.879100 3.685500
vt -0.879800 3.687400
vt -0.889600 3.683800
vt -0.867700 3.693600
vt -0.865500 3.691800
vt -0.861400 3.711400
vt -0.864100 3.711400
vt -0.866600 3.711400
vt -0.869800 3.695300
vt -0.871500 3.696700
vt -0.868500 3.711500
vt -0.870200 3.711600
vt -0.872800 3.697900
vt -0.868200 3.729000
vt -0.865900 3.730800
vt -0.870200 3.727400
vt -0.871900 3.726100
vt -0.873400 3.725000
vt -0.874700 3.724000
vt -0.881500 3.733100
vt -0.882200 3.731400
vt -0.875900 3.723000
vt -0.873200 3.711500
vt -0.871800 3.711500
vt -0.877000 3.722100
vt -0.882700 3.729900
vt -0.883400 3.728100
vt -0.878100 3.721000
vt -0.875900 3.711300
vt -0.874500 3.711400
vt -0.874200 3.698900
vt -0.875400 3.699700
vt -0.881300 3.690800
vt -0.880600 3.689200
vt -0.876500 3.700500
vt -0.877800 3.701400
vt -0.882800 3.693900
vt -0.882000 3.692300
vt -0.889600 3.685800
vt -0.889700 3.687700
vt -0.898100 3.690300
vt -0.898700 3.688700
vt -0.889800 3.689400
vt -0.889800 3.691300
vt -0.896900 3.693500
vt -0.897600 3.691800
vt -0.905500 3.697700
vt -0.904300 3.698700
vt -0.907000 3.710100
vt -0.908400 3.710000
vt -0.903300 3.699600
vt -0.902100 3.700600
vt -0.904300 3.710200
vt -0.905700 3.710200
vt -0.906000 3.722500
vt -0.904800 3.721600
vt -0.898900 3.730500
vt -0.899600 3.732100
vt -0.903700 3.720900
vt -0.902500 3.720000
vt -0.897500 3.727500
vt -0.898300 3.729100
vt -0.890700 3.735700
vt -0.890600 3.733900
vt -0.890600 3.732200
vt -0.890500 3.730300
vt -0.890400 3.727700
vt -0.896600 3.725300
vt -0.895700 3.723300
vt -0.890400 3.725300
vt -0.885100 3.723800
vt -0.884200 3.725900
vt -0.890400 3.723900
vt -0.895100 3.722000
vt -0.885600 3.722500
vt -0.900900 3.718800
vt -0.902500 3.710300
vt -0.900800 3.710400
vt -0.899400 3.717700
vt -0.898500 3.717000
vt -0.899700 3.710400
vt -0.900600 3.701900
vt -0.896100 3.695700
vt -0.895200 3.697800
vt -0.899100 3.703200
vt -0.898200 3.703900
vt -0.894700 3.699100
vt -0.889900 3.693800
vt -0.883800 3.696100
vt -0.884700 3.698200
vt -0.889900 3.696200
vt -0.889900 3.697600
vt -0.885200 3.699400
vt -0.879400 3.702600
vt -0.877700 3.711200
vt -0.879500 3.711200
vt -0.880900 3.703800
vt -0.881800 3.704500
vt -0.880500 3.711100
vt -0.879700 3.719700
vt -0.881100 3.718400
vt -0.882000 3.717700
f 1/1/1 2/2/2 3/3/3
f 1/1/1 3/3/3 4/4/4
f 1/1/1 4/4/4 5/5/5
f 1/1/1 5/5/5 6/6/6
f 1/1/1 6/6/6 7/7/7
f 1/1/1 7/7/7 8/8/8
f 1/1/1 8/8/8 9/9/9
f 1/1/1 9/9/9 2/2/2
f 10/10/10 11/11/11 12/12/12
f 10/10/10 12/12/12 13/13/13
f 10/10/10 13/13/13 5/5/5
f 10/10/10 5/5/5 4/4/4
f 10/10/10 4/4/4 3/3/3
f 10/10/10 3/3/3 14/14/14
f 10/10/10 14/14/14 15/15/15
f 10/10/10 15/15/15 11/11/11
f 16/16/16 17/17/17 7/7/7
f 16/16/16 7/7/7 6/6/6
f 16/16/16 6/6/6 5/5/5
f 16/16/16 5/5/5 13/13/13
f 16/16/16 13/13/13 12/12/12
f 16/16/16 12/12/12 18/18/18
f 16/16/16 18/18/18 19/19/19
f 16/16/16 19/19/19 17/17/17
f 20/20/20 21/21/21 22/22/22
f 20/20/20 22/22/22 23/23/23
f 20/20/20 23/23/23 24/24/24
f 20/20/20 24/24/24 25/25/25
f 20/20/20 25/25/25 26/26/26
f 20/20/20 26/26/26 27/27/27
f 20/20/20 27/27/27 28/28/28
f 20/20/20 28/28/28 21/21/21
f 29/29/29 30/30/30 31/31/31
f 29/29/29 31/31/31 32/32/32
f 29/29/29 32/32/32 33/33/33
f 29/29/29 33/33/33 34/34/34
f 29/29/29 34/34/34 24/24/24
f 29/29/29 24/24/24 23/23/23
f 29/29/29 23/23/23 22/22/22
f 29/29/29 22/22/22 30/30/30
f 35/35/35 36/36/36 37/37/37
f 35/35/35 37/37/37 38/38/38
f 35/35/35 38/38/38 39/39/39
f 35/35/35 39/39/39 40/40/40
f 35/35/35 40/40/40 33/33/33
f 35/35/35 33/33/33 32/32/32
f 35/35/35 32/32/32 31/31/31
f 35/35/35 31/31/31 36/36/36
f 41/41/41 42/42/42 43/43/43
f 41/41/41 43/43/43 44/44/44
f 41/41/41 44/44/44 45/45/45
f 41/41/41 45/45/45 46/46/46
f 41/41/41 46/46/46 39/39/39
f 41/41/41 39/39/39 38/38/38
f 41/41/41 38/38/38 37/37/37
f 41/41/41 37/37/37 42/42/42
f 47/47/47 48/48/48 49/49/49
f 47/47/47 49/49/49 50/50/50
f 47/47/47 50/50/50 51/51/51
f 47/47/47 51/51/51 52/52/52
f 47/47/47 52/52/52 45/45/45
f 47/47/47 45/45/45 44/44/44
f 47/47/47 44/44/44 43/43/43
f 47/47/47 43/43/43 48/48/48
f 53/53/53 54/54/54 55/55/55
f 53/53/53 55/55/55 56/56/56
f 53/53/53 56/56/56 57/57/57
f 53/53/53 57/57/57 58/58/58
f 53/53/53 58/58/58 51/51/51
f 53/53/53 51/51/51 50/50/50
f 53/53/53 50/50/50 49/49/49
f 53/53/53 49/49/49 54/54/54
f 59/59/59 60/60/60 61/61/61
f 59/59/59 61/61/61 62/62/62
f 59/59/59 62/62/62 63/63/63
f 59/59/59 63/63/63 64/64/64
f 59/59/59 64/64/64 57/57/57
f 59/59/59 57/57/57 56/56/56
f 59/59/59 56/56/56 55/55/55
f 59/59/59 55/55/55 60/60/60
f 65/65/65 66/66/66 28/28/28
f 65/65/65 28/28/28 27/27/27
f 65/65/65 27/27/27 26/26/26
f 65/65/65 26/26/26 67/67/67
f 65/65/65 67/67/67 63/63/63
f 65/65/65 63/63/63 62/62/62
f 65/65/65 62/62/62 61/61/61
f 65/65/65 61/61/61 66/66/66
f 68/68/68 67/67/67 26/26/26
f 68/68/68 26/26/26 69/69/69
f 68/68/68 69/69/69 70/70/70
f 68/68/68 70/70/70 71/71/71
f 68/68/68 71/71/71 72/72/72
f 68/68/68 72/72/72 73/73/73
f 68/68/68 73/73/73 63/63/63
f 68/68/68 63/63/63 67/67/67
f 74/74/74 64/64/64 63/63/63
f 74/74/74 63/63/63 73/73/73
f 74/74/74 73/73/73 72/72/72
f 74/74/74 72/72/72 75/75/75
f 74/74/74 75/75/75 76/76/76
f 74/74/74 76/76/76 77/77/77
f 74/74/74 77/77/77 57/57/57
f 74/74/74 57/57/57 64/64/64
f 78/78/78 58/58/58 57/57/57
f 78/78/78 57/57/57 77/77/77
f 78/78/78 77/77/77 76/76/76
f 78/78/78 76/76/76 79/79/79
f 78/78/78 79/79/79 80/80/80
f 78/78/78 80/80/80 81/81/81
f 78/78/78 81/81/81 51/51/51
f 78/78/78 51/51/51 58/58/58
f 82/82/82 52/52/52 51/51/51
f 82/82/82 51/51/51 81/81/81
f 82/82/82 81/81/81 80/80/80
f 82/82/82 80/80/80 83/83/83
f 82/82/82 83/83/83 84/84/84
f 82/82/82 84/84/84 85/85/85
f 82/82/82 85/85/85 45/45/45
f 82/82/82 45/45/45 52/52/52
f 86/86/86 46/46/46 45/45/45
f 86/86/86 45/45/45 85/85/85
f 86/86/86 85/85/85 84/84/84
f 86/86/86 84/84/84 87/87/87
f 86/86/86 87/87/87 88/88/88
f 86/86/86 88/88/88 89/89/89
f 86/86/86 89/89/89 39/39/39
f 86/86/86 39/39/39 46/46/46
f 90/90/90 40/40/40 39/39/39
f 90/90/90 39/39/39 89/89/89
f 90/90/90 89/89/89 88/88/88
f 90/90/90 88/88/88 91/91/91
f 90/90/90 91/91/91 92/92/92
f 90/90/90 92/92/92 93/93/93
f 90/90/90 93/93/93 33/33/33
f 90/90/90 33/33/33 40/40/40
f 94/94/94 34/34/34 33/33/33
f 94/94/94 33/33/33 93/93/93
f 94/94/94 93/93/93 92/92/92
f 94/94/94 92/92/92 95/95/95
f 94/94/94 95/95/95 96/96/96
f 94/94/94 96/96/96 97/97/97
f 94/94/94 97/97/97 24/24/24
f 94/94/94 24/24/24 34/34/34
f 98/98/98 25/25/25 24/24/24
f 98/98/98 24/24/24 97/97/97
f 98/98/98 97/97/97 96/96/96
f 98/98/98 96/96/96 99/99/99
f 98/98/98 99/99/99 70/70/70
f 98/98/98 70/70/70 69/69/69
f 98/98/98 69/69/69 26/26/26
f 98/98/98 26/26/26 25/25/25
f 100/100/100 99/99/99 96/96/96
f 100/100/100 96/96/96 101/101/101
f 100/100/100 101/101/101 102/102/102
f 100/100/100 102/102/102 103/103/103
f 100/100/100 103/103/103 104/104/104
f 100/100/100 104/104/104 105/105/105
f 100/100/100 105/105/105 70/70/70
f 100/100/100 70/70/70 99/99/99
f 106/106/106 95/95/95 92/92/92
f 106/106/106 92/92/92 107/107/107
f 106/106/106 107/107/107 108/108/108
f 106/106/106 108/108/108 109/109/109
f 106/106/106 109/109/109 102/102/102
f 106/106/106 102/102/102 101/101/101
f 106/106/106 101/101/101 96/96/96
f 106/106/106 96/96/96 95/95/95
f 110/110/110 91/91/91 88/88/88
f 110/110/110 88/88/88 111/111/111
f 110/110/110 111/111/111 112/112/112
f 110/110/110 112/112/112 113/113/113
f 110/110/110 113/113/113 108/108/108
f 110/110/110 108/108/108 107/107/107
f 110/110/110 107/107/107 92/92/92
f 110/110/110 92/92/92 91/91/91
f 114/114/114 87/87/87 84/84/84
f 114/114/114 84/84/84 115/115/115
f 114/114/114 115/115/115 116/116/116
f 114/114/114 116/116/116 117/117/117
f 114/114/114 117/117/117 112/112/112
f 114/114/114 112/112/112 111/111/111
f 114/114/114 111/111/111 88/88/88
f 114/114/114 88/88/88 87/87/87
f 118/118/118 83/83/83 80/80/80
f 118/118/118 80/80/80 119/119/119
f 118/118/118 119/119/119 120/120/120
f 118/118/118 120/120/120 121/121/121
f 118/118/118 121/121/121 116/116/116
f 118/118/118 116/116/116 115/115/115
f 118/118/118 115/115/115 84/84/84
f 118/118/118 84/84/84 83/83/83
f 122/122/122 79/79/79 76/76/76
f 122/122/122 76/76/76 123/123/123
f 122/122/122 123/123/123 124/124/124
f 122/122/122 124/124/124 125/125/125
f 122/122/122 125/125/125 120/120/120
f 122/122/122 120/120/120 119/119/119
f 122/122/122 119/119/119 80/80/80
f 122/122/122 80/80/80 79/79/79
f 126/126/126 75/75/75 72/72/72
f 126/126/126 72/72/72 127/127/127
f 126/126/126 127/127/127 128/128/128
f 126/126/126 128/128/128 129/129/129
f 126/126/126 129/129/129 124/124/124
f 126/126/126 124/124/124 123/123/123
f 126/126/126 123/123/123 76/76/76
f 126/126/126 76/76/76 75/75/75
f 130/130/130 71/71/71 70/70/70
f 130/130/130 70/70/70 105/105/105
f 130/130/130 105/105/105 104/104/104
f 130/130/130 104/104/104 131/131/131
f 130/130/130 131/131/131 128/128/128
f 130/130/130 128/128/128 127/127/127
f 130/130/130 127/127/127 72/72/72
f 130/130/130 72/72/72 71/71/71
f 132/132/132 131/131/131 104/104/104
f 132/132/132 104/104/104 133/133/133
f 132/132/132 133/133/133 134/134/134
f 132/132/132 134/134/134 135/135/135
f 132/132/132 135/135/135 136/136/136
f 132/132/132 136/136/136 137/137/137
f 132/132/132 137/137/137 128/128/128
f 132/132/132 128/128/128 131/131/131
f 138/138/138 129/129/129 128/128/128
f 138/138/138 128/128/128 137/137/137
f 138/138/138 137/137/137 136/136/136
f 138/138/138 136/136/136 139/139/139
f 138/138/138 139/139/139 140/140/140
f 138/138/138 140/140/140 141/141/141
f 138/138/138 141/141/141 124/124/124
f 138/138/138 124/124/124 129/129/129
f 142/142/142 125/125/125 124/124/124
f 142/142/142 124/124/124 141/141/141
f 142/142/142 141/141/141 140/140/140
f 142/142/142 140/140/140 143/143/143
f 142/142/142 143/143/143 144/144/144
f 142/142/142 144/144/144 145/145/145
f 142/142/142 145/145/145 120/120/120
f 142/142/142 120/120/120 125/125/125
f 146/146/146 121/121/121 120/120/120
f 146/146/146 120/120/120 145/145/145
f 146/146/146 145/145/145 144/144/144
f 146/146/146 144/144/144 147/147/147
f 146/146/146 147/147/147 148/148/148
f 146/146/146 148/148/148 149/149/149
f 146/146/146 149/149/149 116/116/116
f 146/146/146 116/116/116 121/121/121
f 150/150/150 117/117/117 116/116/116
f 150/150/150 116/116/116 149/149/149
f 150/150/150 149/149/149 148/148/148
f 150/150/150 148/148/148 151/151/151
f 150/150/150 151/151/151 152/152/152
f 150/150/150 152/152/152 153/153/153
f 150/150/150 153/153/153 112/112/112
f 150/150/150 112/112/112 117/117/117
f 154/154/154 113/113/113 112/112/112
f 154/154/154 112/112/112 153/153/153
f 154/154/154 153/153/153 152/152/152
f 154/154/154 152/152/152 155/155/155
f 154/154/154 155/155/155 156/156/156
f 154/154/154 156/156/156 157/157/157
f 154/154/154 157/157/157 108/108/108
f 154/154/154 108/108/108 113/113/113
f 158/158/158 109/109/109 108/108/108
f 158/158/158 108/108/108 157/157/157
f 158/158/158 157/157/157 156/156/156
f 158/158/158 156/156/156 159/159/159
f 158/158/158 159/159/159 160/160/160
f 158/158/158 160/160/160 161/161/161
f 158/158/158 161/161/161 102/102/102
f 158/158/158 102/102/102 109/109/109
f 162/162/162 103/103/103 102/102/102
f 162/162/162 102/102/102 161/161/161
f 162/162/162 161/161/161 160/160/160
f 162/162/162 160/160/160 163/163/163
f 162/162/162 163/163/163 134/134/134
f 162/162/162 134/134/134 133/133/133
f 162/162/162 133/133/133 104/104/104
f 162/162/162 104/104/104 103/103/103
f 164/164/164 163/163/163 160/160/160
f 164/164/164 160/160/160 165/165/165
f 164/164/164 165/165/165 166/166/166
f 164/164/164 166/166/166 167/167/167
f 164/164/164 167/167/167 168/168/168
f 164/164/164 168/168/168 169/169/169
f 164/164/164 169/169/169 134/134/134
f 164/164/164 134/134/134 163/163/163
f 170/170/170 159/159/159 156/156/156
f 170/170/170 156/156/156 171/171/171
f 170/170/170 171/171/171 172/172/172
f 170/170/170 172/172/172 173/173/173
f 170/170/170 173/173/173 166/166/166
f 170/170/170 166/166/166 165/165/165
f 170/170/170 165/165/165 160/160/160
f 170/170/170 160/160/160 159/159/159
f 174/174/174 155/155/155 152/152/152
f 174/174/174 152/152/152 175/175/175
f 174/174/174 175/175/175 176/176/176
f 174/174/174 176/176/176 177/177/177
f 174/174/174 177/177/177 172/172/172
f 174/174/174 172/172/172 171/171/171
f 174/174/174 171/171/171 156/156/156
f 174/174/174 156/156/156 155/155/155
f 178/178/178 151/151/151 148/148/148
f 178/178/178 148/148/148 179/179/179
f 178/178/178 179/179/179 180/180/180
f 178/178/178 180/180/180 181/181/181
f 178/178/178 181/181/181 176/176/176
f 178/178/178 176/176/176 175/175/175
f 178/178/178 175/175/175 152/152/152
f 178/178/178 152/152/152 151/151/151
f 182/182/182 147/147/147 144/144/144
f 182/182/182 144/144/144 183/183/183
f 182/182/182 183/183/183 184/184/184
f 182/182/182 184/184/184 185/185/185
f 182/182/182 185/185/185 180/180/180
f 182/182/182 180/180/180 179/179/179
f 182/182/182 179/179/179 148/148/148
f 182/182/182 148/148/148 147/147/147
f 186/186/186 143/143/143 140/140/140
f 186/186/186 140/140/140 187/187/187
f 186/186/186 187/187/187 188/188/188
f 186/186/186 188/188/188 189/189/189
f 186/186/186 189/189/189 184/184/184
f 186/186/186 184/184/184 183/183/183
f 186/186/186 183/183/183 144/144/144
f 186/186/186 144/144/144 143/143/143
f 190/190/190 139/139/139 136/136/136
f 190/190/190 136/136/136 191/191/191
f 190/190/190 191/191/191 192/192/192
f 190/190/190 192/192/192 193/193/193
f 190/190/190 193/193/193 188/188/188
f 190/190/190 188/188/188 187/187/187
f 190/190/190 187/187/187 140/140/140
f 190/190/190 140/140/140 139/139/139
f 194/194/194 135/135/135 134/134/134
f 194/194/194 134/134/134 169/169/169
f 194/194/194 169/169/169 168/168/168
f 194/194/194 168/168/168 195/195/195
f 194/194/194 195/195/195 192/192/192
f 194/194/194 192/192/192 191/191/191
f 194/194/194 191/191/191 136/136/136
f 194/194/194 136/136/136 135/135/135
f 196/196/196 195/195/195 168/168/168
f 196/196/196 168/168/168 197/197/197
f 196/196/196 197/197/197 198/198/198
f 196/196/196 198/198/198 199/199/199
f 196/196/196 199/199/199 200/200/200
f 196/196/196 200/200/200 201/201/201
f 196/196/196 201/201/201 192/192/192
f 196/196/196 192/192/192 195/195/195
f 202/202/202 193/193/193 192/192/192
f 202/202/202 192/192/192 201/201/201
f 202/202/202 201/201/201 200/200/200
f 202/202/202 200/200/200 203/203/203
f 202/202/202 203/203/203 204/204/204
f 202/202/202 204/204/204 205/205/205
f 202/202/202 205/205/205 188/188/188
f 202/202/202 188/188/188 193/193/193
f 206/206/206 189/189/189 188/188/188
f 206/206/206 188/188/188 205/205/205
f 206/206/206 205/205/205 204/204/204
f 206/206/206 204/204/204 207/207/207
f 206/206/206 207/207/207 208/208/208
f 206/206/206 208/208/208 209/209/209
f 206/206/206 209/209/209 184/184/184
f 206/206/206 184/184/184 189/189/189
f 210/210/210 185/185/185 184/184/184
f 210/210/210 184/184/184 209/209/209
f 210/210/210 209/209/209 208/208/208
f 210/210/210 208/208/208 211/211/211
f 210/210/210 211/211/211 212/212/212
f 210/210/210 212/212/212 213/213/213
f 210/210/210 213/213/213 180/180/180
f 210/210/210 180/180/180 185/185/185
f 214/214/214 181/181/181 180/180/180
f 214/214/214 180/180/180 213/213/213
f 214/214/214 213/213/213 212/212/212
f 214/214/214 212/212/212 215/215/215
f 214/214/214 215/215/215 216/216/216
f 214/214/214 216/216/216 217/217/217
f 214/214/214 217/217/217 176/176/176
f 214/214/214 176/176/176 181/181/181
f 218/218/218 177/177/177 176/176/176
f 218/218/218 176/176/176 217/217/217
f 218/218/218 217/217/217 216/216/216
f 218/218/218 216/216/216 219/219/219
f 218/218/218 219/219/219 220/220/220
f 218/218/218 220/220/220 221/221/221
f 218/218/218 221/221/221 172/172/172
f 218/218/218 172/172/172 177/177/177
f 222/222/222 173/173/173 172/172/172
f 222/222/222 172/172/172 221/221/221
f 222/222/222 221/221/221 220/220/220
f 222/222/222 220/220/220 223/223/223
f 222/222/222 223/223/223 224/224/224
f 222/222/222 224/224/224 225/225/225
f 222/222/222 225/225/225 166/166/166
f 222/222/222 166/166/166 173/173/173
f 226/226/226 167/167/167 166/166/166
f 226/226/226 166/166/166 225/225/225
f 226/226/226 225/225/225 224/224/224
f 226/226/226 224/224/224 227/227/227
f 226/226/226 227/227/227 198/198/198
f 226/226/226 198/198/198 197/197/197
f 226/226/226 197/197/197 168/168/168
f 226/226/226 168/168/168 167/167/167
f 228/228/228 227/227/227 224/224/224
f 228/228/228 224/224/224 229/229/229
f 228/228/228 229/229/229 230/230/230
f 228/228/228 230/230/230 231/231/231
f 228/228/228 231/231/231 232/232/232
f 228/228/228 232/232/232 233/233/233
f 228/228/228 233/233/233 198/198/198
f 228/228/228 198/198/198 227/227/227
f 234/234/234 223/223/223 220/220/220
f 234/234/234 220/220/220 235/235/235
f 234/234/234 235/235/235 236/236/236
f 234/234/234 236/236/236 237/237/237
f 234/234/234 237/237/237 230/230/230
f 234/234/234 230/230/230 229/229/229
f 234/234/234 229/229/229 224/224/224
f 234/234/234 224/224/224 223/223/223
f 238/238/238 219/219/219 216/216/216
f 238/238/238 216/216/216 239/239/239
f 238/238/238 239/239/239 240/240/240
f 238/238/238 240/240/240 241/241/241
f 238/238/238 241/241/241 236/236/236
f 238/238/238 236/236/236 235/235/235
f 238/238/238 235/235/235 220/220/220
f 238/238/238 220/220/220 219/219/219
f 242/242/242 215/215/215 212/212/212
f 242/242/242 212/212/212 243/243/243
f 242/242/242 243/243/243 244/244/244
f 242/242/242 244/244/244 245/245/245
f 242/242/242 245/245/245 240/240/240
f 242/242/242 240/240/240 239/239/239
f 242/242/242 239/239/239 216/216/216
f 242/242/242 216/216/216 215/215/215
f 246/246/246 211/211/211 208/208/208
f 246/246/246 208/208/208 247/247/247
f 246/246/246 247/247/247 248/248/248
f 246/246/246 248/248/248 249/249/249
f 246/246/246 249/249/249 244/244/244
f 246/246/246 244/244/244 243/243/243
f 246/246/246 243/243/243 212/212/212
f 246/246/246 212/212/212 211/211/211
f 250/250/250 207/207/207 204/204/204
f 250/250/250 204/204/204 251/251/251
f 250/250/250 251/251/251 252/252/252
f 250/250/250 252/252/252 253/253/253
f 250/250/250 253/253/253 248/248/248
f 250/250/250 248/248/248 247/247/247
f 250/250/250 247/247/247 208/208/208
f 250/250/250 208/208/208 207/207/207
f 254/254/254 203/203/203 200/200/200
f 254/254/254 200/200/200 255/255/255
f 254/254/254 255/255/255 256/256/256
f 254/254/254 256/256/256 257/257/257
f 254/254/254 257/257/257 252/252/252
f 254/254/254 252/252/252 251/251/251
f 254/254/254 251/251/251 204/204/204
f 254/254/254 204/204/204 203/203/203
f 258/258/258 199/199/199 198/198/198
f 258/258/258 198/198/198 233/233/233
f 258/258/258 233/233/233 232/232/232
f 258/258/258 232/232/232 259/259/259
f 258/258/258 259/259/259 256/256/256
f 258/258/258 256/256/256 255/255/255
f 258/258/258 255/255/255 200/200/200
f 258/258/258 200/200/200 199/199/199
f 260/260/260 259/259/259 232/232/232
f 260/260/260 232/232/232 261/261/261
f 260/260/260 261/261/261 262/262/262
f 260/260/260 262/262/262 263/263/263
f 260/260/260 263/263/263 264/264/264
f 260/260/260 264/264/264 265/265/265
f 260/260/260 265/265/265 256/256/256
f 260/260/260 256/256/256 259/259/259
f 266/266/266 257/257/257 256/256/256
f 266/266/266 256/256/256 265/265/265
f 266/266/266 265/265/265 264/264/264
f 266/266/266 264/264/264 267/267/267
f 266/266/266 267/267/267 268/268/268
f 266/266/266 268/268/268 269/269/269
f 266/266/266 269/269/269 252/252/252
f 266/266/266 252/252/252 257/257/257
f 270/270/270 253/253/253 252/252/252
f 270/270/270 252/252/252 269/269/269
f 270/270/270 269/269/269 268/268/268
f 270/270/270 268/268/268 271/271/271
f 270/270/270 271/271/271 272/272/272
f 270/270/270 272/272/272 273/273/273
f 270/270/270 273/273/273 248/248/248
f 270/270/270 248/248/248 253/253/253
f 274/274/274 249/249/249 248/248/248
f 274/274/274 248/248/248 273/273/273
f 274/274/274 273/273/273 272/272/272
f 274/274/274 272/272/272 275/275/275
f 274/274/274 275/275/275 276/276/276
f 274/274/274 276/276/276 277/277/277
f 274/274/274 277/277/277 244/244/244
f 274/274/274 244/244/244 249/249/249
f 278/278/278 245/245/245 244/244/244
f 278/278/278 244/244/244 277/277/277
f 278/278/278 277/277/277 276/276/276
f 278/278/278 276/276/276 279/279/279
f 278/278/278 279/279/279 280/280/280
f 278/278/278 280/280/280 281/281/281
f 278/278/278 281/281/281 240/240/240
f 278/278/278 240/240/240 245/245/245
f 282/282/282 241/241/241 240/240/240
f 282/282/282 240/240/240 281/281/281
f 282/282/282 281/281/281 280/280/280
f 282/282/282 280/280/280 283/283/283
f 282/282/282 283/283/283 284/284/284
f 282/282/282 284/284/284 285/285/285
f 282/282/282 285/285/285 236/236/236
f 282/282/282 236/236/236 241/241/241
f 286/286/286 237/237/237 236/236/236
f 286/286/286 236/236/236 285/285/285
f 286/286/286 285/285/285 284/284/284
f 286/286/286 284/284/284 287/287/287
f 286/286/286 287/287/287 288/288/288
f 286/286/286 288/288/288 289/289/289
f 286/286/286 289/289/289 230/230/230
f 286/286/286 230/230/230 237/237/237
f 290/290/290 231/231/231 230/230/230
f 290/290/290 230/230/230 289/289/289
f 290/290/290 289/289/289 288/288/288
f 290/290/290 288/288/288 291/291/291
f 290/290/290 291/291/291 262/262/262
f 290/290/290 262/262/262 261/261/261
f 290/290/290 261/261/261 232/232/232
f 290/290/290 232/232/232 231/231/231
f 292/292/292 291/291/291 288/288/288
f 292/292/292 288/288/288 293/293/293
f 292/292/292 293/293/293 294/294/294
f 292/292/292 294/294/294 295/295/295
f 292/292/292 295/295/295 296/296/296
f 292/292/292 296/296/296 297/297/297
f 292/292/292 297/297/297 262/262/262
f 292/292/292 262/262/262 291/291/291
f 298/298/298 287/287/287 284/284/284
f 298/298/298 284/284/284 299/299/299
f 298/298/298 299/299/299 300/300/300
f 298/298/298 300/300/300 301/301/301
f 298/298/298 301/301/301 294/294/294
f 298/298/298 294/294/294 293/293/293
f 298/298/298 293/293/293 288/288/288
f 298/298/298 288/288/288 287/287/287
f 302/302/302 283/283/283 280/280/280
f 302/302/302 280/280/280 303/303/303
f 302/302/302 303/303/303 304/304/304
f 302/302/302 304/304/304 305/305/305
f 302/302/302 305/305/305 300/300/300
f 302/302/302 300/300/300 299/299/299
f 302/302/302 299/299/299 284/284/284
f 302/302/302 284/284/284 283/283/283
f 306/306/306 279/279/279 276/276/276
f 306/306/306 276/276/276 307/307/307
f 306/306/306 307/307/307 308/308/308
f 306/306/306 308/308/308 309/309/309
f 306/306/306 309/309/309 304/304/304
f 306/306/306 304/304/304 303/303/303
f 306/306/306 303/303/303 280/280/280
f 306/306/306 280/280/280 279/279/279
f 310/310/310 275/275/275 272/272/272
f 310/310/310 272/272/272 311/311/311
f 310/310/310 311/311/311 312/312/312
f 310/310/310 312/312/312 313/313/313
f 310/310/310 313/313/313 308/308/308
f 310/310/310 308/308/308 307/307/307
f 310/310/310 307/307/307 276/276/276
f 310/310/310 276/276/276 275/275/275
f 314/314/314 271/271/271 268/268/268
f 314/314/314 268/268/268 315/315/315
f 314/314/314 315/315/315 316/316/316
f 314/314/314 316/316/316 317/317/317
f 314/314/314 317/317/317 312/312/312
f 314/314/314 312/312/312 311/311/311
f 314/314/314 311/311/311 272/272/272
f 314/314/314 272/272/272 271/271/271
f 318/318/318 267/267/267 264/264/264
f 318/318/318 264/264/264 319/319/319
f 318/318/318 319/319/319 320/320/320
f 318/318/318 320/320/320 321/321/321
f 318/318/318 321/321/321 316/316/316
f 318/318/318 316/316/316 315/315/315
f 318/318/318 315/315/315 268/268/268
f 318/318/318 268/268/268 267/267/267
f 322/322/322 263/263/263 262/262/262
f 322/322/322 262/262/262 297/297/297
f 322/322/322 297/297/297 296/296/296
f 322/322/322 296/296/296 323/323/323
f 322/322/322 323/323/323 320/320/320
f 322/322/322 320/320/320 319/319/319
f 322/322/322 319/319/319 264/264/264
f 322/322/322 264/264/264 263/263/263
f 324/324/324 325/325/325 326/326/326
f 324/324/324 326/326/326 327/327/327
f 324/324/324 327/327/327 328/328/328
f 324/324/324 328/328/328 329/329/329
f 324/324/324 329/329/329 330/330/330
f 324/324/324 330/330/330 331/331/331
f 324/324/324 331/331/331 332/332/332
f 324/324/324 332/332/332 325/325/325
f 333/333/333 334/334/334 332/332/332
f 333/333/333 332/332/332 331/331/331
f 333/333/333 331/331/331 330/330/330
f 333/333/333 330/330/330 335/335/335
f 333/333/333 335/335/335 28/28/28
f 333/333/333 28/28/28 66/66/66
f 333/333/333 66/66/66 61/61/61
f 333/333/333 61/61/61 334/334/334
f 336/336/336 337/337/337 338/338/338
f 336/336/336 338/338/338 339/339/339
f 336/336/336 339/339/339 326/326/326
f 336/336/336 326/326/326 325/325/325
f 336/336/336 325/325/325 332/332/332
f 336/336/336 332/332/332 340/340/340
f 336/336/336 340/340/340 341/341/341
f 336/336/336 341/341/341 337/337/337
f 342/342/342 343/343/343 341/341/341
f 342/342/342 341/341/341 340/340/340
f 342/342/342 340/340/340 332/332/332
f 342/342/342 332/332/332 334/334/334
f 342/342/342 334/334/334 61/61/61
f 342/342/342 61/61/61 60/60/60
f 342/342/342 60/60/60 55/55/55
f 342/342/342 55/55/55 343/343/343
f 344/344/344 345/345/345 346/346/346
f 344/344/344 346/346/346 347/347/347
f 344/344/344 347/347/347 338/338/338
f 344/344/344 338/338/338 337/337/337
f 344/344/344 337/337/337 341/341/341
f 344/344/344 341/341/341 348/348/348
f 344/344/344 348/348/348 349/349/349
f 344/344/344 349/349/349 345/345/345
f 350/350/350 351/351/351 349/349/349
f 350/350/350 349/349/349 348/348/348
f 350/350/350 348/348/348 341/341/341
f 350/350/350 341/341/341 343/343/343
f 350/350/350 343/343/343 55/55/55
f 350/350/350 55/55/55 54/54/54
f 350/350/350 54/54/54 49/49/49
f 350/350/350 49/49/49 351/351/351
f 352/352/352 353/353/353 354/354/354
f 352/352/352 354/354/354 355/355/355
f 352/352/352 355/355/355 346/346/346
f 352/352/352 346/346/346 345/345/345
f 352/352/352 345/345/345 349/349/349
f 352/352/352 349/349/349 356/356/356
f 352/352/352 356/356/356 357/357/357
f 352/352/352 357/357/357 353/353/353
f 358/358/358 359/359/359 357/357/357
f 358/358/358 357/357/357 356/356/356
f 358/358/358 356/356/356 349/349/349
f 358/358/358 349/349/349 351/351/351
f 358/358/358 351/351/351 49/49/49
f 358/358/358 49/49/49 48/48/48
f 358/358/358 48/48/48 43/43/43
f 358/358/358 43/43/43 359/359/359
f 360/360/360 361/361/361 362/362/362
f 360/360/360 362/362/362 363/363/363
f 360/360/360 363/363/363 354/354/354
f 360/360/360 354/354/354 353/353/353
f 360/360/360 353/353/353 357/357/357
f 360/360/360 357/357/357 364/364/364
f 360/360/360 364/364/364 365/365/365
f 360/360/360 365/365/365 361/361/361
f 366/366/366 367/367/367 365/365/365
f 366/366/366 365/365/365 364/364/364
f 366/366/366 364/364/364 357/357/357
f 366/366/366 357/357/357 359/359/359
f 366/366/366 359/359/359 43/43/43
f 366/366/366 43/43/43 42/42/42
f 366/366/366 42/42/42 37/37/37
f 366/366/366 37/37/37 367/367/367
f 368/368/368 369/369/369 370/370/370
f 368/368/368 370/370/370 371/371/371
f 368/368/368 371/371/371 362/362/362
f 368/368/368 362/362/362 361/361/361
f 368/368/368 361/361/361 365/365/365
f 368/368/368 365/365/365 372/372/372
f 368/368/368 372/372/372 373/373/373
f 368/368/368 373/373/373 369/369/369
f 374/374/374 375/375/375 373/373/373
f 374/374/374 373/373/373 372/372/372
f 374/374/374 372/372/372 365/365/365
f 374/374/374 365/365/365 367/367/367
f 374/374/374 367/367/367 37/37/37
f 374/374/374 37/37/37 36/36/36
f 374/374/374 36/36/36 31/31/31
f 374/374/374 31/31/31 375/375/375
f 376/376/376 377/377/377 378/378/378
f 376/376/376 378/378/378 379/379/379
f 376/376/376 379/379/379 370/370/370
f 376/376/376 370/370/370 369/369/369
f 376/376/376 369/369/369 373/373/373
f 376/376/376 373/373/373 380/380/380
f 376/376/376 380/380/380 381/381/381
f 376/376/376 381/381/381 377/377/377
f 382/382/382 383/383/383 381/381/381
f 382/382/382 381/381/381 380/380/380
f 382/382/382 380/380/380 373/373/373
f 382/382/382 373/373/373 375/375/375
f 382/382/382 375/375/375 31/31/31
f 382/382/382 31/31/31 30/30/30
f 382/382/382 30/30/30 22/22/22
f 382/382/382 22/22/22 383/383/383
f 384/384/384 329/329/329 328/328/328
f 384/384/384 328/328/328 385/385/385
f 384/384/384 385/385/385 378/378/378
f 384/384/384 378/378/378 377/377/377
f 384/384/384 377/377/377 381/381/381
f 384/384/384 381/381/381 386/386/386
f 384/384/384 386/386/386 330/330/330
f 384/384/384 330/330/330 329/329/329
f 387/387/387 335/335/335 330/330/330
f 387/387/387 330/330/330 386/386/386
f 387/387/387 386/386/386 381/381/381
f 387/387/387 381/381/381 383/383/383
f 387/387/387 383/383/383 22/22/22
f 387/387/387 22/22/22 21/21/21
f 387/387/387 21/21/21 28/28/28
f 387/387/387 28/28/28 335/335/335
f 388/388/388 389/389/389 390/390/390
f 388/388/388 390/390/390 391/391/391
f 388/388/388 391/391/391 392/392/392
f 388/388/388 392/392/392 393/393/393
f 388/388/388 393/393/393 394/394/394
f 388/388/388 394/394/394 395/395/395
f 388/388/388 395/395/395 396/396/396
f 388/388/388 396/396/396 389/389/389
f 397/397/397 398/398/398 396/396/396
f 397/397/397 396/396/396 395/395/395
f 397/397/397 395/395/395 394/394/394
f 397/397/397 394/394/394 399/399/399
f 397/397/397 399/399/399 400/400/400
f 397/397/397 400/400/400 401/401/401
f 397/397/397 401/401/401 402/402/402
f 397/397/397 402/402/402 398/398/398
f 403/403/403 404/404/404 402/402/402
f 403/403/403 402/402/402 401/401/401
f 403/403/403 401/401/401 400/400/400
f 403/403/403 400/400/400 405/405/405
f 403/403/403 405/405/405 406/406/406
f 403/403/403 406/406/406 407/407/407
f 403/403/403 407/407/407 408/408/408
f 403/403/403 408/408/408 404/404/404
f 409/409/409 410/410/410 408/408/408
f 409/409/409 408/408/408 407/407/407
f 409/409/409 407/407/407 406/406/406
f 409/409/409 406/406/406 411/411/411
f 409/409/409 411/411/411 412/412/412
f 409/409/409 412/412/412 413/413/413
f 409/409/409 413/413/413 414/414/414
f 409/409/409 414/414/414 410/410/410
f 415/415/415 416/416/416 414/414/414
f 415/415/415 414/414/414 413/413/413
f 415/415/415 413/413/413 412/412/412
f 415/415/415 412/412/412 417/417/417
f 415/415/415 417/417/417 418/418/418
f 415/415/415 418/418/418 419/419/419
f 415/415/415 419/419/419 420/420/420
f 415/415/415 420/420/420 416/416/416
f 421/421/421 422/422/422 420/420/420
f 421/421/421 420/420/420 419/419/419
f 421/421/421 419/419/419 418/418/418
f 421/421/421 418/418/418 423/423/423
f 421/421/421 423/423/423 424/424/424
f 421/421/421 424/424/424 425/425/425
f 421/421/421 425/425/425 426/426/426
f 421/421/421 426/426/426 422/422/422
f 427/427/427 428/428/428 426/426/426
f 427/427/427 426/426/426 425/425/425
f 427/427/427 425/425/425 424/424/424
f 427/427/427 424/424/424 429/429/429
f 427/427/427 429/429/429 430/430/430
f 427/427/427 430/430/430 431/431/431
f 427/427/427 431/431/431 432/432/432
f 427/427/427 432/432/432 428/428/428
f 433/433/433 434/434/434 432/432/432
f 433/433/433 432/432/432 431/431/431
f 433/433/433 431/431/431 430/430/430
f 433/433/433 430/430/430 435/435/435
f 433/433/433 435/435/435 392/392/392
f 433/433/433 392/392/392 391/391/391
f 433/433/433 391/391/391 390/390/390
f 433/433/433 390/390/390 434/434/434
f 436/436/436 437/437/437 438/438/438
f 436/436/436 438/438/438 439/439/439
f 436/436/436 439/439/439 440/440/440
f 436/436/436 440/440/440 441/441/441
f 436/436/436 441/441/441 442/442/442
f 436/436/436 442/442/442 443/443/443
f 436/436/436 443/443/443 444/444/444
f 436/436/436 444/444/444 437/437/437
f 445/445/445 441/441/441 440/440/440
f 445/445/445 440/440/440 446/446/446
f 445/445/445 446/446/446 447/447/447
f 445/445/445 447/447/447 448/448/448
f 445/445/445 448/448/448 449/449/449
f 445/445/445 449/449/449 450/450/450
f 445/445/445 450/450/450 442/442/442
f 445/445/445 442/442/442 441/441/441
f 451/451/451 452/452/452 444/444/444
f 451/451/451 444/444/444 443/443/443
f 451/451/451 443/443/443 442/442/442
f 451/451/451 442/442/442 453/453/453
f 451/451/451 453/453/453 454/454/454
f 451/451/451 454/454/454 455/455/455
f 451/451/451 455/455/455 456/456/456
f 451/451/451 456/456/456 452/452/452
f 457/457/457 453/453/453 442/442/442
f 457/457/457 442/442/442 450/450/450
f 457/457/457 450/450/450 449/449/449
f 457/457/457 449/449/449 458/458/458
f 457/457/457 458/458/458 459/459/459
f 457/457/457 459/459/459 460/460/460
f 457/457/457 460/460/460 454/454/454
f 457/457/457 454/454/454 453/453/453
f 461/461/461 462/462/462 456/456/456
f 461/461/461 456/456/456 455/455/455
f 461/461/461 455/455/455 454/454/454
f 461/461/461 454/454/454 463/463/463
f 461/461/461 463/463/463 464/464/464
f 461/461/461 464/464/464 465/465/465
f 461/461/461 465/465/465 466/466/466
f 461/461/461 466/466/466 462/462/462
f 467/467/467 463/463/463 454/454/454
f 467/467/467 454/454/454 460/460/460
f 467/467/467 460/460/460 459/459/459
f 467/467/467 459/459/459 468/468/468
f 467/467/467 468/468/468 469/469/469
f 467/467/467 469/469/469 470/470/470
f 467/467/467 470/470/470 464/464/464
f 467/467/467 464/464/464 463/463/463
f 471/471/471 472/472/472 466/466/466
f 471/471/471 466/466/466 465/465/465
f 471/471/471 465/465/465 464/464/464
f 471/471/471 464/464/464 473/473/473
f 471/471/471 473/473/473 474/474/474
f 471/471/471 474/474/474 475/475/475
f 471/471/471 475/475/475 476/476/476
f 471/471/471 476/476/476 472/472/472
f 477/477/477 473/473/473 464/464/464
f 477/477/477 464/464/464 470/470/470
f 477/477/477 470/470/470 469/469/469
f 477/477/477 469/469/469 478/478/478
f 477/477/477 478/478/478 479/479/479
f 477/477/477 479/479/479 480/480/480
f 477/477/477 480/480/480 474/474/474
f 477/477/477 474/474/474 473/473/473
f 481/481/481 482/482/482 476/476/476
f 481/481/481 476/476/476 475/475/475
f 481/481/481 475/475/475 474/474/474
f 481/481/481 474/474/474 483/483/483
f 481/481/481 483/483/483 484/484/484
f 481/481/481 484/484/484 485/485/485
f 481/481/481 485/485/485 486/486/486
f 481/481/481 486/486/486 482/482/482
f 487/487/487 483/483/483 474/474/474
f 487/487/487 474/474/474 480/480/480
f 487/487/487 480/480/480 479/479/479
f 487/487/487 479/479/479 488/488/488
f 487/487/487 488/488/488 489/489/489
f 487/487/487 489/489/489 490/490/490
f 487/487/487 490/490/490 484/484/484
f 487/487/487 484/484/484 483/483/483
f 491/491/491 492/492/492 486/486/486
f 491/491/491 486/486/486 485/485/485
f 491/491/491 485/485/485 484/484/484
f 491/491/491 484/484/484 493/493/493
f 491/491/491 493/493/493 494/494/494
f 491/491/491 494/494/494 495/495/495
f 491/491/491 495/495/495 496/496/496
f 491/491/491 496/496/496 492/492/492
f 497/497/497 493/493/493 484/484/484
f 497/497/497 484/484/484 490/490/490
f 497/497/497 490/490/490 489/489/489
f 497/497/497 489/489/489 498/498/498
f 497/497/497 498/498/498 499/499/499
f 497/497/497 499/499/499 500/500/500
f 497/497/497 500/500/500 494/494/494
f 497/497/497 494/494/494 493/493/493
f 501/501/501 502/502/502 496/496/496
f 501/501/501 496/496/496 495/495/495
f 501/501/501 495/495/495 494/494/494
f 501/501/501 494/494/494 503/503/503
f 501/501/501 503/503/503 504/504/504
f 501/501/501 504/504/504 505/505/505
f 501/501/501 505/505/505 506/506/506
f 501/501/501 506/506/506 502/502/502
f 507/507/507 503/503/503 494/494/494
f 507/507/507 494/494/494 500/500/500
f 507/507/507 500/500/500 499/499/499
f 507/507/507 499/499/499 508/508/508
f 507/507/507 508/508/508 509/509/509
f 507/507/507 509/509/509 510/510/510
f 507/507/507 510/510/510 504/504/504
f 507/507/507 504/504/504 503/503/503
f 511/511/511 512/512/512 506/506/506
f 511/511/511 506/506/506 505/505/505
f 511/511/511 505/505/505 504/504/504
f 511/511/511 504/504/504 513/513/513
f 511/511/511 513/513/513 440/440/440
f 511/511/511 440/440/440 439/439/439
f 511/511/511 439/439/439 438/438/438
f 511/511/511 438/438/438 512/512/512
f 514/514/514 513/513/513 504/504/504
f 514/514/514 504/504/504 510/510/510
f 514/514/514 510/510/510 509/509/509
f 514/514/514 509/509/509 515/515/515
f 514/514/514 515/515/515 447/447/447
f 514/514/514 447/447/447 446/446/446
f 514/514/514 446/446/446 440/440/440
f 514/514/514 440/440/440 513/513/513
f 516/516/516 517/517/517 518/518/518
f 516/516/516 518/518/518 519/519/519
f 516/516/516 519/519/519 432/432/432
f 516/516/516 432/432/432 434/434/434
f 516/516/516 434/434/434 390/390/390
f 516/516/516 390/390/390 520/520/520
f 516/516/516 520/520/520 521/521/521
f 516/516/516 521/521/521 517/517/517
f 522/522/522 523/523/523 524/524/524
f 522/522/522 524/524/524 525/525/525
f 522/522/522 525/525/525 426/426/426
f 522/522/522 426/426/426 428/428/428
f 522/522/522 428/428/428 432/432/432
f 522/522/522 432/432/432 519/519/519
f 522/522/522 519/519/519 518/518/518
f 522/522/522 518/518/518 523/523/523
f 526/526/526 527/527/527 528/528/528
f 526/526/526 528/528/528 529/529/529
f 526/526/526 529/529/529 420/420/420
f 526/526/526 420/420/420 422/422/422
f 526/526/526 422/422/422 426/426/426
f 526/526/526 426/426/426 525/525/525
f 526/526/526 525/525/525 524/524/524
f 526/526/526 524/524/524 527/527/527
f 530/530/530 531/531/531 532/532/532
f 530/530/530 532/532/532 533/533/533
f 530/530/530 533/533/533 414/414/414
f 530/530/530 414/414/414 416/416/416
f 530/530/530 416/416/416 420/420/420
f 530/530/530 420/420/420 529/529/529
f 530/530/530 529/529/529 528/528/528
f 530/530/530 528/528/528 531/531/531
f 534/534/534 535/535/535 536/536/536
f 534/534/534 536/536/536 537/537/537
f 534/534/534 537/537/537 408/408/408
f 534/534/534 408/408/408 410/410/410
f 534/534/534 410/410/410 414/414/414
f 534/534/534 414/414/414 533/533/533
f 534/534/534 533/533/533 532/532/532
f 534/534/534 532/532/532 535/535/535
f 538/538/538 539/539/539 540/540/540
f 538/538/538 540/540/540 541/541/541
f 538/538/538 541/541/541 402/402/402
f 538/538/538 402/402/402 404/404/404
f 538/538/538 404/404/404 408/408/408
f 538/538/538 408/408/408 537/537/537
f 538/538/538 537/537/537 536/536/536
f 538/538/538 536/536/536 539/539/539
f 542/542/542 543/543/543 544/544/544
f 542/542/542 544/544/544 545/545/545
f 542/542/542 545/545/545 396/396/396
f 542/542/542 396/396/396 398/398/398
f 542/542/542 398/398/398 402/402/402
f 542/542/542 402/402/402 541/541/541
f 542/542/542 541/541/541 540/540/540
f 542/542/542 540/540/540 543/543/543
f 546/546/546 547/547/547 521/521/521
f 546/546/546 521/521/521 520/520/520
f 546/546/546 520/520/520 390/390/390
f 546/546/546 390/390/390 389/389/389
f 546/546/546 389/389/389 396/396/396
f 546/546/546 396/396/396 545/545/545
f 546/546/546 545/545/545 544/544/544
f 546/546/546 544/544/544 547/547/547
f 548/548/548 437/437/437 444/444/444
f 548/548/548 444/444/444 549/549/549
f 548/548/548 549/549/549 550/550/550
f 548/548/548 550/550/550 551/551/551
f 548/548/548 551/551/551 552/552/552
f 548/548/548 552/552/552 553/553/553
f 548/548/548 553/553/553 438/438/438
f 548/548/548 438/438/438 437/437/437
f 554/554/554 551/551/551 550/550/550
f 554/554/554 550/550/550 555/555/555
f 554/554/554 555/555/555 518/518/518
f 554/554/554 518/518/518 517/517/517
f 554/554/554 517/517/517 521/521/521
f 554/554/554 521/521/521 556/556/556
f 554/554/554 556/556/556 552/552/552
f 554/554/554 552/552/552 551/551/551
f 557/557/557 452/452/452 456/456/456
f 557/557/557 456/456/456 558/558/558
f 557/557/557 558/558/558 559/559/559
f 557/557/557 559/559/559 560/560/560
f 557/557/557 560/560/560 550/550/550
f 557/557/557 550/550/550 549/549/549
f 557/557/557 549/549/549 444/444/444
f 557/557/557 444/444/444 452/452/452
f 561/561/561 560/560/560 559/559/559
f 561/561/561 559/559/559 562/562/562
f 561/561/561 562/562/562 524/524/524
f 561/561/561 524/524/524 523/523/523
f 561/561/561 523/523/523 518/518/518
f 561/561/561 518/518/518 555/555/555
f 561/561/561 555/555/555 550/550/550
f 561/561/561 550/550/550 560/560/560
f 563/563/563 462/462/462 466/466/466
f 563/563/563 466/466/466 564/564/564
f 563/563/563 564/564/564 565/565/565
f 563/563/563 565/565/565 566/566/566
f 563/563/563 566/566/566 559/559/559
f 563/563/563 559/559/559 558/558/558
f 563/563/563 558/558/558 456/456/456
f 563/563/563 456/456/456 462/462/462
f 567/567/567 566/566/566 565/565/565
f 567/567/567 565/565/565 568/568/568
f 567/567/567 568/568/568 528/528/528
f 567/567/567 528/528/528 527/527/527
f 567/567/567 527/527/527 524/524/524
f 567/567/567 524/524/524 562/562/562
f 567/567/567 562/562/562 559/559/559
f 567/567/567 559/559/559 566/566/566
f 569/569/569 472/472/472 476/476/476
f 569/569/569 476/476/476 570/570/570
f 569/569/569 570/570/570 571/571/571
f 569/569/569 571/571/571 572/572/572
f 569/569/569 572/572/572 565/565/565
f 569/569/569 565/565/565 564/564/564
f 569/569/569 564/564/564 466/466/466
f 569/569/569 466/466/466 472/472/472
f 573/573/573 572/572/572 571/571/571
f 573/573/573 571/571/571 574/574/574
f 573/573/573 574/574/574 532/532/532
f 573/573/573 532/532/532 531/531/531
f 573/573/573 531/531/531 528/528/528
f 573/573/573 528/528/528 568/568/568
f 573/573/573 568/568/568 565/565/565
f 573/573/573 565/565/565 572/572/572
f 575/575/575 482/482/482 486/486/486
f 575/575/575 486/486/486 576/576/576
f 575/575/575 576/576/576 577/577/577
f 575/575/575 577/577/577 578/578/578
f 575/575/575 578/578/578 571/571/571
f 575/575/575 571/571/571 570/570/570
f 575/575/575 570/570/570 476/476/476
f 575/575/575 476/476/476 482/482/482
f 579/579/579 578/578/578 577/577/577
f 579/579/579 577/577/577 580/580/580
f 579/579/579 580/580/580 536/536/536
f 579/579/579 536/536/536 535/535/535
f 579/579/579 535/535/535 532/532/532
f 579/579/579 532/532/532 574/574/574
f 579/579/579 574/574/574 571/571/571
f 579/579/579 571/571/571 578/578/578
f 581/581/581 492/492/492 496/496/496
f 581/581/581 496/496/496 582/582/582
f 581/581/581 582/582/582 583/583/583
f 581/581/581 583/583/583 584/584/584
f 581/581/581 584/584/584 577/577/577
f 581/581/581 577/577/577 576/576/576
f 581/581/581 576/576/576 486/486/486
f 581/581/581 486/486/486 492/492/492
f 585/585/585 584/584/584 583/583/583
f 585/585/585 583/583/583 586/586/586
f 585/585/585 586/586/586 540/540/540
f 585/585/585 540/540/540 539/539/539
f 585/585/585 539/539/539 536/536/536
f 585/585/585 536/536/536 580/580/580
f 585/585/585 580/580/580 577/577/577
f 585/585/585 577/577/577 584/584/584
f 587/587/587 502/502/502 506/506/506
f 587/587/587 506/506/506 588/588/588
f 587/587/587 588/588/588 589/589/589
f 587/587/587 589/589/589 590/590/590
f 587/587/587 590/590/590 583/583/583
f 587/587/587 583/583/583 582/582/582
f 587/587/587 582/582/582 496/496/496
f 587/587/587 496/496/496 502/502/502
f 591/591/591 590/590/590 589/589/589
f 591/591/591 589/589/589 592/592/592
f 591/591/591 592/592/592 544/544/544
f 591/591/591 544/544/544 543/543/543
f 591/591/591 543/543/543 540/540/540
f 591/591/591 540/540/540 586/586/586
f 591/591/591 586/586/586 583/583/583
f 591/591/591 583/583/583 590/590/590
f 593/593/593 512/512/512 438/438/438
f 593/593/593 438/438/438 553/553/553
f 593/593/593 553/553/553 552/552/552
f 593/593/593 552/552/552 594/594/594
f 593/593/593 594/594/594 589/589/589
f 593/593/593 589/589/589 588/588/588
f 593/593/593 588/588/588 506/506/506
f 593/593/593 506/506/506 512/512/512
f 595/595/595 594/594/594 552/552/552
f 595/595/595 552/552/552 556/556/556
f 595/595/595 556/556/556 521/521/521
f 595/595/595 521/521/521 547/547/547
f 595/595/595 547/547/547 544/544/544
f 595/595/595 544/544/544 592/592/592
f 595/595/595 592/592/592 589/589/589
f 595/595/595 589/589/589 594/594/594
f 596/596/596 393/393/393 392/392/392
f 596/596/596 392/392/392 597/597/597
f 596/596/596 597/597/597 598/598/598
f 596/596/596 598/598/598 599/599/599
f 596/596/596 599/599/599 600/600/600
f 596/596/596 600/600/600 601/601/601
f 596/596/596 601/601/601 394/394/394
f 596/596/596 394/394/394 393/393/393
f 602/602/602 599/599/599 598/598/598
f 602/602/602 598/598/598 603/603/603
f 602/602/602 603/603/603 604/604/604
f 602/602/602 604/604/604 605/605/605
f 602/602/602 605/605/605 606/606/606
f 602/602/602 606/606/606 607/607/607
f 602/602/602 607/607/607 600/600/600
f 602/602/602 600/600/600 599/599/599
f 608/608/608 399/399/399 394/394/394
f 608/608/608 394/394/394 601/601/601
f 608/608/608 601/601/601 600/600/600
f 608/608/608 600/600/600 609/609/609
f 608/608/608 609/609/609 610/610/610
f 608/608/608 610/610/610 611/611/611
f 608/608/608 611/611/611 400/400/400
f 608/608/608 400/400/400 399/399/399
f 612/612/612 609/609/609 600/600/600
f 612/612/612 600/600/600 607/607/607
f 612/612/612 607/607/607 606/606/606
f 612/612/612 606/606/606 613/613/613
f 612/612/612 613/613/613 614/614/614
f 612/612/612 614/614/614 615/615/615
f 612/612/612 615/615/615 610/610/610
f 612/612/612 610/610/610 609/609/609
f 616/616/616 405/405/405 400/400/400
f 616/616/616 400/400/400 611/611/611
f 616/616/616 611/611/611 610/610/610
f 616/616/616 610/610/610 617/617/617
f 616/616/616 617/617/617 618/618/618
f 616/616/616 618/618/618 619/619/619
f 616/616/616 619/619/619 406/406/406
f 616/616/616 406/406/406 405/405/405
f 620/620/620 617/617/617 610/610/610
f 620/620/620 610/610/610 615/615/615
f 620/620/620 615/615/615 614/614/614
f 620/620/620 614/614/614 621/621/621
f 620/620/620 621/621/621 622/622/622
f 620/620/620 622/622/622 623/623/623
f 620/620/620 623/623/623 618/618/618
f 620/620/620 618/618/618 617/617/617
f 624/624/624 411/411/411 406/406/406
f 624/624/624 406/406/406 619/619/619
f 624/624/624 619/619/619 618/618/618
f 624/624/624 618/618/618 625/625/625
f 624/624/624 625/625/625 626/626/626
f 624/624/624 626/626/626 627/627/627
f 624/624/624 627/627/627 412/412/412
f 624/624/624 412/412/412 411/411/411
f 628/628/628 625/625/625 618/618/618
f 628/628/628 618/618/618 623/623/623
f 628/628/628 623/623/623 622/622/622
f 628/628/628 622/622/622 629/629/629
f 628/628/628 629/629/629 630/630/630
f 628/628/628 630/630/630 631/631/631
f 628/628/628 631/631/631 626/626/626
f 628/628/628 626/626/626 625/625/625
f 632/632/632 417/417/417 412/412/412
f 632/632/632 412/412/412 627/627/627
f 632/632/632 627/627/627 626/626/626
f 632/632/632 626/626/626 633/633/633
f 632/632/632 633/633/633 634/634/634
f 632/632/632 634/634/634 635/635/635
f 632/632/632 635/635/635 418/418/418
f 632/632/632 418/418/418 417/417/417
f 636/636/636 633/633/633 626/626/626
f 636/636/636 626/626/626 631/631/631
f 636/636/636 631/631/631 630/630/630
f 636/636/636 630/630/630 637/637/637
f 636/636/636 637/637/637 638/638/638
f 636/636/636 638/638/638 639/639/639
f 636/636/636 639/639/639 634/634/634
f 636/636/636 634/634/634 633/633/633
f 640/640/640 423/423/423 418/418/418
f 640/640/640 418/418/418 635/635/635
f 640/640/640 635/635/635 634/634/634
f 640/640/640 634/634/634 641/641/641
f 640/640/640 641/641/641 642/642/642
f 640/640/640 642/642/642 643/643/643
f 640/640/640 643/643/643 424/424/424
f 640/640/640 424/424/424 423/423/423
f 644/644/644 641/641/641 634/634/634
f 644/644/644 634/634/634 639/639/639
f 644/644/644 639/639/639 638/638/638
f 644/644/644 638/638/638 645/645/645
f 644/644/644 645/645/645 646/646/646
f 644/644/644 646/646/646 647/647/647
f 644/644/644 647/647/647 642/642/642
f 644/644/644 642/642/642 641/641/641
f 648/648/648 429/429/429 424/424/424
f 648/648/648 424/424/424 643/643/643
f 648/648/648 643/643/643 642/642/642
f 648/648/648 642/642/642 649/649/649
f 648/648/648 649/649/649 650/650/650
f 648/648/648 650/650/650 651/651/651
f 648/648/648 651/651/651 430/430/430
f 648/648/648 430/430/430 429/429/429
f 652/652/652 649/649/649 642/642/642
f 652/652/652 642/642/642 647/647/647
f 652/652/652 647/647/647 646/646/646
f 652/652/652 646/646/646 653/653/653
f 652/652/652 653/653/653 654/654/654
f 652/652/652 654/654/654 655/655/655
f 652/652/652 655/655/655 650/650/650
f 652/652/652 650/650/650 649/649/649
f 656/656/656 435/435/435 430/430/430
f 656/656/656 430/430/430 651/651/651
f 656/656/656 651/651/651 650/650/650
f 656/656/656 650/650/650 657/657/657
f 656/656/656 657/657/657 598/598/598
f 656/656/656 598/598/598 597/597/597
f 656/656/656 597/597/597 392/392/392
f 656/656/656 392/392/392 435/435/435
f 658/658/658 657/657/657 650/650/650
f 658/658/658 650/650/650 655/655/655
f 658/658/658 655/655/655 654/654/654
f 658/658/658 654/654/654 659/659/659
f 658/658/658 659/659/659 604/604/604
f 658/658/658 604/604/604 603/603/603
f 658/658/658 603/603/603 598/598/598
f 658/658/658 598/598/598 657/657/657
f 660/660/660 661/661/661 662/662/662
f 660/660/660 662/662/662 663/663/663
f 660/660/660 663/663/663 664/664/664
f 660/660/660 664/664/664 665/665/665
f 660/660/660 665/665/665 666/666/666
f 660/660/660 666/666/666 667/667/667
f 660/660/660 667/667/667 668/668/668
f 660/660/660 668/668/668 661/661/661
f 669/669/669 665/665/665 664/664/664
f 669/669/669 664/664/664 670/670/670
f 669/669/669 670/670/670 671/671/671
f 669/669/669 671/671/671 672/672/672
f 669/669/669 672/672/672 673/673/673
f 669/669/669 673/673/673 674/674/674
f 669/669/669 674/674/674 666/666/666
f 669/669/669 666/666/666 665/665/665
f 675/675/675 676/676/676 677/677/677
f 675/675/675 677/677/677 678/678/678
f 675/675/675 678/678/678 679/679/679
f 675/675/675 679/679/679 680/680/680
f 675/675/675 680/680/680 664/664/664
f 675/675/675 664/664/664 663/663/663
f 675/675/675 663/663/663 662/662/662
f 675/675/675 662/662/662 676/676/676
f 681/681/681 680/680/680 679/679/679
f 681/681/681 679/679/679 682/682/682
f 681/681/681 682/682/682 683/683/683
f 681/681/681 683/683/683 684/684/684
f 681/681/681 684/684/684 671/671/671
f 681/681/681 671/671/671 670/670/670
f 681/681/681 670/670/670 664/664/664
f 681/681/681 664/664/664 680/680/680
f 685/685/685 686/686/686 687/687/687
f 685/685/685 687/687/687 688/688/688
f 685/685/685 688/688/688 689/689/689
f 685/685/685 689/689/689 690/690/690
f 685/685/685 690/690/690 679/679/679
f 685/685/685 679/679/679 678/678/678
f 685/685/685 678/678/678 677/677/677
f 685/685/685 677/677/677 686/686/686
f 691/691/691 690/690/690 689/689/689
f 691/691/691 689/689/689 692/692/692
f 691/691/691 692/692/692 693/693/693
f 691/691/691 693/693/693 694/694/694
f 691/691/691 694/694/694 683/683/683
f 691/691/691 683/683/683 682/682/682
f 691/691/691 682/682/682 679/679/679
f 691/691/691 679/679/679 690/690/690
f 695/695/695 696/696/696 697/697/697
f 695/695/695 697/697/697 698/698/698
f 695/695/695 698/698/698 699/699/699
f 695/695/695 699/699/699 700/700/700
f 695/695/695 700/700/700 689/689/689
f 695/695/695 689/689/689 688/688/688
f 695/695/695 688/688/688 687/687/687
f 695/695/695 687/687/687 696/696/696
f 701/701/701 700/700/700 699/699/699
f 701/701/701 699/699/699 702/702/702
f 701/701/701 702/702/702 703/703/703
f 701/701/701 703/703/703 704/704/704
f 701/701/701 704/704/704 693/693/693
f 701/701/701 693/693/693 692/692/692
f 701/701/701 692/692/692 689/689/689
f 701/701/701 689/689/689 700/700/700
f 705/705/705 706/706/706 707/707/707
f 705/705/705 707/707/707 708/708/708
f 705/705/705 708/708/708 709/709/709
f 705/705/705 709/709/709 710/710/710
f 705/705/705 710/710/710 699/699/699
f 705/705/705 699/699/699 698/698/698
f 705/705/705 698/698/698 697/697/697
f 705/705/705 697/697/697 706/706/706
f 711/711/711 710/710/710 709/709/709
f 711/711/711 709/709/709 712/712/712
f 711/711/711 712/712/712 713/713/713
f 711/711/711 713/713/713 714/714/714
f 711/711/711 714/714/714 703/703/703
f 711/711/711 703/703/703 702/702/702
f 711/711/711 702/702/702 699/699/699
f 711/711/711 699/699/699 710/710/710
f 715/715/715 716/716/716 668/668/668
f 715/715/715 668/668/668 667/667/667
f 715/715/715 667/667/667 666/666/666
f 715/715/715 666/666/666 717/717/717
f 715/715/715 717/717/717 709/709/709
f 715/715/715 709/709/709 708/708/708
f 715/715/715 708/708/708 707/707/707
f 715/715/715 707/707/707 716/716/716
f 718/718/718 717/717/717 666/666/666
f 718/718/718 666/666/666 674/674/674
f 718/718/718 674/674/674 673/673/673
f 718/718/718 673/673/673 719/719/719
f 718/718/718 719/719/719 713/713/713
f 718/718/718 713/713/713 712/712/712
f 718/718/718 712/712/712 709/709/709
f 718/718/718 709/709/709 717/717/717
f 720/720/720 719/719/719 673/673/673
f 720/720/720 673/673/673 721/721/721
f 720/720/720 721/721/721 722/722/722
f 720/720/720 722/722/722 723/723/723
f 720/720/720 723/723/723 724/724/724
f 720/720/720 724/724/724 725/725/725
f 720/720/720 725/725/725 713/713/713
f 720/720/720 713/713/713 719/719/719
f 726/726/726 723/723/723 722/722/722
f 726/726/726 722/722/722 727/727/727
f 726/726/726 727/727/727 728/728/728
f 726/726/726 728/728/728 729/729/729
f 726/726/726 729/729/729 730/730/730
f 726/726/726 730/730/730 731/731/731
f 726/726/726 731/731/731 724/724/724
f 726/726/726 724/724/724 723/723/723
f 732/732/732 714/714/714 713/713/713
f 732/732/732 713/713/713 725/725/725
f 732/732/732 725/725/725 724/724/724
f 732/732/732 724/724/724 733/733/733
f 732/732/732 733/733/733 734/734/734
f 732/732/732 734/734/734 735/735/735
f 732/732/732 735/735/735 703/703/703
f 732/732/732 703/703/703 714/714/714
f 736/736/736 733/733/733 724/724/724
f 736/736/736 724/724/724 731/731/731
f 736/736/736 731/731/731 730/730/730
f 736/736/736 730/730/730 737/737/737
f 736/736/736 737/737/737 738/738/738
f 736/736/736 738/738/738 739/739/739
f 736/736/736 739/739/739 734/734/734
f 736/736/736 734/734/734 733/733/733
f 740/740/740 704/704/704 703/703/703
f 740/740/740 703/703/703 735/735/735
f 740/740/740 735/735/735 734/734/734
f 740/740/740 734/734/734 741/741/741
f 740/740/740 741/741/741 742/742/742
f 740/740/740 742/742/742 743/743/743
f 740/740/740 743/743/743 693/693/693
f 740/740/740 693/693/693 704/704/704
f 744/744/744 741/741/741 734/734/734
f 744/744/744 734/734/734 739/739/739
f 744/744/744 739/739/739 738/738/738
f 744/744/744 738/738/738 745/745/745
f 744/744/744 745/745/745 746/746/746
f 744/744/744 746/746/746 747/747/747
f 744/744/744 747/747/747 742/742/742
f 744/744/744 742/742/742 741/741/741
f 748/748/748 694/694/694 693/693/693
f 748/748/748 693/693/693 743/743/743
f 748/748/748 743/743/743 742/742/742
f 748/748/748 742/742/742 749/749/749
f 748/748/748 749/749/749 750/750/750
f 748/748/748 750/750/750 751/751/751
f 748/748/748 751/751/751 683/683/683
f 748/748/748 683/683/683 694/694/694
f 752/752/752 749/749/749 742/742/742
f 752/752/752 742/742/742 747/747/747
f 752/752/752 747/747/747 746/746/746
f 752/752/752 746/746/746 753/753/753
f 752/752/752 753/753/753 754/754/754
f 752/752/752 754/754/754 755/755/755
f 752/752/752 755/755/755 750/750/750
f 752/752/752 750/750/750 749/749/749
f 756/756/756 684/684/684 683/683/683
f 756/756/756 683/683/683 751/751/751
f 756/756/756 751/751/751 750/750/750
f 756/756/756 750/750/750 757/757/757
f 756/756/756 757/757/757 758/758/758
f 756/756/756 758/758/758 759/759/759
f 756/756/756 759/759/759 671/671/671
f 756/756/756 671/671/671 684/684/684
f 760/760/760 757/757/757 750/750/750
f 760/760/760 750/750/750 755/755/755
f 760/760/760 755/755/755 754/754/754
f 760/760/760 754/754/754 761/761/761
f 760/760/760 761/761/761 762/762/762
f 760/760/760 762/762/762 763/763/763
f 760/760/760 763/763/763 758/758/758
f 760/760/760 758/758/758 757/757/757
f 764/764/764 672/672/672 671/671/671
f 764/764/764 671/671/671 759/759/759
f 764/764/764 759/759/759 758/758/758
f 764/764/764 758/758/758 765/765/765
f 764/764/764 765/765/765 722/722/722
f 764/764/764 722/722/722 721/721/721
f 764/764/764 721/721/721 673/673/673
f 764/764/764 673/673/673 672/672/672
f 766/766/766 765/765/765 758/758/758
f 766/766/766 758/758/758 763/763/763
f 766/766/766 763/763/763 762/762/762
f 766/766/766 762/762/762 767/767/767
f 766/766/766 767/767/767 728/728/728
f 766/766/766 728/728/728 727/727/727
f 766/766/766 727/727/727 722/722/722
f 766/766/766 722/722/722 765/765/765
f 768/768/768 767/767/767 762/762/762
f 768/768/768 762/762/762 769/769/769
f 768/768/768 769/769/769 770/770/770
f 768/768/768 770/770/770 771/771/771
f 768/768/768 771/771/771 772/772/772
f 768/768/768 772/772/772 773/773/773
f 768/768/768 773/773/773 728/728/728
f 768/768/768 728/728/728 767/767/767
f 774/774/774 771/771/771 770/770/770
f 774/774/774 770/770/770 775/775/775
f 774/774/774 775/775/775 19/19/19
f 774/774/774 19/19/19 18/18/18
f 774/774/774 18/18/18 12/12/12
f 774/774/774 12/12/12 776/776/776
f 774/774/774 776/776/776 772/772/772
f 774/774/774 772/772/772 771/771/771
f 777/777/777 761/761/761 754/754/754
f 777/777/777 754/754/754 778/778/778
f 777/777/777 778/778/778 779/779/779
f 777/777/777 779/779/779 780/780/780
f 777/777/777 780/780/780 770/770/770
f 777/777/777 770/770/770 769/769/769
f 777/777/777 769/769/769 762/762/762
f 777/777/777 762/762/762 761/761/761
f 781/781/781 780/780/780 779/779/779
f 781/781/781 779/779/779 782/782/782
f 781/781/781 782/782/782 7/7/7
f 781/781/781 7/7/7 17/17/17
f 781/781/781 17/17/17 19/19/19
f 781/781/781 19/19/19 775/775/775
f 781/781/781 775/775/775 770/770/770
f 781/781/781 770/770/770 780/780/780
f 783/783/783 753/753/753 746/746/746
f 783/783/783 746/746/746 784/784/784
f 783/783/783 784/784/784 785/785/785
f 783/783/783 785/785/785 786/786/786
f 783/783/783 786/786/786 779/779/779
f 783/783/783 779/779/779 778/778/778
f 783/783/783 778/778/778 754/754/754
f 783/783/783 754/754/754 753/753/753
f 787/787/787 786/786/786 785/785/785
f 787/787/787 785/785/785 788/788/788
f 787/787/787 788/788/788 9/9/9
f 787/787/787 9/9/9 8/8/8
f 787/787/787 8/8/8 7/7/7
f 787/787/787 7/7/7 782/782/782
f 787/787/787 782/782/782 779/779/779
f 787/787/787 779/779/779 786/786/786
f 789/789/789 745/745/745 738/738/738
f 789/789/789 738/738/738 790/790/790
f 789/789/789 790/790/790 791/791/791
f 789/789/789 791/791/791 792/792/792
f 789/789/789 792/792/792 785/785/785
f 789/789/789 785/785/785 784/784/784
f 789/789/789 784/784/784 746/746/746
f 789/789/789 746/746/746 745/745/745
f 793/793/793 792/792/792 791/791/791
f 793/793/793 791/791/791 794/794/794
f 793/793/793 794/794/794 3/3/3
f 793/793/793 3/3/3 2/2/2
f 793/793/793 2/2/2 9/9/9
f 793/793/793 9/9/9 788/788/788
f 793/793/793 788/788/788 785/785/785
f 793/793/793 785/785/785 792/792/792
f 795/795/795 737/737/737 730/730/730
f 795/795/795 730/730/730 796/796/796
f 795/795/795 796/796/796 797/797/797
f 795/795/795 797/797/797 798/798/798
f 795/795/795 798/798/798 791/791/791
f 795/795/795 791/791/791 790/790/790
f 795/795/795 790/790/790 738/738/738
f 795/795/795 738/738/738 737/737/737
f 799/799/799 798/798/798 797/797/797
f 799/799/799 797/797/797 800/800/800
f 799/799/799 800/800/800 15/15/15
f 799/799/799 15/15/15 14/14/14
f 799/799/799 14/14/14 3/3/3
f 799/799/799 3/3/3 794/794/794
f 799/799/799 794/794/794 791/791/791
f 799/799/799 791/791/791 798/798/798
f 801/801/801 729/729/729 728/728/728
f 801/801/801 728/728/728 773/773/773
f 801/801/801 773/773/773 772/772/772
f 801/801/801 772/772/772 802/802/802
f 801/801/801 802/802/802 797/797/797
f 801/801/801 797/797/797 796/796/796
f 801/801/801 796/796/796 730/730/730
f 801/801/801 730/730/730 729/729/729
f 803/803/803 802/802/802 772/772/772
f 803/803/803 772/772/772 776/776/776
f 803/803/803 776/776/776 12/12/12
f 803/803/803 12/12/12 11/11/11
f 803/803/803 11/11/11 15/15/15
f 803/803/803 15/15/15 800/800/800
f 803/803/803 800/800/800 797/797/797
f 803/803/803 797/797/797 802/802/802
