v -1.359210 0.344986 -0.750175
v -1.357852 0.344986 -0.767102
v -1.359376 0.343216 -0.767432
v -1.360767 0.343216 -0.750100
v -1.357703 0.343204 -0.732984
v -1.356218 0.344964 -0.733460
v -1.353484 0.346841 -0.734337
v -1.356345 0.346889 -0.750315
v -1.355046 0.346900 -0.766494
v -1.352086 0.344986 -0.783074
v -1.344037 0.345234 -0.796016
v -1.343133 0.343377 -0.799612
v -1.353472 0.343216 -0.783787
v -1.349535 0.346904 -0.781762
v -1.341973 0.347025 -0.794181
v -1.239586 0.344986 -0.788538
v -1.232299 0.344964 -0.773200
v -1.230814 0.343204 -0.773676
v -1.238275 0.343216 -0.789382
v -1.247907 0.343216 -0.801860
v -1.248992 0.344986 -0.800724
v -1.250989 0.346900 -0.798633
v -1.241998 0.346889 -0.786985
v -1.235033 0.346841 -0.772323
v -1.229307 0.344898 -0.756485
v -1.229871 0.344753 -0.741101
v -1.228328 0.343072 -0.740808
v -1.227750 0.343171 -0.756561
v -1.232172 0.346725 -0.756346
v -1.232712 0.346522 -0.741641
v -1.259050 0.343807 -0.698658
v -1.274389 0.343835 -0.691371
v -1.273912 0.342381 -0.689886
v -1.258206 0.342339 -0.697347
v -1.246143 0.342320 -0.706172
v -1.247270 0.343818 -0.707276
v -1.249343 0.345432 -0.709308
v -1.260604 0.345364 -0.701070
v -1.275265 0.345359 -0.694104
v -1.291104 0.343807 -0.688378
v -1.308030 0.343898 -0.689737
v -1.308360 0.342385 -0.688212
v -1.291028 0.342339 -0.686821
v -1.291243 0.345364 -0.691244
v -1.307423 0.345523 -0.692542
v -1.324002 0.344281 -0.695503
v -1.337982 0.344700 -0.705143
v -1.339030 0.343028 -0.703988
v -1.324715 0.342691 -0.694117
v -1.322690 0.345975 -0.698054
v -1.336053 0.346463 -0.707269
v -1.348931 0.344898 -0.718122
v -1.350242 0.343171 -0.717278
v -1.346519 0.346725 -0.719676
v -1.343083 0.348453 -0.721888
v -1.333305 0.348106 -0.710297
v -1.329471 0.349375 -0.714522
v -1.338289 0.349790 -0.724976
v -1.344157 0.350054 -0.737328
v -1.349591 0.348642 -0.735586
v -1.320821 0.347530 -0.701688
v -1.306557 0.346986 -0.696539
v -1.304308 0.348184 -0.701431
v -1.318213 0.348748 -0.706759
v -1.291441 0.346733 -0.695326
v -1.276514 0.346680 -0.697998
v -1.277686 0.347638 -0.701652
v -1.290587 0.347724 -0.699390
v -1.262816 0.346733 -0.704505
v -1.252296 0.346882 -0.712202
v -1.256518 0.348114 -0.715753
v -1.265875 0.347724 -0.707315
v -1.236254 0.348453 -0.756147
v -1.236758 0.348175 -0.742409
v -1.238926 0.348642 -0.771075
v -1.244360 0.350054 -0.769332
v -1.241950 0.349790 -0.755871
v -1.242405 0.349448 -0.743482
v -1.245434 0.348744 -0.784772
v -1.253834 0.348789 -0.795655
v -1.257803 0.350333 -0.791499
v -1.250228 0.350230 -0.781685
v -1.345900 0.348804 -0.779893
v -1.338914 0.348807 -0.791699
v -1.351050 0.348789 -0.765629
v -1.345473 0.350336 -0.764421
v -1.340829 0.350394 -0.777284
v -1.333026 0.350475 -0.790090
v -1.352263 0.348744 -0.750513
v -1.346567 0.350230 -0.750790
v -1.338860 0.351024 -0.751164
v -1.337927 0.351228 -0.762787
v -1.336805 0.350764 -0.739686
v -1.328319 0.351021 -0.742407
v -1.329964 0.351350 -0.751596
v -1.329217 0.351647 -0.760901
v -1.333968 0.351382 -0.773755
v -1.327348 0.351493 -0.783354
v -1.326048 0.351905 -0.769681
v -1.320748 0.352114 -0.777366
v -1.318435 0.351569 -0.790873
v -1.307903 0.351598 -0.795877
v -1.310016 0.350874 -0.802465
v -1.321268 0.350845 -0.797243
v -1.313613 0.352269 -0.783385
v -1.305181 0.352332 -0.787391
v -1.296425 0.351569 -0.797932
v -1.286402 0.351512 -0.797822
v -1.285301 0.350478 -0.806398
v -1.297825 0.350845 -0.804761
v -1.295993 0.352269 -0.789036
v -1.287969 0.352150 -0.788948
v -1.256716 0.351024 -0.777507
v -1.251712 0.350764 -0.766975
v -1.263175 0.351215 -0.785875
v -1.269374 0.351624 -0.779384
v -1.264204 0.351350 -0.772685
v -1.260198 0.351021 -0.764253
v -1.249657 0.350443 -0.755496
v -1.250045 0.350080 -0.744933
v -1.258553 0.350668 -0.755064
v -1.258863 0.350316 -0.746608
v -1.314683 0.349433 -0.713621
v -1.324283 0.350015 -0.720241
v -1.304795 0.348910 -0.709560
v -1.301063 0.349255 -0.717603
v -1.310609 0.349781 -0.721541
v -1.318294 0.350264 -0.726840
v -1.331801 0.350443 -0.729153
v -1.324313 0.350668 -0.733976
v -1.316518 0.350720 -0.738995
v -1.312060 0.350360 -0.733711
v -1.307979 0.350406 -0.738208
v -1.309001 0.350674 -0.742910
v -1.310964 0.351056 -0.747973
v -1.319485 0.351075 -0.745240
v -1.306369 0.349986 -0.729786
v -1.299866 0.349620 -0.727438
v -1.297972 0.349978 -0.736184
v -1.303201 0.350207 -0.737647
v -1.292974 0.349284 -0.726885
v -1.291760 0.348883 -0.719341
v -1.283843 0.348665 -0.720853
v -1.286169 0.349123 -0.728104
v -1.288023 0.349537 -0.733887
v -1.292606 0.349758 -0.735353
v -1.279924 0.349284 -0.731070
v -1.276524 0.348883 -0.724227
v -1.268367 0.349204 -0.727404
v -1.275127 0.349563 -0.734579
v -1.281742 0.349943 -0.740872
v -1.285148 0.349758 -0.737744
v -1.267814 0.350720 -0.754615
v -1.268044 0.350397 -0.748351
v -1.269032 0.351075 -0.761420
v -1.276850 0.351049 -0.758913
v -1.275684 0.350682 -0.753763
v -1.273742 0.350447 -0.749796
v -1.271999 0.351432 -0.767665
v -1.275828 0.351747 -0.772626
v -1.279624 0.351696 -0.768137
v -1.278896 0.351434 -0.763780
v -1.295543 0.352627 -0.779775
v -1.289600 0.352435 -0.779710
v -1.302348 0.352734 -0.778557
v -1.300494 0.352724 -0.772774
v -1.295911 0.352645 -0.771308
v -1.291322 0.352364 -0.770744
v -1.308593 0.352627 -0.775590
v -1.313878 0.352388 -0.771132
v -1.307251 0.352316 -0.765119
v -1.303369 0.352645 -0.768916
v -1.317803 0.352101 -0.765440
v -1.320150 0.351778 -0.758937
v -1.314215 0.351752 -0.757652
v -1.310654 0.351995 -0.760887
v -1.320703 0.351432 -0.752046
v -1.312311 0.351456 -0.753233
v -1.290583 0.350158 -0.741869
v -1.287924 0.350438 -0.746360
v -1.294730 0.351157 -0.753179
v -1.296294 0.350451 -0.743931
v -1.297934 0.352322 -0.764791
v -1.301381 0.351898 -0.759793
v -1.293159 0.351931 -0.762684
v -1.306022 0.351610 -0.755878
v -1.303416 0.351096 -0.750393
v -1.302346 0.350603 -0.744416
v -1.315470 0.543909 -0.799298
v -1.316483 0.544636 -0.800728
v -1.318452 0.532432 -0.806866
v -1.317413 0.531976 -0.805357
v -1.315593 0.531587 -0.804369
v -1.313672 0.543288 -0.798376
v -1.310448 0.553893 -0.788324
v -1.312204 0.554775 -0.789113
v -1.313168 0.555808 -0.790389
v -1.311311 0.542880 -0.798149
v -1.313219 0.531331 -0.804097
v -1.310678 0.531236 -0.804531
v -1.308776 0.542729 -0.798599
v -1.305590 0.553099 -0.788665
v -1.308115 0.553313 -0.788183
v -1.306452 0.542880 -0.799708
v -1.308359 0.531331 -0.805656
v -1.306585 0.531587 -0.807257
v -1.304664 0.543288 -0.801265
v -1.301440 0.553893 -0.791213
v -1.303256 0.553313 -0.789742
v -1.303737 0.543909 -0.803060
v -1.305680 0.531976 -0.809120
v -1.305712 0.532432 -0.810951
v -1.303744 0.544636 -0.804813
v -1.300428 0.555808 -0.794474
v -1.300471 0.554775 -0.792876
v -1.304757 0.545363 -0.806243
v -1.306751 0.532889 -0.812460
v -1.308571 0.533278 -0.813448
v -1.306556 0.545984 -0.807165
v -1.303148 0.557723 -0.796539
v -1.301392 0.556841 -0.795750
v -1.308916 0.546392 -0.807392
v -1.310945 0.533534 -0.813720
v -1.313486 0.533628 -0.813286
v -1.311451 0.546543 -0.806942
v -1.308006 0.558517 -0.796198
v -1.305480 0.558303 -0.796680
v -1.313776 0.546392 -0.805833
v -1.315805 0.533534 -0.812161
v -1.317579 0.533278 -0.810560
v -1.315564 0.545984 -0.804276
v -1.312156 0.557723 -0.793651
v -1.310340 0.558303 -0.795121
v -1.316490 0.545363 -0.802481
v -1.318484 0.532889 -0.808697
v -1.313125 0.556841 -0.791987
v -1.308213 0.565864 -0.776671
v -1.307172 0.567037 -0.778109
v -1.308340 0.564489 -0.775336
v -1.303155 0.570698 -0.759168
v -1.302917 0.572374 -0.760157
v -1.301782 0.573804 -0.761300
v -1.305309 0.567808 -0.779432
v -1.302957 0.568092 -0.780454
v -1.301782 0.573804 -0.761300
v -1.299856 0.574744 -0.762429
v -1.297481 0.575091 -0.763379
v -1.300449 0.567808 -0.780990
v -1.298164 0.567037 -0.780998
v -1.294996 0.574744 -0.763987
v -1.292773 0.573804 -0.764189
v -1.296480 0.565864 -0.780433
v -1.295601 0.564489 -0.779422
v -1.292773 0.573804 -0.764189
v -1.291184 0.572374 -0.763919
v -1.290416 0.570698 -0.763253
v -1.295728 0.563115 -0.778087
v -1.296769 0.561942 -0.776649
v -1.290654 0.569022 -0.762264
v -1.291790 0.567592 -0.761121
v -1.298633 0.561171 -0.775326
v -1.300985 0.560887 -0.774304
v -1.293715 0.566653 -0.759992
v -1.296090 0.566306 -0.759042
v -1.303492 0.561171 -0.773767
v -1.305777 0.561942 -0.773760
v -1.298575 0.566653 -0.758434
v -1.300798 0.567592 -0.758232
v -1.307461 0.563115 -0.774324
v -1.302387 0.569022 -0.758502
v -1.298126 0.572590 -0.745216
v -1.298766 0.574452 -0.745482
v -1.296647 0.571001 -0.745288
v -1.293668 0.572716 -0.735999
v -1.295059 0.574388 -0.735653
v -1.295597 0.576347 -0.735598
v -1.294496 0.569956 -0.745714
v -1.292037 0.569571 -0.746405
v -1.289137 0.571212 -0.737361
v -1.291574 0.571618 -0.736604
v -1.293668 0.572716 -0.735999
v -1.289636 0.569956 -0.747272
v -1.287639 0.571001 -0.748177
v -1.284660 0.572716 -0.738887
v -1.286714 0.571618 -0.738162
v -1.286393 0.572590 -0.748979
v -1.286027 0.574452 -0.749567
v -1.282857 0.576347 -0.739684
v -1.283326 0.574388 -0.739416
v -1.284660 0.572716 -0.738887
v -1.286667 0.576314 -0.749833
v -1.288147 0.577904 -0.749761
v -1.284786 0.579979 -0.739283
v -1.283395 0.578306 -0.739629
v -1.290298 0.578948 -0.749336
v -1.292756 0.579334 -0.748645
v -1.289317 0.581483 -0.737921
v -1.286880 0.581077 -0.738678
v -1.295158 0.578948 -0.747777
v -1.297155 0.577904 -0.746872
v -1.293795 0.579979 -0.736395
v -1.291740 0.581077 -0.737120
v -1.298400 0.576314 -0.746071
v -1.295128 0.578306 -0.735867
v -1.293566 0.578970 -0.730998
v -1.292204 0.580670 -0.731434
v -1.293795 0.579979 -0.736395
v -1.294070 0.576979 -0.730836
v -1.293327 0.576415 -0.728520
v -1.292767 0.578303 -0.728506
v -1.291357 0.579915 -0.728793
v -1.290130 0.581787 -0.732100
v -1.287700 0.582199 -0.732879
v -1.291357 0.579915 -0.728793
v -1.289251 0.580974 -0.729359
v -1.286809 0.581365 -0.730102
v -1.285270 0.581787 -0.733658
v -1.283196 0.580670 -0.734323
v -1.284391 0.580974 -0.730918
v -1.282349 0.579915 -0.731681
v -1.281833 0.578970 -0.734760
v -1.281330 0.576979 -0.734922
v -1.284786 0.579979 -0.739283
v -1.282349 0.579915 -0.731681
v -1.281034 0.578303 -0.732268
v -1.280587 0.576415 -0.732605
v -1.281833 0.574988 -0.734760
v -1.283196 0.573288 -0.734323
v -1.281147 0.574527 -0.732619
v -1.282557 0.572915 -0.732332
v -1.285270 0.572171 -0.733658
v -1.287700 0.571759 -0.732879
v -1.284663 0.571856 -0.731765
v -1.287105 0.571465 -0.731023
v -1.290130 0.572171 -0.732100
v -1.292204 0.573288 -0.731434
v -1.289523 0.571856 -0.730207
v -1.291565 0.572915 -0.729443
v -1.293566 0.574988 -0.730998
v -1.292880 0.574527 -0.728857
v -1.292232 0.573143 -0.726837
v -1.292510 0.574723 -0.725973
v -1.291062 0.571795 -0.727873
v -1.290704 0.569877 -0.726756
v -1.291718 0.570837 -0.725235
v -1.291815 0.571962 -0.723804
v -1.289114 0.570910 -0.728932
v -1.286731 0.570582 -0.729856
v -1.286512 0.569013 -0.729176
v -1.288858 0.569246 -0.728133
v -1.284254 0.570910 -0.730490
v -1.282054 0.571795 -0.730762
v -1.281696 0.569877 -0.729645
v -1.283998 0.569246 -0.729692
v -1.280499 0.573143 -0.730599
v -1.279771 0.574723 -0.730059
v -1.279075 0.571962 -0.727889
v -1.279986 0.570837 -0.728998
v -1.280049 0.576303 -0.729195
v -1.281219 0.577651 -0.728159
v -1.280186 0.574046 -0.724937
v -1.279171 0.573086 -0.726458
v -1.283167 0.578537 -0.727100
v -1.285550 0.578864 -0.726175
v -1.284377 0.574910 -0.722518
v -1.282032 0.574677 -0.723560
v -1.288027 0.578537 -0.725541
v -1.290227 0.577651 -0.725270
v -1.289194 0.574046 -0.722048
v -1.286892 0.574677 -0.722002
v -1.291782 0.576303 -0.725432
v -1.290904 0.573086 -0.722695
v -1.290429 0.568773 -0.721213
v -1.288637 0.569272 -0.720310
v -1.291435 0.568189 -0.722620
v -1.291269 0.564903 -0.722102
v -1.290223 0.565049 -0.720571
v -1.288397 0.565174 -0.719563
v -1.286280 0.569599 -0.720096
v -1.283746 0.569720 -0.720550
v -1.286019 0.565256 -0.719279
v -1.283476 0.565286 -0.719708
v -1.281420 0.569599 -0.721654
v -1.279628 0.569272 -0.723199
v -1.281159 0.565256 -0.720838
v -1.279389 0.565174 -0.722452
v -1.278695 0.568773 -0.724975
v -1.278695 0.568189 -0.726706
v -1.278490 0.565049 -0.724334
v -1.278529 0.564903 -0.726187
v -1.279702 0.567605 -0.728113
v -1.281494 0.567107 -0.729016
v -1.279575 0.564757 -0.727719
v -1.281401 0.564633 -0.728726
v -1.283850 0.566780 -0.729230
v -1.286384 0.566659 -0.728776
v -1.283779 0.564551 -0.729010
v -1.286322 0.564520 -0.728581
v -1.288710 0.566780 -0.727672
v -1.290502 0.567107 -0.726127
v -1.288639 0.564551 -0.727452
v -1.290409 0.564633 -0.725837
v -1.291435 0.567605 -0.724351
v -1.291308 0.564757 -0.723956
v -1.291266 0.563600 -0.723824
v -1.291213 0.563600 -0.721929
v -1.290409 0.564633 -0.725837
v -1.290378 0.563600 -0.725741
v -1.290016 0.563366 -0.725625
v -1.290846 0.563366 -0.723834
v -1.290797 0.563366 -0.722063
v -1.288616 0.563600 -0.727378
v -1.286301 0.563600 -0.728517
v -1.286206 0.563366 -0.728220
v -1.288369 0.563366 -0.727156
v -1.283756 0.563600 -0.728937
v -1.281370 0.563600 -0.728630
v -1.281597 0.563366 -0.728325
v -1.283827 0.563366 -0.728612
v -1.279533 0.563600 -0.727587
v -1.281401 0.564633 -0.728726
v -1.278474 0.563600 -0.726015
v -1.278890 0.563366 -0.725881
v -1.279880 0.563366 -0.727351
v -1.281597 0.563366 -0.728325
v -1.278421 0.563600 -0.724120
v -1.279389 0.565174 -0.722452
v -1.279309 0.563600 -0.722203
v -1.279671 0.563366 -0.722319
v -1.278841 0.563366 -0.724110
v -1.281071 0.563600 -0.720566
v -1.283386 0.563600 -0.719427
v -1.283481 0.563366 -0.719724
v -1.281318 0.563366 -0.720788
v -1.285931 0.563600 -0.719007
v -1.288317 0.563600 -0.719314
v -1.288090 0.563366 -0.719618
v -1.285860 0.563366 -0.719332
v -1.290154 0.563600 -0.720357
v -1.288397 0.565174 -0.719563
v -1.289807 0.563366 -0.720593
v -1.288090 0.563366 -0.719618
v -1.320340 0.378465 -0.810240
v -1.319483 0.368134 -0.809825
v -1.317450 0.368135 -0.808633
v -1.318042 0.378465 -0.808747
v -1.318545 0.392452 -0.809805
v -1.320951 0.392452 -0.811483
v -1.322411 0.392452 -0.813885
v -1.321709 0.378465 -0.812414
v -1.320664 0.368134 -0.811607
v -1.315106 0.378465 -0.808224
v -1.314820 0.368135 -0.808265
v -1.312020 0.368135 -0.808715
v -1.312008 0.378465 -0.808676
v -1.312304 0.392452 -0.809602
v -1.315498 0.392452 -0.809172
v -1.309224 0.378465 -0.810110
v -1.309481 0.368135 -0.809977
v -1.307554 0.368135 -0.811806
v -1.307139 0.378465 -0.812243
v -1.307346 0.392452 -0.813396
v -1.309456 0.392452 -0.811110
v -1.306139 0.378465 -0.814794
v -1.306594 0.368134 -0.813958
v -1.306670 0.368134 -0.816094
v -1.306289 0.378465 -0.817359
v -1.306574 0.392452 -0.818964
v -1.306365 0.392452 -0.816161
v -1.307658 0.378465 -0.819532
v -1.307851 0.368134 -0.817876
v -1.309884 0.368133 -0.819069
v -1.309955 0.378465 -0.821025
v -1.310440 0.392452 -0.823045
v -1.308034 0.392452 -0.821367
v -1.312892 0.378465 -0.821549
v -1.312514 0.368133 -0.819436
v -1.315314 0.368133 -0.818986
v -1.315990 0.378465 -0.821096
v -1.316681 0.392452 -0.823248
v -1.313487 0.392452 -0.823678
v -1.309884 0.368133 -0.819069
v -1.318774 0.378465 -0.819662
v -1.317853 0.368133 -0.817724
v -1.319779 0.368133 -0.815895
v -1.320859 0.378465 -0.817529
v -1.321639 0.392452 -0.819454
v -1.319529 0.392452 -0.821740
v -1.321859 0.378465 -0.814978
v -1.320739 0.368134 -0.813743
v -1.322620 0.392452 -0.816689
v -1.319779 0.368133 -0.815895
v -1.320804 0.410862 -0.814272
v -1.318707 0.410862 -0.812803
v -1.318528 0.430589 -0.815785
v -1.320167 0.430589 -0.816894
v -1.321153 0.430589 -0.818493
v -1.322078 0.410862 -0.816372
v -1.316053 0.410862 -0.812247
v -1.313272 0.410862 -0.812619
v -1.314255 0.430589 -0.815685
v -1.316445 0.430589 -0.815380
v -1.310793 0.410862 -0.813934
v -1.308958 0.410862 -0.815929
v -1.310837 0.430589 -0.818252
v -1.312296 0.430589 -0.816710
v -1.308106 0.410862 -0.818344
v -1.308291 0.410862 -0.820793
v -1.310277 0.430589 -0.821981
v -1.310150 0.430589 -0.820107
v -1.309565 0.410862 -0.822894
v -1.311662 0.410862 -0.824362
v -1.312902 0.430589 -0.824689
v -1.311263 0.430589 -0.823580
v -1.314316 0.410862 -0.824918
v -1.317097 0.410862 -0.824546
v -1.317175 0.430589 -0.824789
v -1.314985 0.430589 -0.825095
v -1.319576 0.410862 -0.823231
v -1.321411 0.410862 -0.821236
v -1.320593 0.430589 -0.822223
v -1.319134 0.430589 -0.823764
v -1.322263 0.410862 -0.818821
v -1.321280 0.430589 -0.820367
v -1.319307 0.448526 -0.817641
v -1.318008 0.448526 -0.816797
v -1.317521 0.463653 -0.816197
v -1.318686 0.463745 -0.816902
v -1.319367 0.463853 -0.817947
v -1.320080 0.448526 -0.818870
v -1.316349 0.448526 -0.816501
v -1.314599 0.448526 -0.816756
v -1.314427 0.463570 -0.816220
v -1.316020 0.463592 -0.815970
v -1.313026 0.448526 -0.817566
v -1.311848 0.448526 -0.818772
v -1.311896 0.463653 -0.818001
v -1.312985 0.463592 -0.816943
v -1.311283 0.448526 -0.820214
v -1.311369 0.448526 -0.821663
v -1.311412 0.463853 -0.820498
v -1.311359 0.463745 -0.819252
v -1.312142 0.448526 -0.822892
v -1.313440 0.448526 -0.823736
v -1.313258 0.464054 -0.822248
v -1.312093 0.463962 -0.821543
v -1.315099 0.448526 -0.824032
v -1.316850 0.448526 -0.823777
v -1.316352 0.464137 -0.822225
v -1.314759 0.464115 -0.822474
v -1.318423 0.448526 -0.822966
v -1.319600 0.448526 -0.821761
v -1.318883 0.464054 -0.820444
v -1.317794 0.464115 -0.821501
v -1.320166 0.448526 -0.820319
v -1.319420 0.463962 -0.819193
v -1.318765 0.475316 -0.815069
v -1.317440 0.474946 -0.814347
v -1.317428 0.483686 -0.811994
v -1.319008 0.484277 -0.812813
v -1.319901 0.484970 -0.814080
v -1.319522 0.475749 -0.816170
v -1.318876 0.491670 -0.810806
v -1.317145 0.491153 -0.809887
v -1.316808 0.497665 -0.808327
v -1.318614 0.497978 -0.809324
v -1.319648 0.498343 -0.810838
v -1.319859 0.492274 -0.812218
v -1.315712 0.474703 -0.814148
v -1.313863 0.474613 -0.814462
v -1.313131 0.483154 -0.812180
v -1.315355 0.483298 -0.811788
v -1.314880 0.490814 -0.809645
v -1.312453 0.490689 -0.810065
v -1.311941 0.497385 -0.808470
v -1.314456 0.497460 -0.808046
v -1.312176 0.474703 -0.815282
v -1.310886 0.474946 -0.816449
v -1.309528 0.483686 -0.814527
v -1.311094 0.483298 -0.813155
v -1.310234 0.490814 -0.811135
v -1.308533 0.491153 -0.812649
v -1.307899 0.497665 -0.811184
v -1.309649 0.497460 -0.809587
v -1.310228 0.475316 -0.817807
v -1.310253 0.475749 -0.819143
v -1.308729 0.484970 -0.817663
v -1.308719 0.484277 -0.816113
v -1.307659 0.491670 -0.814403
v -1.307680 0.492274 -0.816124
v -1.307049 0.498343 -0.814879
v -1.307010 0.497978 -0.813045
v -1.311010 0.476182 -0.820244
v -1.312334 0.476552 -0.820966
v -1.311202 0.486253 -0.819749
v -1.309622 0.485662 -0.818930
v -1.308663 0.492879 -0.817536
v -1.310395 0.493395 -0.818455
v -1.309889 0.499021 -0.817390
v -1.308084 0.498709 -0.816393
v -1.314063 0.476794 -0.821165
v -1.315912 0.476884 -0.820850
v -1.315499 0.486785 -0.819563
v -1.313275 0.486642 -0.819955
v -1.312659 0.493734 -0.818697
v -1.315086 0.493860 -0.818277
v -1.314756 0.499302 -0.817247
v -1.312242 0.499226 -0.817671
v -1.317599 0.476794 -0.820031
v -1.318889 0.476551 -0.818864
v -1.319102 0.486253 -0.817215
v -1.317536 0.486642 -0.818588
v -1.317305 0.493734 -0.817207
v -1.319007 0.493395 -0.815693
v -1.318798 0.499021 -0.814533
v -1.317048 0.499226 -0.816130
v -1.319547 0.476182 -0.817506
v -1.319911 0.485662 -0.815630
v -1.319880 0.492879 -0.813938
v -1.319688 0.498709 -0.812672
v -1.319566 0.504029 -0.812071
v -1.319520 0.503857 -0.810195
v -1.319405 0.510675 -0.809838
v -1.319452 0.510773 -0.811715
v -1.318559 0.510857 -0.813616
v -1.318673 0.504175 -0.813971
v -1.319281 0.520876 -0.811183
v -1.319237 0.520656 -0.809315
v -1.318386 0.521063 -0.813076
v -1.316907 0.504272 -0.815598
v -1.316793 0.510911 -0.815243
v -1.314477 0.510932 -0.816378
v -1.314591 0.504307 -0.816732
v -1.316618 0.521186 -0.814698
v -1.314302 0.521232 -0.815830
v -1.312047 0.504272 -0.817156
v -1.311933 0.510911 -0.816802
v -1.309551 0.510857 -0.816505
v -1.309665 0.504175 -0.816860
v -1.311758 0.521186 -0.816256
v -1.309378 0.521063 -0.815965
v -1.307833 0.504029 -0.815834
v -1.307719 0.510773 -0.815478
v -1.306666 0.510675 -0.813924
v -1.306780 0.503857 -0.814281
v -1.307548 0.520876 -0.814946
v -1.306498 0.520656 -0.813401
v -1.306733 0.503686 -0.812405
v -1.306619 0.510577 -0.812047
v -1.307511 0.510494 -0.810146
v -1.307627 0.503539 -0.810505
v -1.306454 0.520437 -0.811534
v -1.307349 0.520249 -0.809640
v -1.309393 0.503443 -0.808879
v -1.309277 0.510439 -0.808519
v -1.311593 0.510419 -0.807384
v -1.311709 0.503407 -0.807744
v -1.309117 0.520126 -0.808019
v -1.311433 0.520081 -0.806886
v -1.314252 0.503443 -0.807320
v -1.314137 0.510439 -0.806960
v -1.316520 0.510494 -0.807257
v -1.316635 0.503539 -0.807616
v -1.313977 0.520126 -0.806460
v -1.316358 0.520249 -0.806752
v -1.318467 0.503686 -0.808642
v -1.318352 0.510577 -0.808284
v -1.318187 0.520437 -0.807771
v -1.288766 0.563288 -0.721302
v -1.287409 0.563288 -0.720532
v -1.289548 0.563288 -0.722463
v -1.288399 0.563288 -0.722832
v -1.287586 0.563288 -0.722283
v -1.286521 0.563288 -0.721723
v -1.285647 0.563288 -0.720305
v -1.283767 0.563288 -0.720615
v -1.285191 0.563288 -0.721518
v -1.284030 0.563288 -0.721436
v -1.282057 0.563288 -0.721456
v -1.280756 0.563288 -0.722665
v -1.283134 0.563288 -0.722177
v -1.282171 0.563288 -0.723118
v -1.280100 0.563288 -0.724081
v -1.280139 0.563288 -0.725481
v -1.281631 0.563288 -0.724193
v -1.281289 0.563288 -0.725112
v -1.280921 0.563288 -0.726642
v -1.282278 0.563288 -0.727412
v -1.282101 0.563288 -0.725661
v -1.283166 0.563288 -0.726221
v -1.284040 0.563288 -0.727639
v -1.285920 0.563288 -0.727328
v -1.284496 0.563288 -0.726426
v -1.285657 0.563288 -0.726508
v -1.287630 0.563288 -0.726488
v -1.288931 0.563288 -0.725279
v -1.286553 0.563288 -0.725767
v -1.287516 0.563288 -0.724826
v -1.289587 0.563288 -0.723863
v -1.288057 0.563288 -0.723751
v -1.284391 0.563288 -0.722560
v -1.283523 0.563288 -0.723550
v -1.285672 0.563288 -0.722861
v -1.284844 0.563288 -0.723972
v -1.282864 0.563288 -0.724607
v -1.284015 0.563288 -0.725083
v -1.285296 0.563288 -0.725384
v -1.286164 0.563288 -0.724394
v -1.286823 0.563288 -0.723337
v -1.288557 0.561897 -0.722809
v -1.287879 0.561897 -0.722005
v -1.287879 0.565116 -0.722005
v -1.288557 0.565116 -0.722809
v -1.289009 0.565116 -0.723759
v -1.289009 0.561897 -0.723759
v -1.288792 0.559411 -0.723829
v -1.288366 0.559411 -0.722932
v -1.287726 0.559411 -0.722173
v -1.287013 0.561897 -0.721407
v -1.287013 0.565116 -0.721407
v -1.286909 0.559411 -0.721609
v -1.285975 0.559411 -0.721272
v -1.286023 0.561897 -0.721050
v -1.286023 0.565116 -0.721050
v -1.284975 0.561897 -0.720966
v -1.283939 0.561897 -0.721151
v -1.283939 0.565116 -0.721151
v -1.284975 0.565116 -0.720966
v -1.284986 0.559411 -0.721193
v -1.284008 0.559411 -0.721368
v -1.282989 0.561897 -0.721603
v -1.282989 0.565116 -0.721603
v -1.283112 0.559411 -0.721794
v -1.282353 0.559411 -0.722434
v -1.282184 0.561897 -0.722281
v -1.282184 0.565116 -0.722281
v -1.281587 0.561897 -0.723147
v -1.281230 0.561897 -0.724137
v -1.281230 0.565116 -0.724137
v -1.281587 0.565116 -0.723147
v -1.281789 0.559411 -0.723251
v -1.281452 0.559411 -0.724185
v -1.281146 0.561897 -0.725186
v -1.281146 0.565116 -0.725186
v -1.281373 0.559411 -0.725175
v -1.281548 0.559411 -0.726152
v -1.281331 0.561897 -0.726221
v -1.281331 0.565116 -0.726221
v -1.281783 0.561897 -0.727172
v -1.282461 0.561897 -0.727976
v -1.282461 0.565116 -0.727976
v -1.281783 0.565116 -0.727172
v -1.281974 0.559411 -0.727049
v -1.282614 0.559411 -0.727807
v -1.283327 0.561897 -0.728573
v -1.283327 0.565116 -0.728573
v -1.283431 0.559411 -0.728371
v -1.284365 0.559411 -0.728708
v -1.284317 0.561897 -0.728930
v -1.284317 0.565116 -0.728930
v -1.285366 0.561897 -0.729014
v -1.286401 0.561897 -0.728829
v -1.286401 0.565116 -0.728829
v -1.285366 0.565116 -0.729014
v -1.285354 0.559411 -0.728788
v -1.286332 0.559411 -0.728613
v -1.287351 0.561897 -0.728378
v -1.287351 0.565116 -0.728378
v -1.287228 0.559411 -0.728187
v -1.287987 0.559411 -0.727546
v -1.288156 0.561897 -0.727699
v -1.288156 0.565116 -0.727699
v -1.288753 0.561897 -0.726833
v -1.288753 0.565116 -0.726833
v -1.288551 0.559411 -0.726729
v -1.288888 0.559411 -0.725795
v -1.289110 0.561897 -0.725843
v -1.289110 0.565116 -0.725843
v -1.289194 0.561897 -0.724795
v -1.289194 0.565116 -0.724795
v -1.288967 0.559411 -0.724806
v -1.288287 0.558390 -0.724839
v -1.288222 0.558390 -0.725651
v -1.287333 0.558102 -0.725459
v -1.287379 0.558102 -0.724883
v -1.287277 0.558102 -0.724314
v -1.288143 0.558390 -0.724037
v -1.287945 0.558390 -0.726417
v -1.287482 0.558390 -0.727088
v -1.286809 0.558102 -0.726477
v -1.287137 0.558102 -0.726002
v -1.286860 0.558390 -0.727614
v -1.286124 0.558390 -0.727963
v -1.285846 0.558102 -0.727098
v -1.286368 0.558102 -0.726850
v -1.285321 0.558390 -0.728107
v -1.284509 0.558390 -0.728042
v -1.284702 0.558102 -0.727153
v -1.285277 0.558102 -0.727199
v -1.283743 0.558390 -0.727765
v -1.283072 0.558390 -0.727302
v -1.283683 0.558102 -0.726629
v -1.284158 0.558102 -0.726957
v -1.282547 0.558390 -0.726680
v -1.282197 0.558390 -0.725944
v -1.283063 0.558102 -0.725666
v -1.283311 0.558102 -0.726188
v -1.282053 0.558390 -0.725142
v -1.282119 0.558390 -0.724329
v -1.283007 0.558102 -0.724522
v -1.282961 0.558102 -0.725098
v -1.282395 0.558390 -0.723563
v -1.282858 0.558390 -0.722892
v -1.283531 0.558102 -0.723503
v -1.283203 0.558102 -0.723979
v -1.283481 0.558390 -0.722367
v -1.284217 0.558390 -0.722017
v -1.284494 0.558102 -0.722883
v -1.283973 0.558102 -0.723131
v -1.285019 0.558390 -0.721874
v -1.285831 0.558390 -0.721939
v -1.285638 0.558102 -0.722827
v -1.285063 0.558102 -0.722781
v -1.286597 0.558390 -0.722215
v -1.287268 0.558390 -0.722678
v -1.286657 0.558102 -0.723351
v -1.286182 0.558102 -0.723023
v -1.287794 0.558390 -0.723301
v -1.287030 0.558102 -0.723793
v -1.296411 0.348656 -0.708324
v -1.294152 0.348849 -0.713255
v -1.294616 0.348348 -0.703680
v -1.288605 0.348380 -0.705299
v -1.290082 0.348553 -0.708440
v -1.289093 0.348672 -0.711860
v -1.289036 0.348702 -0.715594
v -1.282645 0.348544 -0.717116
v -1.286098 0.348625 -0.713965
v -1.282075 0.348560 -0.715338
v -1.276561 0.348702 -0.719595
v -1.271039 0.348849 -0.720667
v -1.278004 0.348625 -0.716561
v -1.274343 0.348672 -0.716591
v -1.266333 0.348656 -0.717970
v -1.265092 0.348348 -0.713148
v -1.261055 0.348811 -0.722251
v -1.271549 0.348553 -0.714383
v -1.270924 0.348380 -0.710969
v -1.269966 0.348147 -0.707849
v -1.278332 0.348073 -0.703668
v -1.273767 0.348264 -0.707381
v -1.278665 0.348220 -0.704706
v -1.287569 0.348147 -0.702203
v -1.284205 0.348264 -0.704033
v -1.278821 0.348536 -0.714515
v -1.281635 0.348514 -0.713966
v -1.281322 0.348450 -0.712992
v -1.279225 0.348459 -0.713240
v -1.277345 0.348461 -0.712623
v -1.276301 0.348544 -0.714054
v -1.274577 0.348479 -0.712214
v -1.276144 0.348433 -0.711050
v -1.275947 0.348396 -0.709057
v -1.274259 0.348393 -0.709693
v -1.275955 0.348334 -0.707186
v -1.277079 0.348371 -0.707181
v -1.279056 0.348361 -0.705925
v -1.278896 0.348311 -0.705426
v -1.282312 0.348334 -0.705147
v -1.281394 0.348371 -0.705797
v -1.283406 0.348396 -0.706665
v -1.285150 0.348393 -0.706200
v -1.286357 0.348479 -0.708437
v -1.286024 0.348544 -0.710935
v -1.284405 0.348433 -0.708401
v -1.284343 0.348461 -0.710378
v -1.284243 0.348536 -0.712776
v -1.283172 0.348459 -0.711974
v -1.349321 0.340000 -0.717871
v -1.349664 0.340057 -0.717650
v -1.357049 0.340057 -0.733194
v -1.356660 0.340000 -0.733319
v -1.352979 0.340000 -0.734499
v -1.346074 0.340000 -0.719962
v -1.335697 0.340000 -0.707661
v -1.338294 0.340000 -0.704799
v -1.338568 0.340054 -0.704496
v -1.337193 0.340000 -0.725682
v -1.342915 0.340000 -0.737727
v -1.329658 0.340000 -0.741978
v -1.325495 0.340000 -0.733215
v -1.319239 0.340000 -0.725799
v -1.328594 0.340000 -0.715489
v -1.324214 0.340000 -0.695090
v -1.324401 0.340047 -0.694727
v -1.322448 0.340000 -0.698525
v -1.307310 0.340000 -0.693061
v -1.308129 0.340000 -0.689283
v -1.308215 0.340041 -0.688884
v -1.317616 0.340000 -0.707919
v -1.311252 0.340000 -0.720292
v -1.302127 0.340000 -0.716997
v -1.305073 0.340000 -0.703391
v -1.291081 0.340000 -0.687915
v -1.291062 0.340040 -0.687507
v -1.291269 0.340000 -0.691773
v -1.275427 0.340000 -0.694609
v -1.274247 0.340000 -0.690929
v -1.274122 0.340041 -0.690540
v -1.291781 0.340000 -0.702324
v -1.292456 0.340000 -0.716221
v -1.282906 0.340000 -0.717931
v -1.278655 0.340000 -0.704674
v -1.258799 0.340000 -0.698268
v -1.258578 0.340040 -0.697924
v -1.260891 0.340000 -0.701515
v -1.249726 0.340000 -0.709683
v -1.246935 0.340000 -0.706948
v -1.246639 0.340040 -0.706658
v -1.266610 0.340000 -0.710396
v -1.274143 0.340000 -0.722094
v -1.267412 0.340000 -0.727018
v -1.257359 0.340000 -0.717164
v -1.249726 0.340000 -0.709683
v -1.228843 0.340000 -0.756507
v -1.228435 0.340057 -0.756527
v -1.229008 0.340055 -0.740937
v -1.229412 0.340000 -0.741014
v -1.233237 0.340000 -0.741741
v -1.232701 0.340000 -0.756320
v -1.235538 0.340000 -0.772162
v -1.231857 0.340000 -0.773342
v -1.231468 0.340057 -0.773467
v -1.243252 0.340000 -0.755808
v -1.243696 0.340000 -0.743727
v -1.257472 0.340000 -0.746343
v -1.257149 0.340000 -0.755133
v -1.258859 0.340000 -0.764682
v -1.245602 0.340000 -0.768934
v -1.239196 0.340000 -0.788789
v -1.238853 0.340057 -0.789010
v -1.242443 0.340000 -0.786698
v -1.251358 0.340000 -0.798247
v -1.248669 0.340000 -0.801062
v -1.248385 0.340057 -0.801360
v -1.251324 0.340000 -0.780979
v -1.263022 0.340000 -0.773446
v -1.268396 0.340000 -0.780408
v -1.258711 0.340000 -0.790548
v -1.297436 0.340000 -0.818745
v -1.297455 0.340057 -0.819153
v -1.282664 0.340057 -0.818991
v -1.282736 0.340000 -0.818584
v -1.283415 0.340000 -0.814736
v -1.297248 0.340000 -0.814887
v -1.313090 0.340000 -0.812051
v -1.314270 0.340000 -0.815732
v -1.314395 0.340057 -0.816121
v -1.296736 0.340000 -0.804336
v -1.285274 0.340000 -0.804211
v -1.287722 0.340000 -0.790348
v -1.296061 0.340000 -0.790439
v -1.305611 0.340000 -0.788730
v -1.309862 0.340000 -0.801986
v -1.329718 0.340000 -0.808393
v -1.329939 0.340057 -0.808736
v -1.327626 0.340000 -0.805145
v -1.339927 0.340000 -0.794768
v -1.342790 0.340000 -0.797365
v -1.343092 0.340057 -0.797640
v -1.321907 0.340000 -0.796264
v -1.314374 0.340000 -0.784566
v -1.321790 0.340000 -0.778311
v -1.332100 0.340000 -0.787666
v -1.352498 0.340000 -0.783286
v -1.352861 0.340057 -0.783473
v -1.349063 0.340000 -0.781519
v -1.354528 0.340000 -0.766382
v -1.358305 0.340000 -0.767200
v -1.358705 0.340057 -0.767287
v -1.339670 0.340000 -0.776688
v -1.327297 0.340000 -0.770324
v -1.330591 0.340000 -0.761198
v -1.344198 0.340000 -0.764145
v -1.359674 0.340000 -0.750153
v -1.355816 0.340000 -0.750340
v -1.360082 0.340057 -0.750133
v -1.345265 0.340000 -0.750853
v -1.331367 0.340000 -0.751528
v -1.350373 0.341739 -0.717194
v -1.357852 0.341754 -0.732936
v -1.357439 0.340725 -0.733069
v -1.350008 0.340719 -0.717428
v -1.338844 0.340684 -0.704193
v -1.339135 0.341656 -0.703872
v -1.349833 0.340227 -0.717541
v -1.357240 0.340229 -0.733132
v -1.338703 0.340216 -0.704348
v -1.324493 0.340189 -0.694549
v -1.308257 0.340165 -0.688688
v -1.308302 0.340521 -0.688484
v -1.324589 0.340598 -0.694363
v -1.324787 0.341448 -0.693978
v -1.308393 0.341261 -0.688060
v -1.308360 0.342385 -0.688212
v -1.291052 0.340162 -0.687307
v -1.274061 0.340166 -0.690349
v -1.273997 0.340525 -0.690150
v -1.291042 0.340512 -0.687098
v -1.308215 0.340041 -0.688884
v -1.291021 0.341240 -0.686666
v -1.273865 0.341271 -0.689737
v -1.258470 0.340162 -0.697756
v -1.246495 0.340159 -0.706516
v -1.246344 0.340504 -0.706369
v -1.258357 0.340512 -0.697580
v -1.258122 0.341240 -0.697216
v -1.246031 0.341220 -0.706062
v -1.228235 0.340227 -0.756537
v -1.231277 0.340229 -0.773528
v -1.231078 0.340725 -0.773592
v -1.228027 0.340719 -0.756547
v -1.228603 0.340696 -0.740860
v -1.228809 0.340220 -0.740900
v -1.227594 0.341739 -0.756568
v -1.230665 0.341754 -0.773724
v -1.228328 0.343072 -0.740808
v -1.228174 0.341683 -0.740779
v -1.238684 0.340230 -0.789119
v -1.248245 0.340230 -0.801506
v -1.248100 0.340727 -0.801658
v -1.238508 0.340727 -0.789232
v -1.238144 0.341759 -0.789467
v -1.247798 0.341759 -0.801974
v -1.247907 0.343216 -0.801860
v -1.297465 0.340230 -0.819353
v -1.314456 0.340230 -0.816312
v -1.314520 0.340727 -0.816511
v -1.297475 0.340727 -0.819562
v -1.282592 0.340727 -0.819399
v -1.282629 0.340230 -0.819191
v -1.297496 0.341759 -0.819995
v -1.314652 0.341759 -0.816923
v -1.314805 0.343083 -0.817400
v -1.298847 0.343093 -0.820259
v -1.282943 0.343377 -0.820190
v -1.282516 0.341759 -0.819831
v -1.330047 0.340230 -0.808905
v -1.343241 0.340230 -0.797775
v -1.343396 0.340727 -0.797915
v -1.330160 0.340727 -0.809080
v -1.330395 0.341759 -0.809444
v -1.343717 0.341759 -0.798207
v -1.329449 0.343093 -0.810445
v -1.353040 0.340230 -0.783565
v -1.358901 0.340230 -0.767329
v -1.359105 0.340727 -0.767373
v -1.353225 0.340727 -0.783660
v -1.353611 0.341759 -0.783858
v -1.359529 0.341759 -0.767465
v -1.360282 0.340230 -0.750123
v -1.360490 0.340727 -0.750113
v -1.360923 0.341759 -0.750092
v -1.258342 0.344986 -0.807983
v -1.257481 0.343216 -0.809293
v -1.266221 0.343216 -0.813788
v -1.266877 0.344986 -0.812373
v -1.268085 0.346904 -0.809768
v -1.259927 0.346904 -0.805571
v -1.273837 0.344986 -0.815953
v -1.273347 0.343216 -0.817454
v -1.280920 0.345234 -0.818204
v -1.281428 0.347025 -0.815457
v -1.274738 0.346905 -0.813190
v -1.241226 0.343962 -0.714264
v -1.239955 0.342429 -0.713327
v -1.236289 0.342624 -0.720454
v -1.237646 0.344200 -0.721224
v -1.240144 0.345884 -0.722640
v -1.243566 0.345614 -0.715987
v -1.233256 0.344492 -0.729759
v -1.231794 0.342864 -0.729194
v -1.235948 0.346214 -0.730799
v -1.246899 0.347115 -0.718442
v -1.243702 0.347425 -0.724658
v -1.248666 0.348637 -0.727473
v -1.251549 0.348308 -0.721868
v -1.239781 0.347805 -0.732280
v -1.245131 0.349040 -0.734347
v -1.262184 0.348804 -0.802137
v -1.269806 0.348805 -0.806057
v -1.272207 0.350399 -0.800880
v -1.265334 0.350381 -0.797344
v -1.276021 0.348805 -0.809254
v -1.282327 0.348807 -0.811584
v -1.277812 0.350415 -0.803763
v -1.269595 0.351331 -0.790859
v -1.275456 0.351401 -0.793874
v -1.279206 0.351941 -0.785787
v -1.274514 0.351810 -0.783374
v -1.280235 0.351459 -0.796332
v -1.283032 0.352047 -0.787755
v -1.257842 0.349037 -0.726504
v -1.255384 0.349333 -0.731283
v -1.263137 0.349701 -0.735680
v -1.265105 0.349466 -0.731854
v -1.252369 0.349695 -0.737144
v -1.260724 0.349989 -0.740372
v -1.272667 0.349757 -0.737424
v -1.271209 0.349928 -0.740258
v -1.278346 0.350172 -0.745095
v -1.279767 0.350067 -0.743096
v -1.269422 0.350137 -0.743733
v -1.276603 0.350300 -0.747545
v -1.279635 0.351977 -0.775582
v -1.283110 0.352149 -0.777369
v -1.286103 0.352043 -0.769284
v -1.283260 0.351869 -0.768304
v -1.285944 0.352288 -0.778827
v -1.288421 0.352186 -0.770083
v -1.280408 0.350636 -0.752126
v -1.282288 0.351069 -0.757169
v -1.286177 0.351107 -0.755922
v -1.283294 0.350591 -0.750268
v -1.285647 0.350554 -0.748753
v -1.289348 0.351138 -0.754905
v -1.289915 0.351742 -0.762062
v -1.287119 0.351644 -0.762198
v -1.283692 0.351523 -0.762364
v -1.240848 0.340000 -0.713985
v -1.243998 0.340000 -0.716306
v -1.240605 0.340000 -0.722902
v -1.237243 0.340000 -0.720995
v -1.236887 0.340046 -0.720793
v -1.240515 0.340042 -0.713740
v -1.232821 0.340000 -0.729590
v -1.240605 0.340000 -0.722902
v -1.236445 0.340000 -0.730991
v -1.232438 0.340051 -0.729442
v -1.236887 0.340046 -0.720793
v -1.252613 0.340000 -0.722652
v -1.263960 0.340000 -0.731010
v -1.261914 0.340000 -0.734987
v -1.249801 0.340000 -0.728117
v -1.246354 0.340000 -0.734820
v -1.259406 0.340000 -0.739863
v -1.258086 0.340000 -0.808372
v -1.260220 0.340000 -0.805126
v -1.268308 0.340000 -0.809287
v -1.266682 0.340000 -0.812794
v -1.266510 0.340057 -0.813165
v -1.257861 0.340057 -0.808716
v -1.273691 0.340000 -0.816399
v -1.274904 0.340000 -0.812679
v -1.273563 0.340057 -0.816792
v -1.266054 0.340000 -0.796248
v -1.273738 0.340000 -0.784555
v -1.278615 0.340000 -0.787063
v -1.272756 0.340000 -0.799696
v -1.278222 0.340000 -0.802507
v -1.282591 0.340000 -0.789108
v -1.232250 0.340203 -0.729370
v -1.232054 0.340643 -0.729294
v -1.236531 0.340581 -0.720591
v -1.236713 0.340184 -0.720694
v -1.240351 0.340168 -0.713619
v -1.240181 0.340531 -0.713494
v -1.246344 0.340504 -0.706369
v -1.231648 0.341555 -0.729137
v -1.236154 0.341407 -0.720377
v -1.228603 0.340696 -0.740860
v -1.239828 0.341285 -0.713234
v -1.273500 0.340230 -0.816986
v -1.273435 0.340727 -0.817187
v -1.266338 0.340727 -0.813536
v -1.266426 0.340230 -0.813347
v -1.257750 0.340230 -0.808884
v -1.257635 0.340727 -0.809060
v -1.273299 0.341759 -0.817604
v -1.266221 0.343216 -0.813788
v -1.266155 0.341759 -0.813930
v -1.257395 0.341759 -0.809424
v -1.248100 0.340727 -0.801658
v -1.266338 0.340727 -0.813536
v -1.309050 0.350992 -0.809362
v -1.309205 0.351339 -0.809375
v -1.311830 0.351367 -0.808122
v -1.311812 0.351029 -0.808066
v -1.311775 0.350908 -0.807952
v -1.308644 0.350846 -0.809346
v -1.306259 0.350691 -0.811203
v -1.306953 0.350900 -0.811148
v -1.307213 0.351271 -0.811122
v -1.307690 0.350506 -0.809307
v -1.311689 0.350624 -0.807684
v -1.311594 0.350355 -0.807387
v -1.306650 0.350184 -0.809237
v -1.302850 0.349730 -0.811420
v -1.304629 0.350198 -0.811333
v -1.305947 0.350776 -0.813169
v -1.306248 0.351180 -0.813109
v -1.305142 0.350469 -0.813283
v -1.305179 0.350222 -0.815299
v -1.306002 0.350640 -0.815140
v -1.306306 0.351082 -0.815053
v -1.303249 0.349747 -0.813551
v -1.301184 0.349050 -0.813787
v -1.301127 0.348279 -0.816031
v -1.303244 0.349240 -0.815671
v -1.307088 0.350514 -0.816777
v -1.307385 0.350991 -0.816667
v -1.306258 0.349992 -0.816964
v -1.308358 0.349812 -0.818050
v -1.309080 0.350416 -0.817855
v -1.309328 0.350920 -0.817735
v -1.304307 0.348765 -0.817405
v -1.302154 0.347554 -0.817845
v -1.304774 0.346989 -0.818968
v -1.306662 0.348395 -0.818507
v -1.311853 0.350363 -0.818154
v -1.311979 0.350882 -0.818037
v -1.311460 0.349717 -0.818327
v -1.314912 0.349691 -0.817734
v -1.314883 0.350348 -0.817644
v -1.314855 0.350870 -0.817556
v -1.310535 0.348200 -0.818734
v -1.309495 0.346697 -0.819142
v -1.315042 0.346619 -0.818139
v -1.314980 0.348148 -0.817945
v -1.317645 0.350363 -0.816296
v -1.317475 0.350882 -0.816274
v -1.318066 0.349717 -0.816208
v -1.320428 0.349812 -0.814179
v -1.319727 0.350416 -0.814440
v -1.319456 0.350920 -0.814487
v -1.319055 0.348200 -0.816001
v -1.320138 0.346697 -0.815729
v -1.323878 0.346989 -0.812841
v -1.322073 0.348395 -0.813565
v -1.320720 0.350514 -0.812405
v -1.320415 0.350991 -0.812488
v -1.321505 0.349992 -0.812074
v -1.321414 0.350222 -0.810092
v -1.320652 0.350640 -0.810443
v -1.320354 0.351082 -0.810548
v -1.323348 0.348765 -0.811298
v -1.325356 0.347554 -0.810404
v -1.325137 0.348279 -0.808332
v -1.323205 0.349240 -0.809270
v -1.319551 0.350776 -0.808807
v -1.319271 0.351180 -0.808933
v -1.320272 0.350469 -0.808431
v -1.318154 0.350691 -0.807389
v -1.317557 0.350900 -0.807748
v -1.317330 0.351271 -0.807877
v -1.321967 0.349747 -0.807548
v -1.323785 0.349050 -0.806539
v -1.321053 0.349730 -0.805582
v -1.319555 0.350198 -0.806547
v -1.314812 0.350992 -0.807514
v -1.314694 0.351339 -0.807615
v -1.315133 0.350846 -0.807265
v -1.315887 0.350506 -0.806678
v -1.316692 0.350184 -0.806017
v -1.320320 0.350414 -0.801683
v -1.311023 0.350500 -0.805608
v -1.311377 0.350346 -0.806711
v -1.318112 0.350193 -0.804386
v -1.323694 0.349696 -0.803022
v -1.327798 0.349927 -0.798733
v -1.317169 0.350098 -0.805541
v -1.311529 0.350280 -0.807183
v -1.321939 0.349596 -0.804856
v -1.332191 0.348811 -0.799443
v -1.327066 0.348816 -0.803885
v -1.328779 0.347763 -0.805892
v -1.334525 0.347388 -0.801816
v -1.324874 0.348817 -0.805784
v -1.326322 0.347924 -0.807635
v -1.301179 0.350414 -0.807821
v -1.293379 0.349927 -0.809771
v -1.299212 0.349696 -0.810873
v -1.304546 0.350193 -0.808736
v -1.305986 0.350098 -0.809127
v -1.301707 0.349596 -0.811345
v -1.290219 0.348811 -0.812903
v -1.289699 0.347388 -0.816191
v -1.296744 0.347763 -0.816165
v -1.296971 0.348816 -0.813536
v -1.299859 0.348817 -0.813806
v -1.299757 0.347924 -0.816154
v -1.289824 0.345977 -0.818607
v -1.293303 0.344905 -0.819936
v -1.300426 0.345966 -0.819401
v -1.297454 0.346748 -0.818202
v -1.300717 0.347078 -0.818029
v -1.303473 0.346420 -0.819172
v -1.335829 0.345977 -0.803853
v -1.329387 0.346748 -0.807962
v -1.327666 0.345966 -0.810665
v -1.333772 0.344905 -0.806958
v -1.326632 0.347078 -0.809719
v -1.325055 0.346420 -0.812251
v -1.326022 0.344495 -0.812530
v -1.322393 0.345613 -0.814573
v -1.315018 0.345543 -0.818063
v -1.314931 0.344456 -0.817792
v -1.320841 0.346090 -0.815446
v -1.315055 0.346008 -0.818178
v -1.302848 0.344495 -0.819962
v -1.306988 0.345613 -0.819513
v -1.308759 0.346090 -0.819321
v -1.282807 0.348399 -0.708467
v -1.282765 0.348412 -0.708471
v -1.282861 0.348412 -0.709899
v -1.282900 0.348400 -0.709912
v -1.283061 0.348406 -0.709963
v -1.282980 0.348402 -0.708453
v -1.282189 0.348398 -0.707158
v -1.282047 0.348398 -0.707233
v -1.282013 0.348411 -0.707252
v -1.283396 0.348410 -0.708418
v -1.283061 0.348406 -0.709963
v -1.283449 0.348421 -0.710086
v -1.282531 0.348397 -0.706976
v -1.282189 0.348398 -0.707158
v -1.280741 0.348397 -0.706595
v -1.280726 0.348411 -0.706622
v -1.280805 0.348395 -0.706489
v -1.279253 0.348393 -0.706539
v -1.279285 0.348397 -0.706639
v -1.279293 0.348411 -0.706664
v -1.280957 0.348388 -0.706233
v -1.279176 0.348385 -0.706299
v -1.278075 0.348397 -0.707450
v -1.278103 0.348411 -0.707463
v -1.277961 0.348395 -0.707401
v -1.277224 0.348398 -0.708750
v -1.277384 0.348398 -0.708729
v -1.277422 0.348411 -0.708725
v -1.277689 0.348388 -0.707281
v -1.276840 0.348397 -0.708801
v -1.277483 0.348399 -0.710174
v -1.277520 0.348412 -0.710153
v -1.277224 0.348398 -0.708750
v -1.277334 0.348402 -0.710263
v -1.278146 0.348406 -0.711539
v -1.278248 0.348400 -0.711403
v -1.278273 0.348412 -0.711371
v -1.276975 0.348410 -0.710477
v -1.277902 0.348421 -0.711865
v -1.278146 0.348406 -0.711539
v -1.279550 0.348400 -0.712034
v -1.279558 0.348412 -0.711999
v -1.279515 0.348406 -0.712177
v -1.281040 0.348405 -0.712111
v -1.281000 0.348400 -0.711987
v -1.280990 0.348412 -0.711956
v -1.279432 0.348421 -0.712519
v -1.281136 0.348418 -0.712410
v -1.282207 0.348400 -0.711182
v -1.282180 0.348412 -0.711159
v -1.282318 0.348406 -0.711278
v -1.282585 0.348421 -0.711508
v -1.282143 0.348598 -0.711126
v -1.282133 0.348686 -0.711116
v -1.280971 0.348686 -0.711896
v -1.280975 0.348598 -0.711910
v -1.280980 0.348516 -0.711926
v -1.282156 0.348516 -0.711137
v -1.282827 0.348516 -0.709891
v -1.282810 0.348598 -0.709887
v -1.282796 0.348686 -0.709884
v -1.282165 0.348452 -0.711146
v -1.280985 0.348452 -0.711939
v -1.282840 0.348452 -0.709894
v -1.279569 0.348598 -0.711951
v -1.279572 0.348686 -0.711937
v -1.278316 0.348686 -0.711321
v -1.278306 0.348598 -0.711332
v -1.278295 0.348516 -0.711344
v -1.279566 0.348516 -0.711968
v -1.279563 0.348452 -0.711980
v -1.278286 0.348452 -0.711354
v -1.277567 0.348598 -0.710135
v -1.277581 0.348686 -0.710130
v -1.277486 0.348686 -0.708734
v -1.277472 0.348598 -0.708731
v -1.277455 0.348516 -0.708728
v -1.277551 0.348516 -0.710140
v -1.277539 0.348452 -0.710144
v -1.277442 0.348452 -0.708725
v -1.278140 0.348598 -0.707493
v -1.278150 0.348686 -0.707502
v -1.279312 0.348686 -0.706722
v -1.279307 0.348598 -0.706709
v -1.279302 0.348516 -0.706692
v -1.278127 0.348516 -0.707482
v -1.278117 0.348452 -0.707473
v -1.279298 0.348452 -0.706680
v -1.280713 0.348598 -0.706667
v -1.280710 0.348686 -0.706681
v -1.281967 0.348686 -0.707297
v -1.281976 0.348598 -0.707287
v -1.281988 0.348516 -0.707274
v -1.280717 0.348516 -0.706651
v -1.280720 0.348452 -0.706638
v -1.281997 0.348452 -0.707264
v -1.282715 0.348598 -0.708484
v -1.282702 0.348686 -0.708488
v -1.282731 0.348516 -0.708479
v -1.282744 0.348452 -0.708475
v -1.282827 0.348516 -0.709891
v -1.281988 0.348516 -0.707274
v -1.282129 0.348876 -0.711113
v -1.282124 0.348903 -0.711109
v -1.280967 0.348903 -0.711886
v -1.280969 0.348876 -0.711892
v -1.280969 0.348830 -0.711892
v -1.282129 0.348830 -0.711113
v -1.282792 0.348830 -0.709883
v -1.282792 0.348876 -0.709883
v -1.282786 0.348903 -0.709882
v -1.282129 0.348765 -0.711113
v -1.280969 0.348765 -0.711892
v -1.282792 0.348765 -0.709883
v -1.279573 0.348876 -0.711932
v -1.279575 0.348903 -0.711926
v -1.278323 0.348903 -0.711313
v -1.278319 0.348876 -0.711318
v -1.278319 0.348830 -0.711318
v -1.279573 0.348830 -0.711932
v -1.279573 0.348765 -0.711932
v -1.278319 0.348765 -0.711318
v -1.277586 0.348876 -0.710129
v -1.277591 0.348903 -0.710127
v -1.277497 0.348903 -0.708737
v -1.277491 0.348876 -0.708735
v -1.277491 0.348830 -0.708735
v -1.277586 0.348830 -0.710129
v -1.277586 0.348765 -0.710129
v -1.277491 0.348765 -0.708735
v -1.278154 0.348876 -0.707506
v -1.278158 0.348903 -0.707510
v -1.279315 0.348903 -0.706733
v -1.279313 0.348876 -0.706727
v -1.279313 0.348830 -0.706727
v -1.278154 0.348830 -0.707506
v -1.278154 0.348765 -0.707506
v -1.279313 0.348765 -0.706727
v -1.280709 0.348876 -0.706686
v -1.280708 0.348903 -0.706692
v -1.281959 0.348903 -0.707306
v -1.281964 0.348876 -0.707301
v -1.281964 0.348830 -0.707301
v -1.280709 0.348830 -0.706686
v -1.280709 0.348765 -0.706686
v -1.281964 0.348765 -0.707301
v -1.282697 0.348876 -0.708490
v -1.282691 0.348903 -0.708492
v -1.282697 0.348830 -0.708490
v -1.282697 0.348765 -0.708490
v -1.282796 0.348686 -0.709884
v -1.281967 0.348686 -0.707297
v -1.281939 0.348674 -0.710940
v -1.281939 0.348488 -0.710940
v -1.280890 0.348488 -0.711645
v -1.280890 0.348674 -0.711645
v -1.280890 0.348820 -0.711645
v -1.281939 0.348820 -0.710940
v -1.282538 0.348820 -0.709828
v -1.282538 0.348674 -0.709828
v -1.282538 0.348488 -0.709828
v -1.281939 0.348886 -0.710940
v -1.280890 0.348886 -0.711645
v -1.280893 0.348905 -0.711652
v -1.281945 0.348905 -0.710945
v -1.282546 0.348905 -0.709830
v -1.282538 0.348886 -0.709828
v -1.279628 0.348674 -0.711682
v -1.279628 0.348488 -0.711682
v -1.278493 0.348488 -0.711126
v -1.278493 0.348674 -0.711126
v -1.278493 0.348820 -0.711126
v -1.279628 0.348820 -0.711682
v -1.279628 0.348886 -0.711682
v -1.278493 0.348886 -0.711126
v -1.278488 0.348905 -0.711131
v -1.279626 0.348905 -0.711689
v -1.277830 0.348674 -0.710051
v -1.277830 0.348488 -0.710051
v -1.277744 0.348488 -0.708790
v -1.277744 0.348674 -0.708790
v -1.277744 0.348820 -0.708790
v -1.277830 0.348820 -0.710051
v -1.277830 0.348886 -0.710051
v -1.277744 0.348820 -0.708790
v -1.277744 0.348886 -0.708790
v -1.277737 0.348905 -0.708789
v -1.277823 0.348905 -0.710053
v -1.278493 0.348820 -0.711126
v -1.278344 0.348674 -0.707678
v -1.278344 0.348488 -0.707678
v -1.279392 0.348488 -0.706974
v -1.279392 0.348674 -0.706974
v -1.279392 0.348820 -0.706974
v -1.278344 0.348820 -0.707678
v -1.278344 0.348886 -0.707678
v -1.279392 0.348886 -0.706974
v -1.279390 0.348905 -0.706967
v -1.278338 0.348905 -0.707673
v -1.280655 0.348674 -0.706937
v -1.280655 0.348488 -0.706937
v -1.281789 0.348488 -0.707493
v -1.281789 0.348674 -0.707493
v -1.281789 0.348820 -0.707493
v -1.280655 0.348820 -0.706937
v -1.280655 0.348886 -0.706937
v -1.281789 0.348886 -0.707493
v -1.281794 0.348905 -0.707487
v -1.280657 0.348905 -0.706930
v -1.282453 0.348674 -0.708568
v -1.282453 0.348488 -0.708568
v -1.282453 0.348820 -0.708568
v -1.282453 0.348886 -0.708568
v -1.282538 0.348820 -0.709828
v -1.282460 0.348905 -0.708566
v -1.281789 0.348820 -0.707493
v -1.282673 0.348912 -0.708497
v -1.282638 0.348912 -0.708509
v -1.282731 0.348912 -0.709870
v -1.282767 0.348912 -0.709878
v -1.281947 0.348912 -0.707320
v -1.281922 0.348912 -0.707347
v -1.280704 0.348912 -0.706710
v -1.280696 0.348912 -0.706747
v -1.279321 0.348912 -0.706751
v -1.279332 0.348912 -0.706787
v -1.278172 0.348912 -0.707522
v -1.278199 0.348912 -0.707547
v -1.277516 0.348912 -0.708741
v -1.277552 0.348912 -0.708749
v -1.277609 0.348912 -0.710121
v -1.277645 0.348912 -0.710110
v -1.278336 0.348912 -0.711299
v -1.278361 0.348912 -0.711271
v -1.279578 0.348912 -0.711908
v -1.279586 0.348912 -0.711872
v -1.280962 0.348912 -0.711868
v -1.280950 0.348912 -0.711832
v -1.282111 0.348912 -0.711096
v -1.282083 0.348912 -0.711071
v -1.282481 0.348912 -0.708559
v -1.282568 0.348912 -0.709835
v -1.282608 0.348912 -0.709843
v -1.282520 0.348912 -0.708546
v -1.281837 0.348912 -0.707440
v -1.281810 0.348912 -0.707471
v -1.282580 0.348912 -0.708527
v -1.282670 0.348912 -0.709857
v -1.281880 0.348912 -0.707393
v -1.280661 0.348912 -0.706908
v -1.280670 0.348912 -0.706868
v -1.279371 0.348912 -0.706906
v -1.279383 0.348912 -0.706945
v -1.280683 0.348912 -0.706807
v -1.279351 0.348912 -0.706846
v -1.278322 0.348912 -0.707658
v -1.278291 0.348912 -0.707631
v -1.277674 0.348912 -0.708775
v -1.277715 0.348912 -0.708784
v -1.278245 0.348912 -0.707588
v -1.277613 0.348912 -0.708762
v -1.277801 0.348912 -0.710060
v -1.277763 0.348912 -0.710072
v -1.278445 0.348912 -0.711178
v -1.278473 0.348912 -0.711148
v -1.277703 0.348912 -0.710091
v -1.278403 0.348912 -0.711225
v -1.279621 0.348912 -0.711711
v -1.279613 0.348912 -0.711751
v -1.280912 0.348912 -0.711713
v -1.280900 0.348912 -0.711673
v -1.279599 0.348912 -0.711812
v -1.280931 0.348912 -0.711773
v -1.281961 0.348912 -0.710961
v -1.281991 0.348912 -0.710988
v -1.282038 0.348912 -0.711030
v -1.318402 0.354295 -0.809257
v -1.318393 0.353941 -0.809240
v -1.316637 0.353946 -0.808246
v -1.316643 0.354298 -0.808262
v -1.316749 0.356102 -0.808320
v -1.318540 0.356099 -0.809332
v -1.319570 0.356096 -0.810860
v -1.319414 0.354291 -0.810759
v -1.319403 0.353936 -0.810740
v -1.318892 0.360696 -0.809522
v -1.316749 0.356102 -0.808320
v -1.317019 0.360697 -0.808467
v -1.319969 0.360694 -0.811116
v -1.314355 0.354301 -0.807970
v -1.314350 0.353950 -0.807956
v -1.311906 0.353951 -0.808360
v -1.311911 0.354302 -0.808375
v -1.311931 0.356105 -0.808436
v -1.314419 0.356104 -0.808024
v -1.314582 0.360699 -0.808160
v -1.311981 0.360699 -0.808592
v -1.309687 0.354301 -0.809467
v -1.309683 0.353950 -0.809452
v -1.307991 0.353946 -0.811019
v -1.307995 0.354298 -0.811035
v -1.307943 0.356102 -0.811144
v -1.309667 0.356104 -0.809548
v -1.309613 0.360699 -0.809754
v -1.307809 0.360697 -0.811420
v -1.307144 0.354295 -0.812868
v -1.307141 0.353941 -0.812848
v -1.307191 0.353936 -0.814656
v -1.307194 0.354291 -0.814678
v -1.307125 0.356096 -0.814851
v -1.307075 0.356099 -0.813009
v -1.306899 0.360696 -0.813368
v -1.307125 0.356096 -0.814851
v -1.306950 0.360694 -0.815291
v -1.307943 0.356102 -0.811144
v -1.308207 0.354288 -0.816180
v -1.308202 0.353932 -0.816156
v -1.309958 0.353928 -0.817150
v -1.309965 0.354286 -0.817176
v -1.309947 0.356092 -0.817391
v -1.308156 0.356094 -0.816379
v -1.307191 0.353936 -0.814656
v -1.308027 0.360693 -0.816885
v -1.309900 0.360692 -0.817940
v -1.312254 0.354285 -0.817468
v -1.312246 0.353927 -0.817442
v -1.314689 0.353926 -0.817038
v -1.314698 0.354284 -0.817064
v -1.314765 0.356090 -0.817276
v -1.312277 0.356091 -0.817688
v -1.312337 0.360691 -0.818247
v -1.314938 0.360691 -0.817815
v -1.316920 0.354285 -0.815972
v -1.316911 0.353927 -0.815946
v -1.318603 0.353928 -0.814378
v -1.318612 0.354286 -0.814403
v -1.318752 0.356092 -0.814568
v -1.317029 0.356091 -0.816164
v -1.317306 0.360691 -0.816653
v -1.319109 0.360692 -0.814986
v -1.319464 0.354288 -0.812570
v -1.319453 0.353932 -0.812547
v -1.319620 0.356094 -0.812702
v -1.318752 0.356092 -0.814568
v -1.320019 0.360693 -0.813039
v -1.318430 0.353698 -0.809221
v -1.319443 0.353688 -0.810725
v -1.319603 0.353203 -0.810697
v -1.318578 0.353227 -0.809172
v -1.316782 0.353250 -0.808164
v -1.316666 0.353707 -0.808224
v -1.318902 0.352193 -0.809065
v -1.319955 0.352135 -0.810635
v -1.317038 0.352246 -0.808032
v -1.314363 0.353714 -0.807935
v -1.314421 0.353268 -0.807879
v -1.311888 0.353275 -0.808305
v -1.311901 0.353717 -0.808345
v -1.314547 0.352287 -0.807754
v -1.311860 0.352304 -0.808216
v -1.309660 0.353714 -0.809444
v -1.309581 0.353268 -0.809431
v -1.307826 0.353250 -0.811037
v -1.307955 0.353707 -0.811018
v -1.309405 0.352287 -0.809403
v -1.307541 0.352246 -0.811078
v -1.307100 0.353698 -0.812854
v -1.306951 0.353227 -0.812901
v -1.307004 0.353203 -0.814738
v -1.307151 0.353688 -0.814667
v -1.306625 0.352193 -0.813003
v -1.306681 0.352135 -0.814892
v -1.308164 0.353680 -0.816172
v -1.308030 0.353180 -0.816262
v -1.309826 0.353162 -0.817273
v -1.309929 0.353673 -0.817169
v -1.309958 0.353928 -0.817150
v -1.307734 0.352082 -0.816462
v -1.309601 0.352040 -0.817501
v -1.312232 0.353669 -0.817461
v -1.312190 0.353153 -0.817567
v -1.314724 0.353150 -0.817147
v -1.314694 0.353668 -0.817054
v -1.312098 0.352018 -0.817800
v -1.314790 0.352011 -0.817353
v -1.316934 0.353669 -0.815953
v -1.317030 0.353153 -0.816015
v -1.318782 0.353162 -0.814401
v -1.318638 0.353673 -0.814376
v -1.317240 0.352018 -0.816152
v -1.319097 0.352040 -0.814456
v -1.319493 0.353680 -0.812539
v -1.319655 0.353180 -0.812534
v -1.320011 0.352082 -0.812525
vn -0.661900 0.748900 0.032600
vn -0.649100 0.747600 -0.140500
vn -0.898500 0.393500 -0.194600
vn -0.917900 0.394100 0.044700
vn -0.874200 0.395900 0.280900
vn -0.626600 0.752400 0.202800
vn -0.456500 0.876800 0.150700
vn -0.487900 0.872500 0.025200
vn -0.481700 0.870100 -0.103900
vn -0.611500 0.734100 -0.295200
vn -0.560400 0.729000 -0.393000
vn -0.697500 0.220100 -0.681900
vn -0.841300 0.339000 -0.421000
vn -0.445900 0.870300 -0.209100
vn -0.393000 0.876100 -0.279300
vn 0.564300 0.749700 -0.345600
vn 0.627700 0.752400 -0.199500
vn 0.874500 0.396000 -0.279900
vn 0.782700 0.395600 -0.480500
vn 0.650000 0.395800 -0.648700
vn 0.468500 0.750000 -0.466800
vn 0.347500 0.871700 -0.345500
vn 0.416800 0.872900 -0.253600
vn 0.459000 0.876800 -0.142900
vn 0.648800 0.759900 -0.041000
vn 0.627600 0.770000 0.114800
vn 0.898600 0.411000 0.153300
vn 0.913300 0.402400 -0.062200
vn 0.468000 0.883400 -0.024200
vn 0.445000 0.890900 0.091000
vn 0.303600 0.805400 0.509000
vn 0.180200 0.807300 0.561900
vn 0.272600 0.450400 0.850200
vn 0.457800 0.451200 0.766000
vn 0.604800 0.447200 0.659000
vn 0.400900 0.800900 0.444700
vn 0.272700 0.909700 0.313100
vn 0.205500 0.914200 0.349300
vn 0.122300 0.916300 0.381300
vn 0.030000 0.803500 0.594500
vn -0.118900 0.793800 0.596400
vn -0.186300 0.437700 0.879600
vn 0.043500 0.447300 0.893300
vn 0.023700 0.913100 0.406900
vn -0.073900 0.905900 0.417000
vn -0.269800 0.781900 0.562000
vn -0.419200 0.769900 0.481200
vn -0.608400 0.411500 0.678600
vn -0.407400 0.424900 0.808300
vn -0.178600 0.898100 0.401800
vn -0.290600 0.890700 0.349500
vn -0.544000 0.759500 0.356700
vn -0.768900 0.401500 0.497500
vn -0.389000 0.883100 0.262000
vn -0.256600 0.948800 0.183900
vn -0.182200 0.953100 0.241600
vn -0.078200 0.987100 0.139600
vn -0.124100 0.986400 0.107600
vn -0.159700 0.984900 0.067000
vn -0.310200 0.944500 0.108200
vn -0.104100 0.956000 0.274100
vn -0.040000 0.957800 0.284600
vn -0.006900 0.986200 0.165100
vn -0.035700 0.987000 0.156800
vn 0.020100 0.958900 0.283000
vn 0.086200 0.959300 0.268700
vn 0.068200 0.974700 0.212800
vn 0.020900 0.979700 0.199000
vn 0.140400 0.959700 0.243500
vn 0.178200 0.960000 0.216000
vn 0.095000 0.987000 0.129700
vn 0.095200 0.980200 0.173800
vn 0.314900 0.949100 -0.007600
vn 0.293100 0.953200 0.073500
vn 0.315300 0.944500 -0.092300
vn 0.168900 0.984900 -0.038400
vn 0.162700 0.986600 0.010600
vn 0.147000 0.987400 0.057800
vn 0.290700 0.941000 -0.172900
vn 0.245600 0.938800 -0.241300
vn 0.140500 0.981400 -0.130300
vn 0.160900 0.983200 -0.086500
vn -0.316500 0.937000 -0.147600
vn -0.285000 0.937500 -0.199500
vn -0.339500 0.937900 -0.071600
vn -0.191000 0.980900 -0.035200
vn -0.182500 0.979700 -0.082300
vn -0.159700 0.979300 -0.124100
vn -0.338500 0.940700 0.020700
vn -0.182700 0.983000 0.018700
vn -0.071400 0.997200 0.022500
vn -0.084800 0.996400 -0.003400
vn -0.053100 0.997700 0.042100
vn -0.007300 0.999200 0.039400
vn -0.022600 0.999200 0.033200
vn -0.037200 0.999100 0.020700
vn -0.088400 0.995600 -0.031200
vn -0.078500 0.995400 -0.055100
vn -0.047500 0.998800 0.002300
vn -0.050200 0.998500 -0.020100
vn -0.056500 0.995600 -0.074600
vn -0.028200 0.995700 -0.088000
vn -0.033600 0.993900 -0.104800
vn -0.078200 0.991500 -0.104200
vn -0.041300 0.998200 -0.042700
vn -0.018700 0.998100 -0.058400
vn -0.000700 0.995600 -0.093900
vn 0.024200 0.995200 -0.094100
vn 0.047800 0.979300 -0.196500
vn -0.000200 0.991300 -0.131800
vn 0.006200 0.998200 -0.058800
vn 0.023700 0.998500 -0.049200
vn 0.071700 0.997200 -0.021000
vn 0.067800 0.997700 0.003400
vn 0.068700 0.996600 -0.046300
vn 0.042300 0.999100 -0.000900
vn 0.037800 0.999100 0.015000
vn 0.028900 0.999200 0.027800
vn 0.059100 0.997900 0.025900
vn 0.048900 0.997600 0.048500
vn 0.019000 0.999100 0.037800
vn 0.010700 0.998800 0.048000
vn 0.011700 0.996900 0.078300
vn -0.008000 0.997300 0.072000
vn 0.017200 0.997100 0.073400
vn 0.035200 0.998300 0.046500
vn 0.030900 0.998200 0.050700
vn 0.020800 0.998600 0.047500
vn -0.032000 0.997800 0.057700
vn 0.007000 0.999100 0.042800
vn 0.023600 0.998700 0.045100
vn 0.031500 0.998600 0.043000
vn 0.032500 0.998300 0.047900
vn 0.027000 0.997900 0.058000
vn 0.019300 0.997600 0.066000
vn 0.012800 0.998700 0.048900
vn 0.036100 0.998400 0.043800
vn 0.040200 0.998100 0.046300
vn 0.031700 0.997800 0.057500
vn 0.030400 0.998100 0.052900
vn 0.038800 0.997900 0.050900
vn 0.039600 0.998600 0.034700
vn 0.013500 0.999000 0.042000
vn 0.018800 0.998100 0.058600
vn 0.020800 0.997700 0.065000
vn 0.030600 0.997500 0.062900
vn -0.002300 0.997900 0.064500
vn -0.012000 0.998600 0.051500
vn -0.001400 0.998300 0.057700
vn -0.006200 0.998000 0.062100
vn 0.007100 0.997700 0.067300
vn 0.011300 0.997500 0.069700
vn 0.006300 0.998700 0.049800
vn -0.001300 0.998600 0.052100
vn 0.017500 0.998700 0.047100
vn 0.021000 0.997700 0.064200
vn 0.009400 0.998000 0.062300
vn -0.000900 0.998400 0.057000
vn 0.028400 0.998800 0.039800
vn 0.035700 0.998900 0.028600
vn 0.036200 0.998300 0.046500
vn 0.031700 0.997700 0.058900
vn 0.021500 0.999600 -0.018500
vn 0.035700 0.999300 -0.007700
vn -0.006100 0.999800 -0.019200
vn 0.005000 0.999800 0.015700
vn 0.033400 0.998900 0.031500
vn 0.046900 0.998100 0.038700
vn -0.029200 0.999500 -0.001900
vn -0.033600 0.999300 0.018000
vn -0.014300 0.998200 0.058600
vn -0.008800 0.999000 0.044600
vn -0.026100 0.999100 0.032200
vn -0.014700 0.999000 0.042500
vn -0.003800 0.998300 0.058800
vn -0.007500 0.998100 0.061100
vn -0.000600 0.998800 0.048800
vn 0.008100 0.997700 0.067200
vn 0.022800 0.997000 0.073100
vn 0.022100 0.996900 0.074700
vn 0.025500 0.996200 0.083300
vn 0.023400 0.997000 0.073100
vn 0.024000 0.997000 0.073400
vn 0.012400 0.996200 0.085300
vn 0.039600 0.996200 0.077500
vn 0.010000 0.996800 0.079500
vn 0.018600 0.996600 0.080400
vn 0.022500 0.997300 0.069300
vn -0.716300 -0.283400 0.637600
vn -0.957400 0.019200 0.288000
vn -0.958600 0.010100 0.284300
vn -0.700200 -0.164300 0.694800
vn -0.339900 -0.279400 0.898000
vn -0.367300 -0.481000 0.796000
vn -0.410200 -0.653800 0.635700
vn -0.741500 -0.388500 0.546900
vn -0.955100 0.026600 0.295100
vn -0.039300 -0.574900 0.817300
vn -0.003300 -0.335100 0.942200
vn 0.286000 -0.350800 0.891700
vn 0.244000 -0.601200 0.760900
vn 0.178800 -0.810500 0.557700
vn -0.095500 -0.776700 0.622500
vn 0.507300 -0.574900 0.641900
vn 0.550600 -0.335100 0.764500
vn 0.798700 -0.279400 0.532800
vn 0.761800 -0.481000 0.433900
vn 0.703500 -0.653900 0.278500
vn 0.439700 -0.776700 0.450900
vn 0.953600 -0.283400 0.102000
vn 0.973700 -0.164300 0.158000
vn 0.945200 0.010100 -0.326200
vn 0.946400 0.019200 -0.322500
vn 0.948600 0.026600 -0.315300
vn 0.921300 -0.388500 0.013600
vn 0.691700 0.300600 -0.656600
vn 0.675500 0.173600 -0.716600
vn 0.320900 0.275400 -0.906200
vn 0.347200 0.473200 -0.809600
vn 0.388800 0.645200 -0.657600
vn 0.717900 0.412200 -0.560900
vn 0.028500 0.553700 -0.832200
vn -0.005000 0.323300 -0.946300
vn -0.287500 0.336700 -0.896600
vn -0.249600 0.576000 -0.778400
vn -0.190400 0.781700 -0.593800
vn 0.081000 0.752300 -0.653800
vn -0.507200 0.553700 -0.660400
vn -0.546200 0.323300 -0.772700
vn -0.788000 0.275400 -0.550600
vn -0.753300 0.473200 -0.456700
vn -0.698800 0.645300 -0.308800
vn -0.446200 0.752300 -0.484800
vn -0.944500 0.300600 -0.131900
vn -0.966300 0.173700 -0.190100
vn -0.910200 0.412300 -0.038800
vn -0.884700 0.462500 0.058400
vn -0.655400 0.738400 -0.158500
vn -0.952900 0.012500 0.303000
vn -0.952700 0.007300 0.303600
vn -0.874400 0.469400 0.122400
vn -0.640100 0.766100 -0.057500
vn -0.392700 0.865400 -0.311000
vn -0.132800 0.900500 -0.414000
vn -0.640100 0.766100 -0.057500
vn -0.367700 0.908800 -0.197200
vn -0.096100 0.949200 -0.299600
vn 0.138600 0.865400 -0.481400
vn 0.441000 0.738400 -0.510100
vn 0.184400 0.908800 -0.374200
vn 0.487300 0.766100 -0.419100
vn 0.753700 0.462500 -0.467000
vn 0.951400 0.012500 -0.307700
vn 0.487300 0.766100 -0.419100
vn 0.782600 0.469400 -0.408900
vn 0.951700 0.007300 -0.307000
vn 0.888900 -0.452300 -0.072600
vn 0.652600 -0.746400 0.130200
vn 0.876600 -0.462600 -0.132500
vn 0.637700 -0.769300 0.036300
vn 0.381500 -0.883300 0.272500
vn 0.119000 -0.921000 0.370900
vn 0.359400 -0.918000 0.167500
vn 0.085500 -0.960000 0.266500
vn -0.151900 -0.883300 0.443600
vn -0.455200 -0.746400 0.485400
vn -0.194900 -0.918000 0.345300
vn -0.497700 -0.769300 0.400500
vn -0.765300 -0.452300 0.457900
vn -0.790200 -0.462600 0.402000
vn -0.808900 -0.461300 0.364500
vn -0.952800 0.006000 0.303600
vn -0.529600 -0.775500 0.343500
vn -0.552500 -0.778400 0.297900
vn -0.821800 -0.460200 0.335900
vn -0.952700 0.004500 0.303800
vn -0.226400 -0.933200 0.279000
vn 0.062600 -0.978700 0.195300
vn 0.043800 -0.989600 0.136700
vn -0.250300 -0.941800 0.224400
vn -0.552500 -0.778400 0.297900
vn 0.346400 -0.933200 0.095200
vn 0.630700 -0.775500 -0.028600
vn 0.622700 -0.778400 -0.078900
vn 0.334100 -0.941800 0.037000
vn 0.870000 -0.461300 -0.174000
vn 0.951700 0.006100 -0.307100
vn 0.951700 0.004500 -0.306900
vn 0.863900 -0.460200 -0.204600
vn 0.622700 -0.778400 -0.078900
vn 0.802900 0.468200 -0.368900
vn 0.521800 0.776000 -0.354200
vn 0.546000 0.779700 -0.306500
vn 0.817100 0.465700 -0.339800
vn 0.219100 0.929700 -0.295900
vn -0.068900 0.974200 -0.215000
vn -0.048900 0.987100 -0.152600
vn 0.244000 0.940100 -0.238000
vn -0.350400 0.929700 -0.113300
vn -0.630500 0.776100 0.015300
vn -0.622400 0.779700 0.068200
vn -0.337000 0.940100 -0.051700
vn -0.867700 0.468200 0.166800
vn -0.862300 0.465700 0.198800
vn -0.822800 0.484200 0.297400
vn -0.561800 0.792700 0.236500
vn -0.622400 0.779700 0.068200
vn -0.950400 0.029100 0.309500
vn -0.945000 0.026400 0.325900
vn -0.758500 0.463900 0.457600
vn -0.458600 0.744900 0.484500
vn -0.268400 0.950700 0.155400
vn 0.021300 0.997500 0.066500
vn -0.458600 0.744900 0.484500
vn -0.156400 0.879800 0.448700
vn 0.121000 0.918100 0.377300
vn 0.308700 0.950700 -0.029600
vn 0.594600 0.792700 -0.134300
vn 0.388200 0.879800 0.274100
vn 0.654900 0.744900 0.127400
vn 0.842300 0.484300 -0.236500
vn 0.953200 0.029000 -0.301000
vn 0.546000 0.779700 -0.306500
vn 0.654900 0.744900 0.127400
vn 0.883200 0.463900 -0.068800
vn 0.958300 0.026400 -0.284400
vn 0.846500 -0.446700 -0.289700
vn 0.590700 -0.777900 -0.214100
vn 0.789100 -0.431200 -0.437500
vn 0.486100 -0.733300 -0.475300
vn 0.291100 -0.949700 -0.115400
vn -0.005800 -0.999800 -0.018100
vn 0.172300 -0.881900 -0.438900
vn -0.117000 -0.923700 -0.364800
vn -0.304000 -0.949700 0.075400
vn -0.605000 -0.777900 0.169400
vn -0.395400 -0.881900 -0.256800
vn -0.671800 -0.733300 -0.104000
vn -0.857100 -0.446600 0.256700
vn -0.896400 -0.431200 0.103000
vn -0.931600 -0.358600 -0.058500
vn -0.944800 0.019800 0.327000
vn -0.728400 -0.563100 -0.390300
vn -0.770000 -0.313900 -0.555500
vn -0.962000 -0.218200 -0.163800
vn -0.942700 0.015400 0.333300
vn -0.480900 -0.628600 -0.611200
vn -0.235500 -0.636500 -0.734400
vn -0.290600 -0.307200 -0.906200
vn -0.527400 -0.317800 -0.787900
vn 0.035800 -0.628600 -0.776900
vn 0.365600 -0.563100 -0.741100
vn 0.303300 -0.313900 -0.899700
vn -0.029200 -0.317800 -0.947700
vn 0.723900 -0.358700 -0.589400
vn 0.958800 0.019800 -0.283500
vn 0.960700 0.015400 -0.277000
vn 0.687300 -0.218200 -0.692700
vn 0.913000 0.402900 0.064100
vn 0.694800 0.641800 0.324500
vn 0.747600 0.440500 0.497000
vn 0.945800 0.272700 0.175900
vn 0.441300 0.752200 0.489300
vn 0.189900 0.783000 0.592200
vn 0.256200 0.544000 0.799000
vn 0.504600 0.520800 0.688500
vn -0.074400 0.752200 0.654700
vn -0.376500 0.641800 0.668100
vn -0.319100 0.440500 0.839100
vn -0.010100 0.520800 0.853600
vn -0.705400 0.402900 0.583100
vn -0.667100 0.272700 0.693200
vn -0.662000 0.135700 0.737100
vn -0.299000 0.225400 0.927200
vn -0.948300 0.005500 0.317200
vn -0.951600 0.003100 0.307400
vn -0.672400 0.084200 0.735300
vn -0.307600 0.143000 0.940700
vn 0.021200 0.270000 0.962600
vn 0.292900 0.283100 0.913300
vn 0.020900 0.173700 0.984600
vn 0.300200 0.182800 0.936200
vn 0.542600 0.270000 0.795400
vn 0.782500 0.225400 0.580400
vn 0.555600 0.173700 0.813100
vn 0.797300 0.143000 0.586300
vn 0.967200 0.135800 0.214600
vn 0.955900 0.005500 -0.293400
vn 0.974700 0.084100 0.207200
vn 0.952800 0.003100 -0.303400
vn 0.671300 -0.104300 -0.733800
vn 0.296000 -0.145700 -0.944000
vn 0.674200 -0.063500 -0.735800
vn 0.307300 -0.089400 -0.947400
vn -0.032300 -0.146100 -0.988700
vn -0.302300 -0.141200 -0.942700
vn -0.023600 -0.090700 -0.995600
vn -0.304200 -0.088300 -0.948500
vn -0.548800 -0.146100 -0.823100
vn -0.789800 -0.145700 -0.595800
vn -0.559800 -0.090700 -0.823600
vn -0.801000 -0.089400 -0.591900
vn -0.972800 -0.104300 -0.206500
vn -0.976400 -0.063500 -0.206500
vn -0.852400 -0.497500 -0.161200
vn -0.833300 -0.474600 0.283300
vn -0.801000 -0.089400 -0.591900
vn -0.711100 -0.490800 -0.503500
vn -0.275000 -0.937400 -0.213600
vn -0.310500 -0.947700 -0.073600
vn -0.292200 -0.951700 0.093700
vn -0.502900 -0.474700 -0.722300
vn -0.270200 -0.465900 -0.842600
vn -0.115300 -0.925900 -0.359600
vn -0.204400 -0.929400 -0.307100
vn -0.010900 -0.474700 -0.880100
vn 0.285600 -0.490700 -0.823100
vn 0.099500 -0.937400 -0.333700
vn -0.012400 -0.929400 -0.368700
vn 0.599600 -0.497500 -0.626800
vn 0.307300 -0.089400 -0.947400
vn 0.842700 -0.474600 -0.254100
vn 0.292200 -0.951700 -0.093700
vn 0.209800 -0.947700 -0.240400
vn 0.099500 -0.937400 -0.333700
vn 0.879100 -0.438200 0.187600
vn 0.797300 0.143000 0.586300
vn 0.743300 -0.395900 0.539200
vn 0.275000 -0.937400 0.213600
vn 0.310500 -0.947700 0.073600
vn 0.529300 -0.365200 0.765800
vn 0.285700 -0.352900 0.890900
vn 0.115300 -0.925900 0.359600
vn 0.204300 -0.929400 0.307100
vn 0.014700 -0.365100 0.930800
vn -0.291100 -0.395900 0.870900
vn -0.099500 -0.937400 0.333700
vn 0.012400 -0.929400 0.368700
vn -0.606000 -0.438100 0.663800
vn -0.307600 0.143000 0.940700
vn -0.209800 -0.947700 0.240400
vn -0.099500 -0.937400 0.333700
vn -0.710900 -0.000800 0.703300
vn -0.691700 -0.028200 0.721600
vn -0.335600 -0.003400 0.942000
vn -0.365400 0.023300 0.930500
vn -0.386900 0.100000 0.916700
vn -0.723300 0.068800 0.687100
vn -0.952000 0.020500 0.305400
vn -0.951100 -0.045700 0.305500
vn -0.949400 -0.072200 0.305600
vn -0.014300 0.032500 0.999400
vn 0.005600 0.006300 0.999900
vn 0.305300 0.008200 0.952200
vn 0.305200 0.034200 0.951700
vn 0.303200 0.119600 0.945400
vn -0.030400 0.115300 0.992900
vn 0.592900 0.032500 0.804600
vn 0.577000 0.006300 0.816700
vn 0.820900 -0.003400 0.571100
vn 0.838400 0.023300 0.544500
vn 0.847900 0.100000 0.520600
vn 0.602100 0.115300 0.790000
vn 0.987300 -0.000800 0.158700
vn 0.982400 -0.028200 0.184800
vn 0.950100 -0.072200 -0.303400
vn 0.951400 -0.045700 -0.304500
vn 0.952100 0.020500 -0.305200
vn 0.988000 0.068800 0.138200
vn 0.708400 -0.099600 -0.698800
vn 0.688400 -0.120500 -0.715200
vn 0.333200 -0.157500 -0.929600
vn 0.363400 -0.145100 -0.920200
vn 0.388600 -0.079000 -0.918000
vn 0.725000 -0.034000 -0.687900
vn 0.015300 -0.173200 -0.984700
vn -0.004600 -0.178400 -0.983900
vn -0.300100 -0.185400 -0.935700
vn -0.300200 -0.182600 -0.936200
vn -0.303300 -0.115600 -0.945800
vn 0.031000 -0.106600 -0.993800
vn 0.333200 -0.157500 -0.929600
vn -0.585100 -0.173200 -0.792200
vn -0.568400 -0.178400 -0.803100
vn -0.811700 -0.157500 -0.562400
vn -0.830800 -0.145100 -0.537200
vn -0.850000 -0.079000 -0.520800
vn -0.603200 -0.106600 -0.790400
vn -0.982600 -0.099500 -0.156400
vn -0.976000 -0.120500 -0.181400
vn -0.989800 -0.034000 -0.137900
vn -0.811700 -0.157500 -0.562400
vn -0.725000 0.111100 0.679600
vn -0.391500 0.142700 0.909000
vn -0.385300 0.102500 0.917100
vn -0.722800 0.088900 0.685300
vn -0.951900 0.070100 0.298300
vn -0.950900 0.067300 0.301900
vn -0.034500 0.159800 0.986500
vn 0.301200 0.165300 0.939100
vn 0.303400 0.112200 0.946200
vn -0.028500 0.109700 0.993500
vn 0.601800 0.159800 0.782500
vn 0.847100 0.142700 0.511800
vn 0.846800 0.102500 0.521900
vn 0.601000 0.109700 0.791700
vn 0.985100 0.111100 0.131200
vn 0.949200 0.067300 -0.307400
vn 0.947800 0.070100 -0.310900
vn 0.986500 0.088900 0.137100
vn 0.726200 0.020800 -0.687100
vn 0.392500 -0.015200 -0.919600
vn 0.380400 0.034500 -0.924100
vn 0.717600 0.049900 -0.694700
vn 0.033500 -0.036800 -0.998700
vn -0.305100 -0.043400 -0.951300
vn -0.305300 0.022700 -0.952000
vn 0.025500 0.025300 -0.999300
vn -0.608100 -0.036800 -0.793000
vn -0.854100 -0.015200 -0.519800
vn -0.846900 0.034500 -0.530500
vn -0.602000 0.025300 -0.798100
vn -0.990400 0.020800 -0.136500
vn -0.987700 0.049900 -0.147800
vn -0.713600 0.029500 0.699900
vn -0.368200 0.018900 0.929500
vn -0.346400 -0.088100 0.933900
vn -0.701700 -0.061100 0.709900
vn -0.955400 -0.013800 0.295000
vn -0.952800 0.045600 0.299900
vn -0.015600 0.013500 0.999800
vn 0.305300 0.012100 0.952100
vn 0.303800 -0.102000 0.947300
vn -0.001300 -0.099200 0.995100
vn 0.594100 0.013500 0.804200
vn 0.840100 0.018900 0.542000
vn 0.825000 -0.088100 0.558200
vn 0.579800 -0.099200 0.808700
vn 0.987600 0.029500 0.154200
vn 0.949600 0.045600 -0.310200
vn 0.948800 -0.013800 -0.315600
vn 0.983600 -0.061100 0.169400
vn 0.707100 0.061300 -0.704500
vn 0.362700 0.072700 -0.929000
vn 0.338100 0.079000 -0.937800
vn 0.690600 0.039300 -0.722100
vn 0.013700 0.078800 -0.996800
vn -0.304400 0.080900 -0.949100
vn -0.303600 0.107600 -0.946700
vn -0.002000 0.100900 -0.994900
vn -0.590800 0.078800 -0.802900
vn -0.835400 0.072700 -0.544800
vn -0.820400 0.079000 -0.566300
vn -0.576900 0.100900 -0.810500
vn -0.984900 0.061300 -0.161900
vn -0.981800 0.039300 -0.185800
vn -0.697700 -0.154900 0.699500
vn -0.336800 -0.197100 0.920700
vn -0.336200 -0.244500 0.909500
vn -0.697700 -0.184900 0.692100
vn -0.959300 -0.082200 0.269900
vn -0.958300 -0.077700 0.274900
vn -0.689300 -0.158500 0.706900
vn -0.328500 -0.224800 0.917300
vn -0.317200 -0.155200 0.935500
vn -0.678100 -0.105300 0.727300
vn -0.950800 -0.024800 0.308700
vn -0.955900 -0.049900 0.289300
vn 0.003400 -0.213500 0.976900
vn 0.298000 -0.217700 0.929400
vn 0.293500 -0.276500 0.915100
vn 0.002000 -0.269700 0.962900
vn 0.006200 -0.254700 0.967000
vn 0.294600 -0.263000 0.918700
vn 0.300100 -0.184600 0.935900
vn 0.014500 -0.178200 0.983900
vn 0.565400 -0.213500 0.796700
vn 0.809400 -0.197100 0.553100
vn 0.802400 -0.244500 0.544300
vn 0.558400 -0.269700 0.784500
vn 0.557300 -0.254700 0.790200
vn 0.800800 -0.224800 0.555200
vn 0.802100 -0.155200 0.576600
vn 0.560400 -0.178200 0.808800
vn 0.974300 -0.154900 0.163300
vn 0.939500 -0.077700 -0.333700
vn 0.937400 -0.082200 -0.338400
vn 0.970100 -0.184900 0.157300
vn 0.971900 -0.158500 0.174200
vn 0.945900 -0.049900 -0.320500
vn 0.953000 -0.024800 -0.301800
vn 0.974600 -0.105300 0.197300
vn 0.669900 0.012200 -0.742300
vn 0.314700 0.077800 -0.946000
vn 0.310800 0.109600 -0.944100
vn 0.666500 0.030900 -0.744900
vn 0.676600 0.064600 -0.733500
vn 0.317700 0.141700 -0.937500
vn 0.320900 0.115600 -0.940000
vn 0.683600 0.059500 -0.727400
vn -0.015600 0.113200 -0.993400
vn -0.303000 0.123600 -0.944900
vn -0.301300 0.162000 -0.939600
vn -0.017500 0.150200 -0.988500
vn -0.013800 0.180400 -0.983500
vn -0.299700 0.191400 -0.934600
vn -0.301800 0.151100 -0.941300
vn -0.014200 0.143300 -0.989600
vn -0.565000 0.113200 -0.817300
vn -0.806200 0.077800 -0.586500
vn -0.801900 0.109700 -0.587300
vn -0.560600 0.150300 -0.814300
vn -0.560700 0.180400 -0.808100
vn -0.803700 0.141700 -0.577900
vn -0.807700 0.115600 -0.578100
vn -0.563900 0.143300 -0.813300
vn -0.976700 0.012100 -0.214200
vn -0.975400 0.030900 -0.218300
vn -0.977000 0.064600 -0.203200
vn -0.979200 0.059500 -0.194200
vn -0.979300 0.036000 -0.199200
vn -0.950800 -0.006900 0.309700
vn -0.952200 0.000000 0.305300
vn -0.978500 0.027300 -0.204300
vn -0.806500 0.045000 -0.589600
vn -0.807900 0.064100 -0.585700
vn -0.975500 0.067400 -0.209400
vn -0.956500 0.002000 0.291800
vn -0.802000 0.108600 -0.587400
vn -0.565100 0.077900 -0.821300
vn -0.564500 0.053500 -0.823700
vn -0.304900 0.055800 -0.950700
vn -0.304300 0.081700 -0.949000
vn -0.561200 0.128100 -0.817700
vn -0.302600 0.133500 -0.943700
vn -0.017900 0.077900 -0.996800
vn -0.019800 0.053500 -0.998400
vn 0.313200 0.045000 -0.948600
vn 0.316600 0.064100 -0.946400
vn -0.019000 0.128100 -0.991600
vn 0.310800 0.108600 -0.944200
vn 0.680800 0.036000 -0.731600
vn 0.677200 0.027300 -0.735300
vn 0.952200 0.000000 -0.305300
vn 0.953600 -0.006900 -0.300900
vn 0.671700 0.067400 -0.737700
vn 0.947800 0.002000 -0.318800
vn 0.977400 -0.048500 0.205400
vn 0.978500 -0.026900 0.204300
vn 0.806500 -0.043900 0.589600
vn 0.805200 -0.074400 0.588300
vn 0.979700 -0.065300 0.189600
vn 0.808800 -0.109000 0.577900
vn 0.563700 -0.086400 0.821400
vn 0.564500 -0.051800 0.823800
vn 0.304900 -0.054000 0.950800
vn 0.304100 -0.089800 0.948400
vn 0.564700 -0.129900 0.815000
vn 0.302500 -0.135700 0.943400
vn 0.019200 -0.086400 0.996100
vn 0.019800 -0.051800 0.998400
vn -0.313100 -0.043900 0.948700
vn -0.312900 -0.074400 0.946800
vn 0.014600 -0.129900 0.991400
vn -0.321800 -0.109000 0.940500
vn -0.675700 -0.048500 0.735600
vn -0.677200 -0.026900 0.735300
vn -0.686700 -0.065300 0.724000
vn -0.023800 -0.999300 0.027900
vn -0.011100 -0.999100 0.039600
vn -0.033400 -0.999400 0.010700
vn 0.000000 -1.000000 0.000000
vn 0.000000 -1.000000 0.000000
vn 0.000000 -1.000000 0.000000
vn 0.001900 -0.999000 0.044100
vn 0.013900 -0.999000 0.043200
vn 0.000000 -1.000000 0.000000
vn 0.000000 -1.000000 0.000000
vn 0.024100 -0.999000 0.036900
vn 0.032100 -0.999100 0.025700
vn 0.000000 -1.000000 0.000000
vn 0.000000 -1.000000 0.000000
vn 0.035600 -0.999300 0.008900
vn 0.033400 -0.999400 -0.010700
vn 0.000000 -1.000000 0.000000
vn 0.000000 -1.000000 0.000000
vn 0.023800 -0.999300 -0.028000
vn 0.011100 -0.999100 -0.039600
vn 0.000000 -1.000000 0.000000
vn 0.000000 -1.000000 0.000000
vn -0.001900 -0.999000 -0.044100
vn -0.013900 -0.999000 -0.043200
vn 0.000000 -1.000000 0.000000
vn 0.000000 -1.000000 0.000000
vn -0.024100 -0.999000 -0.036900
vn -0.032100 -0.999100 -0.025700
vn 0.000000 -1.000000 0.000000
vn 0.000000 -1.000000 0.000000
vn -0.035600 -0.999300 -0.008900
vn 0.000000 -1.000000 0.000000
vn 0.000000 -1.000000 0.000000
vn 0.000000 -1.000000 0.000000
vn 0.000000 -1.000000 0.000000
vn 0.000000 -1.000000 0.000000
vn 0.000000 -1.000000 0.000000
vn 0.000000 -1.000000 0.000000
vn 0.000000 -1.000000 0.000000
vn 0.000000 -1.000000 0.000000
vn 0.000000 -1.000000 0.000000
vn -0.839900 -0.045400 0.540900
vn -0.671300 -0.045400 0.739800
vn -0.672000 0.000000 0.740600
vn -0.840700 0.000000 0.541400
vn -0.952200 0.000000 0.305400
vn -0.951200 -0.045400 0.305100
vn -0.899800 -0.327100 0.288600
vn -0.794500 -0.327200 0.511600
vn -0.635000 -0.327200 0.699800
vn -0.456900 -0.045400 0.888300
vn -0.457400 0.000000 0.889200
vn -0.432200 -0.327200 0.840300
vn -0.200000 -0.327100 0.923600
vn -0.211400 -0.045400 0.976300
vn -0.211600 0.000000 0.977300
vn 0.048400 -0.045400 0.997800
vn 0.305000 -0.045400 0.951200
vn 0.305400 0.000000 0.952200
vn 0.048500 0.000000 0.998800
vn 0.045800 -0.327200 0.943800
vn 0.288600 -0.327200 0.899800
vn 0.540800 -0.045400 0.839900
vn 0.541400 0.000000 0.840700
vn 0.511600 -0.327200 0.794500
vn 0.699800 -0.327100 0.635000
vn 0.739800 -0.045400 0.671300
vn 0.740600 0.000000 0.672000
vn 0.888300 -0.045400 0.456900
vn 0.976300 -0.045400 0.211400
vn 0.977300 0.000000 0.211600
vn 0.889200 0.000000 0.457400
vn 0.840300 -0.327200 0.432200
vn 0.923600 -0.327100 0.200000
vn 0.997800 -0.045400 -0.048400
vn 0.998800 0.000000 -0.048500
vn 0.943800 -0.327200 -0.045800
vn 0.899800 -0.327100 -0.288500
vn 0.951200 -0.045400 -0.305100
vn 0.952200 0.000000 -0.305400
vn 0.839900 -0.045400 -0.540900
vn 0.671300 -0.045400 -0.739800
vn 0.672000 0.000000 -0.740600
vn 0.840700 0.000000 -0.541400
vn 0.794500 -0.327200 -0.511600
vn 0.635000 -0.327200 -0.699800
vn 0.457000 -0.045400 -0.888300
vn 0.457400 0.000000 -0.889200
vn 0.432200 -0.327200 -0.840300
vn 0.200000 -0.327100 -0.923600
vn 0.211400 -0.045400 -0.976300
vn 0.211600 0.000000 -0.977300
vn -0.048500 -0.045400 -0.997800
vn -0.305100 -0.045400 -0.951200
vn -0.305400 0.000000 -0.952200
vn -0.048500 0.000000 -0.998800
vn -0.045900 -0.327200 -0.943800
vn -0.288600 -0.327200 -0.899800
vn -0.540800 -0.045400 -0.839900
vn -0.541400 0.000000 -0.840800
vn -0.511600 -0.327200 -0.794500
vn -0.699800 -0.327200 -0.635000
vn -0.739800 -0.045400 -0.671300
vn -0.740600 0.000000 -0.672000
vn -0.888300 -0.045400 -0.456900
vn -0.889200 0.000000 -0.457400
vn -0.840300 -0.327200 -0.432200
vn -0.923600 -0.327200 -0.200000
vn -0.976300 -0.045400 -0.211400
vn -0.977300 0.000000 -0.211600
vn -0.997800 -0.045400 0.048500
vn -0.998800 0.000000 0.048500
vn -0.943800 -0.327200 0.045800
vn -0.616800 -0.786500 0.029900
vn -0.604000 -0.786200 -0.130800
vn -0.295100 -0.953300 -0.063900
vn -0.301700 -0.953300 0.014600
vn -0.287500 -0.953300 0.092200
vn -0.588500 -0.786200 0.188700
vn -0.549200 -0.786500 -0.282500
vn -0.457600 -0.786200 -0.415300
vn -0.223600 -0.953300 -0.202900
vn -0.268700 -0.953200 -0.138200
vn -0.334400 -0.786500 -0.519200
vn -0.188700 -0.786200 -0.588400
vn -0.092200 -0.953300 -0.287500
vn -0.163500 -0.953200 -0.254000
vn -0.029900 -0.786500 -0.616800
vn 0.130800 -0.786200 -0.604000
vn 0.063900 -0.953300 -0.295100
vn -0.014600 -0.953300 -0.301700
vn 0.282500 -0.786500 -0.549200
vn 0.415200 -0.786200 -0.457700
vn 0.202900 -0.953300 -0.223600
vn 0.138200 -0.953200 -0.268700
vn 0.519200 -0.786500 -0.334400
vn 0.588500 -0.786200 -0.188700
vn 0.287500 -0.953300 -0.092200
vn 0.253900 -0.953300 -0.163500
vn 0.616800 -0.786500 -0.029900
vn 0.604000 -0.786200 0.130800
vn 0.295100 -0.953300 0.063900
vn 0.301700 -0.953300 -0.014600
vn 0.549200 -0.786500 0.282500
vn 0.457600 -0.786200 0.415300
vn 0.223600 -0.953300 0.202900
vn 0.268600 -0.953300 0.138200
vn 0.334400 -0.786500 0.519200
vn 0.188700 -0.786200 0.588400
vn 0.092200 -0.953300 0.287500
vn 0.163500 -0.953200 0.254000
vn 0.029900 -0.786500 0.616800
vn -0.130800 -0.786200 0.604000
vn -0.063900 -0.953300 0.295100
vn 0.014600 -0.953300 0.301700
vn -0.282500 -0.786500 0.549200
vn -0.415300 -0.786200 0.457600
vn -0.202900 -0.953300 0.223600
vn -0.138200 -0.953200 0.268700
vn -0.519200 -0.786500 0.334400
vn -0.254000 -0.953300 0.163500
vn 0.016300 0.998000 0.060500
vn 0.029500 0.998900 0.035100
vn 0.010200 0.995200 0.097000
vn 0.011700 0.998200 0.058400
vn 0.017700 0.998800 0.046000
vn 0.026000 0.999300 0.027000
vn 0.031400 0.999400 0.014900
vn 0.005200 0.999800 0.016100
vn 0.026400 0.999500 0.012800
vn 0.006000 0.999800 0.018900
vn -0.016800 0.999400 0.030300
vn -0.003000 0.999000 0.045200
vn -0.014000 0.999500 0.025800
vn -0.005400 0.999300 0.037100
vn 0.022500 0.998100 0.057700
vn 0.047000 0.995400 0.083700
vn 0.029600 0.997300 0.067800
vn 0.012400 0.998800 0.047700
vn 0.024400 0.998200 0.054300
vn 0.058800 0.990800 0.121900
vn 0.049400 0.986800 0.154100
vn 0.038600 0.995900 0.080900
vn 0.034400 0.993600 0.107400
vn 0.022800 0.990800 0.133500
vn 0.015600 0.995900 0.088300
vn -0.006700 0.998900 0.046700
vn 0.014600 0.998800 0.045600
vn 0.017300 0.998400 0.054100
vn -0.006200 0.998500 0.053500
vn -0.015400 0.999000 0.040700
vn -0.008800 0.999000 0.042700
vn 0.002000 0.999200 0.038900
vn -0.008100 0.999600 0.027500
vn 0.009200 0.999600 0.024900
vn 0.016800 0.999100 0.039900
vn 0.034400 0.997200 0.065700
vn 0.027300 0.998500 0.047200
vn 0.021500 0.997500 0.066900
vn 0.029100 0.995400 0.090800
vn 0.010200 0.997200 0.073400
vn 0.005200 0.998500 0.054300
vn 0.007000 0.999600 0.025600
vn 0.009600 0.999100 0.042200
vn 0.020900 0.999200 0.032800
vn 0.032000 0.999000 0.029600
vn 0.022600 0.999600 0.017600
vn 0.036200 0.999000 0.024100
vn 0.032600 0.998900 0.034100
vn 0.036200 0.998500 0.039900
vn -0.062300 -0.997300 0.039900
vn -0.357500 -0.905300 0.229500
vn -0.409800 -0.902600 0.131300
vn -0.071800 -0.997100 0.023000
vn 0.000000 -1.000000 0.000000
vn 0.000000 -1.000000 0.000000
vn 0.000000 -1.000000 0.000000
vn -0.047400 -0.997500 0.051500
vn -0.275700 -0.912900 0.300900
vn 0.000000 -1.000000 0.000000
vn 0.000000 -1.000000 0.000000
vn 0.000000 -1.000000 0.000000
vn 0.000000 -1.000000 0.000000
vn 0.000000 -1.000000 0.000000
vn 0.000000 -1.000000 0.000000
vn -0.029100 -0.998000 0.055300
vn -0.174300 -0.926800 0.332700
vn 0.000000 -1.000000 0.000000
vn 0.000000 -1.000000 0.000000
vn -0.012200 -0.998400 0.054900
vn -0.074800 -0.938200 0.337800
vn 0.000000 -1.000000 0.000000
vn 0.000000 -1.000000 0.000000
vn 0.000000 -1.000000 0.000000
vn 0.000000 -1.000000 0.000000
vn 0.002600 -0.998500 0.053900
vn 0.016300 -0.942100 0.334800
vn 0.000000 -1.000000 0.000000
vn 0.000000 -1.000000 0.000000
vn 0.016500 -0.998500 0.051600
vn 0.102700 -0.941800 0.320000
vn 0.000000 -1.000000 0.000000
vn 0.000000 -1.000000 0.000000
vn 0.000000 -1.000000 0.000000
vn 0.000000 -1.000000 0.000000
vn 0.026700 -0.998600 0.045200
vn 0.167800 -0.944300 0.282900
vn 0.000000 -1.000000 0.000000
vn 0.000000 -1.000000 0.000000
vn 0.035400 -0.998600 0.038600
vn 0.222000 -0.944700 0.241400
vn 0.000000 -1.000000 0.000000
vn 0.000000 -1.000000 0.000000
vn 0.000000 -1.000000 0.000000
vn 0.000000 -1.000000 0.000000
vn 0.000000 -1.000000 0.000000
vn 0.073100 -0.997300 -0.005300
vn 0.421900 -0.906100 -0.030400
vn 0.407400 -0.910900 0.065400
vn 0.070100 -0.997500 0.011100
vn 0.000000 -1.000000 0.000000
vn 0.000000 -1.000000 0.000000
vn 0.000000 -1.000000 0.000000
vn 0.071700 -0.997100 -0.023000
vn 0.409600 -0.902700 -0.131500
vn 0.000000 -1.000000 0.000000
vn 0.000000 -1.000000 0.000000
vn 0.000000 -1.000000 0.000000
vn 0.000000 -1.000000 0.000000
vn 0.000000 -1.000000 0.000000
vn 0.000000 -1.000000 0.000000
vn 0.063600 -0.997200 -0.038900
vn 0.364800 -0.903800 -0.223500
vn 0.000000 -1.000000 0.000000
vn 0.000000 -1.000000 0.000000
vn 0.053200 -0.997200 -0.052800
vn 0.303800 -0.903500 -0.302300
vn 0.000000 -1.000000 0.000000
vn 0.000000 -1.000000 0.000000
vn 0.000000 -1.000000 0.000000
vn 0.000000 -1.000000 0.000000
vn -0.006300 -0.997200 -0.073800
vn -0.035800 -0.904600 -0.424800
vn 0.051800 -0.904800 -0.422700
vn 0.008900 -0.997200 -0.073600
vn 0.000000 -1.000000 0.000000
vn 0.000000 -1.000000 0.000000
vn 0.000000 -1.000000 0.000000
vn -0.023100 -0.997100 -0.072100
vn -0.131800 -0.902100 -0.410900
vn 0.000000 -1.000000 0.000000
vn 0.000000 -1.000000 0.000000
vn 0.000000 -1.000000 0.000000
vn 0.000000 -1.000000 0.000000
vn 0.000000 -1.000000 0.000000
vn 0.000000 -1.000000 0.000000
vn -0.040900 -0.997100 -0.063500
vn -0.233400 -0.902300 -0.362400
vn 0.000000 -1.000000 0.000000
vn 0.000000 -1.000000 0.000000
vn -0.056000 -0.997100 -0.050800
vn -0.319700 -0.902000 -0.290000
vn 0.000000 -1.000000 0.000000
vn 0.000000 -1.000000 0.000000
vn 0.000000 -1.000000 0.000000
vn 0.000000 -1.000000 0.000000
vn -0.067100 -0.997100 -0.034500
vn -0.383600 -0.902200 -0.197200
vn 0.000000 -1.000000 0.000000
vn 0.000000 -1.000000 0.000000
vn -0.074000 -0.997100 -0.016000
vn -0.421900 -0.902000 -0.091400
vn 0.000000 -1.000000 0.000000
vn 0.000000 -1.000000 0.000000
vn 0.000000 -1.000000 0.000000
vn 0.000000 -1.000000 0.000000
vn -0.075400 -0.997100 0.003600
vn 0.000000 -1.000000 0.000000
vn -0.430400 -0.902400 0.020800
vn 0.000000 -1.000000 0.000000
vn 0.000000 -1.000000 0.000000
vn -0.832100 -0.144200 0.535500
vn -0.942500 -0.142400 0.302200
vn -0.877300 -0.388800 0.281200
vn -0.773100 -0.394300 0.496900
vn -0.613500 -0.414600 0.672100
vn -0.664900 -0.151700 0.731300
vn -0.681100 -0.586900 0.437800
vn -0.775000 -0.581000 0.248400
vn -0.535900 -0.606800 0.587100
vn -0.352900 -0.644500 0.678300
vn -0.157500 -0.679200 0.716900
vn -0.186500 -0.494100 0.849100
vn -0.411100 -0.454500 0.790200
vn -0.452300 -0.168600 0.875800
vn -0.209000 -0.185500 0.960100
vn -0.186300 0.437700 0.879600
vn 0.035200 -0.691300 0.721600
vn 0.220800 -0.690600 0.688700
vn 0.263200 -0.507300 0.820600
vn 0.041900 -0.507900 0.860400
vn -0.074800 -0.938200 0.337800
vn 0.047700 -0.190500 0.980500
vn 0.299800 -0.189200 0.935000
vn 0.367000 -0.696400 0.616700
vn 0.485100 -0.698700 0.525700
vn 0.581300 -0.515300 0.629600
vn 0.439600 -0.510700 0.738800
vn 0.502700 -0.192900 0.842600
vn 0.665700 -0.195200 0.720200
vn 0.807600 -0.587000 -0.057200
vn 0.775000 -0.581000 -0.248700
vn 0.877300 -0.388700 -0.281500
vn 0.917300 -0.392900 -0.065100
vn 0.901000 -0.408200 0.146500
vn 0.788800 -0.601000 0.128500
vn 0.987100 -0.144200 -0.069300
vn 0.942500 -0.142400 -0.302300
vn 0.898600 0.411000 0.153300
vn 0.975600 -0.149300 0.160500
vn 0.693500 -0.581200 -0.425700
vn 0.575600 -0.582300 -0.574100
vn 0.652200 -0.389500 -0.650300
vn 0.785800 -0.387200 -0.482200
vn 0.843400 -0.142600 -0.518000
vn 0.700500 -0.143000 -0.699200
vn 0.650000 0.395800 -0.648700
vn -0.067400 -0.581700 -0.810600
vn -0.248900 -0.579500 -0.776000
vn -0.281500 -0.387300 -0.877900
vn -0.076600 -0.386900 -0.918900
vn 0.113800 -0.390500 -0.913500
vn 0.100500 -0.584200 -0.805400
vn -0.056000 -0.313900 -0.947800
vn -0.283700 -0.369800 -0.884700
vn -0.289400 -0.318600 -0.902600
vn -0.072300 -0.094900 -0.992900
vn 0.126200 0.274000 -0.953400
vn 0.137000 -0.245400 -0.959700
vn -0.441200 -0.579600 -0.685100
vn -0.603600 -0.579400 -0.547600
vn -0.682800 -0.387300 -0.619500
vn -0.499200 -0.387100 -0.775200
vn -0.529500 -0.346000 -0.774500
vn -0.739100 -0.251300 -0.625000
vn -0.533400 -0.149100 -0.832600
vn -0.724700 -0.579500 -0.372800
vn -0.796500 -0.579500 -0.172500
vn -0.901000 -0.387300 -0.195100
vn -0.819900 -0.387100 -0.421700
vn -0.876100 -0.180700 -0.447000
vn -0.967400 -0.142000 -0.209500
vn -0.813700 -0.579900 0.039500
vn -0.920800 -0.387400 0.044700
vn -0.988700 -0.142000 0.048000
vn 0.355300 0.750500 -0.557300
vn 0.493400 0.397600 -0.773600
vn 0.418700 0.402500 -0.814000
vn 0.301300 0.752400 -0.585800
vn 0.224200 0.871600 -0.435900
vn 0.264100 0.871100 -0.414100
vn 0.261700 0.741400 -0.617900
vn 0.343200 0.351300 -0.871000
vn 0.172600 0.741500 -0.648400
vn 0.126300 0.878500 -0.460700
vn 0.198000 0.872300 -0.447100
vn 0.493000 0.794800 0.353800
vn 0.739300 0.440300 0.509400
vn 0.794100 0.438000 0.421300
vn 0.534500 0.789300 0.302000
vn 0.367400 0.902100 0.226300
vn 0.337000 0.905500 0.257800
vn 0.574000 0.779000 0.252300
vn 0.837700 0.422000 0.346400
vn 0.400300 0.896100 0.191400
vn 0.213100 0.959800 0.182400
vn 0.229600 0.959100 0.165700
vn 0.108000 0.987800 0.112000
vn 0.104800 0.987700 0.115900
vn 0.256700 0.955800 0.143200
vn 0.124400 0.987300 0.099000
vn 0.187500 0.937800 -0.292200
vn 0.159100 0.938000 -0.307900
vn 0.094500 0.979900 -0.175700
vn 0.109700 0.980300 -0.163900
vn 0.141600 0.937600 -0.317600
vn 0.094200 0.938000 -0.333400
vn 0.084200 0.979100 -0.184900
vn 0.058200 0.996000 -0.068100
vn 0.053600 0.995400 -0.079000
vn 0.041400 0.998800 -0.025900
vn 0.041100 0.999000 -0.016200
vn 0.046800 0.994900 -0.089000
vn 0.037400 0.998600 -0.037200
vn 0.031700 0.996700 0.074700
vn 0.031600 0.996500 0.077000
vn 0.002300 0.998000 0.062300
vn 0.002700 0.998100 0.061700
vn 0.038000 0.996800 0.069600
vn 0.004700 0.998300 0.058400
vn -0.004000 0.998300 0.058100
vn -0.004100 0.998400 0.056600
vn 0.008300 0.998300 0.058300
vn 0.008100 0.998000 0.061700
vn -0.004500 0.998400 0.055300
vn 0.004800 0.998300 0.058300
vn 0.038900 0.999100 0.018400
vn 0.041000 0.999100 0.011600
vn 0.040500 0.998100 0.045400
vn 0.039500 0.998000 0.048000
vn 0.040700 0.999100 0.002700
vn 0.043400 0.998100 0.042500
vn 0.021000 0.997500 0.067500
vn 0.031000 0.996800 0.074100
vn 0.035000 0.996400 0.076900
vn 0.026400 0.997300 0.067900
vn 0.025500 0.997100 0.071100
vn 0.033200 0.996300 0.079300
vn 0.039100 0.996500 0.073600
vn 0.038000 0.996800 0.070700
vn 0.036900 0.997000 0.068200
vn 0.045900 -0.998500 0.030400
vn 0.000000 -1.000000 0.000000
vn 0.000000 -1.000000 0.000000
vn 0.050100 -0.998400 0.025700
vn 0.312400 -0.936400 0.159900
vn 0.283500 -0.940200 0.188700
vn 0.060300 -0.997900 0.023900
vn 0.000000 -1.000000 0.000000
vn 0.000000 -1.000000 0.000000
vn 0.360100 -0.921800 0.143300
vn 0.312400 -0.936400 0.159900
vn 0.000000 -1.000000 0.000000
vn 0.000000 -1.000000 0.000000
vn 0.000000 -1.000000 0.000000
vn 0.000000 -1.000000 0.000000
vn 0.000000 -1.000000 0.000000
vn 0.000000 -1.000000 0.000000
vn 0.039500 -0.997300 -0.062000
vn 0.000000 -1.000000 0.000000
vn 0.000000 -1.000000 0.000000
vn 0.032000 -0.997500 -0.062100
vn 0.188600 -0.911000 -0.366600
vn 0.227900 -0.905500 -0.357800
vn 0.026100 -0.997200 -0.069500
vn 0.000000 -1.000000 0.000000
vn 0.149300 -0.904600 -0.399200
vn 0.000000 -1.000000 0.000000
vn 0.000000 -1.000000 0.000000
vn 0.000000 -1.000000 0.000000
vn 0.000000 -1.000000 0.000000
vn 0.000000 -1.000000 0.000000
vn 0.000000 -1.000000 0.000000
vn 0.723600 -0.626900 0.288600
vn 0.837600 -0.432700 0.333300
vn 0.789400 -0.463700 0.402200
vn 0.666600 -0.662800 0.341100
vn 0.605400 -0.684700 0.405800
vn 0.720200 -0.499000 0.481900
vn 0.581300 -0.515300 0.629600
vn 0.916300 -0.160100 0.367100
vn 0.875900 -0.176600 0.449000
vn 0.901000 -0.408200 0.146500
vn 0.814100 -0.188200 0.549300
vn 0.282800 -0.584300 -0.760600
vn 0.320900 -0.391000 -0.862600
vn 0.421700 -0.387100 -0.819900
vn 0.369800 -0.588400 -0.719000
vn 0.436400 -0.583900 -0.684500
vn 0.495300 -0.388900 -0.776800
vn 0.347200 -0.177600 -0.920800
vn 0.418700 0.402500 -0.814000
vn 0.452600 -0.144900 -0.879900
vn 0.532200 -0.143500 -0.834300
vn 0.652200 -0.389500 -0.650300
vn 0.421700 -0.387100 -0.819900
vn 0.435700 0.584900 0.684200
vn 0.534500 0.203400 0.820300
vn 0.301700 0.154600 0.940800
vn 0.261600 0.515700 0.815800
vn 0.199700 0.756500 0.622800
vn 0.292100 0.837600 0.461500
vn 0.319500 0.926800 0.197500
vn 0.535500 0.755600 0.377100
vn 0.747100 0.334800 0.574200
vn 0.271600 0.858800 0.434400
vn 0.191500 0.778900 0.597100
vn 0.131300 0.902700 0.409600
vn 0.186200 0.951600 0.244400
vn 0.196800 0.980100 -0.024200
vn 0.295500 0.944500 0.142900
vn 0.583600 0.809800 0.059800
vn 0.873300 0.455400 0.172800
vn 0.359900 0.932300 -0.035200
vn 0.391100 0.881000 -0.266100
vn 0.572800 0.775900 -0.264100
vn 0.822900 0.485500 -0.295000
vn 0.328100 0.937400 -0.116800
vn 0.226200 0.947900 -0.224400
vn 0.251700 0.884400 -0.393000
vn 0.351700 0.872900 -0.338200
vn 0.461500 0.645000 -0.609000
vn 0.589800 0.417200 -0.691400
vn 0.349100 0.753200 -0.557400
vn 0.187300 0.506900 -0.841400
vn 0.224600 0.412800 -0.882700
vn 0.267800 0.300000 -0.915600
vn 0.305200 0.732600 -0.608400
vn 0.223600 0.752100 -0.619900
vn 0.105200 0.474200 -0.874100
vn 0.149100 0.478200 -0.865500
vn -0.048400 0.222600 -0.973700
vn -0.034000 0.209400 -0.977200
vn -0.049300 0.248200 -0.967400
vn -0.301900 0.150800 -0.941300
vn -0.301200 0.163800 -0.939400
vn -0.300300 0.180800 -0.936500
vn -0.067600 0.231800 -0.970400
vn -0.087600 0.194100 -0.977100
vn -0.303700 0.103400 -0.947100
vn -0.302200 0.143900 -0.942300
vn -0.526900 0.222700 -0.820200
vn -0.540600 0.209500 -0.814700
vn -0.522500 0.248100 -0.815700
vn -0.641700 0.506900 -0.575500
vn -0.696100 0.412900 -0.587400
vn -0.750300 0.300100 -0.589100
vn -0.509300 0.231800 -0.828700
vn -0.496900 0.194100 -0.845800
vn -0.594000 0.474200 -0.649900
vn -0.624600 0.478200 -0.617300
vn -0.729700 0.645000 -0.227000
vn -0.881900 0.417200 -0.219400
vn -0.608200 0.753200 -0.250400
vn -0.472900 0.881000 0.011000
vn -0.619600 0.776000 0.118200
vn -0.841000 0.485600 0.238600
vn -0.602000 0.732600 -0.317400
vn -0.542500 0.752100 -0.374200
vn -0.433300 0.884400 -0.173300
vn -0.482800 0.872900 -0.070600
vn -0.439900 0.809800 0.388000
vn -0.609900 0.455500 0.648400
vn -0.313300 0.932300 0.180700
vn -0.145000 0.926800 0.346400
vn -0.216300 0.755500 0.618300
vn -0.273800 0.334800 0.901600
vn -0.334800 0.937400 0.095800
vn -0.314500 0.947900 -0.051000
vn -0.174100 0.980100 0.094700
vn -0.157300 0.944500 0.288200
vn 0.043500 0.584900 0.809900
vn 0.042200 0.203400 0.978100
vn 0.030700 0.837600 0.545300
vn 0.031700 0.858700 0.511400
vn -0.009300 0.951600 0.307100
vn -0.096700 0.984900 -0.143300
vn -0.039800 0.991500 -0.124000
vn -0.044100 0.989500 -0.137500
vn -0.098300 0.982900 -0.155500
vn -0.162500 0.965100 -0.205400
vn -0.162400 0.970300 -0.179300
vn -0.078500 0.996600 -0.024500
vn 0.015900 0.998600 0.049700
vn -0.172000 0.976800 -0.127200
vn -0.248400 0.938400 -0.240100
vn -0.222400 0.941200 -0.254300
vn -0.284700 0.905400 -0.314800
vn -0.328500 0.889600 -0.317300
vn -0.250400 0.947900 -0.196800
vn -0.327600 0.906400 -0.266500
vn -0.005500 0.984800 -0.173500
vn 0.022800 0.969900 -0.242500
vn 0.012700 0.965100 -0.261600
vn -0.010400 0.982900 -0.183700
vn 0.049500 0.996600 -0.065600
vn 0.066000 0.976800 -0.203600
vn 0.049900 0.938800 -0.340600
vn 0.065300 0.891200 -0.448800
vn 0.048500 0.905400 -0.421700
vn 0.033100 0.941200 -0.336200
vn 0.089200 0.947900 -0.305700
vn 0.111500 0.906400 -0.407400
vn 0.076100 0.778600 -0.622900
vn 0.028300 0.481800 -0.875800
vn 0.024200 0.592300 -0.805400
vn 0.053500 0.822000 -0.567000
vn 0.109700 0.818300 -0.564200
vn 0.062400 0.540400 -0.839100
vn -0.452000 0.770100 -0.450100
vn -0.373200 0.822000 -0.430200
vn -0.488100 0.592300 -0.641100
vn -0.561600 0.437200 -0.702400
vn -0.417300 0.818300 -0.395200
vn -0.538700 0.540400 -0.646300
vn -0.505700 0.036900 -0.861900
vn -0.502300 0.077900 -0.861100
vn -0.295600 -0.251400 -0.921600
vn -0.294200 -0.268200 -0.917300
vn -0.498800 0.041100 -0.865700
vn -0.304100 -0.091900 -0.948200
vn -0.092000 0.043100 -0.994800
vn -0.092200 0.077900 -0.992700
vn -0.097700 0.041200 -0.994400
vn -0.113500 0.992900 0.035100
vn -0.577900 0.794100 0.188300
vn -0.579500 0.804900 -0.127200
vn -0.099300 0.994800 -0.023200
vn 0.031100 0.999500 0.010700
vn 0.018800 0.999800 0.000300
vn 0.003300 1.000000 0.005500
vn -0.099400 0.989400 0.106000
vn -0.420400 0.770100 0.479700
vn 0.020400 0.999800 0.006300
vn 0.031100 0.999500 0.010700
vn 0.033600 0.999300 0.015600
vn 0.004500 0.999900 0.012800
vn 0.003300 1.000000 0.005500
vn -0.044300 0.980300 0.192300
vn -0.136700 0.716200 0.684300
vn -0.000500 0.999800 0.020900
vn 0.008800 0.999600 0.027400
vn 0.066000 0.976400 0.205500
vn 0.217700 0.701500 0.678600
vn 0.001700 0.999400 0.033200
vn 0.013100 0.999100 0.041000
vn 0.148300 0.980200 0.131000
vn 0.509800 0.715400 0.477900
vn 0.012500 0.999800 0.016600
vn 0.000500 1.000000 0.006400
vn 0.142500 0.989400 0.028500
vn 0.621800 0.769400 0.146100
vn 0.017900 0.999400 0.028000
vn 0.003700 0.999900 0.013000
vn 0.112600 0.992900 -0.037500
vn 0.580200 0.793600 -0.183100
vn 0.000500 1.000000 0.006400
vn -0.015000 0.999800 0.011200
vn -0.019000 0.999500 0.026800
vn 0.067400 0.994800 -0.076800
vn 0.397900 0.804400 -0.441100
vn -0.013000 0.999800 0.017000
vn -0.018300 0.999300 0.032200
vn -0.019000 0.999500 0.026800
vn 0.022800 0.993400 -0.111900
vn 0.127800 0.780700 -0.611700
vn -0.007600 0.999200 0.039500
vn 0.012600 0.999100 0.039600
vn -0.035800 0.993100 -0.111600
vn -0.193000 0.774800 -0.602000
vn -0.007300 0.998900 0.045200
vn 0.014600 0.998800 0.045400
vn -0.083600 0.993400 -0.077600
vn -0.459400 0.780800 -0.423400
vn 0.029100 0.999200 0.027800
vn 0.032200 0.998900 0.032500
vn -0.728400 0.181000 -0.660800
vn -0.736000 0.111200 -0.667800
vn -0.303600 0.112300 -0.946100
vn -0.300100 0.183100 -0.936100
vn -0.298900 0.203500 -0.932300
vn -0.725400 0.201300 -0.658200
vn -0.956900 0.203400 -0.207200
vn -0.960800 0.183400 -0.208000
vn -0.971200 0.111900 -0.210300
vn -0.698600 0.327800 -0.635900
vn -0.288900 0.322800 -0.901200
vn -0.917800 0.344400 -0.197400
vn 0.208200 0.181500 -0.961100
vn 0.210200 0.110900 -0.971300
vn 0.667800 0.112400 -0.735800
vn 0.660500 0.183600 -0.728000
vn 0.658100 0.202900 -0.725100
vn 0.207300 0.201700 -0.957200
vn 0.198300 0.327600 -0.923700
vn 0.632300 0.343300 -0.694500
vn 0.936400 0.181600 -0.300200
vn 0.946300 0.111100 -0.303500
vn 0.971100 0.112300 0.210300
vn 0.960800 0.183300 0.208000
vn 0.956800 0.203900 0.207300
vn 0.932800 0.200900 -0.299200
vn 0.897300 0.338800 -0.282700
vn 0.921800 0.326800 0.208600
vn 0.728300 0.181200 0.660900
vn 0.736000 0.110800 0.667800
vn 0.303400 0.112000 0.946200
vn 0.300200 0.183100 0.936100
vn 0.298900 0.203600 0.932300
vn 0.725300 0.201700 0.658100
vn 0.702400 0.300600 0.645200
vn 0.291700 0.294200 0.910100
vn -0.208100 0.181300 0.961100
vn -0.210500 0.110700 0.971300
vn -0.667700 0.112400 0.735800
vn -0.660500 0.183600 0.728000
vn -0.657900 0.203500 0.725000
vn -0.207300 0.201500 0.957300
vn -0.196100 0.300800 0.933300
vn -0.628600 0.327000 0.705600
vn -0.936300 0.182100 0.300300
vn -0.946300 0.110900 0.303400
vn -0.932600 0.201600 0.299100
vn -0.894100 0.339600 0.291700
vn -0.956900 0.203400 -0.207200
vn -0.657900 0.203500 0.725000
vn -0.736000 0.111100 -0.667800
vn -0.595800 0.594100 -0.540500
vn -0.246100 0.591800 -0.767500
vn -0.303400 0.111300 -0.946300
vn -0.305300 0.000000 -0.952200
vn -0.740500 0.000000 -0.672000
vn -0.977300 0.000000 -0.211600
vn -0.971200 0.112000 -0.210100
vn -0.787600 0.592100 -0.170700
vn -0.740300 0.030200 -0.671600
vn -0.305200 0.030500 -0.951800
vn -0.976900 0.030000 -0.211500
vn 0.210300 0.111300 -0.971300
vn 0.170300 0.594400 -0.785900
vn 0.540900 0.593200 -0.596200
vn 0.667500 0.114100 -0.735800
vn 0.672000 0.000000 -0.740600
vn 0.211600 0.000000 -0.977300
vn 0.211600 0.029900 -0.976900
vn 0.671700 0.030000 -0.740200
vn 0.946000 0.114200 -0.303200
vn 0.764100 0.596400 -0.245700
vn 0.786900 0.593000 0.170600
vn 0.971100 0.112800 0.210200
vn 0.977300 0.000000 0.211600
vn 0.952200 0.000000 -0.305400
vn 0.951800 0.029700 -0.305200
vn 0.976900 0.030100 0.211500
vn 0.736000 0.110700 0.667800
vn 0.595800 0.594100 0.540500
vn 0.245900 0.592100 0.767400
vn 0.303400 0.111700 0.946300
vn 0.305300 0.000000 0.952200
vn 0.740500 0.000000 0.672000
vn 0.740300 0.030000 0.671600
vn 0.305200 0.030500 0.951800
vn -0.210300 0.111900 0.971200
vn -0.170300 0.594700 0.785700
vn -0.541900 0.592200 0.596400
vn -0.667600 0.112500 0.736000
vn -0.672000 0.000000 0.740600
vn -0.211600 0.000000 0.977300
vn -0.211500 0.030000 0.976900
vn -0.671700 0.030700 0.740200
vn -0.946300 0.110500 0.303600
vn -0.766200 0.593700 0.245800
vn -0.952200 0.000000 0.305400
vn -0.951800 0.029900 0.305200
vn -0.971200 0.111900 -0.210300
vn -0.667700 0.112400 0.735800
vn 0.740600 0.000000 0.672000
vn 0.740600 0.000000 0.672000
vn 0.305400 0.000000 0.952200
vn 0.305400 0.000000 0.952200
vn 0.305300 0.000000 0.952200
vn 0.740500 0.000000 0.672000
vn 0.977300 0.000000 0.211600
vn 0.977300 0.000000 0.211600
vn 0.977300 0.000000 0.211600
vn 0.727700 0.186300 0.660000
vn 0.299500 0.189000 0.935100
vn 0.192000 0.778500 0.597500
vn 0.472000 0.770400 0.428600
vn 0.613900 0.778000 0.133200
vn 0.959700 0.188900 0.207700
vn -0.211600 0.000000 0.977300
vn -0.211600 0.000000 0.977300
vn -0.672000 0.000000 0.740600
vn -0.672000 0.000000 0.740600
vn -0.672000 0.000000 0.740600
vn -0.211600 0.000000 0.977300
vn -0.207600 0.185700 0.960400
vn -0.659900 0.188800 0.727200
vn -0.421800 0.778300 0.465100
vn -0.135300 0.770400 0.622900
vn -0.952200 0.000000 0.305300
vn -0.952200 0.000000 0.305300
vn -0.977300 0.000000 -0.211600
vn -0.977300 0.000000 -0.211600
vn -0.977300 0.000000 -0.211600
vn -0.952200 0.000000 0.305300
vn -0.935900 0.184500 0.299800
vn -0.977300 0.000000 -0.211600
vn -0.960200 0.186500 -0.207700
vn -0.614800 0.777300 -0.133100
vn -0.608100 0.769600 0.194800
vn -0.672000 0.000000 0.740600
vn -0.740600 0.000000 -0.672000
vn -0.740600 0.000000 -0.671900
vn -0.305400 0.000000 -0.952200
vn -0.305400 0.000000 -0.952200
vn -0.305300 0.000000 -0.952200
vn -0.740600 0.000000 -0.672000
vn -0.728000 0.185500 -0.660000
vn -0.300200 0.188500 -0.935100
vn -0.191700 0.778400 -0.597800
vn -0.472300 0.770300 -0.428500
vn 0.211600 0.000000 -0.977300
vn 0.211600 0.000000 -0.977300
vn 0.672000 0.000000 -0.740600
vn 0.672000 0.000000 -0.740600
vn 0.672000 0.000000 -0.740500
vn 0.211700 0.000000 -0.977300
vn 0.208100 0.185200 -0.960400
vn 0.660300 0.186000 -0.727600
vn 0.422700 0.777100 -0.466200
vn 0.134900 0.770100 -0.623500
vn 0.952200 0.000000 -0.305400
vn 0.952200 0.000000 -0.305400
vn 0.952200 0.000000 -0.305300
vn 0.935800 0.184600 -0.300400
vn 0.977300 0.000000 0.211600
vn 0.607700 0.769800 -0.194800
vn 0.672000 0.000000 -0.740500
vn -0.241800 0.967200 0.077600
vn 0.000000 1.000000 0.000000
vn 0.000000 1.000000 0.000000
vn -0.251000 0.966400 -0.054500
vn -0.172900 0.966300 0.190700
vn 0.000000 1.000000 0.000000
vn -0.054000 0.967100 0.248600
vn 0.000000 1.000000 0.000000
vn 0.078300 0.966600 0.244100
vn 0.000000 1.000000 0.000000
vn 0.187900 0.967300 0.170200
vn 0.000000 1.000000 0.000100
vn 0.250500 0.966600 0.054300
vn 0.000000 1.000000 0.000000
vn 0.242500 0.967000 -0.078100
vn 0.000000 1.000000 0.000000
vn 0.173600 0.966100 -0.190800
vn 0.000000 1.000000 0.000000
vn 0.053900 0.967200 -0.248200
vn 0.000000 1.000000 0.000000
vn -0.078300 0.966600 -0.243900
vn 0.000000 1.000000 0.000000
vn -0.188400 0.967200 -0.170500
vn 0.000000 1.000000 -0.000100
vn 0.113900 0.992800 -0.036400
vn 0.112800 0.993300 0.024500
vn 0.000000 1.000000 0.000100
vn 0.000000 1.000000 0.000100
vn 0.000000 1.000000 0.000100
vn 0.077100 0.993400 -0.085100
vn 0.000000 1.000000 0.000000
vn 0.000000 1.000000 0.000000
vn 0.000000 1.000000 0.000000
vn 0.025300 0.992800 -0.117000
vn 0.000000 1.000000 -0.000100
vn 0.000000 1.000000 -0.000100
vn -0.035200 0.993300 -0.109800
vn 0.000000 1.000000 0.000000
vn 0.000000 1.000000 0.000000
vn -0.088600 0.992800 -0.080500
vn 0.000000 1.000000 -0.000100
vn 0.000000 1.000000 -0.000100
vn -0.112300 0.993300 -0.024400
vn 0.000000 1.000000 0.000100
vn 0.000000 1.000000 0.000000
vn -0.114000 0.992800 0.036600
vn 0.000000 1.000000 0.000000
vn 0.000000 1.000000 0.000000
vn -0.077500 0.993300 0.085200
vn 0.000000 1.000000 0.000000
vn 0.000000 1.000000 0.000000
vn -0.025200 0.992800 0.117000
vn 0.000000 1.000000 0.000100
vn 0.000000 1.000000 0.000100
vn 0.035200 0.993300 0.109900
vn 0.000000 1.000000 0.000000
vn 0.000000 1.000000 0.000000
vn 0.089000 0.992700 0.080700
vn 0.000000 1.000000 0.000100
vn 0.000000 1.000000 -0.000100
vn -0.677300 -0.000800 0.735700
vn -0.670700 0.088000 0.736400
vn -0.307200 0.078100 0.948400
vn -0.313200 0.024500 0.949300
vn -0.314800 0.011900 0.949100
vn -0.678300 -0.021500 0.734400
vn -0.950100 -0.065200 0.305100
vn -0.951000 -0.038000 0.306700
vn -0.947800 0.079900 0.308600
vn -0.680200 -0.023300 0.732600
vn -0.314800 0.011900 0.949100
vn -0.318100 0.007200 0.948000
vn -0.949600 -0.067400 0.305900
vn 0.019800 0.036600 0.999100
vn 0.022500 0.063800 0.997700
vn 0.304800 0.058000 0.950600
vn 0.305100 0.039700 0.951500
vn 0.305200 0.035600 0.951600
vn 0.019000 0.030200 0.999400
vn 0.016900 0.022700 0.999600
vn 0.305200 0.026900 0.951900
vn 0.565000 0.036500 0.824300
vn 0.562000 0.063800 0.824700
vn 0.801500 0.078000 0.592800
vn 0.806900 0.024400 0.590100
vn 0.808000 0.011900 0.589000
vn 0.565700 0.030300 0.824100
vn 0.567500 0.022800 0.823000
vn 0.810100 0.007200 0.586200
vn 0.978800 -0.000700 0.204600
vn 0.973900 0.088000 0.209000
vn 0.950500 0.080100 -0.300100
vn 0.952000 -0.037800 -0.303600
vn 0.950300 -0.065200 -0.304300
vn 0.978900 -0.021500 0.202900
vn 0.979400 -0.023300 0.200400
vn 0.950300 -0.065200 -0.304300
vn 0.950500 -0.067400 -0.303400
vn 0.808000 0.011900 0.589000
vn 0.677300 -0.070700 -0.732300
vn 0.677400 0.052400 -0.733800
vn 0.312500 0.021600 -0.949600
vn 0.313500 -0.089600 -0.945300
vn 0.312900 -0.115600 -0.942700
vn 0.675400 -0.099200 -0.730700
vn 0.950500 0.080100 -0.300100
vn 0.678000 -0.106200 -0.727300
vn 0.316600 -0.129200 -0.939700
vn -0.018900 -0.097800 -0.995000
vn -0.020200 0.000600 -0.999800
vn -0.305300 -0.005800 -0.952200
vn -0.303800 -0.100000 -0.947400
vn -0.303100 -0.122200 -0.945100
vn -0.018700 -0.120900 -0.992500
vn -0.016200 -0.139400 -0.990100
vn -0.302200 -0.142500 -0.942500
vn -0.563300 -0.097700 -0.820400
vn -0.565000 0.000700 -0.825000
vn -0.806600 0.021800 -0.590700
vn -0.804800 -0.089600 -0.586600
vn -0.802800 -0.115600 -0.584900
vn -0.562000 -0.120900 -0.818300
vn -0.562600 -0.139400 -0.814900
vn -0.804000 -0.129200 -0.580300
vn -0.976800 -0.070800 -0.201800
vn -0.977800 0.052300 -0.202900
vn -0.974400 -0.099200 -0.201600
vn -0.802800 -0.115600 -0.584900
vn -0.974500 -0.106200 -0.197400
vn -0.658100 0.215200 0.721500
vn -0.922300 0.245400 0.298400
vn -0.904600 0.316300 0.285700
vn -0.653200 0.273900 0.705900
vn -0.304000 0.196300 0.932200
vn -0.303300 0.156900 0.939900
vn -0.649100 0.298300 0.699800
vn -0.898500 0.340400 0.277000
vn -0.296600 0.212700 0.931000
vn 0.023500 0.104900 0.994200
vn 0.023400 0.125600 0.991800
vn 0.303800 0.099800 0.947400
vn 0.304200 0.086100 0.948700
vn 0.029700 0.134100 0.990500
vn 0.303700 0.105700 0.946900
vn 0.559000 0.104900 0.822500
vn 0.557800 0.125600 0.820400
vn 0.789500 0.196400 0.581500
vn 0.793400 0.156800 0.588200
vn 0.551900 0.134100 0.823100
vn 0.782700 0.212700 0.584800
vn 0.955000 0.215100 0.204200
vn 0.941900 0.274100 0.194400
vn 0.902000 0.316300 -0.293700
vn 0.923900 0.245400 -0.293600
vn 0.935000 0.298200 0.191800
vn 0.892100 0.340300 -0.297200
vn 0.659500 0.225000 -0.717200
vn 0.643300 0.299000 -0.704800
vn 0.299400 0.247700 -0.921400
vn 0.306000 0.178700 -0.935100
vn 0.312500 0.021600 -0.949600
vn 0.633700 0.315700 -0.706200
vn 0.290600 0.254700 -0.922300
vn -0.020600 0.139800 -0.989900
vn -0.021100 0.202000 -0.979100
vn -0.300000 0.187000 -0.935400
vn -0.302800 0.127400 -0.944500
vn -0.025200 0.202900 -0.978900
vn -0.300000 0.186200 -0.935600
vn -0.559000 0.139800 -0.817300
vn -0.552200 0.202000 -0.808800
vn -0.779400 0.247700 -0.575500
vn -0.792800 0.178900 -0.582600
vn -0.548800 0.202900 -0.811000
vn -0.772800 0.254700 -0.581300
vn -0.953600 0.225100 -0.199900
vn -0.933200 0.299100 -0.199100
vn -0.926200 0.315700 -0.206000
vt 1.675700 2.597700
vt 1.667100 2.579700
vt 1.667800 2.578400
vt 1.676400 2.596900
vt 1.682700 2.616600
vt 1.682000 2.616800
vt 1.680800 2.617300
vt 1.674600 2.598900
vt 1.666000 2.581600
vt 1.655300 2.563300
vt 1.642100 2.549100
vt 1.642500 2.547300
vt 1.655900 2.561800
vt 1.654400 2.565700
vt 1.641500 2.552000
vt 1.589200 2.652600
vt 1.595200 2.674300
vt 1.594200 2.675200
vt 1.588000 2.652900
vt 1.584600 2.635500
vt 1.585700 2.632500
vt 1.587600 2.632800
vt 1.590800 2.652200
vt 1.596600 2.673100
vt 1.604000 2.694500
vt 1.613900 2.711100
vt 1.611400 2.711400
vt 1.603300 2.696100
vt 1.605100 2.692500
vt 1.614600 2.708200
vt 1.663200 2.753100
vt 1.679200 2.756700
vt 1.682000 2.764900
vt 1.665300 2.759700
vt 1.647900 2.744700
vt 1.646800 2.740700
vt 1.645900 2.735400
vt 1.661100 2.745500
vt 1.676100 2.747500
vt 1.687400 2.736800
vt 1.690500 2.707100
vt 1.692900 2.703500
vt 1.689600 2.743600
vt 1.684500 2.729400
vt 1.688200 2.702600
vt 1.691100 2.681200
vt 1.689700 2.658100
vt 1.690700 2.659400
vt 1.692400 2.683600
vt 1.689300 2.678600
vt 1.688200 2.656700
vt 1.686700 2.636800
vt 1.687500 2.637300
vt 1.685400 2.636400
vt 1.683100 2.636400
vt 1.685700 2.655500
vt 1.681700 2.654300
vt 1.679400 2.636700
vt 1.675300 2.620000
vt 1.678700 2.618200
vt 1.686400 2.675800
vt 1.684900 2.697600
vt 1.680100 2.693100
vt 1.682000 2.672600
vt 1.680900 2.721500
vt 1.672700 2.737700
vt 1.669900 2.729400
vt 1.676900 2.715700
vt 1.659000 2.736800
vt 1.645300 2.728700
vt 1.645000 2.720000
vt 1.658200 2.729000
vt 1.607000 2.689400
vt 1.616000 2.704100
vt 1.599000 2.671200
vt 1.602600 2.668400
vt 1.610000 2.685000
vt 1.618300 2.698200
vt 1.593500 2.651400
vt 1.590500 2.632900
vt 1.595000 2.633200
vt 1.597600 2.650300
vt 1.652900 2.569700
vt 1.640300 2.556700
vt 1.664200 2.584600
vt 1.661600 2.589200
vt 1.650900 2.575900
vt 1.636700 2.562300
vt 1.672600 2.600900
vt 1.669500 2.604000
vt 1.665000 2.608700
vt 1.657800 2.596000
vt 1.670200 2.622700
vt 1.664000 2.626100
vt 1.659500 2.614600
vt 1.653500 2.604300
vt 1.648500 2.584900
vt 1.637700 2.576200
vt 1.646000 2.595700
vt 1.637500 2.589400
vt 1.625900 2.570700
vt 1.615200 2.571600
vt 1.610400 2.557600
vt 1.622000 2.557200
vt 1.628600 2.586100
vt 1.620500 2.587400
vt 1.607900 2.582000
vt 1.603500 2.595200
vt 1.596300 2.586000
vt 1.602800 2.569300
vt 1.614600 2.594800
vt 1.610900 2.604000
vt 1.603600 2.648600
vt 1.607900 2.664400
vt 1.601300 2.633700
vt 1.608900 2.634500
vt 1.610700 2.646700
vt 1.614200 2.659700
vt 1.614500 2.678800
vt 1.621700 2.690200
vt 1.619600 2.671400
vt 1.625600 2.680600
vt 1.675700 2.668800
vt 1.675700 2.653000
vt 1.674100 2.683000
vt 1.666500 2.678100
vt 1.668400 2.664400
vt 1.668600 2.651400
vt 1.673900 2.637500
vt 1.667100 2.638500
vt 1.659900 2.639500
vt 1.661000 2.649200
vt 1.656000 2.647700
vt 1.653300 2.641500
vt 1.650900 2.634000
vt 1.657400 2.630100
vt 1.660800 2.659000
vt 1.659200 2.667800
vt 1.652300 2.659400
vt 1.653900 2.652700
vt 1.656200 2.675000
vt 1.660700 2.684600
vt 1.655900 2.689900
vt 1.652100 2.679800
vt 1.648900 2.671600
vt 1.650200 2.665700
vt 1.646900 2.681800
vt 1.650100 2.692600
vt 1.643900 2.696000
vt 1.642000 2.681600
vt 1.640700 2.668300
vt 1.644700 2.669600
vt 1.624900 2.663500
vt 1.629300 2.670500
vt 1.620900 2.654800
vt 1.626800 2.650500
vt 1.629600 2.657400
vt 1.631200 2.663700
vt 1.618300 2.645000
vt 1.617000 2.635800
vt 1.622100 2.637300
vt 1.624700 2.643000
vt 1.621000 2.607400
vt 1.618200 2.613600
vt 1.625500 2.602300
vt 1.628500 2.611700
vt 1.627100 2.617900
vt 1.625300 2.623100
vt 1.631200 2.601100
vt 1.637500 2.603000
vt 1.637700 2.616200
vt 1.632900 2.614400
vt 1.643600 2.607400
vt 1.649100 2.613600
vt 1.646400 2.619900
vt 1.642300 2.618800
vt 1.653800 2.621300
vt 1.648100 2.626700
vt 1.644600 2.659600
vt 1.640000 2.656200
vt 1.638900 2.641800
vt 1.646100 2.651700
vt 1.632700 2.624500
vt 1.638000 2.627900
vt 1.631700 2.631400
vt 1.643000 2.628800
vt 1.645300 2.637600
vt 1.648900 2.645600
vt 1.106900 1.081600
vt 1.106500 1.085900
vt 1.138800 1.181600
vt 1.139500 1.178800
vt 1.140000 1.176100
vt 1.107100 1.077300
vt 1.064000 0.950300
vt 1.064000 0.955700
vt 1.063900 0.961000
vt 1.104200 1.077400
vt 1.137700 1.176400
vt 1.135600 1.177200
vt 1.101500 1.078200
vt 1.057700 0.950900
vt 1.060700 0.950100
vt 1.099400 1.080600
vt 1.133800 1.179000
vt 1.132200 1.181300
vt 1.097500 1.083700
vt 1.053400 0.957300
vt 1.055400 0.953600
vt 1.100100 1.086200
vt 1.134000 1.182500
vt 1.136000 1.183500
vt 1.102700 1.088400
vt 1.059500 0.963900
vt 1.056400 0.960700
vt 1.105500 1.090400
vt 1.138000 1.184300
vt 1.140100 1.184900
vt 1.108400 1.092100
vt 1.066200 0.969300
vt 1.062800 0.966700
vt 1.108000 1.093900
vt 1.139600 1.186100
vt 1.138900 1.186900
vt 1.107300 1.095000
vt 1.065300 0.972800
vt 1.065900 0.971500
vt 1.106200 1.095000
vt 1.138000 1.187100
vt 1.137000 1.187000
vt 1.105000 1.094400
vt 1.062700 0.971700
vt 1.064100 0.972700
vt 1.105800 1.090200
vt 1.138000 1.184300
vt 1.063400 0.966400
vt 1.007300 0.802800
vt 1.006600 0.807600
vt 1.007800 0.798100
vt 0.953800 0.640900
vt 0.953000 0.643600
vt 0.959600 0.669100
vt 1.007800 0.808500
vt 1.008800 0.808700
vt 0.943600 0.622800
vt 0.944400 0.623400
vt 0.945100 0.623500
vt 1.009300 0.807500
vt 1.009600 0.805600
vt 0.945400 0.622700
vt 0.945600 0.621400
vt 1.006500 0.803400
vt 1.003500 0.801000
vt 0.961600 0.667800
vt 0.951400 0.644700
vt 0.949400 0.643900
vt 1.000800 0.798300
vt 0.998200 0.795400
vt 0.947600 0.642700
vt 0.946000 0.641500
vt 1.000100 0.792100
vt 1.002300 0.789700
vt 0.947900 0.639200
vt 0.949900 0.637400
vt 1.005000 0.788800
vt 1.008000 0.788800
vt 0.952200 0.636400
vt 0.954600 0.635700
vt 1.008000 0.793500
vt 0.954300 0.638300
vt 0.918300 0.533400
vt 0.917300 0.533000
vt 0.919100 0.533900
vt 0.892500 0.457700
vt 0.891200 0.453700
vt 0.889500 0.449700
vt 0.917300 0.535600
vt 0.915400 0.537100
vt 0.895800 0.480300
vt 0.897300 0.478400
vt 0.898800 0.475700
vt 0.913400 0.538200
vt 0.911300 0.539100
vt 0.891400 0.480700
vt 0.893900 0.480700
vt 0.911500 0.537900
vt 0.911900 0.536600
vt 0.882700 0.454300
vt 0.883900 0.458500
vt 0.885200 0.462500
vt 0.912600 0.534800
vt 0.913200 0.533000
vt 0.881300 0.444400
vt 0.882000 0.449400
vt 0.913300 0.531500
vt 0.913200 0.530800
vt 0.888500 0.459000
vt 0.888600 0.461200
vt 0.913600 0.531300
vt 0.914400 0.532200
vt 0.884800 0.442100
vt 0.889700 0.460400
vt 0.915800 0.532700
vt 0.887300 0.445900
vt 0.885000 0.442600
vt 0.882600 0.438100
vt 0.884700 0.442100
vt 0.887100 0.446900
vt 0.885400 0.445200
vt 0.883500 0.441000
vt 0.880100 0.432600
vt 0.879800 0.431700
vt 0.878100 0.428700
vt 0.880500 0.434000
vt 0.876800 0.424100
vt 0.874800 0.419200
vt 0.878700 0.432400
vt 0.880500 0.439500
vt 0.876400 0.424400
vt 0.879600 0.434600
vt 0.881500 0.444900
vt 0.882600 0.449900
vt 0.881400 0.444300
vt 0.879000 0.433300
vt 0.881600 0.442300
vt 0.882800 0.447000
vt 0.883800 0.454000
vt 0.885100 0.456900
vt 0.883800 0.450600
vt 0.884900 0.453100
vt 0.886800 0.458400
vt 0.888300 0.458400
vt 0.886100 0.454600
vt 0.887100 0.454800
vt 0.889300 0.456800
vt 0.889500 0.454000
vt 0.887600 0.453600
vt 0.887500 0.451400
vt 0.888700 0.450700
vt 0.886700 0.448600
vt 0.885800 0.448200
vt 0.884800 0.445700
vt 0.886400 0.450200
vt 0.885900 0.449800
vt 0.885500 0.448500
vt 0.884900 0.447000
vt 0.886600 0.451900
vt 0.886400 0.452800
vt 0.886000 0.451600
vt 0.886100 0.451000
vt 0.885700 0.452500
vt 0.884900 0.451200
vt 0.885000 0.450400
vt 0.885600 0.451300
vt 0.884100 0.449300
vt 0.883400 0.446700
vt 0.884100 0.447600
vt 0.884500 0.449100
vt 0.882500 0.443400
vt 0.881300 0.439300
vt 0.883000 0.443900
vt 0.883600 0.445800
vt 0.879700 0.434100
vt 0.879000 0.431300
vt 0.882300 0.440800
vt 0.882500 0.441900
vt 0.880100 0.433900
vt 0.882000 0.438800
vt 0.883500 0.443600
vt 0.882700 0.441800
vt 0.883600 0.442600
vt 0.884200 0.445400
vt 0.884600 0.447100
vt 0.884300 0.446300
vt 0.884900 0.447900
vt 0.885000 0.448600
vt 0.884900 0.448300
vt 0.884800 0.448100
vt 0.884000 0.445700
vt 0.883900 0.445500
vt 0.884500 0.447300
vt 0.884400 0.447200
vt 0.883900 0.445800
vt 0.884000 0.446500
vt 0.884500 0.447300
vt 0.884700 0.448100
vt 0.884300 0.447300
vt 0.884500 0.448200
vt 0.884800 0.448300
vt 0.884900 0.448700
vt 0.884800 0.449100
vt 0.885100 0.449800
vt 0.885000 0.449100
vt 0.885100 0.449300
vt 0.885400 0.450500
vt 0.885700 0.450700
vt 0.885300 0.449900
vt 0.885500 0.450100
vt 0.885700 0.450300
vt 0.885500 0.449600
vt 0.885400 0.449900
vt 0.885200 0.449200
vt 0.885300 0.448800
vt 0.885100 0.449000
vt 0.885200 0.448900
vt 0.885100 0.448600
vt 0.885300 0.449400
vt 0.885300 0.449200
vt 0.885300 0.449100
vt 0.885200 0.448800
vt 0.885100 0.448600
vt 0.885300 0.449600
vt 0.885300 0.449800
vt 0.885300 0.449600
vt 0.885300 0.449400
vt 0.885200 0.449700
vt 0.885100 0.449400
vt 0.885000 0.449200
vt 0.885200 0.449500
vt 0.885000 0.449000
vt 0.885200 0.449400
vt 0.884800 0.448700
vt 0.884800 0.448800
vt 0.884900 0.449000
vt 0.885000 0.449300
vt 0.884800 0.448400
vt 0.884700 0.448000
vt 0.884700 0.448200
vt 0.884700 0.448300
vt 0.884700 0.448500
vt 0.884700 0.448000
vt 0.884700 0.447800
vt 0.884700 0.448000
vt 0.884700 0.448100
vt 0.884700 0.447900
vt 0.884800 0.448000
vt 0.884900 0.448200
vt 0.884800 0.448100
vt 0.885000 0.448300
vt 0.884800 0.447900
vt 0.885000 0.448300
vt 0.884900 0.448100
vt 1.563100 2.418600
vt 1.575800 2.454200
vt 1.576500 2.455000
vt 1.564100 2.419500
vt 1.541200 2.353100
vt 1.540200 2.352300
vt 1.539200 2.351400
vt 1.562200 2.417700
vt 1.575000 2.453400
vt 1.563700 2.420100
vt 1.576100 2.455800
vt 1.575600 2.456300
vt 1.563300 2.420600
vt 1.540500 2.354200
vt 1.540900 2.353700
vt 1.562800 2.420800
vt 1.574900 2.456500
vt 1.574200 2.456400
vt 1.562200 2.420700
vt 1.539400 2.354300
vt 1.539900 2.354300
vt 1.562300 2.419100
vt 1.574300 2.455100
vt 1.574300 2.453800
vt 1.562400 2.417600
vt 1.539700 2.351000
vt 1.539500 2.352700
vt 1.562400 2.416000
vt 1.574400 2.452400
vt 1.573100 2.446300
vt 1.562500 2.414400
vt 1.539800 2.347400
vt 1.539800 2.349200
vt 1.561800 2.414300
vt 1.576200 2.456800
vt 1.575800 2.456900
vt 1.561200 2.414400
vt 1.538100 2.347500
vt 1.538900 2.347300
vt 1.576800 2.456900
vt 1.560700 2.415000
vt 1.575500 2.457300
vt 1.575200 2.458000
vt 1.560400 2.415800
vt 1.537100 2.349200
vt 1.537600 2.348200
vt 1.561300 2.416800
vt 1.574200 2.452600
vt 1.538100 2.350300
vt 1.571600 2.447300
vt 1.500400 2.235600
vt 1.501400 2.236000
vt 1.443400 2.065100
vt 1.442400 2.065400
vt 1.441300 2.065600
vt 1.499200 2.235200
vt 1.500900 2.236800
vt 1.500300 2.237400
vt 1.441600 2.066800
vt 1.442500 2.066000
vt 1.499600 2.237700
vt 1.498800 2.237800
vt 1.439500 2.067600
vt 1.440600 2.067300
vt 1.499300 2.236400
vt 1.499700 2.234900
vt 1.441100 2.065700
vt 1.440300 2.066700
vt 1.500000 2.233200
vt 1.500300 2.231500
vt 1.442600 2.063300
vt 1.441900 2.064600
vt 1.499300 2.231400
vt 1.498300 2.231600
vt 1.440500 2.063600
vt 1.441500 2.063300
vt 1.497600 2.232500
vt 1.497000 2.233800
vt 1.439000 2.065800
vt 1.439700 2.064500
vt 1.498100 2.234500
vt 1.440200 2.065700
vt 1.364900 1.838200
vt 1.365600 1.837000
vt 1.292500 1.622900
vt 1.291800 1.624100
vt 1.291100 1.625300
vt 1.364100 1.839300
vt 1.364400 1.837800
vt 1.363100 1.838600
vt 1.289500 1.624800
vt 1.291000 1.623800
vt 1.361900 1.839500
vt 1.360600 1.840300
vt 1.286600 1.626900
vt 1.288100 1.625800
vt 1.361700 1.840300
vt 1.362900 1.840100
vt 1.288800 1.626800
vt 1.287700 1.626800
vt 1.364100 1.839800
vt 1.365300 1.839400
vt 1.291600 1.626400
vt 1.290200 1.626600
vt 1.364500 1.839800
vt 1.363700 1.840200
vt 1.290500 1.627500
vt 1.291100 1.627000
vt 1.362900 1.840800
vt 1.362200 1.841500
vt 1.289200 1.628100
vt 1.289800 1.627800
vt 1.363200 1.840400
vt 1.290200 1.626600
vt 1.247100 1.493200
vt 1.248500 1.493900
vt 1.223600 1.422100
vt 1.221600 1.419800
vt 1.219700 1.417700
vt 1.245700 1.492600
vt 1.206400 1.378200
vt 1.207900 1.379800
vt 1.198400 1.355000
vt 1.197500 1.354800
vt 1.196700 1.354800
vt 1.204900 1.376700
vt 1.247100 1.495700
vt 1.245600 1.497100
vt 1.221200 1.426200
vt 1.222500 1.424500
vt 1.207200 1.381600
vt 1.206300 1.382800
vt 1.197200 1.356200
vt 1.197800 1.355700
vt 1.243900 1.497800
vt 1.242000 1.498200
vt 1.217400 1.426200
vt 1.219500 1.426600
vt 1.205000 1.383000
vt 1.203600 1.382700
vt 1.195700 1.356700
vt 1.196500 1.356600
vt 1.242500 1.496300
vt 1.243100 1.494400
vt 1.217400 1.419200
vt 1.217400 1.422600
vt 1.203700 1.380000
vt 1.203800 1.377400
vt 1.196600 1.354900
vt 1.196100 1.355800
vt 1.243900 1.492600
vt 1.244900 1.490900
vt 1.218100 1.413000
vt 1.217700 1.416000
vt 1.204000 1.375100
vt 1.204300 1.372900
vt 1.197600 1.353400
vt 1.197100 1.354100
vt 1.244300 1.491100
vt 1.243600 1.491400
vt 1.216600 1.412800
vt 1.217300 1.412800
vt 1.203600 1.372800
vt 1.202900 1.373000
vt 1.196400 1.354100
vt 1.197000 1.353700
vt 1.243100 1.491900
vt 1.242600 1.492500
vt 1.215800 1.414600
vt 1.216200 1.413600
vt 1.202400 1.373600
vt 1.202000 1.374400
vt 1.195300 1.354900
vt 1.195900 1.354500
vt 1.244200 1.492500
vt 1.217700 1.416000
vt 1.203400 1.375500
vt 1.196000 1.354800
vt 1.190300 1.338000
vt 1.190800 1.337100
vt 1.181800 1.309300
vt 1.181200 1.310700
vt 1.180600 1.312000
vt 1.189800 1.338800
vt 1.163500 1.258600
vt 1.164200 1.256700
vt 1.162600 1.260500
vt 1.190400 1.338600
vt 1.181300 1.312000
vt 1.181900 1.311700
vt 1.191000 1.338300
vt 1.163400 1.260400
vt 1.164100 1.260200
vt 1.191500 1.337900
vt 1.182300 1.311200
vt 1.182800 1.310600
vt 1.192000 1.337400
vt 1.164700 1.259600
vt 1.165200 1.258800
vt 1.191200 1.337400
vt 1.181600 1.310400
vt 1.180500 1.310100
vt 1.190400 1.337400
vt 1.163600 1.258500
vt 1.162100 1.258100
vt 1.189700 1.337400
vt 1.179400 1.309600
vt 1.178400 1.309100
vt 1.188900 1.337300
vt 1.160700 1.257500
vt 1.159300 1.256800
vt 1.189500 1.336600
vt 1.179200 1.307900
vt 1.180200 1.307000
vt 1.190200 1.336000
vt 1.160500 1.255100
vt 1.161900 1.253800
vt 1.191000 1.335700
vt 1.181300 1.306500
vt 1.182600 1.306300
vt 1.191800 1.335400
vt 1.163500 1.253100
vt 1.165200 1.252800
vt 1.191300 1.336300
vt 1.182200 1.307800
vt 1.164800 1.254800
vt 0.885000 0.448500
vt 0.884900 0.448300
vt 0.885100 0.448600
vt 0.885000 0.448700
vt 0.885000 0.448600
vt 0.884900 0.448500
vt 0.884900 0.448200
vt 0.884800 0.448200
vt 0.884900 0.448400
vt 0.884900 0.448400
vt 0.884800 0.448300
vt 0.884800 0.448400
vt 0.884900 0.448400
vt 0.884900 0.448500
vt 0.884800 0.448600
vt 0.884900 0.448800
vt 0.884900 0.448700
vt 0.884900 0.448800
vt 0.884900 0.449000
vt 0.885000 0.449100
vt 0.885000 0.448900
vt 0.885000 0.449000
vt 0.885100 0.449300
vt 0.885200 0.449300
vt 0.885100 0.449100
vt 0.885100 0.449200
vt 0.885200 0.449200
vt 0.885200 0.449000
vt 0.885100 0.449100
vt 0.885100 0.448900
vt 0.885100 0.448800
vt 0.885100 0.448800
vt 0.884900 0.448500
vt 0.884900 0.448600
vt 0.885000 0.448600
vt 0.885000 0.448700
vt 0.884900 0.448800
vt 0.885000 0.448900
vt 0.885100 0.449000
vt 0.885000 0.448800
vt 0.885000 0.448700
vt -0.819700 3.446100
vt -0.824800 3.458300
vt -0.854100 3.444000
vt -0.844900 3.422700
vt -0.831900 3.404800
vt -0.812400 3.435900
vt -0.797400 3.459800
vt -0.800400 3.464100
vt -0.802400 3.469200
vt -0.826700 3.472200
vt -0.857100 3.468500
vt -0.803300 3.475000
vt -0.803000 3.480900
vt -0.825900 3.486800
vt -0.855600 3.494400
vt -0.823200 3.501000
vt -0.818100 3.513500
vt -0.842300 3.542000
vt -0.851000 3.519800
vt -0.801800 3.486700
vt -0.799600 3.491700
vt -0.810300 3.522900
vt -0.828300 3.558400
vt -0.796400 3.495700
vt -0.792600 3.498500
vt -0.800600 3.529500
vt -0.811100 3.569900
vt -0.790200 3.533500
vt -0.779700 3.533700
vt -0.774000 3.578000
vt -0.792600 3.577300
vt -0.788400 3.499900
vt -0.784100 3.499800
vt -0.769700 3.528800
vt -0.756400 3.569200
vt -0.780000 3.497900
vt -0.776300 3.494700
vt -0.760700 3.520300
vt -0.740300 3.553800
vt -0.752800 3.509600
vt -0.747400 3.496700
vt -0.716200 3.512100
vt -0.726100 3.534800
vt -0.773300 3.490200
vt -0.771200 3.484900
vt -0.745400 3.482000
vt -0.712900 3.485900
vt -0.770300 3.479000
vt -0.770500 3.472900
vt -0.746300 3.466500
vt -0.714600 3.458200
vt -0.749200 3.451400
vt -0.754600 3.438200
vt -0.729200 3.407300
vt -0.719700 3.431000
vt -0.771800 3.467000
vt -0.774100 3.461800
vt -0.763100 3.428400
vt -0.744400 3.390100
vt -0.777300 3.457800
vt -0.781300 3.455100
vt -0.773200 3.422500
vt -0.762800 3.379800
vt -0.783900 3.420500
vt -0.781900 3.376700
vt -0.785500 3.454100
vt -0.789800 3.454600
vt -0.794400 3.422300
vt -0.800400 3.380300
vt -0.803900 3.427700
vt -0.817000 3.390100
vt -0.793800 3.456500
vt -0.789900 3.467900
vt -0.788100 3.467200
vt -0.787800 3.470100
vt -0.789000 3.470600
vt -0.790100 3.471600
vt -0.791500 3.469300
vt -0.786200 3.467200
vt -0.784400 3.467800
vt -0.785200 3.470500
vt -0.786500 3.470100
vt -0.782900 3.469100
vt -0.781600 3.470800
vt -0.783200 3.472600
vt -0.784100 3.471400
vt -0.780600 3.472900
vt -0.780000 3.475300
vt -0.782100 3.475800
vt -0.782500 3.474100
vt -0.780000 3.477800
vt -0.780400 3.480300
vt -0.782300 3.479400
vt -0.782000 3.477600
vt -0.781200 3.482700
vt -0.782400 3.484600
vt -0.783800 3.482300
vt -0.782900 3.481000
vt -0.784000 3.485900
vt -0.785800 3.486600
vt -0.786100 3.483800
vt -0.784900 3.483200
vt -0.787600 3.486700
vt -0.789400 3.486200
vt -0.788700 3.483400
vt -0.787400 3.483800
vt -0.791000 3.485000
vt -0.792400 3.483200
vt -0.790800 3.481400
vt -0.789800 3.482600
vt -0.793400 3.481100
vt -0.794000 3.478600
vt -0.791900 3.478100
vt -0.791500 3.479800
vt -0.794000 3.476100
vt -0.793600 3.473500
vt -0.791600 3.474500
vt -0.791900 3.476300
vt -0.792800 3.471200
vt -0.791000 3.472900
vt 1.671100 2.693300
vt 1.666300 2.690000
vt 1.674100 2.701600
vt 1.670000 2.706800
vt 1.668000 2.700400
vt 1.664900 2.697000
vt 1.662100 2.691700
vt 1.657900 2.695500
vt 1.661900 2.696700
vt 1.659000 2.698400
vt 1.653400 2.698200
vt 1.650000 2.702100
vt 1.656400 2.700800
vt 1.654800 2.704500
vt 1.649300 2.709300
vt 1.652200 2.717500
vt 1.643200 2.707900
vt 1.654900 2.710000
vt 1.657300 2.716000
vt 1.659900 2.724200
vt 1.668200 2.724800
vt 1.662400 2.721300
vt 1.667400 2.722500
vt 1.673100 2.714700
vt 1.669900 2.715900
vt 1.658400 2.702600
vt 1.659800 2.700600
vt 1.660300 2.702100
vt 1.659700 2.703700
vt 1.659700 2.706700
vt 1.657800 2.705900
vt 1.658500 2.710400
vt 1.660600 2.710600
vt 1.662200 2.714800
vt 1.660500 2.715200
vt 1.663800 2.719600
vt 1.664500 2.718500
vt 1.666500 2.719800
vt 1.666800 2.720900
vt 1.668000 2.716500
vt 1.666900 2.716700
vt 1.666300 2.711800
vt 1.667600 2.710000
vt 1.666000 2.704800
vt 1.663900 2.701400
vt 1.664900 2.707300
vt 1.663200 2.704000
vt 1.661700 2.700100
vt 1.661600 2.702200
vt 1.682200 2.642900
vt 1.683500 2.641700
vt 1.678800 2.619600
vt 1.677500 2.620500
vt 1.676300 2.621400
vt 1.680900 2.644200
vt 1.684100 2.669600
vt 1.685300 2.667800
vt 1.686700 2.666100
vt 1.696000 2.641500
vt 1.689800 2.615200
vt 1.703300 2.609000
vt 1.711100 2.638800
vt 1.715200 2.670600
vt 1.699700 2.670100
vt 1.686600 2.696200
vt 1.688000 2.693700
vt 1.685300 2.698800
vt 1.685800 2.728700
vt 1.687600 2.727600
vt 1.689800 2.733000
vt 1.700100 2.700900
vt 1.714900 2.703100
vt 1.710000 2.734100
vt 1.697900 2.731400
vt 1.689800 2.761500
vt 1.692800 2.766600
vt 1.686700 2.756400
vt 1.683600 2.771800
vt 1.687000 2.781500
vt 1.690500 2.791300
vt 1.693700 2.758800
vt 1.700800 2.761300
vt 1.686900 2.780300
vt 1.685200 2.776000
vt 1.673200 2.771400
vt 1.674600 2.777800
vt 1.671800 2.765000
vt 1.655800 2.747200
vt 1.653800 2.746200
vt 1.651800 2.745200
vt 1.670100 2.775800
vt 1.668400 2.786600
vt 1.649500 2.785300
vt 1.653500 2.768000
vt 1.659300 2.751400
vt 1.608100 2.694700
vt 1.606900 2.695200
vt 1.617400 2.713600
vt 1.618600 2.713300
vt 1.619700 2.713100
vt 1.609300 2.694200
vt 1.599800 2.672400
vt 1.598700 2.673000
vt 1.597500 2.673600
vt 1.597300 2.708400
vt 1.608800 2.729100
vt 1.597800 2.745200
vt 1.585300 2.722600
vt 1.574300 2.696300
vt 1.587000 2.684400
vt 1.592300 2.650100
vt 1.591200 2.650800
vt 1.593400 2.649500
vt 1.589000 2.628500
vt 1.588100 2.629200
vt 1.587000 2.629900
vt 1.579900 2.658800
vt 1.566400 2.668100
vt 1.561700 2.641100
vt 1.575400 2.634800
vt 1.596400 2.565600
vt 1.594800 2.562800
vt 1.587100 2.581600
vt 1.588500 2.582400
vt 1.589800 2.583100
vt 1.598100 2.568500
vt 1.609200 2.556800
vt 1.607800 2.552400
vt 1.606400 2.547800
vt 1.591600 2.559300
vt 1.581300 2.575200
vt 1.572800 2.567300
vt 1.585000 2.550200
vt 1.601300 2.536600
vt 1.605200 2.546700
vt 1.621900 2.552200
vt 1.621600 2.548000
vt 1.622300 2.556400
vt 1.636300 2.562500
vt 1.637000 2.559600
vt 1.637800 2.556700
vt 1.621600 2.543900
vt 1.621000 2.531400
vt 1.641900 2.534000
vt 1.639100 2.548300
vt 1.651400 2.568800
vt 1.652500 2.567100
vt 1.650300 2.570500
vt 1.662400 2.582400
vt 1.663500 2.581500
vt 1.664500 2.580600
vt 1.655900 2.557100
vt 1.661500 2.543700
vt 1.678700 2.560000
vt 1.670600 2.571200
vt 1.671700 2.599400
vt 1.670600 2.600000
vt 1.672900 2.598700
vt 1.681600 2.591100
vt 1.692600 2.582200
vt 1.687000 2.638200
vt 1.682200 2.617100
vt 1.681500 2.617800
vt 1.686200 2.639300
vt 1.689500 2.662600
vt 1.690200 2.661000
vt 1.685000 2.640400
vt 1.680200 2.618600
vt 1.688200 2.664300
vt 1.689600 2.691100
vt 1.690100 2.719400
vt 1.691600 2.716000
vt 1.691000 2.688600
vt 1.691800 2.686100
vt 1.692600 2.712400
vt 1.693200 2.708900
vt 1.692400 2.761100
vt 1.688500 2.785100
vt 1.686500 2.778800
vt 1.691900 2.755500
vt 1.688200 2.722900
vt 1.691000 2.749700
vt 1.684300 2.772200
vt 1.672200 2.773800
vt 1.649500 2.744900
vt 1.646100 2.743700
vt 1.669800 2.769700
vt 1.667500 2.765100
vt 1.649400 2.747600
vt 1.605600 2.695900
vt 1.596300 2.674300
vt 1.595200 2.674900
vt 1.604500 2.696300
vt 1.617200 2.719700
vt 1.616100 2.714100
vt 1.603800 2.696300
vt 1.594600 2.675100
vt 1.613900 2.716300
vt 1.614500 2.716900
vt 1.589900 2.651500
vt 1.585900 2.630600
vt 1.583500 2.625600
vt 1.588900 2.652200
vt 1.588300 2.652600
vt 1.583600 2.629300
vt 1.583400 2.629900
vt 1.593100 2.559800
vt 1.605000 2.543200
vt 1.603600 2.538800
vt 1.591500 2.557000
vt 1.584300 2.579900
vt 1.585600 2.580700
vt 1.590300 2.554500
vt 1.602400 2.534900
vt 1.601100 2.530700
vt 1.589900 2.549800
vt 1.581700 2.581400
vt 1.583600 2.579300
vt 1.621300 2.543700
vt 1.638600 2.553600
vt 1.639300 2.550700
vt 1.620900 2.539600
vt 1.620600 2.536100
vt 1.639800 2.548600
vt 1.618500 2.532100
vt 1.653600 2.565200
vt 1.665700 2.579700
vt 1.666700 2.578900
vt 1.654600 2.563600
vt 1.655300 2.562600
vt 1.667300 2.578500
vt 1.674200 2.597900
vt 1.675300 2.597300
vt 1.676000 2.597000
vt 1.584300 2.617000
vt 1.583100 2.616500
vt 1.581800 2.600600
vt 1.584000 2.604800
vt 1.586400 2.605700
vt 1.586500 2.617700
vt 1.583400 2.594400
vt 1.581400 2.593800
vt 1.583700 2.582200
vt 1.586400 2.583400
vt 1.586000 2.595300
vt 1.637400 2.733800
vt 1.638000 2.737000
vt 1.631200 2.731700
vt 1.630900 2.728700
vt 1.631000 2.724500
vt 1.637200 2.729300
vt 1.623000 2.721800
vt 1.623000 2.724300
vt 1.623400 2.718100
vt 1.637300 2.723400
vt 1.631500 2.718900
vt 1.632500 2.711400
vt 1.637800 2.715600
vt 1.624300 2.713200
vt 1.625900 2.706400
vt 1.589800 2.618500
vt 1.590000 2.606900
vt 1.595000 2.609000
vt 1.594500 2.619800
vt 1.589900 2.596800
vt 1.590400 2.585000
vt 1.595200 2.599600
vt 1.601000 2.622000
vt 1.601600 2.612600
vt 1.609300 2.617400
vt 1.608700 2.625000
vt 1.602000 2.604500
vt 1.609600 2.611000
vt 1.638500 2.705200
vt 1.633900 2.701500
vt 1.635400 2.689900
vt 1.639100 2.693100
vt 1.628300 2.697100
vt 1.630900 2.686300
vt 1.638900 2.680000
vt 1.636300 2.677500
vt 1.636500 2.665400
vt 1.638300 2.666900
vt 1.633100 2.674700
vt 1.634100 2.663800
vt 1.616900 2.628800
vt 1.617200 2.623200
vt 1.624400 2.629900
vt 1.623900 2.633700
vt 1.617300 2.618500
vt 1.624600 2.626700
vt 1.633000 2.655100
vt 1.630700 2.647600
vt 1.633300 2.645700
vt 1.635500 2.654900
vt 1.637400 2.655000
vt 1.635300 2.644300
vt 1.630800 2.635100
vt 1.629700 2.637400
vt 1.628100 2.640200
vt 1.645300 2.742100
vt 1.644900 2.747600
vt 1.635400 2.735700
vt 1.636800 2.738000
vt 1.635800 2.737300
vt 1.643800 2.741200
vt 1.628000 2.726900
vt 1.637900 2.738800
vt 1.629100 2.727100
vt 1.626800 2.726800
vt 1.638100 2.738500
vt 1.640800 2.762300
vt 1.634900 2.781500
vt 1.622400 2.774200
vt 1.630100 2.755600
vt 1.619600 2.744700
vt 1.610100 2.762200
vt 1.585000 2.613500
vt 1.585700 2.612900
vt 1.584100 2.601300
vt 1.583600 2.601800
vt 1.583000 2.602200
vt 1.584300 2.614100
vt 1.584500 2.592900
vt 1.585300 2.592700
vt 1.583600 2.593100
vt 1.572800 2.615700
vt 1.559900 2.618500
vt 1.561000 2.599400
vt 1.572600 2.600300
vt 1.575200 2.587900
vt 1.565100 2.583000
vt 1.625500 2.726900
vt 1.624200 2.727000
vt 1.632800 2.735200
vt 1.634200 2.735400
vt 1.642000 2.740900
vt 1.640300 2.740600
vt 1.647300 2.744700
vt 1.623500 2.725900
vt 1.631900 2.733700
vt 1.615100 2.717400
vt 1.639000 2.739100
vt 1.582500 2.593200
vt 1.581700 2.593300
vt 1.581600 2.605500
vt 1.582300 2.602700
vt 1.583400 2.614700
vt 1.582500 2.615400
vt 1.581400 2.593500
vt 1.582100 2.603100
vt 1.581600 2.602600
vt 1.582600 2.615900
vt 1.583800 2.628800
vt 1.581100 2.602000
vt 1.597400 2.520800
vt 1.596300 2.517600
vt 1.596400 2.517200
vt 1.597500 2.520300
vt 1.598600 2.523500
vt 1.598400 2.524500
vt 1.597600 2.525900
vt 1.596800 2.521700
vt 1.595800 2.518400
vt 1.599200 2.529300
vt 1.599900 2.527300
vt 1.601400 2.531500
vt 1.599900 2.534600
vt 1.598400 2.538500
vt 1.598100 2.532000
vt 1.595000 2.522400
vt 1.594200 2.519000
vt 1.595500 2.526700
vt 1.593100 2.526100
vt 1.592800 2.521800
vt 1.592200 2.518400
vt 1.595500 2.533300
vt 1.595200 2.540200
vt 1.591700 2.539600
vt 1.592500 2.532800
vt 1.591200 2.519000
vt 1.590700 2.515800
vt 1.591200 2.523100
vt 1.589700 2.519000
vt 1.589800 2.515000
vt 1.589400 2.512100
vt 1.590200 2.529700
vt 1.589100 2.536500
vt 1.586900 2.532100
vt 1.588300 2.525400
vt 1.591400 2.510700
vt 1.590800 2.508200
vt 1.591700 2.513600
vt 1.594200 2.510000
vt 1.593400 2.507800
vt 1.592700 2.505600
vt 1.591100 2.517200
vt 1.590600 2.521100
vt 1.595600 2.513700
vt 1.594800 2.511700
vt 1.596400 2.507700
vt 1.595300 2.505500
vt 1.597800 2.509800
vt 1.602100 2.511400
vt 1.599800 2.508900
vt 1.598400 2.506600
vt 1.600300 2.511500
vt 1.602800 2.513600
vt 1.611300 2.517000
vt 1.606600 2.514100
vt 1.601100 2.513000
vt 1.599600 2.510400
vt 1.603400 2.515700
vt 1.603800 2.519700
vt 1.601600 2.516600
vt 1.600100 2.513800
vt 1.607700 2.519000
vt 1.612300 2.522300
vt 1.612300 2.527100
vt 1.608000 2.523400
vt 1.600500 2.519300
vt 1.599100 2.516200
vt 1.602600 2.522700
vt 1.600700 2.524400
vt 1.598900 2.520800
vt 1.597700 2.517600
vt 1.606300 2.527000
vt 1.610400 2.531200
vt 1.607400 2.533400
vt 1.603800 2.528800
vt 1.598000 2.520700
vt 1.596800 2.517500
vt 1.599400 2.524100
vt 1.601600 2.528100
vt 1.604100 2.532300
vt 1.615900 2.547600
vt 1.607100 2.547800
vt 1.604700 2.541000
vt 1.610000 2.541000
vt 1.615100 2.541600
vt 1.624100 2.549300
vt 1.606500 2.536200
vt 1.602900 2.535800
vt 1.610300 2.537000
vt 1.628000 2.546200
vt 1.618200 2.538700
vt 1.619600 2.534000
vt 1.629200 2.541400
vt 1.613300 2.534400
vt 1.615100 2.530000
vt 1.601200 2.556800
vt 1.596800 2.566300
vt 1.598100 2.551900
vt 1.601200 2.546300
vt 1.600700 2.539500
vt 1.598500 2.543900
vt 1.592300 2.568500
vt 1.588500 2.566800
vt 1.590800 2.551800
vt 1.594300 2.553300
vt 1.595100 2.545300
vt 1.591500 2.544300
vt 1.586000 2.564900
vt 1.584200 2.562800
vt 1.586600 2.545600
vt 1.588400 2.549000
vt 1.588900 2.541200
vt 1.586900 2.537100
vt 1.629400 2.537900
vt 1.619500 2.529800
vt 1.618700 2.525800
vt 1.629100 2.535000
vt 1.615000 2.525200
vt 1.614000 2.520400
vt 1.613100 2.526500
vt 1.607500 2.520700
vt 1.597900 2.520700
vt 1.599500 2.525700
vt 1.604700 2.516500
vt 1.596600 2.516700
vt 1.590700 2.540400
vt 1.591500 2.530600
vt 1.591100 2.524900
vt 1.663900 2.709300
vt 1.664000 2.709300
vt 1.662800 2.705800
vt 1.662600 2.705700
vt 1.662500 2.705600
vt 1.663900 2.709300
vt 1.665200 2.713000
vt 1.665200 2.712900
vt 1.665300 2.712800
vt 1.664300 2.708600
vt 1.662900 2.706500
vt 1.662800 2.705400
vt 1.665500 2.712600
vt 1.664900 2.712000
vt 1.665800 2.716200
vt 1.665800 2.716000
vt 1.665900 2.716400
vt 1.666000 2.718400
vt 1.665900 2.718100
vt 1.665800 2.717800
vt 1.666300 2.716600
vt 1.666200 2.719000
vt 1.664900 2.716900
vt 1.664800 2.716800
vt 1.665000 2.717200
vt 1.663200 2.713400
vt 1.663500 2.714300
vt 1.663400 2.714300
vt 1.664900 2.717700
vt 1.663100 2.714400
vt 1.662200 2.710700
vt 1.662200 2.710800
vt 1.663500 2.714300
vt 1.662300 2.710600
vt 1.661000 2.706900
vt 1.661000 2.707100
vt 1.661000 2.707200
vt 1.661700 2.710600
vt 1.660700 2.707100
vt 1.661300 2.707900
vt 1.660800 2.705000
vt 1.660900 2.705200
vt 1.660700 2.704800
vt 1.660800 2.703500
vt 1.660900 2.703800
vt 1.661000 2.704000
vt 1.660400 2.704400
vt 1.660600 2.703000
vt 1.661600 2.704300
vt 1.661700 2.704500
vt 1.661600 2.704000
vt 1.661600 2.703400
vt 1.662000 2.705000
vt 1.662000 2.705200
vt 1.661300 2.704800
vt 1.661200 2.704600
vt 1.661100 2.704400
vt 1.661900 2.704800
vt 1.663200 2.706800
vt 1.663000 2.706600
vt 1.663300 2.707100
vt 1.661800 2.704700
vt 1.661100 2.704200
vt 1.662800 2.705900
vt 1.661000 2.705800
vt 1.661000 2.706000
vt 1.661100 2.707800
vt 1.661000 2.707700
vt 1.661000 2.707600
vt 1.660900 2.705600
vt 1.660900 2.705400
vt 1.661000 2.707400
vt 1.662100 2.710900
vt 1.662100 2.710900
vt 1.663200 2.714000
vt 1.663200 2.714100
vt 1.663300 2.714200
vt 1.662100 2.710900
vt 1.662200 2.710800
vt 1.663300 2.714300
vt 1.664600 2.716200
vt 1.664500 2.716000
vt 1.665400 2.716800
vt 1.665500 2.717000
vt 1.665600 2.717300
vt 1.664700 2.716400
vt 1.664700 2.716600
vt 1.665700 2.717600
vt 1.665600 2.715400
vt 1.665500 2.715200
vt 1.665000 2.711700
vt 1.665100 2.712500
vt 1.665000 2.711800
vt 1.665700 2.715600
vt 1.665700 2.715800
vt 1.665300 2.712700
vt 1.664100 2.709300
vt 1.664100 2.709400
vt 1.664100 2.709300
vt 1.664100 2.709300
vt 1.662900 2.706000
vt 1.665300 2.712600
vt 1.662300 2.705600
vt 1.662300 2.705700
vt 1.661500 2.705500
vt 1.661500 2.705300
vt 1.661400 2.705200
vt 1.662200 2.705500
vt 1.663200 2.706400
vt 1.663300 2.706500
vt 1.663400 2.706600
vt 1.662100 2.705300
vt 1.661300 2.705000
vt 1.663100 2.706400
vt 1.661100 2.706500
vt 1.661200 2.706600
vt 1.661000 2.708400
vt 1.661100 2.708200
vt 1.661100 2.708100
vt 1.661100 2.706300
vt 1.661100 2.706100
vt 1.661100 2.708000
vt 1.662000 2.711100
vt 1.662000 2.711100
vt 1.662900 2.713800
vt 1.663000 2.713900
vt 1.663100 2.713900
vt 1.662100 2.711000
vt 1.662100 2.711000
vt 1.663100 2.714000
vt 1.664300 2.715500
vt 1.664200 2.715400
vt 1.665100 2.715900
vt 1.665200 2.716100
vt 1.665300 2.716300
vt 1.664400 2.715700
vt 1.664400 2.715800
vt 1.665400 2.716500
vt 1.665400 2.714700
vt 1.665400 2.714500
vt 1.665300 2.712100
vt 1.665300 2.712200
vt 1.665200 2.712300
vt 1.665400 2.714800
vt 1.665500 2.715000
vt 1.665200 2.712400
vt 1.664300 2.709300
vt 1.664400 2.709300
vt 1.664200 2.709400
vt 1.664200 2.709400
vt 1.663000 2.706300
vt 1.665200 2.712500
vt 1.663100 2.707000
vt 1.663100 2.707300
vt 1.662200 2.707400
vt 1.662100 2.707100
vt 1.662000 2.706900
vt 1.663000 2.706800
vt 1.664400 2.707700
vt 1.664100 2.707800
vt 1.664100 2.707900
vt 1.662900 2.706700
vt 1.661900 2.706700
vt 1.661900 2.706600
vt 1.662800 2.706600
vt 1.664000 2.707100
vt 1.664100 2.707100
vt 1.661400 2.708200
vt 1.661500 2.708400
vt 1.661300 2.709900
vt 1.661200 2.709800
vt 1.661000 2.710100
vt 1.661300 2.708000
vt 1.661300 2.707800
vt 1.660900 2.709500
vt 1.660900 2.709300
vt 1.661300 2.707700
vt 1.661600 2.711600
vt 1.661600 2.711600
vt 1.662300 2.712900
vt 1.662300 2.713100
vt 1.662100 2.713100
vt 1.661500 2.711600
vt 1.661600 2.711500
vt 1.662200 2.713600
vt 1.662300 2.713600
vt 1.662400 2.713600
vt 1.661700 2.711500
vt 1.660800 2.709600
vt 1.663400 2.713900
vt 1.663400 2.713600
vt 1.664300 2.713500
vt 1.664400 2.713800
vt 1.664500 2.714100
vt 1.663500 2.714100
vt 1.663600 2.714200
vt 1.664600 2.714300
vt 1.664700 2.714500
vt 1.663700 2.714400
vt 1.665100 2.712700
vt 1.665000 2.712500
vt 1.665200 2.711000
vt 1.665200 2.711000
vt 1.665400 2.710700
vt 1.665200 2.712900
vt 1.665200 2.713100
vt 1.665500 2.711300
vt 1.665500 2.711400
vt 1.665200 2.713300
vt 1.664900 2.709200
vt 1.664800 2.709300
vt 1.664900 2.709200
vt 1.664800 2.709200
vt 1.664200 2.707200
vt 1.664700 2.709200
vt 1.665600 2.711200
vt 1.664400 2.709300
vt 1.664500 2.709300
vt 1.663600 2.706700
vt 1.663500 2.706600
vt 1.665400 2.711900
vt 1.665400 2.711800
vt 1.665400 2.714300
vt 1.665400 2.714100
vt 1.665100 2.715700
vt 1.665000 2.715500
vt 1.664100 2.715200
vt 1.664000 2.715100
vt 1.662800 2.713800
vt 1.662700 2.713800
vt 1.661900 2.711200
vt 1.661800 2.711200
vt 1.661000 2.708500
vt 1.661000 2.708700
vt 1.661200 2.706800
vt 1.661200 2.707000
vt 1.661600 2.705700
vt 1.661600 2.705800
vt 1.662400 2.705800
vt 1.662500 2.706000
vt 1.664700 2.709300
vt 1.663900 2.707000
vt 1.663800 2.706900
vt 1.664600 2.709300
vt 1.665400 2.711600
vt 1.665400 2.711500
vt 1.664600 2.709300
vt 1.663700 2.706800
vt 1.665400 2.711700
vt 1.665200 2.713500
vt 1.665300 2.713700
vt 1.664800 2.714900
vt 1.664700 2.714700
vt 1.665300 2.713900
vt 1.664900 2.715200
vt 1.663700 2.714500
vt 1.663800 2.714700
vt 1.662600 2.713700
vt 1.662500 2.713600
vt 1.663900 2.714900
vt 1.662600 2.713700
vt 1.661700 2.711400
vt 1.661800 2.711300
vt 1.661000 2.709000
vt 1.661000 2.709200
vt 1.661800 2.711300
vt 1.661000 2.708900
vt 1.661300 2.707500
vt 1.661300 2.707300
vt 1.661800 2.706300
vt 1.661800 2.706400
vt 1.661200 2.707200
vt 1.661700 2.706100
vt 1.662800 2.706400
vt 1.662700 2.706300
vt 1.662600 2.706100
vt 1.592500 2.500400
vt 1.593500 2.503300
vt 1.593100 2.504300
vt 1.592200 2.501300
vt 1.589900 2.493400
vt 1.591500 2.497500
vt 1.591300 2.496300
vt 1.592500 2.499100
vt 1.593600 2.501800
vt 1.584600 2.478600
vt 1.591500 2.498400
vt 1.585000 2.479500
vt 1.584100 2.477700
vt 1.591800 2.501800
vt 1.592600 2.504700
vt 1.592200 2.504800
vt 1.591300 2.502000
vt 1.588900 2.495300
vt 1.589500 2.494900
vt 1.584500 2.480100
vt 1.583900 2.480600
vt 1.590800 2.502300
vt 1.591800 2.505100
vt 1.591300 2.505200
vt 1.590200 2.502400
vt 1.587300 2.495000
vt 1.588400 2.495600
vt 1.583300 2.480800
vt 1.582600 2.480900
vt 1.589500 2.502100
vt 1.590500 2.505000
vt 1.589200 2.503300
vt 1.588800 2.501600
vt 1.588000 2.498600
vt 1.588500 2.499200
vt 1.582400 2.480000
vt 1.588300 2.499500
vt 1.582200 2.478800
vt 1.589100 2.499800
vt 1.588300 2.499500
vt 1.589000 2.502400
vt 1.588700 2.501400
vt 1.588100 2.497400
vt 1.586300 2.490700
vt 1.586400 2.492500
vt 1.589600 2.504600
vt 1.582100 2.477400
vt 1.582000 2.476000
vt 1.588200 2.495500
vt 1.588900 2.498100
vt 1.589600 2.496800
vt 1.588700 2.494400
vt 1.586600 2.488200
vt 1.586300 2.489100
vt 1.581900 2.474900
vt 1.581900 2.474500
vt 1.589700 2.494600
vt 1.590700 2.496900
vt 1.592200 2.497900
vt 1.591000 2.495500
vt 1.590300 2.494200
vt 1.587300 2.488500
vt 1.582100 2.474800
vt 1.582600 2.475700
vt 1.591900 2.497400
vt 1.593000 2.500000
vt 1.590600 2.494900
vt 1.589700 2.493200
vt 1.583300 2.476700
vt 1.594400 2.506200
vt 1.594700 2.504600
vt 1.596000 2.507500
vt 1.595600 2.509200
vt 1.594900 2.510300
vt 1.593900 2.507200
vt 1.597300 2.512700
vt 1.598000 2.510600
vt 1.596300 2.513900
vt 1.593500 2.507500
vt 1.594500 2.510500
vt 1.594100 2.510400
vt 1.593200 2.507500
vt 1.595600 2.514000
vt 1.595300 2.513800
vt 1.592900 2.507800
vt 1.594000 2.510700
vt 1.593500 2.511000
vt 1.592400 2.507900
vt 1.595100 2.514100
vt 1.594700 2.514600
vt 1.591500 2.507800
vt 1.592500 2.511000
vt 1.591300 2.510200
vt 1.590500 2.507000
vt 1.593300 2.514900
vt 1.591800 2.514300
vt 1.589700 2.505100
vt 1.590300 2.508200
vt 1.589500 2.505700
vt 1.589000 2.502800
vt 1.588400 2.500100
vt 1.590500 2.512000
vt 1.589400 2.508900
vt 1.589600 2.500600
vt 1.590200 2.503100
vt 1.591200 2.501400
vt 1.590400 2.499100
vt 1.590500 2.505700
vt 1.591900 2.503500
vt 1.591700 2.499300
vt 1.592800 2.501500
vt 1.594700 2.502500
vt 1.593300 2.500200
vt 1.594000 2.503500
vt 1.596500 2.504600
vt 1.594200 2.502500
vt 1.595600 2.505100
vt 1.597600 2.507800
f 1/1/1 2/2/2 3/3/3
f 1/1/1 3/3/3 4/4/4
f 1/1/1 4/4/4 5/5/5
f 1/1/1 5/5/5 6/6/6
f 1/1/1 6/6/6 7/7/7
f 1/1/1 7/7/7 8/8/8
f 1/1/1 8/8/8 9/9/9
f 1/1/1 9/9/9 2/2/2
f 10/10/10 11/11/11 12/12/12
f 10/10/10 12/12/12 13/13/13
f 10/10/10 13/13/13 3/3/3
f 10/10/10 3/3/3 2/2/2
f 10/10/10 2/2/2 9/9/9
f 10/10/10 9/9/9 14/14/14
f 10/10/10 14/14/14 15/15/15
f 10/10/10 15/15/15 11/11/11
f 16/16/16 17/17/17 18/18/18
f 16/16/16 18/18/18 19/19/19
f 16/16/16 19/19/19 20/20/20
f 16/16/16 20/20/20 21/21/21
f 16/16/16 21/21/21 22/22/22
f 16/16/16 22/22/22 23/23/23
f 16/16/16 23/23/23 24/24/24
f 16/16/16 24/24/24 17/17/17
f 25/25/25 26/26/26 27/27/27
f 25/25/25 27/27/27 28/28/28
f 25/25/25 28/28/28 18/18/18
f 25/25/25 18/18/18 17/17/17
f 25/25/25 17/17/17 24/24/24
f 25/25/25 24/24/24 29/29/29
f 25/25/25 29/29/29 30/30/30
f 25/25/25 30/30/30 26/26/26
f 31/31/31 32/32/32 33/33/33
f 31/31/31 33/33/33 34/34/34
f 31/31/31 34/34/34 35/35/35
f 31/31/31 35/35/35 36/36/36
f 31/31/31 36/36/36 37/37/37
f 31/31/31 37/37/37 38/38/38
f 31/31/31 38/38/38 39/39/39
f 31/31/31 39/39/39 32/32/32
f 40/40/40 41/41/41 42/42/42
f 40/40/40 42/42/42 43/43/43
f 40/40/40 43/43/43 33/33/33
f 40/40/40 33/33/33 32/32/32
f 40/40/40 32/32/32 39/39/39
f 40/40/40 39/39/39 44/44/44
f 40/40/40 44/44/44 45/45/45
f 40/40/40 45/45/45 41/41/41
f 46/46/46 47/47/47 48/48/48
f 46/46/46 48/48/48 49/49/49
f 46/46/46 49/49/49 42/42/42
f 46/46/46 42/42/42 41/41/41
f 46/46/46 41/41/41 45/45/45
f 46/46/46 45/45/45 50/50/50
f 46/46/46 50/50/50 51/51/51
f 46/46/46 51/51/51 47/47/47
f 52/52/52 53/53/53 48/48/48
f 52/52/52 48/48/48 47/47/47
f 52/52/52 47/47/47 51/51/51
f 52/52/52 51/51/51 54/54/54
f 52/52/52 54/54/54 7/7/7
f 52/52/52 7/7/7 6/6/6
f 52/52/52 6/6/6 5/5/5
f 52/52/52 5/5/5 53/53/53
f 55/55/55 54/54/54 51/51/51
f 55/55/55 51/51/51 56/56/56
f 55/55/55 56/56/56 57/57/57
f 55/55/55 57/57/57 58/58/58
f 55/55/55 58/58/58 59/59/59
f 55/55/55 59/59/59 60/60/60
f 55/55/55 60/60/60 7/7/7
f 55/55/55 7/7/7 54/54/54
f 61/61/61 56/56/56 51/51/51
f 61/61/61 51/51/51 50/50/50
f 61/61/61 50/50/50 45/45/45
f 61/61/61 45/45/45 62/62/62
f 61/61/61 62/62/62 63/63/63
f 61/61/61 63/63/63 64/64/64
f 61/61/61 64/64/64 57/57/57
f 61/61/61 57/57/57 56/56/56
f 65/65/65 62/62/62 45/45/45
f 65/65/65 45/45/45 44/44/44
f 65/65/65 44/44/44 39/39/39
f 65/65/65 39/39/39 66/66/66
f 65/65/65 66/66/66 67/67/67
f 65/65/65 67/67/67 68/68/68
f 65/65/65 68/68/68 63/63/63
f 65/65/65 63/63/63 62/62/62
f 69/69/69 66/66/66 39/39/39
f 69/69/69 39/39/39 38/38/38
f 69/69/69 38/38/38 37/37/37
f 69/69/69 37/37/37 70/70/70
f 69/69/69 70/70/70 71/71/71
f 69/69/69 71/71/71 72/72/72
f 69/69/69 72/72/72 67/67/67
f 69/69/69 67/67/67 66/66/66
f 73/73/73 74/74/74 30/30/30
f 73/73/73 30/30/30 29/29/29
f 73/73/73 29/29/29 24/24/24
f 73/73/73 24/24/24 75/75/75
f 73/73/73 75/75/75 76/76/76
f 73/73/73 76/76/76 77/77/77
f 73/73/73 77/77/77 78/78/78
f 73/73/73 78/78/78 74/74/74
f 79/79/79 75/75/75 24/24/24
f 79/79/79 24/24/24 23/23/23
f 79/79/79 23/23/23 22/22/22
f 79/79/79 22/22/22 80/80/80
f 79/79/79 80/80/80 81/81/81
f 79/79/79 81/81/81 82/82/82
f 79/79/79 82/82/82 76/76/76
f 79/79/79 76/76/76 75/75/75
f 83/83/83 84/84/84 15/15/15
f 83/83/83 15/15/15 14/14/14
f 83/83/83 14/14/14 9/9/9
f 83/83/83 9/9/9 85/85/85
f 83/83/83 85/85/85 86/86/86
f 83/83/83 86/86/86 87/87/87
f 83/83/83 87/87/87 88/88/88
f 83/83/83 88/88/88 84/84/84
f 89/89/89 85/85/85 9/9/9
f 89/89/89 9/9/9 8/8/8
f 89/89/89 8/8/8 7/7/7
f 89/89/89 7/7/7 60/60/60
f 89/89/89 60/60/60 59/59/59
f 89/89/89 59/59/59 90/90/90
f 89/89/89 90/90/90 86/86/86
f 89/89/89 86/86/86 85/85/85
f 91/91/91 92/92/92 86/86/86
f 91/91/91 86/86/86 90/90/90
f 91/91/91 90/90/90 59/59/59
f 91/91/91 59/59/59 93/93/93
f 91/91/91 93/93/93 94/94/94
f 91/91/91 94/94/94 95/95/95
f 91/91/91 95/95/95 96/96/96
f 91/91/91 96/96/96 92/92/92
f 97/97/97 98/98/98 88/88/88
f 97/97/97 88/88/88 87/87/87
f 97/97/97 87/87/87 86/86/86
f 97/97/97 86/86/86 92/92/92
f 97/97/97 92/92/92 96/96/96
f 97/97/97 96/96/96 99/99/99
f 97/97/97 99/99/99 100/100/100
f 97/97/97 100/100/100 98/98/98
f 101/101/101 102/102/102 103/103/103
f 101/101/101 103/103/103 104/104/104
f 101/101/101 104/104/104 88/88/88
f 101/101/101 88/88/88 98/98/98
f 101/101/101 98/98/98 100/100/100
f 101/101/101 100/100/100 105/105/105
f 101/101/101 105/105/105 106/106/106
f 101/101/101 106/106/106 102/102/102
f 107/107/107 108/108/108 109/109/109
f 107/107/107 109/109/109 110/110/110
f 107/107/107 110/110/110 103/103/103
f 107/107/107 103/103/103 102/102/102
f 107/107/107 102/102/102 106/106/106
f 107/107/107 106/106/106 111/111/111
f 107/107/107 111/111/111 112/112/112
f 107/107/107 112/112/112 108/108/108
f 113/113/113 114/114/114 76/76/76
f 113/113/113 76/76/76 82/82/82
f 113/113/113 82/82/82 81/81/81
f 113/113/113 81/81/81 115/115/115
f 113/113/113 115/115/115 116/116/116
f 113/113/113 116/116/116 117/117/117
f 113/113/113 117/117/117 118/118/118
f 113/113/113 118/118/118 114/114/114
f 119/119/119 120/120/120 78/78/78
f 119/119/119 78/78/78 77/77/77
f 119/119/119 77/77/77 76/76/76
f 119/119/119 76/76/76 114/114/114
f 119/119/119 114/114/114 118/118/118
f 119/119/119 118/118/118 121/121/121
f 119/119/119 121/121/121 122/122/122
f 119/119/119 122/122/122 120/120/120
f 123/123/123 124/124/124 57/57/57
f 123/123/123 57/57/57 64/64/64
f 123/123/123 64/64/64 63/63/63
f 123/123/123 63/63/63 125/125/125
f 123/123/123 125/125/125 126/126/126
f 123/123/123 126/126/126 127/127/127
f 123/123/123 127/127/127 128/128/128
f 123/123/123 128/128/128 124/124/124
f 129/129/129 58/58/58 57/57/57
f 129/129/129 57/57/57 124/124/124
f 129/129/129 124/124/124 128/128/128
f 129/129/129 128/128/128 130/130/130
f 129/129/129 130/130/130 94/94/94
f 129/129/129 94/94/94 93/93/93
f 129/129/129 93/93/93 59/59/59
f 129/129/129 59/59/59 58/58/58
f 131/131/131 130/130/130 128/128/128
f 131/131/131 128/128/128 132/132/132
f 131/131/131 132/132/132 133/133/133
f 131/131/131 133/133/133 134/134/134
f 131/131/131 134/134/134 135/135/135
f 131/131/131 135/135/135 136/136/136
f 131/131/131 136/136/136 94/94/94
f 131/131/131 94/94/94 130/130/130
f 137/137/137 132/132/132 128/128/128
f 137/137/137 128/128/128 127/127/127
f 137/137/137 127/127/127 126/126/126
f 137/137/137 126/126/126 138/138/138
f 137/137/137 138/138/138 139/139/139
f 137/137/137 139/139/139 140/140/140
f 137/137/137 140/140/140 133/133/133
f 137/137/137 133/133/133 132/132/132
f 141/141/141 138/138/138 126/126/126
f 141/141/141 126/126/126 142/142/142
f 141/141/141 142/142/142 143/143/143
f 141/141/141 143/143/143 144/144/144
f 141/141/141 144/144/144 145/145/145
f 141/141/141 145/145/145 146/146/146
f 141/141/141 146/146/146 139/139/139
f 141/141/141 139/139/139 138/138/138
f 147/147/147 144/144/144 143/143/143
f 147/147/147 143/143/143 148/148/148
f 147/147/147 148/148/148 149/149/149
f 147/147/147 149/149/149 150/150/150
f 147/147/147 150/150/150 151/151/151
f 147/147/147 151/151/151 152/152/152
f 147/147/147 152/152/152 145/145/145
f 147/147/147 145/145/145 144/144/144
f 153/153/153 154/154/154 122/122/122
f 153/153/153 122/122/122 121/121/121
f 153/153/153 121/121/121 118/118/118
f 153/153/153 118/118/118 155/155/155
f 153/153/153 155/155/155 156/156/156
f 153/153/153 156/156/156 157/157/157
f 153/153/153 157/157/157 158/158/158
f 153/153/153 158/158/158 154/154/154
f 159/159/159 155/155/155 118/118/118
f 159/159/159 118/118/118 117/117/117
f 159/159/159 117/117/117 116/116/116
f 159/159/159 116/116/116 160/160/160
f 159/159/159 160/160/160 161/161/161
f 159/159/159 161/161/161 162/162/162
f 159/159/159 162/162/162 156/156/156
f 159/159/159 156/156/156 155/155/155
f 163/163/163 164/164/164 112/112/112
f 163/163/163 112/112/112 111/111/111
f 163/163/163 111/111/111 106/106/106
f 163/163/163 106/106/106 165/165/165
f 163/163/163 165/165/165 166/166/166
f 163/163/163 166/166/166 167/167/167
f 163/163/163 167/167/167 168/168/168
f 163/163/163 168/168/168 164/164/164
f 169/169/169 165/165/165 106/106/106
f 169/169/169 106/106/106 105/105/105
f 169/169/169 105/105/105 100/100/100
f 169/169/169 100/100/100 170/170/170
f 169/169/169 170/170/170 171/171/171
f 169/169/169 171/171/171 172/172/172
f 169/169/169 172/172/172 166/166/166
f 169/169/169 166/166/166 165/165/165
f 173/173/173 170/170/170 100/100/100
f 173/173/173 100/100/100 99/99/99
f 173/173/173 99/99/99 96/96/96
f 173/173/173 96/96/96 174/174/174
f 173/173/173 174/174/174 175/175/175
f 173/173/173 175/175/175 176/176/176
f 173/173/173 176/176/176 171/171/171
f 173/173/173 171/171/171 170/170/170
f 177/177/177 174/174/174 96/96/96
f 177/177/177 96/96/96 95/95/95
f 177/177/177 95/95/95 94/94/94
f 177/177/177 94/94/94 136/136/136
f 177/177/177 136/136/136 135/135/135
f 177/177/177 135/135/135 178/178/178
f 177/177/177 178/178/178 175/175/175
f 177/177/177 175/175/175 174/174/174
f 179/179/179 152/152/152 151/151/151
f 179/179/179 151/151/151 180/180/180
f 179/179/179 180/180/180 181/181/181
f 179/179/179 181/181/181 182/182/182
f 179/179/179 182/182/182 139/139/139
f 179/179/179 139/139/139 146/146/146
f 179/179/179 146/146/146 145/145/145
f 179/179/179 145/145/145 152/152/152
f 183/183/183 172/172/172 171/171/171
f 183/183/183 171/171/171 184/184/184
f 183/183/183 184/184/184 181/181/181
f 183/183/183 181/181/181 185/185/185
f 183/183/183 185/185/185 168/168/168
f 183/183/183 168/168/168 167/167/167
f 183/183/183 167/167/167 166/166/166
f 183/183/183 166/166/166 172/172/172
f 186/186/186 178/178/178 135/135/135
f 186/186/186 135/135/135 187/187/187
f 186/186/186 187/187/187 181/181/181
f 186/186/186 181/181/181 184/184/184
f 186/186/186 184/184/184 171/171/171
f 186/186/186 171/171/171 176/176/176
f 186/186/186 176/176/176 175/175/175
f 186/186/186 175/175/175 178/178/178
f 188/188/188 140/140/140 139/139/139
f 188/188/188 139/139/139 182/182/182
f 188/188/188 182/182/182 181/181/181
f 188/188/188 181/181/181 187/187/187
f 188/188/188 187/187/187 135/135/135
f 188/188/188 135/135/135 134/134/134
f 188/188/188 134/134/134 133/133/133
f 188/188/188 133/133/133 140/140/140
f 189/189/189 190/190/190 191/191/191
f 189/189/189 191/191/191 192/192/192
f 189/189/189 192/192/192 193/193/193
f 189/189/189 193/193/193 194/194/194
f 189/189/189 194/194/194 195/195/195
f 189/189/189 195/195/195 196/196/196
f 189/189/189 196/196/196 197/197/197
f 189/189/189 197/197/197 190/190/190
f 198/198/198 194/194/194 193/193/193
f 198/198/198 193/193/193 199/199/199
f 198/198/198 199/199/199 200/200/200
f 198/198/198 200/200/200 201/201/201
f 198/198/198 201/201/201 202/202/202
f 198/198/198 202/202/202 203/203/203
f 198/198/198 203/203/203 195/195/195
f 198/198/198 195/195/195 194/194/194
f 204/204/204 201/201/201 200/200/200
f 204/204/204 200/200/200 205/205/205
f 204/204/204 205/205/205 206/206/206
f 204/204/204 206/206/206 207/207/207
f 204/204/204 207/207/207 208/208/208
f 204/204/204 208/208/208 209/209/209
f 204/204/204 209/209/209 202/202/202
f 204/204/204 202/202/202 201/201/201
f 210/210/210 207/207/207 206/206/206
f 210/210/210 206/206/206 211/211/211
f 210/210/210 211/211/211 212/212/212
f 210/210/210 212/212/212 213/213/213
f 210/210/210 213/213/213 214/214/214
f 210/210/210 214/214/214 215/215/215
f 210/210/210 215/215/215 208/208/208
f 210/210/210 208/208/208 207/207/207
f 216/216/216 213/213/213 212/212/212
f 216/216/216 212/212/212 217/217/217
f 216/216/216 217/217/217 218/218/218
f 216/216/216 218/218/218 219/219/219
f 216/216/216 219/219/219 220/220/220
f 216/216/216 220/220/220 221/221/221
f 216/216/216 221/221/221 214/214/214
f 216/216/216 214/214/214 213/213/213
f 222/222/222 219/219/219 218/218/218
f 222/222/222 218/218/218 223/223/223
f 222/222/222 223/223/223 224/224/224
f 222/222/222 224/224/224 225/225/225
f 222/222/222 225/225/225 226/226/226
f 222/222/222 226/226/226 227/227/227
f 222/222/222 227/227/227 220/220/220
f 222/222/222 220/220/220 219/219/219
f 228/228/228 225/225/225 224/224/224
f 228/228/228 224/224/224 229/229/229
f 228/228/228 229/229/229 230/230/230
f 228/228/228 230/230/230 231/231/231
f 228/228/228 231/231/231 232/232/232
f 228/228/228 232/232/232 233/233/233
f 228/228/228 233/233/233 226/226/226
f 228/228/228 226/226/226 225/225/225
f 234/234/234 231/231/231 230/230/230
f 234/234/234 230/230/230 235/235/235
f 234/234/234 235/235/235 191/191/191
f 234/234/234 191/191/191 190/190/190
f 234/234/234 190/190/190 197/197/197
f 234/234/234 197/197/197 236/236/236
f 234/234/234 236/236/236 232/232/232
f 234/234/234 232/232/232 231/231/231
f 237/237/237 238/238/238 232/232/232
f 237/237/237 232/232/232 236/236/236
f 237/237/237 236/236/236 197/197/197
f 237/237/237 197/197/197 239/239/239
f 237/237/237 239/239/239 240/240/240
f 237/237/237 240/240/240 241/241/241
f 237/237/237 241/241/241 242/242/242
f 237/237/237 242/242/242 238/238/238
f 243/243/243 244/244/244 226/226/226
f 243/243/243 226/226/226 233/233/233
f 243/243/243 233/233/233 232/232/232
f 243/243/243 232/232/232 238/238/238
f 243/243/243 238/238/238 245/245/245
f 243/243/243 245/245/245 246/246/246
f 243/243/243 246/246/246 247/247/247
f 243/243/243 247/247/247 244/244/244
f 248/248/248 249/249/249 220/220/220
f 248/248/248 220/220/220 227/227/227
f 248/248/248 227/227/227 226/226/226
f 248/248/248 226/226/226 244/244/244
f 248/248/248 244/244/244 247/247/247
f 248/248/248 247/247/247 250/250/250
f 248/248/248 250/250/250 251/251/251
f 248/248/248 251/251/251 249/249/249
f 252/252/252 253/253/253 214/214/214
f 252/252/252 214/214/214 221/221/221
f 252/252/252 221/221/221 220/220/220
f 252/252/252 220/220/220 249/249/249
f 252/252/252 249/249/249 254/254/254
f 252/252/252 254/254/254 255/255/255
f 252/252/252 255/255/255 256/256/256
f 252/252/252 256/256/256 253/253/253
f 257/257/257 258/258/258 208/208/208
f 257/257/257 208/208/208 215/215/215
f 257/257/257 215/215/215 214/214/214
f 257/257/257 214/214/214 253/253/253
f 257/257/257 253/253/253 256/256/256
f 257/257/257 256/256/256 259/259/259
f 257/257/257 259/259/259 260/260/260
f 257/257/257 260/260/260 258/258/258
f 261/261/261 262/262/262 202/202/202
f 261/261/261 202/202/202 209/209/209
f 261/261/261 209/209/209 208/208/208
f 261/261/261 208/208/208 258/258/258
f 261/261/261 258/258/258 260/260/260
f 261/261/261 260/260/260 263/263/263
f 261/261/261 263/263/263 264/264/264
f 261/261/261 264/264/264 262/262/262
f 265/265/265 266/266/266 195/195/195
f 265/265/265 195/195/195 203/203/203
f 265/265/265 203/203/203 202/202/202
f 265/265/265 202/202/202 262/262/262
f 265/265/265 262/262/262 264/264/264
f 265/265/265 264/264/264 267/267/267
f 265/265/265 267/267/267 268/268/268
f 265/265/265 268/268/268 266/266/266
f 269/269/269 239/239/239 197/197/197
f 269/269/269 197/197/197 196/196/196
f 269/269/269 196/196/196 195/195/195
f 269/269/269 195/195/195 266/266/266
f 269/269/269 266/266/266 268/268/268
f 269/269/269 268/268/268 270/270/270
f 269/269/269 270/270/270 240/240/240
f 269/269/269 240/240/240 239/239/239
f 271/271/271 272/272/272 240/240/240
f 271/271/271 240/240/240 270/270/270
f 271/271/271 270/270/270 268/268/268
f 271/271/271 268/268/268 273/273/273
f 271/271/271 273/273/273 274/274/274
f 271/271/271 274/274/274 275/275/275
f 271/271/271 275/275/275 276/276/276
f 271/271/271 276/276/276 272/272/272
f 277/277/277 273/273/273 268/268/268
f 277/277/277 268/268/268 267/267/267
f 277/277/277 267/267/267 264/264/264
f 277/277/277 264/264/264 278/278/278
f 277/277/277 278/278/278 279/279/279
f 277/277/277 279/279/279 280/280/280
f 277/277/277 280/280/280 281/281/281
f 277/277/277 281/281/281 273/273/273
f 282/282/282 278/278/278 264/264/264
f 282/282/282 264/264/264 263/263/263
f 282/282/282 263/263/263 260/260/260
f 282/282/282 260/260/260 283/283/283
f 282/282/282 283/283/283 284/284/284
f 282/282/282 284/284/284 285/285/285
f 282/282/282 285/285/285 279/279/279
f 282/282/282 279/279/279 278/278/278
f 286/286/286 283/283/283 260/260/260
f 286/286/286 260/260/260 259/259/259
f 286/286/286 259/259/259 256/256/256
f 286/286/286 256/256/256 287/287/287
f 286/286/286 287/287/287 288/288/288
f 286/286/286 288/288/288 289/289/289
f 286/286/286 289/289/289 290/290/290
f 286/286/286 290/290/290 283/283/283
f 291/291/291 287/287/287 256/256/256
f 291/291/291 256/256/256 255/255/255
f 291/291/291 255/255/255 254/254/254
f 291/291/291 254/254/254 292/292/292
f 291/291/291 292/292/292 293/293/293
f 291/291/291 293/293/293 294/294/294
f 291/291/291 294/294/294 288/288/288
f 291/291/291 288/288/288 287/287/287
f 295/295/295 292/292/292 254/254/254
f 295/295/295 254/254/254 250/250/250
f 295/295/295 250/250/250 247/247/247
f 295/295/295 247/247/247 296/296/296
f 295/295/295 296/296/296 297/297/297
f 295/295/295 297/297/297 298/298/298
f 295/295/295 298/298/298 293/293/293
f 295/295/295 293/293/293 292/292/292
f 299/299/299 296/296/296 247/247/247
f 299/299/299 247/247/247 246/246/246
f 299/299/299 246/246/246 242/242/242
f 299/299/299 242/242/242 300/300/300
f 299/299/299 300/300/300 301/301/301
f 299/299/299 301/301/301 302/302/302
f 299/299/299 302/302/302 297/297/297
f 299/299/299 297/297/297 296/296/296
f 303/303/303 300/300/300 242/242/242
f 303/303/303 242/242/242 241/241/241
f 303/303/303 241/241/241 240/240/240
f 303/303/303 240/240/240 272/272/272
f 303/303/303 272/272/272 276/276/276
f 303/303/303 276/276/276 304/304/304
f 303/303/303 304/304/304 301/301/301
f 303/303/303 301/301/301 300/300/300
f 305/305/305 306/306/306 307/307/307
f 305/305/305 307/307/307 304/304/304
f 305/305/305 304/304/304 276/276/276
f 305/305/305 276/276/276 308/308/308
f 305/305/305 308/308/308 309/309/309
f 305/305/305 309/309/309 310/310/310
f 305/305/305 310/310/310 311/311/311
f 305/305/305 311/311/311 306/306/306
f 312/312/312 313/313/313 297/297/297
f 312/312/312 297/297/297 302/302/302
f 312/312/312 302/302/302 301/301/301
f 312/312/312 301/301/301 306/306/306
f 312/312/312 306/306/306 314/314/314
f 312/312/312 314/314/314 315/315/315
f 312/312/312 315/315/315 316/316/316
f 312/312/312 316/316/316 313/313/313
f 317/317/317 318/318/318 293/293/293
f 317/317/317 293/293/293 298/298/298
f 317/317/317 298/298/298 297/297/297
f 317/317/317 297/297/297 313/313/313
f 317/317/317 313/313/313 316/316/316
f 317/317/317 316/316/316 319/319/319
f 317/317/317 319/319/319 320/320/320
f 317/317/317 320/320/320 318/318/318
f 321/321/321 322/322/322 288/288/288
f 321/321/321 288/288/288 294/294/294
f 321/321/321 294/294/294 323/323/323
f 321/321/321 323/323/323 318/318/318
f 321/321/321 318/318/318 324/324/324
f 321/321/321 324/324/324 325/325/325
f 321/321/321 325/325/325 326/326/326
f 321/321/321 326/326/326 322/322/322
f 327/327/327 328/328/328 284/284/284
f 327/327/327 284/284/284 289/289/289
f 327/327/327 289/289/289 288/288/288
f 327/327/327 288/288/288 322/322/322
f 327/327/327 322/322/322 326/326/326
f 327/327/327 326/326/326 329/329/329
f 327/327/327 329/329/329 330/330/330
f 327/327/327 330/330/330 328/328/328
f 331/331/331 332/332/332 279/279/279
f 331/331/331 279/279/279 285/285/285
f 331/331/331 285/285/285 284/284/284
f 331/331/331 284/284/284 328/328/328
f 331/331/331 328/328/328 330/330/330
f 331/331/331 330/330/330 333/333/333
f 331/331/331 333/333/333 334/334/334
f 331/331/331 334/334/334 332/332/332
f 335/335/335 336/336/336 281/281/281
f 335/335/335 281/281/281 280/280/280
f 335/335/335 280/280/280 279/279/279
f 335/335/335 279/279/279 332/332/332
f 335/335/335 332/332/332 334/334/334
f 335/335/335 334/334/334 337/337/337
f 335/335/335 337/337/337 338/338/338
f 335/335/335 338/338/338 336/336/336
f 339/339/339 308/308/308 276/276/276
f 339/339/339 276/276/276 275/275/275
f 339/339/339 275/275/275 281/281/281
f 339/339/339 281/281/281 336/336/336
f 339/339/339 336/336/336 338/338/338
f 339/339/339 338/338/338 340/340/340
f 339/339/339 340/340/340 309/309/309
f 339/339/339 309/309/309 308/308/308
f 341/341/341 342/342/342 309/309/309
f 341/341/341 309/309/309 340/340/340
f 341/341/341 340/340/340 338/338/338
f 341/341/341 338/338/338 343/343/343
f 341/341/341 343/343/343 344/344/344
f 341/341/341 344/344/344 345/345/345
f 341/341/341 345/345/345 346/346/346
f 341/341/341 346/346/346 342/342/342
f 347/347/347 343/343/343 338/338/338
f 347/347/347 338/338/338 337/337/337
f 347/347/347 337/337/337 334/334/334
f 347/347/347 334/334/334 348/348/348
f 347/347/347 348/348/348 349/349/349
f 347/347/347 349/349/349 350/350/350
f 347/347/347 350/350/350 344/344/344
f 347/347/347 344/344/344 343/343/343
f 351/351/351 348/348/348 334/334/334
f 351/351/351 334/334/334 333/333/333
f 351/351/351 333/333/333 330/330/330
f 351/351/351 330/330/330 352/352/352
f 351/351/351 352/352/352 353/353/353
f 351/351/351 353/353/353 354/354/354
f 351/351/351 354/354/354 349/349/349
f 351/351/351 349/349/349 348/348/348
f 355/355/355 352/352/352 330/330/330
f 355/355/355 330/330/330 329/329/329
f 355/355/355 329/329/329 326/326/326
f 355/355/355 326/326/326 356/356/356
f 355/355/355 356/356/356 357/357/357
f 355/355/355 357/357/357 358/358/358
f 355/355/355 358/358/358 353/353/353
f 355/355/355 353/353/353 352/352/352
f 359/359/359 356/356/356 326/326/326
f 359/359/359 326/326/326 325/325/325
f 359/359/359 325/325/325 324/324/324
f 359/359/359 324/324/324 360/360/360
f 359/359/359 360/360/360 361/361/361
f 359/359/359 361/361/361 362/362/362
f 359/359/359 362/362/362 357/357/357
f 359/359/359 357/357/357 356/356/356
f 363/363/363 360/360/360 324/324/324
f 363/363/363 324/324/324 319/319/319
f 363/363/363 319/319/319 316/316/316
f 363/363/363 316/316/316 364/364/364
f 363/363/363 364/364/364 365/365/365
f 363/363/363 365/365/365 366/366/366
f 363/363/363 366/366/366 361/361/361
f 363/363/363 361/361/361 360/360/360
f 367/367/367 364/364/364 316/316/316
f 367/367/367 316/316/316 315/315/315
f 367/367/367 315/315/315 311/311/311
f 367/367/367 311/311/311 368/368/368
f 367/367/367 368/368/368 369/369/369
f 367/367/367 369/369/369 370/370/370
f 367/367/367 370/370/370 365/365/365
f 367/367/367 365/365/365 364/364/364
f 371/371/371 368/368/368 311/311/311
f 371/371/371 311/311/311 310/310/310
f 371/371/371 310/310/310 309/309/309
f 371/371/371 309/309/309 342/342/342
f 371/371/371 342/342/342 346/346/346
f 371/371/371 346/346/346 372/372/372
f 371/371/371 372/372/372 369/369/369
f 371/371/371 369/369/369 368/368/368
f 373/373/373 374/374/374 369/369/369
f 373/373/373 369/369/369 372/372/372
f 373/373/373 372/372/372 346/346/346
f 373/373/373 346/346/346 375/375/375
f 373/373/373 375/375/375 376/376/376
f 373/373/373 376/376/376 377/377/377
f 373/373/373 377/377/377 378/378/378
f 373/373/373 378/378/378 374/374/374
f 379/379/379 380/380/380 365/365/365
f 379/379/379 365/365/365 370/370/370
f 379/379/379 370/370/370 369/369/369
f 379/379/379 369/369/369 374/374/374
f 379/379/379 374/374/374 378/378/378
f 379/379/379 378/378/378 381/381/381
f 379/379/379 381/381/381 382/382/382
f 379/379/379 382/382/382 380/380/380
f 383/383/383 384/384/384 361/361/361
f 383/383/383 361/361/361 366/366/366
f 383/383/383 366/366/366 365/365/365
f 383/383/383 365/365/365 380/380/380
f 383/383/383 380/380/380 382/382/382
f 383/383/383 382/382/382 385/385/385
f 383/383/383 385/385/385 386/386/386
f 383/383/383 386/386/386 384/384/384
f 387/387/387 388/388/388 357/357/357
f 387/387/387 357/357/357 362/362/362
f 387/387/387 362/362/362 361/361/361
f 387/387/387 361/361/361 384/384/384
f 387/387/387 384/384/384 386/386/386
f 387/387/387 386/386/386 389/389/389
f 387/387/387 389/389/389 390/390/390
f 387/387/387 390/390/390 388/388/388
f 391/391/391 392/392/392 353/353/353
f 391/391/391 353/353/353 358/358/358
f 391/391/391 358/358/358 357/357/357
f 391/391/391 357/357/357 388/388/388
f 391/391/391 388/388/388 390/390/390
f 391/391/391 390/390/390 393/393/393
f 391/391/391 393/393/393 394/394/394
f 391/391/391 394/394/394 392/392/392
f 395/395/395 396/396/396 349/349/349
f 395/395/395 349/349/349 354/354/354
f 395/395/395 354/354/354 353/353/353
f 395/395/395 353/353/353 392/392/392
f 395/395/395 392/392/392 394/394/394
f 395/395/395 394/394/394 397/397/397
f 395/395/395 397/397/397 398/398/398
f 395/395/395 398/398/398 396/396/396
f 399/399/399 400/400/400 344/344/344
f 399/399/399 344/344/344 350/350/350
f 399/399/399 350/350/350 349/349/349
f 399/399/399 349/349/349 396/396/396
f 399/399/399 396/396/396 398/398/398
f 399/399/399 398/398/398 401/401/401
f 399/399/399 401/401/401 402/402/402
f 399/399/399 402/402/402 400/400/400
f 403/403/403 375/375/375 346/346/346
f 403/403/403 346/346/346 345/345/345
f 403/403/403 345/345/345 344/344/344
f 403/403/403 344/344/344 400/400/400
f 403/403/403 400/400/400 402/402/402
f 403/403/403 402/402/402 404/404/404
f 403/403/403 404/404/404 376/376/376
f 403/403/403 376/376/376 375/375/375
f 405/405/405 406/406/406 376/376/376
f 405/405/405 376/376/376 404/404/404
f 405/405/405 404/404/404 407/407/407
f 405/405/405 407/407/407 408/408/408
f 405/405/405 408/408/408 409/409/409
f 405/405/405 409/409/409 410/410/410
f 405/405/405 410/410/410 411/411/411
f 405/405/405 411/411/411 406/406/406
f 412/412/412 408/408/408 402/402/402
f 412/412/412 402/402/402 401/401/401
f 412/412/412 401/401/401 398/398/398
f 412/412/412 398/398/398 413/413/413
f 412/412/412 413/413/413 414/414/414
f 412/412/412 414/414/414 415/415/415
f 412/412/412 415/415/415 409/409/409
f 412/412/412 409/409/409 408/408/408
f 416/416/416 413/413/413 398/398/398
f 416/416/416 398/398/398 397/397/397
f 416/416/416 397/397/397 394/394/394
f 416/416/416 394/394/394 417/417/417
f 416/416/416 417/417/417 418/418/418
f 416/416/416 418/418/418 419/419/419
f 416/416/416 419/419/419 414/414/414
f 416/416/416 414/414/414 413/413/413
f 420/420/420 417/417/417 421/421/421
f 420/420/420 421/421/421 393/393/393
f 420/420/420 393/393/393 390/390/390
f 420/420/420 390/390/390 422/422/422
f 420/420/420 422/422/422 423/423/423
f 420/420/420 423/423/423 424/424/424
f 420/420/420 424/424/424 425/425/425
f 420/420/420 425/425/425 417/417/417
f 426/426/426 422/422/422 390/390/390
f 426/426/426 390/390/390 389/389/389
f 426/426/426 389/389/389 427/427/427
f 426/426/426 427/427/427 428/428/428
f 426/426/426 428/428/428 429/429/429
f 426/426/426 429/429/429 430/430/430
f 426/426/426 430/430/430 423/423/423
f 426/426/426 423/423/423 422/422/422
f 431/431/431 428/428/428 386/386/386
f 431/431/431 386/386/386 385/385/385
f 431/431/431 385/385/385 382/382/382
f 431/431/431 382/382/382 432/432/432
f 431/431/431 432/432/432 433/433/433
f 431/431/431 433/433/433 434/434/434
f 431/431/431 434/434/434 429/429/429
f 431/431/431 429/429/429 428/428/428
f 435/435/435 432/432/432 382/382/382
f 435/435/435 382/382/382 381/381/381
f 435/435/435 381/381/381 378/378/378
f 435/435/435 378/378/378 436/436/436
f 435/435/435 436/436/436 437/437/437
f 435/435/435 437/437/437 438/438/438
f 435/435/435 438/438/438 433/433/433
f 435/435/435 433/433/433 432/432/432
f 439/439/439 436/436/436 440/440/440
f 439/439/439 440/440/440 377/377/377
f 439/439/439 377/377/377 376/376/376
f 439/439/439 376/376/376 406/406/406
f 439/439/439 406/406/406 411/411/411
f 439/439/439 411/411/411 441/441/441
f 439/439/439 441/441/441 442/442/442
f 439/439/439 442/442/442 436/436/436
f 443/443/443 444/444/444 445/445/445
f 443/443/443 445/445/445 446/446/446
f 443/443/443 446/446/446 447/447/447
f 443/443/443 447/447/447 448/448/448
f 443/443/443 448/448/448 449/449/449
f 443/443/443 449/449/449 450/450/450
f 443/443/443 450/450/450 451/451/451
f 443/443/443 451/451/451 444/444/444
f 452/452/452 453/453/453 454/454/454
f 452/452/452 454/454/454 455/455/455
f 452/452/452 455/455/455 456/456/456
f 452/452/452 456/456/456 457/457/457
f 452/452/452 457/457/457 447/447/447
f 452/452/452 447/447/447 446/446/446
f 452/452/452 446/446/446 445/445/445
f 452/452/452 445/445/445 453/453/453
f 458/458/458 459/459/459 460/460/460
f 458/458/458 460/460/460 461/461/461
f 458/458/458 461/461/461 462/462/462
f 458/458/458 462/462/462 463/463/463
f 458/458/458 463/463/463 456/456/456
f 458/458/458 456/456/456 455/455/455
f 458/458/458 455/455/455 454/454/454
f 458/458/458 454/454/454 459/459/459
f 464/464/464 465/465/465 466/466/466
f 464/464/464 466/466/466 467/467/467
f 464/464/464 467/467/467 468/468/468
f 464/464/464 468/468/468 469/469/469
f 464/464/464 469/469/469 462/462/462
f 464/464/464 462/462/462 461/461/461
f 464/464/464 461/461/461 460/460/460
f 464/464/464 460/460/460 465/465/465
f 470/470/470 471/471/471 472/472/472
f 470/470/470 472/472/472 473/473/473
f 470/470/470 473/473/473 474/474/474
f 470/470/470 474/474/474 475/475/475
f 470/470/470 475/475/475 468/468/468
f 470/470/470 468/468/468 467/467/467
f 470/470/470 467/467/467 466/466/466
f 470/470/470 466/466/466 471/471/471
f 476/476/476 477/477/477 478/478/478
f 476/476/476 478/478/478 479/479/479
f 476/476/476 479/479/479 480/480/480
f 476/476/476 480/480/480 481/481/481
f 476/476/476 481/481/481 474/474/474
f 476/476/476 474/474/474 473/473/473
f 476/476/476 473/473/473 482/482/482
f 476/476/476 482/482/482 477/477/477
f 483/483/483 484/484/484 485/485/485
f 483/483/483 485/485/485 486/486/486
f 483/483/483 486/486/486 487/487/487
f 483/483/483 487/487/487 488/488/488
f 483/483/483 488/488/488 480/480/480
f 483/483/483 480/480/480 479/479/479
f 483/483/483 479/479/479 478/478/478
f 483/483/483 478/478/478 484/484/484
f 489/489/489 490/490/490 451/451/451
f 489/489/489 451/451/451 450/450/450
f 489/489/489 450/450/450 449/449/449
f 489/489/489 449/449/449 491/491/491
f 489/489/489 491/491/491 487/487/487
f 489/489/489 487/487/487 486/486/486
f 489/489/489 486/486/486 492/492/492
f 489/489/489 492/492/492 490/490/490
f 493/493/493 448/448/448 447/447/447
f 493/493/493 447/447/447 494/494/494
f 493/493/493 494/494/494 495/495/495
f 493/493/493 495/495/495 496/496/496
f 493/493/493 496/496/496 497/497/497
f 493/493/493 497/497/497 498/498/498
f 493/493/493 498/498/498 449/449/449
f 493/493/493 449/449/449 448/448/448
f 499/499/499 457/457/457 456/456/456
f 499/499/499 456/456/456 500/500/500
f 499/499/499 500/500/500 501/501/501
f 499/499/499 501/501/501 502/502/502
f 499/499/499 502/502/502 495/495/495
f 499/499/499 495/495/495 494/494/494
f 499/499/499 494/494/494 447/447/447
f 499/499/499 447/447/447 457/457/457
f 503/503/503 463/463/463 462/462/462
f 503/503/503 462/462/462 504/504/504
f 503/503/503 504/504/504 505/505/505
f 503/503/503 505/505/505 506/506/506
f 503/503/503 506/506/506 501/501/501
f 503/503/503 501/501/501 500/500/500
f 503/503/503 500/500/500 456/456/456
f 503/503/503 456/456/456 463/463/463
f 507/507/507 469/469/469 468/468/468
f 507/507/507 468/468/468 508/508/508
f 507/507/507 508/508/508 509/509/509
f 507/507/507 509/509/509 510/510/510
f 507/507/507 510/510/510 505/505/505
f 507/507/507 505/505/505 504/504/504
f 507/507/507 504/504/504 462/462/462
f 507/507/507 462/462/462 469/469/469
f 511/511/511 475/475/475 474/474/474
f 511/511/511 474/474/474 512/512/512
f 511/511/511 512/512/512 513/513/513
f 511/511/511 513/513/513 514/514/514
f 511/511/511 514/514/514 509/509/509
f 511/511/511 509/509/509 508/508/508
f 511/511/511 508/508/508 468/468/468
f 511/511/511 468/468/468 475/475/475
f 515/515/515 481/481/481 480/480/480
f 515/515/515 480/480/480 516/516/516
f 515/515/515 516/516/516 517/517/517
f 515/515/515 517/517/517 518/518/518
f 515/515/515 518/518/518 513/513/513
f 515/515/515 513/513/513 512/512/512
f 515/515/515 512/512/512 474/474/474
f 515/515/515 474/474/474 481/481/481
f 519/519/519 488/488/488 487/487/487
f 519/519/519 487/487/487 520/520/520
f 519/519/519 520/520/520 521/521/521
f 519/519/519 521/521/521 522/522/522
f 519/519/519 522/522/522 517/517/517
f 519/519/519 517/517/517 516/516/516
f 519/519/519 516/516/516 480/480/480
f 519/519/519 480/480/480 488/488/488
f 523/523/523 491/491/491 449/449/449
f 523/523/523 449/449/449 498/498/498
f 523/523/523 498/498/498 497/497/497
f 523/523/523 497/497/497 524/524/524
f 523/523/523 524/524/524 521/521/521
f 523/523/523 521/521/521 520/520/520
f 523/523/523 520/520/520 487/487/487
f 523/523/523 487/487/487 491/491/491
f 525/525/525 496/496/496 495/495/495
f 525/525/525 495/495/495 526/526/526
f 525/525/525 526/526/526 527/527/527
f 525/525/525 527/527/527 528/528/528
f 525/525/525 528/528/528 529/529/529
f 525/525/525 529/529/529 530/530/530
f 525/525/525 530/530/530 497/497/497
f 525/525/525 497/497/497 496/496/496
f 531/531/531 502/502/502 501/501/501
f 531/531/531 501/501/501 532/532/532
f 531/531/531 532/532/532 533/533/533
f 531/531/531 533/533/533 534/534/534
f 531/531/531 534/534/534 527/527/527
f 531/531/531 527/527/527 526/526/526
f 531/531/531 526/526/526 495/495/495
f 531/531/531 495/495/495 502/502/502
f 535/535/535 506/506/506 505/505/505
f 535/535/535 505/505/505 536/536/536
f 535/535/535 536/536/536 537/537/537
f 535/535/535 537/537/537 538/538/538
f 535/535/535 538/538/538 533/533/533
f 535/535/535 533/533/533 532/532/532
f 535/535/535 532/532/532 501/501/501
f 535/535/535 501/501/501 506/506/506
f 539/539/539 510/510/510 509/509/509
f 539/539/539 509/509/509 540/540/540
f 539/539/539 540/540/540 541/541/541
f 539/539/539 541/541/541 542/542/542
f 539/539/539 542/542/542 537/537/537
f 539/539/539 537/537/537 536/536/536
f 539/539/539 536/536/536 505/505/505
f 539/539/539 505/505/505 510/510/510
f 543/543/543 514/514/514 513/513/513
f 543/543/543 513/513/513 544/544/544
f 543/543/543 544/544/544 545/545/545
f 543/543/543 545/545/545 546/546/546
f 543/543/543 546/546/546 541/541/541
f 543/543/543 541/541/541 540/540/540
f 543/543/543 540/540/540 509/509/509
f 543/543/543 509/509/509 514/514/514
f 547/547/547 518/518/518 517/517/517
f 547/547/547 517/517/517 548/548/548
f 547/547/547 548/548/548 549/549/549
f 547/547/547 549/549/549 550/550/550
f 547/547/547 550/550/550 545/545/545
f 547/547/547 545/545/545 544/544/544
f 547/547/547 544/544/544 513/513/513
f 547/547/547 513/513/513 518/518/518
f 551/551/551 522/522/522 521/521/521
f 551/551/551 521/521/521 552/552/552
f 551/551/551 552/552/552 553/553/553
f 551/551/551 553/553/553 554/554/554
f 551/551/551 554/554/554 549/549/549
f 551/551/551 549/549/549 548/548/548
f 551/551/551 548/548/548 517/517/517
f 551/551/551 517/517/517 522/522/522
f 555/555/555 524/524/524 497/497/497
f 555/555/555 497/497/497 530/530/530
f 555/555/555 530/530/530 529/529/529
f 555/555/555 529/529/529 556/556/556
f 555/555/555 556/556/556 553/553/553
f 555/555/555 553/553/553 552/552/552
f 555/555/555 552/552/552 521/521/521
f 555/555/555 521/521/521 524/524/524
f 557/557/557 528/528/528 527/527/527
f 557/557/557 527/527/527 558/558/558
f 557/557/557 558/558/558 559/559/559
f 557/557/557 559/559/559 560/560/560
f 557/557/557 560/560/560 561/561/561
f 557/557/557 561/561/561 562/562/562
f 557/557/557 562/562/562 529/529/529
f 557/557/557 529/529/529 528/528/528
f 563/563/563 560/560/560 559/559/559
f 563/563/563 559/559/559 564/564/564
f 563/563/563 564/564/564 565/565/565
f 563/563/563 565/565/565 566/566/566
f 563/563/563 566/566/566 567/567/567
f 563/563/563 567/567/567 568/568/568
f 563/563/563 568/568/568 561/561/561
f 563/563/563 561/561/561 560/560/560
f 569/569/569 534/534/534 533/533/533
f 569/569/569 533/533/533 570/570/570
f 569/569/569 570/570/570 571/571/571
f 569/569/569 571/571/571 572/572/572
f 569/569/569 572/572/572 559/559/559
f 569/569/569 559/559/559 558/558/558
f 569/569/569 558/558/558 527/527/527
f 569/569/569 527/527/527 534/534/534
f 573/573/573 572/572/572 571/571/571
f 573/573/573 571/571/571 574/574/574
f 573/573/573 574/574/574 575/575/575
f 573/573/573 575/575/575 576/576/576
f 573/573/573 576/576/576 565/565/565
f 573/573/573 565/565/565 564/564/564
f 573/573/573 564/564/564 559/559/559
f 573/573/573 559/559/559 572/572/572
f 577/577/577 538/538/538 537/537/537
f 577/577/577 537/537/537 578/578/578
f 577/577/577 578/578/578 579/579/579
f 577/577/577 579/579/579 580/580/580
f 577/577/577 580/580/580 571/571/571
f 577/577/577 571/571/571 570/570/570
f 577/577/577 570/570/570 533/533/533
f 577/577/577 533/533/533 538/538/538
f 581/581/581 580/580/580 579/579/579
f 581/581/581 579/579/579 582/582/582
f 581/581/581 582/582/582 583/583/583
f 581/581/581 583/583/583 584/584/584
f 581/581/581 584/584/584 575/575/575
f 581/581/581 575/575/575 574/574/574
f 581/581/581 574/574/574 571/571/571
f 581/581/581 571/571/571 580/580/580
f 585/585/585 542/542/542 541/541/541
f 585/585/585 541/541/541 586/586/586
f 585/585/585 586/586/586 587/587/587
f 585/585/585 587/587/587 588/588/588
f 585/585/585 588/588/588 579/579/579
f 585/585/585 579/579/579 578/578/578
f 585/585/585 578/578/578 537/537/537
f 585/585/585 537/537/537 542/542/542
f 589/589/589 588/588/588 587/587/587
f 589/589/589 587/587/587 590/590/590
f 589/589/589 590/590/590 591/591/591
f 589/589/589 591/591/591 592/592/592
f 589/589/589 592/592/592 583/583/583
f 589/589/589 583/583/583 582/582/582
f 589/589/589 582/582/582 579/579/579
f 589/589/589 579/579/579 588/588/588
f 593/593/593 546/546/546 545/545/545
f 593/593/593 545/545/545 594/594/594
f 593/593/593 594/594/594 595/595/595
f 593/593/593 595/595/595 596/596/596
f 593/593/593 596/596/596 587/587/587
f 593/593/593 587/587/587 586/586/586
f 593/593/593 586/586/586 541/541/541
f 593/593/593 541/541/541 546/546/546
f 597/597/597 596/596/596 595/595/595
f 597/597/597 595/595/595 598/598/598
f 597/597/597 598/598/598 599/599/599
f 597/597/597 599/599/599 600/600/600
f 597/597/597 600/600/600 591/591/591
f 597/597/597 591/591/591 590/590/590
f 597/597/597 590/590/590 587/587/587
f 597/597/597 587/587/587 596/596/596
f 601/601/601 550/550/550 549/549/549
f 601/601/601 549/549/549 602/602/602
f 601/601/601 602/602/602 603/603/603
f 601/601/601 603/603/603 604/604/604
f 601/601/601 604/604/604 595/595/595
f 601/601/601 595/595/595 594/594/594
f 601/601/601 594/594/594 545/545/545
f 601/601/601 545/545/545 550/550/550
f 605/605/605 604/604/604 603/603/603
f 605/605/605 603/603/603 606/606/606
f 605/605/605 606/606/606 607/607/607
f 605/605/605 607/607/607 608/608/608
f 605/605/605 608/608/608 599/599/599
f 605/605/605 599/599/599 598/598/598
f 605/605/605 598/598/598 595/595/595
f 605/605/605 595/595/595 604/604/604
f 609/609/609 554/554/554 553/553/553
f 609/609/609 553/553/553 610/610/610
f 609/609/609 610/610/610 611/611/611
f 609/609/609 611/611/611 612/612/612
f 609/609/609 612/612/612 603/603/603
f 609/609/609 603/603/603 602/602/602
f 609/609/609 602/602/602 549/549/549
f 609/609/609 549/549/549 554/554/554
f 613/613/613 612/612/612 611/611/611
f 613/613/613 611/611/611 614/614/614
f 613/613/613 614/614/614 615/615/615
f 613/613/613 615/615/615 616/616/616
f 613/613/613 616/616/616 607/607/607
f 613/613/613 607/607/607 606/606/606
f 613/613/613 606/606/606 603/603/603
f 613/613/613 603/603/603 612/612/612
f 617/617/617 556/556/556 529/529/529
f 617/617/617 529/529/529 562/562/562
f 617/617/617 562/562/562 561/561/561
f 617/617/617 561/561/561 618/618/618
f 617/617/617 618/618/618 611/611/611
f 617/617/617 611/611/611 610/610/610
f 617/617/617 610/610/610 553/553/553
f 617/617/617 553/553/553 556/556/556
f 619/619/619 618/618/618 561/561/561
f 619/619/619 561/561/561 568/568/568
f 619/619/619 568/568/568 567/567/567
f 619/619/619 567/567/567 620/620/620
f 619/619/619 620/620/620 615/615/615
f 619/619/619 615/615/615 614/614/614
f 619/619/619 614/614/614 611/611/611
f 619/619/619 611/611/611 618/618/618
f 621/621/621 620/620/620 567/567/567
f 621/621/621 567/567/567 622/622/622
f 621/621/621 622/622/622 623/623/623
f 621/621/621 623/623/623 624/624/624
f 621/621/621 624/624/624 625/625/625
f 621/621/621 625/625/625 626/626/626
f 621/621/621 626/626/626 615/615/615
f 621/621/621 615/615/615 620/620/620
f 627/627/627 624/624/624 623/623/623
f 627/627/627 623/623/623 628/628/628
f 627/627/627 628/628/628 191/191/191
f 627/627/627 191/191/191 235/235/235
f 627/627/627 235/235/235 230/230/230
f 627/627/627 230/230/230 629/629/629
f 627/627/627 629/629/629 625/625/625
f 627/627/627 625/625/625 624/624/624
f 630/630/630 616/616/616 615/615/615
f 630/630/630 615/615/615 626/626/626
f 630/630/630 626/626/626 625/625/625
f 630/630/630 625/625/625 631/631/631
f 630/630/630 631/631/631 632/632/632
f 630/630/630 632/632/632 633/633/633
f 630/630/630 633/633/633 607/607/607
f 630/630/630 607/607/607 616/616/616
f 634/634/634 631/631/631 625/625/625
f 634/634/634 625/625/625 629/629/629
f 634/634/634 629/629/629 230/230/230
f 634/634/634 230/230/230 229/229/229
f 634/634/634 229/229/229 224/224/224
f 634/634/634 224/224/224 635/635/635
f 634/634/634 635/635/635 632/632/632
f 634/634/634 632/632/632 631/631/631
f 636/636/636 608/608/608 607/607/607
f 636/636/636 607/607/607 633/633/633
f 636/636/636 633/633/633 632/632/632
f 636/636/636 632/632/632 637/637/637
f 636/636/636 637/637/637 638/638/638
f 636/636/636 638/638/638 639/639/639
f 636/636/636 639/639/639 599/599/599
f 636/636/636 599/599/599 608/608/608
f 640/640/640 637/637/637 632/632/632
f 640/640/640 632/632/632 635/635/635
f 640/640/640 635/635/635 224/224/224
f 640/640/640 224/224/224 223/223/223
f 640/640/640 223/223/223 218/218/218
f 640/640/640 218/218/218 641/641/641
f 640/640/640 641/641/641 638/638/638
f 640/640/640 638/638/638 637/637/637
f 642/642/642 600/600/600 599/599/599
f 642/642/642 599/599/599 639/639/639
f 642/642/642 639/639/639 638/638/638
f 642/642/642 638/638/638 643/643/643
f 642/642/642 643/643/643 644/644/644
f 642/642/642 644/644/644 645/645/645
f 642/642/642 645/645/645 591/591/591
f 642/642/642 591/591/591 600/600/600
f 646/646/646 643/643/643 638/638/638
f 646/646/646 638/638/638 641/641/641
f 646/646/646 641/641/641 218/218/218
f 646/646/646 218/218/218 217/217/217
f 646/646/646 217/217/217 212/212/212
f 646/646/646 212/212/212 647/647/647
f 646/646/646 647/647/647 644/644/644
f 646/646/646 644/644/644 643/643/643
f 648/648/648 592/592/592 591/591/591
f 648/648/648 591/591/591 645/645/645
f 648/648/648 645/645/645 644/644/644
f 648/648/648 644/644/644 649/649/649
f 648/648/648 649/649/649 650/650/650
f 648/648/648 650/650/650 651/651/651
f 648/648/648 651/651/651 583/583/583
f 648/648/648 583/583/583 592/592/592
f 652/652/652 649/649/649 644/644/644
f 652/652/652 644/644/644 647/647/647
f 652/652/652 647/647/647 212/212/212
f 652/652/652 212/212/212 211/211/211
f 652/652/652 211/211/211 206/206/206
f 652/652/652 206/206/206 653/653/653
f 652/652/652 653/653/653 650/650/650
f 652/652/652 650/650/650 649/649/649
f 654/654/654 584/584/584 583/583/583
f 654/654/654 583/583/583 651/651/651
f 654/654/654 651/651/651 650/650/650
f 654/654/654 650/650/650 655/655/655
f 654/654/654 655/655/655 656/656/656
f 654/654/654 656/656/656 657/657/657
f 654/654/654 657/657/657 575/575/575
f 654/654/654 575/575/575 584/584/584
f 658/658/658 655/655/655 650/650/650
f 658/658/658 650/650/650 653/653/653
f 658/658/658 653/653/653 206/206/206
f 658/658/658 206/206/206 205/205/205
f 658/658/658 205/205/205 200/200/200
f 658/658/658 200/200/200 659/659/659
f 658/658/658 659/659/659 656/656/656
f 658/658/658 656/656/656 655/655/655
f 660/660/660 576/576/576 575/575/575
f 660/660/660 575/575/575 657/657/657
f 660/660/660 657/657/657 656/656/656
f 660/660/660 656/656/656 661/661/661
f 660/660/660 661/661/661 662/662/662
f 660/660/660 662/662/662 663/663/663
f 660/660/660 663/663/663 565/565/565
f 660/660/660 565/565/565 576/576/576
f 664/664/664 661/661/661 656/656/656
f 664/664/664 656/656/656 659/659/659
f 664/664/664 659/659/659 200/200/200
f 664/664/664 200/200/200 199/199/199
f 664/664/664 199/199/199 193/193/193
f 664/664/664 193/193/193 665/665/665
f 664/664/664 665/665/665 662/662/662
f 664/664/664 662/662/662 661/661/661
f 666/666/666 566/566/566 565/565/565
f 666/666/666 565/565/565 663/663/663
f 666/666/666 663/663/663 662/662/662
f 666/666/666 662/662/662 667/667/667
f 666/666/666 667/667/667 623/623/623
f 666/666/666 623/623/623 622/622/622
f 666/666/666 622/622/622 567/567/567
f 666/666/666 567/567/567 566/566/566
f 668/668/668 667/667/667 662/662/662
f 668/668/668 662/662/662 665/665/665
f 668/668/668 665/665/665 193/193/193
f 668/668/668 193/193/193 192/192/192
f 668/668/668 192/192/192 191/191/191
f 668/668/668 191/191/191 628/628/628
f 668/668/668 628/628/628 623/623/623
f 668/668/668 623/623/623 667/667/667
f 669/669/669 670/670/670 437/437/437
f 669/669/669 437/437/437 441/441/441
f 669/669/669 441/441/441 411/411/411
f 669/669/669 411/411/411 671/671/671
f 669/669/669 671/671/671 672/672/672
f 669/669/669 672/672/672 673/673/673
f 669/669/669 673/673/673 674/674/674
f 669/669/669 674/674/674 670/670/670
f 675/675/675 676/676/676 433/433/433
f 675/675/675 433/433/433 438/438/438
f 675/675/675 438/438/438 437/437/437
f 675/675/675 437/437/437 670/670/670
f 675/675/675 670/670/670 674/674/674
f 675/675/675 674/674/674 677/677/677
f 675/675/675 677/677/677 678/678/678
f 675/675/675 678/678/678 676/676/676
f 679/679/679 680/680/680 429/429/429
f 679/679/679 429/429/429 434/434/434
f 679/679/679 434/434/434 433/433/433
f 679/679/679 433/433/433 676/676/676
f 679/679/679 676/676/676 678/678/678
f 679/679/679 678/678/678 681/681/681
f 679/679/679 681/681/681 682/682/682
f 679/679/679 682/682/682 680/680/680
f 683/683/683 684/684/684 423/423/423
f 683/683/683 423/423/423 430/430/430
f 683/683/683 430/430/430 429/429/429
f 683/683/683 429/429/429 680/680/680
f 683/683/683 680/680/680 682/682/682
f 683/683/683 682/682/682 685/685/685
f 683/683/683 685/685/685 686/686/686
f 683/683/683 686/686/686 684/684/684
f 687/687/687 688/688/688 418/418/418
f 687/687/687 418/418/418 424/424/424
f 687/687/687 424/424/424 423/423/423
f 687/687/687 423/423/423 684/684/684
f 687/687/687 684/684/684 686/686/686
f 687/687/687 686/686/686 689/689/689
f 687/687/687 689/689/689 690/690/690
f 687/687/687 690/690/690 688/688/688
f 691/691/691 692/692/692 414/414/414
f 691/691/691 414/414/414 419/419/419
f 691/691/691 419/419/419 418/418/418
f 691/691/691 418/418/418 688/688/688
f 691/691/691 688/688/688 690/690/690
f 691/691/691 690/690/690 693/693/693
f 691/691/691 693/693/693 694/694/694
f 691/691/691 694/694/694 692/692/692
f 695/695/695 696/696/696 409/409/409
f 695/695/695 409/409/409 415/415/415
f 695/695/695 415/415/415 414/414/414
f 695/695/695 414/414/414 692/692/692
f 695/695/695 692/692/692 694/694/694
f 695/695/695 694/694/694 697/697/697
f 695/695/695 697/697/697 698/698/698
f 695/695/695 698/698/698 696/696/696
f 699/699/699 671/671/671 411/411/411
f 699/699/699 411/411/411 410/410/410
f 699/699/699 410/410/410 409/409/409
f 699/699/699 409/409/409 696/696/696
f 699/699/699 696/696/696 698/698/698
f 699/699/699 698/698/698 700/700/700
f 699/699/699 700/700/700 672/672/672
f 699/699/699 672/672/672 671/671/671
f 701/701/701 702/702/702 682/682/682
f 701/701/701 682/682/682 681/681/681
f 701/701/701 681/681/681 678/678/678
f 701/701/701 678/678/678 677/677/677
f 701/701/701 677/677/677 674/674/674
f 701/701/701 674/674/674 703/703/703
f 701/701/701 703/703/703 704/704/704
f 701/701/701 704/704/704 702/702/702
f 705/705/705 706/706/706 690/690/690
f 705/705/705 690/690/690 689/689/689
f 705/705/705 689/689/689 686/686/686
f 705/705/705 686/686/686 685/685/685
f 705/705/705 685/685/685 682/682/682
f 705/705/705 682/682/682 702/702/702
f 705/705/705 702/702/702 704/704/704
f 705/705/705 704/704/704 706/706/706
f 707/707/707 708/708/708 698/698/698
f 707/707/707 698/698/698 697/697/697
f 707/707/707 697/697/697 694/694/694
f 707/707/707 694/694/694 693/693/693
f 707/707/707 693/693/693 690/690/690
f 707/707/707 690/690/690 706/706/706
f 707/707/707 706/706/706 704/704/704
f 707/707/707 704/704/704 708/708/708
f 709/709/709 700/700/700 698/698/698
f 709/709/709 698/698/698 708/708/708
f 709/709/709 708/708/708 704/704/704
f 709/709/709 704/704/704 703/703/703
f 709/709/709 703/703/703 674/674/674
f 709/709/709 674/674/674 673/673/673
f 709/709/709 673/673/673 672/672/672
f 709/709/709 672/672/672 700/700/700
f 710/710/710 711/711/711 712/712/712
f 710/710/710 712/712/712 713/713/713
f 710/710/710 713/713/713 714/714/714
f 710/710/710 714/714/714 715/715/715
f 710/710/710 715/715/715 716/716/716
f 710/710/710 716/716/716 717/717/717
f 710/710/710 717/717/717 718/718/718
f 710/710/710 718/718/718 711/711/711
f 719/719/719 720/720/720 712/712/712
f 719/719/719 712/712/712 711/711/711
f 719/719/719 711/711/711 718/718/718
f 719/719/719 718/718/718 721/721/721
f 719/719/719 721/721/721 722/722/722
f 719/719/719 722/722/722 723/723/723
f 719/719/719 723/723/723 724/724/724
f 719/719/719 724/724/724 720/720/720
f 725/725/725 726/726/726 727/727/727
f 725/725/725 727/727/727 728/728/728
f 725/725/725 728/728/728 724/724/724
f 725/725/725 724/724/724 723/723/723
f 725/725/725 723/723/723 722/722/722
f 725/725/725 722/722/722 729/729/729
f 725/725/725 729/729/729 730/730/730
f 725/725/725 730/730/730 726/726/726
f 731/731/731 732/732/732 727/727/727
f 731/731/731 727/727/727 726/726/726
f 731/731/731 726/726/726 730/730/730
f 731/731/731 730/730/730 733/733/733
f 731/731/731 733/733/733 734/734/734
f 731/731/731 734/734/734 735/735/735
f 731/731/731 735/735/735 736/736/736
f 731/731/731 736/736/736 732/732/732
f 737/737/737 738/738/738 739/739/739
f 737/737/737 739/739/739 740/740/740
f 737/737/737 740/740/740 736/736/736
f 737/737/737 736/736/736 735/735/735
f 737/737/737 735/735/735 734/734/734
f 737/737/737 734/734/734 741/741/741
f 737/737/737 741/741/741 742/742/742
f 737/737/737 742/742/742 738/738/738
f 743/743/743 744/744/744 739/739/739
f 743/743/743 739/739/739 738/738/738
f 743/743/743 738/738/738 742/742/742
f 743/743/743 742/742/742 745/745/745
f 743/743/743 745/745/745 746/746/746
f 743/743/743 746/746/746 747/747/747
f 743/743/743 747/747/747 748/748/748
f 743/743/743 748/748/748 744/744/744
f 749/749/749 750/750/750 751/751/751
f 749/749/749 751/751/751 752/752/752
f 749/749/749 752/752/752 748/748/748
f 749/749/749 748/748/748 747/747/747
f 749/749/749 747/747/747 746/746/746
f 749/749/749 746/746/746 753/753/753
f 749/749/749 753/753/753 754/754/754
f 749/749/749 754/754/754 750/750/750
f 755/755/755 756/756/756 751/751/751
f 755/755/755 751/751/751 750/750/750
f 755/755/755 750/750/750 754/754/754
f 755/755/755 754/754/754 757/757/757
f 755/755/755 757/757/757 758/758/758
f 755/755/755 758/758/758 759/759/759
f 755/755/755 759/759/759 760/760/760
f 755/755/755 760/760/760 756/756/756
f 761/761/761 762/762/762 763/763/763
f 761/761/761 763/763/763 764/764/764
f 761/761/761 764/764/764 760/760/760
f 761/761/761 760/760/760 759/759/759
f 761/761/761 759/759/759 758/758/758
f 761/761/761 758/758/758 765/765/765
f 761/761/761 765/765/765 766/766/766
f 761/761/761 766/766/766 762/762/762
f 767/767/767 768/768/768 763/763/763
f 767/767/767 763/763/763 762/762/762
f 767/767/767 762/762/762 766/766/766
f 767/767/767 766/766/766 769/769/769
f 767/767/767 769/769/769 770/770/770
f 767/767/767 770/770/770 771/771/771
f 767/767/767 771/771/771 772/772/772
f 767/767/767 772/772/772 768/768/768
f 773/773/773 774/774/774 772/772/772
f 773/773/773 772/772/772 771/771/771
f 773/773/773 771/771/771 770/770/770
f 773/773/773 770/770/770 775/775/775
f 773/773/773 775/775/775 776/776/776
f 773/773/773 776/776/776 777/777/777
f 773/773/773 777/777/777 778/778/778
f 773/773/773 778/778/778 774/774/774
f 779/779/779 780/780/780 778/778/778
f 779/779/779 778/778/778 777/777/777
f 779/779/779 777/777/777 776/776/776
f 779/779/779 776/776/776 781/781/781
f 779/779/779 781/781/781 716/716/716
f 779/779/779 716/716/716 715/715/715
f 779/779/779 715/715/715 714/714/714
f 779/779/779 714/714/714 780/780/780
f 782/782/782 781/781/781 776/776/776
f 782/782/782 776/776/776 783/783/783
f 782/782/782 783/783/783 784/784/784
f 782/782/782 784/784/784 785/785/785
f 782/782/782 785/785/785 786/786/786
f 782/782/782 786/786/786 787/787/787
f 782/782/782 787/787/787 716/716/716
f 782/782/782 716/716/716 781/781/781
f 788/788/788 775/775/775 770/770/770
f 788/788/788 770/770/770 789/789/789
f 788/788/788 789/789/789 790/790/790
f 788/788/788 790/790/790 791/791/791
f 788/788/788 791/791/791 784/784/784
f 788/788/788 784/784/784 783/783/783
f 788/788/788 783/783/783 776/776/776
f 788/788/788 776/776/776 775/775/775
f 792/792/792 769/769/769 766/766/766
f 792/792/792 766/766/766 793/793/793
f 792/792/792 793/793/793 794/794/794
f 792/792/792 794/794/794 795/795/795
f 792/792/792 795/795/795 790/790/790
f 792/792/792 790/790/790 789/789/789
f 792/792/792 789/789/789 770/770/770
f 792/792/792 770/770/770 769/769/769
f 796/796/796 793/793/793 766/766/766
f 796/796/796 766/766/766 765/765/765
f 796/796/796 765/765/765 758/758/758
f 796/796/796 758/758/758 797/797/797
f 796/796/796 797/797/797 798/798/798
f 796/796/796 798/798/798 799/799/799
f 796/796/796 799/799/799 794/794/794
f 796/796/796 794/794/794 793/793/793
f 800/800/800 757/757/757 754/754/754
f 800/800/800 754/754/754 801/801/801
f 800/800/800 801/801/801 802/802/802
f 800/800/800 802/802/802 803/803/803
f 800/800/800 803/803/803 798/798/798
f 800/800/800 798/798/798 797/797/797
f 800/800/800 797/797/797 758/758/758
f 800/800/800 758/758/758 757/757/757
f 804/804/804 801/801/801 754/754/754
f 804/804/804 754/754/754 753/753/753
f 804/804/804 753/753/753 746/746/746
f 804/804/804 746/746/746 805/805/805
f 804/804/804 805/805/805 806/806/806
f 804/804/804 806/806/806 807/807/807
f 804/804/804 807/807/807 802/802/802
f 804/804/804 802/802/802 801/801/801
f 808/808/808 745/745/745 742/742/742
f 808/808/808 742/742/742 809/809/809
f 808/808/808 809/809/809 810/810/810
f 808/808/808 810/810/810 811/811/811
f 808/808/808 811/811/811 806/806/806
f 808/808/808 806/806/806 805/805/805
f 808/808/808 805/805/805 746/746/746
f 808/808/808 746/746/746 745/745/745
f 812/812/812 809/809/809 742/742/742
f 812/812/812 742/742/742 741/741/741
f 812/812/812 741/741/741 734/734/734
f 812/812/812 734/734/734 813/813/813
f 812/812/812 813/813/813 814/814/814
f 812/812/812 814/814/814 815/815/815
f 812/812/812 815/815/815 810/810/810
f 812/812/812 810/810/810 809/809/809
f 816/816/816 733/733/733 730/730/730
f 816/816/816 730/730/730 817/817/817
f 816/816/816 817/817/817 818/818/818
f 816/816/816 818/818/818 819/819/819
f 816/816/816 819/819/819 814/814/814
f 816/816/816 814/814/814 813/813/813
f 816/816/816 813/813/813 734/734/734
f 816/816/816 734/734/734 733/733/733
f 820/820/820 817/817/817 730/730/730
f 820/820/820 730/730/730 729/729/729
f 820/820/820 729/729/729 722/722/722
f 820/820/820 722/722/722 821/821/821
f 820/820/820 821/821/821 822/822/822
f 820/820/820 822/822/822 823/823/823
f 820/820/820 823/823/823 818/818/818
f 820/820/820 818/818/818 817/817/817
f 824/824/824 721/721/721 718/718/718
f 824/824/824 718/718/718 825/825/825
f 824/824/824 825/825/825 826/826/826
f 824/824/824 826/826/826 827/827/827
f 824/824/824 827/827/827 822/822/822
f 824/824/824 822/822/822 821/821/821
f 824/824/824 821/821/821 722/722/722
f 824/824/824 722/722/722 721/721/721
f 828/828/828 825/825/825 718/718/718
f 828/828/828 718/718/718 717/717/717
f 828/828/828 717/717/717 716/716/716
f 828/828/828 716/716/716 787/787/787
f 828/828/828 787/787/787 786/786/786
f 828/828/828 786/786/786 829/829/829
f 828/828/828 829/829/829 826/826/826
f 828/828/828 826/826/826 825/825/825
f 830/830/830 831/831/831 126/126/126
f 830/830/830 126/126/126 125/125/125
f 830/830/830 125/125/125 63/63/63
f 830/830/830 63/63/63 832/832/832
f 830/830/830 832/832/832 833/833/833
f 830/830/830 833/833/833 834/834/834
f 830/830/830 834/834/834 835/835/835
f 830/830/830 835/835/835 831/831/831
f 836/836/836 837/837/837 143/143/143
f 836/836/836 143/143/143 142/142/142
f 836/836/836 142/142/142 126/126/126
f 836/836/836 126/126/126 831/831/831
f 836/836/836 831/831/831 835/835/835
f 836/836/836 835/835/835 838/838/838
f 836/836/836 838/838/838 839/839/839
f 836/836/836 839/839/839 837/837/837
f 840/840/840 841/841/841 149/149/149
f 840/840/840 149/149/149 148/148/148
f 840/840/840 148/148/148 143/143/143
f 840/840/840 143/143/143 837/837/837
f 840/840/840 837/837/837 839/839/839
f 840/840/840 839/839/839 842/842/842
f 840/840/840 842/842/842 843/843/843
f 840/840/840 843/843/843 841/841/841
f 844/844/844 845/845/845 71/71/71
f 844/844/844 71/71/71 846/846/846
f 844/844/844 846/846/846 149/149/149
f 844/844/844 149/149/149 841/841/841
f 844/844/844 841/841/841 843/843/843
f 844/844/844 843/843/843 847/847/847
f 844/844/844 847/847/847 848/848/848
f 844/844/844 848/848/848 845/845/845
f 849/849/849 850/850/850 67/67/67
f 849/849/849 67/67/67 72/72/72
f 849/849/849 72/72/72 71/71/71
f 849/849/849 71/71/71 845/845/845
f 849/849/849 845/845/845 848/848/848
f 849/849/849 848/848/848 851/851/851
f 849/849/849 851/851/851 852/852/852
f 849/849/849 852/852/852 850/850/850
f 853/853/853 832/832/832 63/63/63
f 853/853/853 63/63/63 68/68/68
f 853/853/853 68/68/68 67/67/67
f 853/853/853 67/67/67 850/850/850
f 853/853/853 850/850/850 852/852/852
f 853/853/853 852/852/852 854/854/854
f 853/853/853 854/854/854 833/833/833
f 853/853/853 833/833/833 832/832/832
f 855/855/855 842/842/842 839/839/839
f 855/855/855 839/839/839 856/856/856
f 855/855/855 856/856/856 857/857/857
f 855/855/855 857/857/857 858/858/858
f 855/855/855 858/858/858 859/859/859
f 855/855/855 859/859/859 860/860/860
f 855/855/855 860/860/860 843/843/843
f 855/855/855 843/843/843 842/842/842
f 861/861/861 847/847/847 843/843/843
f 861/861/861 843/843/843 860/860/860
f 861/861/861 860/860/860 859/859/859
f 861/861/861 859/859/859 862/862/862
f 861/861/861 862/862/862 863/863/863
f 861/861/861 863/863/863 864/864/864
f 861/861/861 864/864/864 848/848/848
f 861/861/861 848/848/848 847/847/847
f 865/865/865 851/851/851 848/848/848
f 865/865/865 848/848/848 864/864/864
f 865/865/865 864/864/864 863/863/863
f 865/865/865 863/863/863 866/866/866
f 865/865/865 866/866/866 867/867/867
f 865/865/865 867/867/867 868/868/868
f 865/865/865 868/868/868 852/852/852
f 865/865/865 852/852/852 851/851/851
f 869/869/869 854/854/854 852/852/852
f 869/869/869 852/852/852 868/868/868
f 869/869/869 868/868/868 867/867/867
f 869/869/869 867/867/867 870/870/870
f 869/869/869 870/870/870 871/871/871
f 869/869/869 871/871/871 872/872/872
f 869/869/869 872/872/872 833/833/833
f 869/869/869 833/833/833 854/854/854
f 873/873/873 874/874/874 835/835/835
f 873/873/873 835/835/835 834/834/834
f 873/873/873 834/834/834 833/833/833
f 873/873/873 833/833/833 872/872/872
f 873/873/873 872/872/872 871/871/871
f 873/873/873 871/871/871 875/875/875
f 873/873/873 875/875/875 876/876/876
f 873/873/873 876/876/876 874/874/874
f 877/877/877 838/838/838 835/835/835
f 877/877/877 835/835/835 874/874/874
f 877/877/877 874/874/874 876/876/876
f 877/877/877 876/876/876 878/878/878
f 877/877/877 878/878/878 857/857/857
f 877/877/877 857/857/857 856/856/856
f 877/877/877 856/856/856 839/839/839
f 877/877/877 839/839/839 838/838/838
f 879/879/879 880/880/880 881/881/881
f 879/879/879 881/881/881 882/882/882
f 879/879/879 882/882/882 883/883/883
f 879/879/879 883/883/883 884/884/884
f 879/879/879 884/884/884 885/885/885
f 879/879/879 885/885/885 886/886/886
f 879/879/879 886/886/886 887/887/887
f 879/879/879 887/887/887 880/880/880
f 888/888/888 884/884/884 883/883/883
f 888/888/888 883/883/883 889/889/889
f 888/888/888 889/889/889 890/890/890
f 888/888/888 890/890/890 891/891/891
f 888/888/888 891/891/891 892/892/892
f 888/888/888 892/892/892 893/893/893
f 888/888/888 893/893/893 885/885/885
f 888/888/888 885/885/885 884/884/884
f 894/894/894 895/895/895 887/887/887
f 894/894/894 887/887/887 886/886/886
f 894/894/894 886/886/886 885/885/885
f 894/894/894 885/885/885 896/896/896
f 894/894/894 896/896/896 897/897/897
f 894/894/894 897/897/897 898/898/898
f 894/894/894 898/898/898 899/899/899
f 894/894/894 899/899/899 895/895/895
f 900/900/900 896/896/896 885/885/885
f 900/900/900 885/885/885 893/893/893
f 900/900/900 893/893/893 892/892/892
f 900/900/900 892/892/892 901/901/901
f 900/900/900 901/901/901 902/902/902
f 900/900/900 902/902/902 903/903/903
f 900/900/900 903/903/903 897/897/897
f 900/900/900 897/897/897 896/896/896
f 904/904/904 905/905/905 899/899/899
f 904/904/904 899/899/899 898/898/898
f 904/904/904 898/898/898 897/897/897
f 904/904/904 897/897/897 906/906/906
f 904/904/904 906/906/906 907/907/907
f 904/904/904 907/907/907 908/908/908
f 904/904/904 908/908/908 909/909/909
f 904/904/904 909/909/909 905/905/905
f 910/910/910 906/906/906 897/897/897
f 910/910/910 897/897/897 903/903/903
f 910/910/910 903/903/903 902/902/902
f 910/910/910 902/902/902 911/911/911
f 910/910/910 911/911/911 912/912/912
f 910/910/910 912/912/912 913/913/913
f 910/910/910 913/913/913 907/907/907
f 910/910/910 907/907/907 906/906/906
f 914/914/914 915/915/915 909/909/909
f 914/914/914 909/909/909 908/908/908
f 914/914/914 908/908/908 907/907/907
f 914/914/914 907/907/907 916/916/916
f 914/914/914 916/916/916 917/917/917
f 914/914/914 917/917/917 918/918/918
f 914/914/914 918/918/918 919/919/919
f 914/914/914 919/919/919 915/915/915
f 920/920/920 916/916/916 907/907/907
f 920/920/920 907/907/907 913/913/913
f 920/920/920 913/913/913 912/912/912
f 920/920/920 912/912/912 921/921/921
f 920/920/920 921/921/921 922/922/922
f 920/920/920 922/922/922 923/923/923
f 920/920/920 923/923/923 924/924/924
f 920/920/920 924/924/924 916/916/916
f 925/925/925 926/926/926 927/927/927
f 925/925/925 927/927/927 928/928/928
f 925/925/925 928/928/928 929/929/929
f 925/925/925 929/929/929 930/930/930
f 925/925/925 930/930/930 931/931/931
f 925/925/925 931/931/931 932/932/932
f 925/925/925 932/932/932 933/933/933
f 925/925/925 933/933/933 926/926/926
f 934/934/934 930/930/930 929/929/929
f 934/934/934 929/929/929 935/935/935
f 934/934/934 935/935/935 936/936/936
f 934/934/934 936/936/936 937/937/937
f 934/934/934 937/937/937 938/938/938
f 934/934/934 938/938/938 939/939/939
f 934/934/934 939/939/939 931/931/931
f 934/934/934 931/931/931 930/930/930
f 940/940/940 941/941/941 933/933/933
f 940/940/940 933/933/933 932/932/932
f 940/940/940 932/932/932 931/931/931
f 940/940/940 931/931/931 942/942/942
f 940/940/940 942/942/942 943/943/943
f 940/940/940 943/943/943 944/944/944
f 940/940/940 944/944/944 945/945/945
f 940/940/940 945/945/945 941/941/941
f 946/946/946 942/942/942 931/931/931
f 946/946/946 931/931/931 939/939/939
f 946/946/946 939/939/939 938/938/938
f 946/946/946 938/938/938 947/947/947
f 946/946/946 947/947/947 948/948/948
f 946/946/946 948/948/948 949/949/949
f 946/946/946 949/949/949 943/943/943
f 946/946/946 943/943/943 942/942/942
f 950/950/950 951/951/951 952/952/952
f 950/950/950 952/952/952 953/953/953
f 950/950/950 953/953/953 954/954/954
f 950/950/950 954/954/954 955/955/955
f 950/950/950 955/955/955 956/956/956
f 950/950/950 956/956/956 957/957/957
f 950/950/950 957/957/957 958/958/958
f 950/950/950 958/958/958 951/951/951
f 959/959/959 955/955/955 954/954/954
f 959/959/959 954/954/954 960/960/960
f 959/959/959 960/960/960 961/961/961
f 959/959/959 961/961/961 962/962/962
f 959/959/959 962/962/962 963/963/963
f 959/959/959 963/963/963 964/964/964
f 959/959/959 964/964/964 956/956/956
f 959/959/959 956/956/956 955/955/955
f 965/965/965 966/966/966 958/958/958
f 965/965/965 958/958/958 957/957/957
f 965/965/965 957/957/957 956/956/956
f 965/965/965 956/956/956 967/967/967
f 965/965/965 967/967/967 968/968/968
f 965/965/965 968/968/968 969/969/969
f 965/965/965 969/969/969 970/970/970
f 965/965/965 970/970/970 966/966/966
f 971/971/971 967/967/967 956/956/956
f 971/971/971 956/956/956 964/964/964
f 971/971/971 964/964/964 963/963/963
f 971/971/971 963/963/963 972/972/972
f 971/971/971 972/972/972 973/973/973
f 971/971/971 973/973/973 974/974/974
f 971/971/971 974/974/974 968/968/968
f 971/971/971 968/968/968 967/967/967
f 975/975/975 976/976/976 970/970/970
f 975/975/975 970/970/970 969/969/969
f 975/975/975 969/969/969 968/968/968
f 975/975/975 968/968/968 977/977/977
f 975/975/975 977/977/977 978/978/978
f 975/975/975 978/978/978 979/979/979
f 975/975/975 979/979/979 980/980/980
f 975/975/975 980/980/980 976/976/976
f 981/981/981 977/977/977 968/968/968
f 981/981/981 968/968/968 974/974/974
f 981/981/981 974/974/974 973/973/973
f 981/981/981 973/973/973 982/982/982
f 981/981/981 982/982/982 983/983/983
f 981/981/981 983/983/983 984/984/984
f 981/981/981 984/984/984 978/978/978
f 981/981/981 978/978/978 977/977/977
f 985/985/985 986/986/986 883/883/883
f 985/985/985 883/883/883 882/882/882
f 985/985/985 882/882/882 881/881/881
f 985/985/985 881/881/881 987/987/987
f 985/985/985 987/987/987 980/980/980
f 985/985/985 980/980/980 979/979/979
f 985/985/985 979/979/979 978/978/978
f 985/985/985 978/978/978 986/986/986
f 988/988/988 986/986/986 978/978/978
f 988/988/988 978/978/978 984/984/984
f 988/988/988 984/984/984 983/983/983
f 988/988/988 983/983/983 989/989/989
f 988/988/988 989/989/989 890/890/890
f 988/988/988 890/890/890 889/889/889
f 988/988/988 889/889/889 883/883/883
f 988/988/988 883/883/883 986/986/986
f 990/990/990 53/53/53 5/5/5
f 990/990/990 5/5/5 991/991/991
f 990/990/990 991/991/991 992/992/992
f 990/990/990 992/992/992 993/993/993
f 990/990/990 993/993/993 994/994/994
f 990/990/990 994/994/994 995/995/995
f 990/990/990 995/995/995 48/48/48
f 990/990/990 48/48/48 53/53/53
f 996/996/996 993/993/993 992/992/992
f 996/996/996 992/992/992 997/997/997
f 996/996/996 997/997/997 881/881/881
f 996/996/996 881/881/881 880/880/880
f 996/996/996 880/880/880 887/887/887
f 996/996/996 887/887/887 998/998/998
f 996/996/996 998/998/998 994/994/994
f 996/996/996 994/994/994 993/993/993
f 999/999/999 895/895/895 899/899/899
f 999/999/999 899/899/899 1000/1000/1000
f 999/999/999 1000/1000/1000 1001/1001/1001
f 999/999/999 1001/1001/1001 1002/1002/1002
f 999/999/999 1002/1002/1002 994/994/994
f 999/999/999 994/994/994 998/998/998
f 999/999/999 998/998/998 887/887/887
f 999/999/999 887/887/887 895/895/895
f 1003/1003/1003 1002/1002/1002 1001/1001/1001
f 1003/1003/1003 1001/1001/1001 1004/1004/1004
f 1003/1003/1003 1004/1004/1004 1005/1005/1005
f 1003/1003/1003 1005/1005/1005 49/49/49
f 1003/1003/1003 49/49/49 48/48/48
f 1003/1003/1003 48/48/48 995/995/995
f 1003/1003/1003 995/995/995 994/994/994
f 1003/1003/1003 994/994/994 1002/1002/1002
f 1006/1006/1006 905/905/905 909/909/909
f 1006/1006/1006 909/909/909 1007/1007/1007
f 1006/1006/1006 1007/1007/1007 1008/1008/1008
f 1006/1006/1006 1008/1008/1008 1009/1009/1009
f 1006/1006/1006 1009/1009/1009 1001/1001/1001
f 1006/1006/1006 1001/1001/1001 1000/1000/1000
f 1006/1006/1006 1000/1000/1000 1010/1010/1010
f 1006/1006/1006 1010/1010/1010 905/905/905
f 1011/1011/1011 1009/1009/1009 1008/1008/1008
f 1011/1011/1011 1008/1008/1008 1012/1012/1012
f 1011/1011/1011 1012/1012/1012 33/33/33
f 1011/1011/1011 33/33/33 43/43/43
f 1011/1011/1011 43/43/43 42/42/42
f 1011/1011/1011 42/42/42 1004/1004/1004
f 1011/1011/1011 1004/1004/1004 1001/1001/1001
f 1011/1011/1011 1001/1001/1001 1009/1009/1009
f 1013/1013/1013 915/915/915 919/919/919
f 1013/1013/1013 919/919/919 1014/1014/1014
f 1013/1013/1013 1014/1014/1014 1015/1015/1015
f 1013/1013/1013 1015/1015/1015 1016/1016/1016
f 1013/1013/1013 1016/1016/1016 1008/1008/1008
f 1013/1013/1013 1008/1008/1008 1007/1007/1007
f 1013/1013/1013 1007/1007/1007 909/909/909
f 1013/1013/1013 909/909/909 915/915/915
f 1017/1017/1017 1016/1016/1016 1015/1015/1015
f 1017/1017/1017 1015/1015/1015 1018/1018/1018
f 1017/1017/1017 1018/1018/1018 35/35/35
f 1017/1017/1017 35/35/35 34/34/34
f 1017/1017/1017 34/34/34 33/33/33
f 1017/1017/1017 33/33/33 1012/1012/1012
f 1017/1017/1017 1012/1012/1012 1008/1008/1008
f 1017/1017/1017 1008/1008/1008 1016/1016/1016
f 1019/1019/1019 926/926/926 933/933/933
f 1019/1019/1019 933/933/933 1020/1020/1020
f 1019/1019/1019 1020/1020/1020 1021/1021/1021
f 1019/1019/1019 1021/1021/1021 1022/1022/1022
f 1019/1019/1019 1022/1022/1022 1023/1023/1023
f 1019/1019/1019 1023/1023/1023 1024/1024/1024
f 1019/1019/1019 1024/1024/1024 927/927/927
f 1019/1019/1019 927/927/927 926/926/926
f 1025/1025/1025 1022/1022/1022 1021/1021/1021
f 1025/1025/1025 1021/1021/1021 1026/1026/1026
f 1025/1025/1025 1026/1026/1026 18/18/18
f 1025/1025/1025 18/18/18 28/28/28
f 1025/1025/1025 28/28/28 1027/1027/1027
f 1025/1025/1025 1027/1027/1027 1028/1028/1028
f 1025/1025/1025 1028/1028/1028 1023/1023/1023
f 1025/1025/1025 1023/1023/1023 1022/1022/1022
f 1029/1029/1029 941/941/941 945/945/945
f 1029/1029/1029 945/945/945 1030/1030/1030
f 1029/1029/1029 1030/1030/1030 1031/1031/1031
f 1029/1029/1029 1031/1031/1031 1032/1032/1032
f 1029/1029/1029 1032/1032/1032 1021/1021/1021
f 1029/1029/1029 1021/1021/1021 1020/1020/1020
f 1029/1029/1029 1020/1020/1020 933/933/933
f 1029/1029/1029 933/933/933 941/941/941
f 1033/1033/1033 1032/1032/1032 1031/1031/1031
f 1033/1033/1033 1031/1031/1031 1034/1034/1034
f 1033/1033/1033 1034/1034/1034 1035/1035/1035
f 1033/1033/1033 1035/1035/1035 19/19/19
f 1033/1033/1033 19/19/19 18/18/18
f 1033/1033/1033 18/18/18 1026/1026/1026
f 1033/1033/1033 1026/1026/1026 1021/1021/1021
f 1033/1033/1033 1021/1021/1021 1032/1032/1032
f 1036/1036/1036 951/951/951 958/958/958
f 1036/1036/1036 958/958/958 1037/1037/1037
f 1036/1036/1036 1037/1037/1037 1038/1038/1038
f 1036/1036/1036 1038/1038/1038 1039/1039/1039
f 1036/1036/1036 1039/1039/1039 1040/1040/1040
f 1036/1036/1036 1040/1040/1040 1041/1041/1041
f 1036/1036/1036 1041/1041/1041 952/952/952
f 1036/1036/1036 952/952/952 951/951/951
f 1042/1042/1042 1039/1039/1039 1038/1038/1038
f 1042/1042/1042 1038/1038/1038 1043/1043/1043
f 1042/1042/1042 1043/1043/1043 1044/1044/1044
f 1042/1042/1042 1044/1044/1044 1045/1045/1045
f 1042/1042/1042 1045/1045/1045 1046/1046/1046
f 1042/1042/1042 1046/1046/1046 1047/1047/1047
f 1042/1042/1042 1047/1047/1047 1040/1040/1040
f 1042/1042/1042 1040/1040/1040 1039/1039/1039
f 1048/1048/1048 966/966/966 970/970/970
f 1048/1048/1048 970/970/970 1049/1049/1049
f 1048/1048/1048 1049/1049/1049 1050/1050/1050
f 1048/1048/1048 1050/1050/1050 1051/1051/1051
f 1048/1048/1048 1051/1051/1051 1038/1038/1038
f 1048/1048/1048 1038/1038/1038 1037/1037/1037
f 1048/1048/1048 1037/1037/1037 958/958/958
f 1048/1048/1048 958/958/958 966/966/966
f 1052/1052/1052 1051/1051/1051 1050/1050/1050
f 1052/1052/1052 1050/1050/1050 1053/1053/1053
f 1052/1052/1052 1053/1053/1053 12/12/12
f 1052/1052/1052 12/12/12 1054/1054/1054
f 1052/1052/1052 1054/1054/1054 1044/1044/1044
f 1052/1052/1052 1044/1044/1044 1043/1043/1043
f 1052/1052/1052 1043/1043/1043 1038/1038/1038
f 1052/1052/1052 1038/1038/1038 1051/1051/1051
f 1055/1055/1055 976/976/976 980/980/980
f 1055/1055/1055 980/980/980 1056/1056/1056
f 1055/1055/1055 1056/1056/1056 1057/1057/1057
f 1055/1055/1055 1057/1057/1057 1058/1058/1058
f 1055/1055/1055 1058/1058/1058 1050/1050/1050
f 1055/1055/1055 1050/1050/1050 1049/1049/1049
f 1055/1055/1055 1049/1049/1049 970/970/970
f 1055/1055/1055 970/970/970 976/976/976
f 1059/1059/1059 1058/1058/1058 1057/1057/1057
f 1059/1059/1059 1057/1057/1057 1060/1060/1060
f 1059/1059/1059 1060/1060/1060 3/3/3
f 1059/1059/1059 3/3/3 13/13/13
f 1059/1059/1059 13/13/13 12/12/12
f 1059/1059/1059 12/12/12 1053/1053/1053
f 1059/1059/1059 1053/1053/1053 1050/1050/1050
f 1059/1059/1059 1050/1050/1050 1058/1058/1058
f 1061/1061/1061 987/987/987 881/881/881
f 1061/1061/1061 881/881/881 997/997/997
f 1061/1061/1061 997/997/997 992/992/992
f 1061/1061/1061 992/992/992 1062/1062/1062
f 1061/1061/1061 1062/1062/1062 1057/1057/1057
f 1061/1061/1061 1057/1057/1057 1056/1056/1056
f 1061/1061/1061 1056/1056/1056 980/980/980
f 1061/1061/1061 980/980/980 987/987/987
f 1063/1063/1063 1062/1062/1062 992/992/992
f 1063/1063/1063 992/992/992 991/991/991
f 1063/1063/1063 991/991/991 5/5/5
f 1063/1063/1063 5/5/5 4/4/4
f 1063/1063/1063 4/4/4 3/3/3
f 1063/1063/1063 3/3/3 1060/1060/1060
f 1063/1063/1063 1060/1060/1060 1057/1057/1057
f 1063/1063/1063 1057/1057/1057 1062/1062/1062
f 1064/1064/1064 21/21/21 20/20/20
f 1064/1064/1064 20/20/20 1065/1065/1065
f 1064/1064/1064 1065/1065/1065 1066/1066/1066
f 1064/1064/1064 1066/1066/1066 1067/1067/1067
f 1064/1064/1064 1067/1067/1067 1068/1068/1068
f 1064/1064/1064 1068/1068/1068 1069/1069/1069
f 1064/1064/1064 1069/1069/1069 22/22/22
f 1064/1064/1064 22/22/22 21/21/21
f 1070/1070/1070 1067/1067/1067 1066/1066/1066
f 1070/1070/1070 1066/1066/1066 1071/1071/1071
f 1070/1070/1070 1071/1071/1071 1046/1046/1046
f 1070/1070/1070 1046/1046/1046 1072/1072/1072
f 1070/1070/1070 1072/1072/1072 1073/1073/1073
f 1070/1070/1070 1073/1073/1073 1074/1074/1074
f 1070/1070/1070 1074/1074/1074 1068/1068/1068
f 1070/1070/1070 1068/1068/1068 1067/1067/1067
f 1075/1075/1075 36/36/36 35/35/35
f 1075/1075/1075 35/35/35 1076/1076/1076
f 1075/1075/1075 1076/1076/1076 1077/1077/1077
f 1075/1075/1075 1077/1077/1077 1078/1078/1078
f 1075/1075/1075 1078/1078/1078 1079/1079/1079
f 1075/1075/1075 1079/1079/1079 1080/1080/1080
f 1075/1075/1075 1080/1080/1080 37/37/37
f 1075/1075/1075 37/37/37 36/36/36
f 1081/1081/1081 1078/1078/1078 1077/1077/1077
f 1081/1081/1081 1077/1077/1077 1082/1082/1082
f 1081/1081/1081 1082/1082/1082 27/27/27
f 1081/1081/1081 27/27/27 26/26/26
f 1081/1081/1081 26/26/26 30/30/30
f 1081/1081/1081 30/30/30 1083/1083/1083
f 1081/1081/1081 1083/1083/1083 1079/1079/1079
f 1081/1081/1081 1079/1079/1079 1078/1078/1078
f 1084/1084/1084 70/70/70 37/37/37
f 1084/1084/1084 37/37/37 1080/1080/1080
f 1084/1084/1084 1080/1080/1080 1079/1079/1079
f 1084/1084/1084 1079/1079/1079 1085/1085/1085
f 1084/1084/1084 1085/1085/1085 1086/1086/1086
f 1084/1084/1084 1086/1086/1086 1087/1087/1087
f 1084/1084/1084 1087/1087/1087 71/71/71
f 1084/1084/1084 71/71/71 70/70/70
f 1088/1088/1088 1085/1085/1085 1079/1079/1079
f 1088/1088/1088 1079/1079/1079 1083/1083/1083
f 1088/1088/1088 1083/1083/1083 30/30/30
f 1088/1088/1088 30/30/30 74/74/74
f 1088/1088/1088 74/74/74 78/78/78
f 1088/1088/1088 78/78/78 1089/1089/1089
f 1088/1088/1088 1089/1089/1089 1086/1086/1086
f 1088/1088/1088 1086/1086/1086 1085/1085/1085
f 1090/1090/1090 80/80/80 22/22/22
f 1090/1090/1090 22/22/22 1069/1069/1069
f 1090/1090/1090 1069/1069/1069 1068/1068/1068
f 1090/1090/1090 1068/1068/1068 1091/1091/1091
f 1090/1090/1090 1091/1091/1091 1092/1092/1092
f 1090/1090/1090 1092/1092/1092 1093/1093/1093
f 1090/1090/1090 1093/1093/1093 81/81/81
f 1090/1090/1090 81/81/81 80/80/80
f 1094/1094/1094 1091/1091/1091 1068/1068/1068
f 1094/1094/1094 1068/1068/1068 1074/1074/1074
f 1094/1094/1094 1074/1074/1074 1073/1073/1073
f 1094/1094/1094 1073/1073/1073 1095/1095/1095
f 1094/1094/1094 1095/1095/1095 109/109/109
f 1094/1094/1094 109/109/109 1096/1096/1096
f 1094/1094/1094 1096/1096/1096 1092/1092/1092
f 1094/1094/1094 1092/1092/1092 1091/1091/1091
f 1097/1097/1097 115/115/115 81/81/81
f 1097/1097/1097 81/81/81 1093/1093/1093
f 1097/1097/1097 1093/1093/1093 1092/1092/1092
f 1097/1097/1097 1092/1092/1092 1098/1098/1098
f 1097/1097/1097 1098/1098/1098 1099/1099/1099
f 1097/1097/1097 1099/1099/1099 1100/1100/1100
f 1097/1097/1097 1100/1100/1100 116/116/116
f 1097/1097/1097 116/116/116 115/115/115
f 1101/1101/1101 1098/1098/1098 1092/1092/1092
f 1101/1101/1101 1092/1092/1092 1096/1096/1096
f 1101/1101/1101 1096/1096/1096 109/109/109
f 1101/1101/1101 109/109/109 108/108/108
f 1101/1101/1101 108/108/108 112/112/112
f 1101/1101/1101 112/112/112 1102/1102/1102
f 1101/1101/1101 1102/1102/1102 1099/1099/1099
f 1101/1101/1101 1099/1099/1099 1098/1098/1098
f 1103/1103/1103 846/846/846 71/71/71
f 1103/1103/1103 71/71/71 1087/1087/1087
f 1103/1103/1103 1087/1087/1087 1086/1086/1086
f 1103/1103/1103 1086/1086/1086 1104/1104/1104
f 1103/1103/1103 1104/1104/1104 1105/1105/1105
f 1103/1103/1103 1105/1105/1105 1106/1106/1106
f 1103/1103/1103 1106/1106/1106 149/149/149
f 1103/1103/1103 149/149/149 846/846/846
f 1107/1107/1107 1104/1104/1104 1086/1086/1086
f 1107/1107/1107 1086/1086/1086 1089/1089/1089
f 1107/1107/1107 1089/1089/1089 78/78/78
f 1107/1107/1107 78/78/78 120/120/120
f 1107/1107/1107 120/120/120 122/122/122
f 1107/1107/1107 122/122/122 1108/1108/1108
f 1107/1107/1107 1108/1108/1108 1105/1105/1105
f 1107/1107/1107 1105/1105/1105 1104/1104/1104
f 1109/1109/1109 150/150/150 149/149/149
f 1109/1109/1109 149/149/149 1106/1106/1106
f 1109/1109/1109 1106/1106/1106 1105/1105/1105
f 1109/1109/1109 1105/1105/1105 1110/1110/1110
f 1109/1109/1109 1110/1110/1110 1111/1111/1111
f 1109/1109/1109 1111/1111/1111 1112/1112/1112
f 1109/1109/1109 1112/1112/1112 151/151/151
f 1109/1109/1109 151/151/151 150/150/150
f 1113/1113/1113 1110/1110/1110 1105/1105/1105
f 1113/1113/1113 1105/1105/1105 1108/1108/1108
f 1113/1113/1113 1108/1108/1108 122/122/122
f 1113/1113/1113 122/122/122 154/154/154
f 1113/1113/1113 154/154/154 158/158/158
f 1113/1113/1113 158/158/158 1114/1114/1114
f 1113/1113/1113 1114/1114/1114 1111/1111/1111
f 1113/1113/1113 1111/1111/1111 1110/1110/1110
f 1115/1115/1115 160/160/160 116/116/116
f 1115/1115/1115 116/116/116 1100/1100/1100
f 1115/1115/1115 1100/1100/1100 1099/1099/1099
f 1115/1115/1115 1099/1099/1099 1116/1116/1116
f 1115/1115/1115 1116/1116/1116 1117/1117/1117
f 1115/1115/1115 1117/1117/1117 1118/1118/1118
f 1115/1115/1115 1118/1118/1118 161/161/161
f 1115/1115/1115 161/161/161 160/160/160
f 1119/1119/1119 1116/1116/1116 1099/1099/1099
f 1119/1119/1119 1099/1099/1099 1102/1102/1102
f 1119/1119/1119 1102/1102/1102 112/112/112
f 1119/1119/1119 112/112/112 164/164/164
f 1119/1119/1119 164/164/164 168/168/168
f 1119/1119/1119 168/168/168 1120/1120/1120
f 1119/1119/1119 1120/1120/1120 1117/1117/1117
f 1119/1119/1119 1117/1117/1117 1116/1116/1116
f 1121/1121/1121 157/157/157 156/156/156
f 1121/1121/1121 156/156/156 1122/1122/1122
f 1121/1121/1121 1122/1122/1122 1123/1123/1123
f 1121/1121/1121 1123/1123/1123 1124/1124/1124
f 1121/1121/1121 1124/1124/1124 1111/1111/1111
f 1121/1121/1121 1111/1111/1111 1114/1114/1114
f 1121/1121/1121 1114/1114/1114 158/158/158
f 1121/1121/1121 158/158/158 157/157/157
f 1125/1125/1125 1124/1124/1124 1123/1123/1123
f 1125/1125/1125 1123/1123/1123 1126/1126/1126
f 1125/1125/1125 1126/1126/1126 181/181/181
f 1125/1125/1125 181/181/181 180/180/180
f 1125/1125/1125 180/180/180 151/151/151
f 1125/1125/1125 151/151/151 1112/1112/1112
f 1125/1125/1125 1112/1112/1112 1111/1111/1111
f 1125/1125/1125 1111/1111/1111 1124/1124/1124
f 1127/1127/1127 185/185/185 181/181/181
f 1127/1127/1127 181/181/181 1126/1126/1126
f 1127/1127/1127 1126/1126/1126 1123/1123/1123
f 1127/1127/1127 1123/1123/1123 1128/1128/1128
f 1127/1127/1127 1128/1128/1128 1117/1117/1117
f 1127/1127/1127 1117/1117/1117 1120/1120/1120
f 1127/1127/1127 1120/1120/1120 168/168/168
f 1127/1127/1127 168/168/168 185/185/185
f 1129/1129/1129 1128/1128/1128 1123/1123/1123
f 1129/1129/1129 1123/1123/1123 1122/1122/1122
f 1129/1129/1129 1122/1122/1122 156/156/156
f 1129/1129/1129 156/156/156 162/162/162
f 1129/1129/1129 162/162/162 161/161/161
f 1129/1129/1129 161/161/161 1118/1118/1118
f 1129/1129/1129 1118/1118/1118 1117/1117/1117
f 1129/1129/1129 1117/1117/1117 1128/1128/1128
f 1130/1130/1130 918/918/918 924/924/924
f 1130/1130/1130 924/924/924 1131/1131/1131
f 1130/1130/1130 1131/1131/1131 1132/1132/1132
f 1130/1130/1130 1132/1132/1132 1133/1133/1133
f 1130/1130/1130 1133/1133/1133 1134/1134/1134
f 1130/1130/1130 1134/1134/1134 1135/1135/1135
f 1130/1130/1130 1135/1135/1135 919/919/919
f 1130/1130/1130 919/919/919 918/918/918
f 1136/1136/1136 1133/1133/1133 1137/1137/1137
f 1136/1136/1136 1137/1137/1137 1138/1138/1138
f 1136/1136/1136 1138/1138/1138 929/929/929
f 1136/1136/1136 929/929/929 928/928/928
f 1136/1136/1136 928/928/928 927/927/927
f 1136/1136/1136 927/927/927 1139/1139/1139
f 1136/1136/1136 1139/1139/1139 1140/1140/1140
f 1136/1136/1136 1140/1140/1140 1133/1133/1133
f 1141/1141/1141 923/923/923 922/922/922
f 1141/1141/1141 922/922/922 1142/1142/1142
f 1141/1141/1141 1142/1142/1142 1143/1143/1143
f 1141/1141/1141 1143/1143/1143 1144/1144/1144
f 1141/1141/1141 1144/1144/1144 1132/1132/1132
f 1141/1141/1141 1132/1132/1132 1131/1131/1131
f 1141/1141/1141 1131/1131/1131 924/924/924
f 1141/1141/1141 924/924/924 923/923/923
f 1145/1145/1145 1144/1144/1144 1143/1143/1143
f 1145/1145/1145 1143/1143/1143 1146/1146/1146
f 1145/1145/1145 1146/1146/1146 936/936/936
f 1145/1145/1145 936/936/936 935/935/935
f 1145/1145/1145 935/935/935 929/929/929
f 1145/1145/1145 929/929/929 1138/1138/1138
f 1145/1145/1145 1138/1138/1138 1132/1132/1132
f 1145/1145/1145 1132/1132/1132 1144/1144/1144
f 1147/1147/1147 944/944/944 943/943/943
f 1147/1147/1147 943/943/943 1148/1148/1148
f 1147/1147/1147 1148/1148/1148 1149/1149/1149
f 1147/1147/1147 1149/1149/1149 1150/1150/1150
f 1147/1147/1147 1150/1150/1150 1151/1151/1151
f 1147/1147/1147 1151/1151/1151 1152/1152/1152
f 1147/1147/1147 1152/1152/1152 945/945/945
f 1147/1147/1147 945/945/945 944/944/944
f 1153/1153/1153 1150/1150/1150 1149/1149/1149
f 1153/1153/1153 1149/1149/1149 1154/1154/1154
f 1153/1153/1153 1154/1154/1154 954/954/954
f 1153/1153/1153 954/954/954 953/953/953
f 1153/1153/1153 953/953/953 952/952/952
f 1153/1153/1153 952/952/952 1155/1155/1155
f 1153/1153/1153 1155/1155/1155 1151/1151/1151
f 1153/1153/1153 1151/1151/1151 1150/1150/1150
f 1156/1156/1156 949/949/949 948/948/948
f 1156/1156/1156 948/948/948 1157/1157/1157
f 1156/1156/1156 1157/1157/1157 1158/1158/1158
f 1156/1156/1156 1158/1158/1158 1159/1159/1159
f 1156/1156/1156 1159/1159/1159 1149/1149/1149
f 1156/1156/1156 1149/1149/1149 1148/1148/1148
f 1156/1156/1156 1148/1148/1148 943/943/943
f 1156/1156/1156 943/943/943 949/949/949
f 1160/1160/1160 1159/1159/1159 1158/1158/1158
f 1160/1160/1160 1158/1158/1158 1161/1161/1161
f 1160/1160/1160 1161/1161/1161 961/961/961
f 1160/1160/1160 961/961/961 960/960/960
f 1160/1160/1160 960/960/960 954/954/954
f 1160/1160/1160 954/954/954 1154/1154/1154
f 1160/1160/1160 1154/1154/1154 1149/1149/1149
f 1160/1160/1160 1149/1149/1149 1159/1159/1159
f 1162/1162/1162 1024/1024/1024 1023/1023/1023
f 1162/1162/1162 1023/1023/1023 1163/1163/1163
f 1162/1162/1162 1163/1163/1163 1164/1164/1164
f 1162/1162/1162 1164/1164/1164 1165/1165/1165
f 1162/1162/1162 1165/1165/1165 1140/1140/1140
f 1162/1162/1162 1140/1140/1140 1139/1139/1139
f 1162/1162/1162 1139/1139/1139 927/927/927
f 1162/1162/1162 927/927/927 1024/1024/1024
f 1166/1166/1166 1165/1165/1165 1164/1164/1164
f 1166/1166/1166 1164/1164/1164 1167/1167/1167
f 1166/1166/1166 1167/1167/1167 1168/1168/1168
f 1166/1166/1166 1168/1168/1168 1014/1014/1014
f 1166/1166/1166 1014/1014/1014 919/919/919
f 1166/1166/1166 919/919/919 1135/1135/1135
f 1166/1166/1166 1135/1135/1135 1140/1140/1140
f 1166/1166/1166 1140/1140/1140 1165/1165/1165
f 1169/1169/1169 1028/1028/1028 27/27/27
f 1169/1169/1169 27/27/27 1082/1082/1082
f 1169/1169/1169 1082/1082/1082 1077/1077/1077
f 1169/1169/1169 1077/1077/1077 1170/1170/1170
f 1169/1169/1169 1170/1170/1170 1164/1164/1164
f 1169/1169/1169 1164/1164/1164 1163/1163/1163
f 1169/1169/1169 1163/1163/1163 1171/1171/1171
f 1169/1169/1169 1171/1171/1171 1028/1028/1028
f 1172/1172/1172 1170/1170/1170 1077/1077/1077
f 1172/1172/1172 1077/1077/1077 1076/1076/1076
f 1172/1172/1172 1076/1076/1076 35/35/35
f 1172/1172/1172 35/35/35 1018/1018/1018
f 1172/1172/1172 1018/1018/1018 1015/1015/1015
f 1172/1172/1172 1015/1015/1015 1167/1167/1167
f 1172/1172/1172 1167/1167/1167 1164/1164/1164
f 1172/1172/1172 1164/1164/1164 1170/1170/1170
f 1173/1173/1173 1041/1041/1041 1040/1040/1040
f 1173/1173/1173 1040/1040/1040 1174/1174/1174
f 1173/1173/1173 1174/1174/1174 1175/1175/1175
f 1173/1173/1173 1175/1175/1175 1176/1176/1176
f 1173/1173/1173 1176/1176/1176 1151/1151/1151
f 1173/1173/1173 1151/1151/1151 1155/1155/1155
f 1173/1173/1173 1155/1155/1155 952/952/952
f 1173/1173/1173 952/952/952 1041/1041/1041
f 1177/1177/1177 1176/1176/1176 1175/1175/1175
f 1177/1177/1177 1175/1175/1175 1178/1178/1178
f 1177/1177/1177 1178/1178/1178 1031/1031/1031
f 1177/1177/1177 1031/1031/1031 1030/1030/1030
f 1177/1177/1177 1030/1030/1030 945/945/945
f 1177/1177/1177 945/945/945 1152/1152/1152
f 1177/1177/1177 1152/1152/1152 1151/1151/1151
f 1177/1177/1177 1151/1151/1151 1176/1176/1176
f 1179/1179/1179 1047/1047/1047 1046/1046/1046
f 1179/1179/1179 1046/1046/1046 1071/1071/1071
f 1179/1179/1179 1071/1071/1071 1180/1180/1180
f 1179/1179/1179 1180/1180/1180 1181/1181/1181
f 1179/1179/1179 1181/1181/1181 1175/1175/1175
f 1179/1179/1179 1175/1175/1175 1174/1174/1174
f 1179/1179/1179 1174/1174/1174 1040/1040/1040
f 1179/1179/1179 1040/1040/1040 1047/1047/1047
f 1182/1182/1182 1181/1181/1181 1066/1066/1066
f 1182/1182/1182 1066/1066/1066 1065/1065/1065
f 1182/1182/1182 1065/1065/1065 20/20/20
f 1182/1182/1182 20/20/20 1034/1034/1034
f 1182/1182/1182 1034/1034/1034 1183/1183/1183
f 1182/1182/1182 1183/1183/1183 1178/1178/1178
f 1182/1182/1182 1178/1178/1178 1184/1184/1184
f 1182/1182/1182 1184/1184/1184 1181/1181/1181
f 1185/1185/1185 1186/1186/1186 1187/1187/1187
f 1185/1185/1185 1187/1187/1187 1188/1188/1188
f 1185/1185/1185 1188/1188/1188 1189/1189/1189
f 1185/1185/1185 1189/1189/1189 1190/1190/1190
f 1185/1185/1185 1190/1190/1190 1191/1191/1191
f 1185/1185/1185 1191/1191/1191 1192/1192/1192
f 1185/1185/1185 1192/1192/1192 1193/1193/1193
f 1185/1185/1185 1193/1193/1193 1186/1186/1186
f 1194/1194/1194 1190/1190/1190 1189/1189/1189
f 1194/1194/1194 1189/1189/1189 1195/1195/1195
f 1194/1194/1194 1195/1195/1195 1196/1196/1196
f 1194/1194/1194 1196/1196/1196 1197/1197/1197
f 1194/1194/1194 1197/1197/1197 1198/1198/1198
f 1194/1194/1194 1198/1198/1198 1199/1199/1199
f 1194/1194/1194 1199/1199/1199 1191/1191/1191
f 1194/1194/1194 1191/1191/1191 1190/1190/1190
f 1200/1200/1200 1201/1201/1201 1193/1193/1193
f 1200/1200/1200 1193/1193/1193 1192/1192/1192
f 1200/1200/1200 1192/1192/1192 1191/1191/1191
f 1200/1200/1200 1191/1191/1191 1202/1202/1202
f 1200/1200/1200 1202/1202/1202 1203/1203/1203
f 1200/1200/1200 1203/1203/1203 1204/1204/1204
f 1200/1200/1200 1204/1204/1204 1205/1205/1205
f 1200/1200/1200 1205/1205/1205 1201/1201/1201
f 1206/1206/1206 1202/1202/1202 1191/1191/1191
f 1206/1206/1206 1191/1191/1191 1199/1199/1199
f 1206/1206/1206 1199/1199/1199 1198/1198/1198
f 1206/1206/1206 1198/1198/1198 1207/1207/1207
f 1206/1206/1206 1207/1207/1207 1208/1208/1208
f 1206/1206/1206 1208/1208/1208 1209/1209/1209
f 1206/1206/1206 1209/1209/1209 1203/1203/1203
f 1206/1206/1206 1203/1203/1203 1202/1202/1202
f 1210/1210/1210 1211/1211/1211 1205/1205/1205
f 1210/1210/1210 1205/1205/1205 1204/1204/1204
f 1210/1210/1210 1204/1204/1204 1203/1203/1203
f 1210/1210/1210 1203/1203/1203 1212/1212/1212
f 1210/1210/1210 1212/1212/1212 1213/1213/1213
f 1210/1210/1210 1213/1213/1213 1214/1214/1214
f 1210/1210/1210 1214/1214/1214 1215/1215/1215
f 1210/1210/1210 1215/1215/1215 1211/1211/1211
f 1216/1216/1216 1212/1212/1212 1203/1203/1203
f 1216/1216/1216 1203/1203/1203 1209/1209/1209
f 1216/1216/1216 1209/1209/1209 1208/1208/1208
f 1216/1216/1216 1208/1208/1208 1217/1217/1217
f 1216/1216/1216 1217/1217/1217 1218/1218/1218
f 1216/1216/1216 1218/1218/1218 1219/1219/1219
f 1216/1216/1216 1219/1219/1219 1213/1213/1213
f 1216/1216/1216 1213/1213/1213 1212/1212/1212
f 1220/1220/1220 1221/1221/1221 1215/1215/1215
f 1220/1220/1220 1215/1215/1215 1214/1214/1214
f 1220/1220/1220 1214/1214/1214 1213/1213/1213
f 1220/1220/1220 1213/1213/1213 1222/1222/1222
f 1220/1220/1220 1222/1222/1222 1223/1223/1223
f 1220/1220/1220 1223/1223/1223 1224/1224/1224
f 1220/1220/1220 1224/1224/1224 1225/1225/1225
f 1220/1220/1220 1225/1225/1225 1221/1221/1221
f 1226/1226/1226 1222/1222/1222 1213/1213/1213
f 1226/1226/1226 1213/1213/1213 1219/1219/1219
f 1226/1226/1226 1219/1219/1219 1218/1218/1218
f 1226/1226/1226 1218/1218/1218 1227/1227/1227
f 1226/1226/1226 1227/1227/1227 1228/1228/1228
f 1226/1226/1226 1228/1228/1228 1229/1229/1229
f 1226/1226/1226 1229/1229/1229 1223/1223/1223
f 1226/1226/1226 1223/1223/1223 1222/1222/1222
f 1230/1230/1230 1231/1231/1231 1225/1225/1225
f 1230/1230/1230 1225/1225/1225 1224/1224/1224
f 1230/1230/1230 1224/1224/1224 1223/1223/1223
f 1230/1230/1230 1223/1223/1223 1232/1232/1232
f 1230/1230/1230 1232/1232/1232 1233/1233/1233
f 1230/1230/1230 1233/1233/1233 1234/1234/1234
f 1230/1230/1230 1234/1234/1234 1235/1235/1235
f 1230/1230/1230 1235/1235/1235 1231/1231/1231
f 1236/1236/1236 1232/1232/1232 1223/1223/1223
f 1236/1236/1236 1223/1223/1223 1229/1229/1229
f 1236/1236/1236 1229/1229/1229 1228/1228/1228
f 1236/1236/1236 1228/1228/1228 1237/1237/1237
f 1236/1236/1236 1237/1237/1237 1238/1238/1238
f 1236/1236/1236 1238/1238/1238 1239/1239/1239
f 1236/1236/1236 1239/1239/1239 1233/1233/1233
f 1236/1236/1236 1233/1233/1233 1232/1232/1232
f 1240/1240/1240 1241/1241/1241 1235/1235/1235
f 1240/1240/1240 1235/1235/1235 1234/1234/1234
f 1240/1240/1240 1234/1234/1234 1233/1233/1233
f 1240/1240/1240 1233/1233/1233 1242/1242/1242
f 1240/1240/1240 1242/1242/1242 1243/1243/1243
f 1240/1240/1240 1243/1243/1243 1244/1244/1244
f 1240/1240/1240 1244/1244/1244 1245/1245/1245
f 1240/1240/1240 1245/1245/1245 1241/1241/1241
f 1246/1246/1246 1242/1242/1242 1233/1233/1233
f 1246/1246/1246 1233/1233/1233 1239/1239/1239
f 1246/1246/1246 1239/1239/1239 1238/1238/1238
f 1246/1246/1246 1238/1238/1238 1247/1247/1247
f 1246/1246/1246 1247/1247/1247 1248/1248/1248
f 1246/1246/1246 1248/1248/1248 1249/1249/1249
f 1246/1246/1246 1249/1249/1249 1243/1243/1243
f 1246/1246/1246 1243/1243/1243 1242/1242/1242
f 1250/1250/1250 1251/1251/1251 1245/1245/1245
f 1250/1250/1250 1245/1245/1245 1244/1244/1244
f 1250/1250/1250 1244/1244/1244 1243/1243/1243
f 1250/1250/1250 1243/1243/1243 1252/1252/1252
f 1250/1250/1250 1252/1252/1252 1253/1253/1253
f 1250/1250/1250 1253/1253/1253 1254/1254/1254
f 1250/1250/1250 1254/1254/1254 1255/1255/1255
f 1250/1250/1250 1255/1255/1255 1251/1251/1251
f 1256/1256/1256 1252/1252/1252 1243/1243/1243
f 1256/1256/1256 1243/1243/1243 1249/1249/1249
f 1256/1256/1256 1249/1249/1249 1248/1248/1248
f 1256/1256/1256 1248/1248/1248 1257/1257/1257
f 1256/1256/1256 1257/1257/1257 1258/1258/1258
f 1256/1256/1256 1258/1258/1258 1259/1259/1259
f 1256/1256/1256 1259/1259/1259 1253/1253/1253
f 1256/1256/1256 1253/1253/1253 1252/1252/1252
f 1260/1260/1260 1261/1261/1261 1255/1255/1255
f 1260/1260/1260 1255/1255/1255 1254/1254/1254
f 1260/1260/1260 1254/1254/1254 1253/1253/1253
f 1260/1260/1260 1253/1253/1253 1262/1262/1262
f 1260/1260/1260 1262/1262/1262 1189/1189/1189
f 1260/1260/1260 1189/1189/1189 1188/1188/1188
f 1260/1260/1260 1188/1188/1188 1187/1187/1187
f 1260/1260/1260 1187/1187/1187 1261/1261/1261
f 1263/1263/1263 1262/1262/1262 1253/1253/1253
f 1263/1263/1263 1253/1253/1253 1259/1259/1259
f 1263/1263/1263 1259/1259/1259 1258/1258/1258
f 1263/1263/1263 1258/1258/1258 1264/1264/1264
f 1263/1263/1263 1264/1264/1264 1196/1196/1196
f 1263/1263/1263 1196/1196/1196 1195/1195/1195
f 1263/1263/1263 1195/1195/1195 1189/1189/1189
f 1263/1263/1263 1189/1189/1189 1262/1262/1262
f 1265/1265/1265 104/104/104 103/103/103
f 1265/1265/1265 103/103/103 1266/1266/1266
f 1265/1265/1265 1266/1266/1266 1267/1267/1267
f 1265/1265/1265 1267/1267/1267 1268/1268/1268
f 1265/1265/1265 1268/1268/1268 1269/1269/1269
f 1265/1265/1265 1269/1269/1269 1270/1270/1270
f 1265/1265/1265 1270/1270/1270 88/88/88
f 1265/1265/1265 88/88/88 104/104/104
f 1271/1271/1271 1268/1268/1268 1267/1267/1267
f 1271/1271/1271 1267/1267/1267 1272/1272/1272
f 1271/1271/1271 1272/1272/1272 1196/1196/1196
f 1271/1271/1271 1196/1196/1196 1264/1264/1264
f 1271/1271/1271 1264/1264/1264 1258/1258/1258
f 1271/1271/1271 1258/1258/1258 1273/1273/1273
f 1271/1271/1271 1273/1273/1273 1269/1269/1269
f 1271/1271/1271 1269/1269/1269 1268/1268/1268
f 1274/1274/1274 84/84/84 88/88/88
f 1274/1274/1274 88/88/88 1270/1270/1270
f 1274/1274/1274 1270/1270/1270 1269/1269/1269
f 1274/1274/1274 1269/1269/1269 1275/1275/1275
f 1274/1274/1274 1275/1275/1275 1276/1276/1276
f 1274/1274/1274 1276/1276/1276 1277/1277/1277
f 1274/1274/1274 1277/1277/1277 15/15/15
f 1274/1274/1274 15/15/15 84/84/84
f 1278/1278/1278 1275/1275/1275 1269/1269/1269
f 1278/1278/1278 1269/1269/1269 1273/1273/1273
f 1278/1278/1278 1273/1273/1273 1258/1258/1258
f 1278/1278/1278 1258/1258/1258 1257/1257/1257
f 1278/1278/1278 1257/1257/1257 1248/1248/1248
f 1278/1278/1278 1248/1248/1248 1279/1279/1279
f 1278/1278/1278 1279/1279/1279 1276/1276/1276
f 1278/1278/1278 1276/1276/1276 1275/1275/1275
f 1280/1280/1280 110/110/110 109/109/109
f 1280/1280/1280 109/109/109 1281/1281/1281
f 1280/1280/1280 1281/1281/1281 1282/1282/1282
f 1280/1280/1280 1282/1282/1282 1283/1283/1283
f 1280/1280/1280 1283/1283/1283 1267/1267/1267
f 1280/1280/1280 1267/1267/1267 1266/1266/1266
f 1280/1280/1280 1266/1266/1266 103/103/103
f 1280/1280/1280 103/103/103 110/110/110
f 1284/1284/1284 1283/1283/1283 1282/1282/1282
f 1284/1284/1284 1282/1282/1282 1285/1285/1285
f 1284/1284/1284 1285/1285/1285 1198/1198/1198
f 1284/1284/1284 1198/1198/1198 1197/1197/1197
f 1284/1284/1284 1197/1197/1197 1196/1196/1196
f 1284/1284/1284 1196/1196/1196 1272/1272/1272
f 1284/1284/1284 1272/1272/1272 1267/1267/1267
f 1284/1284/1284 1267/1267/1267 1283/1283/1283
f 1286/1286/1286 1095/1095/1095 1073/1073/1073
f 1286/1286/1286 1073/1073/1073 1287/1287/1287
f 1286/1286/1286 1287/1287/1287 1288/1288/1288
f 1286/1286/1286 1288/1288/1288 1289/1289/1289
f 1286/1286/1286 1289/1289/1289 1282/1282/1282
f 1286/1286/1286 1282/1282/1282 1281/1281/1281
f 1286/1286/1286 1281/1281/1281 109/109/109
f 1286/1286/1286 109/109/109 1095/1095/1095
f 1290/1290/1290 1289/1289/1289 1288/1288/1288
f 1290/1290/1290 1288/1288/1288 1291/1291/1291
f 1290/1290/1290 1291/1291/1291 1208/1208/1208
f 1290/1290/1290 1208/1208/1208 1207/1207/1207
f 1290/1290/1290 1207/1207/1207 1198/1198/1198
f 1290/1290/1290 1198/1198/1198 1285/1285/1285
f 1290/1290/1290 1285/1285/1285 1282/1282/1282
f 1290/1290/1290 1282/1282/1282 1289/1289/1289
f 1292/1292/1292 1072/1072/1072 1046/1046/1046
f 1292/1292/1292 1046/1046/1046 1293/1293/1293
f 1292/1292/1292 1293/1293/1293 1294/1294/1294
f 1292/1292/1292 1294/1294/1294 1295/1295/1295
f 1292/1292/1292 1295/1295/1295 1288/1288/1288
f 1292/1292/1292 1288/1288/1288 1287/1287/1287
f 1292/1292/1292 1287/1287/1287 1073/1073/1073
f 1292/1292/1292 1073/1073/1073 1072/1072/1072
f 1296/1296/1296 1295/1295/1295 1294/1294/1294
f 1296/1296/1296 1294/1294/1294 1297/1297/1297
f 1296/1296/1296 1297/1297/1297 1218/1218/1218
f 1296/1296/1296 1218/1218/1218 1217/1217/1217
f 1296/1296/1296 1217/1217/1217 1208/1208/1208
f 1296/1296/1296 1208/1208/1208 1291/1291/1291
f 1296/1296/1296 1291/1291/1291 1288/1288/1288
f 1296/1296/1296 1288/1288/1288 1295/1295/1295
f 1298/1298/1298 11/11/11 15/15/15
f 1298/1298/1298 15/15/15 1277/1277/1277
f 1298/1298/1298 1277/1277/1277 1276/1276/1276
f 1298/1298/1298 1276/1276/1276 1299/1299/1299
f 1298/1298/1298 1299/1299/1299 1300/1300/1300
f 1298/1298/1298 1300/1300/1300 1301/1301/1301
f 1298/1298/1298 1301/1301/1301 12/12/12
f 1298/1298/1298 12/12/12 11/11/11
f 1302/1302/1302 1299/1299/1299 1276/1276/1276
f 1302/1302/1302 1276/1276/1276 1279/1279/1279
f 1302/1302/1302 1279/1279/1279 1248/1248/1248
f 1302/1302/1302 1248/1248/1248 1247/1247/1247
f 1302/1302/1302 1247/1247/1247 1238/1238/1238
f 1302/1302/1302 1238/1238/1238 1303/1303/1303
f 1302/1302/1302 1303/1303/1303 1300/1300/1300
f 1302/1302/1302 1300/1300/1300 1299/1299/1299
f 1304/1304/1304 1054/1054/1054 12/12/12
f 1304/1304/1304 12/12/12 1301/1301/1301
f 1304/1304/1304 1301/1301/1301 1300/1300/1300
f 1304/1304/1304 1300/1300/1300 1305/1305/1305
f 1304/1304/1304 1305/1305/1305 1306/1306/1306
f 1304/1304/1304 1306/1306/1306 1307/1307/1307
f 1304/1304/1304 1307/1307/1307 1044/1044/1044
f 1304/1304/1304 1044/1044/1044 1054/1054/1054
f 1308/1308/1308 1305/1305/1305 1300/1300/1300
f 1308/1308/1308 1300/1300/1300 1303/1303/1303
f 1308/1308/1308 1303/1303/1303 1238/1238/1238
f 1308/1308/1308 1238/1238/1238 1237/1237/1237
f 1308/1308/1308 1237/1237/1237 1228/1228/1228
f 1308/1308/1308 1228/1228/1228 1309/1309/1309
f 1308/1308/1308 1309/1309/1309 1306/1306/1306
f 1308/1308/1308 1306/1306/1306 1305/1305/1305
f 1310/1310/1310 1045/1045/1045 1044/1044/1044
f 1310/1310/1310 1044/1044/1044 1307/1307/1307
f 1310/1310/1310 1307/1307/1307 1306/1306/1306
f 1310/1310/1310 1306/1306/1306 1311/1311/1311
f 1310/1310/1310 1311/1311/1311 1294/1294/1294
f 1310/1310/1310 1294/1294/1294 1293/1293/1293
f 1310/1310/1310 1293/1293/1293 1046/1046/1046
f 1310/1310/1310 1046/1046/1046 1045/1045/1045
f 1312/1312/1312 1311/1311/1311 1306/1306/1306
f 1312/1312/1312 1306/1306/1306 1309/1309/1309
f 1312/1312/1312 1309/1309/1309 1228/1228/1228
f 1312/1312/1312 1228/1228/1228 1227/1227/1227
f 1312/1312/1312 1227/1227/1227 1218/1218/1218
f 1312/1312/1312 1218/1218/1218 1297/1297/1297
f 1312/1312/1312 1297/1297/1297 1294/1294/1294
f 1312/1312/1312 1294/1294/1294 1311/1311/1311
f 1313/1313/1313 1314/1314/1314 1315/1315/1315
f 1313/1313/1313 1315/1315/1315 1316/1316/1316
f 1313/1313/1313 1316/1316/1316 1317/1317/1317
f 1313/1313/1313 1317/1317/1317 1318/1318/1318
f 1313/1313/1313 1318/1318/1318 1319/1319/1319
f 1313/1313/1313 1319/1319/1319 1320/1320/1320
f 1313/1313/1313 1320/1320/1320 1321/1321/1321
f 1313/1313/1313 1321/1321/1321 1314/1314/1314
f 1322/1322/1322 1318/1318/1318 1323/1323/1323
f 1322/1322/1322 1323/1323/1323 1324/1324/1324
f 1322/1322/1322 1324/1324/1324 876/876/876
f 1322/1322/1322 876/876/876 875/875/875
f 1322/1322/1322 875/875/875 871/871/871
f 1322/1322/1322 871/871/871 1325/1325/1325
f 1322/1322/1322 1325/1325/1325 1326/1326/1326
f 1322/1322/1322 1326/1326/1326 1318/1318/1318
f 1327/1327/1327 1328/1328/1328 1321/1321/1321
f 1327/1327/1327 1321/1321/1321 1320/1320/1320
f 1327/1327/1327 1320/1320/1320 1326/1326/1326
f 1327/1327/1327 1326/1326/1326 1329/1329/1329
f 1327/1327/1327 1329/1329/1329 1330/1330/1330
f 1327/1327/1327 1330/1330/1330 1331/1331/1331
f 1327/1327/1327 1331/1331/1331 1332/1332/1332
f 1327/1327/1327 1332/1332/1332 1328/1328/1328
f 1333/1333/1333 1329/1329/1329 1326/1326/1326
f 1333/1333/1333 1326/1326/1326 1325/1325/1325
f 1333/1333/1333 1325/1325/1325 871/871/871
f 1333/1333/1333 871/871/871 870/870/870
f 1333/1333/1333 870/870/870 867/867/867
f 1333/1333/1333 867/867/867 1334/1334/1334
f 1333/1333/1333 1334/1334/1334 1330/1330/1330
f 1333/1333/1333 1330/1330/1330 1329/1329/1329
f 1335/1335/1335 1336/1336/1336 1332/1332/1332
f 1335/1335/1335 1332/1332/1332 1331/1331/1331
f 1335/1335/1335 1331/1331/1331 1330/1330/1330
f 1335/1335/1335 1330/1330/1330 1337/1337/1337
f 1335/1335/1335 1337/1337/1337 1338/1338/1338
f 1335/1335/1335 1338/1338/1338 1339/1339/1339
f 1335/1335/1335 1339/1339/1339 1340/1340/1340
f 1335/1335/1335 1340/1340/1340 1336/1336/1336
f 1341/1341/1341 1337/1337/1337 1330/1330/1330
f 1341/1341/1341 1330/1330/1330 1334/1334/1334
f 1341/1341/1341 1334/1334/1334 867/867/867
f 1341/1341/1341 867/867/867 866/866/866
f 1341/1341/1341 866/866/866 863/863/863
f 1341/1341/1341 863/863/863 1342/1342/1342
f 1341/1341/1341 1342/1342/1342 1338/1338/1338
f 1341/1341/1341 1338/1338/1338 1337/1337/1337
f 1343/1343/1343 1344/1344/1344 1340/1340/1340
f 1343/1343/1343 1340/1340/1340 1339/1339/1339
f 1343/1343/1343 1339/1339/1339 1345/1345/1345
f 1343/1343/1343 1345/1345/1345 1346/1346/1346
f 1343/1343/1343 1346/1346/1346 1347/1347/1347
f 1343/1343/1343 1347/1347/1347 1348/1348/1348
f 1343/1343/1343 1348/1348/1348 1349/1349/1349
f 1343/1343/1343 1349/1349/1349 1344/1344/1344
f 1350/1350/1350 1346/1346/1346 1338/1338/1338
f 1350/1350/1350 1338/1338/1338 1342/1342/1342
f 1350/1350/1350 1342/1342/1342 863/863/863
f 1350/1350/1350 863/863/863 862/862/862
f 1350/1350/1350 862/862/862 859/859/859
f 1350/1350/1350 859/859/859 1351/1351/1351
f 1350/1350/1350 1351/1351/1351 1352/1352/1352
f 1350/1350/1350 1352/1352/1352 1346/1346/1346
f 1353/1353/1353 1354/1354/1354 1349/1349/1349
f 1353/1353/1353 1349/1349/1349 1348/1348/1348
f 1353/1353/1353 1348/1348/1348 1352/1352/1352
f 1353/1353/1353 1352/1352/1352 1355/1355/1355
f 1353/1353/1353 1355/1355/1355 1356/1356/1356
f 1353/1353/1353 1356/1356/1356 1357/1357/1357
f 1353/1353/1353 1357/1357/1357 1358/1358/1358
f 1353/1353/1353 1358/1358/1358 1354/1354/1354
f 1359/1359/1359 1355/1355/1355 1352/1352/1352
f 1359/1359/1359 1352/1352/1352 1351/1351/1351
f 1359/1359/1359 1351/1351/1351 859/859/859
f 1359/1359/1359 859/859/859 858/858/858
f 1359/1359/1359 858/858/858 857/857/857
f 1359/1359/1359 857/857/857 1360/1360/1360
f 1359/1359/1359 1360/1360/1360 1356/1356/1356
f 1359/1359/1359 1356/1356/1356 1355/1355/1355
f 1361/1361/1361 1362/1362/1362 1358/1358/1358
f 1361/1361/1361 1358/1358/1358 1357/1357/1357
f 1361/1361/1361 1357/1357/1357 1356/1356/1356
f 1361/1361/1361 1356/1356/1356 1363/1363/1363
f 1361/1361/1361 1363/1363/1363 1323/1323/1323
f 1361/1361/1361 1323/1323/1323 1316/1316/1316
f 1361/1361/1361 1316/1316/1316 1315/1315/1315
f 1361/1361/1361 1315/1315/1315 1362/1362/1362
f 1364/1364/1364 1363/1363/1363 1356/1356/1356
f 1364/1364/1364 1356/1356/1356 1360/1360/1360
f 1364/1364/1364 1360/1360/1360 857/857/857
f 1364/1364/1364 857/857/857 878/878/878
f 1364/1364/1364 878/878/878 876/876/876
f 1364/1364/1364 876/876/876 1324/1324/1324
f 1364/1364/1364 1324/1324/1324 1323/1323/1323
f 1364/1364/1364 1323/1323/1323 1363/1363/1363
f 1365/1365/1365 1366/1366/1366 1367/1367/1367
f 1365/1365/1365 1367/1367/1367 1368/1368/1368
f 1365/1365/1365 1368/1368/1368 1369/1369/1369
f 1365/1365/1365 1369/1369/1369 1370/1370/1370
f 1365/1365/1365 1370/1370/1370 1371/1371/1371
f 1365/1365/1365 1371/1371/1371 1372/1372/1372
f 1365/1365/1365 1372/1372/1372 1373/1373/1373
f 1365/1365/1365 1373/1373/1373 1366/1366/1366
f 1374/1374/1374 1370/1370/1370 1369/1369/1369
f 1374/1374/1374 1369/1369/1369 1375/1375/1375
f 1374/1374/1374 1375/1375/1375 1358/1358/1358
f 1374/1374/1374 1358/1358/1358 1362/1362/1362
f 1374/1374/1374 1362/1362/1362 1315/1315/1315
f 1374/1374/1374 1315/1315/1315 1376/1376/1376
f 1374/1374/1374 1376/1376/1376 1371/1371/1371
f 1374/1374/1374 1371/1371/1371 1370/1370/1370
f 1377/1377/1377 1378/1378/1378 1379/1379/1379
f 1377/1377/1377 1379/1379/1379 1380/1380/1380
f 1377/1377/1377 1380/1380/1380 1381/1381/1381
f 1377/1377/1377 1381/1381/1381 1382/1382/1382
f 1377/1377/1377 1382/1382/1382 1369/1369/1369
f 1377/1377/1377 1369/1369/1369 1368/1368/1368
f 1377/1377/1377 1368/1368/1368 1367/1367/1367
f 1377/1377/1377 1367/1367/1367 1378/1378/1378
f 1383/1383/1383 1382/1382/1382 1381/1381/1381
f 1383/1383/1383 1381/1381/1381 1384/1384/1384
f 1383/1383/1383 1384/1384/1384 1349/1349/1349
f 1383/1383/1383 1349/1349/1349 1354/1354/1354
f 1383/1383/1383 1354/1354/1354 1358/1358/1358
f 1383/1383/1383 1358/1358/1358 1375/1375/1375
f 1383/1383/1383 1375/1375/1375 1369/1369/1369
f 1383/1383/1383 1369/1369/1369 1382/1382/1382
f 1385/1385/1385 1386/1386/1386 1387/1387/1387
f 1385/1385/1385 1387/1387/1387 1388/1388/1388
f 1385/1385/1385 1388/1388/1388 1389/1389/1389
f 1385/1385/1385 1389/1389/1389 1390/1390/1390
f 1385/1385/1385 1390/1390/1390 1381/1381/1381
f 1385/1385/1385 1381/1381/1381 1380/1380/1380
f 1385/1385/1385 1380/1380/1380 1379/1379/1379
f 1385/1385/1385 1379/1379/1379 1386/1386/1386
f 1391/1391/1391 1390/1390/1390 1389/1389/1389
f 1391/1391/1391 1389/1389/1389 1392/1392/1392
f 1391/1391/1391 1392/1392/1392 1340/1340/1340
f 1391/1391/1391 1340/1340/1340 1344/1344/1344
f 1391/1391/1391 1344/1344/1344 1349/1349/1349
f 1391/1391/1391 1349/1349/1349 1384/1384/1384
f 1391/1391/1391 1384/1384/1384 1381/1381/1381
f 1391/1391/1391 1381/1381/1381 1390/1390/1390
f 1393/1393/1393 1394/1394/1394 1395/1395/1395
f 1393/1393/1393 1395/1395/1395 1396/1396/1396
f 1393/1393/1393 1396/1396/1396 1397/1397/1397
f 1393/1393/1393 1397/1397/1397 1398/1398/1398
f 1393/1393/1393 1398/1398/1398 1389/1389/1389
f 1393/1393/1393 1389/1389/1389 1388/1388/1388
f 1393/1393/1393 1388/1388/1388 1387/1387/1387
f 1393/1393/1393 1387/1387/1387 1394/1394/1394
f 1399/1399/1399 1398/1398/1398 1397/1397/1397
f 1399/1399/1399 1397/1397/1397 1400/1400/1400
f 1399/1399/1399 1400/1400/1400 1332/1332/1332
f 1399/1399/1399 1332/1332/1332 1336/1336/1336
f 1399/1399/1399 1336/1336/1336 1340/1340/1340
f 1399/1399/1399 1340/1340/1340 1392/1392/1392
f 1399/1399/1399 1392/1392/1392 1389/1389/1389
f 1399/1399/1399 1389/1389/1389 1398/1398/1398
f 1401/1401/1401 1402/1402/1402 1403/1403/1403
f 1401/1401/1401 1403/1403/1403 1404/1404/1404
f 1401/1401/1401 1404/1404/1404 1405/1405/1405
f 1401/1401/1401 1405/1405/1405 1406/1406/1406
f 1401/1401/1401 1406/1406/1406 1397/1397/1397
f 1401/1401/1401 1397/1397/1397 1396/1396/1396
f 1401/1401/1401 1396/1396/1396 1395/1395/1395
f 1401/1401/1401 1395/1395/1395 1402/1402/1402
f 1407/1407/1407 1406/1406/1406 1405/1405/1405
f 1407/1407/1407 1405/1405/1405 1408/1408/1408
f 1407/1407/1407 1408/1408/1408 1321/1321/1321
f 1407/1407/1407 1321/1321/1321 1328/1328/1328
f 1407/1407/1407 1328/1328/1328 1332/1332/1332
f 1407/1407/1407 1332/1332/1332 1400/1400/1400
f 1407/1407/1407 1400/1400/1400 1397/1397/1397
f 1407/1407/1407 1397/1397/1397 1406/1406/1406
f 1409/1409/1409 1410/1410/1410 1373/1373/1373
f 1409/1409/1409 1373/1373/1373 1372/1372/1372
f 1409/1409/1409 1372/1372/1372 1371/1371/1371
f 1409/1409/1409 1371/1371/1371 1411/1411/1411
f 1409/1409/1409 1411/1411/1411 1405/1405/1405
f 1409/1409/1409 1405/1405/1405 1404/1404/1404
f 1409/1409/1409 1404/1404/1404 1403/1403/1403
f 1409/1409/1409 1403/1403/1403 1410/1410/1410
f 1412/1412/1412 1411/1411/1411 1413/1413/1413
f 1412/1412/1412 1413/1413/1413 1376/1376/1376
f 1412/1412/1412 1376/1376/1376 1315/1315/1315
f 1412/1412/1412 1315/1315/1315 1314/1314/1314
f 1412/1412/1412 1314/1314/1314 1321/1321/1321
f 1412/1412/1412 1321/1321/1321 1408/1408/1408
f 1412/1412/1412 1408/1408/1408 1414/1414/1414
f 1412/1412/1412 1414/1414/1414 1411/1411/1411
f 1415/1415/1415 1416/1416/1416 1417/1417/1417
f 1415/1415/1415 1417/1417/1417 1418/1418/1418
f 1415/1415/1415 1418/1418/1418 1419/1419/1419
f 1415/1415/1415 1419/1419/1419 1420/1420/1420
f 1415/1415/1415 1420/1420/1420 1421/1421/1421
f 1415/1415/1415 1421/1421/1421 1422/1422/1422
f 1415/1415/1415 1422/1422/1422 1423/1423/1423
f 1415/1415/1415 1423/1423/1423 1416/1416/1416
f 1424/1424/1424 1420/1420/1420 1419/1419/1419
f 1424/1424/1424 1419/1419/1419 1425/1425/1425
f 1424/1424/1424 1425/1425/1425 1367/1367/1367
f 1424/1424/1424 1367/1367/1367 1366/1366/1366
f 1424/1424/1424 1366/1366/1366 1373/1373/1373
f 1424/1424/1424 1373/1373/1373 1426/1426/1426
f 1424/1424/1424 1426/1426/1426 1421/1421/1421
f 1424/1424/1424 1421/1421/1421 1420/1420/1420
f 1427/1427/1427 1428/1428/1428 1429/1429/1429
f 1427/1427/1427 1429/1429/1429 1430/1430/1430
f 1427/1427/1427 1430/1430/1430 1431/1431/1431
f 1427/1427/1427 1431/1431/1431 1432/1432/1432
f 1427/1427/1427 1432/1432/1432 1419/1419/1419
f 1427/1427/1427 1419/1419/1419 1418/1418/1418
f 1427/1427/1427 1418/1418/1418 1417/1417/1417
f 1427/1427/1427 1417/1417/1417 1428/1428/1428
f 1433/1433/1433 1432/1432/1432 1431/1431/1431
f 1433/1433/1433 1431/1431/1431 1434/1434/1434
f 1433/1433/1433 1434/1434/1434 1379/1379/1379
f 1433/1433/1433 1379/1379/1379 1378/1378/1378
f 1433/1433/1433 1378/1378/1378 1367/1367/1367
f 1433/1433/1433 1367/1367/1367 1425/1425/1425
f 1433/1433/1433 1425/1425/1425 1419/1419/1419
f 1433/1433/1433 1419/1419/1419 1432/1432/1432
f 1435/1435/1435 1436/1436/1436 1437/1437/1437
f 1435/1435/1435 1437/1437/1437 1438/1438/1438
f 1435/1435/1435 1438/1438/1438 1439/1439/1439
f 1435/1435/1435 1439/1439/1439 1440/1440/1440
f 1435/1435/1435 1440/1440/1440 1431/1431/1431
f 1435/1435/1435 1431/1431/1431 1430/1430/1430
f 1435/1435/1435 1430/1430/1430 1429/1429/1429
f 1435/1435/1435 1429/1429/1429 1436/1436/1436
f 1441/1441/1441 1440/1440/1440 1439/1439/1439
f 1441/1441/1441 1439/1439/1439 1442/1442/1442
f 1441/1441/1441 1442/1442/1442 1387/1387/1387
f 1441/1441/1441 1387/1387/1387 1386/1386/1386
f 1441/1441/1441 1386/1386/1386 1379/1379/1379
f 1441/1441/1441 1379/1379/1379 1434/1434/1434
f 1441/1441/1441 1434/1434/1434 1431/1431/1431
f 1441/1441/1441 1431/1431/1431 1440/1440/1440
f 1443/1443/1443 1444/1444/1444 1445/1445/1445
f 1443/1443/1443 1445/1445/1445 1446/1446/1446
f 1443/1443/1443 1446/1446/1446 1447/1447/1447
f 1443/1443/1443 1447/1447/1447 1448/1448/1448
f 1443/1443/1443 1448/1448/1448 1439/1439/1439
f 1443/1443/1443 1439/1439/1439 1438/1438/1438
f 1443/1443/1443 1438/1438/1438 1437/1437/1437
f 1443/1443/1443 1437/1437/1437 1444/1444/1444
f 1449/1449/1449 1448/1448/1448 1447/1447/1447
f 1449/1449/1449 1447/1447/1447 1450/1450/1450
f 1449/1449/1449 1450/1450/1450 1395/1395/1395
f 1449/1449/1449 1395/1395/1395 1394/1394/1394
f 1449/1449/1449 1394/1394/1394 1387/1387/1387
f 1449/1449/1449 1387/1387/1387 1442/1442/1442
f 1449/1449/1449 1442/1442/1442 1439/1439/1439
f 1449/1449/1449 1439/1439/1439 1448/1448/1448
f 1451/1451/1451 1452/1452/1452 1453/1453/1453
f 1451/1451/1451 1453/1453/1453 1454/1454/1454
f 1451/1451/1451 1454/1454/1454 1455/1455/1455
f 1451/1451/1451 1455/1455/1455 1456/1456/1456
f 1451/1451/1451 1456/1456/1456 1447/1447/1447
f 1451/1451/1451 1447/1447/1447 1446/1446/1446
f 1451/1451/1451 1446/1446/1446 1445/1445/1445
f 1451/1451/1451 1445/1445/1445 1452/1452/1452
f 1457/1457/1457 1456/1456/1456 1455/1455/1455
f 1457/1457/1457 1455/1455/1455 1458/1458/1458
f 1457/1457/1457 1458/1458/1458 1403/1403/1403
f 1457/1457/1457 1403/1403/1403 1402/1402/1402
f 1457/1457/1457 1402/1402/1402 1395/1395/1395
f 1457/1457/1457 1395/1395/1395 1450/1450/1450
f 1457/1457/1457 1450/1450/1450 1447/1447/1447
f 1457/1457/1457 1447/1447/1447 1456/1456/1456
f 1459/1459/1459 1460/1460/1460 1423/1423/1423
f 1459/1459/1459 1423/1423/1423 1422/1422/1422
f 1459/1459/1459 1422/1422/1422 1421/1421/1421
f 1459/1459/1459 1421/1421/1421 1461/1461/1461
f 1459/1459/1459 1461/1461/1461 1455/1455/1455
f 1459/1459/1459 1455/1455/1455 1454/1454/1454
f 1459/1459/1459 1454/1454/1454 1453/1453/1453
f 1459/1459/1459 1453/1453/1453 1460/1460/1460
f 1462/1462/1462 1461/1461/1461 1421/1421/1421
f 1462/1462/1462 1421/1421/1421 1426/1426/1426
f 1462/1462/1462 1426/1426/1426 1463/1463/1463
f 1462/1462/1462 1463/1463/1463 1410/1410/1410
f 1462/1462/1462 1410/1410/1410 1464/1464/1464
f 1462/1462/1462 1464/1464/1464 1458/1458/1458
f 1462/1462/1462 1458/1458/1458 1455/1455/1455
f 1462/1462/1462 1455/1455/1455 1461/1461/1461
f 1465/1465/1465 1466/1466/1466 1467/1467/1467
f 1465/1465/1465 1467/1467/1467 1468/1468/1468
f 1465/1465/1465 1468/1468/1468 1469/1469/1469
f 1465/1465/1465 1469/1469/1469 1470/1470/1470
f 1465/1465/1465 1470/1470/1470 1471/1471/1471
f 1465/1465/1465 1471/1471/1471 1472/1472/1472
f 1465/1465/1465 1472/1472/1472 1473/1473/1473
f 1465/1465/1465 1473/1473/1473 1466/1466/1466
f 1474/1474/1474 1470/1470/1470 1469/1469/1469
f 1474/1474/1474 1469/1469/1469 1475/1475/1475
f 1474/1474/1474 1475/1475/1475 1476/1476/1476
f 1474/1474/1474 1476/1476/1476 1477/1477/1477
f 1474/1474/1474 1477/1477/1477 1478/1478/1478
f 1474/1474/1474 1478/1478/1478 1479/1479/1479
f 1474/1474/1474 1479/1479/1479 1471/1471/1471
f 1474/1474/1474 1471/1471/1471 1470/1470/1470
f 1480/1480/1480 1481/1481/1481 1482/1482/1482
f 1480/1480/1480 1482/1482/1482 1483/1483/1483
f 1480/1480/1480 1483/1483/1483 1484/1484/1484
f 1480/1480/1480 1484/1484/1484 1485/1485/1485
f 1480/1480/1480 1485/1485/1485 1469/1469/1469
f 1480/1480/1480 1469/1469/1469 1468/1468/1468
f 1480/1480/1480 1468/1468/1468 1467/1467/1467
f 1480/1480/1480 1467/1467/1467 1481/1481/1481
f 1486/1486/1486 1485/1485/1485 1484/1484/1484
f 1486/1486/1486 1484/1484/1484 1487/1487/1487
f 1486/1486/1486 1487/1487/1487 1488/1488/1488
f 1486/1486/1486 1488/1488/1488 1489/1489/1489
f 1486/1486/1486 1489/1489/1489 1476/1476/1476
f 1486/1486/1486 1476/1476/1476 1475/1475/1475
f 1486/1486/1486 1475/1475/1475 1469/1469/1469
f 1486/1486/1486 1469/1469/1469 1485/1485/1485
f 1490/1490/1490 1491/1491/1491 1492/1492/1492
f 1490/1490/1490 1492/1492/1492 1493/1493/1493
f 1490/1490/1490 1493/1493/1493 1494/1494/1494
f 1490/1490/1490 1494/1494/1494 1495/1495/1495
f 1490/1490/1490 1495/1495/1495 1484/1484/1484
f 1490/1490/1490 1484/1484/1484 1483/1483/1483
f 1490/1490/1490 1483/1483/1483 1482/1482/1482
f 1490/1490/1490 1482/1482/1482 1491/1491/1491
f 1496/1496/1496 1495/1495/1495 1497/1497/1497
f 1496/1496/1496 1497/1497/1497 1498/1498/1498
f 1496/1496/1496 1498/1498/1498 1499/1499/1499
f 1496/1496/1496 1499/1499/1499 1500/1500/1500
f 1496/1496/1496 1500/1500/1500 1488/1488/1488
f 1496/1496/1496 1488/1488/1488 1487/1487/1487
f 1496/1496/1496 1487/1487/1487 1501/1501/1501
f 1496/1496/1496 1501/1501/1501 1495/1495/1495
f 1502/1502/1502 1503/1503/1503 1504/1504/1504
f 1502/1502/1502 1504/1504/1504 1505/1505/1505
f 1502/1502/1502 1505/1505/1505 1506/1506/1506
f 1502/1502/1502 1506/1506/1506 1507/1507/1507
f 1502/1502/1502 1507/1507/1507 1494/1494/1494
f 1502/1502/1502 1494/1494/1494 1493/1493/1493
f 1502/1502/1502 1493/1493/1493 1492/1492/1492
f 1502/1502/1502 1492/1492/1492 1503/1503/1503
f 1508/1508/1508 1507/1507/1507 1506/1506/1506
f 1508/1508/1508 1506/1506/1506 1509/1509/1509
f 1508/1508/1508 1509/1509/1509 1510/1510/1510
f 1508/1508/1508 1510/1510/1510 1511/1511/1511
f 1508/1508/1508 1511/1511/1511 1499/1499/1499
f 1508/1508/1508 1499/1499/1499 1498/1498/1498
f 1508/1508/1508 1498/1498/1498 1494/1494/1494
f 1508/1508/1508 1494/1494/1494 1507/1507/1507
f 1512/1512/1512 1513/1513/1513 1514/1514/1514
f 1512/1512/1512 1514/1514/1514 1515/1515/1515
f 1512/1512/1512 1515/1515/1515 1516/1516/1516
f 1512/1512/1512 1516/1516/1516 1517/1517/1517
f 1512/1512/1512 1517/1517/1517 1506/1506/1506
f 1512/1512/1512 1506/1506/1506 1505/1505/1505
f 1512/1512/1512 1505/1505/1505 1504/1504/1504
f 1512/1512/1512 1504/1504/1504 1513/1513/1513
f 1518/1518/1518 1517/1517/1517 1516/1516/1516
f 1518/1518/1518 1516/1516/1516 1519/1519/1519
f 1518/1518/1518 1519/1519/1519 1520/1520/1520
f 1518/1518/1518 1520/1520/1520 1521/1521/1521
f 1518/1518/1518 1521/1521/1521 1510/1510/1510
f 1518/1518/1518 1510/1510/1510 1509/1509/1509
f 1518/1518/1518 1509/1509/1509 1506/1506/1506
f 1518/1518/1518 1506/1506/1506 1517/1517/1517
f 1522/1522/1522 1523/1523/1523 1473/1473/1473
f 1522/1522/1522 1473/1473/1473 1472/1472/1472
f 1522/1522/1522 1472/1472/1472 1471/1471/1471
f 1522/1522/1522 1471/1471/1471 1524/1524/1524
f 1522/1522/1522 1524/1524/1524 1516/1516/1516
f 1522/1522/1522 1516/1516/1516 1515/1515/1515
f 1522/1522/1522 1515/1515/1515 1514/1514/1514
f 1522/1522/1522 1514/1514/1514 1523/1523/1523
f 1525/1525/1525 1524/1524/1524 1526/1526/1526
f 1525/1525/1525 1526/1526/1526 1479/1479/1479
f 1525/1525/1525 1479/1479/1479 1478/1478/1478
f 1525/1525/1525 1478/1478/1478 1527/1527/1527
f 1525/1525/1525 1527/1527/1527 1520/1520/1520
f 1525/1525/1525 1520/1520/1520 1519/1519/1519
f 1525/1525/1525 1519/1519/1519 1528/1528/1528
f 1525/1525/1525 1528/1528/1528 1524/1524/1524
f 1529/1529/1529 1530/1530/1530 1531/1531/1531
f 1529/1529/1529 1531/1531/1531 1532/1532/1532
f 1529/1529/1529 1532/1532/1532 1423/1423/1423
f 1529/1529/1529 1423/1423/1423 1460/1460/1460
f 1529/1529/1529 1460/1460/1460 1453/1453/1453
f 1529/1529/1529 1453/1453/1453 1533/1533/1533
f 1529/1529/1529 1533/1533/1533 1534/1534/1534
f 1529/1529/1529 1534/1534/1534 1530/1530/1530
f 1535/1535/1535 1536/1536/1536 1534/1534/1534
f 1535/1535/1535 1534/1534/1534 1533/1533/1533
f 1535/1535/1535 1533/1533/1533 1453/1453/1453
f 1535/1535/1535 1453/1453/1453 1452/1452/1452
f 1535/1535/1535 1452/1452/1452 1445/1445/1445
f 1535/1535/1535 1445/1445/1445 1537/1537/1537
f 1535/1535/1535 1537/1537/1537 1538/1538/1538
f 1535/1535/1535 1538/1538/1538 1536/1536/1536
f 1539/1539/1539 1540/1540/1540 1538/1538/1538
f 1539/1539/1539 1538/1538/1538 1537/1537/1537
f 1539/1539/1539 1537/1537/1537 1445/1445/1445
f 1539/1539/1539 1445/1445/1445 1444/1444/1444
f 1539/1539/1539 1444/1444/1444 1437/1437/1437
f 1539/1539/1539 1437/1437/1437 1541/1541/1541
f 1539/1539/1539 1541/1541/1541 1542/1542/1542
f 1539/1539/1539 1542/1542/1542 1540/1540/1540
f 1543/1543/1543 1544/1544/1544 1542/1542/1542
f 1543/1543/1543 1542/1542/1542 1541/1541/1541
f 1543/1543/1543 1541/1541/1541 1437/1437/1437
f 1543/1543/1543 1437/1437/1437 1436/1436/1436
f 1543/1543/1543 1436/1436/1436 1429/1429/1429
f 1543/1543/1543 1429/1429/1429 1545/1545/1545
f 1543/1543/1543 1545/1545/1545 1546/1546/1546
f 1543/1543/1543 1546/1546/1546 1544/1544/1544
f 1547/1547/1547 1548/1548/1548 1546/1546/1546
f 1547/1547/1547 1546/1546/1546 1545/1545/1545
f 1547/1547/1547 1545/1545/1545 1429/1429/1429
f 1547/1547/1547 1429/1429/1429 1428/1428/1428
f 1547/1547/1547 1428/1428/1428 1417/1417/1417
f 1547/1547/1547 1417/1417/1417 1549/1549/1549
f 1547/1547/1547 1549/1549/1549 1550/1550/1550
f 1547/1547/1547 1550/1550/1550 1548/1548/1548
f 1551/1551/1551 1552/1552/1552 1550/1550/1550
f 1551/1551/1551 1550/1550/1550 1549/1549/1549
f 1551/1551/1551 1549/1549/1549 1417/1417/1417
f 1551/1551/1551 1417/1417/1417 1416/1416/1416
f 1551/1551/1551 1416/1416/1416 1423/1423/1423
f 1551/1551/1551 1423/1423/1423 1532/1532/1532
f 1551/1551/1551 1532/1532/1532 1531/1531/1531
f 1551/1551/1551 1531/1531/1531 1552/1552/1552
f 1553/1553/1553 1527/1527/1527 1478/1478/1478
f 1553/1553/1553 1478/1478/1478 1554/1554/1554
f 1553/1553/1553 1554/1554/1554 1555/1555/1555
f 1553/1553/1553 1555/1555/1555 1556/1556/1556
f 1553/1553/1553 1556/1556/1556 1557/1557/1557
f 1553/1553/1553 1557/1557/1557 1558/1558/1558
f 1553/1553/1553 1558/1558/1558 1520/1520/1520
f 1553/1553/1553 1520/1520/1520 1527/1527/1527
f 1559/1559/1559 1556/1556/1556 1555/1555/1555
f 1559/1559/1559 1555/1555/1555 1560/1560/1560
f 1559/1559/1559 1560/1560/1560 1531/1531/1531
f 1559/1559/1559 1531/1531/1531 1530/1530/1530
f 1559/1559/1559 1530/1530/1530 1534/1534/1534
f 1559/1559/1559 1534/1534/1534 1561/1561/1561
f 1559/1559/1559 1561/1561/1561 1557/1557/1557
f 1559/1559/1559 1557/1557/1557 1556/1556/1556
f 1562/1562/1562 1521/1521/1521 1520/1520/1520
f 1562/1562/1562 1520/1520/1520 1558/1558/1558
f 1562/1562/1562 1558/1558/1558 1557/1557/1557
f 1562/1562/1562 1557/1557/1557 1563/1563/1563
f 1562/1562/1562 1563/1563/1563 1564/1564/1564
f 1562/1562/1562 1564/1564/1564 1565/1565/1565
f 1562/1562/1562 1565/1565/1565 1510/1510/1510
f 1562/1562/1562 1510/1510/1510 1521/1521/1521
f 1566/1566/1566 1563/1563/1563 1557/1557/1557
f 1566/1566/1566 1557/1557/1557 1561/1561/1561
f 1566/1566/1566 1561/1561/1561 1534/1534/1534
f 1566/1566/1566 1534/1534/1534 1536/1536/1536
f 1566/1566/1566 1536/1536/1536 1538/1538/1538
f 1566/1566/1566 1538/1538/1538 1567/1567/1567
f 1566/1566/1566 1567/1567/1567 1564/1564/1564
f 1566/1566/1566 1564/1564/1564 1563/1563/1563
f 1568/1568/1568 1511/1511/1511 1510/1510/1510
f 1568/1568/1568 1510/1510/1510 1565/1565/1565
f 1568/1568/1568 1565/1565/1565 1564/1564/1564
f 1568/1568/1568 1564/1564/1564 1569/1569/1569
f 1568/1568/1568 1569/1569/1569 1570/1570/1570
f 1568/1568/1568 1570/1570/1570 1571/1571/1571
f 1568/1568/1568 1571/1571/1571 1499/1499/1499
f 1568/1568/1568 1499/1499/1499 1511/1511/1511
f 1572/1572/1572 1569/1569/1569 1564/1564/1564
f 1572/1572/1572 1564/1564/1564 1567/1567/1567
f 1572/1572/1572 1567/1567/1567 1538/1538/1538
f 1572/1572/1572 1538/1538/1538 1540/1540/1540
f 1572/1572/1572 1540/1540/1540 1542/1542/1542
f 1572/1572/1572 1542/1542/1542 1573/1573/1573
f 1572/1572/1572 1573/1573/1573 1570/1570/1570
f 1572/1572/1572 1570/1570/1570 1569/1569/1569
f 1574/1574/1574 1500/1500/1500 1499/1499/1499
f 1574/1574/1574 1499/1499/1499 1571/1571/1571
f 1574/1574/1574 1571/1571/1571 1570/1570/1570
f 1574/1574/1574 1570/1570/1570 1575/1575/1575
f 1574/1574/1574 1575/1575/1575 1576/1576/1576
f 1574/1574/1574 1576/1576/1576 1577/1577/1577
f 1574/1574/1574 1577/1577/1577 1488/1488/1488
f 1574/1574/1574 1488/1488/1488 1500/1500/1500
f 1578/1578/1578 1575/1575/1575 1570/1570/1570
f 1578/1578/1578 1570/1570/1570 1573/1573/1573
f 1578/1578/1578 1573/1573/1573 1542/1542/1542
f 1578/1578/1578 1542/1542/1542 1544/1544/1544
f 1578/1578/1578 1544/1544/1544 1546/1546/1546
f 1578/1578/1578 1546/1546/1546 1579/1579/1579
f 1578/1578/1578 1579/1579/1579 1576/1576/1576
f 1578/1578/1578 1576/1576/1576 1575/1575/1575
f 1580/1580/1580 1489/1489/1489 1488/1488/1488
f 1580/1580/1580 1488/1488/1488 1577/1577/1577
f 1580/1580/1580 1577/1577/1577 1576/1576/1576
f 1580/1580/1580 1576/1576/1576 1581/1581/1581
f 1580/1580/1580 1581/1581/1581 1582/1582/1582
f 1580/1580/1580 1582/1582/1582 1583/1583/1583
f 1580/1580/1580 1583/1583/1583 1476/1476/1476
f 1580/1580/1580 1476/1476/1476 1489/1489/1489
f 1584/1584/1584 1581/1581/1581 1576/1576/1576
f 1584/1584/1584 1576/1576/1576 1579/1579/1579
f 1584/1584/1584 1579/1579/1579 1546/1546/1546
f 1584/1584/1584 1546/1546/1546 1548/1548/1548
f 1584/1584/1584 1548/1548/1548 1550/1550/1550
f 1584/1584/1584 1550/1550/1550 1585/1585/1585
f 1584/1584/1584 1585/1585/1585 1582/1582/1582
f 1584/1584/1584 1582/1582/1582 1581/1581/1581
f 1586/1586/1586 1477/1477/1477 1476/1476/1476
f 1586/1586/1586 1476/1476/1476 1583/1583/1583
f 1586/1586/1586 1583/1583/1583 1582/1582/1582
f 1586/1586/1586 1582/1582/1582 1587/1587/1587
f 1586/1586/1586 1587/1587/1587 1555/1555/1555
f 1586/1586/1586 1555/1555/1555 1554/1554/1554
f 1586/1586/1586 1554/1554/1554 1478/1478/1478
f 1586/1586/1586 1478/1478/1478 1477/1477/1477
f 1588/1588/1588 1587/1587/1587 1582/1582/1582
f 1588/1588/1588 1582/1582/1582 1585/1585/1585
f 1588/1588/1588 1585/1585/1585 1550/1550/1550
f 1588/1588/1588 1550/1550/1550 1552/1552/1552
f 1588/1588/1588 1552/1552/1552 1531/1531/1531
f 1588/1588/1588 1531/1531/1531 1560/1560/1560
f 1588/1588/1588 1560/1560/1560 1555/1555/1555
f 1588/1588/1588 1555/1555/1555 1587/1587/1587
f 1589/1589/1589 1590/1590/1590 1591/1591/1591
f 1589/1589/1589 1591/1591/1591 1592/1592/1592
f 1589/1589/1589 1592/1592/1592 1593/1593/1593
f 1589/1589/1589 1593/1593/1593 1594/1594/1594
f 1589/1589/1589 1594/1594/1594 1595/1595/1595
f 1589/1589/1589 1595/1595/1595 1596/1596/1596
f 1589/1589/1589 1596/1596/1596 1597/1597/1597
f 1589/1589/1589 1597/1597/1597 1590/1590/1590
f 1598/1598/1598 1594/1594/1594 1599/1599/1599
f 1598/1598/1598 1599/1599/1599 1600/1600/1600
f 1598/1598/1598 1600/1600/1600 445/445/445
f 1598/1598/1598 445/445/445 444/444/444
f 1598/1598/1598 444/444/444 451/451/451
f 1598/1598/1598 451/451/451 1601/1601/1601
f 1598/1598/1598 1601/1601/1601 1595/1595/1595
f 1598/1598/1598 1595/1595/1595 1594/1594/1594
f 1602/1602/1602 1603/1603/1603 1604/1604/1604
f 1602/1602/1602 1604/1604/1604 1605/1605/1605
f 1602/1602/1602 1605/1605/1605 1606/1606/1606
f 1602/1602/1602 1606/1606/1606 1607/1607/1607
f 1602/1602/1602 1607/1607/1607 1593/1593/1593
f 1602/1602/1602 1593/1593/1593 1592/1592/1592
f 1602/1602/1602 1592/1592/1592 1591/1591/1591
f 1602/1602/1602 1591/1591/1591 1603/1603/1603
f 1608/1608/1608 1607/1607/1607 1606/1606/1606
f 1608/1608/1608 1606/1606/1606 1609/1609/1609
f 1608/1608/1608 1609/1609/1609 454/454/454
f 1608/1608/1608 454/454/454 453/453/453
f 1608/1608/1608 453/453/453 445/445/445
f 1608/1608/1608 445/445/445 1600/1600/1600
f 1608/1608/1608 1600/1600/1600 1593/1593/1593
f 1608/1608/1608 1593/1593/1593 1607/1607/1607
f 1610/1610/1610 1611/1611/1611 1612/1612/1612
f 1610/1610/1610 1612/1612/1612 1613/1613/1613
f 1610/1610/1610 1613/1613/1613 1614/1614/1614
f 1610/1610/1610 1614/1614/1614 1615/1615/1615
f 1610/1610/1610 1615/1615/1615 1606/1606/1606
f 1610/1610/1610 1606/1606/1606 1605/1605/1605
f 1610/1610/1610 1605/1605/1605 1604/1604/1604
f 1610/1610/1610 1604/1604/1604 1611/1611/1611
f 1616/1616/1616 1615/1615/1615 1614/1614/1614
f 1616/1616/1616 1614/1614/1614 1617/1617/1617
f 1616/1616/1616 1617/1617/1617 460/460/460
f 1616/1616/1616 460/460/460 459/459/459
f 1616/1616/1616 459/459/459 454/454/454
f 1616/1616/1616 454/454/454 1609/1609/1609
f 1616/1616/1616 1609/1609/1609 1606/1606/1606
f 1616/1616/1616 1606/1606/1606 1615/1615/1615
f 1618/1618/1618 1619/1619/1619 1620/1620/1620
f 1618/1618/1618 1620/1620/1620 1621/1621/1621
f 1618/1618/1618 1621/1621/1621 1622/1622/1622
f 1618/1618/1618 1622/1622/1622 1623/1623/1623
f 1618/1618/1618 1623/1623/1623 1614/1614/1614
f 1618/1618/1618 1614/1614/1614 1613/1613/1613
f 1618/1618/1618 1613/1613/1613 1612/1612/1612
f 1618/1618/1618 1612/1612/1612 1619/1619/1619
f 1624/1624/1624 1623/1623/1623 1625/1625/1625
f 1624/1624/1624 1625/1625/1625 1626/1626/1626
f 1624/1624/1624 1626/1626/1626 466/466/466
f 1624/1624/1624 466/466/466 465/465/465
f 1624/1624/1624 465/465/465 460/460/460
f 1624/1624/1624 460/460/460 1617/1617/1617
f 1624/1624/1624 1617/1617/1617 1627/1627/1627
f 1624/1624/1624 1627/1627/1627 1623/1623/1623
f 1628/1628/1628 1629/1629/1629 1630/1630/1630
f 1628/1628/1628 1630/1630/1630 1631/1631/1631
f 1628/1628/1628 1631/1631/1631 1632/1632/1632
f 1628/1628/1628 1632/1632/1632 1633/1633/1633
f 1628/1628/1628 1633/1633/1633 1625/1625/1625
f 1628/1628/1628 1625/1625/1625 1621/1621/1621
f 1628/1628/1628 1621/1621/1621 1634/1634/1634
f 1628/1628/1628 1634/1634/1634 1629/1629/1629
f 1635/1635/1635 1633/1633/1633 1632/1632/1632
f 1635/1635/1635 1632/1632/1632 1636/1636/1636
f 1635/1635/1635 1636/1636/1636 472/472/472
f 1635/1635/1635 472/472/472 471/471/471
f 1635/1635/1635 471/471/471 466/466/466
f 1635/1635/1635 466/466/466 1626/1626/1626
f 1635/1635/1635 1626/1626/1626 1625/1625/1625
f 1635/1635/1635 1625/1625/1625 1633/1633/1633
f 1637/1637/1637 1638/1638/1638 1639/1639/1639
f 1637/1637/1637 1639/1639/1639 1640/1640/1640
f 1637/1637/1637 1640/1640/1640 1641/1641/1641
f 1637/1637/1637 1641/1641/1641 1642/1642/1642
f 1637/1637/1637 1642/1642/1642 1632/1632/1632
f 1637/1637/1637 1632/1632/1632 1631/1631/1631
f 1637/1637/1637 1631/1631/1631 1630/1630/1630
f 1637/1637/1637 1630/1630/1630 1638/1638/1638
f 1643/1643/1643 1642/1642/1642 1641/1641/1641
f 1643/1643/1643 1641/1641/1641 1644/1644/1644
f 1643/1643/1643 1644/1644/1644 478/478/478
f 1643/1643/1643 478/478/478 477/477/477
f 1643/1643/1643 477/477/477 472/472/472
f 1643/1643/1643 472/472/472 1636/1636/1636
f 1643/1643/1643 1636/1636/1636 1632/1632/1632
f 1643/1643/1643 1632/1632/1632 1642/1642/1642
f 1645/1645/1645 1646/1646/1646 1647/1647/1647
f 1645/1645/1645 1647/1647/1647 1648/1648/1648
f 1645/1645/1645 1648/1648/1648 1649/1649/1649
f 1645/1645/1645 1649/1649/1649 1650/1650/1650
f 1645/1645/1645 1650/1650/1650 1641/1641/1641
f 1645/1645/1645 1641/1641/1641 1640/1640/1640
f 1645/1645/1645 1640/1640/1640 1639/1639/1639
f 1645/1645/1645 1639/1639/1639 1646/1646/1646
f 1651/1651/1651 1650/1650/1650 1649/1649/1649
f 1651/1651/1651 1649/1649/1649 1652/1652/1652
f 1651/1651/1651 1652/1652/1652 492/492/492
f 1651/1651/1651 492/492/492 484/484/484
f 1651/1651/1651 484/484/484 478/478/478
f 1651/1651/1651 478/478/478 1644/1644/1644
f 1651/1651/1651 1644/1644/1644 1641/1641/1641
f 1651/1651/1651 1641/1641/1641 1650/1650/1650
f 1653/1653/1653 1654/1654/1654 1597/1597/1597
f 1653/1653/1653 1597/1597/1597 1596/1596/1596
f 1653/1653/1653 1596/1596/1596 1595/1595/1595
f 1653/1653/1653 1595/1595/1595 1655/1655/1655
f 1653/1653/1653 1655/1655/1655 1656/1656/1656
f 1653/1653/1653 1656/1656/1656 1648/1648/1648
f 1653/1653/1653 1648/1648/1648 1647/1647/1647
f 1653/1653/1653 1647/1647/1647 1654/1654/1654
f 1657/1657/1657 1655/1655/1655 1595/1595/1595
f 1657/1657/1657 1595/1595/1595 1601/1601/1601
f 1657/1657/1657 1601/1601/1601 451/451/451
f 1657/1657/1657 451/451/451 490/490/490
f 1657/1657/1657 490/490/490 492/492/492
f 1657/1657/1657 492/492/492 1652/1652/1652
f 1657/1657/1657 1652/1652/1652 1649/1649/1649
f 1657/1657/1657 1649/1649/1649 1655/1655/1655
f 1658/1658/1658 1590/1590/1590 1597/1597/1597
f 1658/1658/1658 1597/1597/1597 1659/1659/1659
f 1658/1658/1658 1659/1659/1659 1660/1660/1660
f 1658/1658/1658 1660/1660/1660 1661/1661/1661
f 1658/1658/1658 1661/1661/1661 1662/1662/1662
f 1658/1658/1658 1662/1662/1662 1663/1663/1663
f 1658/1658/1658 1663/1663/1663 1591/1591/1591
f 1658/1658/1658 1591/1591/1591 1590/1590/1590
f 1664/1664/1664 1661/1661/1661 1660/1660/1660
f 1664/1664/1664 1660/1660/1660 1665/1665/1665
f 1664/1664/1664 1665/1665/1665 1245/1245/1245
f 1664/1664/1664 1245/1245/1245 1251/1251/1251
f 1664/1664/1664 1251/1251/1251 1255/1255/1255
f 1664/1664/1664 1255/1255/1255 1666/1666/1666
f 1664/1664/1664 1666/1666/1666 1662/1662/1662
f 1664/1664/1664 1662/1662/1662 1661/1661/1661
f 1667/1667/1667 1603/1603/1603 1591/1591/1591
f 1667/1667/1667 1591/1591/1591 1663/1663/1663
f 1667/1667/1667 1663/1663/1663 1662/1662/1662
f 1667/1667/1667 1662/1662/1662 1668/1668/1668
f 1667/1667/1667 1668/1668/1668 1669/1669/1669
f 1667/1667/1667 1669/1669/1669 1670/1670/1670
f 1667/1667/1667 1670/1670/1670 1604/1604/1604
f 1667/1667/1667 1604/1604/1604 1603/1603/1603
f 1671/1671/1671 1668/1668/1668 1662/1662/1662
f 1671/1671/1671 1662/1662/1662 1666/1666/1666
f 1671/1671/1671 1666/1666/1666 1255/1255/1255
f 1671/1671/1671 1255/1255/1255 1261/1261/1261
f 1671/1671/1671 1261/1261/1261 1187/1187/1187
f 1671/1671/1671 1187/1187/1187 1672/1672/1672
f 1671/1671/1671 1672/1672/1672 1669/1669/1669
f 1671/1671/1671 1669/1669/1669 1668/1668/1668
f 1673/1673/1673 1611/1611/1611 1604/1604/1604
f 1673/1673/1673 1604/1604/1604 1670/1670/1670
f 1673/1673/1673 1670/1670/1670 1669/1669/1669
f 1673/1673/1673 1669/1669/1669 1674/1674/1674
f 1673/1673/1673 1674/1674/1674 1675/1675/1675
f 1673/1673/1673 1675/1675/1675 1676/1676/1676
f 1673/1673/1673 1676/1676/1676 1612/1612/1612
f 1673/1673/1673 1612/1612/1612 1611/1611/1611
f 1677/1677/1677 1674/1674/1674 1669/1669/1669
f 1677/1677/1677 1669/1669/1669 1672/1672/1672
f 1677/1677/1677 1672/1672/1672 1187/1187/1187
f 1677/1677/1677 1187/1187/1187 1186/1186/1186
f 1677/1677/1677 1186/1186/1186 1193/1193/1193
f 1677/1677/1677 1193/1193/1193 1678/1678/1678
f 1677/1677/1677 1678/1678/1678 1675/1675/1675
f 1677/1677/1677 1675/1675/1675 1674/1674/1674
f 1679/1679/1679 1619/1619/1619 1612/1612/1612
f 1679/1679/1679 1612/1612/1612 1676/1676/1676
f 1679/1679/1679 1676/1676/1676 1675/1675/1675
f 1679/1679/1679 1675/1675/1675 1680/1680/1680
f 1679/1679/1679 1680/1680/1680 1681/1681/1681
f 1679/1679/1679 1681/1681/1681 1682/1682/1682
f 1679/1679/1679 1682/1682/1682 1620/1620/1620
f 1679/1679/1679 1620/1620/1620 1619/1619/1619
f 1683/1683/1683 1680/1680/1680 1675/1675/1675
f 1683/1683/1683 1675/1675/1675 1678/1678/1678
f 1683/1683/1683 1678/1678/1678 1193/1193/1193
f 1683/1683/1683 1193/1193/1193 1201/1201/1201
f 1683/1683/1683 1201/1201/1201 1205/1205/1205
f 1683/1683/1683 1205/1205/1205 1684/1684/1684
f 1683/1683/1683 1684/1684/1684 1681/1681/1681
f 1683/1683/1683 1681/1681/1681 1680/1680/1680
f 1685/1685/1685 1629/1629/1629 1620/1620/1620
f 1685/1685/1685 1620/1620/1620 1682/1682/1682
f 1685/1685/1685 1682/1682/1682 1681/1681/1681
f 1685/1685/1685 1681/1681/1681 1686/1686/1686
f 1685/1685/1685 1686/1686/1686 1687/1687/1687
f 1685/1685/1685 1687/1687/1687 1688/1688/1688
f 1685/1685/1685 1688/1688/1688 1689/1689/1689
f 1685/1685/1685 1689/1689/1689 1629/1629/1629
f 1690/1690/1690 1686/1686/1686 1681/1681/1681
f 1690/1690/1690 1681/1681/1681 1684/1684/1684
f 1690/1690/1690 1684/1684/1684 1205/1205/1205
f 1690/1690/1690 1205/1205/1205 1211/1211/1211
f 1690/1690/1690 1211/1211/1211 1215/1215/1215
f 1690/1690/1690 1215/1215/1215 1691/1691/1691
f 1690/1690/1690 1691/1691/1691 1687/1687/1687
f 1690/1690/1690 1687/1687/1687 1686/1686/1686
f 1692/1692/1692 1638/1638/1638 1630/1630/1630
f 1692/1692/1692 1630/1630/1630 1688/1688/1688
f 1692/1692/1692 1688/1688/1688 1687/1687/1687
f 1692/1692/1692 1687/1687/1687 1693/1693/1693
f 1692/1692/1692 1693/1693/1693 1694/1694/1694
f 1692/1692/1692 1694/1694/1694 1695/1695/1695
f 1692/1692/1692 1695/1695/1695 1639/1639/1639
f 1692/1692/1692 1639/1639/1639 1638/1638/1638
f 1696/1696/1696 1693/1693/1693 1687/1687/1687
f 1696/1696/1696 1687/1687/1687 1691/1691/1691
f 1696/1696/1696 1691/1691/1691 1215/1215/1215
f 1696/1696/1696 1215/1215/1215 1221/1221/1221
f 1696/1696/1696 1221/1221/1221 1225/1225/1225
f 1696/1696/1696 1225/1225/1225 1697/1697/1697
f 1696/1696/1696 1697/1697/1697 1694/1694/1694
f 1696/1696/1696 1694/1694/1694 1693/1693/1693
f 1698/1698/1698 1646/1646/1646 1639/1639/1639
f 1698/1698/1698 1639/1639/1639 1695/1695/1695
f 1698/1698/1698 1695/1695/1695 1694/1694/1694
f 1698/1698/1698 1694/1694/1694 1699/1699/1699
f 1698/1698/1698 1699/1699/1699 1700/1700/1700
f 1698/1698/1698 1700/1700/1700 1701/1701/1701
f 1698/1698/1698 1701/1701/1701 1647/1647/1647
f 1698/1698/1698 1647/1647/1647 1646/1646/1646
f 1702/1702/1702 1699/1699/1699 1694/1694/1694
f 1702/1702/1702 1694/1694/1694 1697/1697/1697
f 1702/1702/1702 1697/1697/1697 1225/1225/1225
f 1702/1702/1702 1225/1225/1225 1231/1231/1231
f 1702/1702/1702 1231/1231/1231 1235/1235/1235
f 1702/1702/1702 1235/1235/1235 1703/1703/1703
f 1702/1702/1702 1703/1703/1703 1700/1700/1700
f 1702/1702/1702 1700/1700/1700 1699/1699/1699
f 1704/1704/1704 1654/1654/1654 1647/1647/1647
f 1704/1704/1704 1647/1647/1647 1701/1701/1701
f 1704/1704/1704 1701/1701/1701 1700/1700/1700
f 1704/1704/1704 1700/1700/1700 1705/1705/1705
f 1704/1704/1704 1705/1705/1705 1660/1660/1660
f 1704/1704/1704 1660/1660/1660 1659/1659/1659
f 1704/1704/1704 1659/1659/1659 1597/1597/1597
f 1704/1704/1704 1597/1597/1597 1654/1654/1654
f 1706/1706/1706 1705/1705/1705 1700/1700/1700
f 1706/1706/1706 1700/1700/1700 1703/1703/1703
f 1706/1706/1706 1703/1703/1703 1235/1235/1235
f 1706/1706/1706 1235/1235/1235 1241/1241/1241
f 1706/1706/1706 1241/1241/1241 1245/1245/1245
f 1706/1706/1706 1245/1245/1245 1665/1665/1665
f 1706/1706/1706 1665/1665/1665 1660/1660/1660
f 1706/1706/1706 1660/1660/1660 1705/1705/1705
