v -1.981162 0.614796 1.391328
v -1.998883 0.617069 1.391328
v -1.998883 0.613992 1.419904
v -1.981162 0.612236 1.419904
v -1.963141 0.611049 1.419904
v -1.963141 0.613114 1.391328
v -1.963141 0.616107 1.363040
v -1.981162 0.618356 1.363040
v -1.998883 0.621282 1.363040
v -1.945121 0.612553 1.391328
v -1.945121 0.610653 1.419904
v -1.927100 0.611049 1.419904
v -1.927100 0.613114 1.391328
v -1.927100 0.616107 1.363040
v -1.945121 0.615357 1.363040
v -1.909080 0.614796 1.391328
v -1.909080 0.612236 1.419904
v -1.891456 0.613979 1.419904
v -1.891456 0.617056 1.391328
v -1.891456 0.621266 1.363040
v -1.909080 0.618356 1.363040
v -1.981162 0.611383 1.448481
v -1.998883 0.612967 1.448481
v -1.998883 0.613992 1.477057
v -1.981162 0.612236 1.477057
v -1.963141 0.611049 1.477057
v -1.963141 0.610360 1.448481
v -1.945121 0.610019 1.448481
v -1.945121 0.610653 1.477057
v -1.927100 0.611049 1.477057
v -1.927100 0.610360 1.448481
v -1.909080 0.611383 1.448481
v -1.909080 0.612236 1.477057
v -1.891456 0.613979 1.477057
v -1.891456 0.612954 1.448481
v -1.981162 0.614796 1.505634
v -1.998883 0.617069 1.505634
v -1.998883 0.621294 1.533995
v -1.981162 0.618367 1.533995
v -1.963141 0.616117 1.533995
v -1.963141 0.613114 1.505634
v -1.945121 0.612553 1.505634
v -1.945121 0.615367 1.533995
v -1.927100 0.616117 1.533995
v -1.927100 0.613114 1.505634
v -1.909080 0.614796 1.505634
v -1.909080 0.618367 1.533995
v -1.891456 0.621278 1.533995
v -1.891456 0.617056 1.505634
v -1.939992 0.594399 1.467621
v -1.933925 0.594399 1.459677
v -1.923953 0.594399 1.469649
v -1.930858 0.594399 1.475749
v -1.935935 0.594399 1.482761
v -1.943838 0.594399 1.479228
v -1.952868 0.594399 1.477396
v -1.949219 0.594399 1.463775
v -1.945121 0.594399 1.448481
v -1.925980 0.594399 1.453610
v -1.929827 0.594399 1.444383
v -1.916205 0.594399 1.440733
v -1.914374 0.594399 1.449763
v -1.910841 0.594399 1.457666
v -1.917852 0.594399 1.462744
v -1.931109 0.594399 1.434469
v -1.941023 0.594399 1.433187
v -1.937373 0.594399 1.419565
v -1.928637 0.594399 1.422495
v -1.920026 0.594399 1.423386
v -1.919134 0.594399 1.431997
v -1.950249 0.594399 1.429341
v -1.946403 0.594399 1.417734
v -1.956316 0.594399 1.437285
v -1.966288 0.594399 1.427313
v -1.959384 0.594399 1.421212
v -1.954306 0.594399 1.414201
v -1.964261 0.594399 1.443352
v -1.960414 0.594399 1.452579
v -1.974036 0.594399 1.456229
v -1.975867 0.594399 1.447199
v -1.979401 0.594399 1.439296
v -1.972389 0.594399 1.434218
v -1.959132 0.594399 1.462493
v -1.961604 0.594399 1.474467
v -1.970215 0.594399 1.473576
v -1.971107 0.594399 1.464965
v -1.981162 0.622208 1.335331
v -1.963141 0.619578 1.335331
v -1.963141 0.622399 1.314476
v -1.981162 0.625250 1.314476
v -1.998883 0.629168 1.314476
v -1.998883 0.625714 1.335331
v -1.981162 0.626376 1.306754
v -1.963141 0.623444 1.306754
v -1.963141 0.623326 1.305887
v -1.981162 0.626267 1.305887
v -1.998883 0.630355 1.305887
v -1.998883 0.630447 1.306754
v -1.945121 0.618701 1.335331
v -1.927100 0.619578 1.335331
v -1.927100 0.622399 1.314476
v -1.945121 0.621449 1.314476
v -1.945121 0.622467 1.306754
v -1.927100 0.623444 1.306754
v -1.927100 0.623326 1.305887
v -1.945121 0.622345 1.305887
v -1.909080 0.622208 1.335331
v -1.891456 0.625693 1.335331
v -1.891456 0.629143 1.314476
v -1.909080 0.625250 1.314476
v -1.909080 0.626376 1.306754
v -1.891456 0.630420 1.306754
v -1.891456 0.630328 1.305887
v -1.909080 0.626267 1.305887
v -1.981016 0.619109 1.307160
v -1.981125 0.619465 1.305989
v -1.963126 0.616526 1.305975
v -1.963081 0.616186 1.307105
v -1.962680 0.615149 1.317172
v -1.980045 0.617929 1.317598
v -1.997421 0.621794 1.317594
v -1.998693 0.623173 1.307160
v -1.998836 0.623551 1.305989
v -1.977423 0.614742 1.345788
v -1.961595 0.612347 1.344359
v -1.960532 0.609421 1.371500
v -1.974855 0.611381 1.374011
v -1.991034 0.613170 1.381754
v -1.993988 0.618072 1.345774
v -1.945121 0.615212 1.307086
v -1.945121 0.615546 1.305971
v -1.927115 0.616526 1.305975
v -1.927160 0.616186 1.307105
v -1.927562 0.615149 1.317172
v -1.945121 0.614222 1.317029
v -1.945121 0.611549 1.343882
v -1.928646 0.612347 1.344359
v -1.929709 0.609421 1.371500
v -1.945121 0.608768 1.370664
v -1.909225 0.619109 1.307161
v -1.909116 0.619465 1.305989
v -1.891504 0.623524 1.305989
v -1.891647 0.623146 1.307161
v -1.892923 0.621769 1.317605
v -1.910196 0.617929 1.317598
v -1.912818 0.614742 1.345788
v -1.896369 0.618050 1.345808
v -1.899283 0.613158 1.381786
v -1.915386 0.611381 1.374011
v -1.874628 0.619347 1.391328
v -1.874628 0.616039 1.419904
v -1.861908 0.617756 1.419904
v -1.861908 0.621133 1.391328
v -1.861908 0.626046 1.363040
v -1.874628 0.623999 1.363040
v -1.856608 0.621878 1.391328
v -1.856608 0.618472 1.419904
v -1.855415 0.618397 1.419904
v -1.855415 0.621809 1.391328
v -1.855415 0.626854 1.363040
v -1.856608 0.626898 1.363040
v -1.874628 0.614936 1.448481
v -1.874628 0.616039 1.477057
v -1.861908 0.617756 1.477057
v -1.861908 0.616631 1.448481
v -1.856608 0.617337 1.448481
v -1.856608 0.618472 1.477057
v -1.855415 0.618397 1.477057
v -1.855415 0.617260 1.448481
v -1.874628 0.619347 1.505634
v -1.874628 0.624013 1.533995
v -1.861908 0.626062 1.533995
v -1.861908 0.621133 1.505634
v -1.856608 0.621878 1.505634
v -1.856608 0.626916 1.533995
v -1.855415 0.626872 1.533995
v -1.855415 0.621809 1.505634
v -1.856616 0.614604 1.391955
v -1.855418 0.615006 1.391485
v -1.855320 0.611600 1.419969
v -1.856225 0.611222 1.420164
v -1.860249 0.610536 1.421027
v -1.861945 0.613814 1.394043
v -1.863365 0.618650 1.366582
v -1.856944 0.619608 1.363858
v -1.855500 0.620047 1.363245
v -1.874734 0.611917 1.399056
v -1.869908 0.608890 1.423099
v -1.879432 0.607188 1.425323
v -1.887206 0.609893 1.404305
v -1.878776 0.616353 1.373120
v -1.856095 0.610094 1.448481
v -1.855287 0.610464 1.448481
v -1.855320 0.611600 1.476993
v -1.856225 0.611222 1.476798
v -1.860249 0.610536 1.475935
v -1.859684 0.609443 1.448481
v -1.868299 0.607881 1.448481
v -1.869908 0.608890 1.473863
v -1.879432 0.607188 1.471638
v -1.876841 0.606287 1.448481
v -1.856616 0.614604 1.505007
v -1.855418 0.615006 1.505477
v -1.855499 0.620064 1.533792
v -1.856943 0.619625 1.533180
v -1.863362 0.618667 1.530460
v -1.861945 0.613814 1.502919
v -1.874734 0.611917 1.497906
v -1.878768 0.616368 1.523933
v -1.899275 0.613167 1.515240
v -1.887206 0.609893 1.492657
v -1.874628 0.634734 1.306754
v -1.874628 0.633221 1.314476
v -1.861908 0.636449 1.314476
v -1.861908 0.638178 1.306754
v -1.861908 0.638137 1.305887
v -1.874628 0.634668 1.305887
v -1.856608 0.639613 1.306754
v -1.855415 0.639700 1.306754
v -1.855725 0.639585 1.306112
v -1.856608 0.639582 1.305887
v -1.856608 0.637794 1.314476
v -1.855415 0.637860 1.314476
v -1.874628 0.629133 1.335331
v -1.861908 0.631778 1.335331
v -1.856608 0.632880 1.335331
v -1.855415 0.632892 1.335331
v -1.856618 0.632353 1.306775
v -1.855418 0.632900 1.306759
v -1.855436 0.631059 1.314517
v -1.856690 0.630528 1.314639
v -1.862265 0.629160 1.315182
v -1.861954 0.630915 1.306846
v -1.861919 0.631336 1.305910
v -1.856610 0.632782 1.305893
v -1.855726 0.633143 1.306115
v -1.874761 0.627464 1.307016
v -1.875644 0.625876 1.316485
v -1.874661 0.627866 1.305953
v -1.856884 0.625597 1.335876
v -1.855484 0.626086 1.335467
v -1.863103 0.624418 1.337694
v -1.878031 0.621589 1.342058
v -2.034027 0.621933 1.391328
v -2.034924 0.621823 1.391328
v -2.034924 0.618410 1.419904
v -2.034027 0.618525 1.419904
v -2.028924 0.617836 1.419904
v -2.028924 0.621216 1.391328
v -2.028924 0.626141 1.363040
v -2.034027 0.626962 1.363040
v -2.034924 0.626870 1.363040
v -2.016007 0.619402 1.391328
v -2.016007 0.616092 1.419904
v -2.016007 0.624062 1.363040
v -2.034027 0.617389 1.448481
v -2.034924 0.617273 1.448481
v -2.034924 0.618410 1.477057
v -2.034027 0.618525 1.477057
v -2.028924 0.617836 1.477057
v -2.028924 0.616709 1.448481
v -2.016007 0.614989 1.448481
v -2.016007 0.616092 1.477057
v -2.034027 0.621933 1.505634
v -2.034924 0.621823 1.505634
v -2.034924 0.626888 1.533995
v -2.034027 0.626979 1.533995
v -2.028924 0.626157 1.533995
v -2.028924 0.621216 1.505634
v -2.016007 0.619402 1.505634
v -2.016007 0.624077 1.533995
v -2.015903 0.611976 1.398901
v -2.003134 0.609907 1.404266
v -2.010884 0.607201 1.425307
v -2.020632 0.608941 1.423035
v -2.030440 0.610612 1.420931
v -2.028890 0.613902 1.393810
v -2.027592 0.618757 1.366278
v -2.011942 0.616424 1.372917
v -2.034021 0.614663 1.391799
v -2.034315 0.611273 1.420099
v -2.034996 0.611612 1.419953
v -2.034923 0.615020 1.391446
v -2.034861 0.620064 1.363194
v -2.033774 0.619679 1.363655
v -2.022209 0.607930 1.448481
v -2.013467 0.606299 1.448481
v -2.010884 0.607201 1.471654
v -2.020632 0.608941 1.473927
v -2.030440 0.610612 1.476031
v -2.030957 0.609516 1.448481
v -2.034413 0.610142 1.448481
v -2.034315 0.611273 1.476863
v -2.034996 0.611612 1.477009
v -2.035021 0.610476 1.448481
v -2.015903 0.611976 1.498061
v -2.003134 0.609907 1.492696
v -1.991042 0.613178 1.515272
v -2.011950 0.616439 1.524135
v -2.027595 0.618774 1.530763
v -2.028890 0.613902 1.503152
v -2.034021 0.614663 1.505163
v -2.033775 0.619696 1.533382
v -2.034861 0.620082 1.533842
v -2.034923 0.615020 1.505516
v -2.016007 0.629215 1.335330
v -2.016007 0.633320 1.314476
v -2.028924 0.636599 1.314476
v -2.028924 0.631900 1.335330
v -2.034027 0.632962 1.335330
v -2.034027 0.637894 1.314476
v -2.034924 0.637885 1.314476
v -2.034924 0.632912 1.335330
v -2.016007 0.634841 1.306754
v -2.016007 0.634776 1.305887
v -2.028924 0.638298 1.305887
v -2.028924 0.638338 1.306754
v -2.034027 0.639720 1.306754
v -2.034027 0.639689 1.305887
v -2.034692 0.639633 1.306112
v -2.034924 0.639727 1.306754
v -2.015877 0.627571 1.307010
v -2.015011 0.625978 1.316444
v -2.028598 0.629312 1.315121
v -2.028882 0.631075 1.306838
v -2.028913 0.631497 1.305908
v -2.015974 0.627973 1.305951
v -2.034019 0.632460 1.306770
v -2.033965 0.630629 1.314598
v -2.034909 0.631084 1.314507
v -2.034922 0.632927 1.306758
v -2.034691 0.633191 1.306114
v -2.034025 0.632889 1.305891
v -2.012672 0.621677 1.341922
v -2.027831 0.624550 1.337491
v -2.033820 0.625685 1.335741
v -2.034872 0.626108 1.335433
v -1.981162 0.625601 1.305598
v -1.963141 0.622657 1.305598
v -1.963141 0.621501 1.305598
v -1.981162 0.624446 1.305598
v -1.998883 0.628539 1.305598
v -1.998883 0.629695 1.305598
v -1.945121 0.621676 1.305598
v -1.927100 0.622657 1.305599
v -1.927100 0.621501 1.305599
v -1.945121 0.620520 1.305598
v -1.909080 0.625601 1.305599
v -1.891456 0.629668 1.305599
v -1.891456 0.628512 1.305599
v -1.909080 0.624446 1.305599
v -1.981162 0.625601 1.591363
v -1.981162 0.626277 1.591148
v -1.998883 0.630367 1.591148
v -1.998883 0.629695 1.591363
v -1.998883 0.628539 1.591363
v -1.981162 0.624446 1.591363
v -1.963141 0.621501 1.591363
v -1.963141 0.622657 1.591363
v -1.963141 0.623336 1.591148
v -1.945121 0.621676 1.591363
v -1.945121 0.622355 1.591148
v -1.945121 0.620520 1.591363
v -1.927100 0.621501 1.591363
v -1.927100 0.622657 1.591363
v -1.927100 0.623336 1.591148
v -1.909080 0.625601 1.591363
v -1.909080 0.626277 1.591148
v -1.909080 0.624446 1.591363
v -1.891456 0.628512 1.591363
v -1.891456 0.629668 1.591363
v -1.891456 0.630340 1.591148
v -2.035223 0.621157 1.391328
v -2.035223 0.626211 1.363040
v -2.035223 0.625055 1.363040
v -2.035223 0.620002 1.391328
v -2.035223 0.616588 1.419904
v -2.035223 0.617743 1.419904
v -2.035223 0.616605 1.448481
v -2.035223 0.615449 1.448481
v -2.035223 0.616588 1.477057
v -2.035223 0.617743 1.477057
v -2.035223 0.621157 1.505634
v -2.035223 0.620002 1.505634
v -2.035223 0.625073 1.533995
v -2.035223 0.626228 1.533995
v -1.855018 0.621157 1.505634
v -1.855018 0.626228 1.533995
v -1.855018 0.625073 1.533995
v -1.855018 0.620002 1.505634
v -1.855018 0.616588 1.477057
v -1.855018 0.617743 1.477057
v -1.855018 0.616605 1.448481
v -1.855018 0.615449 1.448481
v -1.855018 0.616588 1.419904
v -1.855018 0.617743 1.419904
v -1.855018 0.621157 1.391328
v -1.855018 0.620002 1.391328
v -1.855018 0.625055 1.363040
v -1.855018 0.626211 1.363040
v -2.035223 0.632267 1.335330
v -2.035223 0.637254 1.314476
v -2.035223 0.636098 1.314476
v -2.035223 0.631111 1.335330
v -2.035223 0.639100 1.306754
v -2.034924 0.639226 1.305887
v -2.034924 0.638070 1.305887
v -2.035223 0.637945 1.306754
v -1.855018 0.639100 1.306754
v -1.855018 0.637945 1.306754
v -1.855415 0.638043 1.305887
v -1.855415 0.639199 1.305887
v -1.855018 0.637254 1.314476
v -1.855018 0.636098 1.314476
v -1.855018 0.632267 1.335331
v -1.855018 0.631111 1.335331
v -1.874628 0.634017 1.305599
v -1.861908 0.637494 1.305599
v -1.861908 0.636338 1.305599
v -1.874628 0.632862 1.305599
v -1.856608 0.638942 1.305599
v -1.856608 0.637787 1.305599
v -1.856608 0.638942 1.591363
v -1.856608 0.639599 1.591148
v -1.861908 0.638153 1.591148
v -1.861908 0.637494 1.591363
v -1.861908 0.636338 1.591363
v -1.856608 0.637787 1.591363
v -1.855415 0.638061 1.591148
v -1.855415 0.639217 1.591148
v -1.855725 0.639617 1.590981
v -1.874628 0.634017 1.591363
v -1.874628 0.634683 1.591148
v -1.874628 0.632862 1.591363
v -2.034027 0.639050 1.305598
v -2.028924 0.637655 1.305598
v -2.028924 0.636499 1.305598
v -2.034027 0.637894 1.305598
v -2.016007 0.634125 1.305598
v -2.016007 0.632969 1.305598
v -2.016007 0.634125 1.591363
v -2.016007 0.634790 1.591148
v -2.028924 0.638314 1.591148
v -2.028924 0.637655 1.591363
v -2.028924 0.636499 1.591363
v -2.016007 0.632969 1.591363
v -2.034027 0.639050 1.591363
v -2.034027 0.639707 1.591148
v -2.034692 0.639664 1.590981
v -2.034924 0.639243 1.591148
v -2.034924 0.638088 1.591148
v -2.034027 0.637894 1.591363
v -1.981162 0.622866 1.305598
v -1.963141 0.619922 1.305598
v -1.963141 0.618354 1.305598
v -1.981162 0.621298 1.305598
v -1.998883 0.625392 1.305598
v -1.998883 0.626960 1.305598
v -1.981162 0.620180 1.305598
v -1.963141 0.617236 1.305598
v -1.998883 0.624273 1.305598
v -1.945121 0.618940 1.305598
v -1.927100 0.619922 1.305599
v -1.927100 0.618354 1.305598
v -1.945121 0.617373 1.305598
v -1.945121 0.616254 1.305598
v -1.927100 0.617236 1.305599
v -1.909080 0.622866 1.305599
v -1.891456 0.626933 1.305599
v -1.891456 0.625365 1.305599
v -1.909080 0.621298 1.305599
v -1.909080 0.620180 1.305599
v -1.891456 0.624247 1.305599
v -1.981162 0.622866 1.591363
v -1.998883 0.626960 1.591363
v -1.998883 0.625392 1.591363
v -1.981162 0.621298 1.591363
v -1.963141 0.618354 1.591363
v -1.963141 0.619922 1.591363
v -1.981162 0.620180 1.591363
v -1.998883 0.624273 1.591363
v -1.998848 0.623564 1.591073
v -1.981135 0.619476 1.591073
v -1.963130 0.616536 1.591083
v -1.963141 0.617236 1.591363
v -1.945121 0.618940 1.591363
v -1.945121 0.617373 1.591363
v -1.927100 0.618354 1.591363
v -1.927100 0.619922 1.591363
v -1.945121 0.616254 1.591363
v -1.945121 0.615556 1.591087
v -1.927111 0.616536 1.591083
v -1.927100 0.617236 1.591363
v -1.909080 0.622866 1.591363
v -1.909080 0.621298 1.591363
v -1.891456 0.625365 1.591363
v -1.891456 0.626933 1.591363
v -1.909080 0.620180 1.591363
v -1.909107 0.619476 1.591073
v -1.891492 0.623537 1.591073
v -1.891456 0.624247 1.591363
v -2.035223 0.618422 1.391328
v -2.035223 0.623475 1.363040
v -2.035223 0.621908 1.363040
v -2.035223 0.616855 1.391328
v -2.035223 0.613440 1.419904
v -2.035223 0.615008 1.419904
v -2.035223 0.615736 1.391328
v -2.035223 0.620789 1.363040
v -2.035223 0.612322 1.419904
v -2.035223 0.613870 1.448481
v -2.035223 0.612302 1.448481
v -2.035223 0.613440 1.477057
v -2.035223 0.615008 1.477057
v -2.035223 0.611184 1.448481
v -2.035223 0.612322 1.477057
v -2.035223 0.618422 1.505634
v -2.035223 0.616855 1.505634
v -2.035223 0.621926 1.533995
v -2.035223 0.623493 1.533995
v -2.035223 0.615736 1.505634
v -2.035223 0.620807 1.533995
v -1.855018 0.618422 1.505634
v -1.855018 0.623493 1.533995
v -1.855018 0.621926 1.533995
v -1.855018 0.616855 1.505634
v -1.855018 0.613440 1.477057
v -1.855018 0.615008 1.477057
v -1.855018 0.615736 1.505634
v -1.855018 0.620807 1.533995
v -1.855018 0.612322 1.477057
v -1.855018 0.613870 1.448481
v -1.855018 0.612302 1.448481
v -1.855018 0.613440 1.419904
v -1.855018 0.615008 1.419904
v -1.855018 0.611184 1.448481
v -1.855018 0.612322 1.419904
v -1.855018 0.618422 1.391328
v -1.855018 0.616855 1.391328
v -1.855018 0.621908 1.363040
v -1.855018 0.623475 1.363040
v -1.855018 0.615736 1.391328
v -1.855018 0.620789 1.363040
v -2.035223 0.629531 1.335330
v -2.035223 0.634518 1.314476
v -2.035223 0.632951 1.314476
v -2.035223 0.627964 1.335330
v -2.035223 0.626845 1.335330
v -2.035223 0.631832 1.314476
v -2.035223 0.636365 1.306754
v -2.034924 0.636491 1.305887
v -2.034924 0.634923 1.305887
v -2.035223 0.634798 1.306754
v -2.035223 0.633679 1.306754
v -2.034924 0.633804 1.305887
v -1.855018 0.636365 1.306754
v -1.855018 0.634518 1.314476
v -1.855018 0.632951 1.314476
v -1.855018 0.634798 1.306754
v -1.855415 0.634896 1.305887
v -1.855415 0.636464 1.305887
v -1.855018 0.633679 1.306754
v -1.855018 0.631832 1.314476
v -1.855415 0.633777 1.305887
v -1.855018 0.629531 1.335331
v -1.855018 0.627964 1.335331
v -1.855018 0.626845 1.335331
v -1.874628 0.631282 1.305599
v -1.861908 0.634758 1.305599
v -1.861908 0.633191 1.305599
v -1.874628 0.629714 1.305599
v -1.874628 0.628596 1.305599
v -1.861908 0.632072 1.305599
v -1.856608 0.636207 1.305599
v -1.856608 0.634639 1.305599
v -1.856608 0.633521 1.305599
v -1.856608 0.636207 1.591363
v -1.861908 0.634758 1.591363
v -1.861908 0.633191 1.591363
v -1.856608 0.634639 1.591363
v -1.855415 0.634914 1.591148
v -1.855415 0.636481 1.591148
v -1.856608 0.633521 1.591363
v -1.861908 0.632072 1.591363
v -1.861916 0.631353 1.591131
v -1.856610 0.632799 1.591144
v -1.855725 0.633174 1.590979
v -1.855415 0.633795 1.591148
v -1.874628 0.631282 1.591363
v -1.874628 0.629714 1.591363
v -1.874628 0.628596 1.591363
v -1.874653 0.627881 1.591100
v -2.034027 0.636314 1.305598
v -2.028924 0.634920 1.305598
v -2.028924 0.633352 1.305598
v -2.034027 0.634747 1.305598
v -2.034027 0.633628 1.305598
v -2.028924 0.632234 1.305598
v -2.016007 0.631389 1.305598
v -2.016007 0.629822 1.305598
v -2.016007 0.628703 1.305598
v -2.016007 0.631389 1.591363
v -2.028924 0.634920 1.591363
v -2.028924 0.633352 1.591363
v -2.016007 0.629822 1.591363
v -2.016007 0.628703 1.591363
v -2.028924 0.632234 1.591363
v -2.028916 0.631514 1.591133
v -2.015983 0.627988 1.591101
v -2.034027 0.636314 1.591363
v -2.034924 0.636508 1.591148
v -2.034924 0.634941 1.591148
v -2.034027 0.634747 1.591363
v -2.034027 0.633628 1.591363
v -2.034924 0.633822 1.591148
v -2.034691 0.633222 1.590980
v -2.034026 0.632907 1.591145
v -1.981162 0.626419 1.590503
v -1.963141 0.623484 1.590503
v -1.963141 0.622459 1.582929
v -1.981162 0.625315 1.582929
v -1.998883 0.629241 1.582929
v -1.998883 0.630496 1.590503
v -1.981162 0.622252 1.561927
v -1.963141 0.619618 1.561927
v -1.998883 0.625763 1.561927
v -1.945121 0.622506 1.590503
v -1.927100 0.623484 1.590503
v -1.927100 0.622459 1.582929
v -1.945121 0.621508 1.582929
v -1.945121 0.618740 1.561927
v -1.927100 0.619618 1.561927
v -1.909080 0.626419 1.590503
v -1.891456 0.630469 1.590503
v -1.891456 0.629216 1.582929
v -1.909080 0.625315 1.582929
v -1.909080 0.622252 1.561927
v -1.891456 0.625742 1.561927
v -1.977460 0.614787 1.551574
v -1.974865 0.611392 1.523051
v -1.960536 0.609431 1.525558
v -1.961610 0.612387 1.552989
v -1.962703 0.615208 1.580369
v -1.980101 0.617997 1.579963
v -1.997494 0.621874 1.579967
v -1.994036 0.618125 1.551587
v -1.981053 0.619154 1.590201
v -1.963096 0.616226 1.590242
v -1.998742 0.623226 1.590201
v -1.945121 0.611587 1.553460
v -1.945121 0.608778 1.526393
v -1.929705 0.609431 1.525558
v -1.928631 0.612387 1.552989
v -1.927539 0.615208 1.580369
v -1.945121 0.614279 1.580504
v -1.945121 0.615250 1.590256
v -1.927145 0.616226 1.590242
v -1.912781 0.614787 1.551574
v -1.915376 0.611392 1.523051
v -1.896320 0.618103 1.551553
v -1.892850 0.621848 1.579957
v -1.910140 0.617997 1.579963
v -1.909188 0.619154 1.590201
v -1.891599 0.623199 1.590200
v -1.874628 0.634792 1.590503
v -1.861908 0.638245 1.590503
v -1.861908 0.636548 1.582929
v -1.874628 0.633307 1.582929
v -1.874628 0.629191 1.561927
v -1.861908 0.631844 1.561927
v -1.856608 0.639683 1.590503
v -1.855415 0.639771 1.590503
v -1.855415 0.637966 1.582929
v -1.856608 0.637898 1.582929
v -1.856608 0.632949 1.561927
v -1.855415 0.632962 1.561927
v -1.856616 0.632423 1.590488
v -1.861942 0.630982 1.590435
v -1.862247 0.629260 1.582259
v -1.856686 0.630632 1.582775
v -1.855435 0.631165 1.582891
v -1.855417 0.632971 1.590500
v -1.856881 0.625667 1.561387
v -1.863091 0.624486 1.559587
v -1.855484 0.626157 1.561792
v -1.874727 0.627525 1.590309
v -1.875594 0.625968 1.581021
v -1.877998 0.621650 1.555267
v -2.034027 0.639790 1.590503
v -2.028924 0.638405 1.590503
v -2.028924 0.636699 1.582929
v -2.034027 0.637999 1.582929
v -2.034924 0.637991 1.582929
v -2.034924 0.639797 1.590503
v -2.034027 0.633031 1.561927
v -2.028924 0.631967 1.561927
v -2.034924 0.632983 1.561927
v -2.016007 0.634899 1.590503
v -2.016007 0.633408 1.582929
v -2.016007 0.629273 1.561927
v -2.015910 0.627632 1.590313
v -2.028893 0.631143 1.590441
v -2.028614 0.629413 1.582317
v -2.015061 0.626070 1.581060
v -2.012705 0.621738 1.555401
v -2.027842 0.624617 1.559788
v -2.034021 0.632530 1.590492
v -2.034923 0.632998 1.590500
v -2.034909 0.631190 1.582900
v -2.033968 0.630734 1.582813
v -2.033822 0.625755 1.561521
v -2.034873 0.626179 1.561825
v -2.035223 0.632337 1.561927
v -2.035223 0.631182 1.561927
v -2.035223 0.636204 1.582929
v -2.035223 0.637360 1.582929
v -2.035223 0.639171 1.590503
v -2.035223 0.638015 1.590503
v -1.855018 0.639171 1.590503
v -1.855018 0.638015 1.590503
v -1.855018 0.636204 1.582929
v -1.855018 0.637360 1.582929
v -1.855018 0.632337 1.561927
v -1.855018 0.631182 1.561927
v -2.035223 0.629602 1.561927
v -2.035223 0.628035 1.561927
v -2.035223 0.633057 1.582929
v -2.035223 0.634624 1.582929
v -2.035223 0.636436 1.590503
v -2.035223 0.634868 1.590503
v -2.035223 0.626916 1.561927
v -2.035223 0.631938 1.582929
v -2.035223 0.633750 1.590503
v -1.855018 0.636436 1.590503
v -1.855018 0.634868 1.590503
v -1.855018 0.633057 1.582929
v -1.855018 0.634624 1.582929
v -1.855018 0.629602 1.561927
v -1.855018 0.628035 1.561927
v -1.855018 0.633750 1.590503
v -1.855018 0.631938 1.582929
v -1.855018 0.626916 1.561927
v -1.979256 0.594757 1.389357
v -1.979213 0.594488 1.389432
v -1.993363 0.594488 1.400239
v -1.993424 0.594757 1.400177
v -1.993424 0.595324 1.400177
v -1.979256 0.595324 1.389357
v -1.962801 0.595324 1.382497
v -1.962801 0.594757 1.382497
v -1.962779 0.594488 1.382581
v -2.004245 0.594757 1.414346
v -2.004170 0.594488 1.414389
v -2.011021 0.594488 1.430823
v -2.011105 0.594757 1.430801
v -2.011105 0.595324 1.430801
v -2.004245 0.595324 1.414346
v -2.013391 0.594757 1.448481
v -2.013305 0.594488 1.448481
v -2.011021 0.594488 1.466139
v -2.011105 0.594757 1.466161
v -2.011105 0.595324 1.466161
v -2.013391 0.595324 1.448481
v -2.004245 0.594757 1.482616
v -2.004170 0.594488 1.482573
v -1.993363 0.594488 1.496723
v -1.993424 0.594757 1.496785
v -1.993424 0.595324 1.496785
v -2.004245 0.595324 1.482616
v -1.979256 0.594757 1.507605
v -1.979213 0.594488 1.507530
v -1.962779 0.594488 1.514381
v -1.962801 0.594757 1.514465
v -1.962801 0.595324 1.514465
v -1.979256 0.595324 1.507605
v -1.945121 0.594757 1.516752
v -1.945121 0.594488 1.516665
v -1.927463 0.594488 1.514381
v -1.927440 0.594757 1.514465
v -1.927440 0.595324 1.514465
v -1.945121 0.595324 1.516752
v -1.910985 0.594757 1.507605
v -1.911029 0.594488 1.507530
v -1.896878 0.594488 1.496723
v -1.896817 0.594757 1.496785
v -1.896817 0.595324 1.496785
v -1.910985 0.595324 1.507605
v -1.885996 0.594757 1.482616
v -1.886071 0.594488 1.482573
v -1.879220 0.594488 1.466139
v -1.879136 0.594757 1.466161
v -1.879136 0.595324 1.466161
v -1.885996 0.595324 1.482616
v -1.876850 0.594757 1.448481
v -1.876936 0.594488 1.448481
v -1.879220 0.594488 1.430823
v -1.879136 0.594757 1.430801
v -1.879136 0.595324 1.430801
v -1.876850 0.595324 1.448481
v -1.885996 0.594757 1.414346
v -1.886071 0.594488 1.414389
v -1.896878 0.594488 1.400239
v -1.896817 0.594757 1.400177
v -1.896817 0.595324 1.400177
v -1.885996 0.595324 1.414346
v -1.910985 0.594757 1.389357
v -1.911029 0.594488 1.389432
v -1.927463 0.594488 1.382581
v -1.927440 0.594757 1.382497
v -1.927440 0.595324 1.382497
v -1.910985 0.595324 1.389357
v -1.945121 0.594757 1.380210
v -1.945121 0.594488 1.380297
v -1.945121 0.595324 1.380210
v -1.979256 0.596310 1.389357
v -1.993424 0.596310 1.400177
v -1.993424 0.597325 1.400177
v -1.979256 0.597325 1.389357
v -1.962801 0.597325 1.382497
v -1.962801 0.596310 1.382497
v -1.979256 0.597980 1.389357
v -1.993424 0.597980 1.400177
v -1.993296 0.598426 1.400306
v -1.979165 0.598426 1.389514
v -1.962754 0.598426 1.382672
v -1.962801 0.597980 1.382497
v -2.004245 0.596310 1.414346
v -2.011105 0.596310 1.430801
v -2.011105 0.597325 1.430801
v -2.004245 0.597325 1.414346
v -2.004245 0.597980 1.414346
v -2.011105 0.597980 1.430801
v -2.010930 0.598426 1.430848
v -2.004088 0.598426 1.414436
v -2.013391 0.596310 1.448481
v -2.011105 0.596310 1.466161
v -2.011105 0.597325 1.466161
v -2.013391 0.597325 1.448481
v -2.013391 0.597980 1.448481
v -2.011105 0.597980 1.466161
v -2.010930 0.598426 1.466114
v -2.013210 0.598426 1.448481
v -2.004245 0.596310 1.482616
v -1.993424 0.596310 1.496785
v -1.993424 0.597325 1.496785
v -2.004245 0.597325 1.482616
v -2.004245 0.597980 1.482616
v -1.993424 0.597980 1.496785
v -1.993296 0.598426 1.496657
v -2.004088 0.598426 1.482526
v -1.979256 0.596310 1.507605
v -1.962801 0.596310 1.514465
v -1.962801 0.597325 1.514465
v -1.979256 0.597325 1.507605
v -1.979256 0.597980 1.507605
v -1.962801 0.597980 1.514465
v -1.962754 0.598426 1.514290
v -1.979165 0.598426 1.507448
v -1.945121 0.596310 1.516752
v -1.927440 0.596310 1.514465
v -1.927440 0.597325 1.514465
v -1.945121 0.597325 1.516752
v -1.945121 0.597980 1.516752
v -1.927440 0.597980 1.514465
v -1.927487 0.598426 1.514290
v -1.945121 0.598426 1.516571
v -1.910985 0.596310 1.507605
v -1.896817 0.596310 1.496785
v -1.896817 0.597325 1.496785
v -1.910985 0.597325 1.507605
v -1.910985 0.597980 1.507605
v -1.896817 0.597980 1.496785
v -1.896945 0.598426 1.496657
v -1.911076 0.598426 1.507448
v -1.885996 0.596310 1.482616
v -1.879136 0.596310 1.466161
v -1.879136 0.597325 1.466161
v -1.885996 0.597325 1.482616
v -1.885996 0.597980 1.482616
v -1.879136 0.597980 1.466161
v -1.879312 0.598426 1.466114
v -1.886153 0.598426 1.482526
v -1.876850 0.596310 1.448481
v -1.879136 0.596310 1.430801
v -1.879136 0.597325 1.430801
v -1.876850 0.597325 1.448481
v -1.876850 0.597980 1.448481
v -1.879136 0.597980 1.430801
v -1.879312 0.598426 1.430848
v -1.877031 0.598426 1.448481
v -1.885996 0.596310 1.414346
v -1.896817 0.596310 1.400177
v -1.896817 0.597325 1.400177
v -1.885996 0.597325 1.414346
v -1.885996 0.597980 1.414346
v -1.896817 0.597980 1.400177
v -1.896945 0.598426 1.400306
v -1.886153 0.598426 1.414436
v -1.910985 0.596310 1.389357
v -1.927440 0.596310 1.382497
v -1.927440 0.597325 1.382497
v -1.910985 0.597325 1.389357
v -1.910985 0.597980 1.389357
v -1.927440 0.597980 1.382497
v -1.927487 0.598426 1.382672
v -1.911076 0.598426 1.389514
v -1.945121 0.596310 1.380210
v -1.945121 0.597325 1.380210
v -1.945121 0.597980 1.380210
v -1.945121 0.598426 1.380391
v -1.978893 0.598815 1.389985
v -1.992911 0.598815 1.400690
v -1.991895 0.599529 1.401707
v -1.978175 0.599529 1.391229
v -1.962241 0.599529 1.384586
v -1.962613 0.598815 1.383198
v -2.003617 0.598815 1.414708
v -2.010404 0.598815 1.430988
v -2.009015 0.599529 1.431360
v -2.002373 0.599529 1.415427
v -2.012666 0.598815 1.448481
v -2.010404 0.598815 1.465974
v -2.009015 0.599529 1.465601
v -2.011229 0.599529 1.448481
v -2.003617 0.598815 1.482254
v -1.992911 0.598815 1.496272
v -1.991895 0.599529 1.495255
v -2.002373 0.599529 1.481535
v -1.978893 0.598815 1.506977
v -1.962613 0.598815 1.513764
v -1.962241 0.599529 1.512375
v -1.978175 0.599529 1.505733
v -1.945121 0.598815 1.516027
v -1.927628 0.598815 1.513764
v -1.928000 0.599529 1.512375
v -1.945121 0.599529 1.514590
v -1.911348 0.598815 1.506977
v -1.897330 0.598815 1.496272
v -1.898347 0.599529 1.495255
v -1.912066 0.599529 1.505733
v -1.886624 0.598815 1.482254
v -1.879837 0.598815 1.465974
v -1.881226 0.599529 1.465601
v -1.887869 0.599529 1.481535
v -1.877575 0.598815 1.448481
v -1.879837 0.598815 1.430988
v -1.881226 0.599529 1.431360
v -1.879012 0.599529 1.448481
v -1.886624 0.598815 1.414708
v -1.897330 0.598815 1.400690
v -1.898347 0.599529 1.401707
v -1.887869 0.599529 1.415427
v -1.911348 0.598815 1.389985
v -1.927628 0.598815 1.383198
v -1.928000 0.599529 1.384586
v -1.912066 0.599529 1.391229
v -1.945121 0.598815 1.380935
v -1.945121 0.599529 1.382372
v -1.976745 0.600952 1.393706
v -1.989871 0.600952 1.403731
v -1.987913 0.602328 1.405689
v -1.975361 0.602328 1.396103
v -1.960784 0.602328 1.390026
v -1.961500 0.600952 1.387351
v -1.974783 0.602903 1.397104
v -1.987095 0.602903 1.406507
v -1.986908 0.603088 1.406587
v -1.974647 0.603082 1.397238
v -1.960415 0.603070 1.391324
v -1.960484 0.602903 1.391143
v -1.999895 0.600952 1.416857
v -2.006250 0.600952 1.432101
v -2.003576 0.602328 1.432818
v -1.997499 0.602328 1.418240
v -1.996497 0.602903 1.418819
v -2.002458 0.602903 1.433117
v -2.002241 0.603057 1.433137
v -1.996288 0.603075 1.418863
v -2.008369 0.600952 1.448481
v -2.006250 0.600952 1.464861
v -2.003576 0.602328 1.464144
v -2.005602 0.602328 1.448481
v -2.004445 0.602903 1.448481
v -2.002458 0.602903 1.463845
v -2.002241 0.603057 1.463825
v -2.004226 0.603052 1.448481
v -1.999895 0.600952 1.480105
v -1.989871 0.600952 1.493231
v -1.987913 0.602328 1.491273
v -1.997499 0.602328 1.478721
v -1.996497 0.602903 1.478143
v -1.987095 0.602903 1.490455
v -1.986908 0.603088 1.490375
v -1.996288 0.603075 1.478099
v -1.976745 0.600952 1.503255
v -1.961500 0.600952 1.509611
v -1.960784 0.602328 1.506936
v -1.975361 0.602328 1.500859
v -1.974783 0.602903 1.499858
v -1.960484 0.602903 1.505819
v -1.960415 0.603070 1.505638
v -1.974647 0.603082 1.499724
v -1.945121 0.600952 1.511729
v -1.928741 0.600952 1.509611
v -1.929458 0.602328 1.506936
v -1.945121 0.602328 1.508962
v -1.945121 0.602903 1.507806
v -1.929757 0.602903 1.505819
v -1.929826 0.603070 1.505638
v -1.945121 0.603066 1.507609
v -1.913496 0.600952 1.503255
v -1.900370 0.600952 1.493231
v -1.902328 0.602328 1.491273
v -1.914880 0.602328 1.500859
v -1.915458 0.602903 1.499858
v -1.903146 0.602903 1.490455
v -1.903333 0.603088 1.490375
v -1.915594 0.603082 1.499724
v -1.890346 0.600952 1.480105
v -1.883991 0.600952 1.464861
v -1.886665 0.602328 1.464144
v -1.892742 0.602328 1.478721
v -1.893744 0.602903 1.478143
v -1.887783 0.602903 1.463845
v -1.888000 0.603057 1.463825
v -1.893954 0.603075 1.478099
v -1.881872 0.600952 1.448481
v -1.883991 0.600952 1.432101
v -1.886665 0.602328 1.432818
v -1.884639 0.602328 1.448481
v -1.885796 0.602903 1.448481
v -1.887783 0.602903 1.433117
v -1.888000 0.603057 1.433137
v -1.886015 0.603052 1.448481
v -1.890346 0.600952 1.416857
v -1.900370 0.600952 1.403731
v -1.902328 0.602328 1.405689
v -1.892742 0.602328 1.418240
v -1.893744 0.602903 1.418819
v -1.903146 0.602903 1.406507
v -1.903333 0.603088 1.406587
v -1.893954 0.603075 1.418863
v -1.913496 0.600952 1.393706
v -1.928741 0.600952 1.387351
v -1.929458 0.602328 1.390026
v -1.914880 0.602328 1.396103
v -1.915458 0.602903 1.397104
v -1.929757 0.602903 1.391143
v -1.929826 0.603070 1.391324
v -1.915594 0.603082 1.397238
v -1.945121 0.600952 1.385233
v -1.945121 0.602328 1.388000
v -1.945121 0.602903 1.389156
v -1.945121 0.603066 1.389353
v -1.885973 0.603149 1.448481
v -1.885242 0.603453 1.448481
v -1.887349 0.603574 1.464755
v -1.887973 0.603173 1.463946
v -1.887973 0.603173 1.433016
v -1.887349 0.603574 1.432207
v -1.893975 0.603243 1.478316
v -1.893671 0.603938 1.479781
v -1.903398 0.604217 1.492416
v -1.903395 0.603296 1.490631
v -1.915650 0.603271 1.499931
v -1.915719 0.604084 1.501514
v -1.929878 0.603830 1.507012
v -1.929854 0.603222 1.505774
v -1.945121 0.603205 1.507722
v -1.945121 0.603745 1.508844
v -1.960363 0.603830 1.507012
v -1.960387 0.603222 1.505774
v -1.974591 0.603271 1.499931
v -1.974522 0.604084 1.501514
v -1.986843 0.604217 1.492416
v -1.986846 0.603296 1.490631
v -1.996266 0.603243 1.478316
v -1.996570 0.603938 1.479781
v -2.002892 0.603574 1.464755
v -2.002268 0.603173 1.463946
v -2.004268 0.603149 1.448481
v -2.005000 0.603453 1.448481
v -2.002892 0.603574 1.432207
v -2.002268 0.603173 1.433016
v -1.996266 0.603243 1.418646
v -1.996570 0.603938 1.417181
v -1.986843 0.604217 1.404546
v -1.986846 0.603296 1.406331
v -1.974591 0.603271 1.397031
v -1.974522 0.604084 1.395448
v -1.960363 0.603830 1.389950
v -1.960387 0.603222 1.391188
v -1.945121 0.603205 1.389240
v -1.945121 0.603745 1.388117
v -1.929878 0.603830 1.389950
v -1.929854 0.603222 1.391188
v -1.915650 0.603271 1.397031
v -1.915719 0.604084 1.395448
v -1.903398 0.604217 1.404546
v -1.903395 0.603296 1.406331
v -1.893975 0.603243 1.418646
v -1.893671 0.603938 1.417181
v -1.979083 0.594399 1.389657
v -1.962711 0.594399 1.382832
v -1.961363 0.594399 1.387862
v -1.976480 0.594399 1.394164
v -1.989497 0.594399 1.404105
v -1.993179 0.594399 1.400423
v -1.969021 0.594399 1.407085
v -1.957500 0.594399 1.402282
v -1.978941 0.594399 1.414661
v -2.003944 0.594399 1.414519
v -1.999437 0.594399 1.417121
v -2.005739 0.594399 1.432238
v -2.010769 0.594399 1.430890
v -1.986517 0.594399 1.424581
v -1.991320 0.594399 1.436102
v -2.013044 0.594399 1.448481
v -2.007840 0.594399 1.448481
v -2.005739 0.594399 1.464724
v -2.010769 0.594399 1.466072
v -1.992921 0.594399 1.448481
v -1.991320 0.594399 1.460860
v -2.003944 0.594399 1.482443
v -1.999437 0.594399 1.479841
v -1.989497 0.594399 1.492857
v -1.993179 0.594399 1.496539
v -1.986517 0.594399 1.472381
v -1.978941 0.594399 1.482301
v -1.979082 0.594399 1.507305
v -1.976480 0.594399 1.502798
v -1.961363 0.594399 1.509100
v -1.962711 0.594399 1.514130
v -1.969021 0.594399 1.489877
v -1.957500 0.594399 1.494680
v -1.945121 0.594399 1.516405
v -1.945121 0.594399 1.511200
v -1.928878 0.594399 1.509100
v -1.927530 0.594399 1.514130
v -1.945121 0.594399 1.496281
v -1.932742 0.594399 1.494680
v -1.911159 0.594399 1.507305
v -1.913761 0.594399 1.502798
v -1.900745 0.594399 1.492857
v -1.897062 0.594399 1.496539
v -1.921221 0.594399 1.489877
v -1.911301 0.594399 1.482301
v -1.886297 0.594399 1.482443
v -1.890804 0.594399 1.479841
v -1.884502 0.594399 1.464724
v -1.879472 0.594399 1.466071
v -1.903725 0.594399 1.472381
v -1.898921 0.594399 1.460860
v -1.877197 0.594399 1.448481
v -1.882401 0.594399 1.448481
v -1.884502 0.594399 1.432238
v -1.879472 0.594399 1.430890
v -1.897321 0.594399 1.448481
v -1.898921 0.594399 1.436102
v -1.886297 0.594399 1.414519
v -1.890804 0.594399 1.417121
v -1.900745 0.594399 1.404105
v -1.897062 0.594399 1.400423
v -1.903724 0.594399 1.424581
v -1.911301 0.594399 1.414661
v -1.911159 0.594399 1.389657
v -1.913761 0.594399 1.394164
v -1.928878 0.594399 1.387862
v -1.927530 0.594399 1.382832
v -1.921221 0.594399 1.407085
v -1.932742 0.594399 1.402282
v -1.945121 0.594399 1.380557
v -1.945121 0.594399 1.385761
v -1.945121 0.594399 1.400681
v -1.880210 0.605539 1.448481
v -1.883052 0.606335 1.470320
v -1.884067 0.605683 1.469005
v -1.881398 0.605046 1.448481
v -1.884067 0.605683 1.427956
v -1.883052 0.606335 1.426642
v -1.883396 0.604218 1.448481
v -1.885773 0.604586 1.466796
v -1.885773 0.604586 1.430166
v -1.891580 0.608722 1.489861
v -1.903418 0.610553 1.504696
v -1.903413 0.609057 1.501796
v -1.892074 0.607592 1.487481
v -1.892904 0.605692 1.483479
v -1.903405 0.606541 1.496920
v -1.916192 0.609680 1.512412
v -1.930046 0.608012 1.515530
v -1.930006 0.607024 1.513519
v -1.916081 0.608359 1.509839
v -1.915893 0.606137 1.505512
v -1.929940 0.605364 1.510136
v -1.945121 0.607456 1.516569
v -1.960195 0.608012 1.515530
v -1.960235 0.607024 1.513519
v -1.945121 0.606580 1.514745
v -1.945121 0.605106 1.511678
v -1.960302 0.605364 1.510136
v -1.974049 0.609680 1.512412
v -1.986823 0.610553 1.504696
v -1.986828 0.609057 1.501796
v -1.974161 0.608359 1.509839
v -1.974349 0.606137 1.505512
v -1.986836 0.606541 1.496920
v -1.998661 0.608722 1.489861
v -2.007189 0.606335 1.470320
v -2.006174 0.605683 1.469005
v -1.998168 0.607592 1.487481
v -1.997337 0.605692 1.483479
v -2.004468 0.604586 1.466796
v -2.010031 0.605539 1.448481
v -2.007189 0.606335 1.426642
v -2.006174 0.605683 1.427956
v -2.008843 0.605046 1.448481
v -2.006845 0.604218 1.448481
v -2.004468 0.604586 1.430166
v -1.998661 0.608722 1.407101
v -1.986823 0.610553 1.392266
v -1.986828 0.609057 1.395166
v -1.998168 0.607592 1.409481
v -1.997337 0.605692 1.413483
v -1.986836 0.606541 1.400042
v -1.974049 0.609680 1.384550
v -1.960195 0.608012 1.381432
v -1.960235 0.607024 1.383443
v -1.974161 0.608359 1.387123
v -1.974349 0.606137 1.391450
v -1.960302 0.605364 1.386826
v -1.945121 0.607456 1.380392
v -1.930046 0.608012 1.381432
v -1.930006 0.607024 1.383443
v -1.945121 0.606580 1.382217
v -1.945121 0.605106 1.385284
v -1.929940 0.605364 1.386826
v -1.916192 0.609680 1.384550
v -1.903418 0.610553 1.392266
v -1.903413 0.609057 1.395166
v -1.916081 0.608359 1.387123
v -1.915892 0.606137 1.391450
v -1.903405 0.606541 1.400042
v -1.891580 0.608722 1.407101
v -1.892074 0.607592 1.409481
v -1.892904 0.605692 1.413483
vn 0.110800 0.988100 0.106800
vn 0.132500 0.983400 0.123900
vn 0.113300 0.991100 0.069300
vn 0.086600 0.994400 0.059400
vn 0.046800 0.997700 0.049900
vn 0.062300 0.993800 0.091500
vn 0.080400 0.989800 0.117100
vn 0.140300 0.981400 0.131100
vn 0.161100 0.975400 0.150300
vn 0.000000 0.996300 0.085500
vn 0.000000 0.998900 0.046100
vn -0.046800 0.997700 0.049900
vn -0.062300 0.993800 0.091500
vn -0.080400 0.989800 0.117100
vn 0.000000 0.993700 0.111900
vn -0.110700 0.988100 0.106700
vn -0.086600 0.994400 0.059400
vn -0.113200 0.991100 0.069300
vn -0.132400 0.983400 0.123800
vn -0.161000 0.975400 0.150100
vn -0.140300 0.981400 0.131100
vn 0.077500 0.997000 0.000000
vn 0.106600 0.994300 0.000000
vn 0.113300 0.991100 -0.069300
vn 0.086600 0.994400 -0.059400
vn 0.046800 0.997700 -0.049900
vn 0.040800 0.999100 0.000000
vn 0.000000 1.000000 0.000000
vn 0.000000 0.998900 -0.046100
vn -0.046800 0.997700 -0.049900
vn -0.040800 0.999100 0.000000
vn -0.077400 0.997000 0.000000
vn -0.086600 0.994400 -0.059400
vn -0.113200 0.991100 -0.069300
vn -0.106400 0.994300 0.000000
vn 0.110800 0.988100 -0.106800
vn 0.132500 0.983400 -0.123900
vn 0.161200 0.975400 -0.150300
vn 0.140400 0.981400 -0.131200
vn 0.080400 0.989800 -0.117100
vn 0.062300 0.993800 -0.091500
vn 0.000000 0.996300 -0.085600
vn 0.000000 0.993700 -0.112000
vn -0.080400 0.989800 -0.117100
vn -0.062300 0.993800 -0.091500
vn -0.110800 0.988100 -0.106800
vn -0.140400 0.981400 -0.131200
vn -0.161200 0.975400 -0.150200
vn -0.132400 0.983400 -0.123900
vn 0.000000 -1.000000 0.000000
vn 0.000000 -1.000000 0.000000
vn 0.000000 -1.000000 0.000000
vn 0.000000 -1.000000 0.000000
vn 0.000000 -1.000000 0.000000
vn 0.000000 -1.000000 0.000000
vn 0.000000 -1.000000 0.000000
vn 0.000000 -1.000000 0.000000
vn 0.000000 -1.000000 0.000000
vn 0.000000 -1.000000 0.000000
vn 0.000000 -1.000000 0.000000
vn 0.000000 -1.000000 0.000000
vn 0.000000 -1.000000 0.000000
vn 0.000000 -1.000000 0.000000
vn 0.000000 -1.000000 0.000000
vn 0.000000 -1.000000 0.000000
vn 0.000000 -1.000000 0.000000
vn 0.000000 -1.000000 0.000000
vn 0.000000 -1.000000 0.000000
vn 0.000000 -1.000000 0.000000
vn 0.000000 -1.000000 0.000000
vn 0.000000 -1.000000 0.000000
vn 0.000000 -1.000000 0.000000
vn 0.000000 -1.000000 0.000000
vn 0.000000 -1.000000 0.000000
vn 0.000000 -1.000000 0.000000
vn 0.000000 -1.000000 0.000000
vn 0.000000 -1.000000 0.000000
vn 0.000000 -1.000000 0.000000
vn 0.000000 -1.000000 0.000000
vn 0.000000 -1.000000 0.000000
vn 0.000000 -1.000000 0.000000
vn 0.000000 -1.000000 0.000000
vn 0.000000 -1.000000 0.000000
vn 0.000000 -1.000000 0.000000
vn 0.000000 -1.000000 0.000000
vn 0.000000 -1.000000 0.000000
vn 0.165300 0.976100 0.141000
vn 0.094300 0.986900 0.130500
vn 0.102300 0.985500 0.135000
vn 0.181500 0.972800 0.144000
vn 0.218300 0.962300 0.162100
vn 0.192900 0.968100 0.159500
vn 0.191400 0.981400 0.011800
vn 0.107400 0.994200 0.001000
vn 0.085900 0.787000 -0.610900
vn 0.154900 0.784900 -0.600000
vn 0.192400 0.787200 -0.585800
vn 0.234000 0.971700 0.031300
vn 0.000000 0.991900 0.127200
vn -0.094300 0.986900 0.130500
vn -0.102300 0.985500 0.135000
vn 0.000000 0.991200 0.132400
vn 0.000000 1.000000 -0.002500
vn -0.107400 0.994200 0.001000
vn -0.085900 0.787000 -0.611000
vn 0.000000 0.789400 -0.613800
vn -0.165300 0.976100 0.140900
vn -0.192900 0.968200 0.159300
vn -0.218100 0.962400 0.161800
vn -0.181400 0.972800 0.144000
vn -0.191400 0.981400 0.011700
vn -0.233800 0.971800 0.030900
vn -0.192200 0.787100 -0.586000
vn -0.154800 0.784800 -0.600100
vn -0.188300 -0.964500 -0.185100
vn -0.152500 -0.771800 -0.617300
vn -0.085100 -0.777100 -0.623600
vn -0.105600 -0.976000 -0.190100
vn -0.106200 -0.989500 -0.097700
vn -0.186000 -0.977800 -0.096000
vn -0.211800 -0.971200 -0.109300
vn -0.227000 -0.953900 -0.196100
vn -0.184300 -0.758000 -0.625600
vn -0.174300 -0.979400 -0.101400
vn -0.104000 -0.989500 -0.100300
vn -0.101700 -0.987500 -0.119900
vn -0.165700 -0.978100 -0.125300
vn -0.135200 -0.978100 -0.158200
vn -0.172800 -0.977700 -0.119100
vn 0.000000 -0.981100 -0.193500
vn 0.000000 -0.777900 -0.628300
vn 0.085100 -0.777100 -0.623600
vn 0.105600 -0.976000 -0.190100
vn 0.106200 -0.989500 -0.097700
vn 0.000000 -0.995000 -0.099700
vn 0.000000 -0.994800 -0.102000
vn 0.104000 -0.989500 -0.100300
vn 0.101700 -0.987500 -0.119900
vn 0.000000 -0.992800 -0.119800
vn 0.188200 -0.964500 -0.185000
vn 0.152400 -0.771800 -0.617300
vn 0.184200 -0.758400 -0.625200
vn 0.226900 -0.954100 -0.195600
vn 0.211800 -0.971200 -0.108800
vn 0.186000 -0.977800 -0.095900
vn 0.174400 -0.979400 -0.101300
vn 0.173100 -0.977700 -0.118800
vn 0.135500 -0.978100 -0.158200
vn 0.165900 -0.978100 -0.125300
vn -0.139000 0.980900 0.135800
vn -0.128800 0.988800 0.075200
vn -0.134300 0.987900 0.077500
vn -0.141200 0.979700 0.142000
vn -0.162400 0.969800 0.182200
vn -0.162200 0.972200 0.168600
vn -0.044400 0.988200 0.146200
vn -0.036600 0.996200 0.079100
vn 0.521300 0.850600 0.068000
vn 0.513700 0.848600 0.126700
vn 0.497800 0.850700 0.168800
vn -0.066800 0.979200 0.191500
vn -0.126100 0.992000 0.000000
vn -0.128800 0.988800 -0.075200
vn -0.134300 0.987900 -0.077500
vn -0.132900 0.991100 0.000000
vn -0.034900 0.999400 0.000000
vn -0.036600 0.996200 -0.079100
vn 0.521300 0.850600 -0.068000
vn 0.523100 0.852300 0.000000
vn -0.139000 0.980900 -0.135800
vn -0.162400 0.972200 -0.168700
vn -0.162600 0.969700 -0.182300
vn -0.141300 0.979700 -0.142000
vn -0.044500 0.988200 -0.146300
vn -0.067000 0.979200 -0.191600
vn 0.497600 0.850800 -0.168900
vn 0.513700 0.848600 -0.126800
vn 0.187200 -0.971200 -0.147300
vn 0.615400 -0.778800 -0.121000
vn 0.681500 -0.729100 -0.062800
vn 0.251200 -0.964600 -0.080200
vn 0.141300 -0.986100 -0.086900
vn 0.094200 -0.983700 -0.152900
vn 0.085900 -0.979600 -0.181600
vn 0.160200 -0.968900 -0.188500
vn 0.574900 -0.802300 -0.160300
vn 0.094300 -0.982100 -0.162700
vn 0.141400 -0.985000 -0.098400
vn 0.160200 -0.980300 -0.115800
vn 0.112100 -0.976900 -0.181600
vn 0.095900 -0.981200 -0.167100
vn 0.283900 -0.958800 0.000000
vn 0.712900 -0.701300 0.000000
vn 0.681500 -0.729100 0.062800
vn 0.251200 -0.964600 0.080200
vn 0.141300 -0.986100 0.086900
vn 0.168100 -0.985700 0.000000
vn 0.170400 -0.985400 0.000000
vn 0.141400 -0.985000 0.098400
vn 0.160200 -0.980300 0.115800
vn 0.191400 -0.981500 0.000000
vn 0.187300 -0.971200 0.147400
vn 0.615500 -0.778800 0.121100
vn 0.575200 -0.802100 0.160400
vn 0.160600 -0.968800 0.188600
vn 0.086300 -0.979600 0.181600
vn 0.094300 -0.983700 0.152900
vn 0.094400 -0.982100 0.162700
vn 0.096300 -0.981200 0.167100
vn 0.135600 -0.978100 0.158000
vn 0.112100 -0.977000 0.181500
vn -0.251400 0.966200 0.056700
vn -0.230500 0.955000 0.186500
vn -0.234000 0.949500 0.208800
vn -0.257100 0.963100 0.079700
vn -0.217700 0.800200 -0.558800
vn -0.210200 0.793100 -0.571600
vn -0.152600 0.985100 0.079600
vn 0.452200 0.891400 -0.029000
vn 0.294500 0.819100 -0.492200
vn -0.068800 0.825800 -0.559700
vn -0.141300 0.964000 0.225000
vn 0.449500 0.869100 0.206500
vn -0.197700 0.963000 0.182700
vn -0.198900 0.958700 0.202900
vn -0.104800 0.970500 0.217200
vn 0.473000 0.859000 0.195800
vn 0.313000 -0.896300 -0.314200
vn 0.661300 -0.684100 -0.307600
vn 0.645700 -0.743500 -0.173800
vn 0.274300 -0.938400 -0.210300
vn 0.202900 -0.961100 -0.187000
vn 0.238200 -0.928900 -0.283600
vn 0.185900 -0.694000 -0.695500
vn 0.273300 -0.652000 -0.707200
vn 0.514400 -0.583900 -0.628000
vn 0.238100 -0.942600 -0.233900
vn 0.208700 -0.967300 -0.144300
vn 0.191000 -0.729700 -0.656500
vn 0.201900 -0.957100 -0.208000
vn 0.596200 -0.783200 -0.176500
vn 0.134000 -0.972800 -0.188800
vn 0.147600 -0.977100 -0.152800
vn 0.012400 0.989100 0.146600
vn -0.593800 0.795800 0.118700
vn -0.600800 0.796900 0.063600
vn 0.004300 0.996800 0.079200
vn 0.134300 0.987900 0.077500
vn 0.141200 0.979700 0.142200
vn 0.162400 0.969600 0.182700
vn 0.035100 0.980700 0.192300
vn -0.579800 0.799200 0.158500
vn 0.139000 0.980900 0.136000
vn 0.128900 0.988800 0.075300
vn 0.162200 0.972100 0.169000
vn 0.002600 1.000000 0.000000
vn -0.602300 0.798200 0.000000
vn -0.600800 0.796800 -0.063600
vn 0.004300 0.996800 -0.079200
vn 0.134300 0.987900 -0.077500
vn 0.132900 0.991100 0.000000
vn 0.126200 0.992000 0.000000
vn 0.128900 0.988800 -0.075300
vn 0.012500 0.989100 -0.146700
vn -0.593800 0.795800 -0.118800
vn -0.579700 0.799200 -0.158700
vn 0.035300 0.980700 -0.192400
vn 0.162600 0.969600 -0.182800
vn 0.141300 0.979700 -0.142200
vn 0.139100 0.980900 -0.136000
vn 0.162400 0.972100 -0.169100
vn -0.094400 -0.982200 -0.162400
vn -0.111700 -0.977100 -0.181200
vn -0.159800 -0.980300 -0.115500
vn -0.141500 -0.985100 -0.098000
vn -0.141400 -0.986100 -0.086500
vn -0.094300 -0.983800 -0.152500
vn -0.085700 -0.979500 -0.182200
vn -0.095700 -0.981200 -0.167500
vn -0.215300 -0.965500 -0.146300
vn -0.282900 -0.955800 -0.079300
vn -0.735500 -0.674900 -0.058400
vn -0.675700 -0.728300 -0.113600
vn -0.639900 -0.753400 -0.151200
vn -0.184400 -0.964600 -0.188200
vn -0.170300 -0.985400 0.000000
vn -0.190900 -0.981600 0.000000
vn -0.159800 -0.980300 0.115500
vn -0.141500 -0.985100 0.098000
vn -0.141400 -0.986100 0.086500
vn -0.168100 -0.985700 0.000000
vn -0.317000 -0.948400 0.000000
vn -0.282900 -0.955800 0.079300
vn -0.735500 -0.674900 0.058400
vn -0.763900 -0.645300 0.000000
vn -0.094400 -0.982200 0.162300
vn -0.111700 -0.977100 0.181200
vn -0.135300 -0.978100 0.158000
vn -0.096000 -0.981200 0.167400
vn -0.086100 -0.979500 0.182300
vn -0.094400 -0.983800 0.152500
vn -0.215400 -0.965500 0.146400
vn -0.184800 -0.964500 0.188300
vn -0.640200 -0.753200 0.151200
vn -0.675800 -0.728300 0.113700
vn 0.197800 0.962900 0.183400
vn 0.230500 0.954900 0.187300
vn 0.234000 0.949300 0.209800
vn 0.198900 0.958600 0.203800
vn 0.073300 0.973100 0.218600
vn 0.109900 0.967700 0.226700
vn -0.537400 0.820400 0.195100
vn -0.558200 0.808900 0.184500
vn 0.251600 0.966100 0.057500
vn 0.210300 0.793400 -0.571200
vn 0.217800 0.800500 -0.558300
vn 0.257100 0.963000 0.080700
vn 0.117100 0.989800 0.080600
vn 0.022500 0.827700 -0.560700
vn -0.418700 0.783700 -0.458800
vn -0.534600 0.845000 -0.011500
vn -0.238000 -0.942300 -0.235600
vn -0.208500 -0.967100 -0.145700
vn -0.202500 -0.960800 -0.189200
vn -0.238000 -0.928100 -0.286200
vn -0.185400 -0.692300 -0.697300
vn -0.190700 -0.728600 -0.657800
vn -0.336200 -0.888300 -0.312900
vn -0.297100 -0.931300 -0.210500
vn -0.701800 -0.693500 -0.162800
vn -0.712300 -0.641800 -0.283900
vn -0.591400 -0.549200 -0.590500
vn -0.299500 -0.643200 -0.704600
vn -0.147200 -0.977100 -0.153900
vn -0.133500 -0.972500 -0.190500
vn -0.224600 -0.951900 -0.208200
vn -0.658900 -0.733600 -0.166000
vn 0.038400 0.199000 -0.979200
vn 0.020600 0.195900 -0.980400
vn 0.000000 0.000000 -1.000000
vn 0.000000 0.000000 -1.000000
vn 0.000000 0.000000 -1.000000
vn 0.049200 0.202600 -0.978000
vn 0.000000 0.195700 -0.980700
vn -0.020600 0.195800 -0.980400
vn 0.000000 0.000000 -1.000000
vn 0.000000 0.000000 -1.000000
vn -0.038400 0.198900 -0.979200
vn -0.049100 0.202600 -0.978000
vn 0.000000 0.000000 -1.000000
vn 0.000000 0.000000 -1.000000
vn 0.029000 0.150100 0.988200
vn 0.142600 0.724100 0.674800
vn 0.177900 0.728000 0.662100
vn 0.037100 0.152700 0.987500
vn 0.000000 0.000000 1.000000
vn 0.000000 0.000000 1.000000
vn 0.000000 0.000000 1.000000
vn 0.015500 0.147700 0.988900
vn 0.078800 0.724300 0.684900
vn 0.000000 0.147600 0.989000
vn 0.000000 0.726200 0.687500
vn 0.000000 0.000000 1.000000
vn 0.000000 0.000000 1.000000
vn -0.015500 0.147700 0.988900
vn -0.078800 0.724300 0.684900
vn -0.029000 0.150100 0.988200
vn -0.142500 0.724100 0.674800
vn 0.000000 0.000000 1.000000
vn 0.000000 0.000000 1.000000
vn -0.037000 0.152700 0.987600
vn -0.177700 0.727900 0.662300
vn -0.978100 0.205800 0.030100
vn -0.977100 0.208600 0.040900
vn -1.000000 0.000000 0.000000
vn -1.000000 0.000000 0.000000
vn -1.000000 0.000000 0.000000
vn -0.978800 0.204000 0.015800
vn -0.979000 0.203900 0.000000
vn -1.000000 0.000000 0.000000
vn -1.000000 0.000000 0.000000
vn -0.978800 0.204000 -0.015800
vn -0.978100 0.205800 -0.030200
vn -1.000000 0.000000 0.000000
vn -1.000000 0.000000 0.000000
vn -0.977100 0.208600 -0.041000
vn 0.963300 0.265500 -0.038900
vn 0.961500 0.269500 -0.052900
vn 1.000000 0.000000 0.000000
vn 1.000000 0.000000 0.000000
vn 1.000000 0.000000 0.000000
vn 0.964500 0.263300 -0.020500
vn 0.964700 0.263200 0.000000
vn 1.000000 0.000000 0.000000
vn 1.000000 0.000000 0.000000
vn 0.964500 0.263300 0.020500
vn 0.963300 0.265500 0.038900
vn 1.000000 0.000000 0.000000
vn 1.000000 0.000000 0.000000
vn 0.961500 0.269500 0.052900
vn -0.975900 0.212900 0.048400
vn -0.974600 0.217600 0.051900
vn -1.000000 0.000000 0.000000
vn -1.000000 0.000000 0.000000
vn -0.962700 0.238700 -0.126900
vn -0.669800 0.276000 -0.689300
vn -0.699800 0.000000 -0.714300
vn -0.986200 0.000000 -0.165300
vn 0.937900 0.306900 -0.161500
vn 0.977000 0.000000 -0.213300
vn 0.635900 0.000000 -0.771700
vn 0.606100 0.310400 -0.732300
vn 0.956800 0.282700 0.067500
vn 1.000000 0.000000 0.000000
vn 0.959200 0.275800 0.062700
vn 1.000000 0.000000 0.000000
vn -0.054300 0.205300 -0.977200
vn -0.056800 0.208100 -0.976400
vn 0.000000 0.000000 -1.000000
vn 0.000000 0.000000 -1.000000
vn 0.069500 0.227600 -0.971300
vn 0.118500 0.000000 -0.992900
vn 0.052200 0.171200 0.983800
vn -0.074800 0.766300 0.638100
vn -0.202200 0.742500 0.638500
vn -0.042600 0.156300 0.986800
vn 0.000000 0.000000 1.000000
vn 0.089100 0.000000 0.996000
vn 0.563300 0.000000 0.826200
vn 0.546600 0.269500 0.792800
vn 0.251700 0.753800 0.606900
vn -0.040800 0.154400 0.987200
vn -0.194800 0.734700 0.649800
vn 0.000000 0.000000 1.000000
vn -0.109600 0.227500 -0.967600
vn 0.056800 0.208200 -0.976400
vn 0.000000 0.000000 -1.000000
vn -0.155100 0.000000 -0.987900
vn 0.054300 0.205400 -0.977200
vn 0.000000 0.000000 -1.000000
vn 0.040900 0.154500 0.987100
vn 0.195000 0.735000 0.649400
vn 0.202300 0.742900 0.638100
vn 0.042700 0.156300 0.986800
vn 0.000000 0.000000 1.000000
vn 0.000000 0.000000 1.000000
vn -0.083400 0.171400 0.981700
vn 0.034800 0.770000 0.637100
vn -0.374200 0.725300 0.577800
vn -0.615700 0.240100 0.750500
vn -0.633400 0.000000 0.773800
vn -0.117400 0.000000 0.993100
vn 0.000000 0.000000 -1.000000
vn 0.000000 0.000000 -1.000000
vn 0.000000 0.000000 -1.000000
vn 0.000000 0.000000 -1.000000
vn 0.000000 0.000000 -1.000000
vn 0.000000 0.000000 -1.000000
vn -0.050800 -0.251500 -0.966500
vn -0.028500 -0.250900 -0.967600
vn -0.059600 -0.242700 -0.968300
vn 0.000000 0.000000 -1.000000
vn 0.000000 0.000000 -1.000000
vn 0.000000 0.000000 -1.000000
vn 0.000000 0.000000 -1.000000
vn 0.000000 -0.248500 -0.968600
vn 0.028500 -0.250900 -0.967600
vn 0.000000 0.000000 -1.000000
vn 0.000000 0.000000 -1.000000
vn 0.000000 0.000000 -1.000000
vn 0.000000 0.000000 -1.000000
vn 0.050800 -0.251500 -0.966500
vn 0.059500 -0.243000 -0.968200
vn 0.000000 0.000000 1.000000
vn 0.000000 0.000000 1.000000
vn 0.000000 0.000000 1.000000
vn 0.000000 0.000000 1.000000
vn 0.000000 0.000000 1.000000
vn 0.000000 0.000000 1.000000
vn -0.040000 -0.197800 0.979400
vn -0.046800 -0.190900 0.980500
vn -0.171600 -0.704300 0.688800
vn -0.142300 -0.718300 0.681000
vn -0.079400 -0.723000 0.686200
vn -0.022400 -0.196900 0.980200
vn 0.000000 0.000000 1.000000
vn 0.000000 0.000000 1.000000
vn 0.000000 0.000000 1.000000
vn 0.000000 0.000000 1.000000
vn 0.000000 -0.194800 0.980800
vn 0.000000 -0.723200 0.690600
vn 0.079400 -0.723000 0.686200
vn 0.022400 -0.196900 0.980100
vn 0.000000 0.000000 1.000000
vn 0.000000 0.000000 1.000000
vn 0.000000 0.000000 1.000000
vn 0.000000 0.000000 1.000000
vn 0.039900 -0.197800 0.979400
vn 0.142200 -0.718300 0.681000
vn 0.171500 -0.704700 0.688400
vn 0.046900 -0.191200 0.980400
vn -1.000000 0.000000 0.000000
vn -1.000000 0.000000 0.000000
vn -1.000000 0.000000 0.000000
vn -1.000000 0.000000 0.000000
vn -1.000000 0.000000 0.000000
vn -1.000000 0.000000 0.000000
vn -0.977800 -0.206700 -0.033000
vn -0.972100 -0.229800 -0.046800
vn -0.985600 -0.168200 -0.015000
vn -1.000000 0.000000 0.000000
vn -1.000000 0.000000 0.000000
vn -1.000000 0.000000 0.000000
vn -1.000000 0.000000 0.000000
vn -0.988600 -0.150500 0.000000
vn -0.985600 -0.168200 0.015000
vn -1.000000 0.000000 0.000000
vn -1.000000 0.000000 0.000000
vn -1.000000 0.000000 0.000000
vn -1.000000 0.000000 0.000000
vn -0.977800 -0.206600 0.033000
vn -0.972100 -0.229700 0.046800
vn 1.000000 0.000000 0.000000
vn 1.000000 0.000000 0.000000
vn 1.000000 0.000000 0.000000
vn 1.000000 0.000000 0.000000
vn 1.000000 0.000000 0.000000
vn 1.000000 0.000000 0.000000
vn 0.964700 -0.259900 0.041600
vn 0.956500 -0.285600 0.058300
vn 0.976600 -0.213900 0.019200
vn 1.000000 0.000000 0.000000
vn 1.000000 0.000000 0.000000
vn 1.000000 0.000000 0.000000
vn 1.000000 0.000000 0.000000
vn 0.981300 -0.192400 0.000000
vn 0.976600 -0.214000 -0.019200
vn 1.000000 0.000000 0.000000
vn 1.000000 0.000000 0.000000
vn 1.000000 0.000000 0.000000
vn 1.000000 0.000000 0.000000
vn 0.964700 -0.259900 -0.041600
vn 0.956500 -0.285800 -0.058300
vn -1.000000 0.000000 0.000000
vn -1.000000 0.000000 0.000000
vn -1.000000 0.000000 0.000000
vn -1.000000 0.000000 0.000000
vn -0.973900 -0.221200 -0.050600
vn -0.978300 -0.201600 -0.047600
vn -0.986200 0.000000 -0.165300
vn -0.699700 0.000000 -0.714400
vn -0.699800 0.000000 -0.714300
vn -0.986200 0.000000 -0.165300
vn -0.960500 -0.190100 -0.203300
vn -0.690800 -0.179400 -0.700400
vn 0.977000 0.000000 -0.213300
vn 1.000000 0.000000 0.000000
vn 1.000000 0.000000 0.000000
vn 0.977000 0.000000 -0.213300
vn 0.635900 0.000000 -0.771700
vn 0.635900 0.000000 -0.771700
vn 0.941900 -0.226100 -0.248400
vn 0.966500 -0.249900 -0.059000
vn 0.632000 -0.198900 -0.749000
vn 1.000000 0.000000 0.000000
vn 1.000000 0.000000 0.000000
vn 0.959700 -0.274000 -0.062700
vn 0.000000 0.000000 -1.000000
vn 0.000000 0.000000 -1.000000
vn 0.000000 0.000000 -1.000000
vn 0.000000 0.000000 -1.000000
vn 0.058700 -0.222900 -0.973100
vn 0.054100 -0.201100 -0.978100
vn 0.118600 0.000000 -0.992900
vn 0.118600 0.000000 -0.992900
vn 0.167600 -0.194600 -0.966400
vn 0.089100 0.000000 0.996000
vn 0.000000 0.000000 1.000000
vn 0.000000 0.000000 1.000000
vn 0.089100 0.000000 0.996000
vn 0.563400 0.000000 0.826200
vn 0.563400 0.000000 0.826200
vn 0.132200 -0.156000 0.978900
vn 0.042300 -0.157200 0.986600
vn 0.171500 -0.638500 0.750300
vn 0.249400 -0.600700 0.759600
vn 0.464000 -0.536100 0.705100
vn 0.568400 -0.181100 0.802500
vn 0.000000 0.000000 1.000000
vn 0.000000 0.000000 1.000000
vn 0.046100 -0.174900 0.983500
vn 0.177100 -0.674900 0.716300
vn -0.155100 0.000000 -0.987900
vn 0.000000 0.000000 -1.000000
vn 0.000000 0.000000 -1.000000
vn -0.155100 0.000000 -0.987900
vn -0.200800 -0.189700 -0.961100
vn -0.053800 -0.200100 -0.978300
vn 0.000000 0.000000 -1.000000
vn 0.000000 0.000000 -1.000000
vn -0.058500 -0.222200 -0.973200
vn 0.000000 0.000000 1.000000
vn 0.000000 0.000000 1.000000
vn 0.000000 0.000000 1.000000
vn 0.000000 0.000000 1.000000
vn -0.045900 -0.174300 0.983600
vn -0.042100 -0.156400 0.986800
vn -0.171000 -0.636700 0.751900
vn -0.176800 -0.673800 0.717500
vn -0.117400 0.000000 0.993100
vn -0.633400 0.000000 0.773800
vn -0.633400 0.000000 0.773800
vn -0.117400 0.000000 0.993100
vn -0.159300 -0.153100 0.975300
vn -0.632100 -0.162000 0.757700
vn -0.541200 -0.506000 0.671600
vn -0.273600 -0.594000 0.756400
vn 0.191800 0.980900 0.032900
vn 0.107500 0.993200 0.044300
vn 0.102500 0.985500 -0.135000
vn 0.181800 0.972700 -0.144000
vn 0.218800 0.962200 -0.162100
vn 0.234600 0.972000 0.013100
vn 0.165500 0.976000 -0.141000
vn 0.094400 0.986900 -0.130600
vn 0.193300 0.968000 -0.159600
vn 0.000000 0.998800 0.048000
vn -0.107500 0.993200 0.044300
vn -0.102500 0.985500 -0.135000
vn 0.000000 0.991200 -0.132400
vn 0.000000 0.991900 -0.127200
vn -0.094400 0.986900 -0.130600
vn -0.191700 0.980900 0.033000
vn -0.234400 0.972000 0.013500
vn -0.218600 0.962300 -0.161800
vn -0.181700 0.972700 -0.144000
vn -0.165500 0.976100 -0.140900
vn -0.193200 0.968100 -0.159300
vn -0.174400 -0.979400 0.101400
vn -0.165700 -0.978200 0.125100
vn -0.101700 -0.987600 0.119700
vn -0.104000 -0.989500 0.100300
vn -0.106300 -0.989500 0.097700
vn -0.186200 -0.977800 0.096000
vn -0.212500 -0.971000 0.109200
vn -0.173300 -0.977600 0.119100
vn -0.187200 -0.958700 0.213800
vn -0.104900 -0.969900 0.219500
vn -0.226100 -0.947800 0.224700
vn 0.000000 -0.994800 0.101900
vn 0.000000 -0.992800 0.119600
vn 0.101700 -0.987600 0.119700
vn 0.104000 -0.989500 0.100300
vn 0.106300 -0.989500 0.097700
vn 0.000000 -0.995000 0.099700
vn 0.000000 -0.974700 0.223400
vn 0.104900 -0.969900 0.219500
vn 0.174500 -0.979400 0.101300
vn 0.165900 -0.978200 0.125100
vn 0.173600 -0.977600 0.118700
vn 0.212600 -0.971100 0.108700
vn 0.186200 -0.977800 0.095900
vn 0.187100 -0.958800 0.213800
vn 0.225900 -0.948000 0.224100
vn -0.252400 0.967500 -0.012200
vn -0.258300 0.965400 -0.035100
vn -0.234800 0.949300 -0.208700
vn -0.231100 0.954900 -0.186500
vn -0.198200 0.963000 -0.182700
vn -0.199500 0.958600 -0.203000
vn -0.153300 0.987700 -0.029600
vn 0.452200 0.886700 0.095900
vn 0.449000 0.869300 -0.206500
vn -0.142100 0.963900 -0.225000
vn -0.105400 0.970400 -0.217300
vn 0.472600 0.859200 -0.195900
vn 0.309900 -0.885600 0.345900
vn 0.237000 -0.919300 0.314200
vn 0.204600 -0.960800 0.186900
vn 0.276100 -0.937900 0.210200
vn 0.646900 -0.742500 0.173600
vn 0.656300 -0.670400 0.346000
vn 0.203100 -0.956800 0.208000
vn 0.135100 -0.972700 0.188800
vn 0.597100 -0.782500 0.176400
vn 0.237100 -0.935100 0.263300
vn 0.210100 -0.967000 0.144100
vn 0.148500 -0.977000 0.152700
vn 0.117800 0.992600 -0.030500
vn 0.258400 0.965400 -0.036100
vn 0.234700 0.949200 -0.209700
vn 0.110700 0.967700 -0.226700
vn -0.537100 0.820600 -0.195200
vn -0.533000 0.843000 0.071900
vn 0.073900 0.973000 -0.218600
vn 0.199400 0.958400 -0.203900
vn -0.557900 0.809100 -0.184600
vn 0.252500 0.967500 -0.013000
vn 0.231200 0.954700 -0.187200
vn 0.198200 0.962800 -0.183400
vn -0.237100 -0.934600 0.265000
vn -0.236700 -0.918500 0.316800
vn -0.204200 -0.960500 0.189100
vn -0.209900 -0.966800 0.145500
vn -0.148100 -0.976900 0.153800
vn -0.134600 -0.972400 0.190500
vn -0.332700 -0.877900 0.344400
vn -0.706900 -0.631000 0.319400
vn -0.702900 -0.692500 0.162500
vn -0.298900 -0.930800 0.210400
vn -0.225800 -0.951700 0.208200
vn -0.659700 -0.733000 0.165900
vn -0.975900 0.212900 -0.048400
vn -1.000000 0.000000 0.000000
vn -1.000000 0.000000 0.000000
vn -0.974600 0.217600 -0.051900
vn -0.954300 0.237500 0.181000
vn -0.976500 0.000000 0.215300
vn 0.925900 0.304200 0.224000
vn 0.962100 0.000000 0.272700
vn 1.000000 0.000000 0.000000
vn 0.956800 0.282800 -0.067500
vn 0.959100 0.275900 -0.062700
vn 1.000000 0.000000 0.000000
vn -1.000000 0.000000 0.000000
vn -1.000000 0.000000 0.000000
vn -1.000000 0.000000 0.000000
vn -1.000000 0.000000 0.000000
vn -0.976500 0.000000 0.215300
vn -0.976500 0.000000 0.215300
vn -0.974000 -0.220800 0.050500
vn -0.978400 -0.201100 0.047500
vn -0.951100 -0.183700 0.248100
vn 0.962100 0.000000 0.272600
vn 0.962100 0.000000 0.272600
vn 1.000000 0.000000 0.000000
vn 1.000000 0.000000 0.000000
vn 1.000000 0.000000 0.000000
vn 1.000000 0.000000 0.000000
vn 0.929300 -0.216400 0.299100
vn 0.966600 -0.249300 0.058900
vn 0.959800 -0.273600 0.062600
vn -0.494000 -0.153600 -0.855700
vn -0.365400 -0.682500 -0.632900
vn -0.517100 -0.682100 -0.517100
vn -0.698700 -0.153600 -0.698700
vn -0.707100 0.000000 -0.707100
vn -0.500000 0.000000 -0.866000
vn -0.258800 0.000000 -0.965900
vn -0.255700 -0.153600 -0.954400
vn -0.189300 -0.682000 -0.706400
vn -0.855800 -0.153500 -0.494000
vn -0.633000 -0.682500 -0.365400
vn -0.706300 -0.682100 -0.189200
vn -0.954400 -0.153700 -0.255700
vn -0.965900 0.000000 -0.258800
vn -0.866000 0.000000 -0.500000
vn -0.988100 -0.153800 0.000000
vn -0.730700 -0.682600 0.000000
vn -0.706400 -0.682000 0.189300
vn -0.954400 -0.153600 0.255700
vn -0.965900 0.000000 0.258800
vn -1.000000 0.000000 0.000000
vn -0.855700 -0.153500 0.494100
vn -0.633000 -0.682400 0.365400
vn -0.517200 -0.681900 0.517100
vn -0.698700 -0.153500 0.698700
vn -0.707100 0.000000 0.707100
vn -0.866000 0.000000 0.500000
vn -0.494000 -0.153600 0.855700
vn -0.365400 -0.682500 0.632900
vn -0.189300 -0.682100 0.706300
vn -0.255700 -0.153700 0.954400
vn -0.258800 0.000000 0.965900
vn -0.500000 0.000000 0.866000
vn 0.000000 -0.153700 0.988100
vn 0.000000 -0.682500 0.730800
vn 0.189300 -0.682100 0.706300
vn 0.255700 -0.153700 0.954400
vn 0.258800 0.000000 0.965900
vn 0.000000 0.000000 1.000000
vn 0.494000 -0.153700 0.855700
vn 0.365400 -0.682600 0.632800
vn 0.517100 -0.682100 0.517000
vn 0.698700 -0.153700 0.698700
vn 0.707100 0.000000 0.707100
vn 0.500000 0.000000 0.866000
vn 0.855700 -0.153600 0.494000
vn 0.632900 -0.682500 0.365400
vn 0.706400 -0.682100 0.189200
vn 0.954500 -0.153600 0.255700
vn 0.965900 0.000000 0.258800
vn 0.866000 0.000000 0.500000
vn 0.988100 -0.153500 0.000000
vn 0.730800 -0.682500 0.000000
vn 0.706300 -0.682100 -0.189300
vn 0.954400 -0.153600 -0.255700
vn 0.965900 0.000000 -0.258800
vn 1.000000 0.000000 0.000000
vn 0.855700 -0.153600 -0.494000
vn 0.632900 -0.682600 -0.365400
vn 0.517000 -0.682100 -0.517000
vn 0.698700 -0.153700 -0.698700
vn 0.707100 0.000000 -0.707100
vn 0.866000 0.000000 -0.500000
vn 0.494000 -0.153700 -0.855700
vn 0.365400 -0.682600 -0.632800
vn 0.189300 -0.682000 -0.706400
vn 0.255700 -0.153600 -0.954400
vn 0.258800 0.000000 -0.965900
vn 0.500000 0.000000 -0.866000
vn 0.000000 -0.153600 -0.988100
vn 0.000000 -0.682400 -0.730900
vn 0.000000 0.000000 -1.000000
vn -0.500000 0.000000 -0.866000
vn -0.707100 0.000000 -0.707100
vn -0.707100 0.000000 -0.707100
vn -0.500000 0.000000 -0.866000
vn -0.258800 0.000000 -0.965900
vn -0.258800 0.000000 -0.965900
vn -0.491000 0.188900 -0.850400
vn -0.694400 0.189000 -0.694300
vn -0.561200 0.608400 -0.561100
vn -0.396700 0.608600 -0.687200
vn -0.205400 0.608300 -0.766600
vn -0.254100 0.188900 -0.948500
vn -0.866000 0.000000 -0.500000
vn -0.965900 0.000000 -0.258800
vn -0.965900 0.000000 -0.258800
vn -0.866000 0.000000 -0.500000
vn -0.850400 0.188900 -0.491000
vn -0.948500 0.189000 -0.254200
vn -0.766600 0.608400 -0.205400
vn -0.687200 0.608500 -0.396700
vn -1.000000 0.000000 0.000000
vn -0.965900 0.000000 0.258800
vn -0.965900 0.000000 0.258800
vn -1.000000 0.000000 0.000000
vn -0.981900 0.189100 0.000000
vn -0.948500 0.189000 0.254200
vn -0.766600 0.608300 0.205400
vn -0.793500 0.608600 0.000000
vn -0.866000 0.000000 0.500000
vn -0.707100 0.000000 0.707100
vn -0.707100 0.000000 0.707100
vn -0.866000 0.000000 0.500000
vn -0.850400 0.188900 0.491000
vn -0.694400 0.188900 0.694400
vn -0.561200 0.608300 0.561200
vn -0.687200 0.608500 0.396700
vn -0.500000 0.000000 0.866000
vn -0.258800 0.000000 0.965900
vn -0.258800 0.000000 0.965900
vn -0.500000 0.000000 0.866000
vn -0.491000 0.189000 0.850400
vn -0.254100 0.189000 0.948500
vn -0.205400 0.608400 0.766600
vn -0.396700 0.608600 0.687200
vn 0.000000 0.000000 1.000000
vn 0.258800 0.000000 0.965900
vn 0.258800 0.000000 0.965900
vn 0.000000 0.000000 1.000000
vn 0.000000 0.188900 0.982000
vn 0.254100 0.188900 0.948500
vn 0.205400 0.608400 0.766600
vn 0.000000 0.608500 0.793500
vn 0.500000 0.000000 0.866000
vn 0.707100 0.000000 0.707100
vn 0.707100 0.000000 0.707100
vn 0.500000 0.000000 0.866000
vn 0.491000 0.189000 0.850400
vn 0.694300 0.189000 0.694400
vn 0.561200 0.608400 0.561200
vn 0.396700 0.608500 0.687200
vn 0.866000 0.000000 0.500000
vn 0.965900 0.000000 0.258800
vn 0.965900 0.000000 0.258800
vn 0.866000 0.000000 0.500000
vn 0.850400 0.188900 0.491000
vn 0.948500 0.188900 0.254200
vn 0.766600 0.608300 0.205400
vn 0.687200 0.608500 0.396800
vn 1.000000 0.000000 0.000000
vn 0.965900 0.000000 -0.258800
vn 0.965900 0.000000 -0.258800
vn 1.000000 0.000000 0.000000
vn 0.982000 0.188900 0.000000
vn 0.948500 0.188900 -0.254200
vn 0.766600 0.608300 -0.205400
vn 0.793500 0.608600 0.000000
vn 0.866000 0.000000 -0.500000
vn 0.707100 0.000000 -0.707100
vn 0.707100 0.000000 -0.707100
vn 0.866000 0.000000 -0.500000
vn 0.850400 0.188900 -0.491000
vn 0.694400 0.189000 -0.694400
vn 0.561200 0.608400 -0.561100
vn 0.687200 0.608500 -0.396700
vn 0.500000 0.000000 -0.866000
vn 0.258800 0.000000 -0.965900
vn 0.258800 0.000000 -0.965900
vn 0.500000 0.000000 -0.866000
vn 0.491000 0.189000 -0.850400
vn 0.254100 0.188900 -0.948500
vn 0.205400 0.608300 -0.766600
vn 0.396700 0.608600 -0.687200
vn 0.000000 0.000000 -1.000000
vn 0.000000 0.000000 -1.000000
vn 0.000000 0.188900 -0.982000
vn 0.000000 0.608500 -0.793500
vn -0.260000 0.854200 -0.450200
vn -0.367600 0.854200 -0.367600
vn -0.314700 0.895500 -0.314700
vn -0.222600 0.895400 -0.385600
vn -0.115200 0.895500 -0.429900
vn -0.134600 0.854200 -0.502200
vn -0.450300 0.854200 -0.260000
vn -0.502200 0.854200 -0.134500
vn -0.429900 0.895500 -0.115200
vn -0.385600 0.895400 -0.222600
vn -0.520000 0.854100 0.000000
vn -0.502200 0.854200 0.134600
vn -0.429900 0.895500 0.115100
vn -0.445200 0.895400 0.000000
vn -0.450300 0.854200 0.260000
vn -0.367600 0.854200 0.367600
vn -0.314700 0.895500 0.314700
vn -0.385600 0.895400 0.222600
vn -0.260000 0.854200 0.450300
vn -0.134600 0.854200 0.502200
vn -0.115200 0.895500 0.429900
vn -0.222600 0.895400 0.385600
vn 0.000000 0.854200 0.519900
vn 0.134500 0.854200 0.502200
vn 0.115200 0.895500 0.429900
vn 0.000000 0.895400 0.445200
vn 0.259900 0.854200 0.450200
vn 0.367600 0.854200 0.367600
vn 0.314700 0.895500 0.314600
vn 0.222600 0.895400 0.385600
vn 0.450300 0.854200 0.260000
vn 0.502100 0.854200 0.134500
vn 0.429900 0.895500 0.115200
vn 0.385600 0.895400 0.222600
vn 0.519900 0.854200 0.000000
vn 0.502100 0.854200 -0.134500
vn 0.429900 0.895500 -0.115200
vn 0.445200 0.895400 0.000000
vn 0.450300 0.854200 -0.260000
vn 0.367600 0.854200 -0.367600
vn 0.314700 0.895500 -0.314700
vn 0.385600 0.895400 -0.222600
vn 0.260000 0.854200 -0.450200
vn 0.134600 0.854200 -0.502200
vn 0.115200 0.895500 -0.429900
vn 0.222600 0.895400 -0.385600
vn 0.000000 0.854200 -0.519900
vn 0.000000 0.895400 -0.445200
vn -0.222600 0.895400 -0.385600
vn -0.314700 0.895500 -0.314700
vn -0.314700 0.895500 -0.314600
vn -0.222600 0.895400 -0.385600
vn -0.115200 0.895500 -0.429900
vn -0.115200 0.895500 -0.429900
vn -0.289100 0.823200 -0.488700
vn -0.403000 0.826500 -0.392900
vn -0.716800 0.126900 -0.685600
vn -0.513400 0.076000 -0.854700
vn -0.268200 0.077800 -0.960200
vn -0.145900 0.833500 -0.532900
vn -0.385600 0.895400 -0.222600
vn -0.429900 0.895500 -0.115200
vn -0.429900 0.895500 -0.115200
vn -0.385600 0.895400 -0.222600
vn -0.468600 0.842600 -0.265100
vn -0.496200 0.858300 -0.130600
vn -0.934800 0.277400 -0.221500
vn -0.860000 0.205700 -0.466800
vn -0.445200 0.895400 0.000000
vn -0.429900 0.895500 0.115200
vn -0.429800 0.895500 0.115200
vn -0.445200 0.895400 0.000000
vn -0.503700 0.863900 0.000000
vn -0.496200 0.858300 0.130600
vn -0.934800 0.277600 0.221500
vn -0.953200 0.302300 0.000000
vn -0.385600 0.895400 0.222600
vn -0.314700 0.895500 0.314700
vn -0.314700 0.895500 0.314700
vn -0.385600 0.895400 0.222600
vn -0.468600 0.842600 0.265100
vn -0.403000 0.826500 0.392900
vn -0.716800 0.127000 0.685600
vn -0.860000 0.205800 0.466800
vn -0.222600 0.895400 0.385600
vn -0.115200 0.895500 0.429900
vn -0.115200 0.895500 0.429900
vn -0.222600 0.895400 0.385600
vn -0.289100 0.823100 0.488700
vn -0.145900 0.833400 0.532900
vn -0.268200 0.077600 0.960200
vn -0.513400 0.076000 0.854700
vn 0.000000 0.895400 0.445200
vn 0.115200 0.895500 0.429900
vn 0.115200 0.895500 0.429900
vn 0.000000 0.895400 0.445200
vn 0.000000 0.838800 0.544400
vn 0.145900 0.833400 0.533000
vn 0.268300 0.077700 0.960200
vn 0.000000 0.088800 0.996000
vn 0.222600 0.895400 0.385600
vn 0.314700 0.895500 0.314700
vn 0.314700 0.895500 0.314600
vn 0.222600 0.895400 0.385600
vn 0.289100 0.823100 0.488800
vn 0.403100 0.826400 0.393000
vn 0.716800 0.126700 0.685700
vn 0.513500 0.076000 0.854700
vn 0.385600 0.895400 0.222600
vn 0.429900 0.895500 0.115200
vn 0.429900 0.895500 0.115200
vn 0.385600 0.895400 0.222600
vn 0.468700 0.842600 0.265100
vn 0.496200 0.858300 0.130600
vn 0.934600 0.278300 0.221500
vn 0.860000 0.206100 0.466800
vn 0.445200 0.895400 0.000000
vn 0.429900 0.895500 -0.115200
vn 0.429800 0.895500 -0.115100
vn 0.445200 0.895400 0.000000
vn 0.503600 0.863900 0.000000
vn 0.496200 0.858300 -0.130600
vn 0.934500 0.278500 -0.221500
vn 0.952800 0.303400 0.000000
vn 0.385600 0.895400 -0.222600
vn 0.314700 0.895500 -0.314700
vn 0.314700 0.895500 -0.314700
vn 0.385600 0.895400 -0.222600
vn 0.468700 0.842600 -0.265100
vn 0.403000 0.826500 -0.393000
vn 0.716800 0.127000 -0.685600
vn 0.860000 0.206300 -0.466800
vn 0.222600 0.895400 -0.385600
vn 0.115200 0.895500 -0.429900
vn 0.115200 0.895500 -0.429900
vn 0.222600 0.895400 -0.385600
vn 0.289100 0.823100 -0.488800
vn 0.145900 0.833400 -0.533000
vn 0.268300 0.077700 -0.960200
vn 0.513500 0.076000 -0.854700
vn 0.000000 0.895400 -0.445200
vn 0.000000 0.895400 -0.445200
vn 0.000000 0.838800 -0.544400
vn 0.000000 0.088900 -0.996000
vn 0.715600 -0.698500 0.000000
vn 0.430500 -0.902600 0.000000
vn 0.451200 -0.880800 0.143500
vn 0.680200 -0.703500 0.205700
vn 0.680300 -0.703500 -0.205700
vn 0.451200 -0.880800 -0.143500
vn 0.610200 -0.697500 0.375700
vn 0.454800 -0.839800 0.296500
vn 0.385300 -0.830000 0.403300
vn 0.484200 -0.718300 0.499500
vn 0.321700 -0.758800 0.566300
vn 0.260900 -0.857500 0.443300
vn 0.124400 -0.888000 0.442700
vn 0.156500 -0.787700 0.595800
vn 0.000000 -0.796500 0.604600
vn 0.000000 -0.899200 0.437600
vn -0.124400 -0.888000 0.442700
vn -0.156600 -0.787800 0.595700
vn -0.321600 -0.758800 0.566300
vn -0.261000 -0.857500 0.443300
vn -0.385300 -0.830000 0.403300
vn -0.484200 -0.718400 0.499500
vn -0.610200 -0.697500 0.375700
vn -0.454800 -0.839700 0.296500
vn -0.451200 -0.880800 0.143500
vn -0.679800 -0.703900 0.205500
vn -0.715000 -0.699100 0.000000
vn -0.430600 -0.902600 0.000000
vn -0.451200 -0.880800 -0.143500
vn -0.679800 -0.704000 -0.205500
vn -0.610100 -0.697500 -0.375700
vn -0.454800 -0.839700 -0.296500
vn -0.385300 -0.830000 -0.403300
vn -0.484100 -0.718400 -0.499400
vn -0.321600 -0.758800 -0.566300
vn -0.260900 -0.857500 -0.443300
vn -0.124400 -0.888000 -0.442700
vn -0.156500 -0.787700 -0.595700
vn 0.000000 -0.796400 -0.604700
vn 0.000000 -0.899200 -0.437600
vn 0.124400 -0.888000 -0.442700
vn 0.156600 -0.787700 -0.595800
vn 0.321700 -0.758800 -0.566400
vn 0.260900 -0.857500 -0.443300
vn 0.385300 -0.830000 -0.403300
vn 0.484200 -0.718300 -0.499500
vn 0.610300 -0.697300 -0.375800
vn 0.454800 -0.839800 -0.296500
vn -0.089000 -0.984000 -0.154200
vn -0.046100 -0.983900 -0.172300
vn 0.000000 -1.000000 0.000000
vn 0.000000 -1.000000 0.000000
vn 0.000000 -1.000000 0.000000
vn -0.126100 -0.983900 -0.126100
vn 0.000000 -1.000000 0.000000
vn 0.000000 -1.000000 0.000000
vn 0.000000 -1.000000 0.000000
vn -0.154100 -0.984000 -0.089000
vn 0.000000 -1.000000 0.000000
vn 0.000000 -1.000000 0.000000
vn -0.172300 -0.983900 -0.046100
vn 0.000000 -1.000000 0.000000
vn 0.000000 -1.000000 0.000000
vn -0.178000 -0.984000 0.000000
vn 0.000000 -1.000000 0.000000
vn 0.000000 -1.000000 0.000000
vn -0.172300 -0.983900 0.046200
vn 0.000000 -1.000000 0.000000
vn 0.000000 -1.000000 0.000000
vn -0.154100 -0.984000 0.089000
vn 0.000000 -1.000000 0.000000
vn 0.000000 -1.000000 0.000000
vn -0.126100 -0.983900 0.126100
vn 0.000000 -1.000000 0.000000
vn 0.000000 -1.000000 0.000000
vn -0.089000 -0.984000 0.154100
vn 0.000000 -1.000000 0.000000
vn 0.000000 -1.000000 0.000000
vn -0.046100 -0.983900 0.172300
vn 0.000000 -1.000000 0.000000
vn 0.000000 -1.000000 0.000000
vn 0.000000 -0.984000 0.178100
vn 0.000000 -1.000000 0.000000
vn 0.000000 -1.000000 0.000000
vn 0.046100 -0.983900 0.172300
vn 0.000000 -1.000000 0.000000
vn 0.000000 -1.000000 0.000000
vn 0.089000 -0.984000 0.154100
vn 0.000000 -1.000000 0.000000
vn 0.000000 -1.000000 0.000000
vn 0.126000 -0.983900 0.126100
vn 0.000000 -1.000000 0.000000
vn 0.000000 -1.000000 0.000000
vn 0.154100 -0.984000 0.088900
vn 0.000000 -1.000000 0.000000
vn 0.000000 -1.000000 0.000000
vn 0.172200 -0.983900 0.046100
vn 0.000000 -1.000000 0.000000
vn 0.000000 -1.000000 0.000000
vn 0.177900 -0.984000 0.000000
vn 0.000000 -1.000000 0.000000
vn 0.000000 -1.000000 0.000000
vn 0.172200 -0.984000 -0.046100
vn 0.000000 -1.000000 0.000000
vn 0.000000 -1.000000 0.000000
vn 0.154100 -0.984000 -0.089000
vn 0.000000 -1.000000 0.000000
vn 0.000000 -1.000000 0.000000
vn 0.126100 -0.983900 -0.126100
vn 0.000000 -1.000000 0.000000
vn 0.000000 -1.000000 0.000000
vn 0.089000 -0.984000 -0.154100
vn 0.000000 -1.000000 0.000000
vn 0.000000 -1.000000 0.000000
vn 0.046100 -0.983900 -0.172300
vn 0.000000 -1.000000 0.000000
vn 0.000000 -1.000000 0.000000
vn 0.000000 -0.984000 -0.178100
vn 0.000000 -1.000000 0.000000
vn 0.000000 -1.000000 0.000000
vn 0.310700 -0.950500 0.000000
vn 0.284400 -0.944300 0.165400
vn 0.413700 -0.894100 0.171300
vn 0.422000 -0.906600 0.000000
vn 0.413700 -0.894100 -0.171300
vn 0.284400 -0.944300 -0.165400
vn 0.426100 -0.904700 0.000000
vn 0.432700 -0.887600 0.157800
vn 0.432600 -0.887600 -0.157800
vn 0.245600 -0.930000 0.273400
vn 0.227400 -0.928000 0.295000
vn 0.349300 -0.841500 0.412000
vn 0.389900 -0.862000 0.323900
vn 0.421800 -0.851600 0.311100
vn 0.366300 -0.836200 0.408000
vn 0.206200 -0.935800 0.286000
vn 0.117100 -0.950400 0.287900
vn 0.131700 -0.887100 0.442500
vn 0.262900 -0.857000 0.443100
vn 0.261700 -0.857400 0.443200
vn 0.127900 -0.887500 0.442600
vn 0.000000 -0.958500 0.285100
vn -0.117100 -0.950400 0.287900
vn -0.131700 -0.887100 0.442500
vn 0.000000 -0.899100 0.437600
vn 0.000000 -0.899200 0.437600
vn -0.127900 -0.887500 0.442600
vn -0.206000 -0.935800 0.285900
vn -0.227200 -0.928100 0.294800
vn -0.349300 -0.841500 0.412000
vn -0.262900 -0.857000 0.443100
vn -0.261700 -0.857400 0.443200
vn -0.366300 -0.836200 0.408000
vn -0.245200 -0.930100 0.273300
vn -0.283900 -0.944500 0.165300
vn -0.413800 -0.894100 0.171300
vn -0.389900 -0.862000 0.323900
vn -0.421800 -0.851600 0.311100
vn -0.432600 -0.887600 0.157800
vn -0.310300 -0.950600 0.000000
vn -0.283900 -0.944500 -0.165300
vn -0.413800 -0.894100 -0.171300
vn -0.422100 -0.906600 0.000000
vn -0.426000 -0.904700 0.000000
vn -0.432600 -0.887600 -0.157800
vn -0.245300 -0.930100 -0.273300
vn -0.227300 -0.928100 -0.295000
vn -0.349300 -0.841500 -0.412000
vn -0.389900 -0.862000 -0.323900
vn -0.421800 -0.851600 -0.311100
vn -0.366300 -0.836200 -0.408000
vn -0.206100 -0.935800 -0.286100
vn -0.117100 -0.950400 -0.288100
vn -0.131700 -0.887100 -0.442500
vn -0.262900 -0.857000 -0.443100
vn -0.261700 -0.857400 -0.443200
vn -0.127900 -0.887500 -0.442600
vn 0.000000 -0.958400 -0.285200
vn 0.117100 -0.950400 -0.288100
vn 0.131700 -0.887100 -0.442500
vn 0.000000 -0.899100 -0.437600
vn 0.000000 -0.899200 -0.437600
vn 0.127900 -0.887500 -0.442600
vn 0.206200 -0.935700 -0.286200
vn 0.227500 -0.927900 -0.295100
vn 0.349300 -0.841500 -0.412000
vn 0.262900 -0.857000 -0.443100
vn 0.261700 -0.857400 -0.443200
vn 0.366300 -0.836200 -0.408000
vn 0.245700 -0.929900 -0.273500
vn 0.389900 -0.862000 -0.323800
vn 0.421800 -0.851600 -0.311100
vt 0.000000 0.000000
vt 0.000000 0.000000
vt 0.000000 0.000000
vt 0.000000 0.000000
vt 0.000000 0.000000
vt 0.000000 0.000000
vt 0.000000 0.000000
vt 0.000000 0.000000
vt 0.000000 0.000000
vt 0.000000 0.000000
vt 0.000000 0.000000
vt 0.000000 0.000000
vt 0.000000 0.000000
vt 0.000000 0.000000
vt 0.000000 0.000000
vt 0.000000 0.000000
vt 0.000000 0.000000
vt 0.000000 0.000000
vt 0.000000 0.000000
vt 0.000000 0.000000
vt 0.000000 0.000000
vt 0.000000 0.000000
vt 0.000000 0.000000
vt 0.000000 0.000000
vt 0.000000 0.000000
vt 0.000000 0.000000
vt 0.000000 0.000000
vt 0.000000 0.000000
vt 0.000000 0.000000
vt 0.000000 0.000000
vt 0.000000 0.000000
vt 0.000000 0.000000
vt 0.000000 0.000000
vt 0.000000 0.000000
vt 0.000000 0.000000
vt 0.000000 0.000000
vt 0.000000 0.000000
vt 0.000000 0.000000
vt 0.000000 0.000000
vt 0.000000 0.000000
vt 0.000000 0.000000
vt 0.000000 0.000000
vt 0.000000 0.000000
vt 0.000000 0.000000
vt 0.000000 0.000000
vt 0.000000 0.000000
vt 0.000000 0.000000
vt 0.000000 0.000000
vt 0.000000 0.000000
vt 0.000000 0.000000
vt 0.000000 0.000000
vt 0.000000 0.000000
vt 0.000000 0.000000
vt 0.000000 0.000000
vt 0.000000 0.000000
vt 0.000000 0.000000
vt 0.000000 0.000000
vt 0.000000 0.000000
vt 0.000000 0.000000
vt 0.000000 0.000000
vt 0.000000 0.000000
vt 0.000000 0.000000
vt 0.000000 0.000000
vt 0.000000 0.000000
vt 0.000000 0.000000
vt 0.000000 0.000000
vt 0.000000 0.000000
vt 0.000000 0.000000
vt 0.000000 0.000000
vt 0.000000 0.000000
vt 0.000000 0.000000
vt 0.000000 0.000000
vt 0.000000 0.000000
vt 0.000000 0.000000
vt 0.000000 0.000000
vt 0.000000 0.000000
vt 0.000000 0.000000
vt 0.000000 0.000000
vt 0.000000 0.000000
vt 0.000000 0.000000
vt 0.000000 0.000000
vt 0.000000 0.000000
vt 0.000000 0.000000
vt 0.000000 0.000000
vt 0.000000 0.000000
vt 0.000000 0.000000
vt 0.000000 0.000000
vt 0.000000 0.000000
vt 0.000000 0.000000
vt 0.000000 0.000000
vt 0.000000 0.000000
vt 0.000000 0.000000
vt 0.000000 0.000000
vt 0.000000 0.000000
vt 0.000000 0.000000
vt 0.000000 0.000000
vt 0.000000 0.000000
vt 0.000000 0.000000
vt 0.000000 0.000000
vt 0.000000 0.000000
vt 0.000000 0.000000
vt 0.000000 0.000000
vt 0.000000 0.000000
vt 0.000000 0.000000
vt 0.000000 0.000000
vt 0.000000 0.000000
vt 0.000000 0.000000
vt 0.000000 0.000000
vt 0.000000 0.000000
vt 0.000000 0.000000
vt 0.000000 0.000000
vt 0.000000 0.000000
vt 0.000000 0.000000
vt 0.000000 0.000000
vt 0.000000 0.000000
vt 0.000000 0.000000
vt 0.000000 0.000000
vt 0.000000 0.000000
vt 0.000000 0.000000
vt 0.000000 0.000000
vt 0.000000 0.000000
vt 0.000000 0.000000
vt 0.000000 0.000000
vt 0.000000 0.000000
vt 0.000000 0.000000
vt 0.000000 0.000000
vt 0.000000 0.000000
vt 0.000000 0.000000
vt 0.000000 0.000000
vt 0.000000 0.000000
vt 0.000000 0.000000
vt 0.000000 0.000000
vt 0.000000 0.000000
vt 0.000000 0.000000
vt 0.000000 0.000000
vt 0.000000 0.000000
vt 0.000000 0.000000
vt 0.000000 0.000000
vt 0.000000 0.000000
vt 0.000000 0.000000
vt 0.000000 0.000000
vt 0.000000 0.000000
vt 0.000000 0.000000
vt 0.000000 0.000000
vt 0.000000 0.000000
vt 0.000000 0.000000
vt 0.000000 0.000000
vt 0.000000 0.000000
vt 0.000000 0.000000
vt 0.000000 0.000000
vt 0.000000 0.000000
vt 0.000000 0.000000
vt 0.000000 0.000000
vt 0.000000 0.000000
vt 0.000000 0.000000
vt 0.000000 0.000000
vt 0.000000 0.000000
vt 0.000000 0.000000
vt 0.000000 0.000000
vt 0.000000 0.000000
vt 0.000000 0.000000
vt 0.000000 0.000000
vt 0.000000 0.000000
vt 0.000000 0.000000
vt 0.000000 0.000000
vt 0.000000 0.000000
vt 0.000000 0.000000
vt 0.000000 0.000000
vt 0.000000 0.000000
vt 0.000000 0.000000
vt 0.000000 0.000000
vt 0.000000 0.000000
vt 0.000000 0.000000
vt 0.000000 0.000000
vt 0.000000 0.000000
vt 0.000000 0.000000
vt 0.000000 0.000000
vt 0.000000 0.000000
vt 0.000000 0.000000
vt 0.000000 0.000000
vt 0.000000 0.000000
vt 0.000000 0.000000
vt 0.000000 0.000000
vt 0.000000 0.000000
vt 0.000000 0.000000
vt 0.000000 0.000000
vt 0.000000 0.000000
vt 0.000000 0.000000
vt 0.000000 0.000000
vt 0.000000 0.000000
vt 0.000000 0.000000
vt 0.000000 0.000000
vt 0.000000 0.000000
vt 0.000000 0.000000
vt 0.000000 0.000000
vt 0.000000 0.000000
vt 0.000000 0.000000
vt 0.000000 0.000000
vt 0.000000 0.000000
vt 0.000000 0.000000
vt 0.000000 0.000000
vt 0.000000 0.000000
vt 0.000000 0.000000
vt 0.000000 0.000000
vt 0.000000 0.000000
vt 0.000000 0.000000
vt 0.000000 0.000000
vt 0.000000 0.000000
vt 0.000000 0.000000
vt 0.000000 0.000000
vt 0.000000 0.000000
vt 0.000000 0.000000
vt 0.000000 0.000000
vt 0.000000 0.000000
vt 0.000000 0.000000
vt 0.000000 0.000000
vt 0.000000 0.000000
vt 0.000000 0.000000
vt 0.000000 0.000000
vt 0.000000 0.000000
vt 0.000000 0.000000
vt 0.000000 0.000000
vt 0.000000 0.000000
vt 0.000000 0.000000
vt 0.000000 0.000000
vt 0.000000 0.000000
vt 0.000000 0.000000
vt 0.000000 0.000000
vt 0.000000 0.000000
vt 0.000000 0.000000
vt 0.000000 0.000000
vt 0.000000 0.000000
vt 0.000000 0.000000
vt 0.000000 0.000000
vt 0.000000 0.000000
vt 0.000000 0.000000
vt 0.000000 0.000000
vt 0.000000 0.000000
vt 0.000000 0.000000
vt 0.000000 0.000000
vt 0.000000 0.000000
vt 0.000000 0.000000
vt 0.000000 0.000000
vt 0.000000 0.000000
vt 0.000000 0.000000
vt 0.000000 0.000000
vt 0.000000 0.000000
vt 0.000000 0.000000
vt 0.000000 0.000000
vt 0.000000 0.000000
vt 0.000000 0.000000
vt 0.000000 0.000000
vt 0.000000 0.000000
vt 0.000000 0.000000
vt 0.000000 0.000000
vt 0.000000 0.000000
vt 0.000000 0.000000
vt 0.000000 0.000000
vt 0.000000 0.000000
vt 0.000000 0.000000
vt 0.000000 0.000000
vt 0.000000 0.000000
vt 0.000000 0.000000
vt 0.000000 0.000000
vt 0.000000 0.000000
vt 0.000000 0.000000
vt 0.000000 0.000000
vt 0.000000 0.000000
vt 0.000000 0.000000
vt 0.000000 0.000000
vt 0.000000 0.000000
vt 0.000000 0.000000
vt 0.000000 0.000000
vt 0.000000 0.000000
vt 0.000000 0.000000
vt 0.000000 0.000000
vt 0.000000 0.000000
vt 0.000000 0.000000
vt 0.000000 0.000000
vt 0.000000 0.000000
vt 0.000000 0.000000
vt 0.000000 0.000000
vt 0.000000 0.000000
vt 0.000000 0.000000
vt 0.000000 0.000000
vt 0.000000 0.000000
vt 0.000000 0.000000
vt 0.000000 0.000000
vt 0.000000 0.000000
vt 0.000000 0.000000
vt 0.000000 0.000000
vt 0.000000 0.000000
vt 0.000000 0.000000
vt 0.000000 0.000000
vt 0.000000 0.000000
vt 0.000000 0.000000
vt 0.000000 0.000000
vt 0.000000 0.000000
vt 0.000000 0.000000
vt 0.000000 0.000000
vt 0.000000 0.000000
vt 0.000000 0.000000
vt 0.000000 0.000000
vt 0.000000 0.000000
vt 0.000000 0.000000
vt 0.000000 0.000000
vt 0.000000 0.000000
vt 0.000000 0.000000
vt 0.000000 0.000000
vt 0.000000 0.000000
vt 0.000000 0.000000
vt 0.000000 0.000000
vt 0.000000 0.000000
vt 0.000000 0.000000
vt 0.000000 0.000000
vt 0.000000 0.000000
vt 0.000000 0.000000
vt 0.000000 0.000000
vt 0.000000 0.000000
vt 0.000000 0.000000
vt 0.000000 0.000000
vt 0.000000 0.000000
vt 0.000000 0.000000
vt 0.000000 0.000000
vt 0.000000 0.000000
vt 0.000000 0.000000
vt 0.000000 0.000000
vt 0.000000 0.000000
vt 0.000000 0.000000
vt 0.000000 0.000000
vt 0.000000 0.000000
vt 0.000000 0.000000
vt 0.000000 0.000000
vt 0.000000 0.000000
vt 0.000000 0.000000
vt 0.000000 0.000000
vt 0.000000 0.000000
vt 0.000000 0.000000
vt 0.000000 0.000000
vt 0.000000 0.000000
vt 0.000000 0.000000
vt 0.000000 0.000000
vt 0.000000 0.000000
vt 0.000000 0.000000
vt 0.000000 0.000000
vt 0.000000 0.000000
vt 0.000000 0.000000
vt 0.000000 0.000000
vt 0.000000 0.000000
vt 0.000000 0.000000
vt 0.000000 0.000000
vt 0.000000 0.000000
vt 0.000000 0.000000
vt 0.000000 0.000000
vt 0.000000 0.000000
vt 0.000000 0.000000
vt 0.000000 0.000000
vt 0.000000 0.000000
vt 0.000000 0.000000
vt 0.000000 0.000000
vt 0.000000 0.000000
vt 0.000000 0.000000
vt 0.000000 0.000000
vt 0.000000 0.000000
vt 0.000000 0.000000
vt 0.000000 0.000000
vt 0.000000 0.000000
vt 0.000000 0.000000
vt 0.000000 0.000000
vt 0.000000 0.000000
vt 0.000000 0.000000
vt 0.000000 0.000000
vt 0.000000 0.000000
vt 0.000000 0.000000
vt 0.000000 0.000000
vt 0.000000 0.000000
vt 0.000000 0.000000
vt 0.000000 0.000000
vt 0.000000 0.000000
vt 0.000000 0.000000
vt 0.000000 0.000000
vt 0.000000 0.000000
vt 0.000000 0.000000
vt 0.000000 0.000000
vt 0.000000 0.000000
vt 0.000000 0.000000
vt 0.000000 0.000000
vt 0.000000 0.000000
vt 0.000000 0.000000
vt 0.000000 0.000000
vt 0.000000 0.000000
vt 0.000000 0.000000
vt 0.000000 0.000000
vt 0.000000 0.000000
vt 0.000000 0.000000
vt 0.000000 0.000000
vt 0.000000 0.000000
vt 0.000000 0.000000
vt 0.000000 0.000000
vt 0.000000 0.000000
vt 0.000000 0.000000
vt 0.000000 0.000000
vt 0.000000 0.000000
vt 0.000000 0.000000
vt 0.000000 0.000000
vt 0.000000 0.000000
vt 0.000000 0.000000
vt 0.000000 0.000000
vt 0.000000 0.000000
vt 0.000000 0.000000
vt 0.000000 0.000000
vt 0.000000 0.000000
vt 0.000000 0.000000
vt 0.000000 0.000000
vt 0.000000 0.000000
vt 0.000000 0.000000
vt 0.000000 0.000000
vt 0.000000 0.000000
vt 0.000000 0.000000
vt 0.000000 0.000000
vt 0.000000 0.000000
vt 0.000000 0.000000
vt 0.000000 0.000000
vt 0.000000 0.000000
vt 0.000000 0.000000
vt 0.000000 0.000000
vt 0.000000 0.000000
vt 0.000000 0.000000
vt 0.000000 0.000000
vt 0.000000 0.000000
vt 0.000000 0.000000
vt 0.000000 0.000000
vt 0.000000 0.000000
vt 0.000000 0.000000
vt 0.000000 0.000000
vt 0.000000 0.000000
vt 0.000000 0.000000
vt 0.000000 0.000000
vt 0.000000 0.000000
vt 0.000000 0.000000
vt 0.000000 0.000000
vt 0.000000 0.000000
vt 0.000000 0.000000
vt 0.000000 0.000000
vt 0.000000 0.000000
vt 0.000000 0.000000
vt 0.000000 0.000000
vt 0.000000 0.000000
vt 0.000000 0.000000
vt 0.000000 0.000000
vt 0.000000 0.000000
vt 0.000000 0.000000
vt 0.000000 0.000000
vt 0.000000 0.000000
vt 0.000000 0.000000
vt 0.000000 0.000000
vt 0.000000 0.000000
vt 0.000000 0.000000
vt 0.000000 0.000000
vt 0.000000 0.000000
vt 0.000000 0.000000
vt 0.000000 0.000000
vt 0.000000 0.000000
vt 0.000000 0.000000
vt 0.000000 0.000000
vt 0.000000 0.000000
vt 0.000000 0.000000
vt 0.000000 0.000000
vt 0.000000 0.000000
vt 0.000000 0.000000
vt 0.000000 0.000000
vt 0.000000 0.000000
vt 0.000000 0.000000
vt 0.000000 0.000000
vt 0.000000 0.000000
vt 0.000000 0.000000
vt 0.000000 0.000000
vt 0.000000 0.000000
vt 0.000000 0.000000
vt 0.000000 0.000000
vt 0.000000 0.000000
vt 0.000000 0.000000
vt 0.000000 0.000000
vt 0.000000 0.000000
vt 0.000000 0.000000
vt 0.000000 0.000000
vt 0.000000 0.000000
vt 0.000000 0.000000
vt 0.000000 0.000000
vt 0.000000 0.000000
vt 0.000000 0.000000
vt 0.000000 0.000000
vt 0.000000 0.000000
vt 0.000000 0.000000
vt 0.000000 0.000000
vt 0.000000 0.000000
vt 0.000000 0.000000
vt 0.000000 0.000000
vt 0.000000 0.000000
vt 0.000000 0.000000
vt 0.000000 0.000000
vt 0.000000 0.000000
vt 0.000000 0.000000
vt 0.000000 0.000000
vt 0.000000 0.000000
vt 0.000000 0.000000
vt 0.000000 0.000000
vt 0.000000 0.000000
vt 0.000000 0.000000
vt 0.000000 0.000000
vt 0.000000 0.000000
vt 0.000000 0.000000
vt 0.000000 0.000000
vt 0.000000 0.000000
vt 0.000000 0.000000
vt 0.000000 0.000000
vt 0.000000 0.000000
vt 0.000000 0.000000
vt 0.000000 0.000000
vt 0.000000 0.000000
vt 0.000000 0.000000
vt 0.000000 0.000000
vt 0.000000 0.000000
vt 0.000000 0.000000
vt 0.000000 0.000000
vt 0.000000 0.000000
vt 0.000000 0.000000
vt 0.000000 0.000000
vt 0.000000 0.000000
vt 0.000000 0.000000
vt 0.000000 0.000000
vt 0.000000 0.000000
vt 0.000000 0.000000
vt 0.000000 0.000000
vt 0.000000 0.000000
vt 0.000000 0.000000
vt 0.000000 0.000000
vt 0.000000 0.000000
vt 0.000000 0.000000
vt 0.000000 0.000000
vt 0.000000 0.000000
vt 0.000000 0.000000
vt 0.000000 0.000000
vt 0.000000 0.000000
vt 0.000000 0.000000
vt 0.000000 0.000000
vt 0.000000 0.000000
vt 0.000000 0.000000
vt 0.000000 0.000000
vt 0.000000 0.000000
vt 0.000000 0.000000
vt 0.000000 0.000000
vt 0.000000 0.000000
vt 0.000000 0.000000
vt 0.000000 0.000000
vt 0.000000 0.000000
vt 0.000000 0.000000
vt 0.000000 0.000000
vt 0.000000 0.000000
vt 0.000000 0.000000
vt 0.000000 0.000000
vt 0.000000 0.000000
vt 0.000000 0.000000
vt 0.000000 0.000000
vt 0.000000 0.000000
vt 0.000000 0.000000
vt 0.000000 0.000000
vt 0.000000 0.000000
vt 0.000000 0.000000
vt 0.000000 0.000000
vt 0.000000 0.000000
vt 0.000000 0.000000
vt 0.000000 0.000000
vt 0.000000 0.000000
vt 0.000000 0.000000
vt 0.000000 0.000000
vt 0.000000 0.000000
vt 0.000000 0.000000
vt 0.000000 0.000000
vt 0.000000 0.000000
vt 0.000000 0.000000
vt 0.000000 0.000000
vt 0.000000 0.000000
vt 0.000000 0.000000
vt 0.000000 0.000000
vt 0.000000 0.000000
vt 0.000000 0.000000
vt 0.000000 0.000000
vt 0.000000 0.000000
vt 0.000000 0.000000
vt 0.000000 0.000000
vt 0.000000 0.000000
vt 0.000000 0.000000
vt 0.000000 0.000000
vt 0.000000 0.000000
vt 0.000000 0.000000
vt 0.000000 0.000000
vt 0.000000 0.000000
vt 0.000000 0.000000
vt 0.000000 0.000000
vt 0.000000 0.000000
vt 0.000000 0.000000
vt 0.000000 0.000000
vt 0.000000 0.000000
vt 0.000000 0.000000
vt 0.000000 0.000000
vt 0.000000 0.000000
vt 0.000000 0.000000
vt 0.000000 0.000000
vt 0.000000 0.000000
vt 0.000000 0.000000
vt 0.000000 0.000000
vt 0.000000 0.000000
vt 0.000000 0.000000
vt 0.000000 0.000000
vt 0.000000 0.000000
vt 0.000000 0.000000
vt 0.000000 0.000000
vt 0.000000 0.000000
vt 0.000000 0.000000
vt 0.000000 0.000000
vt 0.000000 0.000000
vt 0.000000 0.000000
vt 0.000000 0.000000
vt 0.000000 0.000000
vt 0.000000 0.000000
vt 0.000000 0.000000
vt 0.000000 0.000000
vt 0.000000 0.000000
vt 0.000000 0.000000
vt 0.000000 0.000000
vt 0.000000 0.000000
vt 0.000000 0.000000
vt 0.000000 0.000000
vt 0.000000 0.000000
vt 0.000000 0.000000
vt 0.000000 0.000000
vt 0.000000 0.000000
vt 0.000000 0.000000
vt 0.000000 0.000000
vt 0.000000 0.000000
vt 0.000000 0.000000
vt 0.000000 0.000000
vt 0.000000 0.000000
vt 0.000000 0.000000
vt 0.000000 0.000000
vt 0.000000 0.000000
vt 0.000000 0.000000
vt 0.000000 0.000000
vt 0.000000 0.000000
vt 0.000000 0.000000
vt 0.000000 0.000000
vt 0.000000 0.000000
vt 0.000000 0.000000
vt 0.000000 0.000000
vt 0.000000 0.000000
vt 0.000000 0.000000
vt 0.000000 0.000000
vt 0.000000 0.000000
vt 0.000000 0.000000
vt 0.000000 0.000000
vt 0.000000 0.000000
vt 0.000000 0.000000
vt 0.000000 0.000000
vt 0.000000 0.000000
vt 0.000000 0.000000
vt 0.000000 0.000000
vt 0.000000 0.000000
vt 0.000000 0.000000
vt 0.000000 0.000000
vt 0.000000 0.000000
vt 0.000000 0.000000
vt 0.000000 0.000000
vt 0.000000 0.000000
vt 0.000000 0.000000
vt 0.000000 0.000000
vt 0.000000 0.000000
vt 0.000000 0.000000
vt 0.000000 0.000000
vt 0.000000 0.000000
vt 0.000000 0.000000
vt 0.000000 0.000000
vt 0.000000 0.000000
vt 0.000000 0.000000
vt 0.000000 0.000000
vt 0.000000 0.000000
vt 0.000000 0.000000
vt 0.000000 0.000000
vt 0.000000 0.000000
vt 0.000000 0.000000
vt 0.000000 0.000000
vt 0.000000 0.000000
vt 0.000000 0.000000
vt 0.000000 0.000000
vt 0.000000 0.000000
vt 0.000000 0.000000
vt 0.000000 0.000000
vt 0.000000 0.000000
vt 0.000000 0.000000
vt 0.000000 0.000000
vt 0.000000 0.000000
vt 0.000000 0.000000
vt 0.000000 0.000000
vt 0.000000 0.000000
vt 0.000000 0.000000
vt 0.000000 0.000000
vt 0.000000 0.000000
vt 0.000000 0.000000
vt 0.000000 0.000000
vt 0.000000 0.000000
vt 0.000000 0.000000
vt 0.000000 0.000000
vt 0.000000 0.000000
vt 0.000000 0.000000
vt 0.000000 0.000000
vt 0.000000 0.000000
vt 0.000000 0.000000
vt 0.000000 0.000000
vt 0.000000 0.000000
vt 0.000000 0.000000
vt 0.000000 0.000000
vt 0.000000 0.000000
vt 0.000000 0.000000
vt 0.000000 0.000000
vt 0.000000 0.000000
vt 0.000000 0.000000
vt 0.000000 0.000000
vt 0.000000 0.000000
vt 0.000000 0.000000
vt 0.000000 0.000000
vt 0.000000 0.000000
vt 0.000000 0.000000
vt 0.000000 0.000000
vt 0.000000 0.000000
vt 0.000000 0.000000
vt 0.000000 0.000000
vt 0.000000 0.000000
vt 0.000000 0.000000
vt 0.000000 0.000000
vt 0.000000 0.000000
vt 0.000000 0.000000
vt 0.000000 0.000000
vt 0.000000 0.000000
vt 0.000000 0.000000
vt 0.000000 0.000000
vt 0.000000 0.000000
vt 0.000000 0.000000
vt 0.000000 0.000000
vt 0.000000 0.000000
vt 0.000000 0.000000
vt 0.000000 0.000000
vt 0.000000 0.000000
vt 0.000000 0.000000
vt 0.000000 0.000000
vt 0.000000 0.000000
vt 0.000000 0.000000
vt 0.000000 0.000000
vt 0.000000 0.000000
vt 0.000000 0.000000
vt 0.000000 0.000000
vt 0.000000 0.000000
vt 0.000000 0.000000
vt 0.000000 0.000000
vt 0.000000 0.000000
vt 0.000000 0.000000
vt 0.000000 0.000000
vt 0.000000 0.000000
vt 0.000000 0.000000
vt 0.000000 0.000000
vt 0.000000 0.000000
vt 0.000000 0.000000
vt 0.000000 0.000000
vt 0.000000 0.000000
vt 0.000000 0.000000
vt 0.000000 0.000000
vt 0.000000 0.000000
vt 0.000000 0.000000
vt 0.000000 0.000000
vt 0.000000 0.000000
vt 0.000000 0.000000
vt 0.000000 0.000000
vt 0.000000 0.000000
vt 0.000000 0.000000
vt 0.000000 0.000000
vt 0.000000 0.000000
vt 0.000000 0.000000
vt 0.000000 0.000000
vt 0.000000 0.000000
vt 0.000000 0.000000
vt 0.000000 0.000000
vt 0.000000 0.000000
vt 0.000000 0.000000
vt 0.000000 0.000000
vt 0.000000 0.000000
vt 0.000000 0.000000
vt 0.000000 0.000000
vt 0.000000 0.000000
vt 0.000000 0.000000
vt 0.000000 0.000000
vt 0.000000 0.000000
vt 0.000000 0.000000
vt 0.000000 0.000000
vt 0.000000 0.000000
vt 0.000000 0.000000
vt 0.000000 0.000000
vt 0.000000 0.000000
vt 0.000000 0.000000
vt 0.000000 0.000000
vt 0.000000 0.000000
vt 0.000000 0.000000
vt 0.000000 0.000000
vt 0.000000 0.000000
vt 0.000000 0.000000
vt 0.000000 0.000000
vt 0.000000 0.000000
vt 0.000000 0.000000
vt 0.000000 0.000000
vt 0.000000 0.000000
vt 0.000000 0.000000
vt 0.000000 0.000000
vt 0.000000 0.000000
vt 0.000000 0.000000
vt 0.000000 0.000000
vt 0.000000 0.000000
vt 0.000000 0.000000
vt 0.000000 0.000000
vt 0.000000 0.000000
vt 0.000000 0.000000
vt 0.000000 0.000000
vt 0.000000 0.000000
vt 0.000000 0.000000
vt 0.000000 0.000000
vt 0.000000 0.000000
vt 0.000000 0.000000
vt 0.000000 0.000000
vt 0.000000 0.000000
vt 0.000000 0.000000
vt 0.000000 0.000000
vt 0.000000 0.000000
vt 0.000000 0.000000
vt 0.000000 0.000000
vt 0.000000 0.000000
vt 0.000000 0.000000
vt 0.000000 0.000000
vt 0.000000 0.000000
vt 0.000000 0.000000
vt 0.000000 0.000000
vt 0.000000 0.000000
vt 0.000000 0.000000
vt 0.000000 0.000000
vt 0.000000 0.000000
vt 0.000000 0.000000
vt 0.000000 0.000000
vt 0.000000 0.000000
vt 0.000000 0.000000
vt 0.000000 0.000000
vt 0.000000 0.000000
vt 0.000000 0.000000
vt 0.000000 0.000000
vt 0.000000 0.000000
vt 0.000000 0.000000
vt 0.000000 0.000000
vt 0.000000 0.000000
vt 0.000000 0.000000
vt 0.000000 0.000000
vt 0.000000 0.000000
vt 0.000000 0.000000
vt 0.000000 0.000000
vt 0.000000 0.000000
vt 0.000000 0.000000
vt 0.000000 0.000000
vt 0.000000 0.000000
vt 0.000000 0.000000
vt 0.000000 0.000000
vt 0.000000 0.000000
vt 0.000000 0.000000
vt 0.000000 0.000000
vt 0.000000 0.000000
vt 0.000000 0.000000
vt 0.000000 0.000000
vt 0.000000 0.000000
vt 0.000000 0.000000
vt 0.000000 0.000000
vt 0.000000 0.000000
vt 0.000000 0.000000
vt 0.000000 0.000000
vt 0.000000 0.000000
vt 0.000000 0.000000
vt 0.000000 0.000000
vt 0.000000 0.000000
vt 0.000000 0.000000
vt 0.000000 0.000000
vt 0.000000 0.000000
vt 0.000000 0.000000
vt 0.000000 0.000000
vt 0.000000 0.000000
vt 0.000000 0.000000
vt 0.000000 0.000000
vt 0.000000 0.000000
vt 0.000000 0.000000
vt 0.000000 0.000000
vt 0.000000 0.000000
vt 0.000000 0.000000
vt 0.000000 0.000000
vt 0.000000 0.000000
vt 0.000000 0.000000
vt 0.000000 0.000000
vt 0.000000 0.000000
vt 0.000000 0.000000
vt 0.000000 0.000000
vt 0.000000 0.000000
vt 0.000000 0.000000
vt 0.000000 0.000000
vt 0.000000 0.000000
vt 0.000000 0.000000
vt 0.000000 0.000000
vt 0.000000 0.000000
vt 0.000000 0.000000
vt 0.000000 0.000000
vt 0.000000 0.000000
vt 0.000000 0.000000
vt 0.000000 0.000000
vt 0.000000 0.000000
vt 0.000000 0.000000
vt 0.000000 0.000000
vt 0.000000 0.000000
vt 0.000000 0.000000
vt 0.000000 0.000000
vt 0.000000 0.000000
vt 0.000000 0.000000
vt 0.000000 0.000000
vt 0.000000 0.000000
vt 0.000000 0.000000
vt 0.000000 0.000000
vt 0.000000 0.000000
vt 0.000000 0.000000
vt 0.000000 0.000000
vt 0.000000 0.000000
vt 0.000000 0.000000
vt 0.000000 0.000000
vt 0.000000 0.000000
vt 0.000000 0.000000
vt 0.000000 0.000000
vt 0.000000 0.000000
vt 0.000000 0.000000
vt 0.000000 0.000000
vt 0.000000 0.000000
vt 0.000000 0.000000
vt 0.000000 0.000000
vt 0.000000 0.000000
vt 0.000000 0.000000
vt 0.000000 0.000000
vt 0.000000 0.000000
vt 0.000000 0.000000
vt 0.000000 0.000000
vt 0.000000 0.000000
vt 0.000000 0.000000
vt 0.000000 0.000000
vt 0.000000 0.000000
vt 0.000000 0.000000
vt 0.000000 0.000000
vt 0.000000 0.000000
vt 0.000000 0.000000
vt 0.000000 0.000000
vt 0.000000 0.000000
vt 0.000000 0.000000
vt 0.000000 0.000000
vt 0.000000 0.000000
vt 0.000000 0.000000
vt 0.000000 0.000000
vt 0.000000 0.000000
vt 0.000000 0.000000
vt 0.000000 0.000000
vt 0.000000 0.000000
vt 0.000000 0.000000
vt 0.000000 0.000000
vt 0.000000 0.000000
vt 0.000000 0.000000
vt 0.000000 0.000000
vt 0.000000 0.000000
vt 0.000000 0.000000
vt 0.000000 0.000000
vt 0.000000 0.000000
vt 0.000000 0.000000
vt 0.000000 0.000000
vt 0.000000 0.000000
vt 0.000000 0.000000
vt 0.000000 0.000000
vt 0.000000 0.000000
vt 0.000000 0.000000
vt 0.000000 0.000000
vt 0.000000 0.000000
vt 0.000000 0.000000
vt 0.000000 0.000000
vt 0.000000 0.000000
vt 0.000000 0.000000
vt 0.000000 0.000000
vt 0.000000 0.000000
vt 0.000000 0.000000
vt 0.000000 0.000000
vt 0.000000 0.000000
vt 0.000000 0.000000
vt 0.000000 0.000000
vt 0.000000 0.000000
vt 0.000000 0.000000
vt 0.000000 0.000000
vt 0.000000 0.000000
vt 0.000000 0.000000
vt 0.000000 0.000000
vt 0.000000 0.000000
vt 0.000000 0.000000
vt 0.000000 0.000000
vt 0.000000 0.000000
vt 0.000000 0.000000
vt 0.000000 0.000000
vt 0.000000 0.000000
vt 0.000000 0.000000
vt 0.000000 0.000000
vt 0.000000 0.000000
vt 0.000000 0.000000
vt 0.000000 0.000000
vt 0.000000 0.000000
vt 0.000000 0.000000
vt 0.000000 0.000000
vt 0.000000 0.000000
vt 0.000000 0.000000
vt 0.000000 0.000000
vt 0.000000 0.000000
vt 0.000000 0.000000
vt 0.000000 0.000000
vt 0.000000 0.000000
vt 0.000000 0.000000
vt 0.000000 0.000000
vt 0.000000 0.000000
vt 0.000000 0.000000
vt 0.000000 0.000000
vt 0.000000 0.000000
vt 0.000000 0.000000
vt 0.000000 0.000000
vt 0.000000 0.000000
vt 0.000000 0.000000
vt 0.000000 0.000000
vt 0.000000 0.000000
vt 0.000000 0.000000
vt 0.000000 0.000000
vt 0.000000 0.000000
vt 0.000000 0.000000
vt 0.000000 0.000000
vt 0.000000 0.000000
vt 0.000000 0.000000
vt 0.000000 0.000000
vt 0.000000 0.000000
vt 0.000000 0.000000
vt 0.000000 0.000000
vt 0.000000 0.000000
vt 0.000000 0.000000
vt 0.000000 0.000000
vt 0.000000 0.000000
vt 0.000000 0.000000
vt 0.000000 0.000000
vt 0.000000 0.000000
vt 0.000000 0.000000
vt 0.000000 0.000000
vt 0.000000 0.000000
vt 0.000000 0.000000
vt 0.000000 0.000000
vt 0.000000 0.000000
vt 0.000000 0.000000
vt 0.000000 0.000000
vt 0.000000 0.000000
vt 0.000000 0.000000
vt 0.000000 0.000000
vt 0.000000 0.000000
vt 0.000000 0.000000
vt 0.000000 0.000000
vt 0.000000 0.000000
vt 0.000000 0.000000
vt 0.000000 0.000000
vt 0.000000 0.000000
vt 0.000000 0.000000
vt 0.000000 0.000000
vt 0.000000 0.000000
vt 0.000000 0.000000
vt 0.000000 0.000000
vt 0.000000 0.000000
vt 0.000000 0.000000
vt 0.000000 0.000000
vt 0.000000 0.000000
vt 0.000000 0.000000
vt 0.000000 0.000000
vt 0.000000 0.000000
vt 0.000000 0.000000
vt 0.000000 0.000000
vt 0.000000 0.000000
vt 0.000000 0.000000
vt 0.000000 0.000000
vt 0.000000 0.000000
vt 0.000000 0.000000
vt 0.000000 0.000000
vt 0.000000 0.000000
vt 0.000000 0.000000
vt 0.000000 0.000000
vt 0.000000 0.000000
vt 0.000000 0.000000
vt 0.000000 0.000000
vt 0.000000 0.000000
vt 0.000000 0.000000
vt 0.000000 0.000000
vt 0.000000 0.000000
vt 0.000000 0.000000
vt 0.000000 0.000000
vt 0.000000 0.000000
vt 0.000000 0.000000
vt 0.000000 0.000000
vt 0.000000 0.000000
vt 0.000000 0.000000
vt 0.000000 0.000000
vt 0.000000 0.000000
vt 0.000000 0.000000
vt 0.000000 0.000000
vt 0.000000 0.000000
vt 0.000000 0.000000
vt 0.000000 0.000000
vt 0.000000 0.000000
vt 0.000000 0.000000
vt 0.000000 0.000000
vt 0.000000 0.000000
vt 0.000000 0.000000
vt 0.000000 0.000000
vt 0.000000 0.000000
vt 0.000000 0.000000
vt 0.000000 0.000000
vt 0.000000 0.000000
vt 0.000000 0.000000
vt 0.000000 0.000000
vt 0.000000 0.000000
vt 0.000000 0.000000
vt 0.000000 0.000000
vt 0.000000 0.000000
vt 0.000000 0.000000
vt 0.000000 0.000000
vt 0.000000 0.000000
vt 0.000000 0.000000
vt 0.000000 0.000000
vt 0.000000 0.000000
vt 0.000000 0.000000
vt 0.000000 0.000000
vt 0.000000 0.000000
vt 0.000000 0.000000
vt 0.000000 0.000000
vt 0.000000 0.000000
vt 0.000000 0.000000
vt 0.000000 0.000000
vt 0.000000 0.000000
vt 0.000000 0.000000
vt 0.000000 0.000000
vt 0.000000 0.000000
vt 0.000000 0.000000
vt 0.000000 0.000000
vt 0.000000 0.000000
vt 0.000000 0.000000
vt 0.000000 0.000000
vt 0.000000 0.000000
vt 0.000000 0.000000
vt 0.000000 0.000000
vt 0.000000 0.000000
vt 0.000000 0.000000
vt 0.000000 0.000000
vt 0.000000 0.000000
vt 0.000000 0.000000
vt 0.000000 0.000000
vt 0.000000 0.000000
vt 0.000000 0.000000
vt 0.000000 0.000000
vt 0.000000 0.000000
vt 0.000000 0.000000
vt 0.000000 0.000000
vt 0.000000 0.000000
vt 0.000000 0.000000
vt 0.000000 0.000000
vt 0.000000 0.000000
vt 0.000000 0.000000
vt 0.000000 0.000000
vt 0.000000 0.000000
vt 0.000000 0.000000
vt 0.000000 0.000000
vt 0.000000 0.000000
vt 0.000000 0.000000
vt 0.000000 0.000000
vt 0.000000 0.000000
vt 0.000000 0.000000
vt 0.000000 0.000000
vt 0.000000 0.000000
vt 0.000000 0.000000
vt 0.000000 0.000000
vt 0.000000 0.000000
vt 0.000000 0.000000
vt 0.000000 0.000000
vt 0.000000 0.000000
vt 0.000000 0.000000
vt 0.000000 0.000000
vt 0.000000 0.000000
vt 0.000000 0.000000
vt 0.000000 0.000000
vt 0.000000 0.000000
vt 0.000000 0.000000
vt 0.000000 0.000000
vt 0.000000 0.000000
vt 0.000000 0.000000
vt 0.000000 0.000000
vt 0.000000 0.000000
vt 0.000000 0.000000
vt 0.000000 0.000000
vt 0.000000 0.000000
vt 0.000000 0.000000
vt 0.000000 0.000000
vt 0.000000 0.000000
vt 0.000000 0.000000
vt 0.000000 0.000000
vt 0.000000 0.000000
vt 0.000000 0.000000
vt 0.000000 0.000000
vt 0.000000 0.000000
vt 0.000000 0.000000
vt 0.000000 0.000000
vt 0.000000 0.000000
vt 0.000000 0.000000
vt 0.000000 0.000000
vt 0.000000 0.000000
vt 0.000000 0.000000
vt 0.000000 0.000000
vt 0.000000 0.000000
vt 0.000000 0.000000
vt 0.000000 0.000000
vt 0.000000 0.000000
vt 0.000000 0.000000
vt 0.000000 0.000000
vt 0.000000 0.000000
vt 0.000000 0.000000
vt 0.000000 0.000000
vt 0.000000 0.000000
vt 0.000000 0.000000
vt 0.000000 0.000000
vt 0.000000 0.000000
vt 0.000000 0.000000
vt 0.000000 0.000000
f 1/1/1 2/2/2 3/3/3
f 1/1/1 3/3/3 4/4/4
f 1/1/1 4/4/4 5/5/5
f 1/1/1 5/5/5 6/6/6
f 1/1/1 6/6/6 7/7/7
f 1/1/1 7/7/7 8/8/8
f 1/1/1 8/8/8 9/9/9
f 1/1/1 9/9/9 2/2/2
f 10/10/10 6/6/6 5/5/5
f 10/10/10 5/5/5 11/11/11
f 10/10/10 11/11/11 12/12/12
f 10/10/10 12/12/12 13/13/13
f 10/10/10 13/13/13 14/14/14
f 10/10/10 14/14/14 15/15/15
f 10/10/10 15/15/15 7/7/7
f 10/10/10 7/7/7 6/6/6
f 16/16/16 13/13/13 12/12/12
f 16/16/16 12/12/12 17/17/17
f 16/16/16 17/17/17 18/18/18
f 16/16/16 18/18/18 19/19/19
f 16/16/16 19/19/19 20/20/20
f 16/16/16 20/20/20 21/21/21
f 16/16/16 21/21/21 14/14/14
f 16/16/16 14/14/14 13/13/13
f 22/22/22 23/23/23 24/24/24
f 22/22/22 24/24/24 25/25/25
f 22/22/22 25/25/25 26/26/26
f 22/22/22 26/26/26 27/27/27
f 22/22/22 27/27/27 5/5/5
f 22/22/22 5/5/5 4/4/4
f 22/22/22 4/4/4 3/3/3
f 22/22/22 3/3/3 23/23/23
f 28/28/28 27/27/27 26/26/26
f 28/28/28 26/26/26 29/29/29
f 28/28/28 29/29/29 30/30/30
f 28/28/28 30/30/30 31/31/31
f 28/28/28 31/31/31 12/12/12
f 28/28/28 12/12/12 11/11/11
f 28/28/28 11/11/11 5/5/5
f 28/28/28 5/5/5 27/27/27
f 32/32/32 31/31/31 30/30/30
f 32/32/32 30/30/30 33/33/33
f 32/32/32 33/33/33 34/34/34
f 32/32/32 34/34/34 35/35/35
f 32/32/32 35/35/35 18/18/18
f 32/32/32 18/18/18 17/17/17
f 32/32/32 17/17/17 12/12/12
f 32/32/32 12/12/12 31/31/31
f 36/36/36 37/37/37 38/38/38
f 36/36/36 38/38/38 39/39/39
f 36/36/36 39/39/39 40/40/40
f 36/36/36 40/40/40 41/41/41
f 36/36/36 41/41/41 26/26/26
f 36/36/36 26/26/26 25/25/25
f 36/36/36 25/25/25 24/24/24
f 36/36/36 24/24/24 37/37/37
f 42/42/42 41/41/41 40/40/40
f 42/42/42 40/40/40 43/43/43
f 42/42/42 43/43/43 44/44/44
f 42/42/42 44/44/44 45/45/45
f 42/42/42 45/45/45 30/30/30
f 42/42/42 30/30/30 29/29/29
f 42/42/42 29/29/29 26/26/26
f 42/42/42 26/26/26 41/41/41
f 46/46/46 45/45/45 44/44/44
f 46/46/46 44/44/44 47/47/47
f 46/46/46 47/47/47 48/48/48
f 46/46/46 48/48/48 49/49/49
f 46/46/46 49/49/49 34/34/34
f 46/46/46 34/34/34 33/33/33
f 46/46/46 33/33/33 30/30/30
f 46/46/46 30/30/30 45/45/45
f 50/50/50 51/51/51 52/52/52
f 50/50/50 52/52/52 53/53/53
f 50/50/50 53/53/53 54/54/54
f 50/50/50 54/54/54 55/55/55
f 50/50/50 55/55/55 56/56/56
f 50/50/50 56/56/56 57/57/57
f 50/50/50 57/57/57 58/58/58
f 50/50/50 58/58/58 51/51/51
f 59/59/59 60/60/60 61/61/61
f 59/59/59 61/61/61 62/62/62
f 59/59/59 62/62/62 63/63/63
f 59/59/59 63/63/63 64/64/64
f 59/59/59 64/64/64 52/52/52
f 59/59/59 52/52/52 51/51/51
f 59/59/59 51/51/51 58/58/58
f 59/59/59 58/58/58 60/60/60
f 65/65/65 66/66/66 67/67/67
f 65/65/65 67/67/67 68/68/68
f 65/65/65 68/68/68 69/69/69
f 65/65/65 69/69/69 70/70/70
f 65/65/65 70/70/70 61/61/61
f 65/65/65 61/61/61 60/60/60
f 65/65/65 60/60/60 58/58/58
f 65/65/65 58/58/58 66/66/66
f 71/71/71 72/72/72 67/67/67
f 71/71/71 67/67/67 66/66/66
f 71/71/71 66/66/66 58/58/58
f 71/71/71 58/58/58 73/73/73
f 71/71/71 73/73/73 74/74/74
f 71/71/71 74/74/74 75/75/75
f 71/71/71 75/75/75 76/76/76
f 71/71/71 76/76/76 72/72/72
f 77/77/77 78/78/78 79/79/79
f 77/77/77 79/79/79 80/80/80
f 77/77/77 80/80/80 81/81/81
f 77/77/77 81/81/81 82/82/82
f 77/77/77 82/82/82 74/74/74
f 77/77/77 74/74/74 73/73/73
f 77/77/77 73/73/73 58/58/58
f 77/77/77 58/58/58 78/78/78
f 83/83/83 57/57/57 56/56/56
f 83/83/83 56/56/56 84/84/84
f 83/83/83 84/84/84 85/85/85
f 83/83/83 85/85/85 86/86/86
f 83/83/83 86/86/86 79/79/79
f 83/83/83 79/79/79 78/78/78
f 83/83/83 78/78/78 58/58/58
f 83/83/83 58/58/58 57/57/57
f 87/87/87 8/8/8 7/7/7
f 87/87/87 7/7/7 88/88/88
f 87/87/87 88/88/88 89/89/89
f 87/87/87 89/89/89 90/90/90
f 87/87/87 90/90/90 91/91/91
f 87/87/87 91/91/91 92/92/92
f 87/87/87 92/92/92 9/9/9
f 87/87/87 9/9/9 8/8/8
f 93/93/93 90/90/90 89/89/89
f 93/93/93 89/89/89 94/94/94
f 93/93/93 94/94/94 95/95/95
f 93/93/93 95/95/95 96/96/96
f 93/93/93 96/96/96 97/97/97
f 93/93/93 97/97/97 98/98/98
f 93/93/93 98/98/98 91/91/91
f 93/93/93 91/91/91 90/90/90
f 99/99/99 15/15/15 14/14/14
f 99/99/99 14/14/14 100/100/100
f 99/99/99 100/100/100 101/101/101
f 99/99/99 101/101/101 102/102/102
f 99/99/99 102/102/102 89/89/89
f 99/99/99 89/89/89 88/88/88
f 99/99/99 88/88/88 7/7/7
f 99/99/99 7/7/7 15/15/15
f 103/103/103 102/102/102 101/101/101
f 103/103/103 101/101/101 104/104/104
f 103/103/103 104/104/104 105/105/105
f 103/103/103 105/105/105 106/106/106
f 103/103/103 106/106/106 95/95/95
f 103/103/103 95/95/95 94/94/94
f 103/103/103 94/94/94 89/89/89
f 103/103/103 89/89/89 102/102/102
f 107/107/107 21/21/21 20/20/20
f 107/107/107 20/20/20 108/108/108
f 107/107/107 108/108/108 109/109/109
f 107/107/107 109/109/109 110/110/110
f 107/107/107 110/110/110 101/101/101
f 107/107/107 101/101/101 100/100/100
f 107/107/107 100/100/100 14/14/14
f 107/107/107 14/14/14 21/21/21
f 111/111/111 110/110/110 109/109/109
f 111/111/111 109/109/109 112/112/112
f 111/111/111 112/112/112 113/113/113
f 111/111/111 113/113/113 114/114/114
f 111/111/111 114/114/114 105/105/105
f 111/111/111 105/105/105 104/104/104
f 111/111/111 104/104/104 101/101/101
f 111/111/111 101/101/101 110/110/110
f 115/115/115 116/116/116 117/117/117
f 115/115/115 117/117/117 118/118/118
f 115/115/115 118/118/118 119/119/119
f 115/115/115 119/119/119 120/120/120
f 115/115/115 120/120/120 121/121/121
f 115/115/115 121/121/121 122/122/122
f 115/115/115 122/122/122 123/123/123
f 115/115/115 123/123/123 116/116/116
f 124/124/124 120/120/120 119/119/119
f 124/124/124 119/119/119 125/125/125
f 124/124/124 125/125/125 126/126/126
f 124/124/124 126/126/126 127/127/127
f 124/124/124 127/127/127 128/128/128
f 124/124/124 128/128/128 129/129/129
f 124/124/124 129/129/129 121/121/121
f 124/124/124 121/121/121 120/120/120
f 130/130/130 131/131/131 132/132/132
f 130/130/130 132/132/132 133/133/133
f 130/130/130 133/133/133 134/134/134
f 130/130/130 134/134/134 135/135/135
f 130/130/130 135/135/135 119/119/119
f 130/130/130 119/119/119 118/118/118
f 130/130/130 118/118/118 117/117/117
f 130/130/130 117/117/117 131/131/131
f 136/136/136 135/135/135 134/134/134
f 136/136/136 134/134/134 137/137/137
f 136/136/136 137/137/137 138/138/138
f 136/136/136 138/138/138 139/139/139
f 136/136/136 139/139/139 126/126/126
f 136/136/136 126/126/126 125/125/125
f 136/136/136 125/125/125 119/119/119
f 136/136/136 119/119/119 135/135/135
f 140/140/140 141/141/141 142/142/142
f 140/140/140 142/142/142 143/143/143
f 140/140/140 143/143/143 144/144/144
f 140/140/140 144/144/144 145/145/145
f 140/140/140 145/145/145 134/134/134
f 140/140/140 134/134/134 133/133/133
f 140/140/140 133/133/133 132/132/132
f 140/140/140 132/132/132 141/141/141
f 146/146/146 145/145/145 144/144/144
f 146/146/146 144/144/144 147/147/147
f 146/146/146 147/147/147 148/148/148
f 146/146/146 148/148/148 149/149/149
f 146/146/146 149/149/149 138/138/138
f 146/146/146 138/138/138 137/137/137
f 146/146/146 137/137/137 134/134/134
f 146/146/146 134/134/134 145/145/145
f 150/150/150 19/19/19 18/18/18
f 150/150/150 18/18/18 151/151/151
f 150/150/150 151/151/151 152/152/152
f 150/150/150 152/152/152 153/153/153
f 150/150/150 153/153/153 154/154/154
f 150/150/150 154/154/154 155/155/155
f 150/150/150 155/155/155 20/20/20
f 150/150/150 20/20/20 19/19/19
f 156/156/156 153/153/153 152/152/152
f 156/156/156 152/152/152 157/157/157
f 156/156/156 157/157/157 158/158/158
f 156/156/156 158/158/158 159/159/159
f 156/156/156 159/159/159 160/160/160
f 156/156/156 160/160/160 161/161/161
f 156/156/156 161/161/161 154/154/154
f 156/156/156 154/154/154 153/153/153
f 162/162/162 35/35/35 34/34/34
f 162/162/162 34/34/34 163/163/163
f 162/162/162 163/163/163 164/164/164
f 162/162/162 164/164/164 165/165/165
f 162/162/162 165/165/165 152/152/152
f 162/162/162 152/152/152 151/151/151
f 162/162/162 151/151/151 18/18/18
f 162/162/162 18/18/18 35/35/35
f 166/166/166 165/165/165 164/164/164
f 166/166/166 164/164/164 167/167/167
f 166/166/166 167/167/167 168/168/168
f 166/166/166 168/168/168 169/169/169
f 166/166/166 169/169/169 158/158/158
f 166/166/166 158/158/158 157/157/157
f 166/166/166 157/157/157 152/152/152
f 166/166/166 152/152/152 165/165/165
f 170/170/170 49/49/49 48/48/48
f 170/170/170 48/48/48 171/171/171
f 170/170/170 171/171/171 172/172/172
f 170/170/170 172/172/172 173/173/173
f 170/170/170 173/173/173 164/164/164
f 170/170/170 164/164/164 163/163/163
f 170/170/170 163/163/163 34/34/34
f 170/170/170 34/34/34 49/49/49
f 174/174/174 173/173/173 172/172/172
f 174/174/174 172/172/172 175/175/175
f 174/174/174 175/175/175 176/176/176
f 174/174/174 176/176/176 177/177/177
f 174/174/174 177/177/177 168/168/168
f 174/174/174 168/168/168 167/167/167
f 174/174/174 167/167/167 164/164/164
f 174/174/174 164/164/164 173/173/173
f 178/178/178 179/179/179 180/180/180
f 178/178/178 180/180/180 181/181/181
f 178/178/178 181/181/181 182/182/182
f 178/178/178 182/182/182 183/183/183
f 178/178/178 183/183/183 184/184/184
f 178/178/178 184/184/184 185/185/185
f 178/178/178 185/185/185 186/186/186
f 178/178/178 186/186/186 179/179/179
f 187/187/187 183/183/183 182/182/182
f 187/187/187 182/182/182 188/188/188
f 187/187/187 188/188/188 189/189/189
f 187/187/187 189/189/189 190/190/190
f 187/187/187 190/190/190 148/148/148
f 187/187/187 148/148/148 191/191/191
f 187/187/187 191/191/191 184/184/184
f 187/187/187 184/184/184 183/183/183
f 192/192/192 193/193/193 194/194/194
f 192/192/192 194/194/194 195/195/195
f 192/192/192 195/195/195 196/196/196
f 192/192/192 196/196/196 197/197/197
f 192/192/192 197/197/197 182/182/182
f 192/192/192 182/182/182 181/181/181
f 192/192/192 181/181/181 180/180/180
f 192/192/192 180/180/180 193/193/193
f 198/198/198 197/197/197 196/196/196
f 198/198/198 196/196/196 199/199/199
f 198/198/198 199/199/199 200/200/200
f 198/198/198 200/200/200 201/201/201
f 198/198/198 201/201/201 189/189/189
f 198/198/198 189/189/189 188/188/188
f 198/198/198 188/188/188 182/182/182
f 198/198/198 182/182/182 197/197/197
f 202/202/202 203/203/203 204/204/204
f 202/202/202 204/204/204 205/205/205
f 202/202/202 205/205/205 206/206/206
f 202/202/202 206/206/206 207/207/207
f 202/202/202 207/207/207 196/196/196
f 202/202/202 196/196/196 195/195/195
f 202/202/202 195/195/195 194/194/194
f 202/202/202 194/194/194 203/203/203
f 208/208/208 207/207/207 206/206/206
f 208/208/208 206/206/206 209/209/209
f 208/208/208 209/209/209 210/210/210
f 208/208/208 210/210/210 211/211/211
f 208/208/208 211/211/211 200/200/200
f 208/208/208 200/200/200 199/199/199
f 208/208/208 199/199/199 196/196/196
f 208/208/208 196/196/196 207/207/207
f 212/212/212 112/112/112 109/109/109
f 212/212/212 109/109/109 213/213/213
f 212/212/212 213/213/213 214/214/214
f 212/212/212 214/214/214 215/215/215
f 212/212/212 215/215/215 216/216/216
f 212/212/212 216/216/216 217/217/217
f 212/212/212 217/217/217 113/113/113
f 212/212/212 113/113/113 112/112/112
f 218/218/218 219/219/219 220/220/220
f 218/218/218 220/220/220 221/221/221
f 218/218/218 221/221/221 216/216/216
f 218/218/218 216/216/216 215/215/215
f 218/218/218 215/215/215 214/214/214
f 218/218/218 214/214/214 222/222/222
f 218/218/218 222/222/222 223/223/223
f 218/218/218 223/223/223 219/219/219
f 224/224/224 108/108/108 20/20/20
f 224/224/224 20/20/20 155/155/155
f 224/224/224 155/155/155 154/154/154
f 224/224/224 154/154/154 225/225/225
f 224/224/224 225/225/225 214/214/214
f 224/224/224 214/214/214 213/213/213
f 224/224/224 213/213/213 109/109/109
f 224/224/224 109/109/109 108/108/108
f 226/226/226 225/225/225 154/154/154
f 226/226/226 154/154/154 161/161/161
f 226/226/226 161/161/161 160/160/160
f 226/226/226 160/160/160 227/227/227
f 226/226/226 227/227/227 223/223/223
f 226/226/226 223/223/223 222/222/222
f 226/226/226 222/222/222 214/214/214
f 226/226/226 214/214/214 225/225/225
f 228/228/228 229/229/229 230/230/230
f 228/228/228 230/230/230 231/231/231
f 228/228/228 231/231/231 232/232/232
f 228/228/228 232/232/232 233/233/233
f 228/228/228 233/233/233 234/234/234
f 228/228/228 234/234/234 235/235/235
f 228/228/228 235/235/235 236/236/236
f 228/228/228 236/236/236 229/229/229
f 237/237/237 233/233/233 232/232/232
f 237/237/237 232/232/232 238/238/238
f 237/237/237 238/238/238 144/144/144
f 237/237/237 144/144/144 143/143/143
f 237/237/237 143/143/143 142/142/142
f 237/237/237 142/142/142 239/239/239
f 237/237/237 239/239/239 234/234/234
f 237/237/237 234/234/234 233/233/233
f 240/240/240 241/241/241 186/186/186
f 240/240/240 186/186/186 185/185/185
f 240/240/240 185/185/185 184/184/184
f 240/240/240 184/184/184 242/242/242
f 240/240/240 242/242/242 232/232/232
f 240/240/240 232/232/232 231/231/231
f 240/240/240 231/231/231 230/230/230
f 240/240/240 230/230/230 241/241/241
f 243/243/243 242/242/242 184/184/184
f 243/243/243 184/184/184 191/191/191
f 243/243/243 191/191/191 148/148/148
f 243/243/243 148/148/148 147/147/147
f 243/243/243 147/147/147 144/144/144
f 243/243/243 144/144/144 238/238/238
f 243/243/243 238/238/238 232/232/232
f 243/243/243 232/232/232 242/242/242
f 244/244/244 245/245/245 246/246/246
f 244/244/244 246/246/246 247/247/247
f 244/244/244 247/247/247 248/248/248
f 244/244/244 248/248/248 249/249/249
f 244/244/244 249/249/249 250/250/250
f 244/244/244 250/250/250 251/251/251
f 244/244/244 251/251/251 252/252/252
f 244/244/244 252/252/252 245/245/245
f 253/253/253 249/249/249 248/248/248
f 253/253/253 248/248/248 254/254/254
f 253/253/253 254/254/254 3/3/3
f 253/253/253 3/3/3 2/2/2
f 253/253/253 2/2/2 9/9/9
f 253/253/253 9/9/9 255/255/255
f 253/253/253 255/255/255 250/250/250
f 253/253/253 250/250/250 249/249/249
f 256/256/256 257/257/257 258/258/258
f 256/256/256 258/258/258 259/259/259
f 256/256/256 259/259/259 260/260/260
f 256/256/256 260/260/260 261/261/261
f 256/256/256 261/261/261 248/248/248
f 256/256/256 248/248/248 247/247/247
f 256/256/256 247/247/247 246/246/246
f 256/256/256 246/246/246 257/257/257
f 262/262/262 261/261/261 260/260/260
f 262/262/262 260/260/260 263/263/263
f 262/262/262 263/263/263 24/24/24
f 262/262/262 24/24/24 23/23/23
f 262/262/262 23/23/23 3/3/3
f 262/262/262 3/3/3 254/254/254
f 262/262/262 254/254/254 248/248/248
f 262/262/262 248/248/248 261/261/261
f 264/264/264 265/265/265 266/266/266
f 264/264/264 266/266/266 267/267/267
f 264/264/264 267/267/267 268/268/268
f 264/264/264 268/268/268 269/269/269
f 264/264/264 269/269/269 260/260/260
f 264/264/264 260/260/260 259/259/259
f 264/264/264 259/259/259 258/258/258
f 264/264/264 258/258/258 265/265/265
f 270/270/270 269/269/269 268/268/268
f 270/270/270 268/268/268 271/271/271
f 270/270/270 271/271/271 38/38/38
f 270/270/270 38/38/38 37/37/37
f 270/270/270 37/37/37 24/24/24
f 270/270/270 24/24/24 263/263/263
f 270/270/270 263/263/263 260/260/260
f 270/270/270 260/260/260 269/269/269
f 272/272/272 273/273/273 274/274/274
f 272/272/272 274/274/274 275/275/275
f 272/272/272 275/275/275 276/276/276
f 272/272/272 276/276/276 277/277/277
f 272/272/272 277/277/277 278/278/278
f 272/272/272 278/278/278 279/279/279
f 272/272/272 279/279/279 128/128/128
f 272/272/272 128/128/128 273/273/273
f 280/280/280 277/277/277 276/276/276
f 280/280/280 276/276/276 281/281/281
f 280/280/280 281/281/281 282/282/282
f 280/280/280 282/282/282 283/283/283
f 280/280/280 283/283/283 284/284/284
f 280/280/280 284/284/284 285/285/285
f 280/280/280 285/285/285 278/278/278
f 280/280/280 278/278/278 277/277/277
f 286/286/286 287/287/287 288/288/288
f 286/286/286 288/288/288 289/289/289
f 286/286/286 289/289/289 290/290/290
f 286/286/286 290/290/290 291/291/291
f 286/286/286 291/291/291 276/276/276
f 286/286/286 276/276/276 275/275/275
f 286/286/286 275/275/275 274/274/274
f 286/286/286 274/274/274 287/287/287
f 292/292/292 291/291/291 290/290/290
f 292/292/292 290/290/290 293/293/293
f 292/292/292 293/293/293 294/294/294
f 292/292/292 294/294/294 295/295/295
f 292/292/292 295/295/295 282/282/282
f 292/292/292 282/282/282 281/281/281
f 292/292/292 281/281/281 276/276/276
f 292/292/292 276/276/276 291/291/291
f 296/296/296 297/297/297 298/298/298
f 296/296/296 298/298/298 299/299/299
f 296/296/296 299/299/299 300/300/300
f 296/296/296 300/300/300 301/301/301
f 296/296/296 301/301/301 290/290/290
f 296/296/296 290/290/290 289/289/289
f 296/296/296 289/289/289 288/288/288
f 296/296/296 288/288/288 297/297/297
f 302/302/302 301/301/301 300/300/300
f 302/302/302 300/300/300 303/303/303
f 302/302/302 303/303/303 304/304/304
f 302/302/302 304/304/304 305/305/305
f 302/302/302 305/305/305 294/294/294
f 302/302/302 294/294/294 293/293/293
f 302/302/302 293/293/293 290/290/290
f 302/302/302 290/290/290 301/301/301
f 306/306/306 92/92/92 91/91/91
f 306/306/306 91/91/91 307/307/307
f 306/306/306 307/307/307 308/308/308
f 306/306/306 308/308/308 309/309/309
f 306/306/306 309/309/309 250/250/250
f 306/306/306 250/250/250 255/255/255
f 306/306/306 255/255/255 9/9/9
f 306/306/306 9/9/9 92/92/92
f 310/310/310 309/309/309 308/308/308
f 310/310/310 308/308/308 311/311/311
f 310/310/310 311/311/311 312/312/312
f 310/310/310 312/312/312 313/313/313
f 310/310/310 313/313/313 252/252/252
f 310/310/310 252/252/252 251/251/251
f 310/310/310 251/251/251 250/250/250
f 310/310/310 250/250/250 309/309/309
f 314/314/314 98/98/98 97/97/97
f 314/314/314 97/97/97 315/315/315
f 314/314/314 315/315/315 316/316/316
f 314/314/314 316/316/316 317/317/317
f 314/314/314 317/317/317 308/308/308
f 314/314/314 308/308/308 307/307/307
f 314/314/314 307/307/307 91/91/91
f 314/314/314 91/91/91 98/98/98
f 318/318/318 317/317/317 316/316/316
f 318/318/318 316/316/316 319/319/319
f 318/318/318 319/319/319 320/320/320
f 318/318/318 320/320/320 321/321/321
f 318/318/318 321/321/321 312/312/312
f 318/318/318 312/312/312 311/311/311
f 318/318/318 311/311/311 308/308/308
f 318/318/318 308/308/308 317/317/317
f 322/322/322 122/122/122 121/121/121
f 322/322/322 121/121/121 323/323/323
f 322/322/322 323/323/323 324/324/324
f 322/322/322 324/324/324 325/325/325
f 322/322/322 325/325/325 326/326/326
f 322/322/322 326/326/326 327/327/327
f 322/322/322 327/327/327 123/123/123
f 322/322/322 123/123/123 122/122/122
f 328/328/328 325/325/325 324/324/324
f 328/328/328 324/324/324 329/329/329
f 328/328/328 329/329/329 330/330/330
f 328/328/328 330/330/330 331/331/331
f 328/328/328 331/331/331 332/332/332
f 328/328/328 332/332/332 333/333/333
f 328/328/328 333/333/333 326/326/326
f 328/328/328 326/326/326 325/325/325
f 334/334/334 129/129/129 128/128/128
f 334/334/334 128/128/128 279/279/279
f 334/334/334 279/279/279 278/278/278
f 334/334/334 278/278/278 335/335/335
f 334/334/334 335/335/335 324/324/324
f 334/334/334 324/324/324 323/323/323
f 334/334/334 323/323/323 121/121/121
f 334/334/334 121/121/121 129/129/129
f 336/336/336 335/335/335 278/278/278
f 336/336/336 278/278/278 285/285/285
f 336/336/336 285/285/285 284/284/284
f 336/336/336 284/284/284 337/337/337
f 336/336/336 337/337/337 330/330/330
f 336/336/336 330/330/330 329/329/329
f 336/336/336 329/329/329 324/324/324
f 336/336/336 324/324/324 335/335/335
f 338/338/338 96/96/96 95/95/95
f 338/338/338 95/95/95 339/339/339
f 338/338/338 339/339/339 340/340/340
f 338/338/338 340/340/340 341/341/341
f 338/338/338 341/341/341 342/342/342
f 338/338/338 342/342/342 343/343/343
f 338/338/338 343/343/343 97/97/97
f 338/338/338 97/97/97 96/96/96
f 344/344/344 106/106/106 105/105/105
f 344/344/344 105/105/105 345/345/345
f 344/344/344 345/345/345 346/346/346
f 344/344/344 346/346/346 347/347/347
f 344/344/344 347/347/347 340/340/340
f 344/344/344 340/340/340 339/339/339
f 344/344/344 339/339/339 95/95/95
f 344/344/344 95/95/95 106/106/106
f 348/348/348 114/114/114 113/113/113
f 348/348/348 113/113/113 349/349/349
f 348/348/348 349/349/349 350/350/350
f 348/348/348 350/350/350 351/351/351
f 348/348/348 351/351/351 346/346/346
f 348/348/348 346/346/346 345/345/345
f 348/348/348 345/345/345 105/105/105
f 348/348/348 105/105/105 114/114/114
f 352/352/352 353/353/353 354/354/354
f 352/352/352 354/354/354 355/355/355
f 352/352/352 355/355/355 356/356/356
f 352/352/352 356/356/356 357/357/357
f 352/352/352 357/357/357 358/358/358
f 352/352/352 358/358/358 359/359/359
f 352/352/352 359/359/359 360/360/360
f 352/352/352 360/360/360 353/353/353
f 361/361/361 362/362/362 360/360/360
f 361/361/361 360/360/360 359/359/359
f 361/361/361 359/359/359 358/358/358
f 361/361/361 358/358/358 363/363/363
f 361/361/361 363/363/363 364/364/364
f 361/361/361 364/364/364 365/365/365
f 361/361/361 365/365/365 366/366/366
f 361/361/361 366/366/366 362/362/362
f 367/367/367 368/368/368 366/366/366
f 367/367/367 366/366/366 365/365/365
f 367/367/367 365/365/365 364/364/364
f 367/367/367 364/364/364 369/369/369
f 367/367/367 369/369/369 370/370/370
f 367/367/367 370/370/370 371/371/371
f 367/367/367 371/371/371 372/372/372
f 367/367/367 372/372/372 368/368/368
f 373/373/373 245/245/245 252/252/252
f 373/373/373 252/252/252 374/374/374
f 373/373/373 374/374/374 375/375/375
f 373/373/373 375/375/375 376/376/376
f 373/373/373 376/376/376 377/377/377
f 373/373/373 377/377/377 378/378/378
f 373/373/373 378/378/378 246/246/246
f 373/373/373 246/246/246 245/245/245
f 379/379/379 257/257/257 246/246/246
f 379/379/379 246/246/246 378/378/378
f 379/379/379 378/378/378 377/377/377
f 379/379/379 377/377/377 380/380/380
f 379/379/379 380/380/380 381/381/381
f 379/379/379 381/381/381 382/382/382
f 379/379/379 382/382/382 258/258/258
f 379/379/379 258/258/258 257/257/257
f 383/383/383 265/265/265 258/258/258
f 383/383/383 258/258/258 382/382/382
f 383/383/383 382/382/382 381/381/381
f 383/383/383 381/381/381 384/384/384
f 383/383/383 384/384/384 385/385/385
f 383/383/383 385/385/385 386/386/386
f 383/383/383 386/386/386 266/266/266
f 383/383/383 266/266/266 265/265/265
f 387/387/387 177/177/177 176/176/176
f 387/387/387 176/176/176 388/388/388
f 387/387/387 388/388/388 389/389/389
f 387/387/387 389/389/389 390/390/390
f 387/387/387 390/390/390 391/391/391
f 387/387/387 391/391/391 392/392/392
f 387/387/387 392/392/392 168/168/168
f 387/387/387 168/168/168 177/177/177
f 393/393/393 169/169/169 168/168/168
f 393/393/393 168/168/168 392/392/392
f 393/393/393 392/392/392 391/391/391
f 393/393/393 391/391/391 394/394/394
f 393/393/393 394/394/394 395/395/395
f 393/393/393 395/395/395 396/396/396
f 393/393/393 396/396/396 158/158/158
f 393/393/393 158/158/158 169/169/169
f 397/397/397 159/159/159 158/158/158
f 397/397/397 158/158/158 396/396/396
f 397/397/397 396/396/396 395/395/395
f 397/397/397 395/395/395 398/398/398
f 397/397/397 398/398/398 399/399/399
f 397/397/397 399/399/399 400/400/400
f 397/397/397 400/400/400 160/160/160
f 397/397/397 160/160/160 159/159/159
f 401/401/401 313/313/313 312/312/312
f 401/401/401 312/312/312 402/402/402
f 401/401/401 402/402/402 403/403/403
f 401/401/401 403/403/403 404/404/404
f 401/401/401 404/404/404 375/375/375
f 401/401/401 375/375/375 374/374/374
f 401/401/401 374/374/374 252/252/252
f 401/401/401 252/252/252 313/313/313
f 405/405/405 321/321/321 320/320/320
f 405/405/405 320/320/320 406/406/406
f 405/405/405 406/406/406 407/407/407
f 405/405/405 407/407/407 408/408/408
f 405/405/405 408/408/408 403/403/403
f 405/405/405 403/403/403 402/402/402
f 405/405/405 402/402/402 312/312/312
f 405/405/405 312/312/312 321/321/321
f 409/409/409 410/410/410 411/411/411
f 409/409/409 411/411/411 412/412/412
f 409/409/409 412/412/412 220/220/220
f 409/409/409 220/220/220 219/219/219
f 409/409/409 219/219/219 223/223/223
f 409/409/409 223/223/223 413/413/413
f 409/409/409 413/413/413 414/414/414
f 409/409/409 414/414/414 410/410/410
f 415/415/415 227/227/227 160/160/160
f 415/415/415 160/160/160 400/400/400
f 415/415/415 400/400/400 399/399/399
f 415/415/415 399/399/399 416/416/416
f 415/415/415 416/416/416 414/414/414
f 415/415/415 414/414/414 413/413/413
f 415/415/415 413/413/413 223/223/223
f 415/415/415 223/223/223 227/227/227
f 417/417/417 217/217/217 216/216/216
f 417/417/417 216/216/216 418/418/418
f 417/417/417 418/418/418 419/419/419
f 417/417/417 419/419/419 420/420/420
f 417/417/417 420/420/420 350/350/350
f 417/417/417 350/350/350 349/349/349
f 417/417/417 349/349/349 113/113/113
f 417/417/417 113/113/113 217/217/217
f 421/421/421 221/221/221 220/220/220
f 421/421/421 220/220/220 412/412/412
f 421/421/421 412/412/412 411/411/411
f 421/421/421 411/411/411 422/422/422
f 421/421/421 422/422/422 419/419/419
f 421/421/421 419/419/419 418/418/418
f 421/421/421 418/418/418 216/216/216
f 421/421/421 216/216/216 221/221/221
f 423/423/423 424/424/424 425/425/425
f 423/423/423 425/425/425 426/426/426
f 423/423/423 426/426/426 427/427/427
f 423/423/423 427/427/427 428/428/428
f 423/423/423 428/428/428 429/429/429
f 423/423/423 429/429/429 430/430/430
f 423/423/423 430/430/430 431/431/431
f 423/423/423 431/431/431 424/424/424
f 432/432/432 433/433/433 372/372/372
f 432/432/432 372/372/372 371/371/371
f 432/432/432 371/371/371 370/370/370
f 432/432/432 370/370/370 434/434/434
f 432/432/432 434/434/434 427/427/427
f 432/432/432 427/427/427 426/426/426
f 432/432/432 426/426/426 425/425/425
f 432/432/432 425/425/425 433/433/433
f 435/435/435 319/319/319 316/316/316
f 435/435/435 316/316/316 436/436/436
f 435/435/435 436/436/436 437/437/437
f 435/435/435 437/437/437 438/438/438
f 435/435/435 438/438/438 407/407/407
f 435/435/435 407/407/407 406/406/406
f 435/435/435 406/406/406 320/320/320
f 435/435/435 320/320/320 319/319/319
f 439/439/439 315/315/315 97/97/97
f 439/439/439 97/97/97 343/343/343
f 439/439/439 343/343/343 342/342/342
f 439/439/439 342/342/342 440/440/440
f 439/439/439 440/440/440 437/437/437
f 439/439/439 437/437/437 436/436/436
f 439/439/439 436/436/436 316/316/316
f 439/439/439 316/316/316 315/315/315
f 441/441/441 442/442/442 443/443/443
f 441/441/441 443/443/443 444/444/444
f 441/441/441 444/444/444 445/445/445
f 441/441/441 445/445/445 446/446/446
f 441/441/441 446/446/446 356/356/356
f 441/441/441 356/356/356 355/355/355
f 441/441/441 355/355/355 354/354/354
f 441/441/441 354/354/354 442/442/442
f 447/447/447 448/448/448 449/449/449
f 447/447/447 449/449/449 450/450/450
f 447/447/447 450/450/450 451/451/451
f 447/447/447 451/451/451 452/452/452
f 447/447/447 452/452/452 445/445/445
f 447/447/447 445/445/445 444/444/444
f 447/447/447 444/444/444 443/443/443
f 447/447/447 443/443/443 448/448/448
f 453/453/453 341/341/341 340/340/340
f 453/453/453 340/340/340 454/454/454
f 453/453/453 454/454/454 455/455/455
f 453/453/453 455/455/455 456/456/456
f 453/453/453 456/456/456 457/457/457
f 453/453/453 457/457/457 458/458/458
f 453/453/453 458/458/458 342/342/342
f 453/453/453 342/342/342 341/341/341
f 459/459/459 456/456/456 455/455/455
f 459/459/459 455/455/455 460/460/460
f 459/459/459 460/460/460 117/117/117
f 459/459/459 117/117/117 116/116/116
f 459/459/459 116/116/116 123/123/123
f 459/459/459 123/123/123 461/461/461
f 459/459/459 461/461/461 457/457/457
f 459/459/459 457/457/457 456/456/456
f 462/462/462 347/347/347 346/346/346
f 462/462/462 346/346/346 463/463/463
f 462/462/462 463/463/463 464/464/464
f 462/462/462 464/464/464 465/465/465
f 462/462/462 465/465/465 455/455/455
f 462/462/462 455/455/455 454/454/454
f 462/462/462 454/454/454 340/340/340
f 462/462/462 340/340/340 347/347/347
f 466/466/466 465/465/465 464/464/464
f 466/466/466 464/464/464 467/467/467
f 466/466/466 467/467/467 132/132/132
f 466/466/466 132/132/132 131/131/131
f 466/466/466 131/131/131 117/117/117
f 466/466/466 117/117/117 460/460/460
f 466/466/466 460/460/460 455/455/455
f 466/466/466 455/455/455 465/465/465
f 468/468/468 351/351/351 350/350/350
f 468/468/468 350/350/350 469/469/469
f 468/468/468 469/469/469 470/470/470
f 468/468/468 470/470/470 471/471/471
f 468/468/468 471/471/471 464/464/464
f 468/468/468 464/464/464 463/463/463
f 468/468/468 463/463/463 346/346/346
f 468/468/468 346/346/346 351/351/351
f 472/472/472 471/471/471 470/470/470
f 472/472/472 470/470/470 473/473/473
f 472/472/472 473/473/473 142/142/142
f 472/472/472 142/142/142 141/141/141
f 472/472/472 141/141/141 132/132/132
f 472/472/472 132/132/132 467/467/467
f 472/472/472 467/467/467 464/464/464
f 472/472/472 464/464/464 471/471/471
f 474/474/474 357/357/357 356/356/356
f 474/474/474 356/356/356 475/475/475
f 474/474/474 475/475/475 476/476/476
f 474/474/474 476/476/476 477/477/477
f 474/474/474 477/477/477 478/478/478
f 474/474/474 478/478/478 479/479/479
f 474/474/474 479/479/479 358/358/358
f 474/474/474 358/358/358 357/357/357
f 480/480/480 477/477/477 476/476/476
f 480/480/480 476/476/476 481/481/481
f 480/480/480 481/481/481 482/482/482
f 480/480/480 482/482/482 483/483/483
f 480/480/480 483/483/483 484/484/484
f 480/480/480 484/484/484 485/485/485
f 480/480/480 485/485/485 478/478/478
f 480/480/480 478/478/478 477/477/477
f 486/486/486 363/363/363 358/358/358
f 486/486/486 358/358/358 479/479/479
f 486/486/486 479/479/479 478/478/478
f 486/486/486 478/478/478 487/487/487
f 486/486/486 487/487/487 488/488/488
f 486/486/486 488/488/488 489/489/489
f 486/486/486 489/489/489 364/364/364
f 486/486/486 364/364/364 363/363/363
f 490/490/490 487/487/487 478/478/478
f 490/490/490 478/478/478 485/485/485
f 490/490/490 485/485/485 484/484/484
f 490/490/490 484/484/484 491/491/491
f 490/490/490 491/491/491 492/492/492
f 490/490/490 492/492/492 493/493/493
f 490/490/490 493/493/493 488/488/488
f 490/490/490 488/488/488 487/487/487
f 494/494/494 369/369/369 364/364/364
f 494/494/494 364/364/364 489/489/489
f 494/494/494 489/489/489 488/488/488
f 494/494/494 488/488/488 495/495/495
f 494/494/494 495/495/495 496/496/496
f 494/494/494 496/496/496 497/497/497
f 494/494/494 497/497/497 370/370/370
f 494/494/494 370/370/370 369/369/369
f 498/498/498 495/495/495 488/488/488
f 498/498/498 488/488/488 493/493/493
f 498/498/498 493/493/493 492/492/492
f 498/498/498 492/492/492 499/499/499
f 498/498/498 499/499/499 500/500/500
f 498/498/498 500/500/500 501/501/501
f 498/498/498 501/501/501 496/496/496
f 498/498/498 496/496/496 495/495/495
f 502/502/502 376/376/376 375/375/375
f 502/502/502 375/375/375 503/503/503
f 502/502/502 503/503/503 504/504/504
f 502/502/502 504/504/504 505/505/505
f 502/502/502 505/505/505 506/506/506
f 502/502/502 506/506/506 507/507/507
f 502/502/502 507/507/507 377/377/377
f 502/502/502 377/377/377 376/376/376
f 508/508/508 505/505/505 504/504/504
f 508/508/508 504/504/504 509/509/509
f 508/508/508 509/509/509 284/284/284
f 508/508/508 284/284/284 283/283/283
f 508/508/508 283/283/283 282/282/282
f 508/508/508 282/282/282 510/510/510
f 508/508/508 510/510/510 506/506/506
f 508/508/508 506/506/506 505/505/505
f 511/511/511 380/380/380 377/377/377
f 511/511/511 377/377/377 507/507/507
f 511/511/511 507/507/507 506/506/506
f 511/511/511 506/506/506 512/512/512
f 511/511/511 512/512/512 513/513/513
f 511/511/511 513/513/513 514/514/514
f 511/511/511 514/514/514 381/381/381
f 511/511/511 381/381/381 380/380/380
f 515/515/515 512/512/512 506/506/506
f 515/515/515 506/506/506 510/510/510
f 515/515/515 510/510/510 282/282/282
f 515/515/515 282/282/282 295/295/295
f 515/515/515 295/295/295 294/294/294
f 515/515/515 294/294/294 516/516/516
f 515/515/515 516/516/516 513/513/513
f 515/515/515 513/513/513 512/512/512
f 517/517/517 384/384/384 381/381/381
f 517/517/517 381/381/381 514/514/514
f 517/517/517 514/514/514 513/513/513
f 517/517/517 513/513/513 518/518/518
f 517/517/517 518/518/518 519/519/519
f 517/517/517 519/519/519 520/520/520
f 517/517/517 520/520/520 385/385/385
f 517/517/517 385/385/385 384/384/384
f 521/521/521 518/518/518 513/513/513
f 521/521/521 513/513/513 516/516/516
f 521/521/521 516/516/516 294/294/294
f 521/521/521 294/294/294 305/305/305
f 521/521/521 305/305/305 304/304/304
f 521/521/521 304/304/304 522/522/522
f 521/521/521 522/522/522 519/519/519
f 521/521/521 519/519/519 518/518/518
f 523/523/523 390/390/390 389/389/389
f 523/523/523 389/389/389 524/524/524
f 523/523/523 524/524/524 525/525/525
f 523/523/523 525/525/525 526/526/526
f 523/523/523 526/526/526 527/527/527
f 523/523/523 527/527/527 528/528/528
f 523/523/523 528/528/528 391/391/391
f 523/523/523 391/391/391 390/390/390
f 529/529/529 526/526/526 525/525/525
f 529/529/529 525/525/525 530/530/530
f 529/529/529 530/530/530 204/204/204
f 529/529/529 204/204/204 203/203/203
f 529/529/529 203/203/203 194/194/194
f 529/529/529 194/194/194 531/531/531
f 529/529/529 531/531/531 527/527/527
f 529/529/529 527/527/527 526/526/526
f 532/532/532 394/394/394 391/391/391
f 532/532/532 391/391/391 528/528/528
f 532/532/532 528/528/528 527/527/527
f 532/532/532 527/527/527 533/533/533
f 532/532/532 533/533/533 534/534/534
f 532/532/532 534/534/534 535/535/535
f 532/532/532 535/535/535 395/395/395
f 532/532/532 395/395/395 394/394/394
f 536/536/536 533/533/533 527/527/527
f 536/536/536 527/527/527 531/531/531
f 536/536/536 531/531/531 194/194/194
f 536/536/536 194/194/194 193/193/193
f 536/536/536 193/193/193 180/180/180
f 536/536/536 180/180/180 537/537/537
f 536/536/536 537/537/537 534/534/534
f 536/536/536 534/534/534 533/533/533
f 538/538/538 398/398/398 395/395/395
f 538/538/538 395/395/395 535/535/535
f 538/538/538 535/535/535 534/534/534
f 538/538/538 534/534/534 539/539/539
f 538/538/538 539/539/539 540/540/540
f 538/538/538 540/540/540 541/541/541
f 538/538/538 541/541/541 399/399/399
f 538/538/538 399/399/399 398/398/398
f 542/542/542 539/539/539 534/534/534
f 542/542/542 534/534/534 537/537/537
f 542/542/542 537/537/537 180/180/180
f 542/542/542 180/180/180 179/179/179
f 542/542/542 179/179/179 186/186/186
f 542/542/542 186/186/186 543/543/543
f 542/542/542 543/543/543 540/540/540
f 542/542/542 540/540/540 539/539/539
f 544/544/544 404/404/404 403/403/403
f 544/544/544 403/403/403 545/545/545
f 544/544/544 545/545/545 546/546/546
f 544/544/544 546/546/546 547/547/547
f 544/544/544 547/547/547 504/504/504
f 544/544/544 504/504/504 503/503/503
f 544/544/544 503/503/503 375/375/375
f 544/544/544 375/375/375 404/404/404
f 548/548/548 547/547/547 546/546/546
f 548/548/548 546/546/546 549/549/549
f 548/548/548 549/549/549 330/330/330
f 548/548/548 330/330/330 337/337/337
f 548/548/548 337/337/337 284/284/284
f 548/548/548 284/284/284 509/509/509
f 548/548/548 509/509/509 504/504/504
f 548/548/548 504/504/504 547/547/547
f 550/550/550 408/408/408 407/407/407
f 550/550/550 407/407/407 551/551/551
f 550/550/550 551/551/551 552/552/552
f 550/550/550 552/552/552 553/553/553
f 550/550/550 553/553/553 546/546/546
f 550/550/550 546/546/546 545/545/545
f 550/550/550 545/545/545 403/403/403
f 550/550/550 403/403/403 408/408/408
f 554/554/554 553/553/553 552/552/552
f 554/554/554 552/552/552 555/555/555
f 554/554/554 555/555/555 332/332/332
f 554/554/554 332/332/332 331/331/331
f 554/554/554 331/331/331 330/330/330
f 554/554/554 330/330/330 549/549/549
f 554/554/554 549/549/549 546/546/546
f 554/554/554 546/546/546 553/553/553
f 556/556/556 410/410/410 414/414/414
f 556/556/556 414/414/414 557/557/557
f 556/556/556 557/557/557 558/558/558
f 556/556/556 558/558/558 559/559/559
f 556/556/556 559/559/559 560/560/560
f 556/556/556 560/560/560 561/561/561
f 556/556/556 561/561/561 411/411/411
f 556/556/556 411/411/411 410/410/410
f 562/562/562 559/559/559 558/558/558
f 562/562/562 558/558/558 563/563/563
f 562/562/562 563/563/563 230/230/230
f 562/562/562 230/230/230 229/229/229
f 562/562/562 229/229/229 236/236/236
f 562/562/562 236/236/236 564/564/564
f 562/562/562 564/564/564 560/560/560
f 562/562/562 560/560/560 559/559/559
f 565/565/565 416/416/416 399/399/399
f 565/565/565 399/399/399 541/541/541
f 565/565/565 541/541/541 540/540/540
f 565/565/565 540/540/540 566/566/566
f 565/565/565 566/566/566 558/558/558
f 565/565/565 558/558/558 557/557/557
f 565/565/565 557/557/557 414/414/414
f 565/565/565 414/414/414 416/416/416
f 567/567/567 566/566/566 540/540/540
f 567/567/567 540/540/540 543/543/543
f 567/567/567 543/543/543 186/186/186
f 567/567/567 186/186/186 241/241/241
f 567/567/567 241/241/241 230/230/230
f 567/567/567 230/230/230 563/563/563
f 567/567/567 563/563/563 558/558/558
f 567/567/567 558/558/558 566/566/566
f 568/568/568 420/420/420 419/419/419
f 568/568/568 419/419/419 569/569/569
f 568/568/568 569/569/569 570/570/570
f 568/568/568 570/570/570 571/571/571
f 568/568/568 571/571/571 470/470/470
f 568/568/568 470/470/470 469/469/469
f 568/568/568 469/469/469 350/350/350
f 568/568/568 350/350/350 420/420/420
f 572/572/572 571/571/571 570/570/570
f 572/572/572 570/570/570 573/573/573
f 572/572/572 573/573/573 234/234/234
f 572/572/572 234/234/234 239/239/239
f 572/572/572 239/239/239 142/142/142
f 572/572/572 142/142/142 473/473/473
f 572/572/572 473/473/473 470/470/470
f 572/572/572 470/470/470 571/571/571
f 574/574/574 422/422/422 411/411/411
f 574/574/574 411/411/411 561/561/561
f 574/574/574 561/561/561 560/560/560
f 574/574/574 560/560/560 575/575/575
f 574/574/574 575/575/575 570/570/570
f 574/574/574 570/570/570 569/569/569
f 574/574/574 569/569/569 419/419/419
f 574/574/574 419/419/419 422/422/422
f 576/576/576 575/575/575 560/560/560
f 576/576/576 560/560/560 564/564/564
f 576/576/576 564/564/564 236/236/236
f 576/576/576 236/236/236 235/235/235
f 576/576/576 235/235/235 234/234/234
f 576/576/576 234/234/234 573/573/573
f 576/576/576 573/573/573 570/570/570
f 576/576/576 570/570/570 575/575/575
f 577/577/577 428/428/428 427/427/427
f 577/577/577 427/427/427 578/578/578
f 577/577/577 578/578/578 579/579/579
f 577/577/577 579/579/579 580/580/580
f 577/577/577 580/580/580 581/581/581
f 577/577/577 581/581/581 582/582/582
f 577/577/577 582/582/582 429/429/429
f 577/577/577 429/429/429 428/428/428
f 583/583/583 580/580/580 579/579/579
f 583/583/583 579/579/579 584/584/584
f 583/583/583 584/584/584 585/585/585
f 583/583/583 585/585/585 586/586/586
f 583/583/583 586/586/586 587/587/587
f 583/583/583 587/587/587 588/588/588
f 583/583/583 588/588/588 581/581/581
f 583/583/583 581/581/581 580/580/580
f 589/589/589 434/434/434 370/370/370
f 589/589/589 370/370/370 497/497/497
f 589/589/589 497/497/497 496/496/496
f 589/589/589 496/496/496 590/590/590
f 589/589/589 590/590/590 579/579/579
f 589/589/589 579/579/579 578/578/578
f 589/589/589 578/578/578 427/427/427
f 589/589/589 427/427/427 434/434/434
f 591/591/591 590/590/590 496/496/496
f 591/591/591 496/496/496 501/501/501
f 591/591/591 501/501/501 500/500/500
f 591/591/591 500/500/500 592/592/592
f 591/591/591 592/592/592 585/585/585
f 591/591/591 585/585/585 584/584/584
f 591/591/591 584/584/584 579/579/579
f 591/591/591 579/579/579 590/590/590
f 593/593/593 438/438/438 437/437/437
f 593/593/593 437/437/437 594/594/594
f 593/593/593 594/594/594 595/595/595
f 593/593/593 595/595/595 596/596/596
f 593/593/593 596/596/596 552/552/552
f 593/593/593 552/552/552 551/551/551
f 593/593/593 551/551/551 407/407/407
f 593/593/593 407/407/407 438/438/438
f 597/597/597 596/596/596 595/595/595
f 597/597/597 595/595/595 598/598/598
f 597/597/597 598/598/598 326/326/326
f 597/597/597 326/326/326 333/333/333
f 597/597/597 333/333/333 332/332/332
f 597/597/597 332/332/332 555/555/555
f 597/597/597 555/555/555 552/552/552
f 597/597/597 552/552/552 596/596/596
f 599/599/599 440/440/440 342/342/342
f 599/599/599 342/342/342 458/458/458
f 599/599/599 458/458/458 457/457/457
f 599/599/599 457/457/457 600/600/600
f 599/599/599 600/600/600 595/595/595
f 599/599/599 595/595/595 594/594/594
f 599/599/599 594/594/594 437/437/437
f 599/599/599 437/437/437 440/440/440
f 601/601/601 600/600/600 457/457/457
f 601/601/601 457/457/457 461/461/461
f 601/601/601 461/461/461 123/123/123
f 601/601/601 123/123/123 327/327/327
f 601/601/601 327/327/327 326/326/326
f 601/601/601 326/326/326 598/598/598
f 601/601/601 598/598/598 595/595/595
f 601/601/601 595/595/595 600/600/600
f 602/602/602 446/446/446 445/445/445
f 602/602/602 445/445/445 603/603/603
f 602/602/602 603/603/603 604/604/604
f 602/602/602 604/604/604 605/605/605
f 602/602/602 605/605/605 476/476/476
f 602/602/602 476/476/476 475/475/475
f 602/602/602 475/475/475 356/356/356
f 602/602/602 356/356/356 446/446/446
f 606/606/606 605/605/605 604/604/604
f 606/606/606 604/604/604 607/607/607
f 606/606/606 607/607/607 608/608/608
f 606/606/606 608/608/608 609/609/609
f 606/606/606 609/609/609 482/482/482
f 606/606/606 482/482/482 481/481/481
f 606/606/606 481/481/481 476/476/476
f 606/606/606 476/476/476 605/605/605
f 610/610/610 452/452/452 451/451/451
f 610/610/610 451/451/451 611/611/611
f 610/610/610 611/611/611 612/612/612
f 610/610/610 612/612/612 613/613/613
f 610/610/610 613/613/613 604/604/604
f 610/610/610 604/604/604 603/603/603
f 610/610/610 603/603/603 445/445/445
f 610/610/610 445/445/445 452/452/452
f 614/614/614 613/613/613 612/612/612
f 614/614/614 612/612/612 615/615/615
f 614/614/614 615/615/615 616/616/616
f 614/614/614 616/616/616 617/617/617
f 614/614/614 617/617/617 608/608/608
f 614/614/614 608/608/608 607/607/607
f 614/614/614 607/607/607 604/604/604
f 614/614/614 604/604/604 613/613/613
f 618/618/618 353/353/353 360/360/360
f 618/618/618 360/360/360 619/619/619
f 618/618/618 619/619/619 620/620/620
f 618/618/618 620/620/620 621/621/621
f 618/618/618 621/621/621 622/622/622
f 618/618/618 622/622/622 623/623/623
f 618/618/618 623/623/623 354/354/354
f 618/618/618 354/354/354 353/353/353
f 624/624/624 621/621/621 620/620/620
f 624/624/624 620/620/620 625/625/625
f 624/624/624 625/625/625 40/40/40
f 624/624/624 40/40/40 39/39/39
f 624/624/624 39/39/39 38/38/38
f 624/624/624 38/38/38 626/626/626
f 624/624/624 626/626/626 622/622/622
f 624/624/624 622/622/622 621/621/621
f 627/627/627 362/362/362 366/366/366
f 627/627/627 366/366/366 628/628/628
f 627/627/627 628/628/628 629/629/629
f 627/627/627 629/629/629 630/630/630
f 627/627/627 630/630/630 620/620/620
f 627/627/627 620/620/620 619/619/619
f 627/627/627 619/619/619 360/360/360
f 627/627/627 360/360/360 362/362/362
f 631/631/631 630/630/630 629/629/629
f 631/631/631 629/629/629 632/632/632
f 631/631/631 632/632/632 44/44/44
f 631/631/631 44/44/44 43/43/43
f 631/631/631 43/43/43 40/40/40
f 631/631/631 40/40/40 625/625/625
f 631/631/631 625/625/625 620/620/620
f 631/631/631 620/620/620 630/630/630
f 633/633/633 368/368/368 372/372/372
f 633/633/633 372/372/372 634/634/634
f 633/633/633 634/634/634 635/635/635
f 633/633/633 635/635/635 636/636/636
f 633/633/633 636/636/636 629/629/629
f 633/633/633 629/629/629 628/628/628
f 633/633/633 628/628/628 366/366/366
f 633/633/633 366/366/366 368/368/368
f 637/637/637 636/636/636 635/635/635
f 637/637/637 635/635/635 638/638/638
f 637/637/637 638/638/638 48/48/48
f 637/637/637 48/48/48 47/47/47
f 637/637/637 47/47/47 44/44/44
f 637/637/637 44/44/44 632/632/632
f 637/637/637 632/632/632 629/629/629
f 637/637/637 629/629/629 636/636/636
f 639/639/639 640/640/640 641/641/641
f 639/639/639 641/641/641 642/642/642
f 639/639/639 642/642/642 643/643/643
f 639/639/639 643/643/643 644/644/644
f 639/639/639 644/644/644 645/645/645
f 639/639/639 645/645/645 646/646/646
f 639/639/639 646/646/646 298/298/298
f 639/639/639 298/298/298 640/640/640
f 647/647/647 644/644/644 643/643/643
f 647/647/647 643/643/643 648/648/648
f 647/647/647 648/648/648 484/484/484
f 647/647/647 484/484/484 483/483/483
f 647/647/647 483/483/483 482/482/482
f 647/647/647 482/482/482 649/649/649
f 647/647/647 649/649/649 645/645/645
f 647/647/647 645/645/645 644/644/644
f 650/650/650 651/651/651 652/652/652
f 650/650/650 652/652/652 653/653/653
f 650/650/650 653/653/653 654/654/654
f 650/650/650 654/654/654 655/655/655
f 650/650/650 655/655/655 643/643/643
f 650/650/650 643/643/643 642/642/642
f 650/650/650 642/642/642 641/641/641
f 650/650/650 641/641/641 651/651/651
f 656/656/656 655/655/655 654/654/654
f 656/656/656 654/654/654 657/657/657
f 656/656/656 657/657/657 492/492/492
f 656/656/656 492/492/492 491/491/491
f 656/656/656 491/491/491 484/484/484
f 656/656/656 484/484/484 648/648/648
f 656/656/656 648/648/648 643/643/643
f 656/656/656 643/643/643 655/655/655
f 658/658/658 659/659/659 210/210/210
f 658/658/658 210/210/210 660/660/660
f 658/658/658 660/660/660 661/661/661
f 658/658/658 661/661/661 662/662/662
f 658/658/658 662/662/662 654/654/654
f 658/658/658 654/654/654 653/653/653
f 658/658/658 653/653/653 652/652/652
f 658/658/658 652/652/652 659/659/659
f 663/663/663 662/662/662 661/661/661
f 663/663/663 661/661/661 664/664/664
f 663/663/663 664/664/664 500/500/500
f 663/663/663 500/500/500 499/499/499
f 663/663/663 499/499/499 492/492/492
f 663/663/663 492/492/492 657/657/657
f 663/663/663 657/657/657 654/654/654
f 663/663/663 654/654/654 662/662/662
f 665/665/665 433/433/433 425/425/425
f 665/665/665 425/425/425 666/666/666
f 665/665/665 666/666/666 667/667/667
f 665/665/665 667/667/667 668/668/668
f 665/665/665 668/668/668 635/635/635
f 665/665/665 635/635/635 634/634/634
f 665/665/665 634/634/634 372/372/372
f 665/665/665 372/372/372 433/433/433
f 669/669/669 668/668/668 667/667/667
f 669/669/669 667/667/667 670/670/670
f 669/669/669 670/670/670 172/172/172
f 669/669/669 172/172/172 171/171/171
f 669/669/669 171/171/171 48/48/48
f 669/669/669 48/48/48 638/638/638
f 669/669/669 638/638/638 635/635/635
f 669/669/669 635/635/635 668/668/668
f 671/671/671 424/424/424 431/431/431
f 671/671/671 431/431/431 672/672/672
f 671/671/671 672/672/672 673/673/673
f 671/671/671 673/673/673 674/674/674
f 671/671/671 674/674/674 667/667/667
f 671/671/671 667/667/667 666/666/666
f 671/671/671 666/666/666 425/425/425
f 671/671/671 425/425/425 424/424/424
f 675/675/675 674/674/674 673/673/673
f 675/675/675 673/673/673 676/676/676
f 675/675/675 676/676/676 176/176/176
f 675/675/675 176/176/176 175/175/175
f 675/675/675 175/175/175 172/172/172
f 675/675/675 172/172/172 670/670/670
f 675/675/675 670/670/670 667/667/667
f 675/675/675 667/667/667 674/674/674
f 677/677/677 586/586/586 585/585/585
f 677/677/677 585/585/585 678/678/678
f 677/677/677 678/678/678 679/679/679
f 677/677/677 679/679/679 680/680/680
f 677/677/677 680/680/680 681/681/681
f 677/677/677 681/681/681 682/682/682
f 677/677/677 682/682/682 587/587/587
f 677/677/677 587/587/587 586/586/586
f 683/683/683 680/680/680 679/679/679
f 683/683/683 679/679/679 684/684/684
f 683/683/683 684/684/684 206/206/206
f 683/683/683 206/206/206 205/205/205
f 683/683/683 205/205/205 204/204/204
f 683/683/683 204/204/204 685/685/685
f 683/683/683 685/685/685 681/681/681
f 683/683/683 681/681/681 680/680/680
f 686/686/686 592/592/592 500/500/500
f 686/686/686 500/500/500 664/664/664
f 686/686/686 664/664/664 661/661/661
f 686/686/686 661/661/661 687/687/687
f 686/686/686 687/687/687 679/679/679
f 686/686/686 679/679/679 678/678/678
f 686/686/686 678/678/678 585/585/585
f 686/686/686 585/585/585 592/592/592
f 688/688/688 687/687/687 661/661/661
f 688/688/688 661/661/661 660/660/660
f 688/688/688 660/660/660 210/210/210
f 688/688/688 210/210/210 209/209/209
f 688/688/688 209/209/209 206/206/206
f 688/688/688 206/206/206 684/684/684
f 688/688/688 684/684/684 679/679/679
f 688/688/688 679/679/679 687/687/687
f 689/689/689 448/448/448 443/443/443
f 689/689/689 443/443/443 690/690/690
f 689/689/689 690/690/690 691/691/691
f 689/689/689 691/691/691 692/692/692
f 689/689/689 692/692/692 693/693/693
f 689/689/689 693/693/693 694/694/694
f 689/689/689 694/694/694 449/449/449
f 689/689/689 449/449/449 448/448/448
f 695/695/695 692/692/692 691/691/691
f 695/695/695 691/691/691 696/696/696
f 695/695/695 696/696/696 268/268/268
f 695/695/695 268/268/268 267/267/267
f 695/695/695 267/267/267 266/266/266
f 695/695/695 266/266/266 697/697/697
f 695/695/695 697/697/697 693/693/693
f 695/695/695 693/693/693 692/692/692
f 698/698/698 442/442/442 354/354/354
f 698/698/698 354/354/354 623/623/623
f 698/698/698 623/623/623 622/622/622
f 698/698/698 622/622/622 699/699/699
f 698/698/698 699/699/699 691/691/691
f 698/698/698 691/691/691 690/690/690
f 698/698/698 690/690/690 443/443/443
f 698/698/698 443/443/443 442/442/442
f 700/700/700 699/699/699 622/622/622
f 700/700/700 622/622/622 626/626/626
f 700/700/700 626/626/626 38/38/38
f 700/700/700 38/38/38 271/271/271
f 700/700/700 271/271/271 268/268/268
f 700/700/700 268/268/268 696/696/696
f 700/700/700 696/696/696 691/691/691
f 700/700/700 691/691/691 699/699/699
f 701/701/701 609/609/609 608/608/608
f 701/701/701 608/608/608 702/702/702
f 701/701/701 702/702/702 703/703/703
f 701/701/701 703/703/703 704/704/704
f 701/701/701 704/704/704 645/645/645
f 701/701/701 645/645/645 649/649/649
f 701/701/701 649/649/649 482/482/482
f 701/701/701 482/482/482 609/609/609
f 705/705/705 704/704/704 703/703/703
f 705/705/705 703/703/703 706/706/706
f 705/705/705 706/706/706 300/300/300
f 705/705/705 300/300/300 299/299/299
f 705/705/705 299/299/299 298/298/298
f 705/705/705 298/298/298 646/646/646
f 705/705/705 646/646/646 645/645/645
f 705/705/705 645/645/645 704/704/704
f 707/707/707 617/617/617 616/616/616
f 707/707/707 616/616/616 708/708/708
f 707/707/707 708/708/708 709/709/709
f 707/707/707 709/709/709 710/710/710
f 707/707/707 710/710/710 703/703/703
f 707/707/707 703/703/703 702/702/702
f 707/707/707 702/702/702 608/608/608
f 707/707/707 608/608/608 617/617/617
f 711/711/711 710/710/710 709/709/709
f 711/711/711 709/709/709 712/712/712
f 711/711/711 712/712/712 304/304/304
f 711/711/711 304/304/304 303/303/303
f 711/711/711 303/303/303 300/300/300
f 711/711/711 300/300/300 706/706/706
f 711/711/711 706/706/706 703/703/703
f 711/711/711 703/703/703 710/710/710
f 713/713/713 386/386/386 385/385/385
f 713/713/713 385/385/385 714/714/714
f 713/713/713 714/714/714 715/715/715
f 713/713/713 715/715/715 716/716/716
f 713/713/713 716/716/716 693/693/693
f 713/713/713 693/693/693 697/697/697
f 713/713/713 697/697/697 266/266/266
f 713/713/713 266/266/266 386/386/386
f 717/717/717 716/716/716 715/715/715
f 717/717/717 715/715/715 718/718/718
f 717/717/717 718/718/718 451/451/451
f 717/717/717 451/451/451 450/450/450
f 717/717/717 450/450/450 449/449/449
f 717/717/717 449/449/449 694/694/694
f 717/717/717 694/694/694 693/693/693
f 717/717/717 693/693/693 716/716/716
f 719/719/719 430/430/430 429/429/429
f 719/719/719 429/429/429 720/720/720
f 719/719/719 720/720/720 721/721/721
f 719/719/719 721/721/721 722/722/722
f 719/719/719 722/722/722 673/673/673
f 719/719/719 673/673/673 672/672/672
f 719/719/719 672/672/672 431/431/431
f 719/719/719 431/431/431 430/430/430
f 723/723/723 722/722/722 721/721/721
f 723/723/723 721/721/721 724/724/724
f 723/723/723 724/724/724 389/389/389
f 723/723/723 389/389/389 388/388/388
f 723/723/723 388/388/388 176/176/176
f 723/723/723 176/176/176 676/676/676
f 723/723/723 676/676/676 673/673/673
f 723/723/723 673/673/673 722/722/722
f 725/725/725 520/520/520 519/519/519
f 725/725/725 519/519/519 726/726/726
f 725/725/725 726/726/726 727/727/727
f 725/725/725 727/727/727 728/728/728
f 725/725/725 728/728/728 715/715/715
f 725/725/725 715/715/715 714/714/714
f 725/725/725 714/714/714 385/385/385
f 725/725/725 385/385/385 520/520/520
f 729/729/729 728/728/728 727/727/727
f 729/729/729 727/727/727 730/730/730
f 729/729/729 730/730/730 612/612/612
f 729/729/729 612/612/612 611/611/611
f 729/729/729 611/611/611 451/451/451
f 729/729/729 451/451/451 718/718/718
f 729/729/729 718/718/718 715/715/715
f 729/729/729 715/715/715 728/728/728
f 731/731/731 522/522/522 304/304/304
f 731/731/731 304/304/304 712/712/712
f 731/731/731 712/712/712 709/709/709
f 731/731/731 709/709/709 732/732/732
f 731/731/731 732/732/732 727/727/727
f 731/731/731 727/727/727 726/726/726
f 731/731/731 726/726/726 519/519/519
f 731/731/731 519/519/519 522/522/522
f 733/733/733 732/732/732 709/709/709
f 733/733/733 709/709/709 708/708/708
f 733/733/733 708/708/708 616/616/616
f 733/733/733 616/616/616 615/615/615
f 733/733/733 615/615/615 612/612/612
f 733/733/733 612/612/612 730/730/730
f 733/733/733 730/730/730 727/727/727
f 733/733/733 727/727/727 732/732/732
f 734/734/734 582/582/582 581/581/581
f 734/734/734 581/581/581 735/735/735
f 734/734/734 735/735/735 736/736/736
f 734/734/734 736/736/736 737/737/737
f 734/734/734 737/737/737 721/721/721
f 734/734/734 721/721/721 720/720/720
f 734/734/734 720/720/720 429/429/429
f 734/734/734 429/429/429 582/582/582
f 738/738/738 737/737/737 736/736/736
f 738/738/738 736/736/736 739/739/739
f 738/738/738 739/739/739 525/525/525
f 738/738/738 525/525/525 524/524/524
f 738/738/738 524/524/524 389/389/389
f 738/738/738 389/389/389 724/724/724
f 738/738/738 724/724/724 721/721/721
f 738/738/738 721/721/721 737/737/737
f 740/740/740 588/588/588 587/587/587
f 740/740/740 587/587/587 682/682/682
f 740/740/740 682/682/682 681/681/681
f 740/740/740 681/681/681 741/741/741
f 740/740/740 741/741/741 736/736/736
f 740/740/740 736/736/736 735/735/735
f 740/740/740 735/735/735 581/581/581
f 740/740/740 581/581/581 588/588/588
f 742/742/742 741/741/741 681/681/681
f 742/742/742 681/681/681 685/685/685
f 742/742/742 685/685/685 204/204/204
f 742/742/742 204/204/204 530/530/530
f 742/742/742 530/530/530 525/525/525
f 742/742/742 525/525/525 739/739/739
f 742/742/742 739/739/739 736/736/736
f 742/742/742 736/736/736 741/741/741
f 743/743/743 744/744/744 745/745/745
f 743/743/743 745/745/745 746/746/746
f 743/743/743 746/746/746 747/747/747
f 743/743/743 747/747/747 748/748/748
f 743/743/743 748/748/748 749/749/749
f 743/743/743 749/749/749 750/750/750
f 743/743/743 750/750/750 751/751/751
f 743/743/743 751/751/751 744/744/744
f 752/752/752 753/753/753 754/754/754
f 752/752/752 754/754/754 755/755/755
f 752/752/752 755/755/755 756/756/756
f 752/752/752 756/756/756 757/757/757
f 752/752/752 757/757/757 747/747/747
f 752/752/752 747/747/747 746/746/746
f 752/752/752 746/746/746 745/745/745
f 752/752/752 745/745/745 753/753/753
f 758/758/758 759/759/759 760/760/760
f 758/758/758 760/760/760 761/761/761
f 758/758/758 761/761/761 762/762/762
f 758/758/758 762/762/762 763/763/763
f 758/758/758 763/763/763 756/756/756
f 758/758/758 756/756/756 755/755/755
f 758/758/758 755/755/755 754/754/754
f 758/758/758 754/754/754 759/759/759
f 764/764/764 765/765/765 766/766/766
f 764/764/764 766/766/766 767/767/767
f 764/764/764 767/767/767 768/768/768
f 764/764/764 768/768/768 769/769/769
f 764/764/764 769/769/769 762/762/762
f 764/764/764 762/762/762 761/761/761
f 764/764/764 761/761/761 760/760/760
f 764/764/764 760/760/760 765/765/765
f 770/770/770 771/771/771 772/772/772
f 770/770/770 772/772/772 773/773/773
f 770/770/770 773/773/773 774/774/774
f 770/770/770 774/774/774 775/775/775
f 770/770/770 775/775/775 768/768/768
f 770/770/770 768/768/768 767/767/767
f 770/770/770 767/767/767 766/766/766
f 770/770/770 766/766/766 771/771/771
f 776/776/776 777/777/777 778/778/778
f 776/776/776 778/778/778 779/779/779
f 776/776/776 779/779/779 780/780/780
f 776/776/776 780/780/780 781/781/781
f 776/776/776 781/781/781 774/774/774
f 776/776/776 774/774/774 773/773/773
f 776/776/776 773/773/773 772/772/772
f 776/776/776 772/772/772 777/777/777
f 782/782/782 783/783/783 784/784/784
f 782/782/782 784/784/784 785/785/785
f 782/782/782 785/785/785 786/786/786
f 782/782/782 786/786/786 787/787/787
f 782/782/782 787/787/787 780/780/780
f 782/782/782 780/780/780 779/779/779
f 782/782/782 779/779/779 778/778/778
f 782/782/782 778/778/778 783/783/783
f 788/788/788 789/789/789 790/790/790
f 788/788/788 790/790/790 791/791/791
f 788/788/788 791/791/791 792/792/792
f 788/788/788 792/792/792 793/793/793
f 788/788/788 793/793/793 786/786/786
f 788/788/788 786/786/786 785/785/785
f 788/788/788 785/785/785 784/784/784
f 788/788/788 784/784/784 789/789/789
f 794/794/794 795/795/795 796/796/796
f 794/794/794 796/796/796 797/797/797
f 794/794/794 797/797/797 798/798/798
f 794/794/794 798/798/798 799/799/799
f 794/794/794 799/799/799 792/792/792
f 794/794/794 792/792/792 791/791/791
f 794/794/794 791/791/791 790/790/790
f 794/794/794 790/790/790 795/795/795
f 800/800/800 801/801/801 802/802/802
f 800/800/800 802/802/802 803/803/803
f 800/800/800 803/803/803 804/804/804
f 800/800/800 804/804/804 805/805/805
f 800/800/800 805/805/805 798/798/798
f 800/800/800 798/798/798 797/797/797
f 800/800/800 797/797/797 796/796/796
f 800/800/800 796/796/796 801/801/801
f 806/806/806 807/807/807 808/808/808
f 806/806/806 808/808/808 809/809/809
f 806/806/806 809/809/809 810/810/810
f 806/806/806 810/810/810 811/811/811
f 806/806/806 811/811/811 804/804/804
f 806/806/806 804/804/804 803/803/803
f 806/806/806 803/803/803 802/802/802
f 806/806/806 802/802/802 807/807/807
f 812/812/812 813/813/813 751/751/751
f 812/812/812 751/751/751 750/750/750
f 812/812/812 750/750/750 749/749/749
f 812/812/812 749/749/749 814/814/814
f 812/812/812 814/814/814 810/810/810
f 812/812/812 810/810/810 809/809/809
f 812/812/812 809/809/809 808/808/808
f 812/812/812 808/808/808 813/813/813
f 815/815/815 748/748/748 747/747/747
f 815/815/815 747/747/747 816/816/816
f 815/815/815 816/816/816 817/817/817
f 815/815/815 817/817/817 818/818/818
f 815/815/815 818/818/818 819/819/819
f 815/815/815 819/819/819 820/820/820
f 815/815/815 820/820/820 749/749/749
f 815/815/815 749/749/749 748/748/748
f 821/821/821 818/818/818 817/817/817
f 821/821/821 817/817/817 822/822/822
f 821/821/821 822/822/822 823/823/823
f 821/821/821 823/823/823 824/824/824
f 821/821/821 824/824/824 825/825/825
f 821/821/821 825/825/825 826/826/826
f 821/821/821 826/826/826 819/819/819
f 821/821/821 819/819/819 818/818/818
f 827/827/827 757/757/757 756/756/756
f 827/827/827 756/756/756 828/828/828
f 827/827/827 828/828/828 829/829/829
f 827/827/827 829/829/829 830/830/830
f 827/827/827 830/830/830 817/817/817
f 827/827/827 817/817/817 816/816/816
f 827/827/827 816/816/816 747/747/747
f 827/827/827 747/747/747 757/757/757
f 831/831/831 830/830/830 829/829/829
f 831/831/831 829/829/829 832/832/832
f 831/831/831 832/832/832 833/833/833
f 831/831/831 833/833/833 834/834/834
f 831/831/831 834/834/834 823/823/823
f 831/831/831 823/823/823 822/822/822
f 831/831/831 822/822/822 817/817/817
f 831/831/831 817/817/817 830/830/830
f 835/835/835 763/763/763 762/762/762
f 835/835/835 762/762/762 836/836/836
f 835/835/835 836/836/836 837/837/837
f 835/835/835 837/837/837 838/838/838
f 835/835/835 838/838/838 829/829/829
f 835/835/835 829/829/829 828/828/828
f 835/835/835 828/828/828 756/756/756
f 835/835/835 756/756/756 763/763/763
f 839/839/839 838/838/838 837/837/837
f 839/839/839 837/837/837 840/840/840
f 839/839/839 840/840/840 841/841/841
f 839/839/839 841/841/841 842/842/842
f 839/839/839 842/842/842 833/833/833
f 839/839/839 833/833/833 832/832/832
f 839/839/839 832/832/832 829/829/829
f 839/839/839 829/829/829 838/838/838
f 843/843/843 769/769/769 768/768/768
f 843/843/843 768/768/768 844/844/844
f 843/843/843 844/844/844 845/845/845
f 843/843/843 845/845/845 846/846/846
f 843/843/843 846/846/846 837/837/837
f 843/843/843 837/837/837 836/836/836
f 843/843/843 836/836/836 762/762/762
f 843/843/843 762/762/762 769/769/769
f 847/847/847 846/846/846 845/845/845
f 847/847/847 845/845/845 848/848/848
f 847/847/847 848/848/848 849/849/849
f 847/847/847 849/849/849 850/850/850
f 847/847/847 850/850/850 841/841/841
f 847/847/847 841/841/841 840/840/840
f 847/847/847 840/840/840 837/837/837
f 847/847/847 837/837/837 846/846/846
f 851/851/851 775/775/775 774/774/774
f 851/851/851 774/774/774 852/852/852
f 851/851/851 852/852/852 853/853/853
f 851/851/851 853/853/853 854/854/854
f 851/851/851 854/854/854 845/845/845
f 851/851/851 845/845/845 844/844/844
f 851/851/851 844/844/844 768/768/768
f 851/851/851 768/768/768 775/775/775
f 855/855/855 854/854/854 853/853/853
f 855/855/855 853/853/853 856/856/856
f 855/855/855 856/856/856 857/857/857
f 855/855/855 857/857/857 858/858/858
f 855/855/855 858/858/858 849/849/849
f 855/855/855 849/849/849 848/848/848
f 855/855/855 848/848/848 845/845/845
f 855/855/855 845/845/845 854/854/854
f 859/859/859 781/781/781 780/780/780
f 859/859/859 780/780/780 860/860/860
f 859/859/859 860/860/860 861/861/861
f 859/859/859 861/861/861 862/862/862
f 859/859/859 862/862/862 853/853/853
f 859/859/859 853/853/853 852/852/852
f 859/859/859 852/852/852 774/774/774
f 859/859/859 774/774/774 781/781/781
f 863/863/863 862/862/862 861/861/861
f 863/863/863 861/861/861 864/864/864
f 863/863/863 864/864/864 865/865/865
f 863/863/863 865/865/865 866/866/866
f 863/863/863 866/866/866 857/857/857
f 863/863/863 857/857/857 856/856/856
f 863/863/863 856/856/856 853/853/853
f 863/863/863 853/853/853 862/862/862
f 867/867/867 787/787/787 786/786/786
f 867/867/867 786/786/786 868/868/868
f 867/867/867 868/868/868 869/869/869
f 867/867/867 869/869/869 870/870/870
f 867/867/867 870/870/870 861/861/861
f 867/867/867 861/861/861 860/860/860
f 867/867/867 860/860/860 780/780/780
f 867/867/867 780/780/780 787/787/787
f 871/871/871 870/870/870 869/869/869
f 871/871/871 869/869/869 872/872/872
f 871/871/871 872/872/872 873/873/873
f 871/871/871 873/873/873 874/874/874
f 871/871/871 874/874/874 865/865/865
f 871/871/871 865/865/865 864/864/864
f 871/871/871 864/864/864 861/861/861
f 871/871/871 861/861/861 870/870/870
f 875/875/875 793/793/793 792/792/792
f 875/875/875 792/792/792 876/876/876
f 875/875/875 876/876/876 877/877/877
f 875/875/875 877/877/877 878/878/878
f 875/875/875 878/878/878 869/869/869
f 875/875/875 869/869/869 868/868/868
f 875/875/875 868/868/868 786/786/786
f 875/875/875 786/786/786 793/793/793
f 879/879/879 878/878/878 877/877/877
f 879/879/879 877/877/877 880/880/880
f 879/879/879 880/880/880 881/881/881
f 879/879/879 881/881/881 882/882/882
f 879/879/879 882/882/882 873/873/873
f 879/879/879 873/873/873 872/872/872
f 879/879/879 872/872/872 869/869/869
f 879/879/879 869/869/869 878/878/878
f 883/883/883 799/799/799 798/798/798
f 883/883/883 798/798/798 884/884/884
f 883/883/883 884/884/884 885/885/885
f 883/883/883 885/885/885 886/886/886
f 883/883/883 886/886/886 877/877/877
f 883/883/883 877/877/877 876/876/876
f 883/883/883 876/876/876 792/792/792
f 883/883/883 792/792/792 799/799/799
f 887/887/887 886/886/886 885/885/885
f 887/887/887 885/885/885 888/888/888
f 887/887/887 888/888/888 889/889/889
f 887/887/887 889/889/889 890/890/890
f 887/887/887 890/890/890 881/881/881
f 887/887/887 881/881/881 880/880/880
f 887/887/887 880/880/880 877/877/877
f 887/887/887 877/877/877 886/886/886
f 891/891/891 805/805/805 804/804/804
f 891/891/891 804/804/804 892/892/892
f 891/891/891 892/892/892 893/893/893
f 891/891/891 893/893/893 894/894/894
f 891/891/891 894/894/894 885/885/885
f 891/891/891 885/885/885 884/884/884
f 891/891/891 884/884/884 798/798/798
f 891/891/891 798/798/798 805/805/805
f 895/895/895 894/894/894 893/893/893
f 895/895/895 893/893/893 896/896/896
f 895/895/895 896/896/896 897/897/897
f 895/895/895 897/897/897 898/898/898
f 895/895/895 898/898/898 889/889/889
f 895/895/895 889/889/889 888/888/888
f 895/895/895 888/888/888 885/885/885
f 895/895/895 885/885/885 894/894/894
f 899/899/899 811/811/811 810/810/810
f 899/899/899 810/810/810 900/900/900
f 899/899/899 900/900/900 901/901/901
f 899/899/899 901/901/901 902/902/902
f 899/899/899 902/902/902 893/893/893
f 899/899/899 893/893/893 892/892/892
f 899/899/899 892/892/892 804/804/804
f 899/899/899 804/804/804 811/811/811
f 903/903/903 902/902/902 901/901/901
f 903/903/903 901/901/901 904/904/904
f 903/903/903 904/904/904 905/905/905
f 903/903/903 905/905/905 906/906/906
f 903/903/903 906/906/906 897/897/897
f 903/903/903 897/897/897 896/896/896
f 903/903/903 896/896/896 893/893/893
f 903/903/903 893/893/893 902/902/902
f 907/907/907 814/814/814 749/749/749
f 907/907/907 749/749/749 820/820/820
f 907/907/907 820/820/820 819/819/819
f 907/907/907 819/819/819 908/908/908
f 907/907/907 908/908/908 901/901/901
f 907/907/907 901/901/901 900/900/900
f 907/907/907 900/900/900 810/810/810
f 907/907/907 810/810/810 814/814/814
f 909/909/909 908/908/908 819/819/819
f 909/909/909 819/819/819 826/826/826
f 909/909/909 826/826/826 825/825/825
f 909/909/909 825/825/825 910/910/910
f 909/909/909 910/910/910 905/905/905
f 909/909/909 905/905/905 904/904/904
f 909/909/909 904/904/904 901/901/901
f 909/909/909 901/901/901 908/908/908
f 911/911/911 824/824/824 823/823/823
f 911/911/911 823/823/823 912/912/912
f 911/911/911 912/912/912 913/913/913
f 911/911/911 913/913/913 914/914/914
f 911/911/911 914/914/914 915/915/915
f 911/911/911 915/915/915 916/916/916
f 911/911/911 916/916/916 825/825/825
f 911/911/911 825/825/825 824/824/824
f 917/917/917 834/834/834 833/833/833
f 917/917/917 833/833/833 918/918/918
f 917/917/917 918/918/918 919/919/919
f 917/917/917 919/919/919 920/920/920
f 917/917/917 920/920/920 913/913/913
f 917/917/917 913/913/913 912/912/912
f 917/917/917 912/912/912 823/823/823
f 917/917/917 823/823/823 834/834/834
f 921/921/921 842/842/842 841/841/841
f 921/921/921 841/841/841 922/922/922
f 921/921/921 922/922/922 923/923/923
f 921/921/921 923/923/923 924/924/924
f 921/921/921 924/924/924 919/919/919
f 921/921/921 919/919/919 918/918/918
f 921/921/921 918/918/918 833/833/833
f 921/921/921 833/833/833 842/842/842
f 925/925/925 850/850/850 849/849/849
f 925/925/925 849/849/849 926/926/926
f 925/925/925 926/926/926 927/927/927
f 925/925/925 927/927/927 928/928/928
f 925/925/925 928/928/928 923/923/923
f 925/925/925 923/923/923 922/922/922
f 925/925/925 922/922/922 841/841/841
f 925/925/925 841/841/841 850/850/850
f 929/929/929 858/858/858 857/857/857
f 929/929/929 857/857/857 930/930/930
f 929/929/929 930/930/930 931/931/931
f 929/929/929 931/931/931 932/932/932
f 929/929/929 932/932/932 927/927/927
f 929/929/929 927/927/927 926/926/926
f 929/929/929 926/926/926 849/849/849
f 929/929/929 849/849/849 858/858/858
f 933/933/933 866/866/866 865/865/865
f 933/933/933 865/865/865 934/934/934
f 933/933/933 934/934/934 935/935/935
f 933/933/933 935/935/935 936/936/936
f 933/933/933 936/936/936 931/931/931
f 933/933/933 931/931/931 930/930/930
f 933/933/933 930/930/930 857/857/857
f 933/933/933 857/857/857 866/866/866
f 937/937/937 874/874/874 873/873/873
f 937/937/937 873/873/873 938/938/938
f 937/937/937 938/938/938 939/939/939
f 937/937/937 939/939/939 940/940/940
f 937/937/937 940/940/940 935/935/935
f 937/937/937 935/935/935 934/934/934
f 937/937/937 934/934/934 865/865/865
f 937/937/937 865/865/865 874/874/874
f 941/941/941 882/882/882 881/881/881
f 941/941/941 881/881/881 942/942/942
f 941/941/941 942/942/942 943/943/943
f 941/941/941 943/943/943 944/944/944
f 941/941/941 944/944/944 939/939/939
f 941/941/941 939/939/939 938/938/938
f 941/941/941 938/938/938 873/873/873
f 941/941/941 873/873/873 882/882/882
f 945/945/945 890/890/890 889/889/889
f 945/945/945 889/889/889 946/946/946
f 945/945/945 946/946/946 947/947/947
f 945/945/945 947/947/947 948/948/948
f 945/945/945 948/948/948 943/943/943
f 945/945/945 943/943/943 942/942/942
f 945/945/945 942/942/942 881/881/881
f 945/945/945 881/881/881 890/890/890
f 949/949/949 898/898/898 897/897/897
f 949/949/949 897/897/897 950/950/950
f 949/949/949 950/950/950 951/951/951
f 949/949/949 951/951/951 952/952/952
f 949/949/949 952/952/952 947/947/947
f 949/949/949 947/947/947 946/946/946
f 949/949/949 946/946/946 889/889/889
f 949/949/949 889/889/889 898/898/898
f 953/953/953 906/906/906 905/905/905
f 953/953/953 905/905/905 954/954/954
f 953/953/953 954/954/954 955/955/955
f 953/953/953 955/955/955 956/956/956
f 953/953/953 956/956/956 951/951/951
f 953/953/953 951/951/951 950/950/950
f 953/953/953 950/950/950 897/897/897
f 953/953/953 897/897/897 906/906/906
f 957/957/957 910/910/910 825/825/825
f 957/957/957 825/825/825 916/916/916
f 957/957/957 916/916/916 915/915/915
f 957/957/957 915/915/915 958/958/958
f 957/957/957 958/958/958 955/955/955
f 957/957/957 955/955/955 954/954/954
f 957/957/957 954/954/954 905/905/905
f 957/957/957 905/905/905 910/910/910
f 959/959/959 914/914/914 913/913/913
f 959/959/959 913/913/913 960/960/960
f 959/959/959 960/960/960 961/961/961
f 959/959/959 961/961/961 962/962/962
f 959/959/959 962/962/962 963/963/963
f 959/959/959 963/963/963 964/964/964
f 959/959/959 964/964/964 915/915/915
f 959/959/959 915/915/915 914/914/914
f 965/965/965 962/962/962 961/961/961
f 965/965/965 961/961/961 966/966/966
f 965/965/965 966/966/966 967/967/967
f 965/965/965 967/967/967 968/968/968
f 965/965/965 968/968/968 969/969/969
f 965/965/965 969/969/969 970/970/970
f 965/965/965 970/970/970 963/963/963
f 965/965/965 963/963/963 962/962/962
f 971/971/971 920/920/920 919/919/919
f 971/971/971 919/919/919 972/972/972
f 971/971/971 972/972/972 973/973/973
f 971/971/971 973/973/973 974/974/974
f 971/971/971 974/974/974 961/961/961
f 971/971/971 961/961/961 960/960/960
f 971/971/971 960/960/960 913/913/913
f 971/971/971 913/913/913 920/920/920
f 975/975/975 974/974/974 973/973/973
f 975/975/975 973/973/973 976/976/976
f 975/975/975 976/976/976 977/977/977
f 975/975/975 977/977/977 978/978/978
f 975/975/975 978/978/978 967/967/967
f 975/975/975 967/967/967 966/966/966
f 975/975/975 966/966/966 961/961/961
f 975/975/975 961/961/961 974/974/974
f 979/979/979 924/924/924 923/923/923
f 979/979/979 923/923/923 980/980/980
f 979/979/979 980/980/980 981/981/981
f 979/979/979 981/981/981 982/982/982
f 979/979/979 982/982/982 973/973/973
f 979/979/979 973/973/973 972/972/972
f 979/979/979 972/972/972 919/919/919
f 979/979/979 919/919/919 924/924/924
f 983/983/983 982/982/982 981/981/981
f 983/983/983 981/981/981 984/984/984
f 983/983/983 984/984/984 985/985/985
f 983/983/983 985/985/985 986/986/986
f 983/983/983 986/986/986 977/977/977
f 983/983/983 977/977/977 976/976/976
f 983/983/983 976/976/976 973/973/973
f 983/983/983 973/973/973 982/982/982
f 987/987/987 928/928/928 927/927/927
f 987/987/987 927/927/927 988/988/988
f 987/987/987 988/988/988 989/989/989
f 987/987/987 989/989/989 990/990/990
f 987/987/987 990/990/990 981/981/981
f 987/987/987 981/981/981 980/980/980
f 987/987/987 980/980/980 923/923/923
f 987/987/987 923/923/923 928/928/928
f 991/991/991 990/990/990 989/989/989
f 991/991/991 989/989/989 992/992/992
f 991/991/991 992/992/992 993/993/993
f 991/991/991 993/993/993 994/994/994
f 991/991/991 994/994/994 985/985/985
f 991/991/991 985/985/985 984/984/984
f 991/991/991 984/984/984 981/981/981
f 991/991/991 981/981/981 990/990/990
f 995/995/995 932/932/932 931/931/931
f 995/995/995 931/931/931 996/996/996
f 995/995/995 996/996/996 997/997/997
f 995/995/995 997/997/997 998/998/998
f 995/995/995 998/998/998 989/989/989
f 995/995/995 989/989/989 988/988/988
f 995/995/995 988/988/988 927/927/927
f 995/995/995 927/927/927 932/932/932
f 999/999/999 998/998/998 997/997/997
f 999/999/999 997/997/997 1000/1000/1000
f 999/999/999 1000/1000/1000 1001/1001/1001
f 999/999/999 1001/1001/1001 1002/1002/1002
f 999/999/999 1002/1002/1002 993/993/993
f 999/999/999 993/993/993 992/992/992
f 999/999/999 992/992/992 989/989/989
f 999/999/999 989/989/989 998/998/998
f 1003/1003/1003 936/936/936 935/935/935
f 1003/1003/1003 935/935/935 1004/1004/1004
f 1003/1003/1003 1004/1004/1004 1005/1005/1005
f 1003/1003/1003 1005/1005/1005 1006/1006/1006
f 1003/1003/1003 1006/1006/1006 997/997/997
f 1003/1003/1003 997/997/997 996/996/996
f 1003/1003/1003 996/996/996 931/931/931
f 1003/1003/1003 931/931/931 936/936/936
f 1007/1007/1007 1006/1006/1006 1005/1005/1005
f 1007/1007/1007 1005/1005/1005 1008/1008/1008
f 1007/1007/1007 1008/1008/1008 1009/1009/1009
f 1007/1007/1007 1009/1009/1009 1010/1010/1010
f 1007/1007/1007 1010/1010/1010 1001/1001/1001
f 1007/1007/1007 1001/1001/1001 1000/1000/1000
f 1007/1007/1007 1000/1000/1000 997/997/997
f 1007/1007/1007 997/997/997 1006/1006/1006
f 1011/1011/1011 940/940/940 939/939/939
f 1011/1011/1011 939/939/939 1012/1012/1012
f 1011/1011/1011 1012/1012/1012 1013/1013/1013
f 1011/1011/1011 1013/1013/1013 1014/1014/1014
f 1011/1011/1011 1014/1014/1014 1005/1005/1005
f 1011/1011/1011 1005/1005/1005 1004/1004/1004
f 1011/1011/1011 1004/1004/1004 935/935/935
f 1011/1011/1011 935/935/935 940/940/940
f 1015/1015/1015 1014/1014/1014 1013/1013/1013
f 1015/1015/1015 1013/1013/1013 1016/1016/1016
f 1015/1015/1015 1016/1016/1016 1017/1017/1017
f 1015/1015/1015 1017/1017/1017 1018/1018/1018
f 1015/1015/1015 1018/1018/1018 1009/1009/1009
f 1015/1015/1015 1009/1009/1009 1008/1008/1008
f 1015/1015/1015 1008/1008/1008 1005/1005/1005
f 1015/1015/1015 1005/1005/1005 1014/1014/1014
f 1019/1019/1019 944/944/944 943/943/943
f 1019/1019/1019 943/943/943 1020/1020/1020
f 1019/1019/1019 1020/1020/1020 1021/1021/1021
f 1019/1019/1019 1021/1021/1021 1022/1022/1022
f 1019/1019/1019 1022/1022/1022 1013/1013/1013
f 1019/1019/1019 1013/1013/1013 1012/1012/1012
f 1019/1019/1019 1012/1012/1012 939/939/939
f 1019/1019/1019 939/939/939 944/944/944
f 1023/1023/1023 1022/1022/1022 1021/1021/1021
f 1023/1023/1023 1021/1021/1021 1024/1024/1024
f 1023/1023/1023 1024/1024/1024 1025/1025/1025
f 1023/1023/1023 1025/1025/1025 1026/1026/1026
f 1023/1023/1023 1026/1026/1026 1017/1017/1017
f 1023/1023/1023 1017/1017/1017 1016/1016/1016
f 1023/1023/1023 1016/1016/1016 1013/1013/1013
f 1023/1023/1023 1013/1013/1013 1022/1022/1022
f 1027/1027/1027 948/948/948 947/947/947
f 1027/1027/1027 947/947/947 1028/1028/1028
f 1027/1027/1027 1028/1028/1028 1029/1029/1029
f 1027/1027/1027 1029/1029/1029 1030/1030/1030
f 1027/1027/1027 1030/1030/1030 1021/1021/1021
f 1027/1027/1027 1021/1021/1021 1020/1020/1020
f 1027/1027/1027 1020/1020/1020 943/943/943
f 1027/1027/1027 943/943/943 948/948/948
f 1031/1031/1031 1030/1030/1030 1029/1029/1029
f 1031/1031/1031 1029/1029/1029 1032/1032/1032
f 1031/1031/1031 1032/1032/1032 1033/1033/1033
f 1031/1031/1031 1033/1033/1033 1034/1034/1034
f 1031/1031/1031 1034/1034/1034 1025/1025/1025
f 1031/1031/1031 1025/1025/1025 1024/1024/1024
f 1031/1031/1031 1024/1024/1024 1021/1021/1021
f 1031/1031/1031 1021/1021/1021 1030/1030/1030
f 1035/1035/1035 952/952/952 951/951/951
f 1035/1035/1035 951/951/951 1036/1036/1036
f 1035/1035/1035 1036/1036/1036 1037/1037/1037
f 1035/1035/1035 1037/1037/1037 1038/1038/1038
f 1035/1035/1035 1038/1038/1038 1029/1029/1029
f 1035/1035/1035 1029/1029/1029 1028/1028/1028
f 1035/1035/1035 1028/1028/1028 947/947/947
f 1035/1035/1035 947/947/947 952/952/952
f 1039/1039/1039 1038/1038/1038 1037/1037/1037
f 1039/1039/1039 1037/1037/1037 1040/1040/1040
f 1039/1039/1039 1040/1040/1040 1041/1041/1041
f 1039/1039/1039 1041/1041/1041 1042/1042/1042
f 1039/1039/1039 1042/1042/1042 1033/1033/1033
f 1039/1039/1039 1033/1033/1033 1032/1032/1032
f 1039/1039/1039 1032/1032/1032 1029/1029/1029
f 1039/1039/1039 1029/1029/1029 1038/1038/1038
f 1043/1043/1043 956/956/956 955/955/955
f 1043/1043/1043 955/955/955 1044/1044/1044
f 1043/1043/1043 1044/1044/1044 1045/1045/1045
f 1043/1043/1043 1045/1045/1045 1046/1046/1046
f 1043/1043/1043 1046/1046/1046 1037/1037/1037
f 1043/1043/1043 1037/1037/1037 1036/1036/1036
f 1043/1043/1043 1036/1036/1036 951/951/951
f 1043/1043/1043 951/951/951 956/956/956
f 1047/1047/1047 1046/1046/1046 1045/1045/1045
f 1047/1047/1047 1045/1045/1045 1048/1048/1048
f 1047/1047/1047 1048/1048/1048 1049/1049/1049
f 1047/1047/1047 1049/1049/1049 1050/1050/1050
f 1047/1047/1047 1050/1050/1050 1041/1041/1041
f 1047/1047/1047 1041/1041/1041 1040/1040/1040
f 1047/1047/1047 1040/1040/1040 1037/1037/1037
f 1047/1047/1047 1037/1037/1037 1046/1046/1046
f 1051/1051/1051 958/958/958 915/915/915
f 1051/1051/1051 915/915/915 964/964/964
f 1051/1051/1051 964/964/964 963/963/963
f 1051/1051/1051 963/963/963 1052/1052/1052
f 1051/1051/1051 1052/1052/1052 1045/1045/1045
f 1051/1051/1051 1045/1045/1045 1044/1044/1044
f 1051/1051/1051 1044/1044/1044 955/955/955
f 1051/1051/1051 955/955/955 958/958/958
f 1053/1053/1053 1052/1052/1052 963/963/963
f 1053/1053/1053 963/963/963 970/970/970
f 1053/1053/1053 970/970/970 969/969/969
f 1053/1053/1053 969/969/969 1054/1054/1054
f 1053/1053/1053 1054/1054/1054 1049/1049/1049
f 1053/1053/1053 1049/1049/1049 1048/1048/1048
f 1053/1053/1053 1048/1048/1048 1045/1045/1045
f 1053/1053/1053 1045/1045/1045 1052/1052/1052
f 1055/1055/1055 1056/1056/1056 1057/1057/1057
f 1055/1055/1055 1057/1057/1057 1058/1058/1058
f 1055/1055/1055 1058/1058/1058 1025/1025/1025
f 1055/1055/1055 1025/1025/1025 1034/1034/1034
f 1055/1055/1055 1034/1034/1034 1033/1033/1033
f 1055/1055/1055 1033/1033/1033 1059/1059/1059
f 1055/1055/1055 1059/1059/1059 1060/1060/1060
f 1055/1055/1055 1060/1060/1060 1056/1056/1056
f 1061/1061/1061 1062/1062/1062 1063/1063/1063
f 1061/1061/1061 1063/1063/1063 1064/1064/1064
f 1061/1061/1061 1064/1064/1064 1017/1017/1017
f 1061/1061/1061 1017/1017/1017 1026/1026/1026
f 1061/1061/1061 1026/1026/1026 1025/1025/1025
f 1061/1061/1061 1025/1025/1025 1058/1058/1058
f 1061/1061/1061 1058/1058/1058 1057/1057/1057
f 1061/1061/1061 1057/1057/1057 1062/1062/1062
f 1065/1065/1065 1066/1066/1066 1067/1067/1067
f 1065/1065/1065 1067/1067/1067 1068/1068/1068
f 1065/1065/1065 1068/1068/1068 1009/1009/1009
f 1065/1065/1065 1009/1009/1009 1018/1018/1018
f 1065/1065/1065 1018/1018/1018 1017/1017/1017
f 1065/1065/1065 1017/1017/1017 1064/1064/1064
f 1065/1065/1065 1064/1064/1064 1063/1063/1063
f 1065/1065/1065 1063/1063/1063 1066/1066/1066
f 1069/1069/1069 1070/1070/1070 1071/1071/1071
f 1069/1069/1069 1071/1071/1071 1072/1072/1072
f 1069/1069/1069 1072/1072/1072 1001/1001/1001
f 1069/1069/1069 1001/1001/1001 1010/1010/1010
f 1069/1069/1069 1010/1010/1010 1009/1009/1009
f 1069/1069/1069 1009/1009/1009 1068/1068/1068
f 1069/1069/1069 1068/1068/1068 1067/1067/1067
f 1069/1069/1069 1067/1067/1067 1070/1070/1070
f 1073/1073/1073 1074/1074/1074 1075/1075/1075
f 1073/1073/1073 1075/1075/1075 1076/1076/1076
f 1073/1073/1073 1076/1076/1076 993/993/993
f 1073/1073/1073 993/993/993 1002/1002/1002
f 1073/1073/1073 1002/1002/1002 1001/1001/1001
f 1073/1073/1073 1001/1001/1001 1072/1072/1072
f 1073/1073/1073 1072/1072/1072 1071/1071/1071
f 1073/1073/1073 1071/1071/1071 1074/1074/1074
f 1077/1077/1077 1078/1078/1078 1079/1079/1079
f 1077/1077/1077 1079/1079/1079 1080/1080/1080
f 1077/1077/1077 1080/1080/1080 985/985/985
f 1077/1077/1077 985/985/985 994/994/994
f 1077/1077/1077 994/994/994 993/993/993
f 1077/1077/1077 993/993/993 1076/1076/1076
f 1077/1077/1077 1076/1076/1076 1075/1075/1075
f 1077/1077/1077 1075/1075/1075 1078/1078/1078
f 1081/1081/1081 1082/1082/1082 1083/1083/1083
f 1081/1081/1081 1083/1083/1083 1084/1084/1084
f 1081/1081/1081 1084/1084/1084 977/977/977
f 1081/1081/1081 977/977/977 986/986/986
f 1081/1081/1081 986/986/986 985/985/985
f 1081/1081/1081 985/985/985 1080/1080/1080
f 1081/1081/1081 1080/1080/1080 1079/1079/1079
f 1081/1081/1081 1079/1079/1079 1082/1082/1082
f 1085/1085/1085 1086/1086/1086 1087/1087/1087
f 1085/1085/1085 1087/1087/1087 1088/1088/1088
f 1085/1085/1085 1088/1088/1088 967/967/967
f 1085/1085/1085 967/967/967 978/978/978
f 1085/1085/1085 978/978/978 977/977/977
f 1085/1085/1085 977/977/977 1084/1084/1084
f 1085/1085/1085 1084/1084/1084 1083/1083/1083
f 1085/1085/1085 1083/1083/1083 1086/1086/1086
f 1089/1089/1089 1090/1090/1090 1091/1091/1091
f 1089/1089/1089 1091/1091/1091 1092/1092/1092
f 1089/1089/1089 1092/1092/1092 969/969/969
f 1089/1089/1089 969/969/969 968/968/968
f 1089/1089/1089 968/968/968 967/967/967
f 1089/1089/1089 967/967/967 1088/1088/1088
f 1089/1089/1089 1088/1088/1088 1087/1087/1087
f 1089/1089/1089 1087/1087/1087 1090/1090/1090
f 1093/1093/1093 1094/1094/1094 1095/1095/1095
f 1093/1093/1093 1095/1095/1095 1096/1096/1096
f 1093/1093/1093 1096/1096/1096 1049/1049/1049
f 1093/1093/1093 1049/1049/1049 1054/1054/1054
f 1093/1093/1093 1054/1054/1054 969/969/969
f 1093/1093/1093 969/969/969 1092/1092/1092
f 1093/1093/1093 1092/1092/1092 1091/1091/1091
f 1093/1093/1093 1091/1091/1091 1094/1094/1094
f 1097/1097/1097 1098/1098/1098 1099/1099/1099
f 1097/1097/1097 1099/1099/1099 1100/1100/1100
f 1097/1097/1097 1100/1100/1100 1041/1041/1041
f 1097/1097/1097 1041/1041/1041 1050/1050/1050
f 1097/1097/1097 1050/1050/1050 1049/1049/1049
f 1097/1097/1097 1049/1049/1049 1096/1096/1096
f 1097/1097/1097 1096/1096/1096 1095/1095/1095
f 1097/1097/1097 1095/1095/1095 1098/1098/1098
f 1101/1101/1101 1102/1102/1102 1060/1060/1060
f 1101/1101/1101 1060/1060/1060 1059/1059/1059
f 1101/1101/1101 1059/1059/1059 1033/1033/1033
f 1101/1101/1101 1033/1033/1033 1042/1042/1042
f 1101/1101/1101 1042/1042/1042 1041/1041/1041
f 1101/1101/1101 1041/1041/1041 1100/1100/1100
f 1101/1101/1101 1100/1100/1100 1099/1099/1099
f 1101/1101/1101 1099/1099/1099 1102/1102/1102
f 1103/1103/1103 744/744/744 751/751/751
f 1103/1103/1103 751/751/751 1104/1104/1104
f 1103/1103/1103 1104/1104/1104 1105/1105/1105
f 1103/1103/1103 1105/1105/1105 1106/1106/1106
f 1103/1103/1103 1106/1106/1106 1107/1107/1107
f 1103/1103/1103 1107/1107/1107 1108/1108/1108
f 1103/1103/1103 1108/1108/1108 745/745/745
f 1103/1103/1103 745/745/745 744/744/744
f 1109/1109/1109 1106/1106/1106 1105/1105/1105
f 1109/1109/1109 1105/1105/1105 1110/1110/1110
f 1109/1109/1109 1110/1110/1110 76/76/76
f 1109/1109/1109 76/76/76 75/75/75
f 1109/1109/1109 75/75/75 74/74/74
f 1109/1109/1109 74/74/74 1111/1111/1111
f 1109/1109/1109 1111/1111/1111 1107/1107/1107
f 1109/1109/1109 1107/1107/1107 1106/1106/1106
f 1112/1112/1112 753/753/753 745/745/745
f 1112/1112/1112 745/745/745 1108/1108/1108
f 1112/1112/1112 1108/1108/1108 1107/1107/1107
f 1112/1112/1112 1107/1107/1107 1113/1113/1113
f 1112/1112/1112 1113/1113/1113 1114/1114/1114
f 1112/1112/1112 1114/1114/1114 1115/1115/1115
f 1112/1112/1112 1115/1115/1115 754/754/754
f 1112/1112/1112 754/754/754 753/753/753
f 1116/1116/1116 1113/1113/1113 1107/1107/1107
f 1116/1116/1116 1107/1107/1107 1111/1111/1111
f 1116/1116/1116 1111/1111/1111 74/74/74
f 1116/1116/1116 74/74/74 82/82/82
f 1116/1116/1116 82/82/82 81/81/81
f 1116/1116/1116 81/81/81 1117/1117/1117
f 1116/1116/1116 1117/1117/1117 1114/1114/1114
f 1116/1116/1116 1114/1114/1114 1113/1113/1113
f 1118/1118/1118 759/759/759 754/754/754
f 1118/1118/1118 754/754/754 1115/1115/1115
f 1118/1118/1118 1115/1115/1115 1114/1114/1114
f 1118/1118/1118 1114/1114/1114 1119/1119/1119
f 1118/1118/1118 1119/1119/1119 1120/1120/1120
f 1118/1118/1118 1120/1120/1120 1121/1121/1121
f 1118/1118/1118 1121/1121/1121 760/760/760
f 1118/1118/1118 760/760/760 759/759/759
f 1122/1122/1122 1119/1119/1119 1114/1114/1114
f 1122/1122/1122 1114/1114/1114 1117/1117/1117
f 1122/1122/1122 1117/1117/1117 81/81/81
f 1122/1122/1122 81/81/81 80/80/80
f 1122/1122/1122 80/80/80 79/79/79
f 1122/1122/1122 79/79/79 1123/1123/1123
f 1122/1122/1122 1123/1123/1123 1120/1120/1120
f 1122/1122/1122 1120/1120/1120 1119/1119/1119
f 1124/1124/1124 765/765/765 760/760/760
f 1124/1124/1124 760/760/760 1121/1121/1121
f 1124/1124/1124 1121/1121/1121 1120/1120/1120
f 1124/1124/1124 1120/1120/1120 1125/1125/1125
f 1124/1124/1124 1125/1125/1125 1126/1126/1126
f 1124/1124/1124 1126/1126/1126 1127/1127/1127
f 1124/1124/1124 1127/1127/1127 766/766/766
f 1124/1124/1124 766/766/766 765/765/765
f 1128/1128/1128 1125/1125/1125 1120/1120/1120
f 1128/1128/1128 1120/1120/1120 1123/1123/1123
f 1128/1128/1128 1123/1123/1123 79/79/79
f 1128/1128/1128 79/79/79 86/86/86
f 1128/1128/1128 86/86/86 85/85/85
f 1128/1128/1128 85/85/85 1129/1129/1129
f 1128/1128/1128 1129/1129/1129 1126/1126/1126
f 1128/1128/1128 1126/1126/1126 1125/1125/1125
f 1130/1130/1130 771/771/771 766/766/766
f 1130/1130/1130 766/766/766 1127/1127/1127
f 1130/1130/1130 1127/1127/1127 1126/1126/1126
f 1130/1130/1130 1126/1126/1126 1131/1131/1131
f 1130/1130/1130 1131/1131/1131 1132/1132/1132
f 1130/1130/1130 1132/1132/1132 1133/1133/1133
f 1130/1130/1130 1133/1133/1133 772/772/772
f 1130/1130/1130 772/772/772 771/771/771
f 1134/1134/1134 1131/1131/1131 1126/1126/1126
f 1134/1134/1134 1126/1126/1126 1129/1129/1129
f 1134/1134/1134 1129/1129/1129 85/85/85
f 1134/1134/1134 85/85/85 84/84/84
f 1134/1134/1134 84/84/84 56/56/56
f 1134/1134/1134 56/56/56 1135/1135/1135
f 1134/1134/1134 1135/1135/1135 1132/1132/1132
f 1134/1134/1134 1132/1132/1132 1131/1131/1131
f 1136/1136/1136 777/777/777 772/772/772
f 1136/1136/1136 772/772/772 1133/1133/1133
f 1136/1136/1136 1133/1133/1133 1132/1132/1132
f 1136/1136/1136 1132/1132/1132 1137/1137/1137
f 1136/1136/1136 1137/1137/1137 1138/1138/1138
f 1136/1136/1136 1138/1138/1138 1139/1139/1139
f 1136/1136/1136 1139/1139/1139 778/778/778
f 1136/1136/1136 778/778/778 777/777/777
f 1140/1140/1140 1137/1137/1137 1132/1132/1132
f 1140/1140/1140 1132/1132/1132 1135/1135/1135
f 1140/1140/1140 1135/1135/1135 56/56/56
f 1140/1140/1140 56/56/56 55/55/55
f 1140/1140/1140 55/55/55 54/54/54
f 1140/1140/1140 54/54/54 1141/1141/1141
f 1140/1140/1140 1141/1141/1141 1138/1138/1138
f 1140/1140/1140 1138/1138/1138 1137/1137/1137
f 1142/1142/1142 783/783/783 778/778/778
f 1142/1142/1142 778/778/778 1139/1139/1139
f 1142/1142/1142 1139/1139/1139 1138/1138/1138
f 1142/1142/1142 1138/1138/1138 1143/1143/1143
f 1142/1142/1142 1143/1143/1143 1144/1144/1144
f 1142/1142/1142 1144/1144/1144 1145/1145/1145
f 1142/1142/1142 1145/1145/1145 784/784/784
f 1142/1142/1142 784/784/784 783/783/783
f 1146/1146/1146 1143/1143/1143 1138/1138/1138
f 1146/1146/1146 1138/1138/1138 1141/1141/1141
f 1146/1146/1146 1141/1141/1141 54/54/54
f 1146/1146/1146 54/54/54 53/53/53
f 1146/1146/1146 53/53/53 52/52/52
f 1146/1146/1146 52/52/52 1147/1147/1147
f 1146/1146/1146 1147/1147/1147 1144/1144/1144
f 1146/1146/1146 1144/1144/1144 1143/1143/1143
f 1148/1148/1148 789/789/789 784/784/784
f 1148/1148/1148 784/784/784 1145/1145/1145
f 1148/1148/1148 1145/1145/1145 1144/1144/1144
f 1148/1148/1148 1144/1144/1144 1149/1149/1149
f 1148/1148/1148 1149/1149/1149 1150/1150/1150
f 1148/1148/1148 1150/1150/1150 1151/1151/1151
f 1148/1148/1148 1151/1151/1151 790/790/790
f 1148/1148/1148 790/790/790 789/789/789
f 1152/1152/1152 1149/1149/1149 1144/1144/1144
f 1152/1152/1152 1144/1144/1144 1147/1147/1147
f 1152/1152/1152 1147/1147/1147 52/52/52
f 1152/1152/1152 52/52/52 64/64/64
f 1152/1152/1152 64/64/64 63/63/63
f 1152/1152/1152 63/63/63 1153/1153/1153
f 1152/1152/1152 1153/1153/1153 1150/1150/1150
f 1152/1152/1152 1150/1150/1150 1149/1149/1149
f 1154/1154/1154 795/795/795 790/790/790
f 1154/1154/1154 790/790/790 1151/1151/1151
f 1154/1154/1154 1151/1151/1151 1150/1150/1150
f 1154/1154/1154 1150/1150/1150 1155/1155/1155
f 1154/1154/1154 1155/1155/1155 1156/1156/1156
f 1154/1154/1154 1156/1156/1156 1157/1157/1157
f 1154/1154/1154 1157/1157/1157 796/796/796
f 1154/1154/1154 796/796/796 795/795/795
f 1158/1158/1158 1155/1155/1155 1150/1150/1150
f 1158/1158/1158 1150/1150/1150 1153/1153/1153
f 1158/1158/1158 1153/1153/1153 63/63/63
f 1158/1158/1158 63/63/63 62/62/62
f 1158/1158/1158 62/62/62 61/61/61
f 1158/1158/1158 61/61/61 1159/1159/1159
f 1158/1158/1158 1159/1159/1159 1156/1156/1156
f 1158/1158/1158 1156/1156/1156 1155/1155/1155
f 1160/1160/1160 801/801/801 796/796/796
f 1160/1160/1160 796/796/796 1157/1157/1157
f 1160/1160/1160 1157/1157/1157 1156/1156/1156
f 1160/1160/1160 1156/1156/1156 1161/1161/1161
f 1160/1160/1160 1161/1161/1161 1162/1162/1162
f 1160/1160/1160 1162/1162/1162 1163/1163/1163
f 1160/1160/1160 1163/1163/1163 802/802/802
f 1160/1160/1160 802/802/802 801/801/801
f 1164/1164/1164 1161/1161/1161 1156/1156/1156
f 1164/1164/1164 1156/1156/1156 1159/1159/1159
f 1164/1164/1164 1159/1159/1159 61/61/61
f 1164/1164/1164 61/61/61 70/70/70
f 1164/1164/1164 70/70/70 69/69/69
f 1164/1164/1164 69/69/69 1165/1165/1165
f 1164/1164/1164 1165/1165/1165 1162/1162/1162
f 1164/1164/1164 1162/1162/1162 1161/1161/1161
f 1166/1166/1166 807/807/807 802/802/802
f 1166/1166/1166 802/802/802 1163/1163/1163
f 1166/1166/1166 1163/1163/1163 1162/1162/1162
f 1166/1166/1166 1162/1162/1162 1167/1167/1167
f 1166/1166/1166 1167/1167/1167 1168/1168/1168
f 1166/1166/1166 1168/1168/1168 1169/1169/1169
f 1166/1166/1166 1169/1169/1169 808/808/808
f 1166/1166/1166 808/808/808 807/807/807
f 1170/1170/1170 1167/1167/1167 1162/1162/1162
f 1170/1170/1170 1162/1162/1162 1165/1165/1165
f 1170/1170/1170 1165/1165/1165 69/69/69
f 1170/1170/1170 69/69/69 68/68/68
f 1170/1170/1170 68/68/68 67/67/67
f 1170/1170/1170 67/67/67 1171/1171/1171
f 1170/1170/1170 1171/1171/1171 1168/1168/1168
f 1170/1170/1170 1168/1168/1168 1167/1167/1167
f 1172/1172/1172 813/813/813 808/808/808
f 1172/1172/1172 808/808/808 1169/1169/1169
f 1172/1172/1172 1169/1169/1169 1168/1168/1168
f 1172/1172/1172 1168/1168/1168 1173/1173/1173
f 1172/1172/1172 1173/1173/1173 1105/1105/1105
f 1172/1172/1172 1105/1105/1105 1104/1104/1104
f 1172/1172/1172 1104/1104/1104 751/751/751
f 1172/1172/1172 751/751/751 813/813/813
f 1174/1174/1174 1173/1173/1173 1168/1168/1168
f 1174/1174/1174 1168/1168/1168 1171/1171/1171
f 1174/1174/1174 1171/1171/1171 67/67/67
f 1174/1174/1174 67/67/67 72/72/72
f 1174/1174/1174 72/72/72 76/76/76
f 1174/1174/1174 76/76/76 1110/1110/1110
f 1174/1174/1174 1110/1110/1110 1105/1105/1105
f 1174/1174/1174 1105/1105/1105 1173/1173/1173
f 1175/1175/1175 201/201/201 200/200/200
f 1175/1175/1175 200/200/200 1176/1176/1176
f 1175/1175/1175 1176/1176/1176 1177/1177/1177
f 1175/1175/1175 1177/1177/1177 1178/1178/1178
f 1175/1175/1175 1178/1178/1178 1179/1179/1179
f 1175/1175/1175 1179/1179/1179 1180/1180/1180
f 1175/1175/1175 1180/1180/1180 189/189/189
f 1175/1175/1175 189/189/189 201/201/201
f 1181/1181/1181 1178/1178/1178 1177/1177/1177
f 1181/1181/1181 1177/1177/1177 1182/1182/1182
f 1181/1181/1181 1182/1182/1182 1057/1057/1057
f 1181/1181/1181 1057/1057/1057 1056/1056/1056
f 1181/1181/1181 1056/1056/1056 1060/1060/1060
f 1181/1181/1181 1060/1060/1060 1183/1183/1183
f 1181/1181/1181 1183/1183/1183 1179/1179/1179
f 1181/1181/1181 1179/1179/1179 1178/1178/1178
f 1184/1184/1184 211/211/211 210/210/210
f 1184/1184/1184 210/210/210 1185/1185/1185
f 1184/1184/1184 1185/1185/1185 1186/1186/1186
f 1184/1184/1184 1186/1186/1186 1187/1187/1187
f 1184/1184/1184 1187/1187/1187 1177/1177/1177
f 1184/1184/1184 1177/1177/1177 1176/1176/1176
f 1184/1184/1184 1176/1176/1176 200/200/200
f 1184/1184/1184 200/200/200 211/211/211
f 1188/1188/1188 1187/1187/1187 1186/1186/1186
f 1188/1188/1188 1186/1186/1186 1189/1189/1189
f 1188/1188/1188 1189/1189/1189 1063/1063/1063
f 1188/1188/1188 1063/1063/1063 1062/1062/1062
f 1188/1188/1188 1062/1062/1062 1057/1057/1057
f 1188/1188/1188 1057/1057/1057 1182/1182/1182
f 1188/1188/1188 1182/1182/1182 1177/1177/1177
f 1188/1188/1188 1177/1177/1177 1187/1187/1187
f 1190/1190/1190 659/659/659 652/652/652
f 1190/1190/1190 652/652/652 1191/1191/1191
f 1190/1190/1190 1191/1191/1191 1192/1192/1192
f 1190/1190/1190 1192/1192/1192 1193/1193/1193
f 1190/1190/1190 1193/1193/1193 1186/1186/1186
f 1190/1190/1190 1186/1186/1186 1185/1185/1185
f 1190/1190/1190 1185/1185/1185 210/210/210
f 1190/1190/1190 210/210/210 659/659/659
f 1194/1194/1194 1193/1193/1193 1192/1192/1192
f 1194/1194/1194 1192/1192/1192 1195/1195/1195
f 1194/1194/1194 1195/1195/1195 1067/1067/1067
f 1194/1194/1194 1067/1067/1067 1066/1066/1066
f 1194/1194/1194 1066/1066/1066 1063/1063/1063
f 1194/1194/1194 1063/1063/1063 1189/1189/1189
f 1194/1194/1194 1189/1189/1189 1186/1186/1186
f 1194/1194/1194 1186/1186/1186 1193/1193/1193
f 1196/1196/1196 651/651/651 641/641/641
f 1196/1196/1196 641/641/641 1197/1197/1197
f 1196/1196/1196 1197/1197/1197 1198/1198/1198
f 1196/1196/1196 1198/1198/1198 1199/1199/1199
f 1196/1196/1196 1199/1199/1199 1192/1192/1192
f 1196/1196/1196 1192/1192/1192 1191/1191/1191
f 1196/1196/1196 1191/1191/1191 652/652/652
f 1196/1196/1196 652/652/652 651/651/651
f 1200/1200/1200 1199/1199/1199 1198/1198/1198
f 1200/1200/1200 1198/1198/1198 1201/1201/1201
f 1200/1200/1200 1201/1201/1201 1071/1071/1071
f 1200/1200/1200 1071/1071/1071 1070/1070/1070
f 1200/1200/1200 1070/1070/1070 1067/1067/1067
f 1200/1200/1200 1067/1067/1067 1195/1195/1195
f 1200/1200/1200 1195/1195/1195 1192/1192/1192
f 1200/1200/1200 1192/1192/1192 1199/1199/1199
f 1202/1202/1202 640/640/640 298/298/298
f 1202/1202/1202 298/298/298 1203/1203/1203
f 1202/1202/1202 1203/1203/1203 1204/1204/1204
f 1202/1202/1202 1204/1204/1204 1205/1205/1205
f 1202/1202/1202 1205/1205/1205 1198/1198/1198
f 1202/1202/1202 1198/1198/1198 1197/1197/1197
f 1202/1202/1202 1197/1197/1197 641/641/641
f 1202/1202/1202 641/641/641 640/640/640
f 1206/1206/1206 1205/1205/1205 1204/1204/1204
f 1206/1206/1206 1204/1204/1204 1207/1207/1207
f 1206/1206/1206 1207/1207/1207 1075/1075/1075
f 1206/1206/1206 1075/1075/1075 1074/1074/1074
f 1206/1206/1206 1074/1074/1074 1071/1071/1071
f 1206/1206/1206 1071/1071/1071 1201/1201/1201
f 1206/1206/1206 1201/1201/1201 1198/1198/1198
f 1206/1206/1206 1198/1198/1198 1205/1205/1205
f 1208/1208/1208 297/297/297 288/288/288
f 1208/1208/1208 288/288/288 1209/1209/1209
f 1208/1208/1208 1209/1209/1209 1210/1210/1210
f 1208/1208/1208 1210/1210/1210 1211/1211/1211
f 1208/1208/1208 1211/1211/1211 1204/1204/1204
f 1208/1208/1208 1204/1204/1204 1203/1203/1203
f 1208/1208/1208 1203/1203/1203 298/298/298
f 1208/1208/1208 298/298/298 297/297/297
f 1212/1212/1212 1211/1211/1211 1210/1210/1210
f 1212/1212/1212 1210/1210/1210 1213/1213/1213
f 1212/1212/1212 1213/1213/1213 1079/1079/1079
f 1212/1212/1212 1079/1079/1079 1078/1078/1078
f 1212/1212/1212 1078/1078/1078 1075/1075/1075
f 1212/1212/1212 1075/1075/1075 1207/1207/1207
f 1212/1212/1212 1207/1207/1207 1204/1204/1204
f 1212/1212/1212 1204/1204/1204 1211/1211/1211
f 1214/1214/1214 287/287/287 274/274/274
f 1214/1214/1214 274/274/274 1215/1215/1215
f 1214/1214/1214 1215/1215/1215 1216/1216/1216
f 1214/1214/1214 1216/1216/1216 1217/1217/1217
f 1214/1214/1214 1217/1217/1217 1210/1210/1210
f 1214/1214/1214 1210/1210/1210 1209/1209/1209
f 1214/1214/1214 1209/1209/1209 288/288/288
f 1214/1214/1214 288/288/288 287/287/287
f 1218/1218/1218 1217/1217/1217 1216/1216/1216
f 1218/1218/1218 1216/1216/1216 1219/1219/1219
f 1218/1218/1218 1219/1219/1219 1083/1083/1083
f 1218/1218/1218 1083/1083/1083 1082/1082/1082
f 1218/1218/1218 1082/1082/1082 1079/1079/1079
f 1218/1218/1218 1079/1079/1079 1213/1213/1213
f 1218/1218/1218 1213/1213/1213 1210/1210/1210
f 1218/1218/1218 1210/1210/1210 1217/1217/1217
f 1220/1220/1220 273/273/273 128/128/128
f 1220/1220/1220 128/128/128 1221/1221/1221
f 1220/1220/1220 1221/1221/1221 1222/1222/1222
f 1220/1220/1220 1222/1222/1222 1223/1223/1223
f 1220/1220/1220 1223/1223/1223 1216/1216/1216
f 1220/1220/1220 1216/1216/1216 1215/1215/1215
f 1220/1220/1220 1215/1215/1215 274/274/274
f 1220/1220/1220 274/274/274 273/273/273
f 1224/1224/1224 1223/1223/1223 1222/1222/1222
f 1224/1224/1224 1222/1222/1222 1225/1225/1225
f 1224/1224/1224 1225/1225/1225 1087/1087/1087
f 1224/1224/1224 1087/1087/1087 1086/1086/1086
f 1224/1224/1224 1086/1086/1086 1083/1083/1083
f 1224/1224/1224 1083/1083/1083 1219/1219/1219
f 1224/1224/1224 1219/1219/1219 1216/1216/1216
f 1224/1224/1224 1216/1216/1216 1223/1223/1223
f 1226/1226/1226 127/127/127 126/126/126
f 1226/1226/1226 126/126/126 1227/1227/1227
f 1226/1226/1226 1227/1227/1227 1228/1228/1228
f 1226/1226/1226 1228/1228/1228 1229/1229/1229
f 1226/1226/1226 1229/1229/1229 1222/1222/1222
f 1226/1226/1226 1222/1222/1222 1221/1221/1221
f 1226/1226/1226 1221/1221/1221 128/128/128
f 1226/1226/1226 128/128/128 127/127/127
f 1230/1230/1230 1229/1229/1229 1228/1228/1228
f 1230/1230/1230 1228/1228/1228 1231/1231/1231
f 1230/1230/1230 1231/1231/1231 1091/1091/1091
f 1230/1230/1230 1091/1091/1091 1090/1090/1090
f 1230/1230/1230 1090/1090/1090 1087/1087/1087
f 1230/1230/1230 1087/1087/1087 1225/1225/1225
f 1230/1230/1230 1225/1225/1225 1222/1222/1222
f 1230/1230/1230 1222/1222/1222 1229/1229/1229
f 1232/1232/1232 139/139/139 138/138/138
f 1232/1232/1232 138/138/138 1233/1233/1233
f 1232/1232/1232 1233/1233/1233 1234/1234/1234
f 1232/1232/1232 1234/1234/1234 1235/1235/1235
f 1232/1232/1232 1235/1235/1235 1228/1228/1228
f 1232/1232/1232 1228/1228/1228 1227/1227/1227
f 1232/1232/1232 1227/1227/1227 126/126/126
f 1232/1232/1232 126/126/126 139/139/139
f 1236/1236/1236 1235/1235/1235 1234/1234/1234
f 1236/1236/1236 1234/1234/1234 1237/1237/1237
f 1236/1236/1236 1237/1237/1237 1095/1095/1095
f 1236/1236/1236 1095/1095/1095 1094/1094/1094
f 1236/1236/1236 1094/1094/1094 1091/1091/1091
f 1236/1236/1236 1091/1091/1091 1231/1231/1231
f 1236/1236/1236 1231/1231/1231 1228/1228/1228
f 1236/1236/1236 1228/1228/1228 1235/1235/1235
f 1238/1238/1238 149/149/149 148/148/148
f 1238/1238/1238 148/148/148 1239/1239/1239
f 1238/1238/1238 1239/1239/1239 1240/1240/1240
f 1238/1238/1238 1240/1240/1240 1241/1241/1241
f 1238/1238/1238 1241/1241/1241 1234/1234/1234
f 1238/1238/1238 1234/1234/1234 1233/1233/1233
f 1238/1238/1238 1233/1233/1233 138/138/138
f 1238/1238/1238 138/138/138 149/149/149
f 1242/1242/1242 1241/1241/1241 1240/1240/1240
f 1242/1242/1242 1240/1240/1240 1243/1243/1243
f 1242/1242/1242 1243/1243/1243 1099/1099/1099
f 1242/1242/1242 1099/1099/1099 1098/1098/1098
f 1242/1242/1242 1098/1098/1098 1095/1095/1095
f 1242/1242/1242 1095/1095/1095 1237/1237/1237
f 1242/1242/1242 1237/1237/1237 1234/1234/1234
f 1242/1242/1242 1234/1234/1234 1241/1241/1241
f 1244/1244/1244 190/190/190 189/189/189
f 1244/1244/1244 189/189/189 1180/1180/1180
f 1244/1244/1244 1180/1180/1180 1179/1179/1179
f 1244/1244/1244 1179/1179/1179 1245/1245/1245
f 1244/1244/1244 1245/1245/1245 1240/1240/1240
f 1244/1244/1244 1240/1240/1240 1239/1239/1239
f 1244/1244/1244 1239/1239/1239 148/148/148
f 1244/1244/1244 148/148/148 190/190/190
f 1246/1246/1246 1245/1245/1245 1179/1179/1179
f 1246/1246/1246 1179/1179/1179 1183/1183/1183
f 1246/1246/1246 1183/1183/1183 1060/1060/1060
f 1246/1246/1246 1060/1060/1060 1102/1102/1102
f 1246/1246/1246 1102/1102/1102 1099/1099/1099
f 1246/1246/1246 1099/1099/1099 1243/1243/1243
f 1246/1246/1246 1243/1243/1243 1240/1240/1240
f 1246/1246/1246 1240/1240/1240 1245/1245/1245
