v 2.061449 2.330372 -1.030607
v 2.061449 2.330372 -1.027753
v 2.061449 2.333644 -1.027753
v 2.061449 2.333644 -1.030607
v 2.079514 2.333643 -1.030607
v 2.079514 2.333643 -1.027753
v 2.079514 2.330372 -1.027753
v 2.079514 2.330372 -1.030607
v 2.061449 2.310286 -1.030607
v 2.061449 2.307954 -1.030607
v 2.061449 2.307954 -1.027753
v 2.061449 2.310286 -1.027753
v 2.079514 2.310286 -1.027753
v 2.079514 2.307954 -1.027753
v 2.079514 2.307954 -1.030607
v 2.079514 2.310286 -1.030607
v 2.079514 2.310286 -1.010011
v 2.079514 2.307954 -1.010011
v 2.079514 2.307954 -1.012865
v 2.079514 2.310286 -1.012865
v 2.061449 2.310286 -1.012865
v 2.061449 2.307954 -1.012865
v 2.061449 2.307954 -1.010011
v 2.061449 2.310286 -1.010011
v 2.079514 2.333643 -1.012865
v 2.079514 2.333643 -1.010011
v 2.079514 2.330372 -1.010011
v 2.079514 2.330372 -1.012865
v 2.061449 2.330372 -1.012865
v 2.061449 2.330372 -1.010011
v 2.061449 2.333644 -1.010011
v 2.061449 2.333644 -1.012865
v 2.061449 2.310286 -0.972170
v 2.061449 2.307954 -0.972170
v 2.061449 2.307954 -0.969317
v 2.061449 2.310286 -0.969317
v 2.079514 2.310286 -0.969317
v 2.079514 2.307954 -0.969317
v 2.079514 2.307954 -0.972170
v 2.079514 2.310286 -0.972170
v 2.079514 2.310286 -0.987059
v 2.079514 2.307954 -0.987059
v 2.079514 2.307954 -0.989912
v 2.079514 2.310286 -0.989912
v 2.061449 2.310286 -0.989912
v 2.061449 2.307954 -0.989912
v 2.061449 2.307954 -0.987059
v 2.061449 2.310286 -0.987059
v 2.079514 2.333643 -0.989912
v 2.079514 2.333643 -0.987059
v 2.079514 2.330372 -0.987059
v 2.079514 2.330372 -0.989912
v 2.061449 2.330372 -0.989912
v 2.061449 2.330372 -0.987059
v 2.061449 2.333644 -0.987059
v 2.061449 2.333644 -0.989912
v 2.072145 2.299896 -1.094188
v 2.070482 2.300585 -1.094188
v 2.070482 2.299232 -1.093951
v 2.071188 2.298940 -1.093951
v 2.071481 2.298234 -1.093951
v 2.072833 2.298234 -1.094188
v 2.072145 2.296571 -1.094188
v 2.071188 2.297527 -1.093951
v 2.070482 2.297235 -1.093951
v 2.070482 2.295882 -1.094188
v 2.068819 2.296571 -1.094188
v 2.069775 2.297527 -1.093951
v 2.069483 2.298234 -1.093951
v 2.068130 2.298234 -1.094188
v 2.069775 2.298940 -1.093951
v 2.068819 2.299896 -1.094188
v 2.070482 2.298234 -1.093932
v 2.069775 2.317449 -1.093914
v 2.069483 2.316742 -1.093914
v 2.069775 2.316036 -1.093914
v 2.070482 2.316742 -1.093895
v 2.070482 2.315743 -1.093914
v 2.071188 2.316036 -1.093914
v 2.071481 2.316742 -1.093914
v 2.071188 2.317449 -1.093914
v 2.070482 2.317741 -1.093914
v 2.070482 2.319094 -1.094151
v 2.068819 2.318405 -1.094151
v 2.068130 2.316742 -1.094151
v 2.068819 2.315079 -1.094151
v 2.070482 2.314391 -1.094151
v 2.072145 2.315079 -1.094151
v 2.072833 2.316742 -1.094151
v 2.072145 2.318405 -1.094151
v 2.151290 2.320022 -0.977960
v 2.151381 2.317157 -0.979614
v 2.151290 2.320022 -0.981269
v 2.151290 2.320466 -0.979614
v 2.151290 2.317157 -0.982923
v 2.151290 2.318811 -0.982480
v 2.151290 2.314291 -0.981269
v 2.151290 2.315502 -0.982480
v 2.151290 2.314291 -0.977960
v 2.151290 2.313848 -0.979614
v 2.151290 2.317157 -0.976306
v 2.151290 2.315502 -0.976749
v 2.151290 2.318811 -0.976749
v 2.150981 2.320553 -0.985497
v 2.150981 2.317157 -0.986407
v 2.150264 2.317157 -0.986407
v 2.150264 2.320553 -0.985497
v 1.431700 2.317157 -0.986407
v 1.431700 2.320553 -0.985497
v 2.150981 2.323039 -0.983011
v 2.150264 2.323039 -0.983011
v 1.431700 2.323039 -0.983011
v 2.150981 2.323949 -0.979614
v 2.150264 2.323949 -0.979614
v 1.431700 2.323949 -0.979614
v 2.150981 2.323039 -0.976218
v 2.150981 2.323949 -0.979614
v 2.150264 2.323949 -0.979614
v 2.150264 2.323039 -0.976218
v 1.431700 2.323949 -0.979614
v 1.431700 2.323039 -0.976218
v 2.150981 2.320553 -0.973732
v 2.150264 2.320553 -0.973732
v 1.431700 2.320553 -0.973732
v 2.150981 2.317157 -0.972822
v 2.150264 2.317157 -0.972822
v 1.431700 2.317157 -0.972822
v 2.150981 2.313761 -0.973732
v 2.150264 2.313761 -0.973732
v 1.431700 2.313761 -0.973732
v 2.150981 2.311274 -0.976218
v 2.150264 2.311274 -0.976218
v 1.431700 2.311274 -0.976218
v 2.150981 2.310364 -0.979614
v 2.150264 2.310364 -0.979614
v 1.431700 2.310364 -0.979614
v 2.150981 2.311274 -0.983011
v 2.150264 2.311274 -0.983011
v 1.431700 2.311274 -0.983011
v 2.150981 2.313761 -0.985497
v 2.150264 2.313761 -0.985497
v 1.431700 2.313761 -0.985497
v 2.150981 2.317157 -0.986407
v 2.150981 2.320553 -0.985497
v 2.151051 2.320161 -0.984817
v 2.151051 2.317157 -0.985622
v 2.150981 2.323039 -0.983011
v 2.151051 2.322360 -0.982618
v 2.150981 2.323949 -0.979614
v 2.151051 2.323164 -0.979614
v 2.150981 2.323039 -0.976218
v 2.151051 2.322360 -0.976611
v 2.150981 2.320553 -0.973732
v 2.151051 2.320161 -0.974412
v 2.150981 2.317157 -0.972822
v 2.151051 2.317157 -0.973607
v 2.150981 2.313761 -0.973732
v 2.151051 2.314153 -0.974412
v 2.150981 2.311274 -0.976218
v 2.151051 2.311954 -0.976611
v 2.150981 2.310364 -0.979614
v 2.151051 2.311149 -0.979614
v 2.150981 2.311274 -0.983011
v 2.151051 2.311954 -0.982618
v 2.150981 2.313761 -0.985497
v 2.151051 2.314153 -0.984817
v 2.079514 2.333643 -1.094529
v 2.079514 2.333643 -1.092694
v 2.079514 2.330372 -1.092694
v 2.079514 2.330372 -1.094529
v 2.061449 2.330372 -1.094529
v 2.061449 2.330372 -1.092694
v 2.061449 2.333644 -1.092694
v 2.061449 2.333644 -1.094529
v 2.079514 2.330372 -1.097470
v 2.078236 2.330372 -1.097470
v 2.078236 2.333643 -1.097470
v 2.079514 2.333643 -1.097470
v 2.078236 2.333643 -1.027753
v 2.079514 2.333643 -1.027753
v 2.079514 2.333643 -1.030607
v 2.078236 2.333643 -1.030607
v 2.078236 2.330372 -1.027753
v 2.079514 2.330372 -1.027753
v 2.079514 2.307954 -1.030607
v 2.078236 2.307954 -1.030607
v 2.078236 2.310286 -1.030607
v 2.079514 2.310286 -1.030607
v 2.079514 2.307954 -1.027753
v 2.078236 2.307954 -1.027753
v 2.079514 2.307954 -1.010011
v 2.078236 2.307954 -1.010011
v 2.078236 2.307954 -1.012865
v 2.079514 2.307954 -1.012865
v 2.078236 2.333643 -1.010011
v 2.079514 2.333643 -1.010011
v 2.079514 2.333643 -1.012865
v 2.078236 2.333643 -1.012865
v 2.078236 2.336484 -0.969317
v 2.079514 2.336484 -0.969317
v 2.079514 2.336484 -0.972170
v 2.078236 2.336484 -0.972170
v 2.079514 2.307954 -0.969317
v 2.078236 2.307954 -0.969317
v 2.078236 2.307954 -0.972170
v 2.079514 2.307954 -0.972170
v 2.079514 2.307954 -0.987059
v 2.078236 2.307954 -0.987059
v 2.078236 2.307954 -0.989912
v 2.079514 2.307954 -0.989912
v 2.078236 2.310286 -0.989912
v 2.079514 2.310286 -0.989912
v 2.079514 2.333643 -0.987059
v 2.078236 2.333643 -0.987059
v 2.078236 2.330372 -0.987059
v 2.079514 2.330372 -0.987059
v 2.079514 2.333643 -0.989912
v 2.078236 2.333643 -0.989912
v 2.079514 2.310286 -0.969317
v 2.078236 2.310286 -0.969317
v 2.079514 2.310286 -1.010011
v 2.078236 2.310286 -1.010011
v 2.079514 2.330372 -1.012865
v 2.078236 2.330372 -1.012865
v 2.079514 2.286918 -1.097470
v 2.078236 2.286918 -1.097470
v 2.078236 2.287447 -1.097470
v 2.079514 2.287447 -1.097470
v 2.079514 2.287447 -1.094529
v 2.078236 2.287447 -1.094529
v 2.078236 2.286918 -1.094529
v 2.079514 2.286918 -1.094529
v 2.079514 2.329776 -1.097470
v 2.078236 2.329776 -1.097470
v 2.079514 2.329776 -1.094529
v 2.078236 2.329776 -1.094529
v 2.079514 2.330372 -1.094529
v 2.078236 2.330372 -1.094529
v 2.079514 2.330372 -1.092694
v 2.078236 2.330372 -1.092694
v 2.078236 2.333643 -1.092694
v 2.079514 2.333643 -1.092694
v 2.079514 2.333643 -1.094529
v 2.078236 2.333643 -1.094529
v 2.062613 2.330372 -1.097470
v 2.062613 2.333644 -1.097470
v 2.061449 2.330372 -1.097470
v 2.061449 2.333644 -1.097470
v 2.061449 2.333644 -1.027753
v 2.062613 2.333644 -1.027753
v 2.062613 2.333644 -1.030607
v 2.061449 2.333644 -1.030607
v 2.062613 2.330372 -1.027753
v 2.061449 2.330372 -1.027753
v 2.062613 2.307954 -1.030607
v 2.062613 2.310286 -1.030607
v 2.061449 2.307954 -1.030607
v 2.061449 2.310286 -1.030607
v 2.062613 2.307954 -1.027753
v 2.061449 2.307954 -1.027753
v 2.062613 2.307954 -1.010011
v 2.062613 2.307954 -1.012865
v 2.061449 2.307954 -1.010011
v 2.061449 2.307954 -1.012865
v 2.061449 2.333644 -1.010011
v 2.062613 2.333644 -1.010011
v 2.062613 2.333644 -1.012865
v 2.061449 2.333644 -1.012865
v 2.061449 2.336484 -0.969317
v 2.062613 2.336484 -0.969317
v 2.062613 2.336484 -0.972170
v 2.061449 2.336484 -0.972170
v 2.062613 2.307954 -0.969317
v 2.062613 2.307954 -0.972170
v 2.061449 2.307954 -0.969317
v 2.061449 2.307954 -0.972170
v 2.062613 2.307954 -0.987059
v 2.062613 2.307954 -0.989912
v 2.061449 2.307954 -0.987059
v 2.061449 2.307954 -0.989912
v 2.062613 2.310286 -0.989912
v 2.061449 2.310286 -0.989912
v 2.062613 2.333644 -0.987059
v 2.062613 2.330372 -0.987059
v 2.061449 2.333644 -0.987059
v 2.061449 2.330372 -0.987059
v 2.062613 2.333644 -0.989912
v 2.061449 2.333644 -0.989912
v 2.062613 2.310286 -0.969317
v 2.061449 2.310286 -0.969317
v 2.062613 2.310286 -1.010011
v 2.061449 2.310286 -1.010011
v 2.062613 2.330372 -1.012865
v 2.061449 2.330372 -1.012865
v 2.062613 2.286918 -1.097470
v 2.062613 2.287447 -1.097470
v 2.061449 2.286918 -1.097470
v 2.061449 2.287447 -1.097470
v 2.062613 2.287447 -1.094529
v 2.062613 2.286918 -1.094529
v 2.061449 2.287447 -1.094529
v 2.061449 2.286918 -1.094529
v 2.062613 2.329776 -1.097470
v 2.061449 2.329776 -1.097470
v 2.062613 2.329776 -1.094529
v 2.061449 2.329776 -1.094529
v 2.062613 2.330372 -1.094529
v 2.061449 2.330372 -1.094529
v 2.062613 2.330372 -1.092694
v 2.061449 2.330372 -1.092694
v 2.061449 2.333644 -1.092694
v 2.062613 2.333644 -1.092694
v 2.062613 2.333644 -1.094529
v 2.061449 2.333644 -1.094529
v 2.061449 2.330372 -1.097470
v 2.061449 2.330372 -1.097232
v 2.061449 2.333644 -1.097232
v 2.061449 2.333644 -1.097470
v 2.079514 2.330372 -1.097232
v 2.079514 2.330372 -1.097470
v 2.079514 2.333643 -1.097470
v 2.079514 2.333643 -1.097232
v 2.061449 2.287447 -1.097232
v 2.061449 2.287447 -1.097470
v 2.061449 2.286918 -1.097470
v 2.061449 2.286918 -1.097232
v 2.079514 2.286918 -1.097232
v 2.079514 2.286918 -1.097470
v 2.079514 2.287447 -1.097470
v 2.079514 2.287447 -1.097232
v 2.061449 2.329776 -1.097232
v 2.061449 2.329776 -1.097470
v 2.079514 2.329776 -1.097232
v 2.079514 2.329776 -1.097470
v 2.079514 2.333643 -1.097232
v 2.078236 2.333643 -1.097232
v 2.078236 2.286918 -1.097232
v 2.078236 2.286918 -1.097470
v 2.079514 2.286918 -1.097470
v 2.079514 2.286918 -1.097232
v 2.062613 2.333644 -1.097232
v 2.061449 2.333644 -1.097232
v 2.062613 2.286918 -1.097232
v 2.062613 2.286918 -1.097470
v 2.061449 2.286918 -1.097232
v 2.061449 2.286918 -1.097470
v 2.061449 2.330372 -1.094746
v 2.061449 2.333644 -1.094746
v 2.079514 2.330372 -1.094746
v 2.079514 2.333643 -1.094746
v 2.061449 2.287447 -1.094529
v 2.061449 2.287447 -1.094746
v 2.061449 2.286918 -1.094746
v 2.061449 2.286918 -1.094529
v 2.079514 2.286918 -1.094529
v 2.079514 2.286918 -1.094746
v 2.079514 2.287447 -1.094746
v 2.079514 2.287447 -1.094529
v 2.061449 2.329776 -1.094529
v 2.061449 2.329776 -1.094746
v 2.079514 2.329776 -1.094529
v 2.079514 2.329776 -1.094746
v 2.079514 2.333643 -1.094746
v 2.078236 2.333643 -1.094746
v 2.078236 2.286918 -1.094746
v 2.079514 2.286918 -1.094746
v 2.062613 2.333644 -1.094746
v 2.061449 2.333644 -1.094746
v 2.062613 2.286918 -1.094746
v 2.061449 2.286918 -1.094746
v 2.068759 2.299956 -1.094529
v 2.068772 2.299943 -1.094455
v 2.070482 2.300651 -1.094455
v 2.070482 2.300669 -1.094529
v 2.068046 2.298234 -1.094529
v 2.068064 2.298234 -1.094455
v 2.068759 2.296511 -1.094529
v 2.068772 2.296524 -1.094455
v 2.070482 2.295798 -1.094529
v 2.070482 2.295816 -1.094455
v 2.072204 2.296511 -1.094529
v 2.072191 2.296524 -1.094455
v 2.072917 2.298234 -1.094529
v 2.072899 2.298234 -1.094455
v 2.072204 2.299956 -1.094529
v 2.072191 2.299943 -1.094455
v 2.068796 2.299919 -1.094318
v 2.070482 2.300617 -1.094318
v 2.068098 2.298234 -1.094318
v 2.068796 2.296548 -1.094318
v 2.070482 2.295850 -1.094318
v 2.072167 2.296548 -1.094318
v 2.072865 2.298234 -1.094318
v 2.072167 2.299919 -1.094318
v 2.071281 2.299033 -1.094529
v 2.071281 2.299033 -1.094624
v 2.070482 2.299365 -1.094624
v 2.070482 2.299365 -1.094529
v 2.071281 2.299033 -1.097079
v 2.070482 2.299365 -1.097079
v 2.071613 2.298234 -1.094529
v 2.071613 2.298234 -1.094624
v 2.071613 2.298234 -1.097079
v 2.071281 2.297434 -1.094529
v 2.071281 2.297434 -1.094624
v 2.071281 2.297434 -1.097079
v 2.070482 2.297102 -1.094529
v 2.070482 2.297102 -1.094624
v 2.070482 2.297102 -1.097079
v 2.069682 2.297434 -1.094529
v 2.069682 2.297434 -1.094624
v 2.069682 2.297434 -1.097079
v 2.069350 2.298234 -1.094529
v 2.069350 2.298234 -1.094624
v 2.069350 2.298234 -1.097079
v 2.069682 2.299033 -1.094529
v 2.069682 2.299033 -1.094624
v 2.069682 2.299033 -1.097079
v 2.070482 2.299457 -1.094529
v 2.069617 2.299098 -1.094529
v 2.069258 2.298234 -1.094529
v 2.069617 2.297369 -1.094529
v 2.070482 2.297010 -1.094529
v 2.071347 2.297369 -1.094529
v 2.071705 2.298234 -1.094529
v 2.071347 2.299098 -1.094529
v 2.070482 2.300570 -1.094529
v 2.068830 2.299886 -1.094529
v 2.068145 2.298234 -1.094529
v 2.068830 2.296581 -1.094529
v 2.070482 2.295897 -1.094529
v 2.072134 2.296581 -1.094529
v 2.072818 2.298234 -1.094529
v 2.072134 2.299886 -1.094529
v 2.070482 2.317873 -1.094492
v 2.070482 2.317873 -1.094571
v 2.069682 2.317542 -1.094571
v 2.069682 2.317542 -1.094492
v 2.070482 2.317873 -1.097042
v 2.069682 2.317542 -1.097042
v 2.069350 2.316742 -1.094571
v 2.069350 2.316742 -1.094492
v 2.069350 2.316742 -1.097042
v 2.069682 2.315943 -1.094571
v 2.069682 2.315943 -1.094492
v 2.069682 2.315943 -1.097042
v 2.070482 2.315611 -1.094571
v 2.070482 2.315611 -1.094492
v 2.070482 2.315611 -1.097042
v 2.071281 2.315943 -1.094571
v 2.071281 2.315943 -1.094492
v 2.071281 2.315943 -1.097042
v 2.071613 2.316742 -1.094571
v 2.071613 2.316742 -1.094492
v 2.071613 2.316742 -1.097042
v 2.071281 2.317542 -1.094571
v 2.071281 2.317542 -1.094492
v 2.071281 2.317542 -1.097042
v 2.071334 2.317595 -1.094492
v 2.070482 2.317947 -1.094492
v 2.071687 2.316742 -1.094492
v 2.071334 2.315890 -1.094492
v 2.070482 2.315537 -1.094492
v 2.069629 2.315890 -1.094492
v 2.069276 2.316742 -1.094492
v 2.069629 2.317595 -1.094492
v 2.072204 2.318465 -1.094492
v 2.072133 2.318394 -1.094492
v 2.070482 2.319078 -1.094492
v 2.070482 2.319178 -1.094492
v 2.072917 2.316742 -1.094492
v 2.072817 2.316742 -1.094492
v 2.072204 2.315020 -1.094492
v 2.072133 2.315091 -1.094492
v 2.070482 2.314307 -1.094492
v 2.070482 2.314407 -1.094492
v 2.068759 2.315020 -1.094492
v 2.068830 2.315091 -1.094492
v 2.068046 2.316742 -1.094492
v 2.068146 2.316742 -1.094492
v 2.068759 2.318465 -1.094492
v 2.068830 2.318394 -1.094492
v 2.070482 2.319165 -1.094440
v 2.072195 2.318455 -1.094440
v 2.072904 2.316742 -1.094440
v 2.072195 2.315029 -1.094440
v 2.070482 2.314320 -1.094440
v 2.068769 2.315029 -1.094440
v 2.068059 2.316742 -1.094440
v 2.068769 2.318455 -1.094440
v 2.070482 2.319129 -1.094296
v 2.072170 2.318430 -1.094296
v 2.072869 2.316742 -1.094296
v 2.072170 2.315054 -1.094296
v 2.070482 2.314355 -1.094296
v 2.068794 2.315054 -1.094296
v 2.068094 2.316742 -1.094296
v 2.068794 2.318430 -1.094296
v 2.079514 2.333643 -1.035083
v 2.079514 2.330372 -1.035083
v 2.061449 2.330372 -1.035083
v 2.061449 2.333644 -1.035083
v 2.078236 2.330372 -1.030607
v 2.078236 2.330372 -1.035083
v 2.079514 2.330372 -1.035083
v 2.079514 2.330372 -1.030607
v 2.079514 2.333643 -1.035083
v 2.078236 2.333643 -1.035083
v 2.062613 2.330372 -1.030607
v 2.062613 2.330372 -1.035083
v 2.061449 2.330372 -1.030607
v 2.061449 2.330372 -1.035083
v 2.062613 2.333644 -1.035083
v 2.061449 2.333644 -1.035083
v 2.079514 2.326348 -1.027753
v 2.079514 2.326348 -1.030607
v 2.061449 2.326348 -1.030607
v 2.061449 2.326348 -1.027753
v 2.079514 2.326348 -1.027753
v 2.078236 2.326348 -1.027753
v 2.078236 2.326348 -1.030607
v 2.079514 2.326348 -1.030607
v 2.062613 2.326348 -1.027753
v 2.061449 2.326348 -1.027753
v 2.062613 2.326348 -1.030607
v 2.061449 2.326348 -1.030607
v 2.079514 2.313713 -1.027753
v 2.079514 2.313713 -1.030607
v 2.061449 2.313713 -1.030607
v 2.061449 2.313713 -1.027753
v 2.079514 2.310286 -1.027753
v 2.079514 2.313713 -1.027753
v 2.078236 2.313713 -1.027753
v 2.078236 2.310286 -1.027753
v 2.078236 2.313713 -1.030607
v 2.079514 2.313713 -1.030607
v 2.062613 2.310286 -1.027753
v 2.062613 2.313713 -1.027753
v 2.061449 2.313713 -1.027753
v 2.061449 2.310286 -1.027753
v 2.062613 2.313713 -1.030607
v 2.061449 2.313713 -1.030607
v 2.079514 2.310286 -1.024504
v 2.079514 2.307954 -1.024504
v 2.061449 2.307954 -1.024504
v 2.061449 2.310286 -1.024504
v 2.078236 2.307954 -1.024504
v 2.079514 2.307954 -1.024504
v 2.079514 2.310286 -1.024504
v 2.078236 2.310286 -1.024504
v 2.062613 2.307954 -1.024504
v 2.061449 2.307954 -1.024504
v 2.062613 2.310286 -1.024504
v 2.061449 2.310286 -1.024504
v 2.079514 2.310286 -1.015894
v 2.079514 2.307954 -1.015894
v 2.061449 2.307954 -1.015894
v 2.061449 2.310286 -1.015894
v 2.078236 2.307954 -1.015894
v 2.079514 2.307954 -1.015894
v 2.079514 2.310286 -1.012865
v 2.079514 2.310286 -1.015894
v 2.078236 2.310286 -1.015894
v 2.078236 2.310286 -1.012865
v 2.062613 2.307954 -1.015894
v 2.061449 2.307954 -1.015894
v 2.062613 2.310286 -1.012865
v 2.062613 2.310286 -1.015894
v 2.061449 2.310286 -1.015894
v 2.061449 2.310286 -1.012865
v 2.061449 2.313591 -1.012865
v 2.061449 2.313591 -1.010011
v 2.079514 2.313591 -1.010011
v 2.079514 2.313591 -1.012865
v 2.078236 2.313591 -1.012865
v 2.079514 2.313591 -1.012865
v 2.079514 2.313591 -1.010011
v 2.078236 2.313591 -1.010011
v 2.062613 2.313591 -1.012865
v 2.061449 2.313591 -1.012865
v 2.062613 2.313591 -1.010011
v 2.061449 2.313591 -1.010011
v 2.061449 2.327546 -1.012865
v 2.061449 2.327546 -1.010011
v 2.079514 2.327546 -1.010011
v 2.079514 2.327546 -1.012865
v 2.078236 2.327546 -1.012865
v 2.079514 2.327546 -1.012865
v 2.079514 2.327546 -1.010011
v 2.078236 2.327546 -1.010011
v 2.079514 2.330372 -1.010011
v 2.078236 2.330372 -1.010011
v 2.062613 2.327546 -1.012865
v 2.061449 2.327546 -1.012865
v 2.062613 2.327546 -1.010011
v 2.061449 2.327546 -1.010011
v 2.062613 2.330372 -1.010011
v 2.061449 2.330372 -1.010011
v 2.061449 2.330372 -1.006723
v 2.061449 2.333644 -1.006723
v 2.079514 2.333643 -1.006723
v 2.079514 2.330372 -1.006723
v 2.079514 2.333643 -1.006723
v 2.078236 2.333643 -1.006723
v 2.078236 2.330372 -1.006723
v 2.079514 2.330372 -1.006723
v 2.062613 2.333644 -1.006723
v 2.061449 2.333644 -1.006723
v 2.062613 2.330372 -1.006723
v 2.061449 2.330372 -1.006723
v 2.061449 2.330372 -0.993004
v 2.061449 2.333644 -0.993004
v 2.079514 2.333643 -0.993004
v 2.079514 2.330372 -0.993004
v 2.079514 2.333643 -0.993004
v 2.078236 2.333643 -0.993004
v 2.078236 2.330372 -0.989912
v 2.078236 2.330372 -0.993004
v 2.079514 2.330372 -0.993004
v 2.079514 2.330372 -0.989912
v 2.062613 2.333644 -0.993004
v 2.061449 2.333644 -0.993004
v 2.062613 2.330372 -0.989912
v 2.062613 2.330372 -0.993004
v 2.061449 2.330372 -0.989912
v 2.061449 2.330372 -0.993004
v 2.061449 2.326452 -0.989912
v 2.061449 2.326452 -0.987059
v 2.079514 2.326452 -0.987059
v 2.079514 2.326452 -0.989912
v 2.078236 2.326452 -0.989912
v 2.079514 2.326452 -0.989912
v 2.079514 2.326452 -0.987059
v 2.078236 2.326452 -0.987059
v 2.062613 2.326452 -0.989912
v 2.061449 2.326452 -0.989912
v 2.062613 2.326452 -0.987059
v 2.061449 2.326452 -0.987059
v 2.061449 2.313384 -0.989912
v 2.061449 2.313384 -0.987059
v 2.079514 2.313384 -0.987059
v 2.079514 2.313384 -0.989912
v 2.078236 2.313384 -0.989912
v 2.079514 2.313384 -0.989912
v 2.079514 2.310286 -0.987059
v 2.079514 2.313384 -0.987059
v 2.078236 2.313384 -0.987059
v 2.078236 2.310286 -0.987059
v 2.062613 2.313384 -0.989912
v 2.061449 2.313384 -0.989912
v 2.062613 2.310286 -0.987059
v 2.062613 2.313384 -0.987059
v 2.061449 2.313384 -0.987059
v 2.061449 2.310286 -0.987059
v 2.061449 2.307954 -0.984611
v 2.061449 2.310286 -0.984611
v 2.079514 2.310286 -0.984611
v 2.079514 2.307954 -0.984611
v 2.079514 2.310286 -0.984611
v 2.078236 2.310286 -0.984611
v 2.078236 2.307954 -0.984611
v 2.079514 2.307954 -0.984611
v 2.062613 2.310286 -0.984611
v 2.061449 2.310286 -0.984611
v 2.062613 2.307954 -0.984611
v 2.061449 2.307954 -0.984611
v 2.061449 2.307954 -0.975536
v 2.061449 2.310286 -0.975536
v 2.079514 2.310286 -0.975536
v 2.079514 2.307954 -0.975536
v 2.079514 2.310286 -0.972170
v 2.079514 2.310286 -0.975536
v 2.078236 2.310286 -0.975536
v 2.078236 2.310286 -0.972170
v 2.078236 2.307954 -0.975536
v 2.079514 2.307954 -0.975536
v 2.062613 2.310286 -0.972170
v 2.062613 2.310286 -0.975536
v 2.061449 2.310286 -0.975536
v 2.061449 2.310286 -0.972170
v 2.062613 2.307954 -0.975536
v 2.061449 2.307954 -0.975536
v 2.079514 2.313828 -0.969317
v 2.079514 2.313828 -0.972170
v 2.061449 2.313828 -0.972170
v 2.061449 2.313828 -0.969317
v 2.079514 2.313828 -0.969317
v 2.078236 2.313828 -0.969317
v 2.078236 2.313828 -0.972170
v 2.079514 2.313828 -0.972170
v 2.062613 2.313828 -0.969317
v 2.061449 2.313828 -0.969317
v 2.062613 2.313828 -0.972170
v 2.061449 2.313828 -0.972170
v 2.079514 2.336484 -0.969317
v 2.079514 2.335146 -0.969317
v 2.079514 2.335146 -0.972170
v 2.079514 2.336484 -0.972170
v 2.061449 2.336484 -0.972170
v 2.061449 2.335146 -0.972170
v 2.061449 2.335146 -0.969317
v 2.061449 2.336484 -0.969317
v 2.079514 2.335146 -0.969317
v 2.078236 2.335146 -0.969317
v 2.078236 2.335146 -0.972170
v 2.079514 2.335146 -0.972170
v 2.078236 2.336484 -0.972170
v 2.079514 2.336484 -0.972170
v 2.062613 2.335146 -0.969317
v 2.061449 2.335146 -0.969317
v 2.062613 2.335146 -0.972170
v 2.062613 2.336484 -0.972170
v 2.061449 2.335146 -0.972170
v 2.061449 2.336484 -0.972170
v 0.801950 2.330372 -1.030607
v 0.801950 2.333644 -1.030607
v 0.801950 2.333644 -1.027753
v 0.801950 2.330372 -1.027753
v 0.783886 2.333643 -1.030607
v 0.783886 2.330372 -1.030607
v 0.783886 2.330372 -1.027753
v 0.783886 2.333643 -1.027753
v 0.801950 2.310286 -1.030607
v 0.801950 2.310286 -1.027753
v 0.801950 2.307954 -1.027753
v 0.801950 2.307954 -1.030607
v 0.783886 2.310286 -1.027753
v 0.783886 2.310286 -1.030607
v 0.783886 2.307954 -1.030607
v 0.783886 2.307954 -1.027753
v 0.783886 2.310286 -1.010011
v 0.783886 2.310286 -1.012865
v 0.783886 2.307954 -1.012865
v 0.783886 2.307954 -1.010011
v 0.801950 2.310286 -1.012865
v 0.801950 2.310286 -1.010011
v 0.801950 2.307954 -1.010011
v 0.801950 2.307954 -1.012865
v 0.783886 2.333643 -1.012865
v 0.783886 2.330372 -1.012865
v 0.783886 2.330372 -1.010011
v 0.783886 2.333643 -1.010011
v 0.801950 2.330372 -1.012865
v 0.801950 2.333644 -1.012865
v 0.801950 2.333644 -1.010011
v 0.801950 2.330372 -1.010011
v 0.801950 2.310286 -0.972170
v 0.801950 2.310286 -0.969317
v 0.801950 2.307954 -0.969317
v 0.801950 2.307954 -0.972170
v 0.783886 2.310286 -0.969317
v 0.783886 2.310286 -0.972170
v 0.783886 2.307954 -0.972170
v 0.783886 2.307954 -0.969317
v 0.783886 2.310286 -0.987059
v 0.783886 2.310286 -0.989912
v 0.783886 2.307954 -0.989912
v 0.783886 2.307954 -0.987059
v 0.801950 2.310286 -0.989912
v 0.801950 2.310286 -0.987059
v 0.801950 2.307954 -0.987059
v 0.801950 2.307954 -0.989912
v 0.783886 2.333643 -0.989912
v 0.783886 2.330372 -0.989912
v 0.783886 2.330372 -0.987059
v 0.783886 2.333643 -0.987059
v 0.801950 2.330372 -0.989912
v 0.801950 2.333644 -0.989912
v 0.801950 2.333644 -0.987059
v 0.801950 2.330372 -0.987059
v 0.791255 2.299896 -1.094188
v 0.792212 2.298940 -1.093951
v 0.792918 2.299232 -1.093951
v 0.792918 2.300585 -1.094188
v 0.790566 2.298234 -1.094188
v 0.791919 2.298234 -1.093951
v 0.791255 2.296571 -1.094188
v 0.792212 2.297527 -1.093951
v 0.792918 2.295882 -1.094188
v 0.792918 2.297235 -1.093951
v 0.794581 2.296571 -1.094188
v 0.793624 2.297527 -1.093951
v 0.795270 2.298234 -1.094188
v 0.793917 2.298234 -1.093951
v 0.794581 2.299896 -1.094188
v 0.793624 2.298940 -1.093951
v 0.792918 2.298234 -1.093932
v 0.793624 2.317449 -1.093914
v 0.792918 2.316742 -1.093895
v 0.793624 2.316036 -1.093914
v 0.793917 2.316742 -1.093914
v 0.792212 2.316036 -1.093914
v 0.792918 2.315743 -1.093914
v 0.792212 2.317449 -1.093914
v 0.791919 2.316742 -1.093914
v 0.792918 2.317741 -1.093914
v 0.792918 2.319094 -1.094151
v 0.794581 2.318405 -1.094151
v 0.795270 2.316742 -1.094151
v 0.794581 2.315079 -1.094151
v 0.792918 2.314391 -1.094151
v 0.791255 2.315079 -1.094151
v 0.790566 2.316742 -1.094151
v 0.791255 2.318405 -1.094151
v 0.712110 2.320022 -0.977960
v 0.712110 2.320466 -0.979614
v 0.712110 2.320022 -0.981269
v 0.712018 2.317157 -0.979614
v 0.712110 2.318811 -0.982480
v 0.712110 2.317157 -0.982923
v 0.712110 2.315502 -0.982480
v 0.712110 2.314291 -0.981269
v 0.712110 2.313848 -0.979614
v 0.712110 2.314291 -0.977960
v 0.712110 2.315502 -0.976749
v 0.712110 2.317157 -0.976306
v 0.712110 2.318811 -0.976749
v 0.712418 2.320553 -0.985497
v 0.713135 2.320553 -0.985497
v 0.713135 2.317157 -0.986407
v 0.712418 2.317157 -0.986407
v 0.712418 2.323039 -0.983011
v 0.713135 2.323039 -0.983011
v 0.712418 2.323949 -0.979614
v 0.713135 2.323949 -0.979614
v 0.712418 2.323039 -0.976218
v 0.713135 2.323039 -0.976218
v 0.713135 2.323949 -0.979614
v 0.712418 2.323949 -0.979614
v 0.712418 2.320553 -0.973732
v 0.713135 2.320553 -0.973732
v 0.712418 2.317157 -0.972822
v 0.713135 2.317157 -0.972822
v 0.712418 2.313761 -0.973732
v 0.713135 2.313761 -0.973732
v 0.712418 2.311274 -0.976218
v 0.713135 2.311274 -0.976218
v 0.712418 2.310364 -0.979614
v 0.713135 2.310364 -0.979614
v 0.712418 2.311274 -0.983011
v 0.713135 2.311274 -0.983011
v 0.712418 2.313761 -0.985497
v 0.713135 2.313761 -0.985497
v 0.712418 2.317157 -0.986407
v 0.712349 2.317157 -0.985622
v 0.712349 2.320161 -0.984817
v 0.712418 2.320553 -0.985497
v 0.712349 2.322360 -0.982618
v 0.712418 2.323039 -0.983011
v 0.712349 2.323164 -0.979614
v 0.712418 2.323949 -0.979614
v 0.712349 2.322360 -0.976611
v 0.712418 2.323039 -0.976218
v 0.712349 2.320161 -0.974412
v 0.712418 2.320553 -0.973732
v 0.712349 2.317157 -0.973607
v 0.712418 2.317157 -0.972822
v 0.712349 2.314153 -0.974412
v 0.712418 2.313761 -0.973732
v 0.712349 2.311954 -0.976611
v 0.712418 2.311274 -0.976218
v 0.712349 2.311149 -0.979614
v 0.712418 2.310364 -0.979614
v 0.712349 2.311954 -0.982618
v 0.712418 2.311274 -0.983011
v 0.712349 2.314153 -0.984817
v 0.712418 2.313761 -0.985497
v 0.783886 2.333643 -1.094529
v 0.783886 2.330372 -1.094529
v 0.783886 2.330372 -1.092694
v 0.783886 2.333643 -1.092694
v 0.801950 2.330372 -1.094529
v 0.801950 2.333644 -1.094529
v 0.801950 2.333644 -1.092694
v 0.801950 2.330372 -1.092694
v 0.783886 2.330372 -1.097470
v 0.783886 2.333643 -1.097470
v 0.785163 2.333643 -1.097470
v 0.785163 2.330372 -1.097470
v 0.785163 2.333643 -1.027753
v 0.785163 2.333643 -1.030607
v 0.783886 2.333643 -1.030607
v 0.783886 2.333643 -1.027753
v 0.783886 2.330372 -1.027753
v 0.785163 2.330372 -1.027753
v 0.783886 2.307954 -1.030607
v 0.783886 2.310286 -1.030607
v 0.785164 2.310286 -1.030607
v 0.785164 2.307954 -1.030607
v 0.783886 2.307954 -1.027753
v 0.785164 2.307954 -1.027753
v 0.783886 2.307954 -1.010011
v 0.783886 2.307954 -1.012865
v 0.785164 2.307954 -1.012865
v 0.785164 2.307954 -1.010011
v 0.785163 2.333643 -1.010011
v 0.785163 2.333643 -1.012865
v 0.783886 2.333643 -1.012865
v 0.783886 2.333643 -1.010011
v 0.785163 2.336484 -0.969317
v 0.785163 2.336484 -0.972170
v 0.783886 2.336484 -0.972170
v 0.783886 2.336484 -0.969317
v 0.783886 2.307954 -0.969317
v 0.783886 2.307954 -0.972170
v 0.785164 2.307954 -0.972170
v 0.785164 2.307954 -0.969317
v 0.783886 2.307954 -0.987059
v 0.783886 2.307954 -0.989912
v 0.785164 2.307954 -0.989912
v 0.785164 2.307954 -0.987059
v 0.783886 2.310286 -0.989912
v 0.785164 2.310286 -0.989912
v 0.783886 2.333643 -0.987059
v 0.783886 2.330372 -0.987059
v 0.785163 2.330372 -0.987059
v 0.785163 2.333643 -0.987059
v 0.785163 2.333643 -0.989912
v 0.783886 2.333643 -0.989912
v 0.783886 2.310286 -0.969317
v 0.785164 2.310286 -0.969317
v 0.783886 2.310286 -1.010011
v 0.785164 2.310286 -1.010011
v 0.785163 2.330372 -1.012865
v 0.783886 2.330372 -1.012865
v 0.783886 2.286918 -1.097470
v 0.783886 2.287447 -1.097470
v 0.785163 2.287447 -1.097470
v 0.785163 2.286918 -1.097470
v 0.783886 2.287447 -1.094529
v 0.783886 2.286918 -1.094529
v 0.785163 2.286918 -1.094529
v 0.785163 2.287447 -1.094529
v 0.785163 2.329776 -1.097470
v 0.783886 2.329776 -1.097470
v 0.783886 2.329776 -1.094529
v 0.785163 2.329776 -1.094529
v 0.783886 2.330372 -1.094529
v 0.785163 2.330372 -1.094529
v 0.783886 2.330372 -1.092694
v 0.785163 2.330372 -1.092694
v 0.785163 2.333643 -1.092694
v 0.785163 2.333643 -1.094529
v 0.783886 2.333643 -1.094529
v 0.783886 2.333643 -1.092694
v 0.800787 2.333644 -1.097470
v 0.800787 2.330372 -1.097470
v 0.801950 2.333644 -1.097470
v 0.801950 2.330372 -1.097470
v 0.801950 2.333644 -1.027753
v 0.801950 2.333644 -1.030607
v 0.800787 2.333644 -1.030607
v 0.800787 2.333644 -1.027753
v 0.800787 2.330372 -1.027753
v 0.801950 2.330372 -1.027753
v 0.800787 2.310286 -1.030607
v 0.800787 2.307954 -1.030607
v 0.801950 2.310286 -1.030607
v 0.801950 2.307954 -1.030607
v 0.800787 2.307954 -1.027753
v 0.801950 2.307954 -1.027753
v 0.800787 2.307954 -1.012865
v 0.800787 2.307954 -1.010011
v 0.801950 2.307954 -1.012865
v 0.801950 2.307954 -1.010011
v 0.801950 2.333644 -1.010011
v 0.801950 2.333644 -1.012865
v 0.800787 2.333644 -1.012865
v 0.800787 2.333644 -1.010011
v 0.801950 2.336484 -0.969317
v 0.801950 2.336484 -0.972170
v 0.800787 2.336484 -0.972170
v 0.800787 2.336484 -0.969317
v 0.800787 2.307954 -0.972170
v 0.800787 2.307954 -0.969317
v 0.801950 2.307954 -0.972170
v 0.801950 2.307954 -0.969317
v 0.800787 2.307954 -0.989912
v 0.800787 2.307954 -0.987059
v 0.801950 2.307954 -0.989912
v 0.801950 2.307954 -0.987059
v 0.800787 2.310286 -0.989912
v 0.801950 2.310286 -0.989912
v 0.800787 2.330372 -0.987059
v 0.800787 2.333644 -0.987059
v 0.801950 2.330372 -0.987059
v 0.801950 2.333644 -0.987059
v 0.801950 2.333644 -0.989912
v 0.800787 2.333644 -0.989912
v 0.800787 2.310286 -0.969317
v 0.801950 2.310286 -0.969317
v 0.800787 2.310286 -1.010011
v 0.801950 2.310286 -1.010011
v 0.801950 2.330372 -1.012865
v 0.800787 2.330372 -1.012865
v 0.800787 2.287447 -1.097470
v 0.800787 2.286918 -1.097470
v 0.801950 2.287447 -1.097470
v 0.801950 2.286918 -1.097470
v 0.800787 2.286918 -1.094529
v 0.800787 2.287447 -1.094529
v 0.801950 2.286918 -1.094529
v 0.801950 2.287447 -1.094529
v 0.800787 2.329776 -1.097470
v 0.801950 2.329776 -1.097470
v 0.800787 2.329776 -1.094529
v 0.801950 2.329776 -1.094529
v 0.800787 2.330372 -1.094529
v 0.801950 2.330372 -1.094529
v 0.800787 2.330372 -1.092694
v 0.801950 2.330372 -1.092694
v 0.801950 2.333644 -1.092694
v 0.801950 2.333644 -1.094529
v 0.800787 2.333644 -1.094529
v 0.800787 2.333644 -1.092694
v 0.801950 2.330372 -1.097470
v 0.801950 2.333644 -1.097470
v 0.801950 2.333644 -1.097232
v 0.801950 2.330372 -1.097232
v 0.783886 2.330372 -1.097232
v 0.783886 2.333643 -1.097232
v 0.783886 2.333643 -1.097470
v 0.783886 2.330372 -1.097470
v 0.801950 2.287447 -1.097232
v 0.801950 2.286918 -1.097232
v 0.801950 2.286918 -1.097470
v 0.801950 2.287447 -1.097470
v 0.783886 2.286918 -1.097232
v 0.783886 2.287447 -1.097232
v 0.783886 2.287447 -1.097470
v 0.783886 2.286918 -1.097470
v 0.801950 2.329776 -1.097232
v 0.801950 2.329776 -1.097470
v 0.783886 2.329776 -1.097470
v 0.783886 2.329776 -1.097232
v 0.783886 2.333643 -1.097232
v 0.785163 2.333643 -1.097232
v 0.785163 2.286918 -1.097232
v 0.783886 2.286918 -1.097232
v 0.783886 2.286918 -1.097470
v 0.785163 2.286918 -1.097470
v 0.800787 2.333644 -1.097232
v 0.801950 2.333644 -1.097232
v 0.800787 2.286918 -1.097232
v 0.800787 2.286918 -1.097470
v 0.801950 2.286918 -1.097232
v 0.801950 2.286918 -1.097470
v 0.801950 2.333644 -1.094746
v 0.801950 2.330372 -1.094746
v 0.783886 2.333643 -1.094746
v 0.783886 2.330372 -1.094746
v 0.801950 2.287447 -1.094529
v 0.801950 2.286918 -1.094529
v 0.801950 2.286918 -1.094746
v 0.801950 2.287447 -1.094746
v 0.783886 2.286918 -1.094529
v 0.783886 2.287447 -1.094529
v 0.783886 2.287447 -1.094746
v 0.783886 2.286918 -1.094746
v 0.801950 2.329776 -1.094529
v 0.801950 2.329776 -1.094746
v 0.783886 2.329776 -1.094529
v 0.783886 2.329776 -1.094746
v 0.785163 2.333643 -1.094746
v 0.783886 2.333643 -1.094746
v 0.783886 2.286918 -1.094746
v 0.785163 2.286918 -1.094746
v 0.801950 2.333644 -1.094746
v 0.800787 2.333644 -1.094746
v 0.800787 2.286918 -1.094746
v 0.801950 2.286918 -1.094746
v 0.794640 2.299956 -1.094529
v 0.792918 2.300669 -1.094529
v 0.792918 2.300651 -1.094455
v 0.794627 2.299943 -1.094455
v 0.795353 2.298234 -1.094529
v 0.795335 2.298234 -1.094455
v 0.794640 2.296511 -1.094529
v 0.794627 2.296524 -1.094455
v 0.792918 2.295798 -1.094529
v 0.792918 2.295816 -1.094455
v 0.791196 2.296511 -1.094529
v 0.791209 2.296524 -1.094455
v 0.790483 2.298234 -1.094529
v 0.790501 2.298234 -1.094455
v 0.791196 2.299956 -1.094529
v 0.791209 2.299943 -1.094455
v 0.792918 2.300617 -1.094318
v 0.794603 2.299919 -1.094318
v 0.795301 2.298234 -1.094318
v 0.794603 2.296548 -1.094318
v 0.792918 2.295850 -1.094318
v 0.791233 2.296548 -1.094318
v 0.790535 2.298234 -1.094318
v 0.791233 2.299919 -1.094318
v 0.792118 2.299033 -1.094529
v 0.792918 2.299365 -1.094529
v 0.792918 2.299365 -1.094624
v 0.792118 2.299033 -1.094624
v 0.792918 2.299365 -1.097079
v 0.792118 2.299033 -1.097079
v 0.791787 2.298234 -1.094529
v 0.791787 2.298234 -1.094624
v 0.791787 2.298234 -1.097079
v 0.792118 2.297434 -1.094529
v 0.792118 2.297434 -1.094624
v 0.792118 2.297434 -1.097079
v 0.792918 2.297102 -1.094529
v 0.792918 2.297102 -1.094624
v 0.792918 2.297102 -1.097079
v 0.793718 2.297434 -1.094529
v 0.793718 2.297434 -1.094624
v 0.793718 2.297434 -1.097079
v 0.794049 2.298234 -1.094529
v 0.794049 2.298234 -1.094624
v 0.794049 2.298234 -1.097079
v 0.793718 2.299033 -1.094529
v 0.793718 2.299033 -1.094624
v 0.793718 2.299033 -1.097079
v 0.792918 2.299457 -1.094529
v 0.793783 2.299098 -1.094529
v 0.794141 2.298234 -1.094529
v 0.793783 2.297369 -1.094529
v 0.792918 2.297010 -1.094529
v 0.792053 2.297369 -1.094529
v 0.791695 2.298234 -1.094529
v 0.792053 2.299098 -1.094529
v 0.794570 2.299886 -1.094529
v 0.792918 2.300570 -1.094529
v 0.795254 2.298234 -1.094529
v 0.794570 2.296581 -1.094529
v 0.792918 2.295897 -1.094529
v 0.791266 2.296581 -1.094529
v 0.790581 2.298234 -1.094529
v 0.791266 2.299886 -1.094529
v 0.792918 2.317873 -1.094492
v 0.793718 2.317542 -1.094492
v 0.793718 2.317542 -1.094571
v 0.792918 2.317873 -1.094571
v 0.793718 2.317542 -1.097042
v 0.792918 2.317873 -1.097042
v 0.794049 2.316742 -1.094492
v 0.794049 2.316742 -1.094571
v 0.794049 2.316742 -1.097042
v 0.793718 2.315943 -1.094492
v 0.793718 2.315943 -1.094571
v 0.793718 2.315943 -1.097042
v 0.792918 2.315611 -1.094492
v 0.792918 2.315611 -1.094571
v 0.792918 2.315611 -1.097042
v 0.792118 2.315943 -1.094492
v 0.792118 2.315943 -1.094571
v 0.792118 2.315943 -1.097042
v 0.791787 2.316742 -1.094492
v 0.791787 2.316742 -1.094571
v 0.791787 2.316742 -1.097042
v 0.792118 2.317542 -1.094492
v 0.792118 2.317542 -1.094571
v 0.792118 2.317542 -1.097042
v 0.792066 2.317595 -1.094492
v 0.792918 2.317947 -1.094492
v 0.791713 2.316742 -1.094492
v 0.792066 2.315890 -1.094492
v 0.792918 2.315537 -1.094492
v 0.793770 2.315890 -1.094492
v 0.794123 2.316742 -1.094492
v 0.793770 2.317595 -1.094492
v 0.791196 2.318465 -1.094492
v 0.792918 2.319178 -1.094492
v 0.792918 2.319078 -1.094492
v 0.791266 2.318394 -1.094492
v 0.790483 2.316742 -1.094492
v 0.790582 2.316742 -1.094492
v 0.791196 2.315020 -1.094492
v 0.791266 2.315091 -1.094492
v 0.792918 2.314307 -1.094492
v 0.792918 2.314407 -1.094492
v 0.794640 2.315020 -1.094492
v 0.794570 2.315091 -1.094492
v 0.795353 2.316742 -1.094492
v 0.795254 2.316742 -1.094492
v 0.794640 2.318465 -1.094492
v 0.794570 2.318394 -1.094492
v 0.791205 2.318455 -1.094440
v 0.792918 2.319165 -1.094440
v 0.790495 2.316742 -1.094440
v 0.791205 2.315029 -1.094440
v 0.792918 2.314320 -1.094440
v 0.794631 2.315029 -1.094440
v 0.795341 2.316742 -1.094440
v 0.794631 2.318455 -1.094440
v 0.791230 2.318430 -1.094296
v 0.792918 2.319129 -1.094296
v 0.790531 2.316742 -1.094296
v 0.791230 2.315054 -1.094296
v 0.792918 2.314355 -1.094296
v 0.794606 2.315054 -1.094296
v 0.795305 2.316742 -1.094296
v 0.794606 2.318430 -1.094296
v 0.783886 2.330372 -1.035083
v 0.783886 2.333643 -1.035083
v 0.801950 2.333644 -1.035083
v 0.801950 2.330372 -1.035083
v 0.785163 2.330372 -1.030607
v 0.783886 2.330372 -1.030607
v 0.783886 2.330372 -1.035083
v 0.785163 2.330372 -1.035083
v 0.785163 2.333643 -1.035083
v 0.783886 2.333643 -1.035083
v 0.800787 2.330372 -1.030607
v 0.800787 2.330372 -1.035083
v 0.801950 2.330372 -1.030607
v 0.801950 2.330372 -1.035083
v 0.801950 2.333644 -1.035083
v 0.800787 2.333644 -1.035083
v 0.783886 2.326348 -1.030607
v 0.783886 2.326348 -1.027753
v 0.801950 2.326348 -1.027753
v 0.801950 2.326348 -1.030607
v 0.783886 2.326348 -1.027753
v 0.785163 2.326348 -1.027753
v 0.785163 2.326348 -1.030607
v 0.783886 2.326348 -1.030607
v 0.800787 2.326348 -1.027753
v 0.801950 2.326348 -1.027753
v 0.800787 2.326348 -1.030607
v 0.801950 2.326348 -1.030607
v 0.783886 2.313713 -1.030607
v 0.783886 2.313713 -1.027753
v 0.801950 2.313713 -1.027753
v 0.801950 2.313713 -1.030607
v 0.783886 2.310286 -1.027753
v 0.785164 2.310286 -1.027753
v 0.785164 2.313713 -1.027753
v 0.783886 2.313713 -1.027753
v 0.783886 2.313713 -1.030607
v 0.785164 2.313713 -1.030607
v 0.800787 2.310286 -1.027753
v 0.801950 2.310286 -1.027753
v 0.801950 2.313713 -1.027753
v 0.800787 2.313713 -1.027753
v 0.800787 2.313713 -1.030607
v 0.801950 2.313713 -1.030607
v 0.783886 2.307954 -1.024504
v 0.783886 2.310286 -1.024504
v 0.801950 2.310286 -1.024504
v 0.801950 2.307954 -1.024504
v 0.785164 2.307954 -1.024504
v 0.783886 2.307954 -1.024504
v 0.783886 2.310286 -1.024504
v 0.785164 2.310286 -1.024504
v 0.800787 2.307954 -1.024504
v 0.801950 2.307954 -1.024504
v 0.800787 2.310286 -1.024504
v 0.801950 2.310286 -1.024504
v 0.783886 2.307954 -1.015894
v 0.783886 2.310286 -1.015894
v 0.801950 2.310286 -1.015894
v 0.801950 2.307954 -1.015894
v 0.783886 2.307954 -1.015894
v 0.785164 2.307954 -1.015894
v 0.783886 2.310286 -1.012865
v 0.785164 2.310286 -1.012865
v 0.785164 2.310286 -1.015894
v 0.783886 2.310286 -1.015894
v 0.800787 2.307954 -1.015894
v 0.801950 2.307954 -1.015894
v 0.800787 2.310286 -1.012865
v 0.801950 2.310286 -1.012865
v 0.801950 2.310286 -1.015894
v 0.800787 2.310286 -1.015894
v 0.801950 2.313591 -1.012865
v 0.801950 2.313591 -1.010011
v 0.783886 2.313591 -1.010011
v 0.783886 2.313591 -1.012865
v 0.783886 2.313591 -1.012865
v 0.785164 2.313591 -1.012865
v 0.785164 2.313591 -1.010011
v 0.783886 2.313591 -1.010011
v 0.800787 2.313591 -1.012865
v 0.801950 2.313591 -1.012865
v 0.801950 2.313591 -1.010011
v 0.800787 2.313591 -1.010011
v 0.801950 2.327546 -1.010011
v 0.801950 2.327546 -1.012865
v 0.783886 2.327546 -1.012865
v 0.783886 2.327546 -1.010011
v 0.783886 2.327546 -1.012865
v 0.785163 2.327546 -1.012865
v 0.785163 2.327546 -1.010011
v 0.783886 2.327546 -1.010011
v 0.785163 2.330372 -1.010011
v 0.783886 2.330372 -1.010011
v 0.800787 2.327546 -1.012865
v 0.801950 2.327546 -1.012865
v 0.801950 2.327546 -1.010011
v 0.800787 2.327546 -1.010011
v 0.801950 2.330372 -1.010011
v 0.800787 2.330372 -1.010011
v 0.801950 2.333644 -1.006723
v 0.801950 2.330372 -1.006723
v 0.783886 2.330372 -1.006723
v 0.783886 2.333643 -1.006723
v 0.783886 2.333643 -1.006723
v 0.785163 2.333643 -1.006723
v 0.785163 2.330372 -1.006723
v 0.783886 2.330372 -1.006723
v 0.800787 2.333644 -1.006723
v 0.801950 2.333644 -1.006723
v 0.800787 2.330372 -1.006723
v 0.801950 2.330372 -1.006723
v 0.801950 2.333644 -0.993004
v 0.801950 2.330372 -0.993004
v 0.783886 2.330372 -0.993004
v 0.783886 2.333643 -0.993004
v 0.785163 2.333643 -0.993004
v 0.783886 2.333643 -0.993004
v 0.785163 2.330372 -0.989912
v 0.783886 2.330372 -0.989912
v 0.783886 2.330372 -0.993004
v 0.785163 2.330372 -0.993004
v 0.801950 2.333644 -0.993004
v 0.800787 2.333644 -0.993004
v 0.800787 2.330372 -0.989912
v 0.800787 2.330372 -0.993004
v 0.801950 2.330372 -0.989912
v 0.801950 2.330372 -0.993004
v 0.801950 2.326452 -0.987059
v 0.801950 2.326452 -0.989912
v 0.783886 2.326452 -0.989912
v 0.783886 2.326452 -0.987059
v 0.785163 2.326452 -0.989912
v 0.783886 2.326452 -0.989912
v 0.783886 2.326452 -0.987059
v 0.785163 2.326452 -0.987059
v 0.800787 2.326452 -0.989912
v 0.801950 2.326452 -0.989912
v 0.800787 2.326452 -0.987059
v 0.801950 2.326452 -0.987059
v 0.801950 2.313384 -0.987059
v 0.801950 2.313384 -0.989912
v 0.783886 2.313384 -0.989912
v 0.783886 2.313384 -0.987059
v 0.783886 2.313384 -0.989912
v 0.785164 2.313384 -0.989912
v 0.783886 2.310286 -0.987059
v 0.785164 2.310286 -0.987059
v 0.785164 2.313384 -0.987059
v 0.783886 2.313384 -0.987059
v 0.800787 2.313384 -0.989912
v 0.801950 2.313384 -0.989912
v 0.800787 2.310286 -0.987059
v 0.801950 2.310286 -0.987059
v 0.801950 2.313384 -0.987059
v 0.800787 2.313384 -0.987059
v 0.801950 2.310286 -0.984611
v 0.801950 2.307954 -0.984611
v 0.783886 2.307954 -0.984611
v 0.783886 2.310286 -0.984611
v 0.783886 2.310286 -0.984611
v 0.785164 2.310286 -0.984611
v 0.785164 2.307954 -0.984611
v 0.783886 2.307954 -0.984611
v 0.800787 2.310286 -0.984611
v 0.801950 2.310286 -0.984611
v 0.800787 2.307954 -0.984611
v 0.801950 2.307954 -0.984611
v 0.801950 2.310286 -0.975536
v 0.801950 2.307954 -0.975536
v 0.783886 2.307954 -0.975536
v 0.783886 2.310286 -0.975536
v 0.783886 2.310286 -0.972170
v 0.785164 2.310286 -0.972170
v 0.785164 2.310286 -0.975536
v 0.783886 2.310286 -0.975536
v 0.783886 2.307954 -0.975536
v 0.785164 2.307954 -0.975536
v 0.800787 2.310286 -0.972170
v 0.801950 2.310286 -0.972170
v 0.801950 2.310286 -0.975536
v 0.800787 2.310286 -0.975536
v 0.800787 2.307954 -0.975536
v 0.801950 2.307954 -0.975536
v 0.783886 2.313828 -0.969317
v 0.783886 2.313828 -0.972170
v 0.801950 2.313828 -0.972170
v 0.801950 2.313828 -0.969317
v 0.785164 2.313828 -0.969317
v 0.783886 2.313828 -0.969317
v 0.783886 2.313828 -0.972170
v 0.785164 2.313828 -0.972170
v 0.801950 2.313828 -0.969317
v 0.800787 2.313828 -0.969317
v 0.800787 2.313828 -0.972170
v 0.801950 2.313828 -0.972170
v 0.783886 2.336484 -0.969317
v 0.783886 2.336484 -0.972170
v 0.783886 2.335146 -0.972170
v 0.783886 2.335146 -0.969317
v 0.801950 2.336484 -0.972170
v 0.801950 2.336484 -0.969317
v 0.801950 2.335146 -0.969317
v 0.801950 2.335146 -0.972170
v 0.785163 2.335146 -0.969317
v 0.783886 2.335146 -0.969317
v 0.783886 2.335146 -0.972170
v 0.785163 2.335146 -0.972170
v 0.783886 2.336484 -0.972170
v 0.785163 2.336484 -0.972170
v 0.801950 2.335146 -0.969317
v 0.800787 2.335146 -0.969317
v 0.800787 2.335146 -0.972170
v 0.800787 2.336484 -0.972170
v 0.801950 2.335146 -0.972170
v 0.801950 2.336484 -0.972170
vn -0.904500 -0.301500 -0.301500
vn -0.707100 0.000000 0.707100
vn -0.577300 0.577300 0.577300
vn -0.707100 0.707100 0.000000
vn 0.707100 0.707100 0.000000
vn 0.577300 0.577300 0.577300
vn 0.707100 0.000000 0.707100
vn 0.904500 -0.301500 -0.301500
vn -0.707100 0.000000 -0.707100
vn -0.577300 -0.577300 -0.577300
vn -0.707100 -0.707100 0.000000
vn -0.904500 0.301500 0.301500
vn 0.904500 0.301500 0.301500
vn 0.707100 -0.707100 0.000000
vn 0.577300 -0.577300 -0.577300
vn 0.707100 0.000000 -0.707100
vn 0.707100 0.000000 0.707100
vn 0.577300 -0.577300 0.577300
vn 0.707100 -0.707100 0.000000
vn 0.904500 0.301500 -0.301500
vn -0.904500 0.301500 -0.301500
vn -0.707100 -0.707100 0.000000
vn -0.577300 -0.577300 0.577300
vn -0.707100 0.000000 0.707100
vn 0.577300 0.577300 -0.577300
vn 0.707100 0.707100 0.000000
vn 0.904500 -0.301500 0.301500
vn 0.707100 0.000000 -0.707100
vn -0.707100 0.000000 -0.707100
vn -0.904500 -0.301500 0.301500
vn -0.707100 0.707100 0.000000
vn -0.577300 0.577300 -0.577300
vn -0.904500 0.301500 -0.301500
vn -0.707100 -0.707100 0.000000
vn -0.577300 -0.577300 0.577300
vn -0.707100 0.000000 0.707100
vn 0.707100 0.000000 0.707100
vn 0.577300 -0.577300 0.577300
vn 0.707100 -0.707100 0.000000
vn 0.904500 0.301500 -0.301500
vn 0.904500 0.301500 0.301500
vn 0.707100 -0.707100 0.000000
vn 0.577300 -0.577300 -0.577300
vn 0.707100 0.000000 -0.707100
vn -0.707100 0.000000 -0.707100
vn -0.577300 -0.577300 -0.577300
vn -0.707100 -0.707100 0.000000
vn -0.904500 0.301500 0.301500
vn 0.707100 0.707100 0.000000
vn 0.577300 0.577300 0.577300
vn 0.707100 0.000000 0.707100
vn 0.904500 -0.301500 -0.301500
vn -0.904500 -0.301500 -0.301500
vn -0.707100 0.000000 0.707100
vn -0.577300 0.577300 0.577300
vn -0.707100 0.707100 0.000000
vn 0.525800 0.525900 0.668500
vn -0.000000 0.743800 0.668400
vn 0.000000 0.115100 0.993300
vn 0.079900 0.079900 0.993600
vn 0.115100 0.000000 0.993300
vn 0.743600 0.000000 0.668500
vn 0.525800 -0.525700 0.668700
vn 0.079900 -0.079900 0.993600
vn 0.000000 -0.115100 0.993300
vn 0.000000 -0.743500 0.668700
vn -0.525800 -0.525800 0.668600
vn -0.079900 -0.079900 0.993600
vn -0.115100 0.000000 0.993300
vn -0.743600 0.000000 0.668600
vn -0.080000 0.079900 0.993600
vn -0.525900 0.525900 0.668400
vn 0.000000 0.000000 1.000000
vn -0.080000 0.079900 0.993600
vn -0.115200 0.000000 0.993300
vn -0.080000 -0.079900 0.993600
vn 0.000000 0.000000 1.000000
vn 0.000000 -0.115100 0.993300
vn 0.080000 -0.079900 0.993600
vn 0.115200 0.000000 0.993300
vn 0.080000 0.079900 0.993600
vn 0.000000 0.115100 0.993300
vn 0.000000 0.743400 0.668800
vn -0.525700 0.525700 0.668700
vn -0.743500 0.000000 0.668700
vn -0.525900 -0.526000 0.668300
vn 0.000000 -0.744100 0.668100
vn 0.525900 -0.526000 0.668400
vn 0.743400 0.000000 0.668800
vn 0.525700 0.525700 0.668800
vn 0.998100 0.053200 0.030700
vn 1.000000 0.000000 0.000000
vn 0.998100 0.053200 -0.030700
vn 0.998000 0.062900 0.000000
vn 0.998100 0.000000 -0.061400
vn 0.998000 0.031400 -0.054500
vn 0.998100 -0.053200 -0.030700
vn 0.998000 -0.031500 -0.054500
vn 0.998100 -0.053200 0.030700
vn 0.998000 -0.062900 0.000000
vn 0.998100 0.000000 0.061400
vn 0.998000 -0.031400 0.054500
vn 0.998000 0.031500 0.054500
vn 0.624100 0.390700 -0.676600
vn 0.624100 0.000000 -0.781300
vn 0.000000 0.000000 -1.000000
vn 0.000000 0.500000 -0.866000
vn 0.000000 0.000000 -1.000000
vn 0.000000 0.500000 -0.866000
vn 0.624100 0.676600 -0.390600
vn 0.000000 0.866000 -0.500000
vn 0.000000 0.866000 -0.500000
vn 0.624200 0.781300 0.000000
vn 0.000000 1.000000 0.000000
vn 0.000000 1.000000 0.000000
vn 0.624100 0.676600 0.390600
vn 0.624200 0.781300 0.000000
vn 0.000000 1.000000 0.000000
vn 0.000000 0.866000 0.500000
vn 0.000000 1.000000 0.000000
vn 0.000000 0.866000 0.500000
vn 0.624100 0.390700 0.676600
vn 0.000000 0.500000 0.866000
vn 0.000000 0.500000 0.866000
vn 0.624100 0.000000 0.781300
vn 0.000000 0.000000 1.000000
vn 0.000000 0.000000 1.000000
vn 0.624100 -0.390700 0.676600
vn 0.000000 -0.500000 0.866000
vn 0.000000 -0.500000 0.866000
vn 0.624100 -0.676600 0.390600
vn 0.000000 -0.866000 0.500000
vn 0.000000 -0.866000 0.500000
vn 0.624200 -0.781300 0.000000
vn 0.000000 -1.000000 0.000000
vn 0.000000 -1.000000 0.000000
vn 0.624100 -0.676600 -0.390600
vn 0.000000 -0.866000 -0.500000
vn 0.000000 -0.866000 -0.500000
vn 0.624100 -0.390700 -0.676600
vn 0.000000 -0.500000 -0.866000
vn 0.000000 -0.500000 -0.866000
vn 0.624100 0.000000 -0.781300
vn 0.624100 0.390700 -0.676600
vn 0.996100 0.044200 -0.076400
vn 0.996100 0.000000 -0.088300
vn 0.624100 0.676600 -0.390600
vn 0.996100 0.076400 -0.044100
vn 0.624200 0.781300 0.000000
vn 0.996100 0.088200 0.000000
vn 0.624100 0.676600 0.390600
vn 0.996100 0.076400 0.044100
vn 0.624100 0.390700 0.676600
vn 0.996100 0.044200 0.076400
vn 0.624100 0.000000 0.781300
vn 0.996100 0.000000 0.088300
vn 0.624100 -0.390700 0.676600
vn 0.996100 -0.044200 0.076400
vn 0.624100 -0.676600 0.390600
vn 0.996100 -0.076400 0.044100
vn 0.624200 -0.781300 0.000000
vn 0.996100 -0.088200 0.000000
vn 0.624100 -0.676600 -0.390600
vn 0.996100 -0.076400 -0.044100
vn 0.624100 -0.390700 -0.676600
vn 0.996100 -0.044200 -0.076400
vn 0.707100 0.707100 0.000000
vn 0.707100 0.707100 0.000000
vn 0.707100 -0.707100 0.000000
vn 0.904500 -0.301500 0.301500
vn -0.904500 -0.301500 0.301500
vn -0.707100 -0.707100 0.000000
vn -0.707100 0.707100 0.000000
vn -0.707100 0.707100 0.000000
vn 0.707100 0.000000 -0.707100
vn 0.000000 0.000000 -1.000000
vn 0.000000 0.707100 -0.707100
vn 0.577300 0.577300 -0.577300
vn 0.000000 0.707100 0.707100
vn 0.577300 0.577300 0.577300
vn 0.707100 0.707100 0.000000
vn 0.000000 1.000000 0.000000
vn 0.000000 0.000000 1.000000
vn 0.707100 0.000000 0.707100
vn 0.577300 -0.577300 -0.577300
vn 0.000000 -0.707100 -0.707100
vn 0.000000 0.000000 -1.000000
vn 0.707100 0.000000 -0.707100
vn 0.707100 -0.707100 0.000000
vn 0.000000 -1.000000 0.000000
vn 0.577300 -0.577300 0.577300
vn 0.000000 -0.707100 0.707100
vn 0.000000 -1.000000 0.000000
vn 0.707100 -0.707100 0.000000
vn 0.000000 1.000000 0.000000
vn 0.707100 0.707100 0.000000
vn 0.577300 0.577300 -0.577300
vn 0.000000 0.707100 -0.707100
vn 0.000000 0.707100 0.707100
vn 0.577300 0.577300 0.577300
vn 0.577300 0.577300 -0.577300
vn 0.000000 0.707100 -0.707100
vn 0.577300 -0.577300 0.577300
vn 0.000000 -0.707100 0.707100
vn 0.000000 -1.000000 0.000000
vn 0.707100 -0.707100 0.000000
vn 0.707100 -0.707100 0.000000
vn 0.000000 -1.000000 0.000000
vn 0.000000 -0.707100 -0.707100
vn 0.577300 -0.577300 -0.577300
vn 0.000000 0.000000 -1.000000
vn 0.707100 0.000000 -0.707100
vn 0.577300 0.577300 0.577300
vn 0.000000 0.707100 0.707100
vn 0.000000 0.000000 1.000000
vn 0.707100 0.000000 0.707100
vn 0.707100 0.707100 0.000000
vn 0.000000 1.000000 0.000000
vn 0.707100 0.000000 0.707100
vn 0.000000 0.000000 1.000000
vn 0.707100 0.000000 0.707100
vn 0.000000 0.000000 1.000000
vn 0.707100 0.000000 -0.707100
vn 0.000000 0.000000 -1.000000
vn 0.577300 -0.577300 -0.577300
vn 0.000000 -0.707100 -0.707100
vn 0.000000 0.000000 -1.000000
vn 0.707100 0.000000 -0.707100
vn 0.707100 0.000000 0.707100
vn 0.000000 0.000000 1.000000
vn 0.000000 -0.707100 0.707100
vn 0.577300 -0.577300 0.577300
vn 0.707100 0.000000 -0.707100
vn 0.000000 0.000000 -1.000000
vn 0.707100 0.000000 0.707100
vn 0.000000 0.000000 1.000000
vn 0.904500 -0.301500 0.301500
vn 0.000000 -0.707100 0.707100
vn 0.707100 -0.707100 0.000000
vn 0.000000 -1.000000 0.000000
vn 0.000000 1.000000 0.000000
vn 0.707100 0.707100 0.000000
vn 0.707100 0.707100 0.000000
vn 0.000000 1.000000 0.000000
vn 0.000000 0.000000 -1.000000
vn 0.000000 0.707100 -0.707100
vn -0.707100 0.000000 -0.707100
vn -0.577300 0.577300 -0.577300
vn -0.577300 0.577300 0.577300
vn 0.000000 0.707100 0.707100
vn 0.000000 1.000000 0.000000
vn -0.707100 0.707100 0.000000
vn 0.000000 0.000000 1.000000
vn -0.707100 0.000000 0.707100
vn 0.000000 -0.707100 -0.707100
vn 0.000000 0.000000 -1.000000
vn -0.577300 -0.577300 -0.577300
vn -0.707100 0.000000 -0.707100
vn 0.000000 -1.000000 0.000000
vn -0.707100 -0.707100 0.000000
vn 0.000000 -0.707100 0.707100
vn 0.000000 -1.000000 0.000000
vn -0.577300 -0.577300 0.577300
vn -0.707100 -0.707100 0.000000
vn -0.707100 0.707100 0.000000
vn 0.000000 1.000000 0.000000
vn 0.000000 0.707100 -0.707100
vn -0.577300 0.577300 -0.577300
vn -0.577300 0.577300 0.577300
vn 0.000000 0.707100 0.707100
vn 0.000000 0.707100 -0.707100
vn -0.577300 0.577300 -0.577300
vn 0.000000 -0.707100 0.707100
vn 0.000000 -1.000000 0.000000
vn -0.577300 -0.577300 0.577300
vn -0.707100 -0.707100 0.000000
vn 0.000000 -1.000000 0.000000
vn 0.000000 -0.707100 -0.707100
vn -0.707100 -0.707100 0.000000
vn -0.577300 -0.577300 -0.577300
vn 0.000000 0.000000 -1.000000
vn -0.707100 0.000000 -0.707100
vn 0.000000 0.707100 0.707100
vn 0.000000 0.000000 1.000000
vn -0.577300 0.577300 0.577300
vn -0.707100 0.000000 0.707100
vn 0.000000 1.000000 0.000000
vn -0.707100 0.707100 0.000000
vn 0.000000 0.000000 1.000000
vn -0.707100 0.000000 0.707100
vn 0.000000 0.000000 1.000000
vn -0.707100 0.000000 0.707100
vn 0.000000 0.000000 -1.000000
vn -0.707100 0.000000 -0.707100
vn 0.000000 -0.707100 -0.707100
vn 0.000000 0.000000 -1.000000
vn -0.577300 -0.577300 -0.577300
vn -0.707100 0.000000 -0.707100
vn 0.000000 0.000000 1.000000
vn 0.000000 -0.707100 0.707100
vn -0.707100 0.000000 0.707100
vn -0.577300 -0.577300 0.577300
vn 0.000000 0.000000 -1.000000
vn -0.707100 0.000000 -0.707100
vn 0.000000 0.000000 1.000000
vn -0.707100 0.000000 0.707100
vn 0.000000 -0.707100 0.707100
vn -0.904500 -0.301500 0.301500
vn 0.000000 -1.000000 0.000000
vn -0.707100 -0.707100 0.000000
vn -0.707100 0.707100 0.000000
vn 0.000000 1.000000 0.000000
vn 0.000000 1.000000 0.000000
vn -0.707100 0.707100 0.000000
vn -0.707100 0.000000 -0.707100
vn -1.000000 0.000000 0.000000
vn -0.707100 0.707100 0.000000
vn -0.577300 0.577300 -0.577300
vn 1.000000 0.000000 0.000000
vn 0.707100 0.000000 -0.707100
vn 0.577300 0.577300 -0.577300
vn 0.707100 0.707100 0.000000
vn -1.000000 0.000000 0.000000
vn -0.707100 0.000000 -0.707100
vn -0.577300 -0.577300 -0.577300
vn -0.707100 -0.707100 0.000000
vn 0.707100 -0.707100 0.000000
vn 0.577300 -0.577300 -0.577300
vn 0.707100 0.000000 -0.707100
vn 1.000000 0.000000 0.000000
vn -1.000000 0.000000 0.000000
vn -0.707100 0.000000 -0.707100
vn 1.000000 0.000000 0.000000
vn 0.707100 0.000000 -0.707100
vn 0.707100 0.707100 0.000000
vn 0.000000 1.000000 0.000000
vn 0.000000 -1.000000 0.000000
vn 0.000000 -0.707100 -0.707100
vn 0.577300 -0.577300 -0.577300
vn 0.707100 -0.707100 0.000000
vn 0.000000 1.000000 0.000000
vn -0.707100 0.707100 0.000000
vn 0.000000 -1.000000 0.000000
vn 0.000000 -0.707100 -0.707100
vn -0.707100 -0.707100 0.000000
vn -0.577300 -0.577300 -0.577300
vn -1.000000 0.000000 0.000000
vn -0.707100 0.707100 0.000000
vn 1.000000 0.000000 0.000000
vn 0.707100 0.707100 0.000000
vn -0.707100 0.000000 0.707100
vn -1.000000 0.000000 0.000000
vn -0.707100 -0.707100 0.000000
vn -0.577300 -0.577300 0.577300
vn 0.577300 -0.577300 0.577300
vn 0.707100 -0.707100 0.000000
vn 1.000000 0.000000 0.000000
vn 0.707100 0.000000 0.707100
vn -0.707100 0.000000 0.707100
vn -1.000000 0.000000 0.000000
vn 0.707100 0.000000 0.707100
vn 1.000000 0.000000 0.000000
vn 0.707100 0.707100 0.000000
vn 0.000000 1.000000 0.000000
vn 0.000000 -1.000000 0.000000
vn 0.707100 -0.707100 0.000000
vn 0.000000 1.000000 0.000000
vn -0.707100 0.707100 0.000000
vn 0.000000 -1.000000 0.000000
vn -0.707100 -0.707100 0.000000
vn -0.595800 0.596000 -0.538300
vn -0.686700 0.686800 0.238100
vn 0.000000 0.971500 0.237000
vn 0.000100 0.841800 -0.539700
vn -0.843600 0.000000 -0.537000
vn -0.970900 0.000000 0.239300
vn -0.595900 -0.596000 -0.538100
vn -0.686700 -0.686800 0.238100
vn -0.000100 -0.841900 -0.539600
vn 0.000000 -0.971600 0.236700
vn 0.595800 -0.595900 -0.538400
vn 0.686800 -0.686900 0.237800
vn 0.843400 0.000000 -0.537200
vn 0.971000 0.000000 0.239100
vn 0.595800 0.595900 -0.538300
vn 0.686700 0.686800 0.238100
vn -0.686800 0.686800 0.237800
vn -0.000100 0.971200 0.238100
vn -0.971400 0.000000 0.237500
vn -0.686800 -0.686800 0.237800
vn 0.000100 -0.971200 0.238000
vn 0.686800 -0.686800 0.237700
vn 0.971400 0.000000 0.237500
vn 0.686700 0.686800 0.237900
vn 0.420300 0.420300 -0.804100
vn 0.707000 0.707200 0.000000
vn 0.000000 1.000000 0.000000
vn 0.000000 0.594400 -0.804100
vn 0.707000 0.707200 0.000000
vn 0.000000 1.000000 0.000000
vn 0.594400 0.000000 -0.804100
vn 1.000000 0.000000 0.000000
vn 1.000000 0.000000 0.000000
vn 0.420200 -0.420300 -0.804200
vn 0.707000 -0.707200 0.000000
vn 0.707000 -0.707200 0.000000
vn 0.000000 -0.594400 -0.804100
vn 0.000000 -1.000000 0.000000
vn 0.000000 -1.000000 0.000000
vn -0.420400 -0.420200 -0.804100
vn -0.707100 -0.707100 0.000000
vn -0.707000 -0.707100 0.000000
vn -0.594400 0.000000 -0.804100
vn -1.000000 0.000000 0.000000
vn -1.000000 0.000000 0.000000
vn -0.420300 0.420300 -0.804200
vn -0.707100 0.707100 0.000000
vn -0.707000 0.707100 0.000000
vn 0.000000 0.000000 -1.000000
vn 0.000000 0.000000 -1.000000
vn 0.000000 0.000000 -1.000000
vn -0.000100 0.000000 -1.000000
vn 0.000000 0.000000 -1.000000
vn 0.000000 0.000000 -1.000000
vn 0.000000 0.000000 -1.000000
vn 0.000100 0.000000 -1.000000
vn 0.000100 0.000000 -1.000000
vn 0.000000 0.000000 -1.000000
vn 0.000100 0.000000 -1.000000
vn 0.000000 0.000000 -1.000000
vn -0.000100 0.000000 -1.000000
vn 0.000000 0.000000 -1.000000
vn -0.000100 0.000000 -1.000000
vn 0.000000 0.000000 -1.000000
vn 0.000000 0.594400 -0.804100
vn 0.000000 1.000000 0.000000
vn -0.707100 0.707100 0.000000
vn -0.420100 0.420300 -0.804200
vn 0.000000 1.000000 0.000000
vn -0.707000 0.707200 0.000000
vn -1.000000 0.000000 0.000000
vn -0.594300 0.000000 -0.804200
vn -1.000000 0.000000 0.000000
vn -0.707100 -0.707100 0.000000
vn -0.420100 -0.420300 -0.804300
vn -0.707000 -0.707200 0.000000
vn 0.000000 -1.000000 0.000000
vn 0.000000 -0.594400 -0.804100
vn 0.000000 -1.000000 0.000000
vn 0.707100 -0.707100 0.000000
vn 0.420100 -0.420300 -0.804200
vn 0.707000 -0.707200 0.000000
vn 1.000000 0.000000 0.000000
vn 0.594300 0.000000 -0.804200
vn 1.000000 0.000000 0.000000
vn 0.707100 0.707100 0.000000
vn 0.420100 0.420300 -0.804300
vn 0.707000 0.707200 0.000000
vn -0.000100 0.000000 -1.000000
vn 0.000000 0.000000 -1.000000
vn -0.000100 0.000000 -1.000000
vn 0.000000 0.000000 -1.000000
vn 0.000000 0.000000 -1.000000
vn 0.000100 0.000000 -1.000000
vn 0.000100 0.000000 -1.000000
vn 0.000000 0.000000 -1.000000
vn 0.595500 0.596100 -0.538500
vn 0.000000 0.000000 -1.000000
vn 0.000000 0.000000 -1.000000
vn 0.000200 0.841400 -0.540400
vn 0.843800 0.000000 -0.536700
vn 0.000100 0.000000 -1.000000
vn 0.596000 -0.596500 -0.537500
vn 0.000000 0.000000 -1.000000
vn -0.000100 -0.843100 -0.537700
vn 0.000000 0.000000 -1.000000
vn -0.596200 -0.596400 -0.537300
vn 0.000000 0.000000 -1.000000
vn -0.843700 -0.000100 -0.536800
vn -0.000100 0.000000 -1.000000
vn -0.595300 0.596100 -0.538700
vn 0.000000 0.000000 -1.000000
vn 0.000100 0.971700 0.235900
vn 0.686700 0.686900 0.237700
vn 0.970900 0.000000 0.239600
vn 0.686500 -0.686700 0.239100
vn -0.000100 -0.971100 0.238600
vn -0.686600 -0.686700 0.238900
vn -0.970900 -0.000000 0.239400
vn -0.686600 0.687000 0.237900
vn 0.000000 0.971200 0.238300
vn 0.686800 0.686800 0.238000
vn 0.971300 0.000000 0.237800
vn 0.686800 -0.686800 0.237800
vn 0.000000 -0.971300 0.237600
vn -0.686800 -0.686900 0.237500
vn -0.971300 0.000000 0.237600
vn -0.686800 0.686700 0.238100
vn 0.707100 0.707100 0.000000
vn 0.707100 -0.707100 0.000000
vn -0.707100 -0.707100 0.000000
vn -0.707100 0.707100 0.000000
vn 0.000000 -0.707100 -0.707100
vn 0.000000 -1.000000 0.000000
vn 0.707100 -0.707100 0.000000
vn 0.904500 -0.301500 -0.301500
vn 0.707100 0.707100 0.000000
vn 0.000000 1.000000 0.000000
vn 0.000000 -0.707100 -0.707100
vn 0.000000 -1.000000 0.000000
vn -0.904500 -0.301500 -0.301500
vn -0.707100 -0.707100 0.000000
vn 0.000000 1.000000 0.000000
vn -0.707100 0.707100 0.000000
vn 0.707100 0.000000 0.707100
vn 0.707100 0.000000 -0.707100
vn -0.707100 0.000000 -0.707100
vn -0.707100 0.000000 0.707100
vn 0.707100 0.000000 0.707100
vn 0.000000 0.000000 1.000000
vn 0.000000 0.000000 -1.000000
vn 0.707100 0.000000 -0.707100
vn 0.000000 0.000000 1.000000
vn -0.707100 0.000000 0.707100
vn 0.000000 0.000000 -1.000000
vn -0.707100 0.000000 -0.707100
vn 0.707100 0.000000 0.707100
vn 0.707100 0.000000 -0.707100
vn -0.707100 0.000000 -0.707100
vn -0.707100 0.000000 0.707100
vn 0.904500 0.301500 0.301500
vn 0.707100 0.000000 0.707100
vn 0.000000 0.000000 1.000000
vn 0.000000 0.707100 0.707100
vn 0.000000 0.000000 -1.000000
vn 0.707100 0.000000 -0.707100
vn 0.000000 0.707100 0.707100
vn 0.000000 0.000000 1.000000
vn -0.707100 0.000000 0.707100
vn -0.904500 0.301500 0.301500
vn 0.000000 0.000000 -1.000000
vn -0.707100 0.000000 -0.707100
vn 0.707100 0.707100 0.000000
vn 0.707100 -0.707100 0.000000
vn -0.707100 -0.707100 0.000000
vn -0.707100 0.707100 0.000000
vn 0.000000 -1.000000 0.000000
vn 0.707100 -0.707100 0.000000
vn 0.707100 0.707100 0.000000
vn 0.000000 1.000000 0.000000
vn 0.000000 -1.000000 0.000000
vn -0.707100 -0.707100 0.000000
vn 0.000000 1.000000 0.000000
vn -0.707100 0.707100 0.000000
vn 0.707100 0.707100 0.000000
vn 0.707100 -0.707100 0.000000
vn -0.707100 -0.707100 0.000000
vn -0.707100 0.707100 0.000000
vn 0.000000 -1.000000 0.000000
vn 0.707100 -0.707100 0.000000
vn 0.904500 0.301500 -0.301500
vn 0.707100 0.707100 0.000000
vn 0.000000 1.000000 0.000000
vn 0.000000 0.707100 -0.707100
vn 0.000000 -1.000000 0.000000
vn -0.707100 -0.707100 0.000000
vn 0.000000 0.707100 -0.707100
vn 0.000000 1.000000 0.000000
vn -0.707100 0.707100 0.000000
vn -0.904500 0.301500 -0.301500
vn -0.707100 0.000000 -0.707100
vn -0.707100 0.000000 0.707100
vn 0.707100 0.000000 0.707100
vn 0.707100 0.000000 -0.707100
vn 0.000000 0.000000 -1.000000
vn 0.707100 0.000000 -0.707100
vn 0.707100 0.000000 0.707100
vn 0.000000 0.000000 1.000000
vn 0.000000 0.000000 -1.000000
vn -0.707100 0.000000 -0.707100
vn 0.000000 0.000000 1.000000
vn -0.707100 0.000000 0.707100
vn -0.707100 0.000000 -0.707100
vn -0.707100 0.000000 0.707100
vn 0.707100 0.000000 0.707100
vn 0.707100 0.000000 -0.707100
vn 0.000000 0.000000 -1.000000
vn 0.707100 0.000000 -0.707100
vn 0.707100 0.000000 0.707100
vn 0.000000 0.000000 1.000000
vn 0.904500 -0.301500 0.301500
vn 0.000000 -0.707100 0.707100
vn 0.000000 0.000000 -1.000000
vn -0.707100 0.000000 -0.707100
vn 0.000000 0.000000 1.000000
vn -0.707100 0.000000 0.707100
vn 0.000000 -0.707100 0.707100
vn -0.904500 -0.301500 0.301500
vn -0.707100 -0.707100 0.000000
vn -0.707100 0.707100 0.000000
vn 0.707100 0.707100 0.000000
vn 0.707100 -0.707100 0.000000
vn 0.707100 0.707100 0.000000
vn 0.000000 1.000000 0.000000
vn 0.000000 -1.000000 0.000000
vn 0.707100 -0.707100 0.000000
vn 0.000000 1.000000 0.000000
vn -0.707100 0.707100 0.000000
vn 0.000000 -1.000000 0.000000
vn -0.707100 -0.707100 0.000000
vn -0.707100 -0.707100 0.000000
vn -0.707100 0.707100 0.000000
vn 0.707100 0.707100 0.000000
vn 0.707100 -0.707100 0.000000
vn 0.707100 0.707100 0.000000
vn 0.000000 1.000000 0.000000
vn 0.000000 -0.707100 -0.707100
vn 0.000000 -1.000000 0.000000
vn 0.707100 -0.707100 0.000000
vn 0.904500 -0.301500 -0.301500
vn 0.000000 1.000000 0.000000
vn -0.707100 0.707100 0.000000
vn 0.000000 -0.707100 -0.707100
vn 0.000000 -1.000000 0.000000
vn -0.904500 -0.301500 -0.301500
vn -0.707100 -0.707100 0.000000
vn -0.707100 0.000000 -0.707100
vn -0.707100 0.000000 0.707100
vn 0.707100 0.000000 0.707100
vn 0.707100 0.000000 -0.707100
vn 0.000000 0.000000 -1.000000
vn 0.707100 0.000000 -0.707100
vn 0.707100 0.000000 0.707100
vn 0.000000 0.000000 1.000000
vn 0.000000 0.000000 -1.000000
vn -0.707100 0.000000 -0.707100
vn 0.000000 0.000000 1.000000
vn -0.707100 0.000000 0.707100
vn -0.707100 0.000000 -0.707100
vn -0.707100 0.000000 0.707100
vn 0.707100 0.000000 0.707100
vn 0.707100 0.000000 -0.707100
vn 0.000000 0.000000 -1.000000
vn 0.707100 0.000000 -0.707100
vn 0.904500 0.301500 0.301500
vn 0.707100 0.000000 0.707100
vn 0.000000 0.000000 1.000000
vn 0.000000 0.707100 0.707100
vn 0.000000 0.000000 -1.000000
vn -0.707100 0.000000 -0.707100
vn 0.000000 0.707100 0.707100
vn 0.000000 0.000000 1.000000
vn -0.707100 0.000000 0.707100
vn -0.904500 0.301500 0.301500
vn -0.707100 -0.707100 0.000000
vn -0.707100 0.707100 0.000000
vn 0.707100 0.707100 0.000000
vn 0.707100 -0.707100 0.000000
vn 0.707100 0.707100 0.000000
vn 0.000000 1.000000 0.000000
vn 0.000000 -1.000000 0.000000
vn 0.707100 -0.707100 0.000000
vn 0.000000 1.000000 0.000000
vn -0.707100 0.707100 0.000000
vn 0.000000 -1.000000 0.000000
vn -0.707100 -0.707100 0.000000
vn -0.707100 -0.707100 0.000000
vn -0.707100 0.707100 0.000000
vn 0.707100 0.707100 0.000000
vn 0.707100 -0.707100 0.000000
vn 0.904500 0.301500 -0.301500
vn 0.707100 0.707100 0.000000
vn 0.000000 1.000000 0.000000
vn 0.000000 0.707100 -0.707100
vn 0.000000 -1.000000 0.000000
vn 0.707100 -0.707100 0.000000
vn 0.000000 0.707100 -0.707100
vn 0.000000 1.000000 0.000000
vn -0.707100 0.707100 0.000000
vn -0.904500 0.301500 -0.301500
vn 0.000000 -1.000000 0.000000
vn -0.707100 -0.707100 0.000000
vn 0.707100 0.000000 0.707100
vn 0.707100 0.000000 -0.707100
vn -0.707100 0.000000 -0.707100
vn -0.707100 0.000000 0.707100
vn 0.707100 0.000000 0.707100
vn 0.000000 0.000000 1.000000
vn 0.000000 0.000000 -1.000000
vn 0.707100 0.000000 -0.707100
vn 0.000000 0.000000 1.000000
vn -0.707100 0.000000 0.707100
vn 0.000000 0.000000 -1.000000
vn -0.707100 0.000000 -0.707100
vn 0.577300 0.577300 0.577300
vn 0.707100 0.000000 0.707100
vn 0.707100 0.000000 -0.707100
vn 0.577300 0.577300 -0.577300
vn -0.577300 0.577300 -0.577300
vn -0.707100 0.000000 -0.707100
vn -0.707100 0.000000 0.707100
vn -0.577300 0.577300 0.577300
vn 0.707100 0.000000 0.707100
vn 0.000000 0.000000 1.000000
vn 0.000000 0.000000 -1.000000
vn 0.707100 0.000000 -0.707100
vn 0.000000 0.707100 -0.707100
vn 0.577300 0.577300 -0.577300
vn 0.000000 0.000000 1.000000
vn -0.707100 0.000000 0.707100
vn 0.000000 0.000000 -1.000000
vn 0.000000 0.707100 -0.707100
vn -0.707100 0.000000 -0.707100
vn -0.577300 0.577300 -0.577300
vn 0.904500 -0.301500 -0.301500
vn 0.707100 0.707100 0.000000
vn 0.577300 0.577300 0.577300
vn 0.707100 0.000000 0.707100
vn -0.707100 0.707100 0.000000
vn -0.904500 -0.301500 -0.301500
vn -0.707100 0.000000 0.707100
vn -0.577300 0.577300 0.577300
vn 0.707100 0.000000 -0.707100
vn 0.904500 0.301500 0.301500
vn 0.707100 -0.707100 0.000000
vn 0.577300 -0.577300 -0.577300
vn -0.904500 0.301500 0.301500
vn -0.707100 0.000000 -0.707100
vn -0.577300 -0.577300 -0.577300
vn -0.707100 -0.707100 0.000000
vn -0.707100 0.000000 0.707100
vn -0.904500 0.301500 -0.301500
vn -0.707100 -0.707100 0.000000
vn -0.577300 -0.577300 0.577300
vn 0.904500 0.301500 -0.301500
vn 0.707100 0.000000 0.707100
vn 0.577300 -0.577300 0.577300
vn 0.707100 -0.707100 0.000000
vn -0.577300 0.577300 -0.577300
vn -0.707100 0.000000 -0.707100
vn -0.904500 -0.301500 0.301500
vn -0.707100 0.707100 0.000000
vn 0.707100 0.000000 -0.707100
vn 0.577300 0.577300 -0.577300
vn 0.707100 0.707100 0.000000
vn 0.904500 -0.301500 0.301500
vn 0.904500 0.301500 -0.301500
vn 0.707100 0.000000 0.707100
vn 0.577300 -0.577300 0.577300
vn 0.707100 -0.707100 0.000000
vn -0.707100 0.000000 0.707100
vn -0.904500 0.301500 -0.301500
vn -0.707100 -0.707100 0.000000
vn -0.577300 -0.577300 0.577300
vn -0.904500 0.301500 0.301500
vn -0.707100 0.000000 -0.707100
vn -0.577300 -0.577300 -0.577300
vn -0.707100 -0.707100 0.000000
vn 0.707100 0.000000 -0.707100
vn 0.904500 0.301500 0.301500
vn 0.707100 -0.707100 0.000000
vn 0.577300 -0.577300 -0.577300
vn -0.707100 0.707100 0.000000
vn -0.904500 -0.301500 -0.301500
vn -0.707100 0.000000 0.707100
vn -0.577300 0.577300 0.577300
vn 0.904500 -0.301500 -0.301500
vn 0.707100 0.707100 0.000000
vn 0.577300 0.577300 0.577300
vn 0.707100 0.000000 0.707100
vn -0.525900 0.525900 0.668500
vn -0.079900 0.079900 0.993600
vn 0.000000 0.115100 0.993300
vn -0.000000 0.743800 0.668400
vn -0.743600 0.000000 0.668600
vn -0.115100 0.000000 0.993300
vn -0.525700 -0.525700 0.668700
vn -0.079900 -0.079900 0.993600
vn 0.000000 -0.743400 0.668800
vn 0.000000 -0.115100 0.993300
vn 0.525700 -0.525700 0.668700
vn 0.079900 -0.079900 0.993600
vn 0.743600 0.000000 0.668600
vn 0.115100 0.000000 0.993300
vn 0.525900 0.525900 0.668500
vn 0.079900 0.079900 0.993600
vn 0.000000 0.000000 1.000000
vn 0.080000 0.079900 0.993600
vn 0.000000 0.000000 1.000000
vn 0.080000 -0.079900 0.993600
vn 0.115200 0.000000 0.993300
vn -0.080000 -0.079900 0.993600
vn 0.000000 -0.115100 0.993300
vn -0.080000 0.079900 0.993600
vn -0.115200 0.000000 0.993300
vn 0.000000 0.115100 0.993300
vn 0.000000 0.743700 0.668400
vn 0.525700 0.525800 0.668700
vn 0.743300 0.000000 0.668900
vn 0.525900 -0.526000 0.668400
vn 0.000000 -0.744100 0.668100
vn -0.525900 -0.526000 0.668400
vn -0.743400 0.000000 0.668900
vn -0.525700 0.525800 0.668700
vn -0.998100 0.053200 0.030700
vn -0.998000 0.062900 0.000000
vn -0.998100 0.053200 -0.030700
vn -1.000000 0.000000 0.000000
vn -0.998000 0.031400 -0.054500
vn -0.998100 0.000000 -0.061400
vn -0.998000 -0.031400 -0.054500
vn -0.998100 -0.053200 -0.030700
vn -0.998000 -0.062900 0.000000
vn -0.998100 -0.053200 0.030700
vn -0.998000 -0.031400 0.054500
vn -0.998100 0.000000 0.061400
vn -0.998000 0.031500 0.054500
vn -0.624200 0.390600 -0.676600
vn 0.000000 0.500000 -0.866000
vn 0.000000 0.000000 -1.000000
vn -0.624200 0.000000 -0.781300
vn -0.624200 0.676600 -0.390600
vn 0.000000 0.866000 -0.500000
vn -0.624200 0.781300 0.000000
vn 0.000000 1.000000 0.000000
vn -0.624200 0.676600 0.390600
vn 0.000000 0.866000 0.500000
vn 0.000000 1.000000 0.000000
vn -0.624200 0.781300 0.000000
vn -0.624200 0.390600 0.676600
vn 0.000000 0.500000 0.866000
vn -0.624200 0.000000 0.781300
vn 0.000000 0.000000 1.000000
vn -0.624200 -0.390600 0.676600
vn 0.000000 -0.500000 0.866000
vn -0.624200 -0.676600 0.390600
vn 0.000000 -0.866000 0.500000
vn -0.624200 -0.781300 0.000000
vn 0.000000 -1.000000 0.000000
vn -0.624200 -0.676600 -0.390600
vn 0.000000 -0.866000 -0.500000
vn -0.624200 -0.390600 -0.676600
vn 0.000000 -0.500000 -0.866000
vn -0.624200 0.000000 -0.781300
vn -0.996100 0.000000 -0.088300
vn -0.996100 0.044100 -0.076400
vn -0.624200 0.390600 -0.676600
vn -0.996100 0.076400 -0.044100
vn -0.624200 0.676600 -0.390600
vn -0.996100 0.088300 0.000000
vn -0.624200 0.781300 0.000000
vn -0.996100 0.076400 0.044100
vn -0.624200 0.676600 0.390600
vn -0.996100 0.044100 0.076400
vn -0.624200 0.390600 0.676600
vn -0.996100 0.000000 0.088300
vn -0.624200 0.000000 0.781300
vn -0.996100 -0.044100 0.076400
vn -0.624200 -0.390600 0.676600
vn -0.996100 -0.076400 0.044100
vn -0.624200 -0.676600 0.390600
vn -0.996100 -0.088300 0.000000
vn -0.624200 -0.781300 0.000000
vn -0.996100 -0.076400 -0.044100
vn -0.624200 -0.676600 -0.390600
vn -0.996100 -0.044100 -0.076400
vn -0.624200 -0.390600 -0.676600
vn -0.707100 0.707100 0.000000
vn -0.904500 -0.301500 0.301500
vn -0.707100 -0.707100 0.000000
vn -0.707100 0.707100 0.000000
vn 0.904500 -0.301500 0.301500
vn 0.707100 0.707100 0.000000
vn 0.707100 0.707100 0.000000
vn 0.707100 -0.707100 0.000000
vn -0.707100 0.000000 -0.707100
vn -0.577300 0.577300 -0.577300
vn 0.000000 0.707100 -0.707100
vn 0.000000 0.000000 -1.000000
vn 0.000000 0.707100 0.707100
vn 0.000000 1.000000 0.000000
vn -0.707100 0.707100 0.000000
vn -0.577300 0.577300 0.577300
vn -0.707100 0.000000 0.707100
vn 0.000000 0.000000 1.000000
vn -0.577300 -0.577300 -0.577300
vn -0.707100 0.000000 -0.707100
vn 0.000000 0.000000 -1.000000
vn 0.000000 -0.707100 -0.707100
vn -0.707100 -0.707100 0.000000
vn 0.000000 -1.000000 0.000000
vn -0.577300 -0.577300 0.577300
vn -0.707100 -0.707100 0.000000
vn 0.000000 -1.000000 0.000000
vn 0.000000 -0.707100 0.707100
vn 0.000000 1.000000 0.000000
vn 0.000000 0.707100 -0.707100
vn -0.577300 0.577300 -0.577300
vn -0.707100 0.707100 0.000000
vn 0.000000 0.707100 0.707100
vn 0.000000 0.707100 -0.707100
vn -0.577300 0.577300 -0.577300
vn -0.577300 0.577300 0.577300
vn -0.577300 -0.577300 0.577300
vn -0.707100 -0.707100 0.000000
vn 0.000000 -1.000000 0.000000
vn 0.000000 -0.707100 0.707100
vn -0.707100 -0.707100 0.000000
vn -0.577300 -0.577300 -0.577300
vn 0.000000 -0.707100 -0.707100
vn 0.000000 -1.000000 0.000000
vn -0.707100 0.000000 -0.707100
vn 0.000000 0.000000 -1.000000
vn -0.577300 0.577300 0.577300
vn -0.707100 0.000000 0.707100
vn 0.000000 0.000000 1.000000
vn 0.000000 0.707100 0.707100
vn 0.000000 1.000000 0.000000
vn -0.707100 0.707100 0.000000
vn -0.707100 0.000000 0.707100
vn 0.000000 0.000000 1.000000
vn -0.707100 0.000000 0.707100
vn 0.000000 0.000000 1.000000
vn 0.000000 0.000000 -1.000000
vn -0.707100 0.000000 -0.707100
vn -0.577300 -0.577300 -0.577300
vn -0.707100 0.000000 -0.707100
vn 0.000000 0.000000 -1.000000
vn 0.000000 -0.707100 -0.707100
vn -0.707100 0.000000 0.707100
vn -0.577300 -0.577300 0.577300
vn 0.000000 -0.707100 0.707100
vn 0.000000 0.000000 1.000000
vn 0.000000 0.000000 -1.000000
vn -0.707100 0.000000 -0.707100
vn -0.707100 0.000000 0.707100
vn 0.000000 0.000000 1.000000
vn -0.904500 -0.301500 0.301500
vn 0.000000 -0.707100 0.707100
vn -0.707100 -0.707100 0.000000
vn 0.000000 -1.000000 0.000000
vn 0.000000 1.000000 0.000000
vn 0.000000 1.000000 0.000000
vn -0.707100 0.707100 0.000000
vn -0.707100 0.707100 0.000000
vn 0.000000 0.707100 -0.707100
vn 0.000000 0.000000 -1.000000
vn 0.577300 0.577300 -0.577300
vn 0.707100 0.000000 -0.707100
vn 0.577300 0.577300 0.577300
vn 0.707100 0.707100 0.000000
vn 0.000000 1.000000 0.000000
vn 0.000000 0.707100 0.707100
vn 0.000000 0.000000 1.000000
vn 0.707100 0.000000 0.707100
vn 0.000000 0.000000 -1.000000
vn 0.000000 -0.707100 -0.707100
vn 0.707100 0.000000 -0.707100
vn 0.577300 -0.577300 -0.577300
vn 0.000000 -1.000000 0.000000
vn 0.707100 -0.707100 0.000000
vn 0.000000 -1.000000 0.000000
vn 0.000000 -0.707100 0.707100
vn 0.707100 -0.707100 0.000000
vn 0.577300 -0.577300 0.577300
vn 0.707100 0.707100 0.000000
vn 0.577300 0.577300 -0.577300
vn 0.000000 0.707100 -0.707100
vn 0.000000 1.000000 0.000000
vn 0.577300 0.577300 0.577300
vn 0.577300 0.577300 -0.577300
vn 0.000000 0.707100 -0.707100
vn 0.000000 0.707100 0.707100
vn 0.000000 -1.000000 0.000000
vn 0.000000 -0.707100 0.707100
vn 0.707100 -0.707100 0.000000
vn 0.577300 -0.577300 0.577300
vn 0.000000 -0.707100 -0.707100
vn 0.000000 -1.000000 0.000000
vn 0.577300 -0.577300 -0.577300
vn 0.707100 -0.707100 0.000000
vn 0.000000 0.000000 -1.000000
vn 0.707100 0.000000 -0.707100
vn 0.000000 0.000000 1.000000
vn 0.000000 0.707100 0.707100
vn 0.707100 0.000000 0.707100
vn 0.577300 0.577300 0.577300
vn 0.707100 0.707100 0.000000
vn 0.000000 1.000000 0.000000
vn 0.000000 0.000000 1.000000
vn 0.707100 0.000000 0.707100
vn 0.000000 0.000000 1.000000
vn 0.707100 0.000000 0.707100
vn 0.707100 0.000000 -0.707100
vn 0.000000 0.000000 -1.000000
vn 0.000000 0.000000 -1.000000
vn 0.000000 -0.707100 -0.707100
vn 0.707100 0.000000 -0.707100
vn 0.577300 -0.577300 -0.577300
vn 0.000000 -0.707100 0.707100
vn 0.000000 0.000000 1.000000
vn 0.577300 -0.577300 0.577300
vn 0.707100 0.000000 0.707100
vn 0.000000 0.000000 -1.000000
vn 0.707100 0.000000 -0.707100
vn 0.000000 0.000000 1.000000
vn 0.707100 0.000000 0.707100
vn 0.000000 -0.707100 0.707100
vn 0.904500 -0.301500 0.301500
vn 0.000000 -1.000000 0.000000
vn 0.707100 -0.707100 0.000000
vn 0.707100 0.707100 0.000000
vn 0.707100 0.707100 0.000000
vn 0.000000 1.000000 0.000000
vn 0.000000 1.000000 0.000000
vn 0.707100 0.000000 -0.707100
vn 0.577300 0.577300 -0.577300
vn 0.707100 0.707100 0.000000
vn 1.000000 0.000000 0.000000
vn -1.000000 0.000000 0.000000
vn -0.707100 0.707100 0.000000
vn -0.577300 0.577300 -0.577300
vn -0.707100 0.000000 -0.707100
vn 1.000000 0.000000 0.000000
vn 0.707100 -0.707100 0.000000
vn 0.577300 -0.577300 -0.577300
vn 0.707100 0.000000 -0.707100
vn -0.707100 -0.707100 0.000000
vn -1.000000 0.000000 0.000000
vn -0.707100 0.000000 -0.707100
vn -0.577300 -0.577300 -0.577300
vn 1.000000 0.000000 0.000000
vn 0.707100 0.000000 -0.707100
vn -0.707100 0.000000 -0.707100
vn -1.000000 0.000000 0.000000
vn -0.707100 0.707100 0.000000
vn 0.000000 1.000000 0.000000
vn 0.000000 -1.000000 0.000000
vn -0.707100 -0.707100 0.000000
vn -0.577300 -0.577300 -0.577300
vn 0.000000 -0.707100 -0.707100
vn 0.000000 1.000000 0.000000
vn 0.707100 0.707100 0.000000
vn 0.000000 -1.000000 0.000000
vn 0.000000 -0.707100 -0.707100
vn 0.707100 -0.707100 0.000000
vn 0.577300 -0.577300 -0.577300
vn 0.707100 0.707100 0.000000
vn 1.000000 0.000000 0.000000
vn -0.707100 0.707100 0.000000
vn -1.000000 0.000000 0.000000
vn 0.707100 0.000000 0.707100
vn 0.577300 -0.577300 0.577300
vn 0.707100 -0.707100 0.000000
vn 1.000000 0.000000 0.000000
vn -0.577300 -0.577300 0.577300
vn -0.707100 0.000000 0.707100
vn -1.000000 0.000000 0.000000
vn -0.707100 -0.707100 0.000000
vn 0.707100 0.000000 0.707100
vn 1.000000 0.000000 0.000000
vn -0.707100 0.000000 0.707100
vn -1.000000 0.000000 0.000000
vn 0.000000 1.000000 0.000000
vn -0.707100 0.707100 0.000000
vn -0.707100 -0.707100 0.000000
vn 0.000000 -1.000000 0.000000
vn 0.707100 0.707100 0.000000
vn 0.000000 1.000000 0.000000
vn 0.000000 -1.000000 0.000000
vn 0.707100 -0.707100 0.000000
vn 0.595100 0.595500 -0.539600
vn -0.000100 0.840700 -0.541500
vn 0.000000 0.971900 0.235200
vn 0.687000 0.687000 0.236800
vn 0.843200 0.000000 -0.537600
vn 0.971100 0.000000 0.238600
vn 0.595800 -0.595800 -0.538600
vn 0.686800 -0.686800 0.237600
vn 0.000100 -0.841800 -0.539700
vn -0.000000 -0.971600 0.236500
vn -0.595700 -0.595800 -0.538700
vn -0.686900 -0.686800 0.237600
vn -0.843200 0.000000 -0.537600
vn -0.971100 0.000000 0.238600
vn -0.595200 0.595400 -0.539500
vn -0.686900 0.687000 0.236800
vn 0.000000 0.971200 0.238100
vn 0.686800 0.686800 0.237800
vn 0.971300 0.000000 0.237700
vn 0.686800 -0.686800 0.238000
vn -0.000000 -0.971200 0.238000
vn -0.686800 -0.686800 0.238000
vn -0.971300 0.000000 0.237700
vn -0.686800 0.686800 0.237900
vn -0.420200 0.420300 -0.804200
vn 0.000000 0.594400 -0.804100
vn 0.000000 1.000000 0.000000
vn -0.707100 0.707100 0.000000
vn 0.000000 1.000000 0.000000
vn -0.707000 0.707100 0.000000
vn -0.594400 0.000000 -0.804200
vn -1.000000 0.000000 0.000000
vn -1.000000 0.000000 0.000000
vn -0.420200 -0.420300 -0.804200
vn -0.707100 -0.707100 0.000000
vn -0.707000 -0.707100 0.000000
vn 0.000000 -0.594400 -0.804100
vn 0.000000 -1.000000 0.000000
vn 0.000000 -1.000000 0.000000
vn 0.420200 -0.420300 -0.804200
vn 0.707100 -0.707100 0.000000
vn 0.707000 -0.707100 0.000000
vn 0.594400 0.000000 -0.804200
vn 1.000000 0.000000 0.000000
vn 1.000000 0.000000 0.000000
vn 0.420200 0.420300 -0.804200
vn 0.707100 0.707100 0.000000
vn 0.707000 0.707100 0.000000
vn 0.000000 0.000000 -1.000000
vn 0.000000 0.000000 -1.000000
vn 0.000000 0.000000 -1.000000
vn 0.000000 0.000000 -1.000000
vn 0.000000 0.000000 -1.000000
vn 0.000000 0.000000 -1.000000
vn 0.000000 0.000000 -1.000000
vn 0.000000 0.000000 -1.000000
vn 0.000000 0.000000 -1.000000
vn -0.000100 0.000000 -1.000000
vn 0.000000 0.000000 -1.000000
vn 0.000100 0.000000 -1.000000
vn 0.000100 0.000000 -1.000000
vn 0.000000 0.000000 -1.000000
vn 0.000000 0.000000 -1.000000
vn -0.000100 0.000000 -1.000000
vn -0.000200 0.594400 -0.804100
vn 0.420100 0.420300 -0.804300
vn 0.707100 0.707100 0.000000
vn 0.000000 1.000000 0.000000
vn 0.707000 0.707200 0.000000
vn 0.000000 1.000000 0.000000
vn 0.594400 0.000000 -0.804200
vn 1.000000 0.000000 0.000000
vn 1.000000 0.000000 0.000000
vn 0.420200 -0.420200 -0.804200
vn 0.707100 -0.707100 0.000000
vn 0.707000 -0.707200 0.000000
vn 0.000200 -0.594400 -0.804100
vn 0.000000 -1.000000 0.000000
vn 0.000000 -1.000000 0.000000
vn -0.420100 -0.420300 -0.804300
vn -0.707100 -0.707100 0.000000
vn -0.707100 -0.707100 0.000000
vn -0.594400 0.000000 -0.804200
vn -1.000000 0.000000 0.000000
vn -1.000000 0.000000 0.000000
vn -0.420200 0.420200 -0.804200
vn -0.707100 0.707100 0.000000
vn -0.707100 0.707100 0.000000
vn 0.000000 0.000000 -1.000000
vn -0.000100 0.000000 -1.000000
vn 0.000000 0.000000 -1.000000
vn 0.000100 0.000000 -1.000000
vn 0.000100 0.000000 -1.000000
vn 0.000000 0.000000 -1.000000
vn 0.000000 0.000000 -1.000000
vn -0.000100 0.000000 -1.000000
vn -0.595100 0.596000 -0.539100
vn 0.000000 0.841300 -0.540500
vn 0.000000 0.000000 -1.000000
vn 0.000000 0.000000 -1.000000
vn -0.843400 0.000000 -0.537200
vn 0.000000 0.000000 -1.000000
vn -0.595900 -0.596600 -0.537500
vn 0.000000 0.000000 -1.000000
vn 0.000000 -0.843000 -0.537900
vn 0.000000 0.000000 -1.000000
vn 0.595900 -0.596600 -0.537500
vn 0.000000 0.000000 -1.000000
vn 0.843400 0.000000 -0.537200
vn 0.000000 0.000000 -1.000000
vn 0.595100 0.596000 -0.539100
vn 0.000000 0.000000 -1.000000
vn -0.686800 0.686900 0.237400
vn 0.000000 0.971700 0.236100
vn -0.971000 0.000000 0.239000
vn -0.686600 -0.686600 0.238900
vn 0.000000 -0.971100 0.238600
vn 0.686600 -0.686600 0.238900
vn 0.971000 0.000000 0.239000
vn 0.686800 0.686900 0.237400
vn -0.686800 0.686700 0.238200
vn 0.000000 0.971200 0.238200
vn -0.971300 0.000000 0.237900
vn -0.686900 -0.686800 0.237800
vn 0.000000 -0.971300 0.237800
vn 0.686900 -0.686700 0.237800
vn 0.971300 0.000000 0.237900
vn 0.686800 0.686700 0.238200
vn -0.707100 -0.707100 0.000000
vn -0.707100 0.707100 0.000000
vn 0.707100 0.707100 0.000000
vn 0.707100 -0.707100 0.000000
vn 0.000000 -0.707100 -0.707100
vn -0.904500 -0.301500 -0.301500
vn -0.707100 -0.707100 0.000000
vn 0.000000 -1.000000 0.000000
vn 0.000000 1.000000 0.000000
vn -0.707100 0.707100 0.000000
vn 0.000000 -0.707100 -0.707100
vn 0.000000 -1.000000 0.000000
vn 0.904500 -0.301500 -0.301500
vn 0.707100 -0.707100 0.000000
vn 0.707100 0.707100 0.000000
vn 0.000000 1.000000 0.000000
vn -0.707100 0.000000 -0.707100
vn -0.707100 0.000000 0.707100
vn 0.707100 0.000000 0.707100
vn 0.707100 0.000000 -0.707100
vn -0.707100 0.000000 0.707100
vn 0.000000 0.000000 1.000000
vn 0.000000 0.000000 -1.000000
vn -0.707100 0.000000 -0.707100
vn 0.000000 0.000000 1.000000
vn 0.707100 0.000000 0.707100
vn 0.000000 0.000000 -1.000000
vn 0.707100 0.000000 -0.707100
vn -0.707100 0.000000 -0.707100
vn -0.707100 0.000000 0.707100
vn 0.707100 0.000000 0.707100
vn 0.707100 0.000000 -0.707100
vn -0.904500 0.301500 0.301500
vn 0.000000 0.707100 0.707100
vn 0.000000 0.000000 1.000000
vn -0.707100 0.000000 0.707100
vn -0.707100 0.000000 -0.707100
vn 0.000000 0.000000 -1.000000
vn 0.000000 0.707100 0.707100
vn 0.904500 0.301500 0.301500
vn 0.707100 0.000000 0.707100
vn 0.000000 0.000000 1.000000
vn 0.000000 0.000000 -1.000000
vn 0.707100 0.000000 -0.707100
vn -0.707100 -0.707100 0.000000
vn -0.707100 0.707100 0.000000
vn 0.707100 0.707100 0.000000
vn 0.707100 -0.707100 0.000000
vn 0.000000 -1.000000 0.000000
vn -0.707100 -0.707100 0.000000
vn -0.707100 0.707100 0.000000
vn 0.000000 1.000000 0.000000
vn 0.000000 -1.000000 0.000000
vn 0.707100 -0.707100 0.000000
vn 0.000000 1.000000 0.000000
vn 0.707100 0.707100 0.000000
vn -0.707100 -0.707100 0.000000
vn -0.707100 0.707100 0.000000
vn 0.707100 0.707100 0.000000
vn 0.707100 -0.707100 0.000000
vn -0.707100 -0.707100 0.000000
vn 0.000000 -1.000000 0.000000
vn -0.904500 0.301500 -0.301500
vn 0.000000 0.707100 -0.707100
vn 0.000000 1.000000 0.000000
vn -0.707100 0.707100 0.000000
vn 0.000000 -1.000000 0.000000
vn 0.707100 -0.707100 0.000000
vn 0.000000 0.707100 -0.707100
vn 0.904500 0.301500 -0.301500
vn 0.707100 0.707100 0.000000
vn 0.000000 1.000000 0.000000
vn 0.707100 0.000000 -0.707100
vn 0.707100 0.000000 0.707100
vn -0.707100 0.000000 0.707100
vn -0.707100 0.000000 -0.707100
vn -0.707100 0.000000 -0.707100
vn 0.000000 0.000000 -1.000000
vn 0.000000 0.000000 1.000000
vn -0.707100 0.000000 0.707100
vn 0.000000 0.000000 -1.000000
vn 0.707100 0.000000 -0.707100
vn 0.707100 0.000000 0.707100
vn 0.000000 0.000000 1.000000
vn 0.707100 0.000000 0.707100
vn 0.707100 0.000000 -0.707100
vn -0.707100 0.000000 -0.707100
vn -0.707100 0.000000 0.707100
vn -0.707100 0.000000 -0.707100
vn 0.000000 0.000000 -1.000000
vn 0.000000 0.000000 1.000000
vn -0.707100 0.000000 0.707100
vn 0.000000 -0.707100 0.707100
vn -0.904500 -0.301500 0.301500
vn 0.000000 0.000000 -1.000000
vn 0.707100 0.000000 -0.707100
vn 0.707100 0.000000 0.707100
vn 0.000000 0.000000 1.000000
vn 0.904500 -0.301500 0.301500
vn 0.000000 -0.707100 0.707100
vn 0.707100 0.707100 0.000000
vn 0.707100 -0.707100 0.000000
vn -0.707100 -0.707100 0.000000
vn -0.707100 0.707100 0.000000
vn -0.707100 0.707100 0.000000
vn 0.000000 1.000000 0.000000
vn 0.000000 -1.000000 0.000000
vn -0.707100 -0.707100 0.000000
vn 0.000000 1.000000 0.000000
vn 0.707100 0.707100 0.000000
vn 0.000000 -1.000000 0.000000
vn 0.707100 -0.707100 0.000000
vn 0.707100 0.707100 0.000000
vn 0.707100 -0.707100 0.000000
vn -0.707100 -0.707100 0.000000
vn -0.707100 0.707100 0.000000
vn 0.000000 1.000000 0.000000
vn -0.707100 0.707100 0.000000
vn 0.000000 -0.707100 -0.707100
vn -0.904500 -0.301500 -0.301500
vn -0.707100 -0.707100 0.000000
vn 0.000000 -1.000000 0.000000
vn 0.707100 0.707100 0.000000
vn 0.000000 1.000000 0.000000
vn 0.000000 -0.707100 -0.707100
vn 0.000000 -1.000000 0.000000
vn 0.904500 -0.301500 -0.301500
vn 0.707100 -0.707100 0.000000
vn 0.707100 0.000000 0.707100
vn 0.707100 0.000000 -0.707100
vn -0.707100 0.000000 -0.707100
vn -0.707100 0.000000 0.707100
vn 0.000000 0.000000 -1.000000
vn -0.707100 0.000000 -0.707100
vn -0.707100 0.000000 0.707100
vn 0.000000 0.000000 1.000000
vn 0.000000 0.000000 -1.000000
vn 0.707100 0.000000 -0.707100
vn 0.000000 0.000000 1.000000
vn 0.707100 0.000000 0.707100
vn 0.707100 0.000000 0.707100
vn 0.707100 0.000000 -0.707100
vn -0.707100 0.000000 -0.707100
vn -0.707100 0.000000 0.707100
vn -0.707100 0.000000 -0.707100
vn 0.000000 0.000000 -1.000000
vn -0.904500 0.301500 0.301500
vn 0.000000 0.707100 0.707100
vn 0.000000 0.000000 1.000000
vn -0.707100 0.000000 0.707100
vn 0.000000 0.000000 -1.000000
vn 0.707100 0.000000 -0.707100
vn 0.000000 0.707100 0.707100
vn 0.904500 0.301500 0.301500
vn 0.707100 0.000000 0.707100
vn 0.000000 0.000000 1.000000
vn 0.707100 0.707100 0.000000
vn 0.707100 -0.707100 0.000000
vn -0.707100 -0.707100 0.000000
vn -0.707100 0.707100 0.000000
vn -0.707100 0.707100 0.000000
vn 0.000000 1.000000 0.000000
vn 0.000000 -1.000000 0.000000
vn -0.707100 -0.707100 0.000000
vn 0.000000 1.000000 0.000000
vn 0.707100 0.707100 0.000000
vn 0.000000 -1.000000 0.000000
vn 0.707100 -0.707100 0.000000
vn 0.707100 0.707100 0.000000
vn 0.707100 -0.707100 0.000000
vn -0.707100 -0.707100 0.000000
vn -0.707100 0.707100 0.000000
vn -0.904500 0.301500 -0.301500
vn 0.000000 0.707100 -0.707100
vn 0.000000 1.000000 0.000000
vn -0.707100 0.707100 0.000000
vn -0.707100 -0.707100 0.000000
vn 0.000000 -1.000000 0.000000
vn 0.000000 0.707100 -0.707100
vn 0.904500 0.301500 -0.301500
vn 0.707100 0.707100 0.000000
vn 0.000000 1.000000 0.000000
vn 0.000000 -1.000000 0.000000
vn 0.707100 -0.707100 0.000000
vn -0.707100 0.000000 0.707100
vn -0.707100 0.000000 -0.707100
vn 0.707100 0.000000 -0.707100
vn 0.707100 0.000000 0.707100
vn 0.000000 0.000000 1.000000
vn -0.707100 0.000000 0.707100
vn -0.707100 0.000000 -0.707100
vn 0.000000 0.000000 -1.000000
vn 0.707100 0.000000 0.707100
vn 0.000000 0.000000 1.000000
vn 0.000000 0.000000 -1.000000
vn 0.707100 0.000000 -0.707100
vn -0.577300 0.577300 0.577300
vn -0.577300 0.577300 -0.577300
vn -0.707100 0.000000 -0.707100
vn -0.707100 0.000000 0.707100
vn 0.577300 0.577300 -0.577300
vn 0.577300 0.577300 0.577300
vn 0.707100 0.000000 0.707100
vn 0.707100 0.000000 -0.707100
vn 0.000000 0.000000 1.000000
vn -0.707100 0.000000 0.707100
vn -0.707100 0.000000 -0.707100
vn 0.000000 0.000000 -1.000000
vn -0.577300 0.577300 -0.577300
vn 0.000000 0.707100 -0.707100
vn 0.707100 0.000000 0.707100
vn 0.000000 0.000000 1.000000
vn 0.000000 0.000000 -1.000000
vn 0.000000 0.707100 -0.707100
vn 0.707100 0.000000 -0.707100
vn 0.577300 0.577300 -0.577300
vt 0.811300 0.773600
vt 0.806500 0.773400
vt 0.806700 0.767900
vt 0.811500 0.768100
vt 0.802700 0.872900
vt 0.797900 0.872700
vt 0.798100 0.867200
vt 0.802900 0.867400
vt 0.810000 0.807600
vt 0.809900 0.811500
vt 0.805000 0.811300
vt 0.805200 0.807400
vt 0.799300 0.833400
vt 0.799400 0.829500
vt 0.804200 0.829600
vt 0.804100 0.833600
vt 0.769400 0.832200
vt 0.769600 0.828300
vt 0.774400 0.828500
vt 0.774200 0.832400
vt 0.780100 0.806300
vt 0.779900 0.810200
vt 0.775100 0.810000
vt 0.775300 0.806000
vt 0.772600 0.871700
vt 0.767800 0.871500
vt 0.768000 0.866000
vt 0.772800 0.866200
vt 0.781800 0.772500
vt 0.777000 0.772300
vt 0.777300 0.766800
vt 0.782100 0.767000
vt 0.711800 0.802000
vt 0.711500 0.805900
vt 0.706800 0.805500
vt 0.707000 0.801700
vt 0.701100 0.829100
vt 0.701300 0.825200
vt 0.706100 0.825400
vt 0.705900 0.829300
vt 0.731000 0.830500
vt 0.731100 0.826600
vt 0.735900 0.826800
vt 0.735800 0.830700
vt 0.741300 0.803900
vt 0.741100 0.807800
vt 0.736300 0.807500
vt 0.736600 0.803600
vt 0.734000 0.870000
vt 0.729200 0.869800
vt 0.729400 0.864300
vt 0.734200 0.864500
vt 0.743400 0.770300
vt 0.738600 0.770100
vt 0.738900 0.764600
vt 0.743700 0.764900
vt 0.604900 0.182300
vt 0.604800 0.182400
vt 0.604800 0.182300
vt 0.604800 0.182300
vt 0.604900 0.182200
vt 0.604900 0.182200
vt 0.604900 0.182100
vt 0.604800 0.182200
vt 0.604800 0.182200
vt 0.604800 0.182100
vt 0.604700 0.182200
vt 0.604700 0.182200
vt 0.604700 0.182300
vt 0.604600 0.182300
vt 0.604800 0.182300
vt 0.604700 0.182400
vt 0.604800 0.182300
vt 0.604700 0.209600
vt 0.604700 0.209500
vt 0.604700 0.209500
vt 0.604700 0.209500
vt 0.604700 0.209500
vt 0.604800 0.209500
vt 0.604800 0.209500
vt 0.604800 0.209600
vt 0.604700 0.209600
vt 0.604800 0.209700
vt 0.604600 0.209700
vt 0.604600 0.209600
vt 0.604600 0.209500
vt 0.604700 0.209400
vt 0.604800 0.209400
vt 0.604900 0.209500
vt 0.604900 0.209600
vt 0.631700 0.061500
vt 0.636000 0.081600
vt 0.637500 0.054100
vt 0.634400 0.054100
vt 0.641700 0.074200
vt 0.640200 0.061500
vt 0.640200 0.101600
vt 0.641700 0.088900
vt 0.634400 0.109000
vt 0.637500 0.109000
vt 0.630200 0.088900
vt 0.631700 0.101600
vt 0.630200 0.074200
vt 0.540600 0.672000
vt 0.546300 0.605100
vt 0.532700 0.603900
vt 0.527000 0.670800
vt 0.017300 0.592900
vt 0.011700 0.658600
vt 0.534700 0.738800
vt 0.521200 0.737600
vt 0.005900 0.724400
vt 0.528800 0.805400
vt 0.515500 0.804200
vt 0.000000 0.791400
vt 0.586700 0.068200
vt 0.591100 0.000900
vt 0.577400 0.000000
vt 0.573000 0.067300
vt 0.061300 0.000000
vt 0.057100 0.065900
vt 0.582100 0.135600
vt 0.568500 0.134700
vt 0.052600 0.131900
vt 0.577400 0.202800
vt 0.563900 0.201800
vt 0.048000 0.197800
vt 0.572600 0.269900
vt 0.559000 0.268900
vt 0.043300 0.263700
vt 0.567600 0.337000
vt 0.554100 0.336000
vt 0.038400 0.329500
vt 0.562500 0.404100
vt 0.549000 0.403000
vt 0.033300 0.395400
vt 0.557300 0.471100
vt 0.543700 0.470000
vt 0.028100 0.461200
vt 0.551900 0.538100
vt 0.538300 0.537000
vt 0.022800 0.527000
vt 0.647800 0.066400
vt 0.644600 0.040300
vt 0.643600 0.045000
vt 0.646400 0.068200
vt 0.639100 0.025100
vt 0.638800 0.031700
vt 0.632800 0.025100
vt 0.633100 0.031700
vt 0.627300 0.040300
vt 0.628300 0.045100
vt 0.624100 0.066400
vt 0.625500 0.068200
vt 0.624100 0.096700
vt 0.625500 0.094900
vt 0.627300 0.122900
vt 0.628300 0.118100
vt 0.632800 0.138000
vt 0.633100 0.131400
vt 0.639100 0.138000
vt 0.638800 0.131400
vt 0.644600 0.122800
vt 0.643600 0.118100
vt 0.647800 0.096700
vt 0.646400 0.094900
vt 0.855500 0.873000
vt 0.852400 0.872900
vt 0.852600 0.867400
vt 0.855700 0.867500
vt 0.864300 0.773800
vt 0.861200 0.773700
vt 0.861400 0.768200
vt 0.864500 0.768300
vt 0.725400 0.496000
vt 0.725200 0.501700
vt 0.723600 0.500300
vt 0.723700 0.495700
vt 0.704800 0.509500
vt 0.704800 0.506300
vt 0.705900 0.506400
vt 0.705900 0.509800
vt 0.703500 0.509300
vt 0.703600 0.506100
vt 0.698100 0.485900
vt 0.698100 0.482800
vt 0.698900 0.482800
vt 0.698900 0.485900
vt 0.697100 0.485900
vt 0.697100 0.482800
vt 0.690700 0.486000
vt 0.690700 0.482900
vt 0.691700 0.482900
vt 0.691700 0.486000
vt 0.682100 0.506900
vt 0.682100 0.503700
vt 0.683200 0.503700
vt 0.683200 0.506900
vt 0.654300 0.477000
vt 0.654200 0.480700
vt 0.653200 0.480400
vt 0.653200 0.477000
vt 0.662200 0.480500
vt 0.662300 0.477400
vt 0.663300 0.477700
vt 0.663300 0.480800
vt 0.668500 0.482400
vt 0.668600 0.479300
vt 0.669600 0.479600
vt 0.669600 0.482700
vt 0.670400 0.479800
vt 0.670400 0.482900
vt 0.674400 0.504700
vt 0.674400 0.507900
vt 0.673200 0.508000
vt 0.673200 0.504800
vt 0.675500 0.504600
vt 0.675500 0.507900
vt 0.661400 0.480300
vt 0.661400 0.477100
vt 0.689900 0.486000
vt 0.689900 0.482900
vt 0.684400 0.503800
vt 0.684400 0.507000
vt 0.736600 0.506000
vt 0.736500 0.514700
vt 0.736000 0.514500
vt 0.736100 0.505700
vt 0.734200 0.487900
vt 0.734300 0.478500
vt 0.734900 0.478700
vt 0.734800 0.487900
vt 0.725800 0.496000
vt 0.725700 0.502200
vt 0.723000 0.495600
vt 0.722900 0.487200
vt 0.722500 0.495700
vt 0.722300 0.487700
vt 0.721100 0.494300
vt 0.721300 0.486900
vt 0.721400 0.501600
vt 0.721300 0.496600
vt 0.722200 0.496200
vt 0.722300 0.500800
vt 0.725300 0.536600
vt 0.723800 0.537500
vt 0.725300 0.541400
vt 0.723800 0.541500
vt 0.704600 0.550900
vt 0.704600 0.547900
vt 0.705700 0.547900
vt 0.705700 0.551100
vt 0.703300 0.547700
vt 0.703300 0.550700
vt 0.698100 0.445600
vt 0.698900 0.445600
vt 0.698100 0.442800
vt 0.698900 0.442700
vt 0.697000 0.445600
vt 0.697000 0.442800
vt 0.690700 0.445700
vt 0.691700 0.445700
vt 0.690700 0.442900
vt 0.691700 0.442900
vt 0.682100 0.548300
vt 0.682100 0.545300
vt 0.683200 0.545400
vt 0.683200 0.548300
vt 0.654500 0.438900
vt 0.654500 0.442200
vt 0.653400 0.441900
vt 0.653400 0.438900
vt 0.662500 0.440500
vt 0.663500 0.440800
vt 0.662500 0.437700
vt 0.663600 0.438000
vt 0.668800 0.442300
vt 0.669800 0.442600
vt 0.668800 0.439600
vt 0.669800 0.439800
vt 0.670700 0.442900
vt 0.670700 0.440100
vt 0.674500 0.546300
vt 0.673300 0.546300
vt 0.674500 0.549200
vt 0.673300 0.549300
vt 0.675500 0.546200
vt 0.675600 0.549200
vt 0.661700 0.440300
vt 0.661700 0.437400
vt 0.689800 0.445700
vt 0.689800 0.442800
vt 0.684400 0.545400
vt 0.684400 0.548400
vt 0.736000 0.542000
vt 0.735500 0.541800
vt 0.736000 0.550200
vt 0.735400 0.550000
vt 0.733900 0.446400
vt 0.734600 0.445900
vt 0.733800 0.437600
vt 0.734400 0.437200
vt 0.725800 0.536000
vt 0.725700 0.541700
vt 0.722700 0.452200
vt 0.722800 0.444700
vt 0.722100 0.451600
vt 0.722200 0.444700
vt 0.721100 0.450800
vt 0.721000 0.443300
vt 0.721500 0.542700
vt 0.721500 0.538100
vt 0.722400 0.538000
vt 0.722400 0.542000
vt 0.870600 0.773900
vt 0.869900 0.773900
vt 0.869700 0.768300
vt 0.870400 0.768300
vt 0.861300 0.867800
vt 0.861900 0.867900
vt 0.861400 0.873300
vt 0.860700 0.873300
vt 0.870000 0.807100
vt 0.870600 0.807100
vt 0.870500 0.808300
vt 0.870000 0.808300
vt 0.863300 0.833800
vt 0.863900 0.833800
vt 0.863900 0.835000
vt 0.863300 0.835000
vt 0.869900 0.775400
vt 0.870600 0.775400
vt 0.861300 0.866400
vt 0.862000 0.866400
vt 0.723500 0.495700
vt 0.723500 0.500300
vt 0.736300 0.479800
vt 0.736700 0.479200
vt 0.737300 0.489600
vt 0.737000 0.490400
vt 0.723600 0.537500
vt 0.723700 0.541500
vt 0.736000 0.447600
vt 0.736300 0.447700
vt 0.736300 0.440600
vt 0.736500 0.440800
vt 0.864900 0.773900
vt 0.865200 0.768300
vt 0.856300 0.867500
vt 0.856200 0.873000
vt 0.864500 0.807100
vt 0.865000 0.807200
vt 0.865000 0.808300
vt 0.864500 0.808300
vt 0.857900 0.833500
vt 0.858400 0.833600
vt 0.858400 0.834700
vt 0.857800 0.834700
vt 0.864200 0.775400
vt 0.864800 0.775400
vt 0.855700 0.865900
vt 0.856300 0.866000
vt 0.722400 0.496200
vt 0.722400 0.500800
vt 0.735100 0.478700
vt 0.735000 0.488000
vt 0.722500 0.538000
vt 0.722500 0.542000
vt 0.734800 0.445600
vt 0.734600 0.437000
vt 0.604700 0.182400
vt 0.604700 0.182400
vt 0.604800 0.182400
vt 0.604800 0.182500
vt 0.604600 0.182300
vt 0.604600 0.182300
vt 0.604600 0.182100
vt 0.604600 0.182200
vt 0.604700 0.182000
vt 0.604700 0.182100
vt 0.604900 0.182100
vt 0.604900 0.182100
vt 0.605000 0.182200
vt 0.605000 0.182200
vt 0.605000 0.182400
vt 0.604900 0.182400
vt 0.604700 0.182400
vt 0.604800 0.182400
vt 0.604600 0.182300
vt 0.604600 0.182200
vt 0.604700 0.182100
vt 0.604900 0.182100
vt 0.605000 0.182200
vt 0.604900 0.182300
vt 0.605600 0.182700
vt 0.605600 0.182800
vt 0.605000 0.183400
vt 0.605000 0.183300
vt 0.591100 0.176600
vt 0.599000 0.168600
vt 0.605800 0.182000
vt 0.605900 0.182000
vt 0.591100 0.188000
vt 0.605300 0.181500
vt 0.605300 0.181400
vt 0.599000 0.195900
vt 0.604600 0.181300
vt 0.604500 0.181100
vt 0.610600 0.195900
vt 0.604000 0.181800
vt 0.603900 0.181700
vt 0.618500 0.188000
vt 0.603800 0.182500
vt 0.603700 0.182500
vt 0.618500 0.176500
vt 0.604300 0.183000
vt 0.604200 0.183100
vt 0.610500 0.168600
vt 0.605000 0.183100
vt 0.604300 0.182900
vt 0.603900 0.182500
vt 0.604100 0.181800
vt 0.604600 0.181400
vt 0.605200 0.181600
vt 0.605700 0.182100
vt 0.605500 0.182700
vt 0.604800 0.182500
vt 0.604700 0.182500
vt 0.604500 0.182300
vt 0.604600 0.182100
vt 0.604700 0.182000
vt 0.604900 0.182100
vt 0.605000 0.182200
vt 0.605000 0.182400
vt 0.605000 0.210600
vt 0.605000 0.210700
vt 0.604200 0.210400
vt 0.604200 0.210300
vt 0.599000 0.195900
vt 0.610400 0.195900
vt 0.603600 0.209800
vt 0.603700 0.209800
vt 0.618300 0.203800
vt 0.603800 0.209000
vt 0.603900 0.209000
vt 0.618300 0.215300
vt 0.604500 0.208400
vt 0.604500 0.208500
vt 0.610400 0.223200
vt 0.605300 0.208600
vt 0.605200 0.208700
vt 0.599000 0.223200
vt 0.605900 0.209300
vt 0.605800 0.209300
vt 0.591100 0.215300
vt 0.605600 0.210100
vt 0.605500 0.210100
vt 0.591100 0.203800
vt 0.605400 0.210000
vt 0.604900 0.210500
vt 0.605700 0.209300
vt 0.605200 0.208800
vt 0.604500 0.208600
vt 0.604000 0.209100
vt 0.603800 0.209700
vt 0.604300 0.210300
vt 0.604900 0.209600
vt 0.604900 0.209700
vt 0.604800 0.209800
vt 0.604800 0.209700
vt 0.604900 0.209500
vt 0.605000 0.209500
vt 0.604800 0.209400
vt 0.604800 0.209300
vt 0.604700 0.209300
vt 0.604700 0.209300
vt 0.604500 0.209400
vt 0.604500 0.209400
vt 0.604500 0.209600
vt 0.604500 0.209600
vt 0.604600 0.209700
vt 0.604600 0.209700
vt 0.604800 0.209700
vt 0.604900 0.209600
vt 0.604900 0.209500
vt 0.604800 0.209400
vt 0.604700 0.209300
vt 0.604600 0.209400
vt 0.604500 0.209600
vt 0.604600 0.209700
vt 0.604800 0.209700
vt 0.604900 0.209600
vt 0.604900 0.209500
vt 0.604800 0.209400
vt 0.604700 0.209400
vt 0.604600 0.209400
vt 0.604600 0.209600
vt 0.604600 0.209700
vt 0.810300 0.873100
vt 0.810400 0.867600
vt 0.818900 0.773900
vt 0.819100 0.768400
vt 0.705700 0.482300
vt 0.707500 0.481900
vt 0.707500 0.486100
vt 0.705700 0.485700
vt 0.707700 0.506200
vt 0.707800 0.510500
vt 0.705500 0.445800
vt 0.707300 0.446900
vt 0.705600 0.442800
vt 0.707400 0.443300
vt 0.707500 0.546900
vt 0.707600 0.550700
vt 0.798300 0.860400
vt 0.803100 0.860600
vt 0.811100 0.780400
vt 0.806300 0.780200
vt 0.702000 0.505700
vt 0.702000 0.509100
vt 0.704200 0.482300
vt 0.704200 0.485600
vt 0.701800 0.547200
vt 0.701800 0.550400
vt 0.704000 0.445800
vt 0.704000 0.442700
vt 0.799100 0.839200
vt 0.803900 0.839300
vt 0.810300 0.801800
vt 0.805400 0.801600
vt 0.696600 0.504900
vt 0.697900 0.505100
vt 0.697900 0.508500
vt 0.696600 0.508200
vt 0.700200 0.482600
vt 0.700200 0.485900
vt 0.696500 0.546700
vt 0.697800 0.546800
vt 0.697800 0.550000
vt 0.696500 0.549700
vt 0.700200 0.445700
vt 0.700200 0.442700
vt 0.793800 0.833200
vt 0.793900 0.829300
vt 0.799500 0.811100
vt 0.799700 0.807200
vt 0.695900 0.482900
vt 0.695900 0.485900
vt 0.695400 0.504800
vt 0.695400 0.508000
vt 0.695900 0.445600
vt 0.695900 0.442800
vt 0.695300 0.546600
vt 0.695300 0.549500
vt 0.779300 0.832600
vt 0.779500 0.828700
vt 0.785000 0.810400
vt 0.785200 0.806500
vt 0.692800 0.482900
vt 0.692800 0.486000
vt 0.691100 0.504100
vt 0.692200 0.504300
vt 0.692200 0.507500
vt 0.691100 0.507400
vt 0.692800 0.445600
vt 0.692800 0.442900
vt 0.690900 0.546000
vt 0.692100 0.546100
vt 0.692100 0.549100
vt 0.690900 0.548900
vt 0.780400 0.800700
vt 0.775600 0.800500
vt 0.769200 0.837800
vt 0.774000 0.838000
vt 0.689800 0.507400
vt 0.689800 0.503900
vt 0.688600 0.486100
vt 0.688600 0.482700
vt 0.689600 0.545600
vt 0.689600 0.548900
vt 0.688600 0.445900
vt 0.688600 0.442700
vt 0.781600 0.777300
vt 0.776800 0.777000
vt 0.768200 0.861300
vt 0.773000 0.861500
vt 0.685500 0.507200
vt 0.685500 0.503700
vt 0.684500 0.485900
vt 0.684500 0.482500
vt 0.683400 0.485700
vt 0.683500 0.482500
vt 0.685500 0.545300
vt 0.685500 0.548500
vt 0.684600 0.445900
vt 0.684600 0.442800
vt 0.683500 0.445700
vt 0.683500 0.442700
vt 0.771500 0.771900
vt 0.771800 0.766500
vt 0.762300 0.871300
vt 0.762500 0.865800
vt 0.680900 0.503600
vt 0.680900 0.507100
vt 0.682200 0.482200
vt 0.682200 0.485500
vt 0.680800 0.545100
vt 0.680800 0.548400
vt 0.682300 0.445600
vt 0.682300 0.442400
vt 0.748500 0.770600
vt 0.748900 0.765200
vt 0.739200 0.870300
vt 0.739400 0.864800
vt 0.676700 0.504500
vt 0.676700 0.507900
vt 0.677000 0.481400
vt 0.678100 0.481600
vt 0.678100 0.484900
vt 0.677000 0.484600
vt 0.676700 0.545900
vt 0.676800 0.549200
vt 0.677100 0.444700
vt 0.678300 0.445100
vt 0.677200 0.441700
vt 0.678300 0.442000
vt 0.743000 0.776900
vt 0.738200 0.776600
vt 0.729700 0.857700
vt 0.734500 0.857900
vt 0.675500 0.481000
vt 0.675500 0.484300
vt 0.671700 0.504900
vt 0.671700 0.508300
vt 0.675700 0.444500
vt 0.675700 0.441400
vt 0.671700 0.546200
vt 0.671700 0.549400
vt 0.741700 0.798700
vt 0.736900 0.798400
vt 0.730700 0.835700
vt 0.735500 0.835900
vt 0.671600 0.480000
vt 0.671500 0.483300
vt 0.666400 0.505700
vt 0.667600 0.505500
vt 0.667600 0.508800
vt 0.666400 0.508900
vt 0.671800 0.443400
vt 0.671800 0.440300
vt 0.666600 0.547200
vt 0.667800 0.546900
vt 0.667800 0.550100
vt 0.666600 0.550200
vt 0.732300 0.807200
vt 0.732500 0.803300
vt 0.726800 0.830300
vt 0.727000 0.826400
vt 0.665500 0.505800
vt 0.665500 0.509000
vt 0.667700 0.479100
vt 0.667700 0.482100
vt 0.665600 0.547400
vt 0.665600 0.550300
vt 0.667900 0.442100
vt 0.668000 0.439300
vt 0.717100 0.806200
vt 0.717400 0.802300
vt 0.711600 0.829600
vt 0.711800 0.825700
vt 0.660800 0.506500
vt 0.662100 0.506400
vt 0.662100 0.509600
vt 0.660900 0.509900
vt 0.664500 0.478100
vt 0.664500 0.481100
vt 0.661000 0.547900
vt 0.662300 0.547800
vt 0.662300 0.550800
vt 0.661000 0.551000
vt 0.664700 0.441200
vt 0.664800 0.438400
vt 0.700800 0.835000
vt 0.705600 0.835300
vt 0.712200 0.796100
vt 0.707400 0.795800
vt 0.660000 0.480100
vt 0.660100 0.476400
vt 0.659400 0.510500
vt 0.659400 0.506600
vt 0.660300 0.440600
vt 0.660300 0.437000
vt 0.659600 0.547400
vt 0.659500 0.551100
vt 0.699100 0.873100
vt 0.699200 0.870900
vt 0.704000 0.871100
vt 0.703900 0.873300
vt 0.714700 0.758300
vt 0.714500 0.760600
vt 0.709800 0.760200
vt 0.709900 0.758000
vt 0.654900 0.481100
vt 0.654900 0.477000
vt 0.653900 0.510700
vt 0.653900 0.506100
vt 0.653200 0.510900
vt 0.653200 0.506300
vt 0.655100 0.442700
vt 0.655100 0.438800
vt 0.654000 0.545000
vt 0.653300 0.545100
vt 0.654000 0.549400
vt 0.653300 0.549400
vt 0.811300 0.773600
vt 0.811500 0.768100
vt 0.806700 0.767900
vt 0.806500 0.773400
vt 0.802700 0.872900
vt 0.802900 0.867400
vt 0.798100 0.867200
vt 0.797900 0.872700
vt 0.810000 0.807600
vt 0.805200 0.807400
vt 0.805000 0.811300
vt 0.809900 0.811500
vt 0.799300 0.833400
vt 0.804100 0.833600
vt 0.804200 0.829600
vt 0.799400 0.829500
vt 0.769400 0.832200
vt 0.774200 0.832400
vt 0.774400 0.828500
vt 0.769600 0.828300
vt 0.780100 0.806300
vt 0.775300 0.806000
vt 0.775100 0.810000
vt 0.779900 0.810200
vt 0.772600 0.871700
vt 0.772800 0.866200
vt 0.768000 0.866000
vt 0.767800 0.871500
vt 0.781800 0.772500
vt 0.782100 0.767000
vt 0.777300 0.766800
vt 0.777000 0.772300
vt 0.711800 0.802000
vt 0.707000 0.801700
vt 0.706800 0.805500
vt 0.711500 0.805900
vt 0.701100 0.829100
vt 0.705900 0.829300
vt 0.706100 0.825400
vt 0.701300 0.825200
vt 0.731000 0.830500
vt 0.735800 0.830700
vt 0.735900 0.826800
vt 0.731100 0.826600
vt 0.741300 0.803900
vt 0.736600 0.803600
vt 0.736300 0.807500
vt 0.741100 0.807800
vt 0.734000 0.870000
vt 0.734200 0.864500
vt 0.729400 0.864300
vt 0.729200 0.869800
vt 0.743400 0.770300
vt 0.743700 0.764900
vt 0.738900 0.764600
vt 0.738600 0.770100
vt 0.604900 0.182300
vt 0.604800 0.182300
vt 0.604800 0.182300
vt 0.604800 0.182400
vt 0.604900 0.182200
vt 0.604900 0.182200
vt 0.604900 0.182100
vt 0.604800 0.182200
vt 0.604800 0.182100
vt 0.604800 0.182200
vt 0.604700 0.182200
vt 0.604700 0.182200
vt 0.604600 0.182300
vt 0.604700 0.182300
vt 0.604700 0.182400
vt 0.604800 0.182300
vt 0.604800 0.182300
vt 0.604700 0.209600
vt 0.604700 0.209500
vt 0.604700 0.209500
vt 0.604700 0.209500
vt 0.604800 0.209500
vt 0.604700 0.209500
vt 0.604800 0.209600
vt 0.604800 0.209500
vt 0.604700 0.209600
vt 0.604800 0.209700
vt 0.604600 0.209700
vt 0.604600 0.209600
vt 0.604600 0.209500
vt 0.604700 0.209400
vt 0.604800 0.209400
vt 0.604900 0.209500
vt 0.604900 0.209600
vt 0.631700 0.061500
vt 0.634400 0.054100
vt 0.637500 0.054100
vt 0.636000 0.081600
vt 0.640200 0.061500
vt 0.641700 0.074200
vt 0.641700 0.088900
vt 0.640200 0.101600
vt 0.637500 0.109000
vt 0.634400 0.109000
vt 0.631700 0.101600
vt 0.630200 0.088900
vt 0.630200 0.074200
vt 0.540600 0.672000
vt 0.527000 0.670800
vt 0.532700 0.603900
vt 0.546300 0.605100
vt 0.534700 0.738800
vt 0.521200 0.737600
vt 0.528800 0.805400
vt 0.515500 0.804200
vt 0.586700 0.068200
vt 0.573000 0.067300
vt 0.577400 0.000000
vt 0.591100 0.000900
vt 0.582100 0.135600
vt 0.568500 0.134700
vt 0.577400 0.202800
vt 0.563900 0.201800
vt 0.572600 0.269900
vt 0.559000 0.268900
vt 0.567600 0.337000
vt 0.554100 0.336000
vt 0.562500 0.404100
vt 0.549000 0.403000
vt 0.557300 0.471100
vt 0.543700 0.470000
vt 0.551900 0.538100
vt 0.538300 0.537000
vt 0.647800 0.066400
vt 0.646400 0.068200
vt 0.643600 0.045000
vt 0.644600 0.040300
vt 0.638800 0.031700
vt 0.639100 0.025100
vt 0.633100 0.031700
vt 0.632800 0.025100
vt 0.628300 0.045100
vt 0.627300 0.040300
vt 0.625500 0.068200
vt 0.624100 0.066400
vt 0.625500 0.094900
vt 0.624100 0.096700
vt 0.628300 0.118100
vt 0.627300 0.122900
vt 0.633100 0.131400
vt 0.632800 0.138000
vt 0.638800 0.131400
vt 0.639100 0.138000
vt 0.643600 0.118100
vt 0.644600 0.122800
vt 0.646400 0.094900
vt 0.647800 0.096700
vt 0.855500 0.873000
vt 0.855700 0.867500
vt 0.852600 0.867400
vt 0.852400 0.872900
vt 0.864300 0.773800
vt 0.864500 0.768300
vt 0.861400 0.768200
vt 0.861200 0.773700
vt 0.725400 0.496000
vt 0.723700 0.495700
vt 0.723600 0.500300
vt 0.725200 0.501700
vt 0.704800 0.509500
vt 0.705900 0.509800
vt 0.705900 0.506400
vt 0.704800 0.506300
vt 0.703600 0.506100
vt 0.703500 0.509300
vt 0.698100 0.485900
vt 0.698900 0.485900
vt 0.698900 0.482800
vt 0.698100 0.482800
vt 0.697100 0.485900
vt 0.697100 0.482800
vt 0.690700 0.486000
vt 0.691700 0.486000
vt 0.691700 0.482900
vt 0.690700 0.482900
vt 0.682100 0.506900
vt 0.683200 0.506900
vt 0.683200 0.503700
vt 0.682100 0.503700
vt 0.654300 0.477000
vt 0.653200 0.477000
vt 0.653200 0.480400
vt 0.654200 0.480700
vt 0.662200 0.480500
vt 0.663300 0.480800
vt 0.663300 0.477700
vt 0.662300 0.477400
vt 0.668500 0.482400
vt 0.669600 0.482700
vt 0.669600 0.479600
vt 0.668600 0.479300
vt 0.670400 0.482900
vt 0.670400 0.479800
vt 0.674400 0.504700
vt 0.673200 0.504800
vt 0.673200 0.508000
vt 0.674400 0.507900
vt 0.675500 0.507900
vt 0.675500 0.504600
vt 0.661400 0.480300
vt 0.661400 0.477100
vt 0.689900 0.486000
vt 0.689900 0.482900
vt 0.684400 0.507000
vt 0.684400 0.503800
vt 0.736600 0.506000
vt 0.736100 0.505700
vt 0.736000 0.514500
vt 0.736500 0.514700
vt 0.734200 0.487900
vt 0.734800 0.487900
vt 0.734900 0.478700
vt 0.734300 0.478500
vt 0.725700 0.502200
vt 0.725800 0.496000
vt 0.723000 0.495600
vt 0.722900 0.487200
vt 0.722500 0.495700
vt 0.722300 0.487700
vt 0.721100 0.494300
vt 0.721300 0.486900
vt 0.721400 0.501600
vt 0.722300 0.500800
vt 0.722200 0.496200
vt 0.721300 0.496600
vt 0.723800 0.537500
vt 0.725300 0.536600
vt 0.723800 0.541500
vt 0.725300 0.541400
vt 0.704600 0.550900
vt 0.705700 0.551100
vt 0.705700 0.547900
vt 0.704600 0.547900
vt 0.703300 0.547700
vt 0.703300 0.550700
vt 0.698900 0.445600
vt 0.698100 0.445600
vt 0.698900 0.442700
vt 0.698100 0.442800
vt 0.697000 0.445600
vt 0.697000 0.442800
vt 0.691700 0.445700
vt 0.690700 0.445700
vt 0.691700 0.442900
vt 0.690700 0.442900
vt 0.682100 0.548300
vt 0.683200 0.548300
vt 0.683200 0.545400
vt 0.682100 0.545300
vt 0.654500 0.438900
vt 0.653400 0.438900
vt 0.653400 0.441900
vt 0.654500 0.442200
vt 0.663500 0.440800
vt 0.662500 0.440500
vt 0.663600 0.438000
vt 0.662500 0.437700
vt 0.669800 0.442600
vt 0.668800 0.442300
vt 0.669800 0.439800
vt 0.668800 0.439600
vt 0.670700 0.442900
vt 0.670700 0.440100
vt 0.673300 0.546300
vt 0.674500 0.546300
vt 0.673300 0.549300
vt 0.674500 0.549200
vt 0.675600 0.549200
vt 0.675500 0.546200
vt 0.661700 0.440300
vt 0.661700 0.437400
vt 0.689800 0.445700
vt 0.689800 0.442800
vt 0.684400 0.548400
vt 0.684400 0.545400
vt 0.735500 0.541800
vt 0.736000 0.542000
vt 0.735400 0.550000
vt 0.736000 0.550200
vt 0.734600 0.445900
vt 0.733900 0.446400
vt 0.734400 0.437200
vt 0.733800 0.437600
vt 0.725800 0.536000
vt 0.725700 0.541700
vt 0.722700 0.452200
vt 0.722800 0.444700
vt 0.722100 0.451600
vt 0.722200 0.444700
vt 0.721100 0.450800
vt 0.721000 0.443300
vt 0.721500 0.542700
vt 0.722400 0.542000
vt 0.722400 0.538000
vt 0.721500 0.538100
vt 0.870600 0.773900
vt 0.870400 0.768300
vt 0.869700 0.768300
vt 0.869900 0.773900
vt 0.861300 0.867800
vt 0.860700 0.873300
vt 0.861400 0.873300
vt 0.861900 0.867900
vt 0.870000 0.807100
vt 0.870000 0.808300
vt 0.870500 0.808300
vt 0.870600 0.807100
vt 0.863300 0.833800
vt 0.863300 0.835000
vt 0.863900 0.835000
vt 0.863900 0.833800
vt 0.869900 0.775400
vt 0.870600 0.775400
vt 0.862000 0.866400
vt 0.861300 0.866400
vt 0.723500 0.495700
vt 0.723500 0.500300
vt 0.736300 0.479800
vt 0.737000 0.490400
vt 0.737300 0.489600
vt 0.736700 0.479200
vt 0.723600 0.537500
vt 0.723700 0.541500
vt 0.736000 0.447600
vt 0.736300 0.447700
vt 0.736300 0.440600
vt 0.736500 0.440800
vt 0.865200 0.768300
vt 0.864900 0.773900
vt 0.856200 0.873000
vt 0.856300 0.867500
vt 0.864500 0.807100
vt 0.864500 0.808300
vt 0.865000 0.808300
vt 0.865000 0.807200
vt 0.857900 0.833500
vt 0.857800 0.834700
vt 0.858400 0.834700
vt 0.858400 0.833600
vt 0.864200 0.775400
vt 0.864800 0.775400
vt 0.855700 0.865900
vt 0.856300 0.866000
vt 0.722400 0.500800
vt 0.722400 0.496200
vt 0.735000 0.488000
vt 0.735100 0.478700
vt 0.722500 0.542000
vt 0.722500 0.538000
vt 0.734800 0.445600
vt 0.734600 0.437000
vt 0.604700 0.182400
vt 0.604800 0.182500
vt 0.604800 0.182400
vt 0.604700 0.182400
vt 0.604600 0.182300
vt 0.604600 0.182300
vt 0.604600 0.182100
vt 0.604600 0.182200
vt 0.604700 0.182000
vt 0.604700 0.182100
vt 0.604900 0.182100
vt 0.604900 0.182100
vt 0.605000 0.182200
vt 0.605000 0.182200
vt 0.605000 0.182400
vt 0.604900 0.182400
vt 0.604800 0.182400
vt 0.604700 0.182400
vt 0.604600 0.182300
vt 0.604600 0.182200
vt 0.604700 0.182100
vt 0.604900 0.182100
vt 0.605000 0.182200
vt 0.604900 0.182300
vt 0.605600 0.182700
vt 0.605000 0.183300
vt 0.605000 0.183400
vt 0.605600 0.182800
vt 0.599000 0.168600
vt 0.591100 0.176600
vt 0.605800 0.182000
vt 0.605900 0.182000
vt 0.591100 0.188000
vt 0.605300 0.181500
vt 0.605300 0.181400
vt 0.599000 0.195900
vt 0.604600 0.181300
vt 0.604500 0.181100
vt 0.610600 0.195900
vt 0.604000 0.181800
vt 0.603900 0.181700
vt 0.618500 0.188000
vt 0.603800 0.182500
vt 0.603700 0.182500
vt 0.618500 0.176500
vt 0.604300 0.183000
vt 0.604200 0.183100
vt 0.610500 0.168600
vt 0.605000 0.183100
vt 0.604300 0.182900
vt 0.603900 0.182500
vt 0.604100 0.181800
vt 0.604600 0.181400
vt 0.605200 0.181600
vt 0.605700 0.182100
vt 0.605500 0.182700
vt 0.604700 0.182500
vt 0.604800 0.182500
vt 0.604500 0.182300
vt 0.604600 0.182100
vt 0.604700 0.182000
vt 0.604900 0.182100
vt 0.605000 0.182200
vt 0.605000 0.182400
vt 0.605000 0.210600
vt 0.604200 0.210300
vt 0.604200 0.210400
vt 0.605000 0.210700
vt 0.610400 0.195900
vt 0.599000 0.195900
vt 0.603700 0.209800
vt 0.603600 0.209800
vt 0.618300 0.203800
vt 0.603900 0.209000
vt 0.603800 0.209000
vt 0.618300 0.215300
vt 0.604500 0.208500
vt 0.604500 0.208400
vt 0.610400 0.223200
vt 0.605200 0.208700
vt 0.605300 0.208600
vt 0.599000 0.223200
vt 0.605800 0.209300
vt 0.605900 0.209300
vt 0.591100 0.215300
vt 0.605500 0.210100
vt 0.605600 0.210100
vt 0.591100 0.203800
vt 0.605400 0.210000
vt 0.604900 0.210500
vt 0.605700 0.209300
vt 0.605200 0.208800
vt 0.604500 0.208600
vt 0.604000 0.209100
vt 0.603800 0.209700
vt 0.604300 0.210300
vt 0.604900 0.209600
vt 0.604800 0.209700
vt 0.604800 0.209800
vt 0.604900 0.209700
vt 0.604900 0.209500
vt 0.605000 0.209500
vt 0.604800 0.209400
vt 0.604800 0.209300
vt 0.604700 0.209300
vt 0.604700 0.209300
vt 0.604500 0.209400
vt 0.604500 0.209400
vt 0.604500 0.209600
vt 0.604500 0.209600
vt 0.604600 0.209700
vt 0.604600 0.209700
vt 0.604900 0.209600
vt 0.604800 0.209700
vt 0.604900 0.209500
vt 0.604800 0.209400
vt 0.604700 0.209300
vt 0.604600 0.209400
vt 0.604500 0.209600
vt 0.604600 0.209700
vt 0.604900 0.209600
vt 0.604800 0.209700
vt 0.604900 0.209500
vt 0.604800 0.209400
vt 0.604700 0.209400
vt 0.604600 0.209400
vt 0.604600 0.209600
vt 0.604600 0.209700
vt 0.810400 0.867600
vt 0.810300 0.873100
vt 0.819100 0.768400
vt 0.818900 0.773900
vt 0.705700 0.482300
vt 0.705700 0.485700
vt 0.707500 0.486100
vt 0.707500 0.481900
vt 0.707800 0.510500
vt 0.707700 0.506200
vt 0.705500 0.445800
vt 0.707300 0.446900
vt 0.705600 0.442800
vt 0.707400 0.443300
vt 0.707600 0.550700
vt 0.707500 0.546900
vt 0.803100 0.860600
vt 0.798300 0.860400
vt 0.806300 0.780200
vt 0.811100 0.780400
vt 0.702000 0.505700
vt 0.702000 0.509100
vt 0.704200 0.482300
vt 0.704200 0.485600
vt 0.701800 0.547200
vt 0.701800 0.550400
vt 0.704000 0.445800
vt 0.704000 0.442700
vt 0.803900 0.839300
vt 0.799100 0.839200
vt 0.805400 0.801600
vt 0.810300 0.801800
vt 0.696600 0.504900
vt 0.696600 0.508200
vt 0.697900 0.508500
vt 0.697900 0.505100
vt 0.700200 0.485900
vt 0.700200 0.482600
vt 0.696500 0.546700
vt 0.696500 0.549700
vt 0.697800 0.550000
vt 0.697800 0.546800
vt 0.700200 0.445700
vt 0.700200 0.442700
vt 0.793900 0.829300
vt 0.793800 0.833200
vt 0.799700 0.807200
vt 0.799500 0.811100
vt 0.695900 0.482900
vt 0.695900 0.485900
vt 0.695400 0.504800
vt 0.695400 0.508000
vt 0.695900 0.445600
vt 0.695900 0.442800
vt 0.695300 0.546600
vt 0.695300 0.549500
vt 0.779500 0.828700
vt 0.779300 0.832600
vt 0.785200 0.806500
vt 0.785000 0.810400
vt 0.692800 0.486000
vt 0.692800 0.482900
vt 0.691100 0.504100
vt 0.691100 0.507400
vt 0.692200 0.507500
vt 0.692200 0.504300
vt 0.692800 0.445600
vt 0.692800 0.442900
vt 0.690900 0.546000
vt 0.690900 0.548900
vt 0.692100 0.549100
vt 0.692100 0.546100
vt 0.780400 0.800700
vt 0.775600 0.800500
vt 0.769200 0.837800
vt 0.774000 0.838000
vt 0.689800 0.503900
vt 0.689800 0.507400
vt 0.688600 0.482700
vt 0.688600 0.486100
vt 0.689600 0.545600
vt 0.689600 0.548900
vt 0.688600 0.442700
vt 0.688600 0.445900
vt 0.776800 0.777000
vt 0.781600 0.777300
vt 0.773000 0.861500
vt 0.768200 0.861300
vt 0.685500 0.503700
vt 0.685500 0.507200
vt 0.684500 0.482500
vt 0.684500 0.485900
vt 0.683500 0.482500
vt 0.683400 0.485700
vt 0.685500 0.545300
vt 0.685500 0.548500
vt 0.684600 0.442800
vt 0.684600 0.445900
vt 0.683500 0.442700
vt 0.683500 0.445700
vt 0.771800 0.766500
vt 0.771500 0.771900
vt 0.762500 0.865800
vt 0.762300 0.871300
vt 0.680900 0.503600
vt 0.680900 0.507100
vt 0.682200 0.482200
vt 0.682200 0.485500
vt 0.680800 0.545100
vt 0.680800 0.548400
vt 0.682300 0.445600
vt 0.682300 0.442400
vt 0.748900 0.765200
vt 0.748500 0.770600
vt 0.739400 0.864800
vt 0.739200 0.870300
vt 0.676700 0.507900
vt 0.676700 0.504500
vt 0.677000 0.481400
vt 0.677000 0.484600
vt 0.678100 0.484900
vt 0.678100 0.481600
vt 0.676800 0.549200
vt 0.676700 0.545900
vt 0.677100 0.444700
vt 0.678300 0.445100
vt 0.677200 0.441700
vt 0.678300 0.442000
vt 0.738200 0.776600
vt 0.743000 0.776900
vt 0.734500 0.857900
vt 0.729700 0.857700
vt 0.675500 0.481000
vt 0.675500 0.484300
vt 0.671700 0.504900
vt 0.671700 0.508300
vt 0.675700 0.444500
vt 0.675700 0.441400
vt 0.671700 0.546200
vt 0.671700 0.549400
vt 0.736900 0.798400
vt 0.741700 0.798700
vt 0.735500 0.835900
vt 0.730700 0.835700
vt 0.671500 0.483300
vt 0.671600 0.480000
vt 0.666400 0.505700
vt 0.666400 0.508900
vt 0.667600 0.508800
vt 0.667600 0.505500
vt 0.671800 0.443400
vt 0.671800 0.440300
vt 0.666600 0.547200
vt 0.666600 0.550200
vt 0.667800 0.550100
vt 0.667800 0.546900
vt 0.732500 0.803300
vt 0.732300 0.807200
vt 0.727000 0.826400
vt 0.726800 0.830300
vt 0.665500 0.505800
vt 0.665500 0.509000
vt 0.667700 0.479100
vt 0.667700 0.482100
vt 0.665600 0.547400
vt 0.665600 0.550300
vt 0.667900 0.442100
vt 0.668000 0.439300
vt 0.717400 0.802300
vt 0.717100 0.806200
vt 0.711800 0.825700
vt 0.711600 0.829600
vt 0.660800 0.506500
vt 0.660900 0.509900
vt 0.662100 0.509600
vt 0.662100 0.506400
vt 0.664500 0.481100
vt 0.664500 0.478100
vt 0.661000 0.547900
vt 0.661000 0.551000
vt 0.662300 0.550800
vt 0.662300 0.547800
vt 0.664700 0.441200
vt 0.664800 0.438400
vt 0.700800 0.835000
vt 0.705600 0.835300
vt 0.712200 0.796100
vt 0.707400 0.795800
vt 0.660100 0.476400
vt 0.660000 0.480100
vt 0.659400 0.506600
vt 0.659400 0.510500
vt 0.660300 0.437000
vt 0.660300 0.440600
vt 0.659600 0.547400
vt 0.659500 0.551100
vt 0.699100 0.873100
vt 0.703900 0.873300
vt 0.704000 0.871100
vt 0.699200 0.870900
vt 0.714700 0.758300
vt 0.709900 0.758000
vt 0.709800 0.760200
vt 0.714500 0.760600
vt 0.654900 0.477000
vt 0.654900 0.481100
vt 0.653900 0.506100
vt 0.653900 0.510700
vt 0.653200 0.506300
vt 0.653200 0.510900
vt 0.655100 0.438800
vt 0.655100 0.442700
vt 0.654000 0.545000
vt 0.653300 0.545100
vt 0.654000 0.549400
vt 0.653300 0.549400
f 1/1/1 2/2/2 3/3/3
f 1/1/1 3/3/3 4/4/4
f 5/5/5 6/6/6 7/7/7
f 5/5/5 7/7/7 8/8/8
f 9/9/9 10/10/10 11/11/11
f 9/9/9 11/11/11 12/12/12
f 13/13/13 14/14/14 15/15/15
f 13/13/13 15/15/15 16/16/16
f 17/17/17 18/18/18 19/19/19
f 17/17/17 19/19/19 20/20/20
f 21/21/21 22/22/22 23/23/23
f 21/21/21 23/23/23 24/24/24
f 25/25/25 26/26/26 27/27/27
f 25/25/25 27/27/27 28/28/28
f 29/29/29 30/30/30 31/31/31
f 29/29/29 31/31/31 32/32/32
f 33/33/33 34/34/34 35/35/35
f 33/33/33 35/35/35 36/36/36
f 37/37/37 38/38/38 39/39/39
f 37/37/37 39/39/39 40/40/40
f 41/41/41 42/42/42 43/43/43
f 41/41/41 43/43/43 44/44/44
f 45/45/45 46/46/46 47/47/47
f 45/45/45 47/47/47 48/48/48
f 49/49/49 50/50/50 51/51/51
f 49/49/49 51/51/51 52/52/52
f 53/53/53 54/54/54 55/55/55
f 53/53/53 55/55/55 56/56/56
f 57/57/57 58/58/58 59/59/59
f 57/57/57 59/59/59 60/60/60
f 57/57/57 60/60/60 61/61/61
f 57/57/57 61/61/61 62/62/62
f 63/63/63 62/62/62 61/61/61
f 63/63/63 61/61/61 64/64/64
f 63/63/63 64/64/64 65/65/65
f 63/63/63 65/65/65 66/66/66
f 67/67/67 66/66/66 65/65/65
f 67/67/67 65/65/65 68/68/68
f 67/67/67 68/68/68 69/69/69
f 67/67/67 69/69/69 70/70/70
f 70/70/70 69/69/69 71/71/71
f 70/70/70 71/71/71 72/72/72
f 58/58/58 72/72/72 71/71/71
f 58/58/58 71/71/71 59/59/59
f 71/71/71 73/73/73 60/60/60
f 71/71/71 60/60/60 59/59/59
f 64/64/64 61/61/61 60/60/60
f 64/64/64 60/60/60 73/73/73
f 68/68/68 65/65/65 64/64/64
f 68/68/68 64/64/64 73/73/73
f 71/71/71 69/69/69 68/68/68
f 71/71/71 68/68/68 73/73/73
f 74/74/74 75/75/75 76/76/76
f 74/74/74 76/76/76 77/77/77
f 76/76/76 78/78/78 79/79/79
f 76/76/76 79/79/79 77/77/77
f 79/79/79 80/80/80 81/81/81
f 79/79/79 81/81/81 77/77/77
f 74/74/74 77/77/77 81/81/81
f 74/74/74 81/81/81 82/82/82
f 83/83/83 84/84/84 74/74/74
f 83/83/83 74/74/74 82/82/82
f 85/85/85 75/75/75 74/74/74
f 85/85/85 74/74/74 84/84/84
f 86/86/86 76/76/76 75/75/75
f 86/86/86 75/75/75 85/85/85
f 86/86/86 87/87/87 78/78/78
f 86/86/86 78/78/78 76/76/76
f 88/88/88 79/79/79 78/78/78
f 88/88/88 78/78/78 87/87/87
f 88/88/88 89/89/89 80/80/80
f 88/88/88 80/80/80 79/79/79
f 90/90/90 81/81/81 80/80/80
f 90/90/90 80/80/80 89/89/89
f 90/90/90 83/83/83 82/82/82
f 90/90/90 82/82/82 81/81/81
f 91/91/91 92/92/92 93/93/93
f 91/91/91 93/93/93 94/94/94
f 93/93/93 92/92/92 95/95/95
f 93/93/93 95/95/95 96/96/96
f 95/95/95 92/92/92 97/97/97
f 95/95/95 97/97/97 98/98/98
f 97/97/97 92/92/92 99/99/99
f 97/97/97 99/99/99 100/100/100
f 99/99/99 92/92/92 101/101/101
f 99/99/99 101/101/101 102/102/102
f 101/101/101 92/92/92 91/91/91
f 101/101/101 91/91/91 103/103/103
f 104/104/104 105/105/105 106/106/106
f 104/104/104 106/106/106 107/107/107
f 107/107/107 106/106/106 108/108/108
f 107/107/107 108/108/108 109/109/109
f 110/110/110 104/104/104 107/107/107
f 110/110/110 107/107/107 111/111/111
f 111/111/111 107/107/107 109/109/109
f 111/111/111 109/109/109 112/112/112
f 113/113/113 110/110/110 111/111/111
f 113/113/113 111/111/111 114/114/114
f 114/114/114 111/111/111 112/112/112
f 114/114/114 112/112/112 115/115/115
f 116/116/116 117/117/117 118/118/118
f 116/116/116 118/118/118 119/119/119
f 119/119/119 118/118/118 120/120/120
f 119/119/119 120/120/120 121/121/121
f 122/122/122 116/116/116 119/119/119
f 122/122/122 119/119/119 123/123/123
f 123/123/123 119/119/119 121/121/121
f 123/123/123 121/121/121 124/124/124
f 125/125/125 122/122/122 123/123/123
f 125/125/125 123/123/123 126/126/126
f 126/126/126 123/123/123 124/124/124
f 126/126/126 124/124/124 127/127/127
f 128/128/128 125/125/125 126/126/126
f 128/128/128 126/126/126 129/129/129
f 129/129/129 126/126/126 127/127/127
f 129/129/129 127/127/127 130/130/130
f 131/131/131 128/128/128 129/129/129
f 131/131/131 129/129/129 132/132/132
f 132/132/132 129/129/129 130/130/130
f 132/132/132 130/130/130 133/133/133
f 134/134/134 131/131/131 132/132/132
f 134/134/134 132/132/132 135/135/135
f 135/135/135 132/132/132 133/133/133
f 135/135/135 133/133/133 136/136/136
f 137/137/137 134/134/134 135/135/135
f 137/137/137 135/135/135 138/138/138
f 138/138/138 135/135/135 136/136/136
f 138/138/138 136/136/136 139/139/139
f 140/140/140 137/137/137 138/138/138
f 140/140/140 138/138/138 141/141/141
f 141/141/141 138/138/138 139/139/139
f 141/141/141 139/139/139 142/142/142
f 105/105/105 140/140/140 141/141/141
f 105/105/105 141/141/141 106/106/106
f 106/106/106 141/141/141 142/142/142
f 106/106/106 142/142/142 108/108/108
f 143/143/143 144/144/144 145/145/145
f 143/143/143 145/145/145 146/146/146
f 146/146/146 145/145/145 96/96/96
f 146/146/146 96/96/96 95/95/95
f 144/144/144 147/147/147 148/148/148
f 144/144/144 148/148/148 145/145/145
f 145/145/145 148/148/148 93/93/93
f 145/145/145 93/93/93 96/96/96
f 147/147/147 149/149/149 150/150/150
f 147/147/147 150/150/150 148/148/148
f 148/148/148 150/150/150 94/94/94
f 148/148/148 94/94/94 93/93/93
f 149/149/149 151/151/151 152/152/152
f 149/149/149 152/152/152 150/150/150
f 150/150/150 152/152/152 91/91/91
f 150/150/150 91/91/91 94/94/94
f 151/151/151 153/153/153 154/154/154
f 151/151/151 154/154/154 152/152/152
f 152/152/152 154/154/154 103/103/103
f 152/152/152 103/103/103 91/91/91
f 153/153/153 155/155/155 156/156/156
f 153/153/153 156/156/156 154/154/154
f 154/154/154 156/156/156 101/101/101
f 154/154/154 101/101/101 103/103/103
f 155/155/155 157/157/157 158/158/158
f 155/155/155 158/158/158 156/156/156
f 156/156/156 158/158/158 102/102/102
f 156/156/156 102/102/102 101/101/101
f 157/157/157 159/159/159 160/160/160
f 157/157/157 160/160/160 158/158/158
f 158/158/158 160/160/160 99/99/99
f 158/158/158 99/99/99 102/102/102
f 159/159/159 161/161/161 162/162/162
f 159/159/159 162/162/162 160/160/160
f 160/160/160 162/162/162 100/100/100
f 160/160/160 100/100/100 99/99/99
f 161/161/161 163/163/163 164/164/164
f 161/161/161 164/164/164 162/162/162
f 162/162/162 164/164/164 97/97/97
f 162/162/162 97/97/97 100/100/100
f 163/163/163 165/165/165 166/166/166
f 163/163/163 166/166/166 164/164/164
f 164/164/164 166/166/166 98/98/98
f 164/164/164 98/98/98 97/97/97
f 165/165/165 143/143/143 146/146/146
f 165/165/165 146/146/146 166/166/166
f 166/166/166 146/146/146 95/95/95
f 166/166/166 95/95/95 98/98/98
f 167/167/167 168/168/168 169/169/169
f 167/167/167 169/169/169 170/170/170
f 171/171/171 172/172/172 173/173/173
f 171/171/171 173/173/173 174/174/174
f 175/175/175 176/176/176 177/177/177
f 175/175/175 177/177/177 178/178/178
f 179/179/179 180/180/180 181/181/181
f 179/179/179 181/181/181 182/182/182
f 180/180/180 179/179/179 183/183/183
f 180/180/180 183/183/183 184/184/184
f 185/185/185 186/186/186 187/187/187
f 185/185/185 187/187/187 188/188/188
f 189/189/189 190/190/190 186/186/186
f 189/189/189 186/186/186 185/185/185
f 191/191/191 192/192/192 193/193/193
f 191/191/191 193/193/193 194/194/194
f 195/195/195 196/196/196 197/197/197
f 195/195/195 197/197/197 198/198/198
f 199/199/199 200/200/200 201/201/201
f 199/199/199 201/201/201 202/202/202
f 203/203/203 204/204/204 205/205/205
f 203/203/203 205/205/205 206/206/206
f 207/207/207 208/208/208 209/209/209
f 207/207/207 209/209/209 210/210/210
f 210/210/210 209/209/209 211/211/211
f 210/210/210 211/211/211 212/212/212
f 213/213/213 214/214/214 215/215/215
f 213/213/213 215/215/215 216/216/216
f 214/214/214 213/213/213 217/217/217
f 214/214/214 217/217/217 218/218/218
f 219/219/219 220/220/220 204/204/204
f 219/219/219 204/204/204 203/203/203
f 221/221/221 222/222/222 192/192/192
f 221/221/221 192/192/192 191/191/191
f 198/198/198 197/197/197 223/223/223
f 198/198/198 223/223/223 224/224/224
f 225/225/225 226/226/226 227/227/227
f 225/225/225 227/227/227 228/228/228
f 229/229/229 230/230/230 231/231/231
f 229/229/229 231/231/231 232/232/232
f 176/176/176 175/175/175 233/233/233
f 176/176/176 233/233/233 234/234/234
f 228/228/228 227/227/227 234/234/234
f 228/228/228 234/234/234 233/233/233
f 235/235/235 236/236/236 230/230/230
f 235/235/235 230/230/230 229/229/229
f 237/237/237 238/238/238 236/236/236
f 237/237/237 236/236/236 235/235/235
f 239/239/239 240/240/240 238/238/238
f 239/239/239 238/238/238 237/237/237
f 241/241/241 242/242/242 243/243/243
f 241/241/241 243/243/243 244/244/244
f 176/176/176 245/245/245 246/246/246
f 176/176/176 246/246/246 177/177/177
f 245/245/245 247/247/247 248/248/248
f 245/245/245 248/248/248 246/246/246
f 249/249/249 250/250/250 251/251/251
f 249/249/249 251/251/251 252/252/252
f 250/250/250 179/179/179 182/182/182
f 250/250/250 182/182/182 251/251/251
f 179/179/179 250/250/250 253/253/253
f 179/179/179 253/253/253 183/183/183
f 250/250/250 249/249/249 254/254/254
f 250/250/250 254/254/254 253/253/253
f 186/186/186 255/255/255 256/256/256
f 186/186/186 256/256/256 187/187/187
f 255/255/255 257/257/257 258/258/258
f 255/255/255 258/258/258 256/256/256
f 190/190/190 259/259/259 255/255/255
f 190/190/190 255/255/255 186/186/186
f 259/259/259 260/260/260 257/257/257
f 259/259/259 257/257/257 255/255/255
f 192/192/192 261/261/261 262/262/262
f 192/192/192 262/262/262 193/193/193
f 261/261/261 263/263/263 264/264/264
f 261/261/261 264/264/264 262/262/262
f 265/265/265 266/266/266 267/267/267
f 265/265/265 267/267/267 268/268/268
f 266/266/266 195/195/195 198/198/198
f 266/266/266 198/198/198 267/267/267
f 269/269/269 270/270/270 271/271/271
f 269/269/269 271/271/271 272/272/272
f 270/270/270 199/199/199 202/202/202
f 270/270/270 202/202/202 271/271/271
f 204/204/204 273/273/273 274/274/274
f 204/204/204 274/274/274 205/205/205
f 273/273/273 275/275/275 276/276/276
f 273/273/273 276/276/276 274/274/274
f 208/208/208 277/277/277 278/278/278
f 208/208/208 278/278/278 209/209/209
f 277/277/277 279/279/279 280/280/280
f 277/277/277 280/280/280 278/278/278
f 209/209/209 278/278/278 281/281/281
f 209/209/209 281/281/281 211/211/211
f 278/278/278 280/280/280 282/282/282
f 278/278/278 282/282/282 281/281/281
f 214/214/214 283/283/283 284/284/284
f 214/214/214 284/284/284 215/215/215
f 283/283/283 285/285/285 286/286/286
f 283/283/283 286/286/286 284/284/284
f 285/285/285 283/283/283 287/287/287
f 285/285/285 287/287/287 288/288/288
f 283/283/283 214/214/214 218/218/218
f 283/283/283 218/218/218 287/287/287
f 220/220/220 289/289/289 273/273/273
f 220/220/220 273/273/273 204/204/204
f 289/289/289 290/290/290 275/275/275
f 289/289/289 275/275/275 273/273/273
f 222/222/222 291/291/291 261/261/261
f 222/222/222 261/261/261 192/192/192
f 291/291/291 292/292/292 263/263/263
f 291/291/291 263/263/263 261/261/261
f 268/268/268 267/267/267 293/293/293
f 268/268/268 293/293/293 294/294/294
f 267/267/267 198/198/198 224/224/224
f 267/267/267 224/224/224 293/293/293
f 226/226/226 295/295/295 296/296/296
f 226/226/226 296/296/296 227/227/227
f 295/295/295 297/297/297 298/298/298
f 295/295/295 298/298/298 296/296/296
f 230/230/230 299/299/299 300/300/300
f 230/230/230 300/300/300 231/231/231
f 299/299/299 301/301/301 302/302/302
f 299/299/299 302/302/302 300/300/300
f 234/234/234 303/303/303 245/245/245
f 234/234/234 245/245/245 176/176/176
f 303/303/303 304/304/304 247/247/247
f 303/303/303 247/247/247 245/245/245
f 227/227/227 296/296/296 303/303/303
f 227/227/227 303/303/303 234/234/234
f 296/296/296 298/298/298 304/304/304
f 296/296/296 304/304/304 303/303/303
f 236/236/236 305/305/305 299/299/299
f 236/236/236 299/299/299 230/230/230
f 305/305/305 306/306/306 301/301/301
f 305/305/305 301/301/301 299/299/299
f 238/238/238 307/307/307 305/305/305
f 238/238/238 305/305/305 236/236/236
f 307/307/307 308/308/308 306/306/306
f 307/307/307 306/306/306 305/305/305
f 240/240/240 309/309/309 307/307/307
f 240/240/240 307/307/307 238/238/238
f 309/309/309 310/310/310 308/308/308
f 309/309/309 308/308/308 307/307/307
f 311/311/311 312/312/312 313/313/313
f 311/311/311 313/313/313 314/314/314
f 312/312/312 241/241/241 244/244/244
f 312/312/312 244/244/244 313/313/313
f 315/315/315 316/316/316 317/317/317
f 315/315/315 317/317/317 318/318/318
f 319/319/319 320/320/320 321/321/321
f 319/319/319 321/321/321 322/322/322
f 323/323/323 324/324/324 325/325/325
f 323/323/323 325/325/325 326/326/326
f 327/327/327 328/328/328 329/329/329
f 327/327/327 329/329/329 330/330/330
f 331/331/331 332/332/332 324/324/324
f 331/331/331 324/324/324 323/323/323
f 316/316/316 315/315/315 332/332/332
f 316/316/316 332/332/332 331/331/331
f 320/320/320 319/319/319 333/333/333
f 320/320/320 333/333/333 334/334/334
f 330/330/330 329/329/329 334/334/334
f 330/330/330 334/334/334 333/333/333
f 335/335/335 178/178/178 177/177/177
f 335/335/335 177/177/177 336/336/336
f 337/337/337 338/338/338 339/339/339
f 337/337/337 339/339/339 340/340/340
f 341/341/341 246/246/246 248/248/248
f 341/341/341 248/248/248 342/342/342
f 336/336/336 177/177/177 246/246/246
f 336/336/336 246/246/246 341/341/341
f 343/343/343 344/344/344 338/338/338
f 343/343/343 338/338/338 337/337/337
f 345/345/345 346/346/346 344/344/344
f 345/345/345 344/344/344 343/343/343
f 316/316/316 347/347/347 348/348/348
f 316/316/316 348/348/348 317/317/317
f 347/347/347 171/171/171 174/174/174
f 347/347/347 174/174/174 348/348/348
f 170/170/170 349/349/349 350/350/350
f 170/170/170 350/350/350 167/167/167
f 349/349/349 319/319/319 322/322/322
f 349/349/349 322/322/322 350/350/350
f 351/351/351 352/352/352 353/353/353
f 351/351/351 353/353/353 354/354/354
f 352/352/352 323/323/323 326/326/326
f 352/352/352 326/326/326 353/353/353
f 355/355/355 356/356/356 357/357/357
f 355/355/355 357/357/357 358/358/358
f 356/356/356 327/327/327 330/330/330
f 356/356/356 330/330/330 357/357/357
f 359/359/359 360/360/360 352/352/352
f 359/359/359 352/352/352 351/351/351
f 360/360/360 331/331/331 323/323/323
f 360/360/360 323/323/323 352/352/352
f 171/171/171 347/347/347 360/360/360
f 171/171/171 360/360/360 359/359/359
f 347/347/347 316/316/316 331/331/331
f 347/347/347 331/331/331 360/360/360
f 361/361/361 362/362/362 349/349/349
f 361/361/361 349/349/349 170/170/170
f 362/362/362 333/333/333 319/319/319
f 362/362/362 319/319/319 349/349/349
f 358/358/358 357/357/357 362/362/362
f 358/358/358 362/362/362 361/361/361
f 357/357/357 330/330/330 333/333/333
f 357/357/357 333/333/333 362/362/362
f 243/243/243 363/363/363 364/364/364
f 243/243/243 364/364/364 244/244/244
f 363/363/363 335/335/335 336/336/336
f 363/363/363 336/336/336 364/364/364
f 231/231/231 365/365/365 366/366/366
f 231/231/231 366/366/366 232/232/232
f 365/365/365 337/337/337 340/340/340
f 365/365/365 340/340/340 366/366/366
f 313/313/313 367/367/367 368/368/368
f 313/313/313 368/368/368 314/314/314
f 367/367/367 341/341/341 342/342/342
f 367/367/367 342/342/342 368/368/368
f 244/244/244 364/364/364 367/367/367
f 244/244/244 367/367/367 313/313/313
f 364/364/364 336/336/336 341/341/341
f 364/364/364 341/341/341 367/367/367
f 300/300/300 369/369/369 365/365/365
f 300/300/300 365/365/365 231/231/231
f 369/369/369 343/343/343 337/337/337
f 369/369/369 337/337/337 365/365/365
f 302/302/302 370/370/370 369/369/369
f 302/302/302 369/369/369 300/300/300
f 370/370/370 345/345/345 343/343/343
f 370/370/370 343/343/343 369/369/369
f 371/371/371 372/372/372 373/373/373
f 371/371/371 373/373/373 374/374/374
f 375/375/375 376/376/376 372/372/372
f 375/375/375 372/372/372 371/371/371
f 377/377/377 378/378/378 376/376/376
f 377/377/377 376/376/376 375/375/375
f 379/379/379 380/380/380 378/378/378
f 379/379/379 378/378/378 377/377/377
f 381/381/381 382/382/382 380/380/380
f 381/381/381 380/380/380 379/379/379
f 383/383/383 384/384/384 382/382/382
f 383/383/383 382/382/382 381/381/381
f 385/385/385 386/386/386 384/384/384
f 385/385/385 384/384/384 383/383/383
f 374/374/374 373/373/373 386/386/386
f 374/374/374 386/386/386 385/385/385
f 372/372/372 387/387/387 388/388/388
f 372/372/372 388/388/388 373/373/373
f 387/387/387 72/72/72 58/58/58
f 387/387/387 58/58/58 388/388/388
f 376/376/376 389/389/389 387/387/387
f 376/376/376 387/387/387 372/372/372
f 389/389/389 70/70/70 72/72/72
f 389/389/389 72/72/72 387/387/387
f 378/378/378 390/390/390 389/389/389
f 378/378/378 389/389/389 376/376/376
f 390/390/390 67/67/67 70/70/70
f 390/390/390 70/70/70 389/389/389
f 380/380/380 391/391/391 390/390/390
f 380/380/380 390/390/390 378/378/378
f 391/391/391 66/66/66 67/67/67
f 391/391/391 67/67/67 390/390/390
f 382/382/382 392/392/392 391/391/391
f 382/382/382 391/391/391 380/380/380
f 392/392/392 63/63/63 66/66/66
f 392/392/392 66/66/66 391/391/391
f 384/384/384 393/393/393 392/392/392
f 384/384/384 392/392/392 382/382/382
f 393/393/393 62/62/62 63/63/63
f 393/393/393 63/63/63 392/392/392
f 386/386/386 394/394/394 393/393/393
f 386/386/386 393/393/393 384/384/384
f 394/394/394 57/57/57 62/62/62
f 394/394/394 62/62/62 393/393/393
f 373/373/373 388/388/388 394/394/394
f 373/373/373 394/394/394 386/386/386
f 388/388/388 58/58/58 57/57/57
f 388/388/388 57/57/57 394/394/394
f 395/395/395 396/396/396 397/397/397
f 395/395/395 397/397/397 398/398/398
f 396/396/396 399/399/399 400/400/400
f 396/396/396 400/400/400 397/397/397
f 401/401/401 402/402/402 396/396/396
f 401/401/401 396/396/396 395/395/395
f 402/402/402 403/403/403 399/399/399
f 402/402/402 399/399/399 396/396/396
f 404/404/404 405/405/405 402/402/402
f 404/404/404 402/402/402 401/401/401
f 405/405/405 406/406/406 403/403/403
f 405/405/405 403/403/403 402/402/402
f 407/407/407 408/408/408 405/405/405
f 407/407/407 405/405/405 404/404/404
f 408/408/408 409/409/409 406/406/406
f 408/408/408 406/406/406 405/405/405
f 410/410/410 411/411/411 408/408/408
f 410/410/410 408/408/408 407/407/407
f 411/411/411 412/412/412 409/409/409
f 411/411/411 409/409/409 408/408/408
f 413/413/413 414/414/414 411/411/411
f 413/413/413 411/411/411 410/410/410
f 414/414/414 415/415/415 412/412/412
f 414/414/414 412/412/412 411/411/411
f 416/416/416 417/417/417 414/414/414
f 416/416/416 414/414/414 413/413/413
f 417/417/417 418/418/418 415/415/415
f 417/417/417 415/415/415 414/414/414
f 398/398/398 397/397/397 417/417/417
f 398/398/398 417/417/417 416/416/416
f 397/397/397 400/400/400 418/418/418
f 397/397/397 418/418/418 417/417/417
f 419/419/419 398/398/398 416/416/416
f 419/419/419 416/416/416 420/420/420
f 420/420/420 416/416/416 413/413/413
f 420/420/420 413/413/413 421/421/421
f 421/421/421 413/413/413 410/410/410
f 421/421/421 410/410/410 422/422/422
f 422/422/422 410/410/410 407/407/407
f 422/422/422 407/407/407 423/423/423
f 423/423/423 407/407/407 404/404/404
f 423/423/423 404/404/404 424/424/424
f 424/424/424 404/404/404 401/401/401
f 424/424/424 401/401/401 425/425/425
f 425/425/425 401/401/401 395/395/395
f 425/425/425 395/395/395 426/426/426
f 426/426/426 395/395/395 398/398/398
f 426/426/426 398/398/398 419/419/419
f 374/374/374 427/427/427 428/428/428
f 374/374/374 428/428/428 371/371/371
f 427/427/427 419/419/419 420/420/420
f 427/427/427 420/420/420 428/428/428
f 371/371/371 428/428/428 429/429/429
f 371/371/371 429/429/429 375/375/375
f 428/428/428 420/420/420 421/421/421
f 428/428/428 421/421/421 429/429/429
f 375/375/375 429/429/429 430/430/430
f 375/375/375 430/430/430 377/377/377
f 429/429/429 421/421/421 422/422/422
f 429/429/429 422/422/422 430/430/430
f 377/377/377 430/430/430 431/431/431
f 377/377/377 431/431/431 379/379/379
f 430/430/430 422/422/422 423/423/423
f 430/430/430 423/423/423 431/431/431
f 379/379/379 431/431/431 432/432/432
f 379/379/379 432/432/432 381/381/381
f 431/431/431 423/423/423 424/424/424
f 431/431/431 424/424/424 432/432/432
f 381/381/381 432/432/432 433/433/433
f 381/381/381 433/433/433 383/383/383
f 432/432/432 424/424/424 425/425/425
f 432/432/432 425/425/425 433/433/433
f 383/383/383 433/433/433 434/434/434
f 383/383/383 434/434/434 385/385/385
f 433/433/433 425/425/425 426/426/426
f 433/433/433 426/426/426 434/434/434
f 385/385/385 434/434/434 427/427/427
f 385/385/385 427/427/427 374/374/374
f 434/434/434 426/426/426 419/419/419
f 434/434/434 419/419/419 427/427/427
f 435/435/435 436/436/436 437/437/437
f 435/435/435 437/437/437 438/438/438
f 436/436/436 439/439/439 440/440/440
f 436/436/436 440/440/440 437/437/437
f 438/438/438 437/437/437 441/441/441
f 438/438/438 441/441/441 442/442/442
f 437/437/437 440/440/440 443/443/443
f 437/437/437 443/443/443 441/441/441
f 442/442/442 441/441/441 444/444/444
f 442/442/442 444/444/444 445/445/445
f 441/441/441 443/443/443 446/446/446
f 441/441/441 446/446/446 444/444/444
f 445/445/445 444/444/444 447/447/447
f 445/445/445 447/447/447 448/448/448
f 444/444/444 446/446/446 449/449/449
f 444/444/444 449/449/449 447/447/447
f 448/448/448 447/447/447 450/450/450
f 448/448/448 450/450/450 451/451/451
f 447/447/447 449/449/449 452/452/452
f 447/447/447 452/452/452 450/450/450
f 451/451/451 450/450/450 453/453/453
f 451/451/451 453/453/453 454/454/454
f 450/450/450 452/452/452 455/455/455
f 450/450/450 455/455/455 453/453/453
f 454/454/454 453/453/453 456/456/456
f 454/454/454 456/456/456 457/457/457
f 453/453/453 455/455/455 458/458/458
f 453/453/453 458/458/458 456/456/456
f 457/457/457 456/456/456 436/436/436
f 457/457/457 436/436/436 435/435/435
f 456/456/456 458/458/458 439/439/439
f 456/456/456 439/439/439 436/436/436
f 459/459/459 457/457/457 435/435/435
f 459/459/459 435/435/435 460/460/460
f 461/461/461 454/454/454 457/457/457
f 461/461/461 457/457/457 459/459/459
f 462/462/462 451/451/451 454/454/454
f 462/462/462 454/454/454 461/461/461
f 463/463/463 448/448/448 451/451/451
f 463/463/463 451/451/451 462/462/462
f 464/464/464 445/445/445 448/448/448
f 464/464/464 448/448/448 463/463/463
f 465/465/465 442/442/442 445/445/445
f 465/465/465 445/445/445 464/464/464
f 466/466/466 438/438/438 442/442/442
f 466/466/466 442/442/442 465/465/465
f 460/460/460 435/435/435 438/438/438
f 460/460/460 438/438/438 466/466/466
f 467/467/467 468/468/468 469/469/469
f 467/467/467 469/469/469 470/470/470
f 468/468/468 459/459/459 460/460/460
f 468/468/468 460/460/460 469/469/469
f 471/471/471 472/472/472 468/468/468
f 471/471/471 468/468/468 467/467/467
f 472/472/472 461/461/461 459/459/459
f 472/472/472 459/459/459 468/468/468
f 473/473/473 474/474/474 472/472/472
f 473/473/473 472/472/472 471/471/471
f 474/474/474 462/462/462 461/461/461
f 474/474/474 461/461/461 472/472/472
f 475/475/475 476/476/476 474/474/474
f 475/475/475 474/474/474 473/473/473
f 476/476/476 463/463/463 462/462/462
f 476/476/476 462/462/462 474/474/474
f 477/477/477 478/478/478 476/476/476
f 477/477/477 476/476/476 475/475/475
f 478/478/478 464/464/464 463/463/463
f 478/478/478 463/463/463 476/476/476
f 479/479/479 480/480/480 478/478/478
f 479/479/479 478/478/478 477/477/477
f 480/480/480 465/465/465 464/464/464
f 480/480/480 464/464/464 478/478/478
f 481/481/481 482/482/482 480/480/480
f 481/481/481 480/480/480 479/479/479
f 482/482/482 466/466/466 465/465/465
f 482/482/482 465/465/465 480/480/480
f 470/470/470 469/469/469 482/482/482
f 470/470/470 482/482/482 481/481/481
f 469/469/469 460/460/460 466/466/466
f 469/469/469 466/466/466 482/482/482
f 470/470/470 483/483/483 484/484/484
f 470/470/470 484/484/484 467/467/467
f 467/467/467 484/484/484 485/485/485
f 467/467/467 485/485/485 471/471/471
f 471/471/471 485/485/485 486/486/486
f 471/471/471 486/486/486 473/473/473
f 473/473/473 486/486/486 487/487/487
f 473/473/473 487/487/487 475/475/475
f 475/475/475 487/487/487 488/488/488
f 475/475/475 488/488/488 477/477/477
f 477/477/477 488/488/488 489/489/489
f 477/477/477 489/489/489 479/479/479
f 479/479/479 489/489/489 490/490/490
f 479/479/479 490/490/490 481/481/481
f 481/481/481 490/490/490 483/483/483
f 481/481/481 483/483/483 470/470/470
f 483/483/483 491/491/491 492/492/492
f 483/483/483 492/492/492 484/484/484
f 491/491/491 83/83/83 90/90/90
f 491/491/491 90/90/90 492/492/492
f 484/484/484 492/492/492 493/493/493
f 484/484/484 493/493/493 485/485/485
f 492/492/492 90/90/90 89/89/89
f 492/492/492 89/89/89 493/493/493
f 485/485/485 493/493/493 494/494/494
f 485/485/485 494/494/494 486/486/486
f 493/493/493 89/89/89 88/88/88
f 493/493/493 88/88/88 494/494/494
f 486/486/486 494/494/494 495/495/495
f 486/486/486 495/495/495 487/487/487
f 494/494/494 88/88/88 87/87/87
f 494/494/494 87/87/87 495/495/495
f 487/487/487 495/495/495 496/496/496
f 487/487/487 496/496/496 488/488/488
f 495/495/495 87/87/87 86/86/86
f 495/495/495 86/86/86 496/496/496
f 488/488/488 496/496/496 497/497/497
f 488/488/488 497/497/497 489/489/489
f 496/496/496 86/86/86 85/85/85
f 496/496/496 85/85/85 497/497/497
f 489/489/489 497/497/497 498/498/498
f 489/489/489 498/498/498 490/490/490
f 497/497/497 85/85/85 84/84/84
f 497/497/497 84/84/84 498/498/498
f 490/490/490 498/498/498 491/491/491
f 490/490/490 491/491/491 483/483/483
f 498/498/498 84/84/84 83/83/83
f 498/498/498 83/83/83 491/491/491
f 168/168/168 499/499/499 500/500/500
f 168/168/168 500/500/500 169/169/169
f 499/499/499 5/5/5 8/8/8
f 499/499/499 8/8/8 500/500/500
f 172/172/172 501/501/501 502/502/502
f 172/172/172 502/502/502 173/173/173
f 501/501/501 1/1/1 4/4/4
f 501/501/501 4/4/4 502/502/502
f 503/503/503 504/504/504 505/505/505
f 503/503/503 505/505/505 506/506/506
f 504/504/504 240/240/240 239/239/239
f 504/504/504 239/239/239 505/505/505
f 181/181/181 507/507/507 508/508/508
f 181/181/181 508/508/508 182/182/182
f 507/507/507 242/242/242 241/241/241
f 507/507/507 241/241/241 508/508/508
f 509/509/509 510/510/510 504/504/504
f 509/509/509 504/504/504 503/503/503
f 510/510/510 309/309/309 240/240/240
f 510/510/510 240/240/240 504/504/504
f 511/511/511 512/512/512 510/510/510
f 511/511/511 510/510/510 509/509/509
f 512/512/512 310/310/310 309/309/309
f 512/512/512 309/309/309 510/510/510
f 251/251/251 513/513/513 514/514/514
f 251/251/251 514/514/514 252/252/252
f 513/513/513 312/312/312 311/311/311
f 513/513/513 311/311/311 514/514/514
f 182/182/182 508/508/508 513/513/513
f 182/182/182 513/513/513 251/251/251
f 508/508/508 241/241/241 312/312/312
f 508/508/508 312/312/312 513/513/513
f 7/7/7 515/515/515 516/516/516
f 7/7/7 516/516/516 8/8/8
f 1/1/1 517/517/517 518/518/518
f 1/1/1 518/518/518 2/2/2
f 519/519/519 184/184/184 183/183/183
f 519/519/519 183/183/183 520/520/520
f 521/521/521 503/503/503 506/506/506
f 521/521/521 506/506/506 522/522/522
f 523/523/523 253/253/253 254/254/254
f 523/523/523 254/254/254 524/524/524
f 520/520/520 183/183/183 253/253/253
f 520/520/520 253/253/253 523/523/523
f 525/525/525 509/509/509 503/503/503
f 525/525/525 503/503/503 521/521/521
f 526/526/526 511/511/511 509/509/509
f 526/526/526 509/509/509 525/525/525
f 515/515/515 527/527/527 528/528/528
f 515/515/515 528/528/528 516/516/516
f 527/527/527 13/13/13 16/16/16
f 527/527/527 16/16/16 528/528/528
f 517/517/517 529/529/529 530/530/530
f 517/517/517 530/530/530 518/518/518
f 529/529/529 9/9/9 12/12/12
f 529/529/529 12/12/12 530/530/530
f 531/531/531 532/532/532 533/533/533
f 531/531/531 533/533/533 534/534/534
f 532/532/532 519/519/519 520/520/520
f 532/532/532 520/520/520 533/533/533
f 187/187/187 535/535/535 536/536/536
f 187/187/187 536/536/536 188/188/188
f 535/535/535 521/521/521 522/522/522
f 535/535/535 522/522/522 536/536/536
f 537/537/537 538/538/538 539/539/539
f 537/537/537 539/539/539 540/540/540
f 538/538/538 523/523/523 524/524/524
f 538/538/538 524/524/524 539/539/539
f 534/534/534 533/533/533 538/538/538
f 534/534/534 538/538/538 537/537/537
f 533/533/533 520/520/520 523/523/523
f 533/533/533 523/523/523 538/538/538
f 256/256/256 541/541/541 535/535/535
f 256/256/256 535/535/535 187/187/187
f 541/541/541 525/525/525 521/521/521
f 541/541/541 521/521/521 535/535/535
f 258/258/258 542/542/542 541/541/541
f 258/258/258 541/541/541 256/256/256
f 542/542/542 526/526/526 525/525/525
f 542/542/542 525/525/525 541/541/541
f 13/13/13 543/543/543 544/544/544
f 13/13/13 544/544/544 14/14/14
f 11/11/11 545/545/545 546/546/546
f 11/11/11 546/546/546 12/12/12
f 547/547/547 190/190/190 189/189/189
f 547/547/547 189/189/189 548/548/548
f 549/549/549 531/531/531 534/534/534
f 549/549/549 534/534/534 550/550/550
f 551/551/551 259/259/259 190/190/190
f 551/551/551 190/190/190 547/547/547
f 552/552/552 260/260/260 259/259/259
f 552/552/552 259/259/259 551/551/551
f 553/553/553 537/537/537 540/540/540
f 553/553/553 540/540/540 554/554/554
f 550/550/550 534/534/534 537/537/537
f 550/550/550 537/537/537 553/553/553
f 543/543/543 555/555/555 556/556/556
f 543/543/543 556/556/556 544/544/544
f 555/555/555 20/20/20 19/19/19
f 555/555/555 19/19/19 556/556/556
f 545/545/545 557/557/557 558/558/558
f 545/545/545 558/558/558 546/546/546
f 557/557/557 22/22/22 21/21/21
f 557/557/557 21/21/21 558/558/558
f 193/193/193 559/559/559 560/560/560
f 193/193/193 560/560/560 194/194/194
f 559/559/559 547/547/547 548/548/548
f 559/559/559 548/548/548 560/560/560
f 561/561/561 562/562/562 563/563/563
f 561/561/561 563/563/563 564/564/564
f 562/562/562 549/549/549 550/550/550
f 562/562/562 550/550/550 563/563/563
f 262/262/262 565/565/565 559/559/559
f 262/262/262 559/559/559 193/193/193
f 565/565/565 551/551/551 547/547/547
f 565/565/565 547/547/547 559/559/559
f 264/264/264 566/566/566 565/565/565
f 264/264/264 565/565/565 262/262/262
f 566/566/566 552/552/552 551/551/551
f 566/566/566 551/551/551 565/565/565
f 567/567/567 568/568/568 569/569/569
f 567/567/567 569/569/569 570/570/570
f 568/568/568 553/553/553 554/554/554
f 568/568/568 554/554/554 569/569/569
f 564/564/564 563/563/563 568/568/568
f 564/564/564 568/568/568 567/567/567
f 563/563/563 550/550/550 553/553/553
f 563/563/563 553/553/553 568/568/568
f 571/571/571 21/21/21 24/24/24
f 571/571/571 24/24/24 572/572/572
f 573/573/573 17/17/17 20/20/20
f 573/573/573 20/20/20 574/574/574
f 564/564/564 575/575/575 576/576/576
f 564/564/564 576/576/576 561/561/561
f 221/221/221 577/577/577 578/578/578
f 221/221/221 578/578/578 222/222/222
f 567/567/567 579/579/579 575/575/575
f 567/567/567 575/575/575 564/564/564
f 570/570/570 580/580/580 579/579/579
f 570/570/570 579/579/579 567/567/567
f 291/291/291 581/581/581 582/582/582
f 291/291/291 582/582/582 292/292/292
f 222/222/222 578/578/578 581/581/581
f 222/222/222 581/581/581 291/291/291
f 29/29/29 583/583/583 584/584/584
f 29/29/29 584/584/584 30/30/30
f 583/583/583 571/571/571 572/572/572
f 583/583/583 572/572/572 584/584/584
f 27/27/27 585/585/585 586/586/586
f 27/27/27 586/586/586 28/28/28
f 585/585/585 573/573/573 574/574/574
f 585/585/585 574/574/574 586/586/586
f 575/575/575 587/587/587 588/588/588
f 575/575/575 588/588/588 576/576/576
f 587/587/587 224/224/224 223/223/223
f 587/587/587 223/223/223 588/588/588
f 577/577/577 589/589/589 590/590/590
f 577/577/577 590/590/590 578/578/578
f 589/589/589 591/591/591 592/592/592
f 589/589/589 592/592/592 590/590/590
f 579/579/579 593/593/593 587/587/587
f 579/579/579 587/587/587 575/575/575
f 593/593/593 293/293/293 224/224/224
f 593/593/593 224/224/224 587/587/587
f 580/580/580 594/594/594 593/593/593
f 580/580/580 593/593/593 579/579/579
f 594/594/594 294/294/294 293/293/293
f 594/594/594 293/293/293 593/593/593
f 581/581/581 595/595/595 596/596/596
f 581/581/581 596/596/596 582/582/582
f 595/595/595 597/597/597 598/598/598
f 595/595/595 598/598/598 596/596/596
f 578/578/578 590/590/590 595/595/595
f 578/578/578 595/595/595 581/581/581
f 590/590/590 592/592/592 597/597/597
f 590/590/590 597/597/597 595/595/595
f 30/30/30 599/599/599 600/600/600
f 30/30/30 600/600/600 31/31/31
f 26/26/26 601/601/601 602/602/602
f 26/26/26 602/602/602 27/27/27
f 603/603/603 196/196/196 195/195/195
f 603/603/603 195/195/195 604/604/604
f 605/605/605 592/592/592 591/591/591
f 605/605/605 591/591/591 606/606/606
f 607/607/607 266/266/266 265/265/265
f 607/607/607 265/265/265 608/608/608
f 604/604/604 195/195/195 266/266/266
f 604/604/604 266/266/266 607/607/607
f 609/609/609 597/597/597 592/592/592
f 609/609/609 592/592/592 605/605/605
f 610/610/610 598/598/598 597/597/597
f 610/610/610 597/597/597 609/609/609
f 599/599/599 611/611/611 612/612/612
f 599/599/599 612/612/612 600/600/600
f 611/611/611 53/53/53 56/56/56
f 611/611/611 56/56/56 612/612/612
f 601/601/601 613/613/613 614/614/614
f 601/601/601 614/614/614 602/602/602
f 613/613/613 49/49/49 52/52/52
f 613/613/613 52/52/52 614/614/614
f 217/217/217 615/615/615 616/616/616
f 217/217/217 616/616/616 218/218/218
f 615/615/615 603/603/603 604/604/604
f 615/615/615 604/604/604 616/616/616
f 617/617/617 618/618/618 619/619/619
f 617/617/617 619/619/619 620/620/620
f 618/618/618 605/605/605 606/606/606
f 618/618/618 606/606/606 619/619/619
f 287/287/287 621/621/621 622/622/622
f 287/287/287 622/622/622 288/288/288
f 621/621/621 607/607/607 608/608/608
f 621/621/621 608/608/608 622/622/622
f 218/218/218 616/616/616 621/621/621
f 218/218/218 621/621/621 287/287/287
f 616/616/616 604/604/604 607/607/607
f 616/616/616 607/607/607 621/621/621
f 623/623/623 624/624/624 618/618/618
f 623/623/623 618/618/618 617/617/617
f 624/624/624 609/609/609 605/605/605
f 624/624/624 605/605/605 618/618/618
f 625/625/625 626/626/626 624/624/624
f 625/625/625 624/624/624 623/623/623
f 626/626/626 610/610/610 609/609/609
f 626/626/626 609/609/609 624/624/624
f 53/53/53 627/627/627 628/628/628
f 53/53/53 628/628/628 54/54/54
f 51/51/51 629/629/629 630/630/630
f 51/51/51 630/630/630 52/52/52
f 631/631/631 617/617/617 620/620/620
f 631/631/631 620/620/620 632/632/632
f 633/633/633 216/216/216 215/215/215
f 633/633/633 215/215/215 634/634/634
f 635/635/635 623/623/623 617/617/617
f 635/635/635 617/617/617 631/631/631
f 636/636/636 625/625/625 623/623/623
f 636/636/636 623/623/623 635/635/635
f 637/637/637 284/284/284 286/286/286
f 637/637/637 286/286/286 638/638/638
f 634/634/634 215/215/215 284/284/284
f 634/634/634 284/284/284 637/637/637
f 627/627/627 639/639/639 640/640/640
f 627/627/627 640/640/640 628/628/628
f 639/639/639 45/45/45 48/48/48
f 639/639/639 48/48/48 640/640/640
f 629/629/629 641/641/641 642/642/642
f 629/629/629 642/642/642 630/630/630
f 641/641/641 41/41/41 44/44/44
f 641/641/641 44/44/44 642/642/642
f 211/211/211 643/643/643 644/644/644
f 211/211/211 644/644/644 212/212/212
f 643/643/643 631/631/631 632/632/632
f 643/643/643 632/632/632 644/644/644
f 645/645/645 646/646/646 647/647/647
f 645/645/645 647/647/647 648/648/648
f 646/646/646 633/633/633 634/634/634
f 646/646/646 634/634/634 647/647/647
f 281/281/281 649/649/649 643/643/643
f 281/281/281 643/643/643 211/211/211
f 649/649/649 635/635/635 631/631/631
f 649/649/649 631/631/631 643/643/643
f 282/282/282 650/650/650 649/649/649
f 282/282/282 649/649/649 281/281/281
f 650/650/650 636/636/636 635/635/635
f 650/650/650 635/635/635 649/649/649
f 651/651/651 652/652/652 653/653/653
f 651/651/651 653/653/653 654/654/654
f 652/652/652 637/637/637 638/638/638
f 652/652/652 638/638/638 653/653/653
f 648/648/648 647/647/647 652/652/652
f 648/648/648 652/652/652 651/651/651
f 647/647/647 634/634/634 637/637/637
f 647/647/647 637/637/637 652/652/652
f 47/47/47 655/655/655 656/656/656
f 47/47/47 656/656/656 48/48/48
f 41/41/41 657/657/657 658/658/658
f 41/41/41 658/658/658 42/42/42
f 659/659/659 645/645/645 648/648/648
f 659/659/659 648/648/648 660/660/660
f 661/661/661 208/208/208 207/207/207
f 661/661/661 207/207/207 662/662/662
f 663/663/663 651/651/651 654/654/654
f 663/663/663 654/654/654 664/664/664
f 660/660/660 648/648/648 651/651/651
f 660/660/660 651/651/651 663/663/663
f 665/665/665 277/277/277 208/208/208
f 665/665/665 208/208/208 661/661/661
f 666/666/666 279/279/279 277/277/277
f 666/666/666 277/277/277 665/665/665
f 655/655/655 667/667/667 668/668/668
f 655/655/655 668/668/668 656/656/656
f 667/667/667 34/34/34 33/33/33
f 667/667/667 33/33/33 668/668/668
f 657/657/657 669/669/669 670/670/670
f 657/657/657 670/670/670 658/658/658
f 669/669/669 40/40/40 39/39/39
f 669/669/669 39/39/39 670/670/670
f 671/671/671 672/672/672 673/673/673
f 671/671/671 673/673/673 674/674/674
f 672/672/672 659/659/659 660/660/660
f 672/672/672 660/660/660 673/673/673
f 205/205/205 675/675/675 676/676/676
f 205/205/205 676/676/676 206/206/206
f 675/675/675 661/661/661 662/662/662
f 675/675/675 662/662/662 676/676/676
f 677/677/677 678/678/678 679/679/679
f 677/677/677 679/679/679 680/680/680
f 678/678/678 663/663/663 664/664/664
f 678/678/678 664/664/664 679/679/679
f 674/674/674 673/673/673 678/678/678
f 674/674/674 678/678/678 677/677/677
f 673/673/673 660/660/660 663/663/663
f 673/673/673 663/663/663 678/678/678
f 274/274/274 681/681/681 675/675/675
f 274/274/274 675/675/675 205/205/205
f 681/681/681 665/665/665 661/661/661
f 681/681/681 661/661/661 675/675/675
f 276/276/276 682/682/682 681/681/681
f 276/276/276 681/681/681 274/274/274
f 682/682/682 666/666/666 665/665/665
f 682/682/682 665/665/665 681/681/681
f 683/683/683 37/37/37 40/40/40
f 683/683/683 40/40/40 684/684/684
f 685/685/685 33/33/33 36/36/36
f 685/685/685 36/36/36 686/686/686
f 219/219/219 687/687/687 688/688/688
f 219/219/219 688/688/688 220/220/220
f 674/674/674 689/689/689 690/690/690
f 674/674/674 690/690/690 671/671/671
f 289/289/289 691/691/691 692/692/692
f 289/289/289 692/692/692 290/290/290
f 220/220/220 688/688/688 691/691/691
f 220/220/220 691/691/691 289/289/289
f 677/677/677 693/693/693 689/689/689
f 677/677/677 689/689/689 674/674/674
f 680/680/680 694/694/694 693/693/693
f 680/680/680 693/693/693 677/677/677
f 695/695/695 696/696/696 697/697/697
f 695/695/695 697/697/697 698/698/698
f 696/696/696 683/683/683 684/684/684
f 696/696/696 684/684/684 697/697/697
f 699/699/699 700/700/700 701/701/701
f 699/699/699 701/701/701 702/702/702
f 700/700/700 685/685/685 686/686/686
f 700/700/700 686/686/686 701/701/701
f 687/687/687 703/703/703 704/704/704
f 687/687/687 704/704/704 688/688/688
f 703/703/703 200/200/200 199/199/199
f 703/703/703 199/199/199 704/704/704
f 689/689/689 705/705/705 706/706/706
f 689/689/689 706/706/706 690/690/690
f 705/705/705 707/707/707 708/708/708
f 705/705/705 708/708/708 706/706/706
f 691/691/691 709/709/709 710/710/710
f 691/691/691 710/710/710 692/692/692
f 709/709/709 270/270/270 269/269/269
f 709/709/709 269/269/269 710/710/710
f 688/688/688 704/704/704 709/709/709
f 688/688/688 709/709/709 691/691/691
f 704/704/704 199/199/199 270/270/270
f 704/704/704 270/270/270 709/709/709
f 693/693/693 711/711/711 705/705/705
f 693/693/693 705/705/705 689/689/689
f 711/711/711 712/712/712 707/707/707
f 711/711/711 707/707/707 705/705/705
f 694/694/694 713/713/713 711/711/711
f 694/694/694 711/711/711 693/693/693
f 713/713/713 714/714/714 712/712/712
f 713/713/713 712/712/712 711/711/711
f 715/715/715 716/716/716 717/717/717
f 715/715/715 717/717/717 718/718/718
f 719/719/719 720/720/720 721/721/721
f 719/719/719 721/721/721 722/722/722
f 723/723/723 724/724/724 725/725/725
f 723/723/723 725/725/725 726/726/726
f 727/727/727 728/728/728 729/729/729
f 727/727/727 729/729/729 730/730/730
f 731/731/731 732/732/732 733/733/733
f 731/731/731 733/733/733 734/734/734
f 735/735/735 736/736/736 737/737/737
f 735/735/735 737/737/737 738/738/738
f 739/739/739 740/740/740 741/741/741
f 739/739/739 741/741/741 742/742/742
f 743/743/743 744/744/744 745/745/745
f 743/743/743 745/745/745 746/746/746
f 747/747/747 748/748/748 749/749/749
f 747/747/747 749/749/749 750/750/750
f 751/751/751 752/752/752 753/753/753
f 751/751/751 753/753/753 754/754/754
f 755/755/755 756/756/756 757/757/757
f 755/755/755 757/757/757 758/758/758
f 759/759/759 760/760/760 761/761/761
f 759/759/759 761/761/761 762/762/762
f 763/763/763 764/764/764 765/765/765
f 763/763/763 765/765/765 766/766/766
f 767/767/767 768/768/768 769/769/769
f 767/767/767 769/769/769 770/770/770
f 771/771/771 772/772/772 773/773/773
f 771/771/771 773/773/773 774/774/774
f 771/771/771 775/775/775 776/776/776
f 771/771/771 776/776/776 772/772/772
f 777/777/777 778/778/778 776/776/776
f 777/777/777 776/776/776 775/775/775
f 777/777/777 779/779/779 780/780/780
f 777/777/777 780/780/780 778/778/778
f 781/781/781 782/782/782 780/780/780
f 781/781/781 780/780/780 779/779/779
f 781/781/781 783/783/783 784/784/784
f 781/781/781 784/784/784 782/782/782
f 783/783/783 785/785/785 786/786/786
f 783/783/783 786/786/786 784/784/784
f 774/774/774 773/773/773 786/786/786
f 774/774/774 786/786/786 785/785/785
f 786/786/786 773/773/773 772/772/772
f 786/786/786 772/772/772 787/787/787
f 778/778/778 787/787/787 772/772/772
f 778/778/778 772/772/772 776/776/776
f 782/782/782 787/787/787 778/778/778
f 782/782/782 778/778/778 780/780/780
f 786/786/786 787/787/787 782/782/782
f 786/786/786 782/782/782 784/784/784
f 788/788/788 789/789/789 790/790/790
f 788/788/788 790/790/790 791/791/791
f 790/790/790 789/789/789 792/792/792
f 790/790/790 792/792/792 793/793/793
f 792/792/792 789/789/789 794/794/794
f 792/792/792 794/794/794 795/795/795
f 788/788/788 796/796/796 794/794/794
f 788/788/788 794/794/794 789/789/789
f 797/797/797 796/796/796 788/788/788
f 797/797/797 788/788/788 798/798/798
f 799/799/799 798/798/798 788/788/788
f 799/799/799 788/788/788 791/791/791
f 800/800/800 799/799/799 791/791/791
f 800/800/800 791/791/791 790/790/790
f 800/800/800 790/790/790 793/793/793
f 800/800/800 793/793/793 801/801/801
f 802/802/802 801/801/801 793/793/793
f 802/802/802 793/793/793 792/792/792
f 802/802/802 792/792/792 795/795/795
f 802/802/802 795/795/795 803/803/803
f 804/804/804 803/803/803 795/795/795
f 804/804/804 795/795/795 794/794/794
f 804/804/804 794/794/794 796/796/796
f 804/804/804 796/796/796 797/797/797
f 805/805/805 806/806/806 807/807/807
f 805/805/805 807/807/807 808/808/808
f 807/807/807 809/809/809 810/810/810
f 807/807/807 810/810/810 808/808/808
f 810/810/810 811/811/811 812/812/812
f 810/810/810 812/812/812 808/808/808
f 812/812/812 813/813/813 814/814/814
f 812/812/812 814/814/814 808/808/808
f 814/814/814 815/815/815 816/816/816
f 814/814/814 816/816/816 808/808/808
f 816/816/816 817/817/817 805/805/805
f 816/816/816 805/805/805 808/808/808
f 818/818/818 819/819/819 820/820/820
f 818/818/818 820/820/820 821/821/821
f 819/819/819 109/109/109 108/108/108
f 819/819/819 108/108/108 820/820/820
f 822/822/822 823/823/823 819/819/819
f 822/822/822 819/819/819 818/818/818
f 823/823/823 112/112/112 109/109/109
f 823/823/823 109/109/109 819/819/819
f 824/824/824 825/825/825 823/823/823
f 824/824/824 823/823/823 822/822/822
f 825/825/825 115/115/115 112/112/112
f 825/825/825 112/112/112 823/823/823
f 826/826/826 827/827/827 828/828/828
f 826/826/826 828/828/828 829/829/829
f 827/827/827 121/121/121 120/120/120
f 827/827/827 120/120/120 828/828/828
f 830/830/830 831/831/831 827/827/827
f 830/830/830 827/827/827 826/826/826
f 831/831/831 124/124/124 121/121/121
f 831/831/831 121/121/121 827/827/827
f 832/832/832 833/833/833 831/831/831
f 832/832/832 831/831/831 830/830/830
f 833/833/833 127/127/127 124/124/124
f 833/833/833 124/124/124 831/831/831
f 834/834/834 835/835/835 833/833/833
f 834/834/834 833/833/833 832/832/832
f 835/835/835 130/130/130 127/127/127
f 835/835/835 127/127/127 833/833/833
f 836/836/836 837/837/837 835/835/835
f 836/836/836 835/835/835 834/834/834
f 837/837/837 133/133/133 130/130/130
f 837/837/837 130/130/130 835/835/835
f 838/838/838 839/839/839 837/837/837
f 838/838/838 837/837/837 836/836/836
f 839/839/839 136/136/136 133/133/133
f 839/839/839 133/133/133 837/837/837
f 840/840/840 841/841/841 839/839/839
f 840/840/840 839/839/839 838/838/838
f 841/841/841 139/139/139 136/136/136
f 841/841/841 136/136/136 839/839/839
f 842/842/842 843/843/843 841/841/841
f 842/842/842 841/841/841 840/840/840
f 843/843/843 142/142/142 139/139/139
f 843/843/843 139/139/139 841/841/841
f 821/821/821 820/820/820 843/843/843
f 821/821/821 843/843/843 842/842/842
f 820/820/820 108/108/108 142/142/142
f 820/820/820 142/142/142 843/843/843
f 844/844/844 845/845/845 846/846/846
f 844/844/844 846/846/846 847/847/847
f 845/845/845 810/810/810 809/809/809
f 845/845/845 809/809/809 846/846/846
f 847/847/847 846/846/846 848/848/848
f 847/847/847 848/848/848 849/849/849
f 846/846/846 809/809/809 807/807/807
f 846/846/846 807/807/807 848/848/848
f 849/849/849 848/848/848 850/850/850
f 849/849/849 850/850/850 851/851/851
f 848/848/848 807/807/807 806/806/806
f 848/848/848 806/806/806 850/850/850
f 851/851/851 850/850/850 852/852/852
f 851/851/851 852/852/852 853/853/853
f 850/850/850 806/806/806 805/805/805
f 850/850/850 805/805/805 852/852/852
f 853/853/853 852/852/852 854/854/854
f 853/853/853 854/854/854 855/855/855
f 852/852/852 805/805/805 817/817/817
f 852/852/852 817/817/817 854/854/854
f 855/855/855 854/854/854 856/856/856
f 855/855/855 856/856/856 857/857/857
f 854/854/854 817/817/817 816/816/816
f 854/854/854 816/816/816 856/856/856
f 857/857/857 856/856/856 858/858/858
f 857/857/857 858/858/858 859/859/859
f 856/856/856 816/816/816 815/815/815
f 856/856/856 815/815/815 858/858/858
f 859/859/859 858/858/858 860/860/860
f 859/859/859 860/860/860 861/861/861
f 858/858/858 815/815/815 814/814/814
f 858/858/858 814/814/814 860/860/860
f 861/861/861 860/860/860 862/862/862
f 861/861/861 862/862/862 863/863/863
f 860/860/860 814/814/814 813/813/813
f 860/860/860 813/813/813 862/862/862
f 863/863/863 862/862/862 864/864/864
f 863/863/863 864/864/864 865/865/865
f 862/862/862 813/813/813 812/812/812
f 862/862/862 812/812/812 864/864/864
f 865/865/865 864/864/864 866/866/866
f 865/865/865 866/866/866 867/867/867
f 864/864/864 812/812/812 811/811/811
f 864/864/864 811/811/811 866/866/866
f 867/867/867 866/866/866 845/845/845
f 867/867/867 845/845/845 844/844/844
f 866/866/866 811/811/811 810/810/810
f 866/866/866 810/810/810 845/845/845
f 868/868/868 869/869/869 870/870/870
f 868/868/868 870/870/870 871/871/871
f 872/872/872 873/873/873 874/874/874
f 872/872/872 874/874/874 875/875/875
f 876/876/876 877/877/877 878/878/878
f 876/876/876 878/878/878 879/879/879
f 880/880/880 881/881/881 882/882/882
f 880/880/880 882/882/882 883/883/883
f 883/883/883 884/884/884 885/885/885
f 883/883/883 885/885/885 880/880/880
f 886/886/886 887/887/887 888/888/888
f 886/886/886 888/888/888 889/889/889
f 890/890/890 886/886/886 889/889/889
f 890/890/890 889/889/889 891/891/891
f 892/892/892 893/893/893 894/894/894
f 892/892/892 894/894/894 895/895/895
f 896/896/896 897/897/897 898/898/898
f 896/896/896 898/898/898 899/899/899
f 900/900/900 901/901/901 902/902/902
f 900/900/900 902/902/902 903/903/903
f 904/904/904 905/905/905 906/906/906
f 904/904/904 906/906/906 907/907/907
f 908/908/908 909/909/909 910/910/910
f 908/908/908 910/910/910 911/911/911
f 909/909/909 912/912/912 913/913/913
f 909/909/909 913/913/913 910/910/910
f 914/914/914 915/915/915 916/916/916
f 914/914/914 916/916/916 917/917/917
f 917/917/917 918/918/918 919/919/919
f 917/917/917 919/919/919 914/914/914
f 920/920/920 904/904/904 907/907/907
f 920/920/920 907/907/907 921/921/921
f 922/922/922 892/892/892 895/895/895
f 922/922/922 895/895/895 923/923/923
f 897/897/897 924/924/924 925/925/925
f 897/897/897 925/925/925 898/898/898
f 926/926/926 927/927/927 928/928/928
f 926/926/926 928/928/928 929/929/929
f 930/930/930 931/931/931 932/932/932
f 930/930/930 932/932/932 933/933/933
f 879/879/879 934/934/934 935/935/935
f 879/879/879 935/935/935 876/876/876
f 927/927/927 935/935/935 934/934/934
f 927/927/927 934/934/934 928/928/928
f 936/936/936 930/930/930 933/933/933
f 936/936/936 933/933/933 937/937/937
f 938/938/938 936/936/936 937/937/937
f 938/938/938 937/937/937 939/939/939
f 940/940/940 938/938/938 939/939/939
f 940/940/940 939/939/939 941/941/941
f 942/942/942 943/943/943 944/944/944
f 942/942/942 944/944/944 945/945/945
f 879/879/879 878/878/878 946/946/946
f 879/879/879 946/946/946 947/947/947
f 947/947/947 946/946/946 948/948/948
f 947/947/947 948/948/948 949/949/949
f 950/950/950 951/951/951 952/952/952
f 950/950/950 952/952/952 953/953/953
f 953/953/953 952/952/952 881/881/881
f 953/953/953 881/881/881 880/880/880
f 880/880/880 885/885/885 954/954/954
f 880/880/880 954/954/954 953/953/953
f 953/953/953 954/954/954 955/955/955
f 953/953/953 955/955/955 950/950/950
f 889/889/889 888/888/888 956/956/956
f 889/889/889 956/956/956 957/957/957
f 957/957/957 956/956/956 958/958/958
f 957/957/957 958/958/958 959/959/959
f 891/891/891 889/889/889 957/957/957
f 891/891/891 957/957/957 960/960/960
f 960/960/960 957/957/957 959/959/959
f 960/960/960 959/959/959 961/961/961
f 895/895/895 894/894/894 962/962/962
f 895/895/895 962/962/962 963/963/963
f 963/963/963 962/962/962 964/964/964
f 963/963/963 964/964/964 965/965/965
f 966/966/966 967/967/967 968/968/968
f 966/966/966 968/968/968 969/969/969
f 969/969/969 968/968/968 897/897/897
f 969/969/969 897/897/897 896/896/896
f 970/970/970 971/971/971 972/972/972
f 970/970/970 972/972/972 973/973/973
f 973/973/973 972/972/972 901/901/901
f 973/973/973 901/901/901 900/900/900
f 907/907/907 906/906/906 974/974/974
f 907/907/907 974/974/974 975/975/975
f 975/975/975 974/974/974 976/976/976
f 975/975/975 976/976/976 977/977/977
f 911/911/911 910/910/910 978/978/978
f 911/911/911 978/978/978 979/979/979
f 979/979/979 978/978/978 980/980/980
f 979/979/979 980/980/980 981/981/981
f 910/910/910 913/913/913 982/982/982
f 910/910/910 982/982/982 978/978/978
f 978/978/978 982/982/982 983/983/983
f 978/978/978 983/983/983 980/980/980
f 917/917/917 916/916/916 984/984/984
f 917/917/917 984/984/984 985/985/985
f 985/985/985 984/984/984 986/986/986
f 985/985/985 986/986/986 987/987/987
f 987/987/987 988/988/988 989/989/989
f 987/987/987 989/989/989 985/985/985
f 985/985/985 989/989/989 918/918/918
f 985/985/985 918/918/918 917/917/917
f 921/921/921 907/907/907 975/975/975
f 921/921/921 975/975/975 990/990/990
f 990/990/990 975/975/975 977/977/977
f 990/990/990 977/977/977 991/991/991
f 923/923/923 895/895/895 963/963/963
f 923/923/923 963/963/963 992/992/992
f 992/992/992 963/963/963 965/965/965
f 992/992/992 965/965/965 993/993/993
f 967/967/967 994/994/994 995/995/995
f 967/967/967 995/995/995 968/968/968
f 968/968/968 995/995/995 924/924/924
f 968/968/968 924/924/924 897/897/897
f 929/929/929 928/928/928 996/996/996
f 929/929/929 996/996/996 997/997/997
f 997/997/997 996/996/996 998/998/998
f 997/997/997 998/998/998 999/999/999
f 933/933/933 932/932/932 1000/1000/1000
f 933/933/933 1000/1000/1000 1001/1001/1001
f 1001/1001/1001 1000/1000/1000 1002/1002/1002
f 1001/1001/1001 1002/1002/1002 1003/1003/1003
f 934/934/934 879/879/879 947/947/947
f 934/934/934 947/947/947 1004/1004/1004
f 1004/1004/1004 947/947/947 949/949/949
f 1004/1004/1004 949/949/949 1005/1005/1005
f 928/928/928 934/934/934 1004/1004/1004
f 928/928/928 1004/1004/1004 996/996/996
f 996/996/996 1004/1004/1004 1005/1005/1005
f 996/996/996 1005/1005/1005 998/998/998
f 937/937/937 933/933/933 1001/1001/1001
f 937/937/937 1001/1001/1001 1006/1006/1006
f 1006/1006/1006 1001/1001/1001 1003/1003/1003
f 1006/1006/1006 1003/1003/1003 1007/1007/1007
f 939/939/939 937/937/937 1006/1006/1006
f 939/939/939 1006/1006/1006 1008/1008/1008
f 1008/1008/1008 1006/1006/1006 1007/1007/1007
f 1008/1008/1008 1007/1007/1007 1009/1009/1009
f 941/941/941 939/939/939 1008/1008/1008
f 941/941/941 1008/1008/1008 1010/1010/1010
f 1010/1010/1010 1008/1008/1008 1009/1009/1009
f 1010/1010/1010 1009/1009/1009 1011/1011/1011
f 1012/1012/1012 1013/1013/1013 1014/1014/1014
f 1012/1012/1012 1014/1014/1014 1015/1015/1015
f 1015/1015/1015 1014/1014/1014 943/943/943
f 1015/1015/1015 943/943/943 942/942/942
f 1016/1016/1016 1017/1017/1017 1018/1018/1018
f 1016/1016/1016 1018/1018/1018 1019/1019/1019
f 1020/1020/1020 1021/1021/1021 1022/1022/1022
f 1020/1020/1020 1022/1022/1022 1023/1023/1023
f 1024/1024/1024 1025/1025/1025 1026/1026/1026
f 1024/1024/1024 1026/1026/1026 1027/1027/1027
f 1028/1028/1028 1029/1029/1029 1030/1030/1030
f 1028/1028/1028 1030/1030/1030 1031/1031/1031
f 1032/1032/1032 1024/1024/1024 1027/1027/1027
f 1032/1032/1032 1027/1027/1027 1033/1033/1033
f 1019/1019/1019 1032/1032/1032 1033/1033/1033
f 1019/1019/1019 1033/1033/1033 1016/1016/1016
f 1023/1023/1023 1034/1034/1034 1035/1035/1035
f 1023/1023/1023 1035/1035/1035 1020/1020/1020
f 1029/1029/1029 1035/1035/1035 1034/1034/1034
f 1029/1029/1029 1034/1034/1034 1030/1030/1030
f 1036/1036/1036 1037/1037/1037 878/878/878
f 1036/1036/1036 878/878/878 877/877/877
f 1038/1038/1038 1039/1039/1039 1040/1040/1040
f 1038/1038/1038 1040/1040/1040 1041/1041/1041
f 1042/1042/1042 1043/1043/1043 948/948/948
f 1042/1042/1042 948/948/948 946/946/946
f 1037/1037/1037 1042/1042/1042 946/946/946
f 1037/1037/1037 946/946/946 878/878/878
f 1044/1044/1044 1038/1038/1038 1041/1041/1041
f 1044/1044/1044 1041/1041/1041 1045/1045/1045
f 1046/1046/1046 1044/1044/1044 1045/1045/1045
f 1046/1046/1046 1045/1045/1045 1047/1047/1047
f 1019/1019/1019 1018/1018/1018 1048/1048/1048
f 1019/1019/1019 1048/1048/1048 1049/1049/1049
f 1049/1049/1049 1048/1048/1048 873/873/873
f 1049/1049/1049 873/873/873 872/872/872
f 869/869/869 868/868/868 1050/1050/1050
f 869/869/869 1050/1050/1050 1051/1051/1051
f 1051/1051/1051 1050/1050/1050 1021/1021/1021
f 1051/1051/1051 1021/1021/1021 1020/1020/1020
f 1052/1052/1052 1053/1053/1053 1054/1054/1054
f 1052/1052/1052 1054/1054/1054 1055/1055/1055
f 1055/1055/1055 1054/1054/1054 1025/1025/1025
f 1055/1055/1055 1025/1025/1025 1024/1024/1024
f 1056/1056/1056 1057/1057/1057 1058/1058/1058
f 1056/1056/1056 1058/1058/1058 1059/1059/1059
f 1059/1059/1059 1058/1058/1058 1029/1029/1029
f 1059/1059/1059 1029/1029/1029 1028/1028/1028
f 1060/1060/1060 1052/1052/1052 1055/1055/1055
f 1060/1060/1060 1055/1055/1055 1061/1061/1061
f 1061/1061/1061 1055/1055/1055 1024/1024/1024
f 1061/1061/1061 1024/1024/1024 1032/1032/1032
f 872/872/872 1060/1060/1060 1061/1061/1061
f 872/872/872 1061/1061/1061 1049/1049/1049
f 1049/1049/1049 1061/1061/1061 1032/1032/1032
f 1049/1049/1049 1032/1032/1032 1019/1019/1019
f 1062/1062/1062 869/869/869 1051/1051/1051
f 1062/1062/1062 1051/1051/1051 1063/1063/1063
f 1063/1063/1063 1051/1051/1051 1020/1020/1020
f 1063/1063/1063 1020/1020/1020 1035/1035/1035
f 1057/1057/1057 1062/1062/1062 1063/1063/1063
f 1057/1057/1057 1063/1063/1063 1058/1058/1058
f 1058/1058/1058 1063/1063/1063 1035/1035/1035
f 1058/1058/1058 1035/1035/1035 1029/1029/1029
f 944/944/944 943/943/943 1064/1064/1064
f 944/944/944 1064/1064/1064 1065/1065/1065
f 1065/1065/1065 1064/1064/1064 1037/1037/1037
f 1065/1065/1065 1037/1037/1037 1036/1036/1036
f 932/932/932 931/931/931 1066/1066/1066
f 932/932/932 1066/1066/1066 1067/1067/1067
f 1067/1067/1067 1066/1066/1066 1039/1039/1039
f 1067/1067/1067 1039/1039/1039 1038/1038/1038
f 1014/1014/1014 1013/1013/1013 1068/1068/1068
f 1014/1014/1014 1068/1068/1068 1069/1069/1069
f 1069/1069/1069 1068/1068/1068 1043/1043/1043
f 1069/1069/1069 1043/1043/1043 1042/1042/1042
f 943/943/943 1014/1014/1014 1069/1069/1069
f 943/943/943 1069/1069/1069 1064/1064/1064
f 1064/1064/1064 1069/1069/1069 1042/1042/1042
f 1064/1064/1064 1042/1042/1042 1037/1037/1037
f 1000/1000/1000 932/932/932 1067/1067/1067
f 1000/1000/1000 1067/1067/1067 1070/1070/1070
f 1070/1070/1070 1067/1067/1067 1038/1038/1038
f 1070/1070/1070 1038/1038/1038 1044/1044/1044
f 1002/1002/1002 1000/1000/1000 1070/1070/1070
f 1002/1002/1002 1070/1070/1070 1071/1071/1071
f 1071/1071/1071 1070/1070/1070 1044/1044/1044
f 1071/1071/1071 1044/1044/1044 1046/1046/1046
f 1072/1072/1072 1073/1073/1073 1074/1074/1074
f 1072/1072/1072 1074/1074/1074 1075/1075/1075
f 1076/1076/1076 1072/1072/1072 1075/1075/1075
f 1076/1076/1076 1075/1075/1075 1077/1077/1077
f 1078/1078/1078 1076/1076/1076 1077/1077/1077
f 1078/1078/1078 1077/1077/1077 1079/1079/1079
f 1080/1080/1080 1078/1078/1078 1079/1079/1079
f 1080/1080/1080 1079/1079/1079 1081/1081/1081
f 1082/1082/1082 1080/1080/1080 1081/1081/1081
f 1082/1082/1082 1081/1081/1081 1083/1083/1083
f 1084/1084/1084 1082/1082/1082 1083/1083/1083
f 1084/1084/1084 1083/1083/1083 1085/1085/1085
f 1086/1086/1086 1084/1084/1084 1085/1085/1085
f 1086/1086/1086 1085/1085/1085 1087/1087/1087
f 1073/1073/1073 1086/1086/1086 1087/1087/1087
f 1073/1073/1073 1087/1087/1087 1074/1074/1074
f 1075/1075/1075 1074/1074/1074 1088/1088/1088
f 1075/1075/1075 1088/1088/1088 1089/1089/1089
f 1089/1089/1089 1088/1088/1088 774/774/774
f 1089/1089/1089 774/774/774 785/785/785
f 1077/1077/1077 1075/1075/1075 1089/1089/1089
f 1077/1077/1077 1089/1089/1089 1090/1090/1090
f 1090/1090/1090 1089/1089/1089 785/785/785
f 1090/1090/1090 785/785/785 783/783/783
f 1079/1079/1079 1077/1077/1077 1090/1090/1090
f 1079/1079/1079 1090/1090/1090 1091/1091/1091
f 1091/1091/1091 1090/1090/1090 783/783/783
f 1091/1091/1091 783/783/783 781/781/781
f 1081/1081/1081 1079/1079/1079 1091/1091/1091
f 1081/1081/1081 1091/1091/1091 1092/1092/1092
f 1092/1092/1092 1091/1091/1091 781/781/781
f 1092/1092/1092 781/781/781 779/779/779
f 1083/1083/1083 1081/1081/1081 1092/1092/1092
f 1083/1083/1083 1092/1092/1092 1093/1093/1093
f 1093/1093/1093 1092/1092/1092 779/779/779
f 1093/1093/1093 779/779/779 777/777/777
f 1085/1085/1085 1083/1083/1083 1093/1093/1093
f 1085/1085/1085 1093/1093/1093 1094/1094/1094
f 1094/1094/1094 1093/1093/1093 777/777/777
f 1094/1094/1094 777/777/777 775/775/775
f 1087/1087/1087 1085/1085/1085 1094/1094/1094
f 1087/1087/1087 1094/1094/1094 1095/1095/1095
f 1095/1095/1095 1094/1094/1094 775/775/775
f 1095/1095/1095 775/775/775 771/771/771
f 1074/1074/1074 1087/1087/1087 1095/1095/1095
f 1074/1074/1074 1095/1095/1095 1088/1088/1088
f 1088/1088/1088 1095/1095/1095 771/771/771
f 1088/1088/1088 771/771/771 774/774/774
f 1096/1096/1096 1097/1097/1097 1098/1098/1098
f 1096/1096/1096 1098/1098/1098 1099/1099/1099
f 1099/1099/1099 1098/1098/1098 1100/1100/1100
f 1099/1099/1099 1100/1100/1100 1101/1101/1101
f 1102/1102/1102 1096/1096/1096 1099/1099/1099
f 1102/1102/1102 1099/1099/1099 1103/1103/1103
f 1103/1103/1103 1099/1099/1099 1101/1101/1101
f 1103/1103/1103 1101/1101/1101 1104/1104/1104
f 1105/1105/1105 1102/1102/1102 1103/1103/1103
f 1105/1105/1105 1103/1103/1103 1106/1106/1106
f 1106/1106/1106 1103/1103/1103 1104/1104/1104
f 1106/1106/1106 1104/1104/1104 1107/1107/1107
f 1108/1108/1108 1105/1105/1105 1106/1106/1106
f 1108/1108/1108 1106/1106/1106 1109/1109/1109
f 1109/1109/1109 1106/1106/1106 1107/1107/1107
f 1109/1109/1109 1107/1107/1107 1110/1110/1110
f 1111/1111/1111 1108/1108/1108 1109/1109/1109
f 1111/1111/1111 1109/1109/1109 1112/1112/1112
f 1112/1112/1112 1109/1109/1109 1110/1110/1110
f 1112/1112/1112 1110/1110/1110 1113/1113/1113
f 1114/1114/1114 1111/1111/1111 1112/1112/1112
f 1114/1114/1114 1112/1112/1112 1115/1115/1115
f 1115/1115/1115 1112/1112/1112 1113/1113/1113
f 1115/1115/1115 1113/1113/1113 1116/1116/1116
f 1117/1117/1117 1114/1114/1114 1115/1115/1115
f 1117/1117/1117 1115/1115/1115 1118/1118/1118
f 1118/1118/1118 1115/1115/1115 1116/1116/1116
f 1118/1118/1118 1116/1116/1116 1119/1119/1119
f 1097/1097/1097 1117/1117/1117 1118/1118/1118
f 1097/1097/1097 1118/1118/1118 1098/1098/1098
f 1098/1098/1098 1118/1118/1118 1119/1119/1119
f 1098/1098/1098 1119/1119/1119 1100/1100/1100
f 1120/1120/1120 1121/1121/1121 1117/1117/1117
f 1120/1120/1120 1117/1117/1117 1097/1097/1097
f 1121/1121/1121 1122/1122/1122 1114/1114/1114
f 1121/1121/1121 1114/1114/1114 1117/1117/1117
f 1122/1122/1122 1123/1123/1123 1111/1111/1111
f 1122/1122/1122 1111/1111/1111 1114/1114/1114
f 1123/1123/1123 1124/1124/1124 1108/1108/1108
f 1123/1123/1123 1108/1108/1108 1111/1111/1111
f 1124/1124/1124 1125/1125/1125 1105/1105/1105
f 1124/1124/1124 1105/1105/1105 1108/1108/1108
f 1125/1125/1125 1126/1126/1126 1102/1102/1102
f 1125/1125/1125 1102/1102/1102 1105/1105/1105
f 1126/1126/1126 1127/1127/1127 1096/1096/1096
f 1126/1126/1126 1096/1096/1096 1102/1102/1102
f 1127/1127/1127 1120/1120/1120 1097/1097/1097
f 1127/1127/1127 1097/1097/1097 1096/1096/1096
f 1073/1073/1073 1072/1072/1072 1128/1128/1128
f 1073/1073/1073 1128/1128/1128 1129/1129/1129
f 1129/1129/1129 1128/1128/1128 1121/1121/1121
f 1129/1129/1129 1121/1121/1121 1120/1120/1120
f 1072/1072/1072 1076/1076/1076 1130/1130/1130
f 1072/1072/1072 1130/1130/1130 1128/1128/1128
f 1128/1128/1128 1130/1130/1130 1122/1122/1122
f 1128/1128/1128 1122/1122/1122 1121/1121/1121
f 1076/1076/1076 1078/1078/1078 1131/1131/1131
f 1076/1076/1076 1131/1131/1131 1130/1130/1130
f 1130/1130/1130 1131/1131/1131 1123/1123/1123
f 1130/1130/1130 1123/1123/1123 1122/1122/1122
f 1078/1078/1078 1080/1080/1080 1132/1132/1132
f 1078/1078/1078 1132/1132/1132 1131/1131/1131
f 1131/1131/1131 1132/1132/1132 1124/1124/1124
f 1131/1131/1131 1124/1124/1124 1123/1123/1123
f 1080/1080/1080 1082/1082/1082 1133/1133/1133
f 1080/1080/1080 1133/1133/1133 1132/1132/1132
f 1132/1132/1132 1133/1133/1133 1125/1125/1125
f 1132/1132/1132 1125/1125/1125 1124/1124/1124
f 1082/1082/1082 1084/1084/1084 1134/1134/1134
f 1082/1082/1082 1134/1134/1134 1133/1133/1133
f 1133/1133/1133 1134/1134/1134 1126/1126/1126
f 1133/1133/1133 1126/1126/1126 1125/1125/1125
f 1084/1084/1084 1086/1086/1086 1135/1135/1135
f 1084/1084/1084 1135/1135/1135 1134/1134/1134
f 1134/1134/1134 1135/1135/1135 1127/1127/1127
f 1134/1134/1134 1127/1127/1127 1126/1126/1126
f 1086/1086/1086 1073/1073/1073 1129/1129/1129
f 1086/1086/1086 1129/1129/1129 1135/1135/1135
f 1135/1135/1135 1129/1129/1129 1120/1120/1120
f 1135/1135/1135 1120/1120/1120 1127/1127/1127
f 1136/1136/1136 1137/1137/1137 1138/1138/1138
f 1136/1136/1136 1138/1138/1138 1139/1139/1139
f 1139/1139/1139 1138/1138/1138 1140/1140/1140
f 1139/1139/1139 1140/1140/1140 1141/1141/1141
f 1137/1137/1137 1142/1142/1142 1143/1143/1143
f 1137/1137/1137 1143/1143/1143 1138/1138/1138
f 1138/1138/1138 1143/1143/1143 1144/1144/1144
f 1138/1138/1138 1144/1144/1144 1140/1140/1140
f 1142/1142/1142 1145/1145/1145 1146/1146/1146
f 1142/1142/1142 1146/1146/1146 1143/1143/1143
f 1143/1143/1143 1146/1146/1146 1147/1147/1147
f 1143/1143/1143 1147/1147/1147 1144/1144/1144
f 1145/1145/1145 1148/1148/1148 1149/1149/1149
f 1145/1145/1145 1149/1149/1149 1146/1146/1146
f 1146/1146/1146 1149/1149/1149 1150/1150/1150
f 1146/1146/1146 1150/1150/1150 1147/1147/1147
f 1148/1148/1148 1151/1151/1151 1152/1152/1152
f 1148/1148/1148 1152/1152/1152 1149/1149/1149
f 1149/1149/1149 1152/1152/1152 1153/1153/1153
f 1149/1149/1149 1153/1153/1153 1150/1150/1150
f 1151/1151/1151 1154/1154/1154 1155/1155/1155
f 1151/1151/1151 1155/1155/1155 1152/1152/1152
f 1152/1152/1152 1155/1155/1155 1156/1156/1156
f 1152/1152/1152 1156/1156/1156 1153/1153/1153
f 1154/1154/1154 1157/1157/1157 1158/1158/1158
f 1154/1154/1154 1158/1158/1158 1155/1155/1155
f 1155/1155/1155 1158/1158/1158 1159/1159/1159
f 1155/1155/1155 1159/1159/1159 1156/1156/1156
f 1157/1157/1157 1136/1136/1136 1139/1139/1139
f 1157/1157/1157 1139/1139/1139 1158/1158/1158
f 1158/1158/1158 1139/1139/1139 1141/1141/1141
f 1158/1158/1158 1141/1141/1141 1159/1159/1159
f 1160/1160/1160 1161/1161/1161 1136/1136/1136
f 1160/1160/1160 1136/1136/1136 1157/1157/1157
f 1162/1162/1162 1160/1160/1160 1157/1157/1157
f 1162/1162/1162 1157/1157/1157 1154/1154/1154
f 1163/1163/1163 1162/1162/1162 1154/1154/1154
f 1163/1163/1163 1154/1154/1154 1151/1151/1151
f 1164/1164/1164 1163/1163/1163 1151/1151/1151
f 1164/1164/1164 1151/1151/1151 1148/1148/1148
f 1165/1165/1165 1164/1164/1164 1148/1148/1148
f 1165/1165/1165 1148/1148/1148 1145/1145/1145
f 1166/1166/1166 1165/1165/1165 1145/1145/1145
f 1166/1166/1166 1145/1145/1145 1142/1142/1142
f 1167/1167/1167 1166/1166/1166 1142/1142/1142
f 1167/1167/1167 1142/1142/1142 1137/1137/1137
f 1161/1161/1161 1167/1167/1167 1137/1137/1137
f 1161/1161/1161 1137/1137/1137 1136/1136/1136
f 1168/1168/1168 1169/1169/1169 1170/1170/1170
f 1168/1168/1168 1170/1170/1170 1171/1171/1171
f 1171/1171/1171 1170/1170/1170 1161/1161/1161
f 1171/1171/1171 1161/1161/1161 1160/1160/1160
f 1172/1172/1172 1168/1168/1168 1171/1171/1171
f 1172/1172/1172 1171/1171/1171 1173/1173/1173
f 1173/1173/1173 1171/1171/1171 1160/1160/1160
f 1173/1173/1173 1160/1160/1160 1162/1162/1162
f 1174/1174/1174 1172/1172/1172 1173/1173/1173
f 1174/1174/1174 1173/1173/1173 1175/1175/1175
f 1175/1175/1175 1173/1173/1173 1162/1162/1162
f 1175/1175/1175 1162/1162/1162 1163/1163/1163
f 1176/1176/1176 1174/1174/1174 1175/1175/1175
f 1176/1176/1176 1175/1175/1175 1177/1177/1177
f 1177/1177/1177 1175/1175/1175 1163/1163/1163
f 1177/1177/1177 1163/1163/1163 1164/1164/1164
f 1178/1178/1178 1176/1176/1176 1177/1177/1177
f 1178/1178/1178 1177/1177/1177 1179/1179/1179
f 1179/1179/1179 1177/1177/1177 1164/1164/1164
f 1179/1179/1179 1164/1164/1164 1165/1165/1165
f 1180/1180/1180 1178/1178/1178 1179/1179/1179
f 1180/1180/1180 1179/1179/1179 1181/1181/1181
f 1181/1181/1181 1179/1179/1179 1165/1165/1165
f 1181/1181/1181 1165/1165/1165 1166/1166/1166
f 1182/1182/1182 1180/1180/1180 1181/1181/1181
f 1182/1182/1182 1181/1181/1181 1183/1183/1183
f 1183/1183/1183 1181/1181/1181 1166/1166/1166
f 1183/1183/1183 1166/1166/1166 1167/1167/1167
f 1169/1169/1169 1182/1182/1182 1183/1183/1183
f 1169/1169/1169 1183/1183/1183 1170/1170/1170
f 1170/1170/1170 1183/1183/1183 1167/1167/1167
f 1170/1170/1170 1167/1167/1167 1161/1161/1161
f 1169/1169/1169 1168/1168/1168 1184/1184/1184
f 1169/1169/1169 1184/1184/1184 1185/1185/1185
f 1168/1168/1168 1172/1172/1172 1186/1186/1186
f 1168/1168/1168 1186/1186/1186 1184/1184/1184
f 1172/1172/1172 1174/1174/1174 1187/1187/1187
f 1172/1172/1172 1187/1187/1187 1186/1186/1186
f 1174/1174/1174 1176/1176/1176 1188/1188/1188
f 1174/1174/1174 1188/1188/1188 1187/1187/1187
f 1176/1176/1176 1178/1178/1178 1189/1189/1189
f 1176/1176/1176 1189/1189/1189 1188/1188/1188
f 1178/1178/1178 1180/1180/1180 1190/1190/1190
f 1178/1178/1178 1190/1190/1190 1189/1189/1189
f 1180/1180/1180 1182/1182/1182 1191/1191/1191
f 1180/1180/1180 1191/1191/1191 1190/1190/1190
f 1182/1182/1182 1169/1169/1169 1185/1185/1185
f 1182/1182/1182 1185/1185/1185 1191/1191/1191
f 1185/1185/1185 1184/1184/1184 1192/1192/1192
f 1185/1185/1185 1192/1192/1192 1193/1193/1193
f 1193/1193/1193 1192/1192/1192 804/804/804
f 1193/1193/1193 804/804/804 797/797/797
f 1184/1184/1184 1186/1186/1186 1194/1194/1194
f 1184/1184/1184 1194/1194/1194 1192/1192/1192
f 1192/1192/1192 1194/1194/1194 803/803/803
f 1192/1192/1192 803/803/803 804/804/804
f 1186/1186/1186 1187/1187/1187 1195/1195/1195
f 1186/1186/1186 1195/1195/1195 1194/1194/1194
f 1194/1194/1194 1195/1195/1195 802/802/802
f 1194/1194/1194 802/802/802 803/803/803
f 1187/1187/1187 1188/1188/1188 1196/1196/1196
f 1187/1187/1187 1196/1196/1196 1195/1195/1195
f 1195/1195/1195 1196/1196/1196 801/801/801
f 1195/1195/1195 801/801/801 802/802/802
f 1188/1188/1188 1189/1189/1189 1197/1197/1197
f 1188/1188/1188 1197/1197/1197 1196/1196/1196
f 1196/1196/1196 1197/1197/1197 800/800/800
f 1196/1196/1196 800/800/800 801/801/801
f 1189/1189/1189 1190/1190/1190 1198/1198/1198
f 1189/1189/1189 1198/1198/1198 1197/1197/1197
f 1197/1197/1197 1198/1198/1198 799/799/799
f 1197/1197/1197 799/799/799 800/800/800
f 1190/1190/1190 1191/1191/1191 1199/1199/1199
f 1190/1190/1190 1199/1199/1199 1198/1198/1198
f 1198/1198/1198 1199/1199/1199 798/798/798
f 1198/1198/1198 798/798/798 799/799/799
f 1191/1191/1191 1185/1185/1185 1193/1193/1193
f 1191/1191/1191 1193/1193/1193 1199/1199/1199
f 1199/1199/1199 1193/1193/1193 797/797/797
f 1199/1199/1199 797/797/797 798/798/798
f 871/871/871 870/870/870 1200/1200/1200
f 871/871/871 1200/1200/1200 1201/1201/1201
f 1201/1201/1201 1200/1200/1200 720/720/720
f 1201/1201/1201 720/720/720 719/719/719
f 875/875/875 874/874/874 1202/1202/1202
f 875/875/875 1202/1202/1202 1203/1203/1203
f 1203/1203/1203 1202/1202/1202 716/716/716
f 1203/1203/1203 716/716/716 715/715/715
f 1204/1204/1204 1205/1205/1205 1206/1206/1206
f 1204/1204/1204 1206/1206/1206 1207/1207/1207
f 1207/1207/1207 1206/1206/1206 940/940/940
f 1207/1207/1207 940/940/940 941/941/941
f 882/882/882 881/881/881 1208/1208/1208
f 882/882/882 1208/1208/1208 1209/1209/1209
f 1209/1209/1209 1208/1208/1208 942/942/942
f 1209/1209/1209 942/942/942 945/945/945
f 1210/1210/1210 1204/1204/1204 1207/1207/1207
f 1210/1210/1210 1207/1207/1207 1211/1211/1211
f 1211/1211/1211 1207/1207/1207 941/941/941
f 1211/1211/1211 941/941/941 1010/1010/1010
f 1212/1212/1212 1210/1210/1210 1211/1211/1211
f 1212/1212/1212 1211/1211/1211 1213/1213/1213
f 1213/1213/1213 1211/1211/1211 1010/1010/1010
f 1213/1213/1213 1010/1010/1010 1011/1011/1011
f 952/952/952 951/951/951 1214/1214/1214
f 952/952/952 1214/1214/1214 1215/1215/1215
f 1215/1215/1215 1214/1214/1214 1012/1012/1012
f 1215/1215/1215 1012/1012/1012 1015/1015/1015
f 881/881/881 952/952/952 1215/1215/1215
f 881/881/881 1215/1215/1215 1208/1208/1208
f 1208/1208/1208 1215/1215/1215 1015/1015/1015
f 1208/1208/1208 1015/1015/1015 942/942/942
f 721/721/721 720/720/720 1216/1216/1216
f 721/721/721 1216/1216/1216 1217/1217/1217
f 715/715/715 718/718/718 1218/1218/1218
f 715/715/715 1218/1218/1218 1219/1219/1219
f 1220/1220/1220 1221/1221/1221 885/885/885
f 1220/1220/1220 885/885/885 884/884/884
f 1222/1222/1222 1223/1223/1223 1205/1205/1205
f 1222/1222/1222 1205/1205/1205 1204/1204/1204
f 1224/1224/1224 1225/1225/1225 955/955/955
f 1224/1224/1224 955/955/955 954/954/954
f 1221/1221/1221 1224/1224/1224 954/954/954
f 1221/1221/1221 954/954/954 885/885/885
f 1226/1226/1226 1222/1222/1222 1204/1204/1204
f 1226/1226/1226 1204/1204/1204 1210/1210/1210
f 1227/1227/1227 1226/1226/1226 1210/1210/1210
f 1227/1227/1227 1210/1210/1210 1212/1212/1212
f 1217/1217/1217 1216/1216/1216 1228/1228/1228
f 1217/1217/1217 1228/1228/1228 1229/1229/1229
f 1229/1229/1229 1228/1228/1228 728/728/728
f 1229/1229/1229 728/728/728 727/727/727
f 1219/1219/1219 1218/1218/1218 1230/1230/1230
f 1219/1219/1219 1230/1230/1230 1231/1231/1231
f 1231/1231/1231 1230/1230/1230 724/724/724
f 1231/1231/1231 724/724/724 723/723/723
f 1232/1232/1232 1233/1233/1233 1234/1234/1234
f 1232/1232/1232 1234/1234/1234 1235/1235/1235
f 1235/1235/1235 1234/1234/1234 1221/1221/1221
f 1235/1235/1235 1221/1221/1221 1220/1220/1220
f 888/888/888 887/887/887 1236/1236/1236
f 888/888/888 1236/1236/1236 1237/1237/1237
f 1237/1237/1237 1236/1236/1236 1223/1223/1223
f 1237/1237/1237 1223/1223/1223 1222/1222/1222
f 1238/1238/1238 1239/1239/1239 1240/1240/1240
f 1238/1238/1238 1240/1240/1240 1241/1241/1241
f 1241/1241/1241 1240/1240/1240 1225/1225/1225
f 1241/1241/1241 1225/1225/1225 1224/1224/1224
f 1233/1233/1233 1238/1238/1238 1241/1241/1241
f 1233/1233/1233 1241/1241/1241 1234/1234/1234
f 1234/1234/1234 1241/1241/1241 1224/1224/1224
f 1234/1234/1234 1224/1224/1224 1221/1221/1221
f 956/956/956 888/888/888 1237/1237/1237
f 956/956/956 1237/1237/1237 1242/1242/1242
f 1242/1242/1242 1237/1237/1237 1222/1222/1222
f 1242/1242/1242 1222/1222/1222 1226/1226/1226
f 958/958/958 956/956/956 1242/1242/1242
f 958/958/958 1242/1242/1242 1243/1243/1243
f 1243/1243/1243 1242/1242/1242 1226/1226/1226
f 1243/1243/1243 1226/1226/1226 1227/1227/1227
f 727/727/727 730/730/730 1244/1244/1244
f 727/727/727 1244/1244/1244 1245/1245/1245
f 725/725/725 724/724/724 1246/1246/1246
f 725/725/725 1246/1246/1246 1247/1247/1247
f 1248/1248/1248 1249/1249/1249 890/890/890
f 1248/1248/1248 890/890/890 891/891/891
f 1250/1250/1250 1251/1251/1251 1233/1233/1233
f 1250/1250/1250 1233/1233/1233 1232/1232/1232
f 1252/1252/1252 1248/1248/1248 891/891/891
f 1252/1252/1252 891/891/891 960/960/960
f 1253/1253/1253 1252/1252/1252 960/960/960
f 1253/1253/1253 960/960/960 961/961/961
f 1254/1254/1254 1255/1255/1255 1239/1239/1239
f 1254/1254/1254 1239/1239/1239 1238/1238/1238
f 1251/1251/1251 1254/1254/1254 1238/1238/1238
f 1251/1251/1251 1238/1238/1238 1233/1233/1233
f 1245/1245/1245 1244/1244/1244 1256/1256/1256
f 1245/1245/1245 1256/1256/1256 1257/1257/1257
f 1257/1257/1257 1256/1256/1256 733/733/733
f 1257/1257/1257 733/733/733 732/732/732
f 1247/1247/1247 1246/1246/1246 1258/1258/1258
f 1247/1247/1247 1258/1258/1258 1259/1259/1259
f 1259/1259/1259 1258/1258/1258 735/735/735
f 1259/1259/1259 735/735/735 738/738/738
f 894/894/894 893/893/893 1260/1260/1260
f 894/894/894 1260/1260/1260 1261/1261/1261
f 1261/1261/1261 1260/1260/1260 1249/1249/1249
f 1261/1261/1261 1249/1249/1249 1248/1248/1248
f 1262/1262/1262 1263/1263/1263 1264/1264/1264
f 1262/1262/1262 1264/1264/1264 1265/1265/1265
f 1265/1265/1265 1264/1264/1264 1251/1251/1251
f 1265/1265/1265 1251/1251/1251 1250/1250/1250
f 962/962/962 894/894/894 1261/1261/1261
f 962/962/962 1261/1261/1261 1266/1266/1266
f 1266/1266/1266 1261/1261/1261 1248/1248/1248
f 1266/1266/1266 1248/1248/1248 1252/1252/1252
f 964/964/964 962/962/962 1266/1266/1266
f 964/964/964 1266/1266/1266 1267/1267/1267
f 1267/1267/1267 1266/1266/1266 1252/1252/1252
f 1267/1267/1267 1252/1252/1252 1253/1253/1253
f 1268/1268/1268 1269/1269/1269 1270/1270/1270
f 1268/1268/1268 1270/1270/1270 1271/1271/1271
f 1271/1271/1271 1270/1270/1270 1255/1255/1255
f 1271/1271/1271 1255/1255/1255 1254/1254/1254
f 1263/1263/1263 1268/1268/1268 1271/1271/1271
f 1263/1263/1263 1271/1271/1271 1264/1264/1264
f 1264/1264/1264 1271/1271/1271 1254/1254/1254
f 1264/1264/1264 1254/1254/1254 1251/1251/1251
f 1272/1272/1272 1273/1273/1273 736/736/736
f 1272/1272/1272 736/736/736 735/735/735
f 1274/1274/1274 1275/1275/1275 732/732/732
f 1274/1274/1274 732/732/732 731/731/731
f 1263/1263/1263 1262/1262/1262 1276/1276/1276
f 1263/1263/1263 1276/1276/1276 1277/1277/1277
f 922/922/922 923/923/923 1278/1278/1278
f 922/922/922 1278/1278/1278 1279/1279/1279
f 1268/1268/1268 1263/1263/1263 1277/1277/1277
f 1268/1268/1268 1277/1277/1277 1280/1280/1280
f 1269/1269/1269 1268/1268/1268 1280/1280/1280
f 1269/1269/1269 1280/1280/1280 1281/1281/1281
f 992/992/992 993/993/993 1282/1282/1282
f 992/992/992 1282/1282/1282 1283/1283/1283
f 923/923/923 992/992/992 1283/1283/1283
f 923/923/923 1283/1283/1283 1278/1278/1278
f 743/743/743 746/746/746 1284/1284/1284
f 743/743/743 1284/1284/1284 1285/1285/1285
f 1285/1285/1285 1284/1284/1284 1273/1273/1273
f 1285/1285/1285 1273/1273/1273 1272/1272/1272
f 741/741/741 740/740/740 1286/1286/1286
f 741/741/741 1286/1286/1286 1287/1287/1287
f 1287/1287/1287 1286/1286/1286 1275/1275/1275
f 1287/1287/1287 1275/1275/1275 1274/1274/1274
f 1277/1277/1277 1276/1276/1276 1288/1288/1288
f 1277/1277/1277 1288/1288/1288 1289/1289/1289
f 1289/1289/1289 1288/1288/1288 925/925/925
f 1289/1289/1289 925/925/925 924/924/924
f 1279/1279/1279 1278/1278/1278 1290/1290/1290
f 1279/1279/1279 1290/1290/1290 1291/1291/1291
f 1291/1291/1291 1290/1290/1290 1292/1292/1292
f 1291/1291/1291 1292/1292/1292 1293/1293/1293
f 1280/1280/1280 1277/1277/1277 1289/1289/1289
f 1280/1280/1280 1289/1289/1289 1294/1294/1294
f 1294/1294/1294 1289/1289/1289 924/924/924
f 1294/1294/1294 924/924/924 995/995/995
f 1281/1281/1281 1280/1280/1280 1294/1294/1294
f 1281/1281/1281 1294/1294/1294 1295/1295/1295
f 1295/1295/1295 1294/1294/1294 995/995/995
f 1295/1295/1295 995/995/995 994/994/994
f 1283/1283/1283 1282/1282/1282 1296/1296/1296
f 1283/1283/1283 1296/1296/1296 1297/1297/1297
f 1297/1297/1297 1296/1296/1296 1298/1298/1298
f 1297/1297/1297 1298/1298/1298 1299/1299/1299
f 1278/1278/1278 1283/1283/1283 1297/1297/1297
f 1278/1278/1278 1297/1297/1297 1290/1290/1290
f 1290/1290/1290 1297/1297/1297 1299/1299/1299
f 1290/1290/1290 1299/1299/1299 1292/1292/1292
f 746/746/746 745/745/745 1300/1300/1300
f 746/746/746 1300/1300/1300 1301/1301/1301
f 742/742/742 741/741/741 1302/1302/1302
f 742/742/742 1302/1302/1302 1303/1303/1303
f 1304/1304/1304 1305/1305/1305 896/896/896
f 1304/1304/1304 896/896/896 899/899/899
f 1306/1306/1306 1307/1307/1307 1293/1293/1293
f 1306/1306/1306 1293/1293/1293 1292/1292/1292
f 1308/1308/1308 1309/1309/1309 966/966/966
f 1308/1308/1308 966/966/966 969/969/969
f 1305/1305/1305 1308/1308/1308 969/969/969
f 1305/1305/1305 969/969/969 896/896/896
f 1310/1310/1310 1306/1306/1306 1292/1292/1292
f 1310/1310/1310 1292/1292/1292 1299/1299/1299
f 1311/1311/1311 1310/1310/1310 1299/1299/1299
f 1311/1311/1311 1299/1299/1299 1298/1298/1298
f 1301/1301/1301 1300/1300/1300 1312/1312/1312
f 1301/1301/1301 1312/1312/1312 1313/1313/1313
f 1313/1313/1313 1312/1312/1312 768/768/768
f 1313/1313/1313 768/768/768 767/767/767
f 1303/1303/1303 1302/1302/1302 1314/1314/1314
f 1303/1303/1303 1314/1314/1314 1315/1315/1315
f 1315/1315/1315 1314/1314/1314 764/764/764
f 1315/1315/1315 764/764/764 763/763/763
f 919/919/919 918/918/918 1316/1316/1316
f 919/919/919 1316/1316/1316 1317/1317/1317
f 1317/1317/1317 1316/1316/1316 1305/1305/1305
f 1317/1317/1317 1305/1305/1305 1304/1304/1304
f 1318/1318/1318 1319/1319/1319 1320/1320/1320
f 1318/1318/1318 1320/1320/1320 1321/1321/1321
f 1321/1321/1321 1320/1320/1320 1307/1307/1307
f 1321/1321/1321 1307/1307/1307 1306/1306/1306
f 989/989/989 988/988/988 1322/1322/1322
f 989/989/989 1322/1322/1322 1323/1323/1323
f 1323/1323/1323 1322/1322/1322 1309/1309/1309
f 1323/1323/1323 1309/1309/1309 1308/1308/1308
f 918/918/918 989/989/989 1323/1323/1323
f 918/918/918 1323/1323/1323 1316/1316/1316
f 1316/1316/1316 1323/1323/1323 1308/1308/1308
f 1316/1316/1316 1308/1308/1308 1305/1305/1305
f 1324/1324/1324 1318/1318/1318 1321/1321/1321
f 1324/1324/1324 1321/1321/1321 1325/1325/1325
f 1325/1325/1325 1321/1321/1321 1306/1306/1306
f 1325/1325/1325 1306/1306/1306 1310/1310/1310
f 1326/1326/1326 1324/1324/1324 1325/1325/1325
f 1326/1326/1326 1325/1325/1325 1327/1327/1327
f 1327/1327/1327 1325/1325/1325 1310/1310/1310
f 1327/1327/1327 1310/1310/1310 1311/1311/1311
f 767/767/767 770/770/770 1328/1328/1328
f 767/767/767 1328/1328/1328 1329/1329/1329
f 765/765/765 764/764/764 1330/1330/1330
f 765/765/765 1330/1330/1330 1331/1331/1331
f 1332/1332/1332 1333/1333/1333 1319/1319/1319
f 1332/1332/1332 1319/1319/1319 1318/1318/1318
f 1334/1334/1334 1335/1335/1335 916/916/916
f 1334/1334/1334 916/916/916 915/915/915
f 1336/1336/1336 1332/1332/1332 1318/1318/1318
f 1336/1336/1336 1318/1318/1318 1324/1324/1324
f 1337/1337/1337 1336/1336/1336 1324/1324/1324
f 1337/1337/1337 1324/1324/1324 1326/1326/1326
f 1338/1338/1338 1339/1339/1339 986/986/986
f 1338/1338/1338 986/986/986 984/984/984
f 1335/1335/1335 1338/1338/1338 984/984/984
f 1335/1335/1335 984/984/984 916/916/916
f 1329/1329/1329 1328/1328/1328 1340/1340/1340
f 1329/1329/1329 1340/1340/1340 1341/1341/1341
f 1341/1341/1341 1340/1340/1340 760/760/760
f 1341/1341/1341 760/760/760 759/759/759
f 1331/1331/1331 1330/1330/1330 1342/1342/1342
f 1331/1331/1331 1342/1342/1342 1343/1343/1343
f 1343/1343/1343 1342/1342/1342 756/756/756
f 1343/1343/1343 756/756/756 755/755/755
f 913/913/913 912/912/912 1344/1344/1344
f 913/913/913 1344/1344/1344 1345/1345/1345
f 1345/1345/1345 1344/1344/1344 1333/1333/1333
f 1345/1345/1345 1333/1333/1333 1332/1332/1332
f 1346/1346/1346 1347/1347/1347 1348/1348/1348
f 1346/1346/1346 1348/1348/1348 1349/1349/1349
f 1349/1349/1349 1348/1348/1348 1335/1335/1335
f 1349/1349/1349 1335/1335/1335 1334/1334/1334
f 982/982/982 913/913/913 1345/1345/1345
f 982/982/982 1345/1345/1345 1350/1350/1350
f 1350/1350/1350 1345/1345/1345 1332/1332/1332
f 1350/1350/1350 1332/1332/1332 1336/1336/1336
f 983/983/983 982/982/982 1350/1350/1350
f 983/983/983 1350/1350/1350 1351/1351/1351
f 1351/1351/1351 1350/1350/1350 1336/1336/1336
f 1351/1351/1351 1336/1336/1336 1337/1337/1337
f 1352/1352/1352 1353/1353/1353 1354/1354/1354
f 1352/1352/1352 1354/1354/1354 1355/1355/1355
f 1355/1355/1355 1354/1354/1354 1339/1339/1339
f 1355/1355/1355 1339/1339/1339 1338/1338/1338
f 1347/1347/1347 1352/1352/1352 1355/1355/1355
f 1347/1347/1347 1355/1355/1355 1348/1348/1348
f 1348/1348/1348 1355/1355/1355 1338/1338/1338
f 1348/1348/1348 1338/1338/1338 1335/1335/1335
f 761/761/761 760/760/760 1356/1356/1356
f 761/761/761 1356/1356/1356 1357/1357/1357
f 755/755/755 758/758/758 1358/1358/1358
f 755/755/755 1358/1358/1358 1359/1359/1359
f 1360/1360/1360 1361/1361/1361 1347/1347/1347
f 1360/1360/1360 1347/1347/1347 1346/1346/1346
f 1362/1362/1362 1363/1363/1363 908/908/908
f 1362/1362/1362 908/908/908 911/911/911
f 1364/1364/1364 1365/1365/1365 1353/1353/1353
f 1364/1364/1364 1353/1353/1353 1352/1352/1352
f 1361/1361/1361 1364/1364/1364 1352/1352/1352
f 1361/1361/1361 1352/1352/1352 1347/1347/1347
f 1366/1366/1366 1362/1362/1362 911/911/911
f 1366/1366/1366 911/911/911 979/979/979
f 1367/1367/1367 1366/1366/1366 979/979/979
f 1367/1367/1367 979/979/979 981/981/981
f 1357/1357/1357 1356/1356/1356 1368/1368/1368
f 1357/1357/1357 1368/1368/1368 1369/1369/1369
f 1369/1369/1369 1368/1368/1368 747/747/747
f 1369/1369/1369 747/747/747 750/750/750
f 1359/1359/1359 1358/1358/1358 1370/1370/1370
f 1359/1359/1359 1370/1370/1370 1371/1371/1371
f 1371/1371/1371 1370/1370/1370 753/753/753
f 1371/1371/1371 753/753/753 752/752/752
f 1372/1372/1372 1373/1373/1373 1374/1374/1374
f 1372/1372/1372 1374/1374/1374 1375/1375/1375
f 1375/1375/1375 1374/1374/1374 1361/1361/1361
f 1375/1375/1375 1361/1361/1361 1360/1360/1360
f 906/906/906 905/905/905 1376/1376/1376
f 906/906/906 1376/1376/1376 1377/1377/1377
f 1377/1377/1377 1376/1376/1376 1363/1363/1363
f 1377/1377/1377 1363/1363/1363 1362/1362/1362
f 1378/1378/1378 1379/1379/1379 1380/1380/1380
f 1378/1378/1378 1380/1380/1380 1381/1381/1381
f 1381/1381/1381 1380/1380/1380 1365/1365/1365
f 1381/1381/1381 1365/1365/1365 1364/1364/1364
f 1373/1373/1373 1378/1378/1378 1381/1381/1381
f 1373/1373/1373 1381/1381/1381 1374/1374/1374
f 1374/1374/1374 1381/1381/1381 1364/1364/1364
f 1374/1374/1374 1364/1364/1364 1361/1361/1361
f 974/974/974 906/906/906 1377/1377/1377
f 974/974/974 1377/1377/1377 1382/1382/1382
f 1382/1382/1382 1377/1377/1377 1362/1362/1362
f 1382/1382/1382 1362/1362/1362 1366/1366/1366
f 976/976/976 974/974/974 1382/1382/1382
f 976/976/976 1382/1382/1382 1383/1383/1383
f 1383/1383/1383 1382/1382/1382 1366/1366/1366
f 1383/1383/1383 1366/1366/1366 1367/1367/1367
f 1384/1384/1384 1385/1385/1385 752/752/752
f 1384/1384/1384 752/752/752 751/751/751
f 1386/1386/1386 1387/1387/1387 748/748/748
f 1386/1386/1386 748/748/748 747/747/747
f 920/920/920 921/921/921 1388/1388/1388
f 920/920/920 1388/1388/1388 1389/1389/1389
f 1373/1373/1373 1372/1372/1372 1390/1390/1390
f 1373/1373/1373 1390/1390/1390 1391/1391/1391
f 990/990/990 991/991/991 1392/1392/1392
f 990/990/990 1392/1392/1392 1393/1393/1393
f 921/921/921 990/990/990 1393/1393/1393
f 921/921/921 1393/1393/1393 1388/1388/1388
f 1378/1378/1378 1373/1373/1373 1391/1391/1391
f 1378/1378/1378 1391/1391/1391 1394/1394/1394
f 1379/1379/1379 1378/1378/1378 1394/1394/1394
f 1379/1379/1379 1394/1394/1394 1395/1395/1395
f 1396/1396/1396 1397/1397/1397 1398/1398/1398
f 1396/1396/1396 1398/1398/1398 1399/1399/1399
f 1399/1399/1399 1398/1398/1398 1385/1385/1385
f 1399/1399/1399 1385/1385/1385 1384/1384/1384
f 1400/1400/1400 1401/1401/1401 1402/1402/1402
f 1400/1400/1400 1402/1402/1402 1403/1403/1403
f 1403/1403/1403 1402/1402/1402 1387/1387/1387
f 1403/1403/1403 1387/1387/1387 1386/1386/1386
f 1389/1389/1389 1388/1388/1388 1404/1404/1404
f 1389/1389/1389 1404/1404/1404 1405/1405/1405
f 1405/1405/1405 1404/1404/1404 900/900/900
f 1405/1405/1405 900/900/900 903/903/903
f 1391/1391/1391 1390/1390/1390 1406/1406/1406
f 1391/1391/1391 1406/1406/1406 1407/1407/1407
f 1407/1407/1407 1406/1406/1406 1408/1408/1408
f 1407/1407/1407 1408/1408/1408 1409/1409/1409
f 1393/1393/1393 1392/1392/1392 1410/1410/1410
f 1393/1393/1393 1410/1410/1410 1411/1411/1411
f 1411/1411/1411 1410/1410/1410 970/970/970
f 1411/1411/1411 970/970/970 973/973/973
f 1388/1388/1388 1393/1393/1393 1411/1411/1411
f 1388/1388/1388 1411/1411/1411 1404/1404/1404
f 1404/1404/1404 1411/1411/1411 973/973/973
f 1404/1404/1404 973/973/973 900/900/900
f 1394/1394/1394 1391/1391/1391 1407/1407/1407
f 1394/1394/1394 1407/1407/1407 1412/1412/1412
f 1412/1412/1412 1407/1407/1407 1409/1409/1409
f 1412/1412/1412 1409/1409/1409 1413/1413/1413
f 1395/1395/1395 1394/1394/1394 1412/1412/1412
f 1395/1395/1395 1412/1412/1412 1414/1414/1414
f 1414/1414/1414 1412/1412/1412 1413/1413/1413
f 1414/1414/1414 1413/1413/1413 1415/1415/1415
