v -2.040505 2.333644 -1.027753
v -2.040505 2.330372 -1.027753
v -2.040505 2.330372 -1.030607
v -2.040505 2.333644 -1.030607
v -2.058570 2.330372 -1.027753
v -2.058570 2.333643 -1.027753
v -2.058570 2.333643 -1.030607
v -2.058570 2.330372 -1.030607
v -2.040505 2.307954 -1.027753
v -2.040505 2.307954 -1.030607
v -2.040505 2.310286 -1.030607
v -2.040505 2.310286 -1.027753
v -2.058570 2.307954 -1.030607
v -2.058570 2.307954 -1.027753
v -2.058570 2.310286 -1.027753
v -2.058570 2.310286 -1.030607
v -2.058570 2.307954 -1.012865
v -2.058570 2.307954 -1.010011
v -2.058570 2.310286 -1.010011
v -2.058570 2.310286 -1.012865
v -2.040505 2.307954 -1.010011
v -2.040505 2.307954 -1.012865
v -2.040505 2.310286 -1.012865
v -2.040505 2.310286 -1.010011
v -2.058570 2.330372 -1.010011
v -2.058570 2.333643 -1.010011
v -2.058570 2.333643 -1.012865
v -2.058570 2.330372 -1.012865
v -2.040505 2.333644 -1.010011
v -2.040505 2.330372 -1.010011
v -2.040505 2.330372 -1.012865
v -2.040505 2.333644 -1.012865
v -2.058570 2.307954 -0.989912
v -2.058570 2.307954 -0.987059
v -2.058570 2.310286 -0.987059
v -2.058570 2.310286 -0.989912
v -2.040505 2.307954 -0.987059
v -2.040505 2.307954 -0.989912
v -2.040505 2.310286 -0.989912
v -2.040505 2.310286 -0.987059
v -2.058570 2.330372 -0.987059
v -2.058570 2.333643 -0.987059
v -2.058570 2.333643 -0.989912
v -2.058570 2.330372 -0.989912
v -2.040505 2.333644 -0.987059
v -2.040505 2.330372 -0.987059
v -2.040505 2.330372 -0.989912
v -2.040505 2.333644 -0.989912
v -2.049538 2.299232 -1.093861
v -2.049538 2.300585 -1.094098
v -2.051201 2.299896 -1.094098
v -2.050244 2.298940 -1.093861
v -2.050537 2.298234 -1.093861
v -2.051889 2.298234 -1.094098
v -2.051201 2.296571 -1.094098
v -2.050244 2.297527 -1.093861
v -2.049538 2.297235 -1.093861
v -2.049538 2.295882 -1.094098
v -2.047875 2.296571 -1.094098
v -2.048831 2.297527 -1.093861
v -2.048539 2.298234 -1.093861
v -2.047186 2.298234 -1.094098
v -2.048831 2.298940 -1.093861
v -2.047875 2.299896 -1.094098
v -2.049538 2.298234 -1.093842
v -2.048831 2.316036 -1.093951
v -2.048539 2.316742 -1.093951
v -2.048831 2.317449 -1.093951
v -2.049538 2.316742 -1.093932
v -2.050244 2.316036 -1.093951
v -2.049538 2.315743 -1.093951
v -2.050244 2.317449 -1.093951
v -2.050537 2.316742 -1.093951
v -2.049538 2.317741 -1.093951
v -2.047875 2.318405 -1.094188
v -2.049538 2.319094 -1.094188
v -2.047186 2.316742 -1.094188
v -2.047875 2.315079 -1.094188
v -2.049538 2.314391 -1.094188
v -2.051201 2.315079 -1.094188
v -2.051889 2.316742 -1.094188
v -2.051201 2.318405 -1.094188
v -2.099973 2.317157 -0.982923
v -2.099973 2.318811 -0.982480
v -2.099664 2.320553 -0.985497
v -2.099664 2.317157 -0.986407
v -2.099973 2.320022 -0.981269
v -2.099664 2.323039 -0.983011
v -2.099973 2.320466 -0.979614
v -2.099664 2.323949 -0.979614
v -2.099973 2.320022 -0.977960
v -2.099664 2.323039 -0.976218
v -2.099973 2.318811 -0.976749
v -2.099664 2.320553 -0.973732
v -2.099973 2.317157 -0.976306
v -2.099664 2.317157 -0.972822
v -2.099973 2.315502 -0.976749
v -2.099664 2.313761 -0.973732
v -2.099973 2.314291 -0.977960
v -2.099664 2.311274 -0.976218
v -2.099973 2.313848 -0.979614
v -2.099664 2.310364 -0.979614
v -2.099973 2.314291 -0.981269
v -2.099664 2.311274 -0.983011
v -2.099973 2.315502 -0.982480
v -2.099664 2.313761 -0.985497
v -0.780298 2.320022 -0.977960
v -0.780207 2.317157 -0.979614
v -0.780298 2.320022 -0.981269
v -0.780298 2.320466 -0.979614
v -2.100064 2.317157 -0.979614
v -0.780298 2.317157 -0.982923
v -0.780298 2.318811 -0.982480
v -0.780298 2.314291 -0.981269
v -0.780298 2.315502 -0.982480
v -0.780298 2.314291 -0.977960
v -0.780298 2.313848 -0.979614
v -0.780298 2.317157 -0.976306
v -0.780298 2.315502 -0.976749
v -0.780298 2.318811 -0.976749
v -0.780607 2.320553 -0.985497
v -0.780607 2.317157 -0.986407
v -0.781503 2.317157 -0.986407
v -0.781503 2.320553 -0.985497
v -1.476031 2.317157 -0.986407
v -1.476031 2.320553 -0.985497
v -0.780607 2.323039 -0.983011
v -0.781503 2.323039 -0.983011
v -1.476031 2.323039 -0.983011
v -0.780607 2.323949 -0.979614
v -0.781503 2.323949 -0.979614
v -1.476031 2.323949 -0.979614
v -0.780607 2.323039 -0.976218
v -0.781503 2.323039 -0.976218
v -1.476031 2.323039 -0.976218
v -0.780607 2.320553 -0.973732
v -0.781503 2.320553 -0.973732
v -1.476031 2.320553 -0.973732
v -0.780607 2.317157 -0.972822
v -0.781503 2.317157 -0.972822
v -1.476031 2.317157 -0.972822
v -0.780607 2.313761 -0.973732
v -0.781503 2.313761 -0.973732
v -1.476031 2.313761 -0.973732
v -0.780607 2.311274 -0.976218
v -0.781503 2.311274 -0.976218
v -1.476031 2.311274 -0.976218
v -0.780607 2.310364 -0.979614
v -0.781503 2.310364 -0.979614
v -1.476031 2.310364 -0.979614
v -0.780607 2.311274 -0.983011
v -0.781503 2.311274 -0.983011
v -1.476031 2.311274 -0.983011
v -0.780607 2.313761 -0.985497
v -0.781503 2.313761 -0.985497
v -1.476031 2.313761 -0.985497
v -0.780607 2.317157 -0.986407
v -0.781503 2.317157 -0.986407
v -1.476031 2.317157 -0.986407
v -0.780607 2.317157 -0.986407
v -0.780607 2.320553 -0.985497
v -0.780544 2.320196 -0.984878
v -0.780544 2.317157 -0.985692
v -0.780607 2.323039 -0.983011
v -0.780544 2.322420 -0.982653
v -0.780607 2.323949 -0.979614
v -0.780544 2.323235 -0.979614
v -0.780607 2.323039 -0.976218
v -0.780544 2.322420 -0.976575
v -0.780607 2.320553 -0.973732
v -0.780544 2.320196 -0.974351
v -0.780607 2.317157 -0.972822
v -0.780544 2.317157 -0.973537
v -0.780607 2.313761 -0.973732
v -0.780544 2.314118 -0.974351
v -0.780607 2.311274 -0.976218
v -0.780544 2.311893 -0.976576
v -0.780607 2.310364 -0.979614
v -0.780544 2.311079 -0.979614
v -0.780607 2.311274 -0.983011
v -0.780544 2.311893 -0.982653
v -0.780607 2.313761 -0.985497
v -0.780544 2.314118 -0.984878
v -2.098904 2.317157 -0.986407
v -2.098904 2.320553 -0.985497
v -2.099664 2.317157 -0.986407
v -2.099664 2.320553 -0.985497
v -2.098904 2.323039 -0.983011
v -2.099664 2.323039 -0.983011
v -2.098904 2.323949 -0.979614
v -2.099664 2.323949 -0.979614
v -2.098904 2.323039 -0.976218
v -2.099664 2.323039 -0.976218
v -2.098904 2.320553 -0.973732
v -2.099664 2.320553 -0.973732
v -2.098904 2.317157 -0.972822
v -2.099664 2.317157 -0.972822
v -2.098904 2.313761 -0.973732
v -2.099664 2.313761 -0.973732
v -2.098904 2.311274 -0.976218
v -2.099664 2.311274 -0.976218
v -2.098904 2.310364 -0.979614
v -2.099664 2.310364 -0.979614
v -2.098904 2.311274 -0.983011
v -2.099664 2.311274 -0.983011
v -2.098904 2.313761 -0.985497
v -2.099664 2.313761 -0.985497
v -2.098904 2.317157 -0.986407
v -2.099664 2.317157 -0.986407
v -2.057666 2.330372 -1.097470
v -2.058570 2.330372 -1.097470
v -2.058570 2.333643 -1.097470
v -2.057666 2.333643 -1.097470
v -2.058570 2.333643 -1.027753
v -2.057666 2.333643 -1.027753
v -2.057666 2.333643 -1.030607
v -2.058570 2.333643 -1.030607
v -2.058570 2.330372 -1.027753
v -2.057666 2.330372 -1.027753
v -2.057666 2.307954 -1.030607
v -2.058570 2.307954 -1.030607
v -2.058570 2.310286 -1.030607
v -2.057666 2.310286 -1.030607
v -2.057666 2.307954 -1.027753
v -2.058570 2.307954 -1.027753
v -2.057666 2.307954 -1.010011
v -2.058570 2.307954 -1.010011
v -2.058570 2.307954 -1.012865
v -2.057666 2.307954 -1.012865
v -2.058570 2.333643 -1.010011
v -2.057666 2.333643 -1.010011
v -2.057666 2.333643 -1.012865
v -2.058570 2.333643 -1.012865
v -2.057666 2.307954 -0.987059
v -2.058570 2.307954 -0.987059
v -2.058570 2.307954 -0.989912
v -2.057666 2.307954 -0.989912
v -2.058570 2.310286 -0.989912
v -2.057666 2.310286 -0.989912
v -2.057666 2.333643 -0.987059
v -2.058570 2.333643 -0.987059
v -2.058570 2.330372 -0.987059
v -2.057666 2.330372 -0.987059
v -2.057666 2.333643 -0.989912
v -2.058570 2.333643 -0.989912
v -2.058570 2.307954 -0.969317
v -2.057666 2.307954 -0.969317
v -2.057666 2.310286 -0.969317
v -2.058570 2.310286 -0.969317
v -2.057666 2.330372 -1.012865
v -2.058570 2.330372 -1.012865
v -2.057666 2.310286 -1.010011
v -2.058570 2.310286 -1.010011
v -2.057666 2.336484 -0.969317
v -2.058570 2.336484 -0.969317
v -2.058570 2.335630 -0.969317
v -2.057666 2.335630 -0.969317
v -2.058570 2.336484 -0.972170
v -2.057666 2.336484 -0.972170
v -2.057666 2.335630 -0.972170
v -2.058570 2.335630 -0.972170
v -2.040505 2.330372 -1.097470
v -2.041194 2.330372 -1.097470
v -2.041194 2.333644 -1.097470
v -2.040505 2.333644 -1.097470
v -2.041194 2.333644 -1.027753
v -2.041194 2.333644 -1.030607
v -2.040505 2.333644 -1.027753
v -2.040505 2.333644 -1.030607
v -2.041194 2.330372 -1.027753
v -2.040505 2.330372 -1.027753
v -2.040505 2.307954 -1.030607
v -2.041194 2.307954 -1.030607
v -2.041194 2.310286 -1.030607
v -2.040505 2.310286 -1.030607
v -2.040505 2.307954 -1.027753
v -2.041194 2.307954 -1.027753
v -2.040505 2.307954 -1.010011
v -2.041194 2.307954 -1.010011
v -2.041194 2.307954 -1.012865
v -2.040505 2.307954 -1.012865
v -2.041194 2.333644 -1.010011
v -2.041194 2.333644 -1.012865
v -2.040505 2.333644 -1.010011
v -2.040505 2.333644 -1.012865
v -2.040505 2.307954 -0.987059
v -2.041194 2.307954 -0.987059
v -2.041194 2.307954 -0.989912
v -2.040505 2.307954 -0.989912
v -2.041194 2.310286 -0.989912
v -2.040505 2.310286 -0.989912
v -2.040505 2.333644 -0.987059
v -2.041194 2.333644 -0.987059
v -2.041194 2.330372 -0.987059
v -2.040505 2.330372 -0.987059
v -2.041194 2.333644 -0.989912
v -2.040505 2.333644 -0.989912
v -2.041194 2.307954 -0.969317
v -2.041194 2.310286 -0.969317
v -2.040505 2.307954 -0.969317
v -2.040505 2.310286 -0.969317
v -2.040505 2.330372 -1.012865
v -2.041194 2.330372 -1.012865
v -2.041194 2.310286 -1.010011
v -2.040505 2.310286 -1.010011
v -2.040505 2.336484 -0.969317
v -2.041194 2.336484 -0.969317
v -2.041194 2.335631 -0.969317
v -2.040505 2.335631 -0.969317
v -2.041194 2.336484 -0.972170
v -2.041194 2.335631 -0.972170
v -2.040505 2.336484 -0.972170
v -2.040505 2.335631 -0.972170
v -2.040505 2.307954 -0.971515
v -2.040505 2.307954 -0.972170
v -2.040505 2.310286 -0.972170
v -2.040505 2.310286 -0.971515
v -2.058570 2.307954 -0.972170
v -2.058570 2.307954 -0.971515
v -2.058570 2.310286 -0.971515
v -2.058570 2.310286 -0.972170
v -2.058570 2.336484 -0.971515
v -2.058570 2.336484 -0.972170
v -2.058570 2.335630 -0.972170
v -2.058570 2.335630 -0.971515
v -2.040505 2.336484 -0.972170
v -2.040505 2.336484 -0.971515
v -2.040505 2.335631 -0.971515
v -2.040505 2.335631 -0.972170
v -2.057666 2.336484 -0.971515
v -2.057666 2.336484 -0.972170
v -2.058570 2.336484 -0.972170
v -2.058570 2.336484 -0.971515
v -2.058570 2.307954 -0.971515
v -2.058570 2.307954 -0.972170
v -2.057666 2.307954 -0.972170
v -2.057666 2.307954 -0.971515
v -2.041194 2.336484 -0.971515
v -2.041194 2.336484 -0.972170
v -2.040505 2.336484 -0.971515
v -2.040505 2.336484 -0.972170
v -2.041194 2.307954 -0.971515
v -2.041194 2.307954 -0.972170
v -2.040505 2.307954 -0.972170
v -2.040505 2.307954 -0.971515
v -2.040505 2.307954 -0.969317
v -2.040505 2.307954 -0.969774
v -2.040505 2.310286 -0.969774
v -2.040505 2.310286 -0.969317
v -2.058570 2.307954 -0.969774
v -2.058570 2.310286 -0.969774
v -2.058570 2.307954 -0.969317
v -2.058570 2.310286 -0.969317
v -2.058570 2.336484 -0.969317
v -2.058570 2.336484 -0.969774
v -2.058570 2.335630 -0.969774
v -2.058570 2.335630 -0.969317
v -2.040505 2.336484 -0.969774
v -2.040505 2.335631 -0.969774
v -2.040505 2.336484 -0.969317
v -2.040505 2.335631 -0.969317
v -2.057666 2.336484 -0.969774
v -2.058570 2.336484 -0.969774
v -2.058570 2.307954 -0.969774
v -2.057666 2.307954 -0.969774
v -2.041194 2.336484 -0.969774
v -2.040505 2.336484 -0.969774
v -2.041194 2.307954 -0.969774
v -2.040505 2.307954 -0.969774
v -2.040505 2.312347 -0.989912
v -2.040505 2.312347 -0.987059
v -2.058570 2.312347 -0.987059
v -2.058570 2.312347 -0.989912
v -2.058570 2.312347 -0.989912
v -2.057666 2.312347 -0.989912
v -2.057666 2.310286 -0.987059
v -2.057666 2.312347 -0.987059
v -2.058570 2.312347 -0.987059
v -2.058570 2.310286 -0.987059
v -2.041194 2.312347 -0.989912
v -2.040505 2.312347 -0.989912
v -2.041194 2.310286 -0.987059
v -2.041194 2.312347 -0.987059
v -2.040505 2.310286 -0.987059
v -2.040505 2.312347 -0.987059
v -2.058570 2.312199 -0.969317
v -2.057666 2.312199 -0.969317
v -2.057666 2.312199 -0.972170
v -2.058570 2.312199 -0.972170
v -2.057666 2.310286 -0.972170
v -2.058570 2.310286 -0.972170
v -2.041194 2.312199 -0.969317
v -2.040505 2.312199 -0.969317
v -2.041194 2.312199 -0.972170
v -2.041194 2.310286 -0.972170
v -2.040505 2.312199 -0.972170
v -2.040505 2.310286 -0.972170
v -2.058570 2.312199 -0.972170
v -2.058570 2.312199 -0.971515
v -2.040505 2.312199 -0.971515
v -2.040505 2.312199 -0.972170
v -2.058570 2.312199 -0.969774
v -2.058570 2.312199 -0.969317
v -2.040505 2.312199 -0.969774
v -2.040505 2.312199 -0.969317
v -2.040505 2.307954 -0.974918
v -2.040505 2.310286 -0.974918
v -2.058570 2.310286 -0.974918
v -2.058570 2.307954 -0.974918
v -2.057666 2.310286 -0.974918
v -2.058570 2.310286 -0.974918
v -2.058570 2.307954 -0.974918
v -2.057666 2.307954 -0.974918
v -2.041194 2.310286 -0.974918
v -2.040505 2.310286 -0.974918
v -2.041194 2.307954 -0.974918
v -2.040505 2.307954 -0.974918
v -2.040505 2.307954 -0.984643
v -2.040505 2.310286 -0.984643
v -2.058570 2.310286 -0.984643
v -2.058570 2.307954 -0.984643
v -2.057666 2.310286 -0.984643
v -2.058570 2.310286 -0.984643
v -2.058570 2.307954 -0.984643
v -2.057666 2.307954 -0.984643
v -2.041194 2.310286 -0.984643
v -2.040505 2.310286 -0.984643
v -2.041194 2.307954 -0.984643
v -2.040505 2.307954 -0.984643
v -2.040505 2.327307 -0.989912
v -2.040505 2.327307 -0.987059
v -2.058570 2.327307 -0.987059
v -2.058570 2.327307 -0.989912
v -2.058570 2.327307 -0.989912
v -2.057666 2.327307 -0.989912
v -2.058570 2.330372 -0.989912
v -2.057666 2.330372 -0.989912
v -2.057666 2.327307 -0.987059
v -2.058570 2.327307 -0.987059
v -2.041194 2.327307 -0.989912
v -2.040505 2.327307 -0.989912
v -2.041194 2.330372 -0.989912
v -2.040505 2.330372 -0.989912
v -2.041194 2.327307 -0.987059
v -2.040505 2.327307 -0.987059
v -2.040505 2.330372 -0.992616
v -2.040505 2.333644 -0.992616
v -2.058570 2.333643 -0.992616
v -2.058570 2.330372 -0.992616
v -2.057666 2.333643 -0.992616
v -2.058570 2.333643 -0.992616
v -2.058570 2.330372 -0.992616
v -2.057666 2.330372 -0.992616
v -2.041194 2.333644 -0.992616
v -2.040505 2.333644 -0.992616
v -2.041194 2.330372 -0.992616
v -2.040505 2.330372 -0.992616
v -2.040505 2.330372 -1.006445
v -2.040505 2.333644 -1.006445
v -2.058570 2.333643 -1.006445
v -2.058570 2.330372 -1.006445
v -2.057666 2.333643 -1.006445
v -2.058570 2.333643 -1.006445
v -2.058570 2.330372 -1.006445
v -2.057666 2.330372 -1.006445
v -2.058570 2.330372 -1.010011
v -2.057666 2.330372 -1.010011
v -2.041194 2.333644 -1.006445
v -2.040505 2.333644 -1.006445
v -2.041194 2.330372 -1.006445
v -2.040505 2.330372 -1.006445
v -2.041194 2.330372 -1.010011
v -2.040505 2.330372 -1.010011
v -2.040505 2.327917 -1.012865
v -2.040505 2.327917 -1.010011
v -2.058570 2.327917 -1.010011
v -2.058570 2.327917 -1.012865
v -2.058570 2.327917 -1.012865
v -2.057666 2.327917 -1.012865
v -2.057666 2.327917 -1.010011
v -2.058570 2.327917 -1.010011
v -2.041194 2.327917 -1.012865
v -2.040505 2.327917 -1.012865
v -2.041194 2.327917 -1.010011
v -2.040505 2.327917 -1.010011
v -2.040505 2.313363 -1.012865
v -2.040505 2.313363 -1.010011
v -2.058570 2.313363 -1.010011
v -2.058570 2.313363 -1.012865
v -2.058570 2.310286 -1.012865
v -2.058570 2.313363 -1.012865
v -2.057666 2.313363 -1.012865
v -2.057666 2.310286 -1.012865
v -2.057666 2.313363 -1.010011
v -2.058570 2.313363 -1.010011
v -2.041194 2.310286 -1.012865
v -2.041194 2.313363 -1.012865
v -2.040505 2.313363 -1.012865
v -2.040505 2.310286 -1.012865
v -2.041194 2.313363 -1.010011
v -2.040505 2.313363 -1.010011
v -2.058570 2.310286 -1.015784
v -2.058570 2.307954 -1.015784
v -2.040505 2.307954 -1.015784
v -2.040505 2.310286 -1.015784
v -2.058570 2.307954 -1.015784
v -2.057666 2.307954 -1.015784
v -2.057666 2.310286 -1.015784
v -2.058570 2.310286 -1.015784
v -2.041194 2.307954 -1.015784
v -2.040505 2.307954 -1.015784
v -2.041194 2.310286 -1.015784
v -2.040505 2.310286 -1.015784
v -2.058570 2.310286 -1.025168
v -2.058570 2.307954 -1.025168
v -2.040505 2.307954 -1.025168
v -2.040505 2.310286 -1.025168
v -2.058570 2.307954 -1.025168
v -2.057666 2.307954 -1.025168
v -2.057666 2.310286 -1.025168
v -2.058570 2.310286 -1.025168
v -2.057666 2.310286 -1.027753
v -2.058570 2.310286 -1.027753
v -2.041194 2.307954 -1.025168
v -2.040505 2.307954 -1.025168
v -2.041194 2.310286 -1.025168
v -2.041194 2.310286 -1.027753
v -2.040505 2.310286 -1.025168
v -2.040505 2.310286 -1.027753
v -2.058570 2.313166 -1.027753
v -2.058570 2.313166 -1.030607
v -2.040505 2.313166 -1.030607
v -2.040505 2.313166 -1.027753
v -2.057666 2.313166 -1.027753
v -2.058570 2.313166 -1.027753
v -2.058570 2.313166 -1.030607
v -2.057666 2.313166 -1.030607
v -2.041194 2.313166 -1.027753
v -2.040505 2.313166 -1.027753
v -2.041194 2.313166 -1.030607
v -2.040505 2.313166 -1.030607
v -2.058570 2.327343 -1.027753
v -2.058570 2.327343 -1.030607
v -2.040505 2.327343 -1.030607
v -2.040505 2.327343 -1.027753
v -2.057666 2.327343 -1.027753
v -2.058570 2.327343 -1.027753
v -2.058570 2.327343 -1.030607
v -2.057666 2.327343 -1.030607
v -2.058570 2.330372 -1.030607
v -2.057666 2.330372 -1.030607
v -2.041194 2.327343 -1.027753
v -2.040505 2.327343 -1.027753
v -2.041194 2.327343 -1.030607
v -2.040505 2.327343 -1.030607
v -2.041194 2.330372 -1.030607
v -2.040505 2.330372 -1.030607
v -2.058570 2.333643 -1.033899
v -2.058570 2.330372 -1.033899
v -2.040505 2.330372 -1.033899
v -2.040505 2.333644 -1.033899
v -2.058570 2.330372 -1.033899
v -2.057666 2.330372 -1.033899
v -2.057666 2.333643 -1.033899
v -2.058570 2.333643 -1.033899
v -2.041194 2.330372 -1.033899
v -2.040505 2.330372 -1.033899
v -2.041194 2.333644 -1.033899
v -2.040505 2.333644 -1.033899
v -2.058570 2.333643 -1.093464
v -2.058570 2.330372 -1.093464
v -2.058570 2.333643 -1.094529
v -2.058570 2.330372 -1.094529
v -2.040505 2.330372 -1.093464
v -2.040505 2.333644 -1.093464
v -2.040505 2.330372 -1.094529
v -2.040505 2.333644 -1.094529
v -2.058570 2.330372 -1.093464
v -2.057666 2.330372 -1.093464
v -2.058570 2.330372 -1.094529
v -2.057666 2.330372 -1.094529
v -2.057666 2.333643 -1.093464
v -2.058570 2.333643 -1.093464
v -2.057666 2.333643 -1.094529
v -2.058570 2.333643 -1.094529
v -2.041194 2.330372 -1.093464
v -2.040505 2.330372 -1.093464
v -2.041194 2.330372 -1.094529
v -2.040505 2.330372 -1.094529
v -2.041194 2.333644 -1.093464
v -2.041194 2.333644 -1.094529
v -2.040505 2.333644 -1.093464
v -2.040505 2.333644 -1.094529
v -2.058570 2.329392 -1.097470
v -2.057666 2.329392 -1.097470
v -2.057666 2.329392 -1.094529
v -2.058570 2.329392 -1.094529
v -2.041194 2.329392 -1.097470
v -2.040505 2.329392 -1.097470
v -2.041194 2.329392 -1.094529
v -2.040505 2.329392 -1.094529
v -2.058570 2.286918 -1.097470
v -2.058570 2.287296 -1.097470
v -2.057666 2.287296 -1.097470
v -2.057666 2.286918 -1.097470
v -2.057666 2.286918 -1.094529
v -2.057666 2.287296 -1.094529
v -2.058570 2.287296 -1.094529
v -2.058570 2.286918 -1.094529
v -2.041194 2.286918 -1.097470
v -2.041194 2.287296 -1.097470
v -2.040505 2.287296 -1.097470
v -2.040505 2.286918 -1.097470
v -2.041194 2.286918 -1.094529
v -2.041194 2.287296 -1.094529
v -2.040505 2.286918 -1.094529
v -2.040505 2.287296 -1.094529
v -2.040505 2.330372 -1.097268
v -2.040505 2.330372 -1.097470
v -2.040505 2.333644 -1.097470
v -2.040505 2.333644 -1.097268
v -2.058570 2.330372 -1.097470
v -2.058570 2.330372 -1.097268
v -2.058570 2.333643 -1.097268
v -2.058570 2.333643 -1.097470
v -2.057666 2.333643 -1.097268
v -2.058570 2.333643 -1.097268
v -2.058570 2.286918 -1.097268
v -2.058570 2.286918 -1.097470
v -2.057666 2.286918 -1.097470
v -2.057666 2.286918 -1.097268
v -2.041194 2.333644 -1.097268
v -2.040505 2.333644 -1.097268
v -2.041194 2.286918 -1.097268
v -2.041194 2.286918 -1.097470
v -2.040505 2.286918 -1.097470
v -2.040505 2.286918 -1.097268
v -2.040505 2.329392 -1.097268
v -2.040505 2.329392 -1.097470
v -2.058570 2.329392 -1.097470
v -2.058570 2.329392 -1.097268
v -2.040505 2.287296 -1.097268
v -2.040505 2.287296 -1.097470
v -2.040505 2.286918 -1.097268
v -2.040505 2.286918 -1.097470
v -2.058570 2.287296 -1.097268
v -2.058570 2.287296 -1.097470
v -2.058570 2.286918 -1.097470
v -2.058570 2.286918 -1.097268
v -2.040505 2.330372 -1.094841
v -2.040505 2.333644 -1.094841
v -2.058570 2.330372 -1.094841
v -2.058570 2.333643 -1.094841
v -2.057666 2.333643 -1.094841
v -2.058570 2.333643 -1.094841
v -2.058570 2.286918 -1.094841
v -2.057666 2.286918 -1.094841
v -2.041194 2.333644 -1.094841
v -2.040505 2.333644 -1.094841
v -2.041194 2.286918 -1.094841
v -2.040505 2.286918 -1.094841
v -2.040505 2.329392 -1.094529
v -2.040505 2.329392 -1.094841
v -2.058570 2.329392 -1.094841
v -2.058570 2.329392 -1.094529
v -2.040505 2.287296 -1.094529
v -2.040505 2.287296 -1.094841
v -2.040505 2.286918 -1.094529
v -2.040505 2.286918 -1.094841
v -2.058570 2.287296 -1.094529
v -2.058570 2.287296 -1.094841
v -2.058570 2.286918 -1.094841
v -2.058570 2.286918 -1.094529
v -2.047827 2.299944 -1.094371
v -2.047816 2.299956 -1.094439
v -2.049538 2.300669 -1.094439
v -2.049538 2.300652 -1.094371
v -2.047119 2.298234 -1.094371
v -2.047102 2.298234 -1.094439
v -2.047827 2.296523 -1.094371
v -2.047816 2.296511 -1.094439
v -2.049538 2.295815 -1.094371
v -2.049538 2.295798 -1.094439
v -2.051248 2.296523 -1.094371
v -2.051260 2.296511 -1.094439
v -2.051956 2.298234 -1.094371
v -2.051973 2.298234 -1.094439
v -2.051248 2.299944 -1.094371
v -2.051260 2.299956 -1.094439
v -2.047856 2.299915 -1.094204
v -2.049538 2.300611 -1.094204
v -2.047160 2.298234 -1.094204
v -2.047856 2.296552 -1.094204
v -2.049538 2.295856 -1.094204
v -2.051219 2.296552 -1.094204
v -2.051915 2.298234 -1.094204
v -2.051219 2.299915 -1.094204
v -2.050338 2.299033 -1.096989
v -2.050338 2.299033 -1.094554
v -2.049538 2.299365 -1.094554
v -2.049538 2.299365 -1.096989
v -2.050338 2.299033 -1.094439
v -2.049538 2.299365 -1.094439
v -2.050669 2.298234 -1.096989
v -2.050669 2.298234 -1.094554
v -2.050669 2.298234 -1.094439
v -2.050338 2.297434 -1.096989
v -2.050338 2.297434 -1.094554
v -2.050338 2.297434 -1.094439
v -2.049538 2.297102 -1.096989
v -2.049538 2.297102 -1.094554
v -2.049538 2.297102 -1.094439
v -2.048738 2.297434 -1.096989
v -2.048738 2.297434 -1.094554
v -2.048738 2.297434 -1.094439
v -2.048407 2.298234 -1.096989
v -2.048407 2.298234 -1.094554
v -2.048407 2.298234 -1.094439
v -2.048738 2.299033 -1.096989
v -2.048738 2.299033 -1.094554
v -2.048738 2.299033 -1.094439
v -2.049538 2.300594 -1.094439
v -2.047868 2.299903 -1.094439
v -2.047177 2.298234 -1.094439
v -2.047868 2.296564 -1.094439
v -2.049538 2.295873 -1.094439
v -2.051207 2.296564 -1.094439
v -2.051898 2.298234 -1.094439
v -2.051207 2.299903 -1.094439
v -2.049538 2.299442 -1.094439
v -2.048683 2.299088 -1.094439
v -2.048329 2.298234 -1.094439
v -2.048683 2.297379 -1.094439
v -2.049538 2.297025 -1.094439
v -2.050392 2.297379 -1.094439
v -2.050746 2.298234 -1.094439
v -2.050392 2.299088 -1.094439
v -2.049538 2.319160 -1.094457
v -2.049538 2.319178 -1.094529
v -2.051260 2.318465 -1.094529
v -2.051247 2.318452 -1.094457
v -2.051973 2.316742 -1.094529
v -2.051955 2.316742 -1.094457
v -2.051260 2.315020 -1.094529
v -2.051247 2.315033 -1.094457
v -2.049538 2.314307 -1.094529
v -2.049538 2.314325 -1.094457
v -2.047816 2.315020 -1.094529
v -2.047828 2.315033 -1.094457
v -2.047102 2.316742 -1.094529
v -2.047120 2.316742 -1.094457
v -2.047816 2.318465 -1.094529
v -2.047828 2.318452 -1.094457
v -2.049538 2.319125 -1.094314
v -2.051222 2.318427 -1.094314
v -2.051920 2.316742 -1.094314
v -2.051222 2.315058 -1.094314
v -2.049538 2.314360 -1.094314
v -2.047853 2.315058 -1.094314
v -2.047155 2.316742 -1.094314
v -2.047853 2.318427 -1.094314
v -2.050338 2.317542 -1.094529
v -2.050386 2.317590 -1.094529
v -2.049538 2.317942 -1.094529
v -2.049538 2.317873 -1.094529
v -2.050669 2.316742 -1.094529
v -2.050737 2.316742 -1.094529
v -2.050338 2.315943 -1.094529
v -2.050386 2.315894 -1.094529
v -2.049538 2.315611 -1.094529
v -2.049538 2.315543 -1.094529
v -2.048738 2.315943 -1.094529
v -2.048690 2.315894 -1.094529
v -2.048407 2.316742 -1.094529
v -2.048338 2.316742 -1.094529
v -2.048738 2.317542 -1.094529
v -2.048690 2.317590 -1.094529
v -2.051170 2.318375 -1.094529
v -2.049538 2.319051 -1.094529
v -2.051847 2.316742 -1.094529
v -2.051170 2.315110 -1.094529
v -2.049538 2.314434 -1.094529
v -2.047905 2.315110 -1.094529
v -2.047229 2.316742 -1.094529
v -2.047905 2.318375 -1.094529
v -2.049538 2.317873 -1.097079
v -2.049538 2.317873 -1.094640
v -2.048738 2.317542 -1.094640
v -2.048738 2.317542 -1.097079
v -2.048407 2.316742 -1.094640
v -2.048407 2.316742 -1.097079
v -2.048738 2.315943 -1.094640
v -2.048738 2.315943 -1.097079
v -2.049538 2.315611 -1.094640
v -2.049538 2.315611 -1.097079
v -2.050338 2.315943 -1.094640
v -2.050338 2.315943 -1.097079
v -2.050669 2.316742 -1.094640
v -2.050669 2.316742 -1.097079
v -2.050338 2.317542 -1.094640
v -2.050338 2.317542 -1.097079
v -0.861907 2.317797 -1.094640
v -0.861907 2.317797 -1.094529
v -0.861107 2.318128 -1.094529
v -0.861107 2.318128 -1.094640
v -0.861907 2.317797 -1.097079
v -0.861107 2.318128 -1.097079
v -0.862238 2.316997 -1.094640
v -0.862238 2.316997 -1.094529
v -0.862238 2.316997 -1.097079
v -0.861907 2.316197 -1.094640
v -0.861907 2.316197 -1.094529
v -0.861907 2.316197 -1.097079
v -0.861107 2.315866 -1.094640
v -0.861107 2.315866 -1.094529
v -0.861107 2.315866 -1.097079
v -0.860307 2.316197 -1.094640
v -0.860307 2.316197 -1.094529
v -0.860307 2.316197 -1.097079
v -0.859976 2.316997 -1.094640
v -0.859976 2.316997 -1.094529
v -0.859976 2.316997 -1.097079
v -0.860307 2.317797 -1.094640
v -0.860307 2.317797 -1.094529
v -0.860307 2.317797 -1.097079
v -0.861107 2.319306 -1.094529
v -0.861107 2.319432 -1.094529
v -0.859385 2.318719 -1.094529
v -0.859474 2.318630 -1.094529
v -0.861107 2.318197 -1.094529
v -0.860259 2.317845 -1.094529
v -0.858671 2.316997 -1.094529
v -0.858798 2.316997 -1.094529
v -0.859907 2.316997 -1.094529
v -0.859385 2.315275 -1.094529
v -0.859474 2.315365 -1.094529
v -0.860259 2.316149 -1.094529
v -0.861107 2.314562 -1.094529
v -0.861107 2.314688 -1.094529
v -0.861107 2.315798 -1.094529
v -0.862829 2.315275 -1.094529
v -0.862739 2.315365 -1.094529
v -0.861955 2.316149 -1.094529
v -0.863542 2.316997 -1.094529
v -0.863416 2.316997 -1.094529
v -0.862306 2.316997 -1.094529
v -0.862829 2.318719 -1.094529
v -0.862739 2.318630 -1.094529
v -0.861955 2.317845 -1.094529
v -0.859422 2.318682 -1.094314
v -0.859397 2.318707 -1.094457
v -0.861107 2.319415 -1.094457
v -0.861107 2.319380 -1.094314
v -0.859444 2.318660 -1.094188
v -0.861107 2.319349 -1.094188
v -0.858724 2.316997 -1.094314
v -0.858689 2.316997 -1.094457
v -0.858755 2.316997 -1.094188
v -0.859422 2.315313 -1.094314
v -0.859397 2.315288 -1.094457
v -0.859444 2.315334 -1.094188
v -0.861107 2.314615 -1.094314
v -0.861107 2.314579 -1.094457
v -0.861107 2.314646 -1.094188
v -0.862791 2.315313 -1.094314
v -0.862816 2.315288 -1.094457
v -0.862770 2.315334 -1.094188
v -0.863489 2.316997 -1.094314
v -0.863524 2.316997 -1.094457
v -0.863458 2.316997 -1.094188
v -0.862791 2.318682 -1.094314
v -0.862816 2.318707 -1.094457
v -0.862770 2.318660 -1.094188
v -0.861961 2.298949 -1.094439
v -0.862776 2.299763 -1.094439
v -0.861107 2.300454 -1.094439
v -0.861107 2.299303 -1.094439
v -0.861907 2.298894 -1.094439
v -0.861107 2.299225 -1.094439
v -0.862315 2.298094 -1.094439
v -0.863467 2.298094 -1.094439
v -0.862238 2.298094 -1.094439
v -0.861961 2.297239 -1.094439
v -0.862776 2.296425 -1.094439
v -0.861907 2.297294 -1.094439
v -0.861107 2.296885 -1.094439
v -0.861107 2.295733 -1.094439
v -0.861107 2.296963 -1.094439
v -0.860252 2.297239 -1.094439
v -0.859438 2.296425 -1.094439
v -0.860307 2.297294 -1.094439
v -0.859898 2.298094 -1.094439
v -0.858746 2.298094 -1.094439
v -0.859976 2.298094 -1.094439
v -0.860252 2.298949 -1.094439
v -0.859438 2.299763 -1.094439
v -0.860307 2.298894 -1.094439
v -0.862829 2.299816 -1.094439
v -0.861107 2.300529 -1.094439
v -0.863542 2.298094 -1.094439
v -0.862829 2.296372 -1.094439
v -0.861107 2.295659 -1.094439
v -0.859385 2.296372 -1.094439
v -0.858671 2.298094 -1.094439
v -0.859385 2.299816 -1.094439
v -0.861107 2.299225 -1.094554
v -0.860307 2.298894 -1.094554
v -0.861107 2.299225 -1.096989
v -0.860307 2.298894 -1.096989
v -0.859976 2.298094 -1.094554
v -0.859976 2.298094 -1.096989
v -0.860307 2.297294 -1.094554
v -0.860307 2.297294 -1.096989
v -0.861107 2.296963 -1.094554
v -0.861107 2.296963 -1.096989
v -0.861907 2.297294 -1.094554
v -0.861907 2.297294 -1.096989
v -0.862238 2.298094 -1.094554
v -0.862238 2.298094 -1.096989
v -0.861907 2.298894 -1.094554
v -0.861907 2.298894 -1.096989
v -0.861107 2.300471 -1.094204
v -0.861107 2.300512 -1.094371
v -0.862817 2.299804 -1.094371
v -0.862788 2.299775 -1.094204
v -0.861107 2.300446 -1.094098
v -0.862770 2.299757 -1.094098
v -0.863525 2.298094 -1.094371
v -0.863484 2.298094 -1.094204
v -0.863458 2.298094 -1.094098
v -0.862817 2.296384 -1.094371
v -0.862788 2.296412 -1.094204
v -0.862770 2.296431 -1.094098
v -0.861107 2.295675 -1.094371
v -0.861107 2.295716 -1.094204
v -0.861107 2.295742 -1.094098
v -0.859396 2.296384 -1.094371
v -0.859425 2.296412 -1.094204
v -0.859444 2.296431 -1.094098
v -0.858688 2.298094 -1.094371
v -0.858729 2.298094 -1.094204
v -0.858755 2.298094 -1.094098
v -0.859396 2.299804 -1.094371
v -0.859425 2.299775 -1.094204
v -0.859444 2.299757 -1.094098
v -0.870139 2.329392 -1.094841
v -0.870139 2.329392 -1.097268
v -0.870139 2.287296 -1.097268
v -0.870139 2.287296 -1.094841
v -0.870139 2.329392 -1.094529
v -0.870139 2.287296 -1.094529
v -0.870139 2.286918 -1.097268
v -0.870139 2.286918 -1.094841
v -0.870139 2.286918 -1.094529
v -0.852074 2.286918 -1.094841
v -0.852074 2.286918 -1.097268
v -0.852074 2.287296 -1.097268
v -0.852074 2.287296 -1.094841
v -0.852074 2.286918 -1.094529
v -0.852074 2.287296 -1.094529
v -0.852074 2.329392 -1.097268
v -0.852074 2.329392 -1.094841
v -0.852074 2.329392 -1.094529
v -0.870139 2.330372 -1.094841
v -0.870139 2.330372 -1.097268
v -0.870139 2.330372 -1.094529
v -0.852074 2.330372 -1.097268
v -0.852074 2.330372 -1.094841
v -0.852074 2.330372 -1.094529
v -0.869235 2.286918 -1.094841
v -0.869235 2.286918 -1.097268
v -0.852763 2.286918 -1.097268
v -0.852763 2.286918 -1.094841
v -0.869235 2.286918 -1.094529
v -0.852763 2.286918 -1.094529
v -0.852074 2.286918 -1.097268
v -0.852074 2.286918 -1.094841
v -0.852074 2.286918 -1.094529
v -0.852074 2.333644 -1.094841
v -0.852074 2.333644 -1.097268
v -0.852763 2.333644 -1.097268
v -0.852763 2.333644 -1.094841
v -0.852074 2.333644 -1.094529
v -0.852763 2.333644 -1.094529
v -0.869235 2.333643 -1.097268
v -0.869235 2.333643 -1.094841
v -0.869235 2.333643 -1.094529
v -0.870139 2.286918 -1.094841
v -0.870139 2.286918 -1.097268
v -0.870139 2.286918 -1.094529
v -0.870139 2.333643 -1.097268
v -0.870139 2.333643 -1.094841
v -0.870139 2.333643 -1.094529
v -0.870139 2.333643 -1.094529
v -0.870139 2.333643 -1.094841
v -0.870139 2.333643 -1.097268
v -0.852074 2.333644 -1.097268
v -0.852074 2.333644 -1.094841
v -0.852074 2.333644 -1.094529
v -0.870139 2.329392 -1.097470
v -0.870139 2.287296 -1.097470
v -0.870139 2.286918 -1.097470
v -0.852074 2.286918 -1.097470
v -0.852074 2.287296 -1.097470
v -0.852074 2.329392 -1.097470
v -0.870139 2.330372 -1.097470
v -0.852074 2.330372 -1.097470
v -0.869235 2.286918 -1.097470
v -0.852763 2.286918 -1.097470
v -0.852074 2.286918 -1.097470
v -0.852074 2.333644 -1.097470
v -0.852763 2.333644 -1.097470
v -0.869235 2.333643 -1.097470
v -0.870139 2.286918 -1.097470
v -0.870139 2.333643 -1.097470
v -0.870139 2.333643 -1.097470
v -0.852074 2.333644 -1.097470
v -0.852074 2.287296 -1.094529
v -0.852074 2.329392 -1.094529
v -0.852763 2.329392 -1.094529
v -0.852763 2.287296 -1.094529
v -0.869235 2.329392 -1.094529
v -0.869235 2.287296 -1.094529
v -0.869235 2.287296 -1.097470
v -0.869235 2.329392 -1.097470
v -0.852763 2.329392 -1.097470
v -0.852763 2.287296 -1.097470
v -0.869235 2.286918 -1.097470
v -0.852763 2.286918 -1.097470
v -0.852074 2.329392 -1.097470
v -0.852074 2.287296 -1.097470
v -0.852074 2.286918 -1.097470
v -0.870139 2.329392 -1.094529
v -0.870139 2.287296 -1.094529
v -0.870139 2.287296 -1.097470
v -0.870139 2.329392 -1.097470
v -0.870139 2.286918 -1.097470
v -0.852074 2.330372 -1.094529
v -0.852763 2.330372 -1.094529
v -0.869235 2.330372 -1.094529
v -0.869235 2.330372 -1.097470
v -0.852763 2.330372 -1.097470
v -0.852074 2.330372 -1.097470
v -0.870139 2.330372 -1.094529
v -0.870139 2.330372 -1.097470
v -0.852074 2.333644 -1.093464
v -0.852763 2.333644 -1.093464
v -0.852074 2.333644 -1.033899
v -0.852763 2.333644 -1.033899
v -0.869235 2.333643 -1.093464
v -0.869235 2.333643 -1.033899
v -0.869235 2.330372 -1.093464
v -0.852763 2.330372 -1.093464
v -0.869235 2.330372 -1.033899
v -0.852763 2.330372 -1.033899
v -0.852074 2.330372 -1.093464
v -0.852074 2.330372 -1.033899
v -0.870139 2.333643 -1.093464
v -0.870139 2.333643 -1.033899
v -0.870139 2.330372 -1.093464
v -0.870139 2.330372 -1.033899
v -0.852074 2.330372 -1.093464
v -0.852074 2.333644 -1.093464
v -0.852074 2.330372 -1.033899
v -0.852074 2.333644 -1.033899
v -0.870139 2.333643 -1.093464
v -0.870139 2.330372 -1.093464
v -0.870139 2.333643 -1.033899
v -0.870139 2.330372 -1.033899
v -0.852074 2.333644 -1.030607
v -0.852763 2.333644 -1.030607
v -0.869235 2.333643 -1.030607
v -0.869235 2.330372 -1.030607
v -0.852763 2.330372 -1.030607
v -0.852074 2.330372 -1.030607
v -0.870139 2.333643 -1.030607
v -0.870139 2.330372 -1.030607
v -0.852074 2.330372 -1.030607
v -0.852074 2.333644 -1.030607
v -0.870139 2.333643 -1.030607
v -0.870139 2.330372 -1.030607
v -0.869235 2.327343 -1.030607
v -0.852763 2.327343 -1.030607
v -0.869235 2.313166 -1.030607
v -0.852763 2.313166 -1.030607
v -0.852074 2.327343 -1.030607
v -0.852074 2.313166 -1.030607
v -0.852074 2.327343 -1.027753
v -0.852074 2.330372 -1.027753
v -0.852763 2.330372 -1.027753
v -0.852763 2.327343 -1.027753
v -0.852074 2.313166 -1.027753
v -0.852763 2.313166 -1.027753
v -0.869235 2.330372 -1.027753
v -0.869235 2.327343 -1.027753
v -0.869235 2.313166 -1.027753
v -0.870139 2.327343 -1.030607
v -0.870139 2.313166 -1.030607
v -0.870139 2.330372 -1.027753
v -0.870139 2.327343 -1.027753
v -0.870139 2.313166 -1.027753
v -0.852074 2.327343 -1.030607
v -0.852074 2.330372 -1.027753
v -0.852074 2.327343 -1.027753
v -0.852074 2.313166 -1.030607
v -0.852074 2.313166 -1.027753
v -0.870139 2.327343 -1.027753
v -0.870139 2.330372 -1.027753
v -0.870139 2.327343 -1.030607
v -0.870139 2.313166 -1.027753
v -0.870139 2.313166 -1.030607
v -0.869235 2.310286 -1.030607
v -0.852763 2.310286 -1.030607
v -0.852074 2.310286 -1.030607
v -0.852074 2.310286 -1.027753
v -0.852763 2.310286 -1.027753
v -0.869235 2.310286 -1.027753
v -0.870139 2.310286 -1.030607
v -0.870139 2.310286 -1.027753
v -0.852074 2.310286 -1.030607
v -0.852074 2.310286 -1.027753
v -0.870139 2.310286 -1.027753
v -0.870139 2.310286 -1.030607
v -0.852074 2.310286 -1.025168
v -0.852763 2.310286 -1.025168
v -0.852074 2.310286 -1.015784
v -0.852763 2.310286 -1.015784
v -0.869235 2.310286 -1.025168
v -0.869235 2.310286 -1.015784
v -0.869235 2.307954 -1.025168
v -0.869235 2.307954 -1.027753
v -0.852763 2.307954 -1.027753
v -0.852763 2.307954 -1.025168
v -0.869235 2.307954 -1.015784
v -0.852763 2.307954 -1.015784
v -0.852074 2.307954 -1.027753
v -0.852074 2.307954 -1.025168
v -0.852074 2.307954 -1.015784
v -0.870139 2.310286 -1.025168
v -0.870139 2.310286 -1.015784
v -0.870139 2.307954 -1.025168
v -0.870139 2.307954 -1.027753
v -0.870139 2.307954 -1.015784
v -0.852074 2.307954 -1.025168
v -0.852074 2.307954 -1.027753
v -0.852074 2.310286 -1.025168
v -0.852074 2.307954 -1.015784
v -0.852074 2.310286 -1.015784
v -0.870139 2.310286 -1.025168
v -0.870139 2.307954 -1.027753
v -0.870139 2.307954 -1.025168
v -0.870139 2.310286 -1.015784
v -0.870139 2.307954 -1.015784
v -0.852074 2.310286 -1.012865
v -0.852763 2.310286 -1.012865
v -0.869235 2.310286 -1.012865
v -0.869235 2.307954 -1.012865
v -0.852763 2.307954 -1.012865
v -0.852074 2.307954 -1.012865
v -0.870139 2.310286 -1.012865
v -0.870139 2.307954 -1.012865
v -0.852074 2.307954 -1.012865
v -0.852074 2.310286 -1.012865
v -0.870139 2.310286 -1.012865
v -0.870139 2.307954 -1.012865
v -0.852074 2.313363 -1.010011
v -0.852074 2.327917 -1.010011
v -0.852763 2.327917 -1.010011
v -0.852763 2.313363 -1.010011
v -0.852074 2.310286 -1.010011
v -0.852763 2.310286 -1.010011
v -0.869235 2.327917 -1.010011
v -0.869235 2.313363 -1.010011
v -0.869235 2.310286 -1.010011
v -0.869235 2.313363 -1.012865
v -0.869235 2.327917 -1.012865
v -0.852763 2.327917 -1.012865
v -0.852763 2.313363 -1.012865
v -0.852074 2.327917 -1.012865
v -0.852074 2.313363 -1.012865
v -0.870139 2.327917 -1.010011
v -0.870139 2.313363 -1.010011
v -0.870139 2.310286 -1.010011
v -0.870139 2.313363 -1.012865
v -0.870139 2.327917 -1.012865
v -0.870139 2.313363 -1.010011
v -0.870139 2.327917 -1.010011
v -0.870139 2.327917 -1.012865
v -0.870139 2.313363 -1.012865
v -0.870139 2.310286 -1.010011
v -0.852074 2.313363 -1.012865
v -0.852074 2.327917 -1.012865
v -0.852074 2.327917 -1.010011
v -0.852074 2.313363 -1.010011
v -0.852074 2.310286 -1.010011
v -0.852074 2.330372 -1.010011
v -0.852763 2.330372 -1.010011
v -0.869235 2.330372 -1.010011
v -0.869235 2.330372 -1.012865
v -0.852763 2.330372 -1.012865
v -0.852074 2.330372 -1.012865
v -0.870139 2.330372 -1.010011
v -0.870139 2.330372 -1.012865
v -0.870139 2.330372 -1.010011
v -0.870139 2.330372 -1.012865
v -0.852074 2.330372 -1.012865
v -0.852074 2.330372 -1.010011
v -0.869235 2.330372 -1.006445
v -0.852763 2.330372 -1.006445
v -0.869235 2.330372 -0.992616
v -0.852763 2.330372 -0.992616
v -0.852074 2.330372 -1.006445
v -0.852074 2.330372 -0.992616
v -0.852074 2.333644 -1.006445
v -0.852074 2.333644 -1.010011
v -0.852763 2.333644 -1.010011
v -0.852763 2.333644 -1.006445
v -0.852074 2.333644 -0.992616
v -0.852763 2.333644 -0.992616
v -0.869235 2.333643 -1.010011
v -0.869235 2.333643 -1.006445
v -0.869235 2.333643 -0.992616
v -0.870139 2.330372 -1.006445
v -0.870139 2.330372 -0.992616
v -0.870139 2.333643 -1.010011
v -0.870139 2.333643 -1.006445
v -0.870139 2.333643 -0.992616
v -0.870139 2.333643 -1.006445
v -0.870139 2.333643 -1.010011
v -0.870139 2.330372 -1.006445
v -0.870139 2.333643 -0.992616
v -0.870139 2.330372 -0.992616
v -0.852074 2.330372 -1.006445
v -0.852074 2.333644 -1.010011
v -0.852074 2.333644 -1.006445
v -0.852074 2.330372 -0.992616
v -0.852074 2.333644 -0.992616
v -0.869235 2.330372 -0.989912
v -0.852763 2.330372 -0.989912
v -0.852074 2.330372 -0.989912
v -0.852074 2.333644 -0.989912
v -0.852763 2.333644 -0.989912
v -0.869235 2.333643 -0.989912
v -0.870139 2.330372 -0.989912
v -0.870139 2.333643 -0.989912
v -0.870139 2.333643 -0.989912
v -0.870139 2.330372 -0.989912
v -0.852074 2.330372 -0.989912
v -0.852074 2.333644 -0.989912
v -0.852074 2.327307 -0.987059
v -0.852074 2.330372 -0.987059
v -0.852763 2.330372 -0.987059
v -0.852763 2.327307 -0.987059
v -0.852074 2.312347 -0.987059
v -0.852763 2.312347 -0.987059
v -0.869235 2.330372 -0.987059
v -0.869235 2.327307 -0.987059
v -0.869235 2.312347 -0.987059
v -0.869235 2.327307 -0.989912
v -0.852763 2.327307 -0.989912
v -0.869235 2.312347 -0.989912
v -0.852763 2.312347 -0.989912
v -0.852074 2.327307 -0.989912
v -0.852074 2.312347 -0.989912
v -0.870139 2.330372 -0.987059
v -0.870139 2.327307 -0.987059
v -0.870139 2.312347 -0.987059
v -0.870139 2.327307 -0.989912
v -0.870139 2.312347 -0.989912
v -0.870139 2.327307 -0.987059
v -0.870139 2.330372 -0.987059
v -0.870139 2.327307 -0.989912
v -0.870139 2.312347 -0.987059
v -0.870139 2.312347 -0.989912
v -0.852074 2.327307 -0.989912
v -0.852074 2.330372 -0.987059
v -0.852074 2.327307 -0.987059
v -0.852074 2.312347 -0.989912
v -0.852074 2.312347 -0.987059
v -0.869235 2.307954 -0.984643
v -0.869235 2.307954 -0.987059
v -0.852763 2.307954 -0.987059
v -0.852763 2.307954 -0.984643
v -0.869235 2.307954 -0.974918
v -0.852763 2.307954 -0.974918
v -0.852074 2.307954 -0.987059
v -0.852074 2.307954 -0.984643
v -0.852074 2.307954 -0.974918
v -0.852074 2.310286 -0.984643
v -0.852074 2.310286 -0.987059
v -0.852763 2.310286 -0.987059
v -0.852763 2.310286 -0.984643
v -0.852074 2.310286 -0.974918
v -0.852763 2.310286 -0.974918
v -0.869235 2.310286 -0.987059
v -0.869235 2.310286 -0.984643
v -0.869235 2.310286 -0.974918
v -0.870139 2.307954 -0.984643
v -0.870139 2.307954 -0.987059
v -0.870139 2.307954 -0.974918
v -0.870139 2.310286 -0.987059
v -0.870139 2.310286 -0.984643
v -0.870139 2.310286 -0.974918
v -0.870139 2.310286 -0.984643
v -0.870139 2.310286 -0.987059
v -0.870139 2.307954 -0.987059
v -0.870139 2.307954 -0.984643
v -0.870139 2.310286 -0.974918
v -0.870139 2.307954 -0.974918
v -0.852074 2.307954 -0.984643
v -0.852074 2.307954 -0.987059
v -0.852074 2.310286 -0.987059
v -0.852074 2.310286 -0.984643
v -0.852074 2.307954 -0.974918
v -0.852074 2.310286 -0.974918
v -0.869235 2.307954 -0.972170
v -0.852763 2.307954 -0.972170
v -0.852074 2.307954 -0.972170
v -0.852074 2.310286 -0.972170
v -0.852763 2.310286 -0.972170
v -0.869235 2.310286 -0.972170
v -0.870139 2.307954 -0.972170
v -0.870139 2.310286 -0.972170
v -0.870139 2.310286 -0.972170
v -0.870139 2.307954 -0.972170
v -0.852074 2.307954 -0.972170
v -0.852074 2.310286 -0.972170
v -0.852074 2.312199 -0.969317
v -0.852074 2.310286 -0.969317
v -0.852074 2.310286 -0.969774
v -0.852074 2.312199 -0.969774
v -0.852074 2.335631 -0.969317
v -0.852074 2.335631 -0.969774
v -0.852074 2.310286 -0.971515
v -0.852074 2.312199 -0.971515
v -0.852074 2.335631 -0.971515
v -0.870139 2.312199 -0.971515
v -0.870139 2.310286 -0.971515
v -0.870139 2.310286 -0.969774
v -0.870139 2.312199 -0.969774
v -0.870139 2.335630 -0.971515
v -0.870139 2.335630 -0.969774
v -0.870139 2.310286 -0.969317
v -0.870139 2.312199 -0.969317
v -0.870139 2.335630 -0.969317
v -0.852074 2.312199 -0.972170
v -0.852074 2.335631 -0.972170
v -0.870139 2.312199 -0.972170
v -0.870139 2.335630 -0.972170
v -0.852074 2.312199 -0.972170
v -0.852763 2.312199 -0.972170
v -0.852074 2.335631 -0.972170
v -0.852763 2.335631 -0.972170
v -0.869235 2.312199 -0.972170
v -0.869235 2.335630 -0.972170
v -0.869235 2.312199 -0.969317
v -0.869235 2.310286 -0.969317
v -0.852763 2.310286 -0.969317
v -0.852763 2.312199 -0.969317
v -0.869235 2.335630 -0.969317
v -0.852763 2.335631 -0.969317
v -0.852074 2.310286 -0.969317
v -0.852074 2.312199 -0.969317
v -0.852074 2.335631 -0.969317
v -0.870139 2.312199 -0.972170
v -0.870139 2.335630 -0.972170
v -0.870139 2.312199 -0.969317
v -0.870139 2.310286 -0.969317
v -0.870139 2.335630 -0.969317
v -0.869235 2.310286 -0.989912
v -0.852763 2.310286 -0.989912
v -0.852074 2.310286 -0.989912
v -0.870139 2.310286 -0.989912
v -0.870139 2.310286 -0.989912
v -0.852074 2.310286 -0.989912
v -0.869235 2.307954 -0.969774
v -0.869235 2.307954 -0.971515
v -0.852763 2.307954 -0.971515
v -0.852763 2.307954 -0.969774
v -0.869235 2.307954 -0.969317
v -0.852763 2.307954 -0.969317
v -0.852074 2.307954 -0.971515
v -0.852074 2.307954 -0.969774
v -0.852074 2.307954 -0.969317
v -0.852074 2.336484 -0.969774
v -0.852074 2.336484 -0.971515
v -0.852763 2.336484 -0.971515
v -0.852763 2.336484 -0.969774
v -0.852074 2.336484 -0.969317
v -0.852763 2.336484 -0.969317
v -0.869235 2.336484 -0.971515
v -0.869235 2.336484 -0.969774
v -0.869235 2.336484 -0.969317
v -0.870139 2.307954 -0.969774
v -0.870139 2.307954 -0.971515
v -0.870139 2.307954 -0.969317
v -0.870139 2.336484 -0.971515
v -0.870139 2.336484 -0.969774
v -0.870139 2.336484 -0.969317
v -0.852074 2.336484 -0.969774
v -0.852074 2.336484 -0.969317
v -0.852074 2.336484 -0.971515
v -0.870139 2.336484 -0.969774
v -0.870139 2.336484 -0.971515
v -0.870139 2.336484 -0.969317
v -0.870139 2.307954 -0.969774
v -0.870139 2.307954 -0.969317
v -0.870139 2.307954 -0.971515
v -0.852074 2.307954 -0.969774
v -0.852074 2.307954 -0.971515
v -0.852074 2.307954 -0.969317
v -0.852074 2.336484 -0.972170
v -0.852763 2.336484 -0.972170
v -0.869235 2.336484 -0.972170
v -0.870139 2.336484 -0.972170
v -0.852074 2.336484 -0.972170
v -0.870139 2.336484 -0.972170
v -0.852763 2.336484 -0.972170
v -0.852074 2.336484 -0.972170
v -0.869235 2.336484 -0.972170
v -0.852763 2.307954 -1.010011
v -0.852074 2.307954 -1.010011
v -0.869235 2.307954 -1.010011
v -0.869235 2.333643 -1.012865
v -0.852763 2.333644 -1.012865
v -0.852074 2.333644 -1.012865
v -0.852763 2.333644 -0.987059
v -0.852074 2.333644 -0.987059
v -0.869235 2.333643 -0.987059
v -0.852763 2.307954 -0.989912
v -0.869235 2.307954 -0.989912
v -0.852074 2.307954 -0.989912
v -0.869235 2.307954 -1.030607
v -0.852763 2.307954 -1.030607
v -0.852074 2.307954 -1.030607
v -0.852763 2.333644 -1.027753
v -0.869235 2.333643 -1.027753
v -0.852074 2.333644 -1.027753
v -0.870139 2.336484 -0.972170
v -0.870139 2.307954 -1.010011
v -0.870139 2.333643 -1.012865
v -0.870139 2.333643 -0.987059
v -0.870139 2.307954 -0.989912
v -0.870139 2.307954 -1.030607
v -0.870139 2.333643 -1.027753
v -0.861107 2.317996 -1.093951
v -0.861813 2.317704 -1.093951
v -0.862106 2.316997 -1.093951
v -0.861813 2.316291 -1.093951
v -0.861107 2.315998 -1.093951
v -0.860400 2.316291 -1.093951
v -0.860108 2.316997 -1.093951
v -0.860400 2.317704 -1.093951
v -0.861107 2.316997 -1.093932
v -0.860400 2.297387 -1.093861
v -0.860108 2.298094 -1.093861
v -0.860400 2.298800 -1.093861
v -0.861107 2.298094 -1.093842
v -0.861813 2.297387 -1.093861
v -0.861107 2.297095 -1.093861
v -0.861813 2.298800 -1.093861
v -0.862106 2.298094 -1.093861
v -0.861107 2.299093 -1.093861
v -0.852074 2.333644 -0.987059
v -0.870139 2.333643 -0.987059
v -0.852074 2.307954 -0.989912
v -0.870139 2.307954 -0.989912
v -0.852074 2.333644 -1.012865
v -0.870139 2.333643 -1.012865
v -0.852074 2.307954 -1.010011
v -0.870139 2.307954 -1.010011
v -0.870139 2.307954 -1.030607
v -0.852074 2.307954 -1.030607
v -0.870139 2.333643 -1.027753
v -0.852074 2.333644 -1.027753
vn 0.577300 0.577300 0.577300
vn 0.707100 0.000000 0.707100
vn 0.904500 -0.301500 -0.301500
vn 0.707100 0.707100 0.000000
vn -0.707100 0.000000 0.707100
vn -0.577300 0.577300 0.577300
vn -0.707100 0.707100 0.000000
vn -0.904500 -0.301500 -0.301500
vn 0.707100 -0.707100 0.000000
vn 0.577300 -0.577300 -0.577300
vn 0.707100 0.000000 -0.707100
vn 0.904500 0.301500 0.301500
vn -0.577300 -0.577300 -0.577300
vn -0.707100 -0.707100 0.000000
vn -0.904500 0.301500 0.301500
vn -0.707100 0.000000 -0.707100
vn -0.707100 -0.707100 0.000000
vn -0.577300 -0.577300 0.577300
vn -0.707100 0.000000 0.707100
vn -0.904500 0.301500 -0.301500
vn 0.577300 -0.577300 0.577300
vn 0.707100 -0.707100 0.000000
vn 0.904500 0.301500 -0.301500
vn 0.707100 0.000000 0.707100
vn -0.904500 -0.301500 0.301500
vn -0.707100 0.707100 0.000000
vn -0.577300 0.577300 -0.577300
vn -0.707100 0.000000 -0.707100
vn 0.707100 0.707100 0.000000
vn 0.904500 -0.301500 0.301500
vn 0.707100 0.000000 -0.707100
vn 0.577300 0.577300 -0.577300
vn -0.577300 -0.577300 -0.577300
vn -0.707100 -0.707100 0.000000
vn -0.904500 0.301500 0.301500
vn -0.707100 0.000000 -0.707100
vn 0.707100 -0.707100 0.000000
vn 0.577300 -0.577300 -0.577300
vn 0.707100 0.000000 -0.707100
vn 0.904500 0.301500 0.301500
vn -0.707100 0.000000 0.707100
vn -0.577300 0.577300 0.577300
vn -0.707100 0.707100 0.000000
vn -0.904500 -0.301500 -0.301500
vn 0.577300 0.577300 0.577300
vn 0.707100 0.000000 0.707100
vn 0.904500 -0.301500 -0.301500
vn 0.707100 0.707100 0.000000
vn 0.000000 0.115100 0.993300
vn -0.000100 0.743900 0.668300
vn -0.526100 0.526000 0.668200
vn -0.080000 0.079900 0.993600
vn -0.115200 0.000000 0.993300
vn -0.743800 0.000000 0.668400
vn -0.526000 -0.526000 0.668200
vn -0.080000 -0.079900 0.993600
vn 0.000000 -0.115100 0.993300
vn 0.000100 -0.743800 0.668300
vn 0.526000 -0.525900 0.668300
vn 0.080000 -0.079900 0.993600
vn 0.115200 0.000000 0.993300
vn 0.743800 0.000000 0.668400
vn 0.080000 0.079900 0.993600
vn 0.526000 0.526000 0.668300
vn 0.000000 0.000000 1.000000
vn 0.079900 -0.079900 0.993600
vn 0.115100 0.000000 0.993300
vn 0.079900 0.079900 0.993600
vn 0.000000 0.000000 1.000000
vn -0.079900 -0.079900 0.993600
vn 0.000000 -0.115100 0.993300
vn -0.079900 0.079900 0.993600
vn -0.115100 0.000000 0.993300
vn 0.000000 0.115100 0.993300
vn 0.525700 0.525700 0.668800
vn 0.000000 0.743200 0.669000
vn 0.743700 0.000000 0.668400
vn 0.525800 -0.525800 0.668600
vn -0.000000 -0.743500 0.668700
vn -0.525800 -0.525800 0.668600
vn -0.743600 -0.000000 0.668500
vn -0.525600 0.525600 0.668800
vn -0.998100 0.000000 -0.061400
vn -0.998000 0.031400 -0.054500
vn -0.624200 0.390600 -0.676600
vn -0.624200 0.000000 -0.781200
vn -0.998100 0.053200 -0.030700
vn -0.624200 0.676600 -0.390600
vn -0.998000 0.062900 0.000000
vn -0.624200 0.781200 0.000000
vn -0.998100 0.053200 0.030700
vn -0.624200 0.676600 0.390600
vn -0.998000 0.031500 0.054500
vn -0.624200 0.390600 0.676600
vn -0.998100 0.000000 0.061400
vn -0.624200 0.000000 0.781200
vn -0.998000 -0.031500 0.054500
vn -0.624200 -0.390600 0.676600
vn -0.998100 -0.053200 0.030700
vn -0.624200 -0.676600 0.390600
vn -0.998000 -0.062900 0.000000
vn -0.624200 -0.781200 0.000000
vn -0.998100 -0.053200 -0.030700
vn -0.624200 -0.676600 -0.390600
vn -0.998000 -0.031500 -0.054500
vn -0.624200 -0.390600 -0.676600
vn 0.998100 0.053200 0.030700
vn 1.000000 0.000000 0.000000
vn 0.998100 0.053200 -0.030700
vn 0.998000 0.062900 0.000000
vn -1.000000 0.000000 0.000000
vn 0.998100 0.000000 -0.061400
vn 0.998000 0.031500 -0.054500
vn 0.998100 -0.053200 -0.030700
vn 0.998000 -0.031500 -0.054500
vn 0.998100 -0.053200 0.030700
vn 0.998000 -0.062900 0.000000
vn 0.998100 0.000000 0.061400
vn 0.998000 -0.031500 0.054500
vn 0.998000 0.031500 0.054500
vn 0.624200 0.390600 -0.676600
vn 0.624200 0.000000 -0.781200
vn 0.000000 0.000000 -1.000000
vn 0.000000 0.500000 -0.866000
vn 0.000000 0.000000 -1.000000
vn 0.000000 0.500000 -0.866000
vn 0.624200 0.676600 -0.390600
vn 0.000000 0.866000 -0.500000
vn 0.000000 0.866000 -0.500000
vn 0.624200 0.781200 0.000000
vn 0.000000 1.000000 0.000000
vn 0.000000 1.000000 0.000000
vn 0.624200 0.676600 0.390600
vn 0.000000 0.866000 0.500000
vn 0.000000 0.866000 0.500000
vn 0.624200 0.390600 0.676600
vn 0.000000 0.500000 0.866000
vn 0.000000 0.500000 0.866000
vn 0.624200 0.000000 0.781200
vn 0.000000 0.000000 1.000000
vn 0.000000 0.000000 1.000000
vn 0.624200 -0.390600 0.676600
vn 0.000000 -0.500000 0.866000
vn 0.000000 -0.500000 0.866000
vn 0.624200 -0.676600 0.390600
vn 0.000000 -0.866000 0.500000
vn 0.000000 -0.866000 0.500000
vn 0.624200 -0.781200 0.000000
vn 0.000000 -1.000000 0.000000
vn 0.000000 -1.000000 0.000000
vn 0.624200 -0.676600 -0.390600
vn 0.000000 -0.866000 -0.500000
vn 0.000000 -0.866000 -0.500000
vn 0.624200 -0.390600 -0.676600
vn 0.000000 -0.500000 -0.866000
vn 0.000000 -0.500000 -0.866000
vn 0.624200 0.000000 -0.781200
vn 0.000000 0.000000 -1.000000
vn 0.000000 0.000000 -1.000000
vn 0.624200 0.000000 -0.781200
vn 0.624200 0.390600 -0.676600
vn 0.996100 0.044100 -0.076400
vn 0.996100 0.000000 -0.088200
vn 0.624200 0.676600 -0.390600
vn 0.996100 0.076400 -0.044100
vn 0.624200 0.781200 0.000000
vn 0.996100 0.088200 0.000000
vn 0.624200 0.676600 0.390600
vn 0.996100 0.076400 0.044100
vn 0.624200 0.390600 0.676600
vn 0.996100 0.044100 0.076400
vn 0.624200 0.000000 0.781200
vn 0.996100 0.000000 0.088200
vn 0.624200 -0.390600 0.676600
vn 0.996100 -0.044100 0.076400
vn 0.624200 -0.676600 0.390600
vn 0.996100 -0.076400 0.044100
vn 0.624200 -0.781200 0.000000
vn 0.996100 -0.088200 0.000000
vn 0.624200 -0.676600 -0.390600
vn 0.996100 -0.076400 -0.044100
vn 0.624200 -0.390600 -0.676600
vn 0.996100 -0.044100 -0.076400
vn 0.000000 0.000000 -1.000000
vn 0.000000 0.500000 -0.866000
vn -0.624200 0.000000 -0.781200
vn -0.624200 0.390600 -0.676600
vn 0.000000 0.866000 -0.500000
vn -0.624200 0.676600 -0.390600
vn 0.000000 1.000000 0.000000
vn -0.624200 0.781200 0.000000
vn 0.000000 0.866000 0.500000
vn -0.624200 0.676600 0.390600
vn 0.000000 0.500000 0.866000
vn -0.624200 0.390600 0.676600
vn 0.000000 0.000000 1.000000
vn -0.624200 0.000000 0.781200
vn 0.000000 -0.500000 0.866000
vn -0.624200 -0.390600 0.676600
vn 0.000000 -0.866000 0.500000
vn -0.624200 -0.676600 0.390600
vn 0.000000 -1.000000 0.000000
vn -0.624200 -0.781200 0.000000
vn 0.000000 -0.866000 -0.500000
vn -0.624200 -0.676600 -0.390600
vn 0.000000 -0.500000 -0.866000
vn -0.624200 -0.390600 -0.676600
vn 0.000000 0.000000 -1.000000
vn -0.624200 0.000000 -0.781200
vn 0.000000 0.000000 -1.000000
vn -0.707100 0.000000 -0.707100
vn -0.577300 0.577300 -0.577300
vn 0.000000 0.707100 -0.707100
vn -0.577300 0.577300 0.577300
vn 0.000000 0.707100 0.707100
vn 0.000000 1.000000 0.000000
vn -0.707100 0.707100 0.000000
vn -0.707100 0.000000 0.707100
vn 0.000000 0.000000 1.000000
vn 0.000000 -0.707100 -0.707100
vn -0.577300 -0.577300 -0.577300
vn -0.707100 0.000000 -0.707100
vn 0.000000 0.000000 -1.000000
vn 0.000000 -1.000000 0.000000
vn -0.707100 -0.707100 0.000000
vn 0.000000 -0.707100 0.707100
vn -0.577300 -0.577300 0.577300
vn -0.707100 -0.707100 0.000000
vn 0.000000 -1.000000 0.000000
vn -0.707100 0.707100 0.000000
vn 0.000000 1.000000 0.000000
vn 0.000000 0.707100 -0.707100
vn -0.577300 0.577300 -0.577300
vn 0.000000 -1.000000 0.000000
vn -0.707100 -0.707100 0.000000
vn -0.577300 -0.577300 -0.577300
vn 0.000000 -0.707100 -0.707100
vn -0.707100 0.000000 -0.707100
vn 0.000000 0.000000 -1.000000
vn 0.000000 0.707100 0.707100
vn -0.577300 0.577300 0.577300
vn -0.707100 0.000000 0.707100
vn 0.000000 0.000000 1.000000
vn 0.000000 1.000000 0.000000
vn -0.707100 0.707100 0.000000
vn -0.577300 -0.577300 0.577300
vn 0.000000 -0.707100 0.707100
vn 0.000000 0.000000 1.000000
vn -0.707100 0.000000 0.707100
vn 0.000000 0.000000 -1.000000
vn -0.707100 0.000000 -0.707100
vn 0.000000 0.000000 1.000000
vn -0.707100 0.000000 0.707100
vn 0.000000 0.707100 0.707100
vn -0.577300 0.577300 0.577300
vn -0.707100 0.000000 0.707100
vn 0.000000 0.000000 1.000000
vn -0.577300 0.577300 -0.577300
vn 0.000000 0.707100 -0.707100
vn 0.000000 0.000000 -1.000000
vn -0.707100 0.000000 -0.707100
vn 0.707100 0.000000 -0.707100
vn 0.000000 0.000000 -1.000000
vn 0.000000 0.707100 -0.707100
vn 0.577300 0.577300 -0.577300
vn 0.000000 0.707100 0.707100
vn 0.000000 1.000000 0.000000
vn 0.577300 0.577300 0.577300
vn 0.707100 0.707100 0.000000
vn 0.000000 0.000000 1.000000
vn 0.707100 0.000000 0.707100
vn 0.577300 -0.577300 -0.577300
vn 0.000000 -0.707100 -0.707100
vn 0.000000 0.000000 -1.000000
vn 0.707100 0.000000 -0.707100
vn 0.707100 -0.707100 0.000000
vn 0.000000 -1.000000 0.000000
vn 0.577300 -0.577300 0.577300
vn 0.000000 -0.707100 0.707100
vn 0.000000 -1.000000 0.000000
vn 0.707100 -0.707100 0.000000
vn 0.000000 1.000000 0.000000
vn 0.000000 0.707100 -0.707100
vn 0.707100 0.707100 0.000000
vn 0.577300 0.577300 -0.577300
vn 0.707100 -0.707100 0.000000
vn 0.000000 -1.000000 0.000000
vn 0.000000 -0.707100 -0.707100
vn 0.577300 -0.577300 -0.577300
vn 0.000000 0.000000 -1.000000
vn 0.707100 0.000000 -0.707100
vn 0.577300 0.577300 0.577300
vn 0.000000 0.707100 0.707100
vn 0.000000 0.000000 1.000000
vn 0.707100 0.000000 0.707100
vn 0.000000 1.000000 0.000000
vn 0.707100 0.707100 0.000000
vn 0.000000 -0.707100 0.707100
vn 0.000000 0.000000 1.000000
vn 0.577300 -0.577300 0.577300
vn 0.707100 0.000000 0.707100
vn 0.707100 0.000000 -0.707100
vn 0.000000 0.000000 -1.000000
vn 0.000000 0.000000 1.000000
vn 0.707100 0.000000 0.707100
vn 0.577300 0.577300 0.577300
vn 0.000000 0.707100 0.707100
vn 0.000000 0.000000 1.000000
vn 0.707100 0.000000 0.707100
vn 0.000000 0.707100 -0.707100
vn 0.000000 0.000000 -1.000000
vn 0.577300 0.577300 -0.577300
vn 0.707100 0.000000 -0.707100
vn 0.707100 -0.707100 0.000000
vn 0.707100 -0.707100 0.000000
vn 0.904500 0.301500 -0.301500
vn 1.000000 0.000000 0.000000
vn -0.707100 -0.707100 0.000000
vn -0.707100 -0.707100 0.000000
vn -1.000000 0.000000 0.000000
vn -0.904500 0.301500 -0.301500
vn -0.707100 0.707100 0.000000
vn -0.577300 0.577300 -0.577300
vn -0.707100 0.000000 -0.707100
vn -1.000000 0.000000 0.000000
vn 0.577300 0.577300 -0.577300
vn 0.707100 0.707100 0.000000
vn 1.000000 0.000000 0.000000
vn 0.707100 0.000000 -0.707100
vn 0.000000 1.000000 0.000000
vn 0.000000 0.707100 -0.707100
vn -0.577300 0.577300 -0.577300
vn -0.707100 0.707100 0.000000
vn -0.707100 -0.707100 0.000000
vn -0.707100 -0.707100 0.000000
vn 0.000000 -1.000000 0.000000
vn 0.000000 -1.000000 0.000000
vn 0.000000 1.000000 0.000000
vn 0.000000 0.707100 -0.707100
vn 0.707100 0.707100 0.000000
vn 0.577300 0.577300 -0.577300
vn 0.000000 -1.000000 0.000000
vn 0.000000 -1.000000 0.000000
vn 0.707100 -0.707100 0.000000
vn 0.707100 -0.707100 0.000000
vn 0.577300 -0.577300 0.577300
vn 0.707100 -0.707100 0.000000
vn 1.000000 0.000000 0.000000
vn 0.707100 0.000000 0.707100
vn -0.707100 -0.707100 0.000000
vn -1.000000 0.000000 0.000000
vn -0.577300 -0.577300 0.577300
vn -0.707100 0.000000 0.707100
vn -0.577300 0.577300 0.577300
vn -0.707100 0.707100 0.000000
vn -1.000000 0.000000 0.000000
vn -0.707100 0.000000 0.707100
vn 0.707100 0.707100 0.000000
vn 1.000000 0.000000 0.000000
vn 0.577300 0.577300 0.577300
vn 0.707100 0.000000 0.707100
vn 0.000000 1.000000 0.000000
vn -0.707100 0.707100 0.000000
vn -0.707100 -0.707100 0.000000
vn 0.000000 -1.000000 0.000000
vn 0.000000 1.000000 0.000000
vn 0.707100 0.707100 0.000000
vn 0.000000 -1.000000 0.000000
vn 0.707100 -0.707100 0.000000
vn 0.707100 0.000000 -0.707100
vn 0.707100 0.000000 0.707100
vn -0.707100 0.000000 0.707100
vn -0.707100 0.000000 -0.707100
vn -0.707100 0.000000 -0.707100
vn 0.000000 0.000000 -1.000000
vn 0.000000 0.707100 0.707100
vn 0.000000 0.000000 1.000000
vn -0.707100 0.000000 0.707100
vn -0.904500 0.301500 0.301500
vn 0.000000 0.000000 -1.000000
vn 0.707100 0.000000 -0.707100
vn 0.000000 0.707100 0.707100
vn 0.000000 0.000000 1.000000
vn 0.904500 0.301500 0.301500
vn 0.707100 0.000000 0.707100
vn -0.707100 0.000000 0.707100
vn 0.000000 0.000000 1.000000
vn 0.000000 0.000000 -1.000000
vn -0.707100 0.000000 -0.707100
vn 0.000000 0.707100 -0.707100
vn -0.904500 0.301500 -0.301500
vn 0.000000 0.000000 1.000000
vn 0.707100 0.000000 0.707100
vn 0.000000 0.000000 -1.000000
vn 0.000000 0.707100 -0.707100
vn 0.707100 0.000000 -0.707100
vn 0.904500 0.301500 -0.301500
vn -0.707100 0.000000 -0.707100
vn -1.000000 0.000000 0.000000
vn 1.000000 0.000000 0.000000
vn 0.707100 0.000000 -0.707100
vn -1.000000 0.000000 0.000000
vn -0.707100 0.000000 0.707100
vn 1.000000 0.000000 0.000000
vn 0.707100 0.000000 0.707100
vn 0.707100 -0.707100 0.000000
vn 0.707100 0.707100 0.000000
vn -0.707100 0.707100 0.000000
vn -0.707100 -0.707100 0.000000
vn 0.000000 1.000000 0.000000
vn -0.707100 0.707100 0.000000
vn -0.707100 -0.707100 0.000000
vn 0.000000 -1.000000 0.000000
vn 0.000000 1.000000 0.000000
vn 0.707100 0.707100 0.000000
vn 0.000000 -1.000000 0.000000
vn 0.707100 -0.707100 0.000000
vn 0.707100 -0.707100 0.000000
vn 0.707100 0.707100 0.000000
vn -0.707100 0.707100 0.000000
vn -0.707100 -0.707100 0.000000
vn 0.000000 1.000000 0.000000
vn -0.707100 0.707100 0.000000
vn -0.707100 -0.707100 0.000000
vn 0.000000 -1.000000 0.000000
vn 0.000000 1.000000 0.000000
vn 0.707100 0.707100 0.000000
vn 0.000000 -1.000000 0.000000
vn 0.707100 -0.707100 0.000000
vn 0.707100 0.000000 -0.707100
vn 0.707100 0.000000 0.707100
vn -0.707100 0.000000 0.707100
vn -0.707100 0.000000 -0.707100
vn -0.707100 0.000000 -0.707100
vn 0.000000 0.000000 -1.000000
vn -0.904500 -0.301500 -0.301500
vn 0.000000 -0.707100 -0.707100
vn 0.000000 0.000000 1.000000
vn -0.707100 0.000000 0.707100
vn 0.000000 0.000000 -1.000000
vn 0.707100 0.000000 -0.707100
vn 0.000000 -0.707100 -0.707100
vn 0.904500 -0.301500 -0.301500
vn 0.000000 0.000000 1.000000
vn 0.707100 0.000000 0.707100
vn 0.707100 -0.707100 0.000000
vn 0.707100 0.707100 0.000000
vn -0.707100 0.707100 0.000000
vn -0.707100 -0.707100 0.000000
vn 0.000000 1.000000 0.000000
vn -0.707100 0.707100 0.000000
vn -0.707100 -0.707100 0.000000
vn 0.000000 -1.000000 0.000000
vn 0.000000 1.000000 0.000000
vn 0.707100 0.707100 0.000000
vn 0.000000 -1.000000 0.000000
vn 0.707100 -0.707100 0.000000
vn 0.707100 -0.707100 0.000000
vn 0.707100 0.707100 0.000000
vn -0.707100 0.707100 0.000000
vn -0.707100 -0.707100 0.000000
vn 0.000000 1.000000 0.000000
vn -0.707100 0.707100 0.000000
vn -0.707100 -0.707100 0.000000
vn 0.000000 -1.000000 0.000000
vn -0.904500 -0.301500 0.301500
vn 0.000000 -0.707100 0.707100
vn 0.000000 1.000000 0.000000
vn 0.707100 0.707100 0.000000
vn 0.000000 -1.000000 0.000000
vn 0.707100 -0.707100 0.000000
vn 0.000000 -0.707100 0.707100
vn 0.904500 -0.301500 0.301500
vn 0.707100 0.000000 -0.707100
vn 0.707100 0.000000 0.707100
vn -0.707100 0.000000 0.707100
vn -0.707100 0.000000 -0.707100
vn -0.707100 0.000000 -0.707100
vn 0.000000 0.000000 -1.000000
vn 0.000000 0.000000 1.000000
vn -0.707100 0.000000 0.707100
vn 0.000000 0.000000 -1.000000
vn 0.707100 0.000000 -0.707100
vn 0.000000 0.000000 1.000000
vn 0.707100 0.000000 0.707100
vn 0.707100 0.000000 -0.707100
vn 0.707100 0.000000 0.707100
vn -0.707100 0.000000 0.707100
vn -0.707100 0.000000 -0.707100
vn -0.904500 0.301500 -0.301500
vn -0.707100 0.000000 -0.707100
vn 0.000000 0.000000 -1.000000
vn 0.000000 0.707100 -0.707100
vn 0.000000 0.000000 1.000000
vn -0.707100 0.000000 0.707100
vn 0.000000 0.707100 -0.707100
vn 0.000000 0.000000 -1.000000
vn 0.707100 0.000000 -0.707100
vn 0.904500 0.301500 -0.301500
vn 0.000000 0.000000 1.000000
vn 0.707100 0.000000 0.707100
vn -0.707100 0.707100 0.000000
vn -0.707100 -0.707100 0.000000
vn 0.707100 -0.707100 0.000000
vn 0.707100 0.707100 0.000000
vn -0.707100 -0.707100 0.000000
vn 0.000000 -1.000000 0.000000
vn 0.000000 1.000000 0.000000
vn -0.707100 0.707100 0.000000
vn 0.000000 -1.000000 0.000000
vn 0.707100 -0.707100 0.000000
vn 0.000000 1.000000 0.000000
vn 0.707100 0.707100 0.000000
vn -0.707100 0.707100 0.000000
vn -0.707100 -0.707100 0.000000
vn 0.707100 -0.707100 0.000000
vn 0.707100 0.707100 0.000000
vn -0.707100 -0.707100 0.000000
vn 0.000000 -1.000000 0.000000
vn 0.000000 1.000000 0.000000
vn -0.707100 0.707100 0.000000
vn 0.000000 0.707100 0.707100
vn -0.904500 0.301500 0.301500
vn 0.000000 -1.000000 0.000000
vn 0.707100 -0.707100 0.000000
vn 0.000000 1.000000 0.000000
vn 0.000000 0.707100 0.707100
vn 0.707100 0.707100 0.000000
vn 0.904500 0.301500 0.301500
vn -0.707100 0.000000 0.707100
vn -0.707100 0.000000 -0.707100
vn 0.707100 0.000000 -0.707100
vn 0.707100 0.000000 0.707100
vn 0.000000 0.000000 1.000000
vn -0.707100 0.000000 0.707100
vn -0.707100 0.000000 -0.707100
vn 0.000000 0.000000 -1.000000
vn 0.000000 0.000000 1.000000
vn 0.707100 0.000000 0.707100
vn 0.000000 0.000000 -1.000000
vn 0.707100 0.000000 -0.707100
vn -0.707100 0.000000 0.707100
vn -0.707100 0.000000 -0.707100
vn 0.707100 0.000000 -0.707100
vn 0.707100 0.000000 0.707100
vn 0.000000 0.000000 1.000000
vn -0.707100 0.000000 0.707100
vn -0.707100 0.000000 -0.707100
vn 0.000000 0.000000 -1.000000
vn -0.904500 -0.301500 -0.301500
vn 0.000000 -0.707100 -0.707100
vn 0.000000 0.000000 1.000000
vn 0.707100 0.000000 0.707100
vn 0.000000 0.000000 -1.000000
vn 0.707100 0.000000 -0.707100
vn 0.000000 -0.707100 -0.707100
vn 0.904500 -0.301500 -0.301500
vn -0.707100 0.707100 0.000000
vn -0.707100 -0.707100 0.000000
vn 0.707100 -0.707100 0.000000
vn 0.707100 0.707100 0.000000
vn -0.707100 -0.707100 0.000000
vn 0.000000 -1.000000 0.000000
vn 0.000000 1.000000 0.000000
vn -0.707100 0.707100 0.000000
vn 0.000000 -1.000000 0.000000
vn 0.707100 -0.707100 0.000000
vn 0.000000 1.000000 0.000000
vn 0.707100 0.707100 0.000000
vn -0.707100 0.707100 0.000000
vn -0.707100 -0.707100 0.000000
vn -0.707100 0.707100 0.000000
vn -0.904500 -0.301500 0.301500
vn 0.707100 -0.707100 0.000000
vn 0.707100 0.707100 0.000000
vn 0.904500 -0.301500 0.301500
vn 0.707100 0.707100 0.000000
vn -0.707100 -0.707100 0.000000
vn 0.000000 -1.000000 0.000000
vn -0.904500 -0.301500 0.301500
vn 0.000000 -0.707100 0.707100
vn 0.000000 1.000000 0.000000
vn -0.707100 0.707100 0.000000
vn 0.000000 1.000000 0.000000
vn -0.707100 0.707100 0.000000
vn 0.000000 -1.000000 0.000000
vn 0.707100 -0.707100 0.000000
vn 0.000000 -0.707100 0.707100
vn 0.904500 -0.301500 0.301500
vn 0.000000 1.000000 0.000000
vn 0.000000 1.000000 0.000000
vn 0.707100 0.707100 0.000000
vn 0.707100 0.707100 0.000000
vn -0.707100 0.000000 -0.707100
vn 0.000000 0.000000 -1.000000
vn 0.000000 0.000000 1.000000
vn -0.707100 0.000000 0.707100
vn 0.000000 0.000000 -1.000000
vn 0.707100 0.000000 -0.707100
vn 0.000000 0.000000 1.000000
vn 0.707100 0.000000 0.707100
vn -0.577300 -0.577300 -0.577300
vn -0.707100 0.000000 -0.707100
vn 0.000000 0.000000 -1.000000
vn 0.000000 -0.707100 -0.707100
vn 0.000000 -0.707100 0.707100
vn 0.000000 0.000000 1.000000
vn -0.707100 0.000000 0.707100
vn -0.577300 -0.577300 0.577300
vn 0.000000 -0.707100 -0.707100
vn 0.000000 0.000000 -1.000000
vn 0.707100 0.000000 -0.707100
vn 0.577300 -0.577300 -0.577300
vn 0.000000 -0.707100 0.707100
vn 0.000000 0.000000 1.000000
vn 0.577300 -0.577300 0.577300
vn 0.707100 0.000000 0.707100
vn 1.000000 0.000000 0.000000
vn 0.707100 0.000000 -0.707100
vn 0.577300 0.577300 -0.577300
vn 0.707100 0.707100 0.000000
vn -0.707100 0.000000 -0.707100
vn -1.000000 0.000000 0.000000
vn -0.707100 0.707100 0.000000
vn -0.577300 0.577300 -0.577300
vn 0.000000 1.000000 0.000000
vn -0.707100 0.707100 0.000000
vn -0.707100 -0.707100 0.000000
vn -0.577300 -0.577300 -0.577300
vn 0.000000 -0.707100 -0.707100
vn 0.000000 -1.000000 0.000000
vn 0.000000 1.000000 0.000000
vn 0.707100 0.707100 0.000000
vn 0.000000 -1.000000 0.000000
vn 0.000000 -0.707100 -0.707100
vn 0.577300 -0.577300 -0.577300
vn 0.707100 -0.707100 0.000000
vn 1.000000 0.000000 0.000000
vn 0.707100 0.000000 -0.707100
vn -0.707100 0.000000 -0.707100
vn -1.000000 0.000000 0.000000
vn 1.000000 0.000000 0.000000
vn 0.707100 0.000000 -0.707100
vn 0.707100 -0.707100 0.000000
vn 0.577300 -0.577300 -0.577300
vn -1.000000 0.000000 0.000000
vn -0.707100 0.000000 -0.707100
vn -0.577300 -0.577300 -0.577300
vn -0.707100 -0.707100 0.000000
vn 1.000000 0.000000 0.000000
vn 0.707100 0.707100 0.000000
vn -1.000000 0.000000 0.000000
vn -0.707100 0.707100 0.000000
vn 0.000000 1.000000 0.000000
vn -0.707100 0.707100 0.000000
vn -0.707100 -0.707100 0.000000
vn 0.000000 -1.000000 0.000000
vn 0.000000 1.000000 0.000000
vn 0.707100 0.707100 0.000000
vn 0.000000 -1.000000 0.000000
vn 0.707100 -0.707100 0.000000
vn 0.707100 0.000000 0.707100
vn 1.000000 0.000000 0.000000
vn -1.000000 0.000000 0.000000
vn -0.707100 0.000000 0.707100
vn 0.707100 0.000000 0.707100
vn 1.000000 0.000000 0.000000
vn 0.577300 -0.577300 0.577300
vn 0.707100 -0.707100 0.000000
vn -0.707100 0.000000 0.707100
vn -1.000000 0.000000 0.000000
vn -0.707100 -0.707100 0.000000
vn -0.577300 -0.577300 0.577300
vn 0.686600 0.686800 0.238500
vn 0.596200 0.596400 -0.537400
vn 0.000100 0.843500 -0.537000
vn 0.000000 0.971200 0.238400
vn 0.970900 0.000000 0.239200
vn 0.843800 0.000000 -0.536600
vn 0.686500 -0.686700 0.238800
vn 0.596200 -0.596400 -0.537300
vn 0.000000 -0.971100 0.238400
vn -0.000100 -0.843300 -0.537500
vn -0.686500 -0.686700 0.239100
vn -0.596300 -0.596500 -0.537200
vn -0.970900 0.000000 0.239300
vn -0.843800 0.000000 -0.536600
vn -0.686500 0.686600 0.239000
vn -0.596400 0.596500 -0.537000
vn 0.686900 0.687000 0.236900
vn -0.000100 0.971600 0.236600
vn 0.971400 0.000000 0.237300
vn 0.687000 -0.686800 0.237200
vn 0.000000 -0.971400 0.237200
vn -0.686900 -0.686900 0.237300
vn -0.971400 0.000000 0.237300
vn -0.687000 0.686900 0.237000
vn -0.707100 0.707100 0.000000
vn -0.707100 0.707100 0.000000
vn 0.000000 1.000000 0.000000
vn 0.000000 1.000000 0.000000
vn -0.420300 0.420200 -0.804200
vn 0.000100 0.594400 -0.804100
vn -1.000000 0.000000 0.000000
vn -1.000000 0.000000 0.000000
vn -0.594500 0.000000 -0.804100
vn -0.707100 -0.707100 0.000000
vn -0.707100 -0.707100 0.000000
vn -0.420300 -0.420200 -0.804200
vn 0.000000 -1.000000 0.000000
vn 0.000000 -1.000000 0.000000
vn -0.000100 -0.594400 -0.804100
vn 0.707100 -0.707100 0.000000
vn 0.707100 -0.707100 0.000000
vn 0.420300 -0.420200 -0.804200
vn 1.000000 0.000000 0.000000
vn 1.000000 0.000000 0.000000
vn 0.594500 0.000000 -0.804100
vn 0.707100 0.707100 0.000000
vn 0.707100 0.707100 0.000000
vn 0.420300 0.420200 -0.804200
vn 0.000100 0.000000 -1.000000
vn 0.000000 0.000000 -1.000000
vn 0.000100 0.000000 -1.000000
vn 0.000000 0.000000 -1.000000
vn -0.000100 0.000000 -1.000000
vn 0.000000 0.000000 -1.000000
vn -0.000100 0.000000 -1.000000
vn 0.000000 0.000000 -1.000000
vn 0.000000 0.000000 -1.000000
vn 0.000000 0.000000 -1.000000
vn 0.000000 0.000000 -1.000000
vn 0.000000 0.000000 -1.000000
vn 0.000000 0.000000 -1.000000
vn 0.000000 0.000000 -1.000000
vn 0.000000 0.000000 -1.000000
vn 0.000000 0.000000 -1.000000
vn -0.000000 0.971600 0.236400
vn -0.000000 0.842100 -0.539300
vn -0.595700 0.595800 -0.538700
vn -0.686800 0.686800 0.237600
vn -0.843500 0.000100 -0.537100
vn -0.971000 0.000000 0.238800
vn -0.596100 -0.596100 -0.537900
vn -0.686700 -0.686700 0.238500
vn 0.000100 -0.842800 -0.538100
vn 0.000100 -0.971300 0.237600
vn 0.595900 -0.596000 -0.538200
vn 0.686800 -0.686700 0.238200
vn 0.843500 0.000000 -0.537100
vn 0.971000 0.000000 0.238800
vn 0.595500 0.595600 -0.539000
vn 0.686900 0.686900 0.237400
vn 0.000000 0.971300 0.238000
vn -0.686800 0.686800 0.237600
vn -0.971400 0.000000 0.237300
vn -0.686800 -0.686900 0.237500
vn 0.000000 -0.971300 0.237800
vn 0.686900 -0.686800 0.237500
vn 0.971400 0.000000 0.237300
vn 0.686800 0.686800 0.237800
vn -0.420200 0.420200 -0.804200
vn 0.000000 0.000000 -1.000000
vn 0.000000 0.000000 -1.000000
vn -0.000000 0.594400 -0.804100
vn -0.594300 0.000000 -0.804200
vn 0.000000 0.000000 -1.000000
vn -0.420300 -0.420200 -0.804200
vn -0.000100 0.000000 -1.000000
vn 0.000000 -0.594400 -0.804100
vn 0.000000 0.000000 -1.000000
vn 0.420300 -0.420200 -0.804200
vn 0.000000 0.000000 -1.000000
vn 0.594400 0.000000 -0.804200
vn 0.000000 0.000000 -1.000000
vn 0.420300 0.420200 -0.804200
vn 0.000100 0.000000 -1.000000
vn 0.000100 0.000000 -1.000000
vn 0.000000 0.000000 -1.000000
vn 0.000100 0.000000 -1.000000
vn 0.000000 0.000000 -1.000000
vn 0.000000 0.000000 -1.000000
vn -0.000100 0.000000 -1.000000
vn -0.000100 0.000000 -1.000000
vn 0.000000 0.000000 -1.000000
vn 0.000000 1.000000 0.000000
vn 0.000000 1.000000 0.000000
vn 0.707100 0.707100 0.000000
vn 0.707100 0.707100 0.000000
vn 1.000000 0.000000 0.000000
vn 1.000000 0.000000 0.000000
vn 0.707100 -0.707100 0.000000
vn 0.707100 -0.707100 0.000000
vn 0.000000 -1.000000 0.000000
vn 0.000000 -1.000000 0.000000
vn -0.707100 -0.707100 0.000000
vn -0.707100 -0.707100 0.000000
vn -1.000000 0.000000 0.000000
vn -1.000000 0.000000 0.000000
vn -0.707100 0.707100 0.000000
vn -0.707100 0.707100 0.000000
vn -0.707000 0.707100 0.000000
vn -0.420300 0.420300 -0.804200
vn -0.000000 0.594400 -0.804100
vn 0.000000 1.000000 0.000000
vn -0.707000 0.707100 0.000000
vn 0.000000 1.000000 0.000000
vn -1.000000 0.000000 0.000000
vn -0.594300 0.000000 -0.804200
vn -1.000000 0.000000 0.000000
vn -0.707000 -0.707100 0.000000
vn -0.420300 -0.420300 -0.804200
vn -0.707000 -0.707100 0.000000
vn 0.000000 -1.000000 0.000000
vn 0.000000 -0.594400 -0.804100
vn 0.000000 -1.000000 0.000000
vn 0.707000 -0.707100 0.000000
vn 0.420300 -0.420300 -0.804200
vn 0.707000 -0.707100 0.000000
vn 1.000000 0.000000 0.000000
vn 0.594300 0.000000 -0.804200
vn 1.000000 0.000000 0.000000
vn 0.707000 0.707100 0.000000
vn 0.420300 0.420300 -0.804200
vn 0.707000 0.707100 0.000000
vn 0.000000 0.000000 -1.000000
vn -0.000100 0.844200 -0.536100
vn 0.596100 0.596200 -0.537600
vn 0.000000 0.000000 -1.000000
vn 0.000000 0.000000 -1.000000
vn 0.000100 0.000000 -1.000000
vn 0.842600 0.000000 -0.538500
vn -0.000100 0.000000 -1.000000
vn 0.000000 0.000000 -1.000000
vn 0.595900 -0.596100 -0.538000
vn -0.000100 0.000000 -1.000000
vn 0.000000 0.000000 -1.000000
vn 0.000000 -0.843300 -0.537300
vn 0.000000 0.000000 -1.000000
vn 0.000000 0.000000 -1.000000
vn -0.595800 -0.596100 -0.538200
vn 0.000000 0.000000 -1.000000
vn -0.000100 0.000000 -1.000000
vn -0.842800 0.000100 -0.538200
vn 0.000100 0.000000 -1.000000
vn 0.000000 0.000000 -1.000000
vn -0.596100 0.596300 -0.537700
vn 0.000100 0.000000 -1.000000
vn 0.000000 0.000000 -1.000000
vn 0.686600 0.686700 0.238600
vn 0.686900 0.686200 0.239100
vn -0.000100 0.970700 0.240300
vn 0.000000 0.971100 0.238700
vn 0.525500 0.525600 0.669000
vn 0.000000 0.743300 0.668900
vn 0.971200 0.000000 0.238100
vn 0.971300 0.000000 0.237900
vn 0.743500 0.000000 0.668800
vn 0.686700 -0.686800 0.238000
vn 0.687000 -0.686400 0.238600
vn 0.525700 -0.525800 0.668600
vn 0.000000 -0.971300 0.237800
vn 0.000000 -0.971100 0.238500
vn -0.000000 -0.743600 0.668600
vn -0.686700 -0.686800 0.237900
vn -0.686900 -0.686500 0.238300
vn -0.525700 -0.525800 0.668700
vn -0.971200 -0.000000 0.238200
vn -0.971200 -0.000000 0.238200
vn -0.743500 0.000000 0.668800
vn -0.686700 0.686800 0.238300
vn -0.686900 0.686300 0.238900
vn -0.525600 0.525700 0.668800
vn 0.000000 0.000000 -1.000000
vn 0.000000 0.000000 -1.000000
vn 0.000100 0.000000 -1.000000
vn 0.000000 0.000000 -1.000000
vn -0.420300 0.420300 -0.804100
vn 0.000100 0.594400 -0.804100
vn 0.000000 0.000000 -1.000000
vn -0.000100 0.000000 -1.000000
vn -0.594400 0.000000 -0.804100
vn 0.000000 0.000000 -1.000000
vn 0.000000 0.000000 -1.000000
vn -0.420300 -0.420300 -0.804200
vn 0.000000 0.000000 -1.000000
vn -0.000100 0.000000 -1.000000
vn -0.000100 -0.594400 -0.804100
vn 0.000000 0.000000 -1.000000
vn 0.000000 0.000000 -1.000000
vn 0.420300 -0.420300 -0.804100
vn 0.000000 0.000000 -1.000000
vn 0.000100 0.000000 -1.000000
vn 0.594400 0.000000 -0.804100
vn 0.000000 0.000000 -1.000000
vn 0.000000 0.000000 -1.000000
vn 0.420300 0.420300 -0.804200
vn -0.595800 0.596400 -0.537800
vn 0.000000 0.843100 -0.537700
vn -0.843500 0.000000 -0.537100
vn -0.595500 -0.596200 -0.538300
vn -0.000200 -0.842300 -0.538900
vn 0.595700 -0.596300 -0.538100
vn 0.843300 0.000000 -0.537500
vn 0.596000 0.596500 -0.537600
vn 0.000000 1.000000 0.000000
vn 0.707100 0.707100 0.000000
vn 0.000000 1.000000 0.000000
vn 0.707100 0.707100 0.000000
vn 1.000000 0.000000 0.000000
vn 1.000000 0.000000 0.000000
vn 0.707100 -0.707100 0.000000
vn 0.707100 -0.707100 0.000000
vn 0.000000 -1.000000 0.000000
vn 0.000000 -1.000000 0.000000
vn -0.707100 -0.707100 0.000000
vn -0.707000 -0.707100 0.000000
vn -1.000000 0.000000 0.000000
vn -1.000000 0.000000 0.000000
vn -0.707100 0.707100 0.000000
vn -0.707000 0.707100 0.000000
vn -0.000100 0.971500 0.237100
vn -0.000000 0.971200 0.238300
vn -0.686800 0.686600 0.238400
vn -0.686800 0.687000 0.237300
vn -0.000100 0.743900 0.668200
vn -0.526200 0.526000 0.668100
vn -0.971000 0.000000 0.239100
vn -0.971300 0.000000 0.237600
vn -0.743800 0.000000 0.668400
vn -0.686800 -0.686800 0.238000
vn -0.686800 -0.687000 0.237300
vn -0.526100 -0.526100 0.668100
vn 0.000000 -0.971500 0.237100
vn 0.000000 -0.971600 0.236700
vn 0.000100 -0.744300 0.667800
vn 0.686800 -0.686700 0.238100
vn 0.686800 -0.687000 0.237200
vn 0.526200 -0.526000 0.668100
vn 0.971100 0.000000 0.238700
vn 0.971300 0.000000 0.237600
vn 0.743800 0.000000 0.668400
vn 0.686800 0.686500 0.238700
vn 0.686800 0.687000 0.237400
vn 0.526000 0.526000 0.668300
vn -1.000000 0.000000 0.000000
vn -1.000000 0.000000 0.000000
vn -1.000000 0.000000 0.000000
vn -1.000000 0.000000 0.000000
vn -0.707100 0.000000 0.707100
vn -0.707100 0.000000 0.707100
vn -0.707100 -0.707100 0.000000
vn -0.707100 -0.707100 0.000000
vn -0.577300 -0.577300 0.577300
vn 0.707100 -0.707100 0.000000
vn 0.707100 -0.707100 0.000000
vn 1.000000 0.000000 0.000000
vn 1.000000 0.000000 0.000000
vn 0.577300 -0.577300 0.577300
vn 0.707100 0.000000 0.707100
vn 1.000000 0.000000 0.000000
vn 1.000000 0.000000 0.000000
vn 0.707100 0.000000 0.707100
vn -1.000000 0.000000 0.000000
vn -1.000000 0.000000 0.000000
vn -0.904500 -0.301500 0.301500
vn 1.000000 0.000000 0.000000
vn 1.000000 0.000000 0.000000
vn 0.904500 -0.301500 0.301500
vn 0.000000 -1.000000 0.000000
vn 0.000000 -1.000000 0.000000
vn 0.000000 -1.000000 0.000000
vn 0.000000 -1.000000 0.000000
vn 0.000000 -0.707100 0.707100
vn 0.000000 -0.707100 0.707100
vn 0.707100 -0.707100 0.000000
vn 0.707100 -0.707100 0.000000
vn 0.577300 -0.577300 0.577300
vn 0.707100 0.707100 0.000000
vn 0.707100 0.707100 0.000000
vn 0.000000 1.000000 0.000000
vn 0.000000 1.000000 0.000000
vn 0.707100 0.707100 0.000000
vn 0.000000 1.000000 0.000000
vn 0.000000 1.000000 0.000000
vn 0.000000 1.000000 0.000000
vn 0.000000 1.000000 0.000000
vn -0.707100 -0.707100 0.000000
vn -0.707100 -0.707100 0.000000
vn -0.577300 -0.577300 0.577300
vn -0.707100 0.707100 0.000000
vn -0.707100 0.707100 0.000000
vn -0.707100 0.707100 0.000000
vn -0.707100 0.707100 0.000000
vn -0.707100 0.707100 0.000000
vn -0.707100 0.707100 0.000000
vn 0.707100 0.707100 0.000000
vn 0.707100 0.707100 0.000000
vn 0.707100 0.707100 0.000000
vn -0.707100 0.000000 -0.707100
vn -0.707100 0.000000 -0.707100
vn -0.577300 -0.577300 -0.577300
vn 0.577300 -0.577300 -0.577300
vn 0.707100 0.000000 -0.707100
vn 0.707100 0.000000 -0.707100
vn -0.707100 0.000000 -0.707100
vn 0.707100 0.000000 -0.707100
vn 0.000000 -0.707100 -0.707100
vn 0.000000 -0.707100 -0.707100
vn 0.577300 -0.577300 -0.577300
vn 0.577300 0.577300 -0.577300
vn 0.000000 0.707100 -0.707100
vn 0.000000 0.707100 -0.707100
vn -0.577300 -0.577300 -0.577300
vn -0.577300 0.577300 -0.577300
vn -0.577300 0.577300 -0.577300
vn 0.577300 0.577300 -0.577300
vn 0.707100 0.000000 0.707100
vn 0.707100 0.000000 0.707100
vn 0.000000 0.000000 1.000000
vn 0.000000 0.000000 1.000000
vn 0.000000 0.000000 1.000000
vn 0.000000 0.000000 1.000000
vn 0.000000 0.000000 -1.000000
vn 0.000000 0.000000 -1.000000
vn 0.000000 0.000000 -1.000000
vn 0.000000 0.000000 -1.000000
vn 0.000000 -0.707100 -0.707100
vn 0.000000 -0.707100 -0.707100
vn 0.707100 0.000000 -0.707100
vn 0.707100 0.000000 -0.707100
vn 0.577300 -0.577300 -0.577300
vn -0.707100 0.000000 0.707100
vn -0.707100 0.000000 0.707100
vn -0.707100 0.000000 -0.707100
vn -0.707100 0.000000 -0.707100
vn -0.577300 -0.577300 -0.577300
vn 0.904500 -0.301500 0.301500
vn 0.000000 -0.707100 0.707100
vn 0.000000 -0.707100 0.707100
vn 0.000000 0.000000 -1.000000
vn 0.000000 0.000000 -1.000000
vn 0.707100 0.000000 -0.707100
vn -0.904500 -0.301500 0.301500
vn -0.707100 0.000000 -0.707100
vn 0.707100 0.707100 0.000000
vn 0.000000 1.000000 0.000000
vn 0.707100 0.707100 0.000000
vn 0.000000 1.000000 0.000000
vn 0.000000 1.000000 0.000000
vn 0.000000 1.000000 0.000000
vn 0.000000 -1.000000 0.000000
vn 0.000000 -1.000000 0.000000
vn 0.000000 -1.000000 0.000000
vn 0.000000 -1.000000 0.000000
vn 0.707100 -0.707100 0.000000
vn 0.707100 -0.707100 0.000000
vn -0.707100 0.707100 0.000000
vn -0.707100 0.707100 0.000000
vn -0.707100 -0.707100 0.000000
vn -0.707100 -0.707100 0.000000
vn 0.707100 -0.707100 0.000000
vn 0.707100 0.707100 0.000000
vn 0.707100 -0.707100 0.000000
vn 0.707100 0.707100 0.000000
vn -0.707100 0.707100 0.000000
vn -0.707100 -0.707100 0.000000
vn -0.707100 0.707100 0.000000
vn -0.707100 -0.707100 0.000000
vn 0.707100 0.707100 0.000000
vn 0.000000 1.000000 0.000000
vn 0.000000 1.000000 0.000000
vn 0.000000 -0.707100 -0.707100
vn 0.000000 -0.707100 -0.707100
vn 0.904500 -0.301500 -0.301500
vn -0.707100 0.707100 0.000000
vn -0.904500 -0.301500 -0.301500
vn 0.904500 -0.301500 -0.301500
vn 0.707100 0.707100 0.000000
vn -0.707100 0.707100 0.000000
vn -0.904500 -0.301500 -0.301500
vn 0.000000 0.000000 -1.000000
vn 0.000000 0.000000 -1.000000
vn 0.000000 0.000000 -1.000000
vn 0.000000 0.000000 -1.000000
vn 0.707100 0.000000 -0.707100
vn 0.707100 0.000000 -0.707100
vn 0.707100 0.000000 0.707100
vn 0.707100 0.000000 0.707100
vn 0.000000 0.000000 1.000000
vn 0.000000 0.000000 1.000000
vn 0.707100 0.000000 0.707100
vn 0.000000 0.000000 1.000000
vn 0.000000 0.000000 1.000000
vn 0.000000 0.000000 1.000000
vn 0.000000 0.000000 1.000000
vn -0.707100 0.000000 -0.707100
vn -0.707100 0.000000 -0.707100
vn -0.707100 0.000000 0.707100
vn -0.707100 0.000000 0.707100
vn -0.707100 0.000000 0.707100
vn 0.707100 0.000000 -0.707100
vn 0.707100 0.000000 0.707100
vn 0.707100 0.000000 0.707100
vn 0.707100 0.000000 -0.707100
vn 0.707100 0.000000 0.707100
vn -0.707100 0.000000 0.707100
vn -0.707100 0.000000 0.707100
vn -0.707100 0.000000 -0.707100
vn -0.707100 0.000000 0.707100
vn -0.707100 0.000000 -0.707100
vn 0.000000 0.000000 -1.000000
vn 0.000000 0.000000 -1.000000
vn 0.707100 0.000000 -0.707100
vn 0.904500 0.301500 0.301500
vn 0.000000 0.707100 0.707100
vn 0.000000 0.707100 0.707100
vn -0.707100 0.000000 -0.707100
vn -0.904500 0.301500 0.301500
vn 0.707100 0.000000 -0.707100
vn 0.904500 0.301500 0.301500
vn -0.904500 0.301500 0.301500
vn -0.707100 0.000000 -0.707100
vn 0.707100 0.707100 0.000000
vn 0.000000 1.000000 0.000000
vn 0.707100 0.707100 0.000000
vn 0.000000 1.000000 0.000000
vn 0.000000 1.000000 0.000000
vn 0.000000 1.000000 0.000000
vn 0.000000 -1.000000 0.000000
vn 0.000000 -1.000000 0.000000
vn 0.000000 -1.000000 0.000000
vn 0.000000 -1.000000 0.000000
vn 0.000000 -1.000000 0.000000
vn 0.000000 -1.000000 0.000000
vn 0.707100 -0.707100 0.000000
vn 0.707100 -0.707100 0.000000
vn 0.707100 -0.707100 0.000000
vn -0.707100 0.707100 0.000000
vn -0.707100 0.707100 0.000000
vn -0.707100 -0.707100 0.000000
vn -0.707100 -0.707100 0.000000
vn -0.707100 -0.707100 0.000000
vn 0.707100 -0.707100 0.000000
vn 0.707100 -0.707100 0.000000
vn 0.707100 0.707100 0.000000
vn 0.707100 -0.707100 0.000000
vn 0.707100 0.707100 0.000000
vn -0.707100 0.707100 0.000000
vn -0.707100 -0.707100 0.000000
vn -0.707100 -0.707100 0.000000
vn -0.707100 0.707100 0.000000
vn -0.707100 -0.707100 0.000000
vn 0.904500 0.301500 -0.301500
vn 0.000000 0.707100 -0.707100
vn 0.000000 0.707100 -0.707100
vn 0.000000 -1.000000 0.000000
vn 0.000000 -1.000000 0.000000
vn 0.707100 -0.707100 0.000000
vn -0.904500 0.301500 -0.301500
vn -0.707100 -0.707100 0.000000
vn 0.707100 -0.707100 0.000000
vn 0.904500 0.301500 -0.301500
vn -0.904500 0.301500 -0.301500
vn -0.707100 -0.707100 0.000000
vn 0.707100 0.000000 0.707100
vn 0.707100 0.000000 0.707100
vn 0.000000 0.000000 1.000000
vn 0.000000 0.000000 1.000000
vn 0.707100 0.000000 0.707100
vn 0.000000 0.000000 1.000000
vn 0.000000 0.000000 1.000000
vn 0.000000 0.000000 1.000000
vn 0.000000 0.000000 1.000000
vn 0.000000 0.000000 -1.000000
vn 0.000000 0.000000 -1.000000
vn 0.000000 0.000000 -1.000000
vn 0.000000 0.000000 -1.000000
vn 0.707100 0.000000 -0.707100
vn 0.707100 0.000000 -0.707100
vn -0.707100 0.000000 0.707100
vn -0.707100 0.000000 0.707100
vn -0.707100 0.000000 0.707100
vn -0.707100 0.000000 -0.707100
vn -0.707100 0.000000 -0.707100
vn -0.707100 0.000000 0.707100
vn -0.707100 0.000000 0.707100
vn -0.707100 0.000000 -0.707100
vn -0.707100 0.000000 -0.707100
vn -0.707100 0.000000 0.707100
vn 0.707100 0.000000 -0.707100
vn 0.707100 0.000000 -0.707100
vn 0.707100 0.000000 0.707100
vn 0.707100 0.000000 0.707100
vn 0.707100 0.000000 0.707100
vn 0.904500 -0.301500 0.301500
vn 0.000000 -0.707100 0.707100
vn 0.000000 -0.707100 0.707100
vn 0.000000 0.000000 -1.000000
vn 0.000000 0.000000 -1.000000
vn 0.707100 0.000000 -0.707100
vn -0.904500 -0.301500 0.301500
vn -0.707100 0.000000 -0.707100
vn -0.904500 -0.301500 0.301500
vn -0.707100 0.000000 -0.707100
vn 0.707100 0.000000 -0.707100
vn 0.904500 -0.301500 0.301500
vn 0.000000 -1.000000 0.000000
vn 0.000000 -1.000000 0.000000
vn 0.000000 -1.000000 0.000000
vn 0.000000 -1.000000 0.000000
vn 0.707100 -0.707100 0.000000
vn 0.707100 -0.707100 0.000000
vn 0.707100 0.707100 0.000000
vn 0.707100 0.707100 0.000000
vn 0.000000 1.000000 0.000000
vn 0.000000 1.000000 0.000000
vn 0.707100 0.707100 0.000000
vn 0.000000 1.000000 0.000000
vn 0.000000 1.000000 0.000000
vn 0.000000 1.000000 0.000000
vn 0.000000 1.000000 0.000000
vn -0.707100 -0.707100 0.000000
vn -0.707100 -0.707100 0.000000
vn -0.707100 0.707100 0.000000
vn -0.707100 0.707100 0.000000
vn -0.707100 0.707100 0.000000
vn -0.707100 0.707100 0.000000
vn -0.707100 0.707100 0.000000
vn -0.707100 -0.707100 0.000000
vn -0.707100 0.707100 0.000000
vn -0.707100 -0.707100 0.000000
vn 0.707100 -0.707100 0.000000
vn 0.707100 0.707100 0.000000
vn 0.707100 0.707100 0.000000
vn 0.707100 -0.707100 0.000000
vn 0.707100 0.707100 0.000000
vn 0.000000 -0.707100 -0.707100
vn 0.000000 -0.707100 -0.707100
vn 0.904500 -0.301500 -0.301500
vn 0.707100 0.707100 0.000000
vn 0.000000 1.000000 0.000000
vn 0.000000 1.000000 0.000000
vn -0.904500 -0.301500 -0.301500
vn -0.707100 0.707100 0.000000
vn -0.707100 0.707100 0.000000
vn -0.904500 -0.301500 -0.301500
vn 0.904500 -0.301500 -0.301500
vn 0.707100 0.707100 0.000000
vn 0.707100 0.000000 0.707100
vn 0.707100 0.000000 0.707100
vn 0.000000 0.000000 1.000000
vn 0.000000 0.000000 1.000000
vn 0.707100 0.000000 0.707100
vn 0.000000 0.000000 1.000000
vn 0.000000 0.000000 1.000000
vn 0.000000 0.000000 1.000000
vn 0.000000 0.000000 1.000000
vn 0.000000 0.000000 -1.000000
vn 0.000000 0.000000 -1.000000
vn 0.000000 0.000000 -1.000000
vn 0.000000 0.000000 -1.000000
vn 0.707100 0.000000 -0.707100
vn 0.707100 0.000000 -0.707100
vn -0.707100 0.000000 0.707100
vn -0.707100 0.000000 0.707100
vn -0.707100 0.000000 0.707100
vn -0.707100 0.000000 -0.707100
vn -0.707100 0.000000 -0.707100
vn -0.707100 0.000000 0.707100
vn -0.707100 0.000000 0.707100
vn -0.707100 0.000000 -0.707100
vn -0.707100 0.000000 0.707100
vn -0.707100 0.000000 -0.707100
vn 0.707100 0.000000 -0.707100
vn 0.707100 0.000000 0.707100
vn 0.707100 0.000000 0.707100
vn 0.707100 0.000000 -0.707100
vn 0.707100 0.000000 0.707100
vn 0.000000 -1.000000 0.000000
vn 0.000000 -1.000000 0.000000
vn 0.000000 -1.000000 0.000000
vn 0.000000 -1.000000 0.000000
vn 0.000000 -1.000000 0.000000
vn 0.000000 -1.000000 0.000000
vn 0.707100 -0.707100 0.000000
vn 0.707100 -0.707100 0.000000
vn 0.707100 -0.707100 0.000000
vn 0.707100 0.707100 0.000000
vn 0.904500 0.301500 0.301500
vn 0.000000 0.707100 0.707100
vn 0.000000 1.000000 0.000000
vn 0.707100 0.707100 0.000000
vn 0.000000 1.000000 0.000000
vn 0.000000 0.707100 0.707100
vn 0.000000 1.000000 0.000000
vn 0.000000 1.000000 0.000000
vn -0.707100 -0.707100 0.000000
vn -0.707100 -0.707100 0.000000
vn -0.707100 -0.707100 0.000000
vn -0.904500 0.301500 0.301500
vn -0.707100 0.707100 0.000000
vn -0.707100 0.707100 0.000000
vn -0.707100 0.707100 0.000000
vn -0.904500 0.301500 0.301500
vn -0.707100 -0.707100 0.000000
vn -0.707100 -0.707100 0.000000
vn -0.707100 0.707100 0.000000
vn -0.707100 -0.707100 0.000000
vn 0.707100 -0.707100 0.000000
vn 0.707100 -0.707100 0.000000
vn 0.904500 0.301500 0.301500
vn 0.707100 0.707100 0.000000
vn 0.707100 -0.707100 0.000000
vn 0.707100 0.707100 0.000000
vn 0.000000 -1.000000 0.000000
vn 0.000000 -1.000000 0.000000
vn 0.707100 -0.707100 0.000000
vn 0.904500 0.301500 -0.301500
vn 0.000000 0.707100 -0.707100
vn 0.000000 0.707100 -0.707100
vn -0.707100 -0.707100 0.000000
vn -0.904500 0.301500 -0.301500
vn -0.904500 0.301500 -0.301500
vn -0.707100 -0.707100 0.000000
vn 0.707100 -0.707100 0.000000
vn 0.904500 0.301500 -0.301500
vn 0.707100 0.000000 0.707100
vn 0.707100 0.000000 0.707100
vn 1.000000 0.000000 0.000000
vn 1.000000 0.000000 0.000000
vn 0.707100 0.000000 0.707100
vn 1.000000 0.000000 0.000000
vn 1.000000 0.000000 0.000000
vn 1.000000 0.000000 0.000000
vn 1.000000 0.000000 0.000000
vn -1.000000 0.000000 0.000000
vn -1.000000 0.000000 0.000000
vn -1.000000 0.000000 0.000000
vn -1.000000 0.000000 0.000000
vn -1.000000 0.000000 0.000000
vn -1.000000 0.000000 0.000000
vn -0.707100 0.000000 0.707100
vn -0.707100 0.000000 0.707100
vn -0.707100 0.000000 0.707100
vn 0.707100 0.000000 -0.707100
vn 0.707100 0.000000 -0.707100
vn -0.707100 0.000000 -0.707100
vn -0.707100 0.000000 -0.707100
vn 0.707100 0.000000 -0.707100
vn 0.000000 0.000000 -1.000000
vn 0.707100 0.000000 -0.707100
vn 0.000000 0.000000 -1.000000
vn 0.000000 0.000000 -1.000000
vn 0.000000 0.000000 -1.000000
vn 0.000000 0.000000 1.000000
vn 0.000000 0.000000 1.000000
vn 0.000000 0.000000 1.000000
vn 0.000000 0.000000 1.000000
vn 0.000000 0.000000 1.000000
vn 0.000000 0.000000 1.000000
vn 0.707100 0.000000 0.707100
vn 0.707100 0.000000 0.707100
vn 0.707100 0.000000 0.707100
vn -0.707100 0.000000 -0.707100
vn -0.707100 0.000000 -0.707100
vn -0.707100 0.000000 0.707100
vn -0.707100 0.000000 0.707100
vn -0.707100 0.000000 0.707100
vn 0.000000 0.000000 -1.000000
vn 0.000000 0.000000 -1.000000
vn 0.707100 0.000000 -0.707100
vn -0.707100 0.000000 -0.707100
vn -0.707100 0.000000 -0.707100
vn 0.707100 0.000000 -0.707100
vn 0.000000 -1.000000 0.000000
vn 0.000000 -1.000000 0.000000
vn 0.000000 -1.000000 0.000000
vn 0.000000 -1.000000 0.000000
vn 0.000000 -0.707100 0.707100
vn 0.000000 -0.707100 0.707100
vn 0.707100 -0.707100 0.000000
vn 0.707100 -0.707100 0.000000
vn 0.577300 -0.577300 0.577300
vn 0.707100 0.707100 0.000000
vn 0.707100 0.707100 0.000000
vn 0.000000 1.000000 0.000000
vn 0.000000 1.000000 0.000000
vn 0.577300 0.577300 0.577300
vn 0.000000 0.707100 0.707100
vn 0.000000 1.000000 0.000000
vn 0.000000 1.000000 0.000000
vn 0.000000 0.707100 0.707100
vn -0.707100 -0.707100 0.000000
vn -0.707100 -0.707100 0.000000
vn -0.577300 -0.577300 0.577300
vn -0.707100 0.707100 0.000000
vn -0.707100 0.707100 0.000000
vn -0.577300 0.577300 0.577300
vn 0.707100 0.707100 0.000000
vn 0.577300 0.577300 0.577300
vn 0.707100 0.707100 0.000000
vn -0.707100 0.707100 0.000000
vn -0.707100 0.707100 0.000000
vn -0.577300 0.577300 0.577300
vn -0.707100 -0.707100 0.000000
vn -0.577300 -0.577300 0.577300
vn -0.707100 -0.707100 0.000000
vn 0.707100 -0.707100 0.000000
vn 0.707100 -0.707100 0.000000
vn 0.577300 -0.577300 0.577300
vn 0.577300 0.577300 -0.577300
vn 0.000000 0.707100 -0.707100
vn 0.000000 0.707100 -0.707100
vn -0.577300 0.577300 -0.577300
vn 0.577300 0.577300 -0.577300
vn -0.577300 0.577300 -0.577300
vn 0.000000 0.707100 -0.707100
vn 0.577300 0.577300 -0.577300
vn 0.000000 0.707100 -0.707100
vn 0.000000 -0.707100 0.707100
vn 0.577300 -0.577300 0.577300
vn 0.000000 -0.707100 0.707100
vn 0.000000 0.707100 -0.707100
vn 0.000000 0.707100 -0.707100
vn 0.577300 0.577300 -0.577300
vn 0.000000 0.707100 0.707100
vn 0.577300 0.577300 0.577300
vn 0.000000 0.707100 0.707100
vn 0.000000 -0.707100 -0.707100
vn 0.000000 -0.707100 -0.707100
vn 0.577300 -0.577300 -0.577300
vn 0.000000 -0.707100 -0.707100
vn 0.000000 -0.707100 -0.707100
vn 0.577300 -0.577300 -0.577300
vn 0.000000 0.707100 0.707100
vn 0.000000 0.707100 0.707100
vn 0.577300 0.577300 0.577300
vn -0.577300 0.577300 -0.577300
vn -0.577300 -0.577300 0.577300
vn -0.577300 0.577300 -0.577300
vn -0.577300 0.577300 0.577300
vn -0.577300 -0.577300 -0.577300
vn -0.577300 -0.577300 -0.577300
vn -0.577300 0.577300 0.577300
vn 0.000000 0.115200 0.993300
vn -0.080000 0.080000 0.993600
vn -0.115100 0.000000 0.993300
vn -0.079900 -0.079900 0.993600
vn 0.000000 -0.115200 0.993300
vn 0.079900 -0.080000 0.993600
vn 0.115100 0.000000 0.993300
vn 0.079900 0.080000 0.993600
vn 0.000000 0.000000 1.000000
vn 0.080000 -0.079900 0.993600
vn 0.115200 0.000000 0.993300
vn 0.080000 0.079900 0.993600
vn 0.000000 0.000000 1.000000
vn -0.080000 -0.079900 0.993600
vn 0.000000 -0.115100 0.993300
vn -0.080000 0.079900 0.993600
vn -0.115200 0.000000 0.993300
vn 0.000000 0.115100 0.993300
vn 0.577300 0.577300 0.577300
vn -0.577300 0.577300 0.577300
vn 0.577300 -0.577300 -0.577300
vn -0.577300 -0.577300 -0.577300
vn 0.577300 0.577300 -0.577300
vn -0.577300 0.577300 -0.577300
vn 0.577300 -0.577300 0.577300
vn -0.577300 -0.577300 0.577300
vn -0.577300 -0.577300 -0.577300
vn 0.577300 -0.577300 -0.577300
vn -0.577300 0.577300 0.577300
vn 0.577300 0.577300 0.577300
vt 0.758600 0.897700
vt 0.758600 0.892400
vt 0.763200 0.892400
vt 0.763200 0.897700
vt 0.754100 0.809500
vt 0.753900 0.804300
vt 0.758400 0.804100
vt 0.758600 0.809400
vt 0.758500 0.856600
vt 0.763100 0.856600
vt 0.763100 0.860300
vt 0.758500 0.860300
vt 0.760000 0.845100
vt 0.755400 0.845300
vt 0.755300 0.841600
vt 0.759800 0.841400
vt 0.731700 0.846200
vt 0.727200 0.846400
vt 0.727000 0.842700
vt 0.731600 0.842500
vt 0.730200 0.856700
vt 0.734800 0.856600
vt 0.734800 0.860400
vt 0.730200 0.860400
vt 0.725800 0.810700
vt 0.725600 0.805400
vt 0.730100 0.805300
vt 0.730300 0.810500
vt 0.730300 0.897500
vt 0.730300 0.892300
vt 0.734800 0.892300
vt 0.734800 0.897500
vt 0.695200 0.847600
vt 0.690600 0.847800
vt 0.690500 0.844100
vt 0.695000 0.843900
vt 0.693900 0.856700
vt 0.698400 0.856700
vt 0.698400 0.860400
vt 0.693900 0.860400
vt 0.689200 0.812100
vt 0.689000 0.806900
vt 0.693600 0.806700
vt 0.693800 0.811900
vt 0.693800 0.897500
vt 0.693800 0.892300
vt 0.698300 0.892300
vt 0.698300 0.897500
vt 0.574100 0.756200
vt 0.575000 0.757300
vt 0.572300 0.758800
vt 0.572900 0.757000
vt 0.571500 0.756900
vt 0.568700 0.759200
vt 0.569900 0.755700
vt 0.571700 0.755500
vt 0.572800 0.754500
vt 0.571900 0.753400
vt 0.574600 0.751900
vt 0.574000 0.753700
vt 0.575400 0.753800
vt 0.578200 0.751500
vt 0.575200 0.755200
vt 0.577000 0.755000
vt 0.573500 0.755300
vt 0.580400 0.806500
vt 0.581500 0.806500
vt 0.581300 0.807700
vt 0.579900 0.807800
vt 0.578500 0.807900
vt 0.579400 0.807100
vt 0.579400 0.809100
vt 0.578300 0.809100
vt 0.580400 0.808500
vt 0.582700 0.807500
vt 0.581100 0.809400
vt 0.583700 0.804800
vt 0.580900 0.805200
vt 0.578700 0.806200
vt 0.577100 0.808100
vt 0.576100 0.810800
vt 0.578900 0.810500
vt 0.567800 0.940100
vt 0.567800 0.930500
vt 0.573900 0.925500
vt 0.573900 0.945200
vt 0.566300 0.922200
vt 0.570800 0.908300
vt 0.563600 0.917400
vt 0.565200 0.898500
vt 0.560500 0.917400
vt 0.558800 0.898500
vt 0.557800 0.922200
vt 0.553300 0.908300
vt 0.556200 0.930500
vt 0.550100 0.925500
vt 0.556200 0.940100
vt 0.550100 0.945200
vt 0.557800 0.948400
vt 0.553300 0.962300
vt 0.560500 0.953300
vt 0.558800 0.972200
vt 0.563600 0.953300
vt 0.565200 0.972200
vt 0.566300 0.948400
vt 0.570700 0.962300
vt 0.595700 0.956900
vt 0.597200 0.939000
vt 0.601500 0.952100
vt 0.598800 0.956900
vt 0.562000 0.935300
vt 0.603000 0.934200
vt 0.603000 0.943800
vt 0.598800 0.921000
vt 0.601500 0.925800
vt 0.593000 0.925800
vt 0.595700 0.921000
vt 0.591400 0.943800
vt 0.591400 0.934200
vt 0.593000 0.952100
vt 0.730600 0.526300
vt 0.733300 0.575000
vt 0.723200 0.575900
vt 0.720600 0.527100
vt 0.415700 0.575900
vt 0.413600 0.527300
vt 0.728100 0.478500
vt 0.718200 0.479300
vt 0.411600 0.479300
vt 0.725600 0.431000
vt 0.715800 0.431800
vt 0.409500 0.431400
vt 0.723200 0.383700
vt 0.713500 0.384400
vt 0.407400 0.383600
vt 0.720900 0.336400
vt 0.711200 0.337100
vt 0.405300 0.335700
vt 0.718700 0.289200
vt 0.708900 0.289900
vt 0.403200 0.287900
vt 0.716500 0.241900
vt 0.706800 0.242600
vt 0.401100 0.240100
vt 0.714400 0.194700
vt 0.704600 0.195400
vt 0.399000 0.192300
vt 0.712300 0.147500
vt 0.702600 0.148200
vt 0.396900 0.144400
vt 0.710300 0.100400
vt 0.700600 0.101000
vt 0.394800 0.096500
vt 0.708400 0.053300
vt 0.698700 0.053900
vt 0.392800 0.048500
vt 0.706500 0.006400
vt 0.696900 0.007000
vt 0.390700 0.000000
vt 0.609100 0.929100
vt 0.609100 0.948800
vt 0.607900 0.947800
vt 0.607900 0.930100
vt 0.605900 0.966000
vt 0.605000 0.963100
vt 0.600400 0.975800
vt 0.600100 0.971900
vt 0.594000 0.975800
vt 0.594400 0.971900
vt 0.588500 0.966000
vt 0.589400 0.963100
vt 0.585300 0.948800
vt 0.586500 0.947800
vt 0.585300 0.929100
vt 0.586500 0.930100
vt 0.588500 0.912000
vt 0.589400 0.914800
vt 0.594000 0.902100
vt 0.594400 0.906000
vt 0.600400 0.902100
vt 0.600100 0.906000
vt 0.605900 0.912000
vt 0.605000 0.914800
vt 0.109500 0.569000
vt 0.107700 0.522100
vt 0.101400 0.569500
vt 0.099500 0.522600
vt 0.105800 0.475000
vt 0.097600 0.475500
vt 0.103900 0.427800
vt 0.095600 0.428300
vt 0.101800 0.380600
vt 0.093500 0.381200
vt 0.099700 0.333300
vt 0.091400 0.333900
vt 0.097500 0.286100
vt 0.089200 0.286700
vt 0.095300 0.238800
vt 0.087000 0.239500
vt 0.093000 0.191500
vt 0.084700 0.192200
vt 0.090600 0.144200
vt 0.082300 0.144900
vt 0.088200 0.096700
vt 0.079900 0.097400
vt 0.085800 0.048900
vt 0.077300 0.049500
vt 0.083300 0.000100
vt 0.074700 0.000800
vt 0.381900 0.763300
vt 0.382000 0.768300
vt 0.379400 0.770800
vt 0.379300 0.766200
vt 0.347400 0.778500
vt 0.347300 0.775700
vt 0.348900 0.774700
vt 0.349000 0.777600
vt 0.345600 0.779700
vt 0.345500 0.776800
vt 0.342500 0.791100
vt 0.342500 0.788300
vt 0.343800 0.788800
vt 0.343700 0.791600
vt 0.340900 0.790600
vt 0.340900 0.787800
vt 0.332100 0.789500
vt 0.332100 0.786800
vt 0.333600 0.786900
vt 0.333600 0.789700
vt 0.317400 0.783000
vt 0.317400 0.780200
vt 0.319000 0.780800
vt 0.319000 0.783500
vt 0.303200 0.806500
vt 0.303100 0.803800
vt 0.304600 0.802200
vt 0.304700 0.804900
vt 0.305900 0.800900
vt 0.306000 0.803700
vt 0.307300 0.773400
vt 0.307300 0.776100
vt 0.305500 0.775000
vt 0.305600 0.772200
vt 0.308900 0.774400
vt 0.308800 0.777200
vt 0.293900 0.815700
vt 0.294000 0.819300
vt 0.292700 0.820800
vt 0.292500 0.817600
vt 0.320800 0.781300
vt 0.320800 0.784100
vt 0.330800 0.789500
vt 0.330800 0.786700
vt 0.282900 0.833800
vt 0.282600 0.828500
vt 0.283500 0.827000
vt 0.283800 0.832400
vt 0.280000 0.753000
vt 0.280200 0.747400
vt 0.281100 0.748500
vt 0.280900 0.754200
vt 0.380900 0.706200
vt 0.381000 0.709800
vt 0.378500 0.711300
vt 0.378400 0.708000
vt 0.346200 0.726200
vt 0.347800 0.725200
vt 0.346200 0.724000
vt 0.347800 0.723100
vt 0.344400 0.727400
vt 0.344400 0.725200
vt 0.341900 0.842400
vt 0.341900 0.840300
vt 0.343200 0.840700
vt 0.343200 0.842900
vt 0.340300 0.841900
vt 0.340400 0.839800
vt 0.331900 0.840800
vt 0.331900 0.838700
vt 0.333500 0.838800
vt 0.333500 0.840900
vt 0.317800 0.731000
vt 0.319400 0.731500
vt 0.317900 0.728800
vt 0.319500 0.729300
vt 0.304900 0.855500
vt 0.304800 0.853500
vt 0.306300 0.851900
vt 0.306400 0.853900
vt 0.307500 0.850600
vt 0.307600 0.852700
vt 0.308300 0.723100
vt 0.308300 0.725200
vt 0.306500 0.724100
vt 0.306600 0.721900
vt 0.309900 0.726300
vt 0.309900 0.724100
vt 0.296000 0.863900
vt 0.294600 0.865900
vt 0.296100 0.866500
vt 0.294700 0.868300
vt 0.321300 0.729900
vt 0.321300 0.732100
vt 0.330600 0.838500
vt 0.330600 0.840700
vt 0.284900 0.878300
vt 0.284700 0.874000
vt 0.285700 0.872300
vt 0.285900 0.877100
vt 0.281600 0.706100
vt 0.282700 0.707400
vt 0.281800 0.701200
vt 0.282900 0.702200
vt 0.669300 0.856600
vt 0.670300 0.856600
vt 0.670300 0.860300
vt 0.669200 0.860200
vt 0.666900 0.848700
vt 0.665900 0.848800
vt 0.665700 0.845100
vt 0.666700 0.845000
vt 0.665200 0.830100
vt 0.666100 0.830000
vt 0.666200 0.831300
vt 0.665100 0.831200
vt 0.670500 0.875500
vt 0.669500 0.875500
vt 0.669300 0.874300
vt 0.670400 0.874200
vt 0.281000 0.835800
vt 0.280200 0.837300
vt 0.280000 0.832100
vt 0.280600 0.831000
vt 0.295400 0.813800
vt 0.295900 0.813200
vt 0.296100 0.816600
vt 0.295600 0.817400
vt 0.282800 0.876700
vt 0.282100 0.877600
vt 0.283000 0.880300
vt 0.282300 0.881500
vt 0.297500 0.861800
vt 0.298100 0.861200
vt 0.298200 0.863800
vt 0.297700 0.864500
vt 0.665800 0.856600
vt 0.666500 0.856600
vt 0.666700 0.860300
vt 0.665900 0.860400
vt 0.663100 0.848900
vt 0.663100 0.845200
vt 0.662400 0.848900
vt 0.662400 0.845200
vt 0.662400 0.830000
vt 0.663100 0.830000
vt 0.663300 0.831200
vt 0.662400 0.831300
vt 0.667400 0.875500
vt 0.667500 0.874300
vt 0.666700 0.875600
vt 0.666600 0.874300
vt 0.282300 0.834500
vt 0.282100 0.829300
vt 0.294200 0.815300
vt 0.294400 0.818900
vt 0.284100 0.875200
vt 0.284400 0.879000
vt 0.296400 0.863400
vt 0.296500 0.866100
vt 0.698400 0.863700
vt 0.693900 0.863700
vt 0.690400 0.840800
vt 0.694900 0.840600
vt 0.307100 0.799800
vt 0.307100 0.802900
vt 0.297400 0.767100
vt 0.298600 0.768000
vt 0.298500 0.771300
vt 0.297300 0.770000
vt 0.308800 0.849300
vt 0.308800 0.851900
vt 0.298900 0.719400
vt 0.300200 0.720800
vt 0.299000 0.717100
vt 0.300200 0.718200
vt 0.291300 0.818900
vt 0.291500 0.822700
vt 0.289000 0.756500
vt 0.288800 0.760200
vt 0.290200 0.758400
vt 0.290000 0.761500
vt 0.293400 0.866900
vt 0.293500 0.870000
vt 0.290800 0.710700
vt 0.292100 0.711800
vt 0.290900 0.707500
vt 0.292200 0.709300
vt 0.666600 0.841900
vt 0.665400 0.842000
vt 0.668900 0.863400
vt 0.670100 0.863400
vt 0.663600 0.842000
vt 0.662700 0.841900
vt 0.667000 0.863500
vt 0.666100 0.863500
vt 0.674700 0.856600
vt 0.674600 0.860300
vt 0.671100 0.844800
vt 0.671300 0.848600
vt 0.291700 0.760500
vt 0.291600 0.763500
vt 0.297600 0.811000
vt 0.297700 0.814100
vt 0.293700 0.714000
vt 0.293800 0.711600
vt 0.299700 0.859300
vt 0.299800 0.861800
vt 0.690100 0.856700
vt 0.690100 0.860400
vt 0.686600 0.844200
vt 0.686800 0.847900
vt 0.296000 0.765600
vt 0.295900 0.768500
vt 0.301800 0.805200
vt 0.301900 0.808100
vt 0.297500 0.718000
vt 0.297600 0.715600
vt 0.303400 0.854700
vt 0.303500 0.857000
vt 0.698300 0.887400
vt 0.693800 0.887400
vt 0.689400 0.816900
vt 0.694000 0.816800
vt 0.312200 0.796700
vt 0.312300 0.800000
vt 0.314000 0.795700
vt 0.314000 0.798600
vt 0.303800 0.770700
vt 0.303700 0.774000
vt 0.313200 0.846400
vt 0.313200 0.849000
vt 0.315000 0.845700
vt 0.315000 0.847900
vt 0.304700 0.723300
vt 0.304800 0.720800
vt 0.702600 0.892300
vt 0.702600 0.897500
vt 0.697900 0.806500
vt 0.698100 0.811700
vt 0.310400 0.775300
vt 0.310300 0.778500
vt 0.315500 0.794700
vt 0.315600 0.797800
vt 0.311400 0.727700
vt 0.311500 0.725200
vt 0.316600 0.844400
vt 0.316600 0.846900
vt 0.724600 0.892300
vt 0.724600 0.897500
vt 0.719900 0.805700
vt 0.720100 0.810900
vt 0.315400 0.778800
vt 0.315300 0.781900
vt 0.320400 0.790200
vt 0.320400 0.793400
vt 0.322400 0.789300
vt 0.322500 0.792200
vt 0.315700 0.730400
vt 0.315800 0.727800
vt 0.320800 0.840800
vt 0.320800 0.843300
vt 0.322900 0.840300
vt 0.322900 0.842500
vt 0.734800 0.888400
vt 0.730300 0.888400
vt 0.725900 0.814600
vt 0.730500 0.814400
vt 0.322200 0.784800
vt 0.322200 0.781500
vt 0.323900 0.791900
vt 0.323900 0.788700
vt 0.322700 0.732800
vt 0.322700 0.730300
vt 0.324300 0.839600
vt 0.324400 0.842200
vt 0.734800 0.865300
vt 0.730200 0.865300
vt 0.726800 0.837800
vt 0.731400 0.837600
vt 0.329300 0.786700
vt 0.327400 0.786500
vt 0.327500 0.783300
vt 0.329300 0.783700
vt 0.329000 0.789900
vt 0.329000 0.786700
vt 0.329100 0.733800
vt 0.327200 0.734100
vt 0.327300 0.731400
vt 0.329100 0.731500
vt 0.328800 0.838100
vt 0.328800 0.840700
vt 0.736200 0.842300
vt 0.736400 0.846000
vt 0.739400 0.856600
vt 0.739400 0.860400
vt 0.335200 0.787100
vt 0.335200 0.790000
vt 0.331000 0.783600
vt 0.331000 0.786700
vt 0.335200 0.838800
vt 0.335200 0.841200
vt 0.330900 0.733900
vt 0.330900 0.731500
vt 0.751200 0.841700
vt 0.751300 0.845400
vt 0.754400 0.856600
vt 0.754400 0.860300
vt 0.339500 0.787400
vt 0.339500 0.790300
vt 0.335400 0.782800
vt 0.335400 0.785800
vt 0.336800 0.782500
vt 0.336900 0.785500
vt 0.338900 0.839100
vt 0.338900 0.841500
vt 0.334800 0.732900
vt 0.336300 0.732400
vt 0.334800 0.730400
vt 0.336300 0.730100
vt 0.755100 0.837000
vt 0.759700 0.836800
vt 0.763100 0.864900
vt 0.758500 0.864900
vt 0.338500 0.781600
vt 0.338600 0.784800
vt 0.345500 0.789500
vt 0.345400 0.792700
vt 0.338100 0.732100
vt 0.338100 0.729400
vt 0.344900 0.841100
vt 0.344900 0.843700
vt 0.754300 0.814400
vt 0.758800 0.814200
vt 0.763200 0.887600
vt 0.758600 0.887600
vt 0.343700 0.777700
vt 0.343800 0.780900
vt 0.350600 0.793300
vt 0.350500 0.796500
vt 0.352300 0.794500
vt 0.352300 0.797500
vt 0.342600 0.729000
vt 0.342600 0.726400
vt 0.349300 0.844000
vt 0.349300 0.846500
vt 0.351100 0.845500
vt 0.351000 0.847800
vt 0.763700 0.803900
vt 0.763900 0.809200
vt 0.768400 0.892400
vt 0.768500 0.897700
vt 0.354300 0.795400
vt 0.354200 0.798900
vt 0.350900 0.773400
vt 0.351000 0.776900
vt 0.353000 0.846500
vt 0.353000 0.849000
vt 0.349700 0.724500
vt 0.349700 0.722100
vt 0.803500 0.800800
vt 0.803700 0.806100
vt 0.805200 0.800800
vt 0.805400 0.806000
vt 0.808500 0.890700
vt 0.808500 0.895900
vt 0.810200 0.890700
vt 0.810200 0.895900
vt 0.378200 0.796800
vt 0.378200 0.805800
vt 0.379900 0.797600
vt 0.379700 0.806000
vt 0.375500 0.765900
vt 0.375500 0.772900
vt 0.376800 0.765800
vt 0.376900 0.771500
vt 0.377200 0.857900
vt 0.377000 0.864700
vt 0.378700 0.859200
vt 0.378600 0.865300
vt 0.374700 0.713700
vt 0.376000 0.712500
vt 0.374600 0.708200
vt 0.375900 0.708200
vt 0.383300 0.768500
vt 0.383100 0.761700
vt 0.381100 0.807500
vt 0.381500 0.798500
vt 0.382200 0.710100
vt 0.382100 0.704800
vt 0.380100 0.859600
vt 0.380000 0.866400
vt 0.401200 0.746200
vt 0.400300 0.747100
vt 0.399800 0.734600
vt 0.400800 0.733700
vt 0.398300 0.834000
vt 0.397400 0.833600
vt 0.397800 0.823100
vt 0.398600 0.824000
vt 0.399200 0.692900
vt 0.398200 0.693900
vt 0.397900 0.683000
vt 0.399000 0.682000
vt 0.396600 0.881700
vt 0.395700 0.880300
vt 0.396300 0.889700
vt 0.395400 0.889100
vt 0.815100 0.891100
vt 0.815700 0.891100
vt 0.815400 0.895900
vt 0.814800 0.895900
vt 0.810800 0.805400
vt 0.810300 0.805500
vt 0.809800 0.800600
vt 0.810500 0.800600
vt 0.379100 0.766300
vt 0.379200 0.770900
vt 0.402100 0.822000
vt 0.402500 0.822700
vt 0.401900 0.832600
vt 0.401400 0.831800
vt 0.378300 0.711400
vt 0.378300 0.708100
vt 0.399600 0.881900
vt 0.399900 0.882100
vt 0.399900 0.887400
vt 0.399600 0.887300
vt 0.815000 0.888800
vt 0.815500 0.888800
vt 0.810800 0.807600
vt 0.810200 0.807600
vt 0.815400 0.864600
vt 0.815800 0.864600
vt 0.815400 0.863900
vt 0.815800 0.863900
vt 0.811700 0.831800
vt 0.812100 0.831800
vt 0.812100 0.832500
vt 0.811800 0.832500
vt 0.810900 0.890700
vt 0.810900 0.895900
vt 0.806100 0.806000
vt 0.805900 0.800700
vt 0.377200 0.765800
vt 0.377200 0.771200
vt 0.399200 0.824600
vt 0.399100 0.834200
vt 0.376400 0.712100
vt 0.376300 0.708200
vt 0.397300 0.883300
vt 0.396900 0.890000
vt 0.810200 0.888500
vt 0.811000 0.888500
vt 0.806200 0.808100
vt 0.805500 0.808100
vt 0.810800 0.864600
vt 0.811500 0.864500
vt 0.810800 0.863800
vt 0.811500 0.863800
vt 0.807100 0.832100
vt 0.807800 0.832000
vt 0.807800 0.832700
vt 0.807200 0.832800
vt 0.576900 0.753900
vt 0.576800 0.753500
vt 0.573900 0.755900
vt 0.574200 0.756300
vt 0.582500 0.748100
vt 0.585000 0.746000
vt 0.575600 0.752300
vt 0.576000 0.752500
vt 0.572700 0.754400
vt 0.573000 0.754800
vt 0.570000 0.756800
vt 0.570100 0.757200
vt 0.564400 0.762600
vt 0.561900 0.764700
vt 0.571300 0.758400
vt 0.570900 0.758200
vt 0.577000 0.754400
vt 0.574600 0.756800
vt 0.580300 0.749800
vt 0.575100 0.752100
vt 0.572300 0.753900
vt 0.569900 0.756300
vt 0.566600 0.760900
vt 0.571800 0.758600
vt 0.564100 0.759100
vt 0.572600 0.756500
vt 0.573900 0.755900
vt 0.569500 0.764200
vt 0.572300 0.756700
vt 0.574000 0.756000
vt 0.563900 0.751900
vt 0.572000 0.756500
vt 0.571700 0.756700
vt 0.569500 0.746500
vt 0.572100 0.755900
vt 0.571900 0.756200
vt 0.577400 0.746500
vt 0.573000 0.754800
vt 0.572900 0.754700
vt 0.582800 0.751600
vt 0.574300 0.754200
vt 0.574600 0.754000
vt 0.583000 0.758800
vt 0.574900 0.754200
vt 0.575200 0.754000
vt 0.577400 0.764200
vt 0.574800 0.754800
vt 0.575000 0.754500
vt 0.573600 0.755500
vt 0.576700 0.753100
vt 0.580700 0.749500
vt 0.576300 0.752700
vt 0.573300 0.755200
vt 0.570300 0.757600
vt 0.566200 0.761200
vt 0.570600 0.758000
vt 0.574100 0.756200
vt 0.575300 0.754200
vt 0.575500 0.753700
vt 0.575000 0.753800
vt 0.572800 0.754500
vt 0.571600 0.756500
vt 0.571400 0.757000
vt 0.571900 0.756900
vt 0.580500 0.808600
vt 0.580300 0.808300
vt 0.577700 0.809900
vt 0.578000 0.810100
vt 0.570400 0.815200
vt 0.572500 0.813600
vt 0.577300 0.809500
vt 0.577200 0.809100
vt 0.579500 0.807300
vt 0.579200 0.807000
vt 0.582100 0.805800
vt 0.581800 0.805500
vt 0.589400 0.800400
vt 0.587300 0.802000
vt 0.582400 0.806200
vt 0.582500 0.806600
vt 0.580800 0.809000
vt 0.578500 0.810300
vt 0.574300 0.812200
vt 0.577200 0.808600
vt 0.579000 0.806600
vt 0.581300 0.805300
vt 0.585500 0.803500
vt 0.582600 0.807000
vt 0.578600 0.809200
vt 0.578400 0.809300
vt 0.579900 0.807900
vt 0.580000 0.808000
vt 0.577300 0.809800
vt 0.576600 0.810400
vt 0.578300 0.808700
vt 0.578000 0.808900
vt 0.579800 0.807700
vt 0.579800 0.807700
vt 0.581200 0.806500
vt 0.581400 0.806300
vt 0.582500 0.805800
vt 0.583200 0.805200
vt 0.581500 0.806900
vt 0.581800 0.806700
vt 0.577500 0.809600
vt 0.580000 0.808000
vt 0.574700 0.811900
vt 0.577600 0.809700
vt 0.579800 0.807600
vt 0.582300 0.806100
vt 0.585100 0.803800
vt 0.582200 0.805900
vt 0.575700 0.817000
vt 0.580100 0.808100
vt 0.581300 0.807100
vt 0.584100 0.817000
vt 0.581800 0.806300
vt 0.590000 0.811800
vt 0.580900 0.806600
vt 0.590100 0.804100
vt 0.579700 0.807500
vt 0.584000 0.798600
vt 0.578500 0.808500
vt 0.575700 0.798600
vt 0.578000 0.809300
vt 0.569700 0.803800
vt 0.578900 0.809000
vt 0.569700 0.811500
vt 0.571000 0.775000
vt 0.570800 0.775200
vt 0.572200 0.774000
vt 0.572300 0.774100
vt 0.561900 0.777500
vt 0.567900 0.783000
vt 0.570200 0.775300
vt 0.569500 0.775900
vt 0.561900 0.769800
vt 0.570700 0.774600
vt 0.570400 0.774800
vt 0.567900 0.764700
vt 0.571900 0.773600
vt 0.571900 0.773700
vt 0.576200 0.764700
vt 0.573100 0.772700
vt 0.573300 0.772500
vt 0.582300 0.770200
vt 0.574000 0.772400
vt 0.574700 0.771800
vt 0.582200 0.777900
vt 0.573500 0.773100
vt 0.573700 0.772900
vt 0.576200 0.783000
vt 0.572200 0.774000
vt 0.572400 0.774300
vt 0.574600 0.772200
vt 0.574400 0.771900
vt 0.572100 0.773900
vt 0.573900 0.772700
vt 0.581600 0.766400
vt 0.577300 0.769800
vt 0.575400 0.771200
vt 0.574300 0.771800
vt 0.574500 0.772100
vt 0.573600 0.772300
vt 0.571700 0.773400
vt 0.571900 0.773700
vt 0.572000 0.773800
vt 0.569500 0.775500
vt 0.569800 0.775700
vt 0.570200 0.775000
vt 0.562500 0.781300
vt 0.566800 0.777900
vt 0.568700 0.776500
vt 0.569800 0.775900
vt 0.569700 0.775600
vt 0.570500 0.775400
vt 0.574800 0.773100
vt 0.574700 0.772600
vt 0.572700 0.774700
vt 0.573000 0.775000
vt 0.574900 0.773600
vt 0.573300 0.775400
vt 0.577700 0.769500
vt 0.579500 0.768000
vt 0.575900 0.770800
vt 0.573500 0.771400
vt 0.573900 0.771600
vt 0.573000 0.771200
vt 0.571100 0.772700
vt 0.571400 0.773000
vt 0.570800 0.772300
vt 0.569300 0.774600
vt 0.569400 0.775100
vt 0.569300 0.774100
vt 0.566400 0.778200
vt 0.564600 0.779700
vt 0.568200 0.776900
vt 0.570700 0.776300
vt 0.570200 0.776100
vt 0.571100 0.776500
vt 0.579700 0.827900
vt 0.578400 0.829000
vt 0.581400 0.826500
vt 0.582000 0.827200
vt 0.580100 0.827700
vt 0.581800 0.827000
vt 0.579200 0.828000
vt 0.574100 0.832200
vt 0.579500 0.827700
vt 0.579400 0.827500
vt 0.578100 0.828600
vt 0.579700 0.827200
vt 0.580600 0.825500
vt 0.581200 0.826200
vt 0.580700 0.825600
vt 0.582900 0.824800
vt 0.584200 0.823700
vt 0.582500 0.825000
vt 0.583400 0.824700
vt 0.588500 0.820500
vt 0.583000 0.824900
vt 0.583200 0.825200
vt 0.584500 0.824100
vt 0.582900 0.825500
vt 0.578700 0.829200
vt 0.581700 0.826900
vt 0.569700 0.835700
vt 0.578000 0.828200
vt 0.580800 0.825800
vt 0.583900 0.823500
vt 0.592900 0.817000
vt 0.584600 0.824400
vt 0.581700 0.826900
vt 0.582600 0.825800
vt 0.577300 0.835200
vt 0.585200 0.835200
vt 0.582700 0.825200
vt 0.590800 0.829800
vt 0.582100 0.825200
vt 0.590700 0.822600
vt 0.580800 0.825800
vt 0.585200 0.817500
vt 0.580000 0.826900
vt 0.577300 0.817500
vt 0.579900 0.827500
vt 0.571800 0.822900
vt 0.580500 0.827500
vt 0.571900 0.830100
vt 0.582400 0.827800
vt 0.582100 0.827300
vt 0.579100 0.829400
vt 0.579600 0.829600
vt 0.582800 0.828300
vt 0.580100 0.829800
vt 0.572200 0.833700
vt 0.574400 0.831900
vt 0.576500 0.830200
vt 0.577800 0.827800
vt 0.577800 0.827300
vt 0.577700 0.826700
vt 0.580500 0.825400
vt 0.580100 0.824900
vt 0.579700 0.824400
vt 0.583500 0.823300
vt 0.582900 0.823100
vt 0.582400 0.822900
vt 0.590400 0.819000
vt 0.588200 0.820800
vt 0.586100 0.822500
vt 0.584700 0.824900
vt 0.584800 0.825400
vt 0.584900 0.826000
vt 0.805900 0.757600
vt 0.809900 0.757100
vt 0.811700 0.781400
vt 0.807800 0.781700
vt 0.805100 0.757700
vt 0.807100 0.781700
vt 0.811800 0.782100
vt 0.807800 0.782400
vt 0.807200 0.782500
vt 0.811500 0.905000
vt 0.815500 0.905100
vt 0.815500 0.905800
vt 0.811600 0.905700
vt 0.810900 0.905000
vt 0.810900 0.905700
vt 0.815000 0.930000
vt 0.811000 0.929700
vt 0.810200 0.929700
vt 0.805700 0.755500
vt 0.809900 0.754900
vt 0.805000 0.755500
vt 0.815200 0.932200
vt 0.810900 0.931800
vt 0.810200 0.931800
vt 0.399100 0.936800
vt 0.401400 0.934400
vt 0.399600 0.984700
vt 0.397300 0.986100
vt 0.398300 0.936600
vt 0.396600 0.984500
vt 0.399600 0.990100
vt 0.396900 0.992700
vt 0.396300 0.992500
vt 0.376200 0.602700
vt 0.378200 0.602500
vt 0.378200 0.605800
vt 0.376300 0.606700
vt 0.375900 0.602700
vt 0.375900 0.607000
vt 0.379100 0.660800
vt 0.377200 0.660300
vt 0.376700 0.660300
vt 0.399100 0.927200
vt 0.402100 0.924500
vt 0.398500 0.926600
vt 0.379200 0.665400
vt 0.377200 0.665800
vt 0.376900 0.666100
vt 0.804800 0.750300
vt 0.805400 0.750200
vt 0.809400 0.750100
vt 0.814800 0.937000
vt 0.810900 0.937100
vt 0.810300 0.937100
vt 0.810400 0.757100
vt 0.812100 0.781300
vt 0.812200 0.782100
vt 0.815900 0.905100
vt 0.815900 0.905800
vt 0.815600 0.930000
vt 0.810400 0.754900
vt 0.815700 0.932200
vt 0.401900 0.935200
vt 0.399900 0.984800
vt 0.399900 0.990100
vt 0.378400 0.602500
vt 0.378400 0.605700
vt 0.379300 0.660700
vt 0.402500 0.925300
vt 0.379400 0.665300
vt 0.810100 0.750000
vt 0.815500 0.937000
vt 0.395400 0.991900
vt 0.379900 0.969400
vt 0.380100 0.962500
vt 0.395700 0.983100
vt 0.381000 0.910300
vt 0.397400 0.936300
vt 0.399800 0.628500
vt 0.383100 0.656100
vt 0.382100 0.604400
vt 0.398200 0.587700
vt 0.400800 0.627500
vt 0.399200 0.586700
vt 0.382000 0.599200
vt 0.397800 0.576800
vt 0.398900 0.575900
vt 0.381400 0.901300
vt 0.397800 0.925700
vt 0.400200 0.641000
vt 0.383300 0.662800
vt 0.401200 0.640000
vt 0.378500 0.968200
vt 0.378600 0.962200
vt 0.379600 0.908800
vt 0.381900 0.657700
vt 0.380900 0.604200
vt 0.380900 0.600600
vt 0.379800 0.900400
vt 0.382000 0.662700
vt 0.374500 0.602800
vt 0.374600 0.608300
vt 0.349600 0.617200
vt 0.349700 0.619700
vt 0.375400 0.660500
vt 0.350900 0.668600
vt 0.378100 0.908700
vt 0.377100 0.960900
vt 0.354100 0.902000
vt 0.352900 0.949700
vt 0.376900 0.967700
vt 0.352900 0.952200
vt 0.375500 0.667500
vt 0.350900 0.672100
vt 0.378100 0.899600
vt 0.354100 0.898500
vt 0.808500 0.931800
vt 0.808600 0.937100
vt 0.768500 0.933500
vt 0.768500 0.938800
vt 0.803100 0.750400
vt 0.803300 0.755600
vt 0.763100 0.754000
vt 0.763300 0.759200
vt 0.347700 0.618300
vt 0.347800 0.620500
vt 0.348900 0.669900
vt 0.352100 0.900600
vt 0.351000 0.948800
vt 0.350900 0.951100
vt 0.348900 0.672900
vt 0.352200 0.897600
vt 0.763200 0.933500
vt 0.763200 0.938800
vt 0.757800 0.754200
vt 0.758100 0.759500
vt 0.350300 0.899700
vt 0.349200 0.947300
vt 0.345200 0.895900
vt 0.344800 0.944400
vt 0.349100 0.949800
vt 0.344800 0.947000
vt 0.342500 0.621700
vt 0.344300 0.620500
vt 0.344400 0.622700
vt 0.342600 0.624300
vt 0.338000 0.624800
vt 0.338100 0.627500
vt 0.345500 0.672100
vt 0.343700 0.673000
vt 0.338500 0.676900
vt 0.350400 0.896400
vt 0.345300 0.892800
vt 0.345500 0.675000
vt 0.343800 0.676200
vt 0.338600 0.680200
vt 0.763200 0.928700
vt 0.758600 0.933600
vt 0.758600 0.928700
vt 0.763200 0.906000
vt 0.758600 0.906000
vt 0.753700 0.764500
vt 0.753500 0.759700
vt 0.758300 0.764300
vt 0.754800 0.787200
vt 0.759400 0.787000
vt 0.343600 0.894900
vt 0.343100 0.944000
vt 0.343100 0.946200
vt 0.336300 0.625500
vt 0.336300 0.627800
vt 0.336800 0.677800
vt 0.343600 0.892000
vt 0.336800 0.680800
vt 0.763100 0.901400
vt 0.758600 0.901400
vt 0.755100 0.791800
vt 0.759600 0.791600
vt 0.334700 0.625800
vt 0.334700 0.628300
vt 0.330800 0.626900
vt 0.330800 0.629400
vt 0.335300 0.678200
vt 0.330900 0.679000
vt 0.339300 0.893600
vt 0.340700 0.893900
vt 0.340200 0.943100
vt 0.338700 0.942400
vt 0.335100 0.893300
vt 0.335000 0.942100
vt 0.340200 0.945200
vt 0.338700 0.944800
vt 0.335000 0.944500
vt 0.335300 0.681200
vt 0.330900 0.682000
vt 0.339300 0.890700
vt 0.340800 0.891100
vt 0.335100 0.890400
vt 0.754500 0.897700
vt 0.758600 0.897700
vt 0.754500 0.901400
vt 0.739500 0.897700
vt 0.739500 0.901400
vt 0.750900 0.792000
vt 0.755200 0.795500
vt 0.751100 0.795700
vt 0.736000 0.792700
vt 0.736100 0.796400
vt 0.329100 0.626900
vt 0.329100 0.629200
vt 0.329200 0.679100
vt 0.333500 0.893000
vt 0.333300 0.942100
vt 0.333300 0.944200
vt 0.329200 0.682000
vt 0.333500 0.890200
vt 0.734800 0.897700
vt 0.734800 0.901400
vt 0.731300 0.792900
vt 0.731500 0.796700
vt 0.328700 0.944000
vt 0.324200 0.945400
vt 0.324200 0.942800
vt 0.328600 0.941400
vt 0.330500 0.944000
vt 0.330500 0.941800
vt 0.323800 0.895200
vt 0.328900 0.893200
vt 0.330600 0.892800
vt 0.327400 0.678700
vt 0.322200 0.676900
vt 0.322700 0.628200
vt 0.327200 0.629500
vt 0.322700 0.625700
vt 0.327200 0.626800
vt 0.323700 0.892000
vt 0.328800 0.890000
vt 0.330600 0.890000
vt 0.327400 0.681900
vt 0.322200 0.680100
vt 0.726500 0.788300
vt 0.725500 0.765100
vt 0.730000 0.764900
vt 0.731100 0.788100
vt 0.726800 0.793200
vt 0.734800 0.906300
vt 0.734800 0.929500
vt 0.730300 0.929500
vt 0.730300 0.906300
vt 0.730300 0.901400
vt 0.322800 0.945700
vt 0.322700 0.943500
vt 0.322300 0.895500
vt 0.320800 0.676600
vt 0.321200 0.627500
vt 0.321300 0.625300
vt 0.322300 0.892600
vt 0.320700 0.679500
vt 0.725300 0.761200
vt 0.729900 0.761000
vt 0.734800 0.933400
vt 0.730300 0.933400
vt 0.320300 0.896600
vt 0.320600 0.943900
vt 0.315400 0.901000
vt 0.316400 0.947500
vt 0.320700 0.946500
vt 0.316500 0.950000
vt 0.315700 0.623200
vt 0.317900 0.624200
vt 0.317800 0.626400
vt 0.315700 0.625700
vt 0.311500 0.620500
vt 0.311400 0.623000
vt 0.317400 0.675500
vt 0.315400 0.674100
vt 0.310400 0.670600
vt 0.320200 0.893500
vt 0.315400 0.897900
vt 0.317400 0.678300
vt 0.315300 0.677200
vt 0.310300 0.673700
vt 0.719400 0.756300
vt 0.725100 0.756000
vt 0.719700 0.761500
vt 0.697500 0.757200
vt 0.697700 0.762400
vt 0.724600 0.933400
vt 0.730300 0.938600
vt 0.724600 0.938600
vt 0.702700 0.933400
vt 0.702600 0.938600
vt 0.313900 0.901800
vt 0.314800 0.948800
vt 0.314900 0.951000
vt 0.309900 0.619400
vt 0.309800 0.621500
vt 0.308800 0.669600
vt 0.313800 0.898900
vt 0.308800 0.672400
vt 0.693200 0.757400
vt 0.693400 0.762600
vt 0.698400 0.933400
vt 0.698300 0.938600
vt 0.304800 0.615900
vt 0.306600 0.617100
vt 0.306500 0.619300
vt 0.304700 0.618500
vt 0.300300 0.613200
vt 0.300200 0.615900
vt 0.305500 0.667300
vt 0.303800 0.665800
vt 0.298500 0.662900
vt 0.312200 0.903100
vt 0.313100 0.949500
vt 0.307000 0.906100
vt 0.308600 0.952300
vt 0.313100 0.952000
vt 0.308700 0.954800
vt 0.305500 0.670100
vt 0.303700 0.669100
vt 0.298500 0.666200
vt 0.312100 0.899900
vt 0.307000 0.902900
vt 0.689100 0.767700
vt 0.688900 0.762800
vt 0.693600 0.767500
vt 0.690100 0.791400
vt 0.694700 0.791200
vt 0.698400 0.928500
vt 0.693800 0.933400
vt 0.693800 0.928500
vt 0.698400 0.904700
vt 0.693900 0.904700
vt 0.301800 0.911100
vt 0.303100 0.909600
vt 0.304700 0.956400
vt 0.303300 0.957600
vt 0.297600 0.917000
vt 0.299600 0.962100
vt 0.304700 0.958400
vt 0.303400 0.959900
vt 0.299700 0.964600
vt 0.297600 0.610500
vt 0.299000 0.612200
vt 0.298900 0.614400
vt 0.297500 0.613000
vt 0.293800 0.606400
vt 0.293700 0.608900
vt 0.297300 0.662000
vt 0.296000 0.660500
vt 0.291700 0.655300
vt 0.301700 0.908300
vt 0.303000 0.906900
vt 0.297500 0.914000
vt 0.297200 0.665000
vt 0.295900 0.663400
vt 0.291600 0.658300
vt 0.686400 0.794800
vt 0.690300 0.794600
vt 0.690400 0.798300
vt 0.686600 0.798500
vt 0.671000 0.795400
vt 0.671200 0.799100
vt 0.690100 0.897700
vt 0.693900 0.897700
vt 0.693900 0.901500
vt 0.690100 0.901400
vt 0.674600 0.897700
vt 0.674600 0.901400
vt 0.296100 0.919500
vt 0.298000 0.963900
vt 0.298100 0.966500
vt 0.292200 0.604200
vt 0.292100 0.606600
vt 0.290200 0.653200
vt 0.295900 0.916100
vt 0.290000 0.656300
vt 0.666700 0.795600
vt 0.666800 0.799300
vt 0.670300 0.897700
vt 0.670300 0.901400
vt 0.666100 0.904700
vt 0.665900 0.901500
vt 0.666600 0.901400
vt 0.667000 0.904600
vt 0.666600 0.915400
vt 0.667500 0.915400
vt 0.669200 0.901300
vt 0.668800 0.904500
vt 0.669300 0.915400
vt 0.665300 0.792600
vt 0.665600 0.795700
vt 0.663100 0.795800
vt 0.663500 0.792600
vt 0.665100 0.781900
vt 0.663200 0.782000
vt 0.662300 0.795700
vt 0.662600 0.792500
vt 0.662400 0.782000
vt 0.670000 0.904600
vt 0.670400 0.915400
vt 0.666500 0.792500
vt 0.666100 0.782000
vt 0.290900 0.602300
vt 0.290800 0.605500
vt 0.282900 0.596800
vt 0.282700 0.602000
vt 0.289000 0.651200
vt 0.281100 0.643100
vt 0.291400 0.925500
vt 0.292600 0.923600
vt 0.294500 0.968600
vt 0.293300 0.969600
vt 0.283800 0.935100
vt 0.285700 0.974800
vt 0.294600 0.971000
vt 0.293400 0.972600
vt 0.285900 0.979600
vt 0.288800 0.655000
vt 0.280900 0.648700
vt 0.291200 0.921800
vt 0.292500 0.920500
vt 0.283500 0.929600
vt 0.305900 0.906800
vt 0.307400 0.953600
vt 0.307500 0.955700
vt 0.305800 0.904000
vt 0.694800 0.794400
vt 0.698400 0.901500
vt 0.294400 0.921800
vt 0.295500 0.920300
vt 0.297400 0.964500
vt 0.296300 0.966100
vt 0.294000 0.922100
vt 0.295900 0.966600
vt 0.297600 0.967300
vt 0.296400 0.968800
vt 0.296000 0.969200
vt 0.284400 0.981400
vt 0.282900 0.982800
vt 0.282800 0.979100
vt 0.284100 0.977600
vt 0.284900 0.980800
vt 0.284700 0.976500
vt 0.281000 0.938400
vt 0.282300 0.937100
vt 0.282900 0.936500
vt 0.294200 0.918200
vt 0.295400 0.916700
vt 0.293900 0.918600
vt 0.280600 0.933600
vt 0.282100 0.931900
vt 0.282600 0.931100
vt 0.667400 0.916700
vt 0.666700 0.916700
vt 0.669500 0.916600
vt 0.663000 0.780700
vt 0.665100 0.780800
vt 0.662300 0.780700
vt 0.663100 0.799400
vt 0.662300 0.799400
vt 0.665800 0.799400
vt 0.666500 0.897700
vt 0.669200 0.897700
vt 0.665800 0.897700
vt 0.282300 0.983900
vt 0.282000 0.980000
vt 0.280200 0.939800
vt 0.280000 0.934700
vt 0.670500 0.916600
vt 0.666100 0.780700
vt 0.281700 0.600700
vt 0.281800 0.595800
vt 0.280200 0.641900
vt 0.331800 0.941900
vt 0.331800 0.944100
vt 0.331900 0.892800
vt 0.319000 0.676100
vt 0.319400 0.626900
vt 0.319400 0.624700
vt 0.308300 0.620400
vt 0.308300 0.618300
vt 0.307300 0.668600
vt 0.306200 0.954800
vt 0.304600 0.908000
vt 0.306200 0.956900
vt 0.342300 0.894400
vt 0.341800 0.943600
vt 0.341800 0.945700
vt 0.346200 0.621500
vt 0.347300 0.671000
vt 0.346100 0.619300
vt 0.280000 0.647600
vt 0.331900 0.890100
vt 0.318900 0.678900
vt 0.307200 0.671300
vt 0.304500 0.905300
vt 0.342300 0.891600
vt 0.347300 0.673800
vt 0.572600 0.774500
vt 0.571600 0.775200
vt 0.570400 0.775100
vt 0.570700 0.774000
vt 0.571500 0.773200
vt 0.572500 0.772500
vt 0.573700 0.772600
vt 0.573400 0.773700
vt 0.572100 0.773800
vt 0.581800 0.824700
vt 0.583300 0.824700
vt 0.583000 0.826100
vt 0.581300 0.826300
vt 0.579600 0.826500
vt 0.580600 0.825500
vt 0.580700 0.828000
vt 0.579300 0.827900
vt 0.582000 0.827200
vt 0.693800 0.938600
vt 0.688700 0.757600
vt 0.698400 0.897800
vt 0.694900 0.798100
vt 0.734800 0.938600
vt 0.729600 0.755800
vt 0.730300 0.897700
vt 0.726900 0.796900
vt 0.759800 0.795300
vt 0.763100 0.897700
vt 0.753200 0.754500
vt 0.758700 0.938800
f 1/1/1 2/2/2 3/3/3
f 1/1/1 3/3/3 4/4/4
f 5/5/5 6/6/6 7/7/7
f 5/5/5 7/7/7 8/8/8
f 9/9/9 10/10/10 11/11/11
f 9/9/9 11/11/11 12/12/12
f 13/13/13 14/14/14 15/15/15
f 13/13/13 15/15/15 16/16/16
f 17/17/17 18/18/18 19/19/19
f 17/17/17 19/19/19 20/20/20
f 21/21/21 22/22/22 23/23/23
f 21/21/21 23/23/23 24/24/24
f 25/25/25 26/26/26 27/27/27
f 25/25/25 27/27/27 28/28/28
f 29/29/29 30/30/30 31/31/31
f 29/29/29 31/31/31 32/32/32
f 33/33/33 34/34/34 35/35/35
f 33/33/33 35/35/35 36/36/36
f 37/37/37 38/38/38 39/39/39
f 37/37/37 39/39/39 40/40/40
f 41/41/41 42/42/42 43/43/43
f 41/41/41 43/43/43 44/44/44
f 45/45/45 46/46/46 47/47/47
f 45/45/45 47/47/47 48/48/48
f 49/49/49 50/50/50 51/51/51
f 49/49/49 51/51/51 52/52/52
f 53/53/53 52/52/52 51/51/51
f 53/53/53 51/51/51 54/54/54
f 53/53/53 54/54/54 55/55/55
f 53/53/53 55/55/55 56/56/56
f 57/57/57 56/56/56 55/55/55
f 57/57/57 55/55/55 58/58/58
f 57/57/57 58/58/58 59/59/59
f 57/57/57 59/59/59 60/60/60
f 61/61/61 60/60/60 59/59/59
f 61/61/61 59/59/59 62/62/62
f 63/63/63 61/61/61 62/62/62
f 63/63/63 62/62/62 64/64/64
f 63/63/63 64/64/64 50/50/50
f 63/63/63 50/50/50 49/49/49
f 52/52/52 65/65/65 63/63/63
f 52/52/52 63/63/63 49/49/49
f 52/52/52 53/53/53 56/56/56
f 52/52/52 56/56/56 65/65/65
f 56/56/56 57/57/57 60/60/60
f 56/56/56 60/60/60 65/65/65
f 60/60/60 61/61/61 63/63/63
f 60/60/60 63/63/63 65/65/65
f 66/66/66 67/67/67 68/68/68
f 66/66/66 68/68/68 69/69/69
f 70/70/70 71/71/71 66/66/66
f 70/70/70 66/66/66 69/69/69
f 72/72/72 73/73/73 70/70/70
f 72/72/72 70/70/70 69/69/69
f 72/72/72 69/69/69 68/68/68
f 72/72/72 68/68/68 74/74/74
f 68/68/68 75/75/75 76/76/76
f 68/68/68 76/76/76 74/74/74
f 68/68/68 67/67/67 77/77/77
f 68/68/68 77/77/77 75/75/75
f 67/67/67 66/66/66 78/78/78
f 67/67/67 78/78/78 77/77/77
f 71/71/71 79/79/79 78/78/78
f 71/71/71 78/78/78 66/66/66
f 71/71/71 70/70/70 80/80/80
f 71/71/71 80/80/80 79/79/79
f 73/73/73 81/81/81 80/80/80
f 73/73/73 80/80/80 70/70/70
f 73/73/73 72/72/72 82/82/82
f 73/73/73 82/82/82 81/81/81
f 74/74/74 76/76/76 82/82/82
f 74/74/74 82/82/82 72/72/72
f 83/83/83 84/84/84 85/85/85
f 83/83/83 85/85/85 86/86/86
f 84/84/84 87/87/87 88/88/88
f 84/84/84 88/88/88 85/85/85
f 87/87/87 89/89/89 90/90/90
f 87/87/87 90/90/90 88/88/88
f 89/89/89 91/91/91 92/92/92
f 89/89/89 92/92/92 90/90/90
f 91/91/91 93/93/93 94/94/94
f 91/91/91 94/94/94 92/92/92
f 93/93/93 95/95/95 96/96/96
f 93/93/93 96/96/96 94/94/94
f 95/95/95 97/97/97 98/98/98
f 95/95/95 98/98/98 96/96/96
f 97/97/97 99/99/99 100/100/100
f 97/97/97 100/100/100 98/98/98
f 99/99/99 101/101/101 102/102/102
f 99/99/99 102/102/102 100/100/100
f 101/101/101 103/103/103 104/104/104
f 101/101/101 104/104/104 102/102/102
f 103/103/103 105/105/105 106/106/106
f 103/103/103 106/106/106 104/104/104
f 105/105/105 83/83/83 86/86/86
f 105/105/105 86/86/86 106/106/106
f 107/107/107 108/108/108 109/109/109
f 107/107/107 109/109/109 110/110/110
f 87/87/87 111/111/111 91/91/91
f 87/87/87 91/91/91 89/89/89
f 109/109/109 108/108/108 112/112/112
f 109/109/109 112/112/112 113/113/113
f 83/83/83 111/111/111 87/87/87
f 83/83/83 87/87/87 84/84/84
f 112/112/112 108/108/108 114/114/114
f 112/112/112 114/114/114 115/115/115
f 103/103/103 111/111/111 83/83/83
f 103/103/103 83/83/83 105/105/105
f 114/114/114 108/108/108 116/116/116
f 114/114/114 116/116/116 117/117/117
f 99/99/99 111/111/111 103/103/103
f 99/99/99 103/103/103 101/101/101
f 116/116/116 108/108/108 118/118/118
f 116/116/116 118/118/118 119/119/119
f 95/95/95 111/111/111 99/99/99
f 95/95/95 99/99/99 97/97/97
f 118/118/118 108/108/108 107/107/107
f 118/118/118 107/107/107 120/120/120
f 91/91/91 111/111/111 95/95/95
f 91/91/91 95/95/95 93/93/93
f 121/121/121 122/122/122 123/123/123
f 121/121/121 123/123/123 124/124/124
f 124/124/124 123/123/123 125/125/125
f 124/124/124 125/125/125 126/126/126
f 127/127/127 121/121/121 124/124/124
f 127/127/127 124/124/124 128/128/128
f 128/128/128 124/124/124 126/126/126
f 128/128/128 126/126/126 129/129/129
f 130/130/130 127/127/127 128/128/128
f 130/130/130 128/128/128 131/131/131
f 131/131/131 128/128/128 129/129/129
f 131/131/131 129/129/129 132/132/132
f 133/133/133 130/130/130 131/131/131
f 133/133/133 131/131/131 134/134/134
f 134/134/134 131/131/131 132/132/132
f 134/134/134 132/132/132 135/135/135
f 136/136/136 133/133/133 134/134/134
f 136/136/136 134/134/134 137/137/137
f 137/137/137 134/134/134 135/135/135
f 137/137/137 135/135/135 138/138/138
f 139/139/139 136/136/136 137/137/137
f 139/139/139 137/137/137 140/140/140
f 140/140/140 137/137/137 138/138/138
f 140/140/140 138/138/138 141/141/141
f 142/142/142 139/139/139 140/140/140
f 142/142/142 140/140/140 143/143/143
f 143/143/143 140/140/140 141/141/141
f 143/143/143 141/141/141 144/144/144
f 145/145/145 142/142/142 143/143/143
f 145/145/145 143/143/143 146/146/146
f 146/146/146 143/143/143 144/144/144
f 146/146/146 144/144/144 147/147/147
f 148/148/148 145/145/145 146/146/146
f 148/148/148 146/146/146 149/149/149
f 149/149/149 146/146/146 147/147/147
f 149/149/149 147/147/147 150/150/150
f 151/151/151 148/148/148 149/149/149
f 151/151/151 149/149/149 152/152/152
f 152/152/152 149/149/149 150/150/150
f 152/152/152 150/150/150 153/153/153
f 154/154/154 151/151/151 152/152/152
f 154/154/154 152/152/152 155/155/155
f 155/155/155 152/152/152 153/153/153
f 155/155/155 153/153/153 156/156/156
f 157/157/157 154/154/154 155/155/155
f 157/157/157 155/155/155 158/158/158
f 158/158/158 155/155/155 156/156/156
f 158/158/158 156/156/156 159/159/159
f 160/160/160 161/161/161 162/162/162
f 160/160/160 162/162/162 163/163/163
f 163/163/163 162/162/162 113/113/113
f 163/163/163 113/113/113 112/112/112
f 161/161/161 164/164/164 165/165/165
f 161/161/161 165/165/165 162/162/162
f 162/162/162 165/165/165 109/109/109
f 162/162/162 109/109/109 113/113/113
f 164/164/164 166/166/166 167/167/167
f 164/164/164 167/167/167 165/165/165
f 165/165/165 167/167/167 110/110/110
f 165/165/165 110/110/110 109/109/109
f 166/166/166 168/168/168 169/169/169
f 166/166/166 169/169/169 167/167/167
f 167/167/167 169/169/169 107/107/107
f 167/167/167 107/107/107 110/110/110
f 168/168/168 170/170/170 171/171/171
f 168/168/168 171/171/171 169/169/169
f 169/169/169 171/171/171 120/120/120
f 169/169/169 120/120/120 107/107/107
f 170/170/170 172/172/172 173/173/173
f 170/170/170 173/173/173 171/171/171
f 171/171/171 173/173/173 118/118/118
f 171/171/171 118/118/118 120/120/120
f 172/172/172 174/174/174 175/175/175
f 172/172/172 175/175/175 173/173/173
f 173/173/173 175/175/175 119/119/119
f 173/173/173 119/119/119 118/118/118
f 174/174/174 176/176/176 177/177/177
f 174/174/174 177/177/177 175/175/175
f 175/175/175 177/177/177 116/116/116
f 175/175/175 116/116/116 119/119/119
f 176/176/176 178/178/178 179/179/179
f 176/176/176 179/179/179 177/177/177
f 177/177/177 179/179/179 117/117/117
f 177/177/177 117/117/117 116/116/116
f 178/178/178 180/180/180 181/181/181
f 178/178/178 181/181/181 179/179/179
f 179/179/179 181/181/181 114/114/114
f 179/179/179 114/114/114 117/117/117
f 180/180/180 182/182/182 183/183/183
f 180/180/180 183/183/183 181/181/181
f 181/181/181 183/183/183 115/115/115
f 181/181/181 115/115/115 114/114/114
f 182/182/182 160/160/160 163/163/163
f 182/182/182 163/163/163 183/183/183
f 183/183/183 163/163/163 112/112/112
f 183/183/183 112/112/112 115/115/115
f 126/126/126 125/125/125 184/184/184
f 126/126/126 184/184/184 185/185/185
f 185/185/185 184/184/184 186/186/186
f 185/185/185 186/186/186 187/187/187
f 129/129/129 126/126/126 185/185/185
f 129/129/129 185/185/185 188/188/188
f 188/188/188 185/185/185 187/187/187
f 188/188/188 187/187/187 189/189/189
f 132/132/132 129/129/129 188/188/188
f 132/132/132 188/188/188 190/190/190
f 190/190/190 188/188/188 189/189/189
f 190/190/190 189/189/189 191/191/191
f 135/135/135 132/132/132 190/190/190
f 135/135/135 190/190/190 192/192/192
f 192/192/192 190/190/190 191/191/191
f 192/192/192 191/191/191 193/193/193
f 138/138/138 135/135/135 192/192/192
f 138/138/138 192/192/192 194/194/194
f 194/194/194 192/192/192 193/193/193
f 194/194/194 193/193/193 195/195/195
f 141/141/141 138/138/138 194/194/194
f 141/141/141 194/194/194 196/196/196
f 196/196/196 194/194/194 195/195/195
f 196/196/196 195/195/195 197/197/197
f 144/144/144 141/141/141 196/196/196
f 144/144/144 196/196/196 198/198/198
f 198/198/198 196/196/196 197/197/197
f 198/198/198 197/197/197 199/199/199
f 147/147/147 144/144/144 198/198/198
f 147/147/147 198/198/198 200/200/200
f 200/200/200 198/198/198 199/199/199
f 200/200/200 199/199/199 201/201/201
f 150/150/150 147/147/147 200/200/200
f 150/150/150 200/200/200 202/202/202
f 202/202/202 200/200/200 201/201/201
f 202/202/202 201/201/201 203/203/203
f 153/153/153 150/150/150 202/202/202
f 153/153/153 202/202/202 204/204/204
f 204/204/204 202/202/202 203/203/203
f 204/204/204 203/203/203 205/205/205
f 156/156/156 153/153/153 204/204/204
f 156/156/156 204/204/204 206/206/206
f 206/206/206 204/204/204 205/205/205
f 206/206/206 205/205/205 207/207/207
f 159/159/159 156/156/156 206/206/206
f 159/159/159 206/206/206 208/208/208
f 208/208/208 206/206/206 207/207/207
f 208/208/208 207/207/207 209/209/209
f 210/210/210 211/211/211 212/212/212
f 210/210/210 212/212/212 213/213/213
f 214/214/214 215/215/215 216/216/216
f 214/214/214 216/216/216 217/217/217
f 215/215/215 214/214/214 218/218/218
f 215/215/215 218/218/218 219/219/219
f 220/220/220 221/221/221 222/222/222
f 220/220/220 222/222/222 223/223/223
f 224/224/224 225/225/225 221/221/221
f 224/224/224 221/221/221 220/220/220
f 226/226/226 227/227/227 228/228/228
f 226/226/226 228/228/228 229/229/229
f 230/230/230 231/231/231 232/232/232
f 230/230/230 232/232/232 233/233/233
f 234/234/234 235/235/235 236/236/236
f 234/234/234 236/236/236 237/237/237
f 237/237/237 236/236/236 238/238/238
f 237/237/237 238/238/238 239/239/239
f 240/240/240 241/241/241 242/242/242
f 240/240/240 242/242/242 243/243/243
f 241/241/241 240/240/240 244/244/244
f 241/241/241 244/244/244 245/245/245
f 246/246/246 247/247/247 248/248/248
f 246/246/246 248/248/248 249/249/249
f 250/250/250 251/251/251 233/233/233
f 250/250/250 233/233/233 232/232/232
f 227/227/227 226/226/226 252/252/252
f 227/227/227 252/252/252 253/253/253
f 254/254/254 255/255/255 256/256/256
f 254/254/254 256/256/256 257/257/257
f 258/258/258 259/259/259 260/260/260
f 258/258/258 260/260/260 261/261/261
f 262/262/262 263/263/263 264/264/264
f 262/262/262 264/264/264 265/265/265
f 263/263/263 210/210/210 213/213/213
f 263/263/263 213/213/213 264/264/264
f 215/215/215 266/266/266 267/267/267
f 215/215/215 267/267/267 216/216/216
f 266/266/266 268/268/268 269/269/269
f 266/266/266 269/269/269 267/267/267
f 268/268/268 266/266/266 270/270/270
f 268/268/268 270/270/270 271/271/271
f 266/266/266 215/215/215 219/219/219
f 266/266/266 219/219/219 270/270/270
f 272/272/272 273/273/273 274/274/274
f 272/272/272 274/274/274 275/275/275
f 273/273/273 220/220/220 223/223/223
f 273/273/273 223/223/223 274/274/274
f 276/276/276 277/277/277 273/273/273
f 276/276/276 273/273/273 272/272/272
f 277/277/277 224/224/224 220/220/220
f 277/277/277 220/220/220 273/273/273
f 278/278/278 279/279/279 280/280/280
f 278/278/278 280/280/280 281/281/281
f 279/279/279 226/226/226 229/229/229
f 279/279/279 229/229/229 280/280/280
f 231/231/231 282/282/282 283/283/283
f 231/231/231 283/283/283 232/232/232
f 282/282/282 284/284/284 285/285/285
f 282/282/282 285/285/285 283/283/283
f 286/286/286 287/287/287 288/288/288
f 286/286/286 288/288/288 289/289/289
f 287/287/287 234/234/234 237/237/237
f 287/287/287 237/237/237 288/288/288
f 289/289/289 288/288/288 290/290/290
f 289/289/289 290/290/290 291/291/291
f 288/288/288 237/237/237 239/239/239
f 288/288/288 239/239/239 290/290/290
f 292/292/292 293/293/293 294/294/294
f 292/292/292 294/294/294 295/295/295
f 293/293/293 240/240/240 243/243/243
f 293/293/293 243/243/243 294/294/294
f 240/240/240 293/293/293 296/296/296
f 240/240/240 296/296/296 244/244/244
f 293/293/293 292/292/292 297/297/297
f 293/293/293 297/297/297 296/296/296
f 247/247/247 298/298/298 299/299/299
f 247/247/247 299/299/299 248/248/248
f 298/298/298 300/300/300 301/301/301
f 298/298/298 301/301/301 299/299/299
f 302/302/302 303/303/303 283/283/283
f 302/302/302 283/283/283 285/285/285
f 303/303/303 250/250/250 232/232/232
f 303/303/303 232/232/232 283/283/283
f 226/226/226 279/279/279 304/304/304
f 226/226/226 304/304/304 252/252/252
f 279/279/279 278/278/278 305/305/305
f 279/279/279 305/305/305 304/304/304
f 306/306/306 307/307/307 308/308/308
f 306/306/306 308/308/308 309/309/309
f 307/307/307 254/254/254 257/257/257
f 307/307/307 257/257/257 308/308/308
f 259/259/259 310/310/310 311/311/311
f 259/259/259 311/311/311 260/260/260
f 310/310/310 312/312/312 313/313/313
f 310/310/310 313/313/313 311/311/311
f 314/314/314 315/315/315 316/316/316
f 314/314/314 316/316/316 317/317/317
f 318/318/318 319/319/319 320/320/320
f 318/318/318 320/320/320 321/321/321
f 322/322/322 323/323/323 324/324/324
f 322/322/322 324/324/324 325/325/325
f 326/326/326 327/327/327 328/328/328
f 326/326/326 328/328/328 329/329/329
f 330/330/330 331/331/331 332/332/332
f 330/330/330 332/332/332 333/333/333
f 334/334/334 335/335/335 336/336/336
f 334/334/334 336/336/336 337/337/337
f 338/338/338 339/339/339 331/331/331
f 338/338/338 331/331/331 330/330/330
f 340/340/340 341/341/341 339/339/339
f 340/340/340 339/339/339 338/338/338
f 342/342/342 343/343/343 344/344/344
f 342/342/342 344/344/344 345/345/345
f 337/337/337 336/336/336 343/343/343
f 337/337/337 343/343/343 342/342/342
f 346/346/346 347/347/347 348/348/348
f 346/346/346 348/348/348 349/349/349
f 347/347/347 314/314/314 317/317/317
f 347/347/347 317/317/317 348/348/348
f 319/319/319 350/350/350 351/351/351
f 319/319/319 351/351/351 320/320/320
f 350/350/350 352/352/352 353/353/353
f 350/350/350 353/353/353 351/351/351
f 354/354/354 355/355/355 356/356/356
f 354/354/354 356/356/356 357/357/357
f 355/355/355 322/322/322 325/325/325
f 355/355/355 325/325/325 356/356/356
f 327/327/327 358/358/358 359/359/359
f 327/327/327 359/359/359 328/328/328
f 358/358/358 360/360/360 361/361/361
f 358/358/358 361/361/361 359/359/359
f 254/254/254 362/362/362 363/363/363
f 254/254/254 363/363/363 255/255/255
f 362/362/362 330/330/330 333/333/333
f 362/362/362 333/333/333 363/363/363
f 246/246/246 364/364/364 365/365/365
f 246/246/246 365/365/365 247/247/247
f 364/364/364 334/334/334 337/337/337
f 364/364/364 337/337/337 365/365/365
f 307/307/307 366/366/366 362/362/362
f 307/307/307 362/362/362 254/254/254
f 366/366/366 338/338/338 330/330/330
f 366/366/366 330/330/330 362/362/362
f 306/306/306 367/367/367 366/366/366
f 306/306/306 366/366/366 307/307/307
f 367/367/367 340/340/340 338/338/338
f 367/367/367 338/338/338 366/366/366
f 298/298/298 368/368/368 369/369/369
f 298/298/298 369/369/369 300/300/300
f 368/368/368 342/342/342 345/345/345
f 368/368/368 345/345/345 369/369/369
f 247/247/247 365/365/365 368/368/368
f 247/247/247 368/368/368 298/298/298
f 365/365/365 337/337/337 342/342/342
f 365/365/365 342/342/342 368/368/368
f 39/39/39 370/370/370 371/371/371
f 39/39/39 371/371/371 40/40/40
f 35/35/35 372/372/372 373/373/373
f 35/35/35 373/373/373 36/36/36
f 238/238/238 374/374/374 375/375/375
f 238/238/238 375/375/375 239/239/239
f 376/376/376 377/377/377 378/378/378
f 376/376/376 378/378/378 379/379/379
f 290/290/290 380/380/380 381/381/381
f 290/290/290 381/381/381 291/291/291
f 239/239/239 375/375/375 380/380/380
f 239/239/239 380/380/380 290/290/290
f 382/382/382 383/383/383 377/377/377
f 382/382/382 377/377/377 376/376/376
f 384/384/384 385/385/385 383/383/383
f 384/384/384 383/383/383 382/382/382
f 256/256/256 386/386/386 387/387/387
f 256/256/256 387/387/387 257/257/257
f 386/386/386 249/249/249 248/248/248
f 386/386/386 248/248/248 387/387/387
f 260/260/260 388/388/388 389/389/389
f 260/260/260 389/389/389 261/261/261
f 388/388/388 390/390/390 391/391/391
f 388/388/388 391/391/391 389/389/389
f 308/308/308 392/392/392 393/393/393
f 308/308/308 393/393/393 309/309/309
f 392/392/392 299/299/299 301/301/301
f 392/392/392 301/301/301 393/393/393
f 257/257/257 387/387/387 392/392/392
f 257/257/257 392/392/392 308/308/308
f 387/387/387 248/248/248 299/299/299
f 387/387/387 299/299/299 392/392/392
f 311/311/311 394/394/394 388/388/388
f 311/311/311 388/388/388 260/260/260
f 394/394/394 395/395/395 390/390/390
f 394/394/394 390/390/390 388/388/388
f 313/313/313 396/396/396 394/394/394
f 313/313/313 394/394/394 311/311/311
f 396/396/396 397/397/397 395/395/395
f 396/396/396 395/395/395 394/394/394
f 324/324/324 398/398/398 399/399/399
f 324/324/324 399/399/399 325/325/325
f 398/398/398 321/321/321 320/320/320
f 398/398/398 320/320/320 399/399/399
f 328/328/328 400/400/400 401/401/401
f 328/328/328 401/401/401 329/329/329
f 400/400/400 317/317/317 316/316/316
f 400/400/400 316/316/316 401/401/401
f 356/356/356 402/402/402 403/403/403
f 356/356/356 403/403/403 357/357/357
f 402/402/402 351/351/351 353/353/353
f 402/402/402 353/353/353 403/403/403
f 325/325/325 399/399/399 402/402/402
f 325/325/325 402/402/402 356/356/356
f 399/399/399 320/320/320 351/351/351
f 399/399/399 351/351/351 402/402/402
f 359/359/359 404/404/404 400/400/400
f 359/359/359 400/400/400 328/328/328
f 404/404/404 348/348/348 317/317/317
f 404/404/404 317/317/317 400/400/400
f 361/361/361 405/405/405 404/404/404
f 361/361/361 404/404/404 359/359/359
f 405/405/405 349/349/349 348/348/348
f 405/405/405 348/348/348 404/404/404
f 315/315/315 406/406/406 407/407/407
f 315/315/315 407/407/407 316/316/316
f 321/321/321 408/408/408 409/409/409
f 321/321/321 409/409/409 318/318/318
f 390/390/390 410/410/410 411/411/411
f 390/390/390 411/411/411 391/391/391
f 335/335/335 412/412/412 413/413/413
f 335/335/335 413/413/413 336/336/336
f 395/395/395 414/414/414 410/410/410
f 395/395/395 410/410/410 390/390/390
f 397/397/397 415/415/415 414/414/414
f 397/397/397 414/414/414 395/395/395
f 343/343/343 416/416/416 417/417/417
f 343/343/343 417/417/417 344/344/344
f 336/336/336 413/413/413 416/416/416
f 336/336/336 416/416/416 343/343/343
f 406/406/406 418/418/418 419/419/419
f 406/406/406 419/419/419 407/407/407
f 418/418/418 37/37/37 40/40/40
f 418/418/418 40/40/40 419/419/419
f 408/408/408 420/420/420 421/421/421
f 408/408/408 421/421/421 409/409/409
f 420/420/420 35/35/35 34/34/34
f 420/420/420 34/34/34 421/421/421
f 410/410/410 422/422/422 423/423/423
f 410/410/410 423/423/423 411/411/411
f 422/422/422 376/376/376 379/379/379
f 422/422/422 379/379/379 423/423/423
f 412/412/412 424/424/424 425/425/425
f 412/412/412 425/425/425 413/413/413
f 424/424/424 235/235/235 234/234/234
f 424/424/424 234/234/234 425/425/425
f 414/414/414 426/426/426 422/422/422
f 414/414/414 422/422/422 410/410/410
f 426/426/426 382/382/382 376/376/376
f 426/426/426 376/376/376 422/422/422
f 415/415/415 427/427/427 426/426/426
f 415/415/415 426/426/426 414/414/414
f 427/427/427 384/384/384 382/382/382
f 427/427/427 382/382/382 426/426/426
f 416/416/416 428/428/428 429/429/429
f 416/416/416 429/429/429 417/417/417
f 428/428/428 287/287/287 286/286/286
f 428/428/428 286/286/286 429/429/429
f 413/413/413 425/425/425 428/428/428
f 413/413/413 428/428/428 416/416/416
f 425/425/425 234/234/234 287/287/287
f 425/425/425 287/287/287 428/428/428
f 370/370/370 430/430/430 431/431/431
f 370/370/370 431/431/431 371/371/371
f 430/430/430 47/47/47 46/46/46
f 430/430/430 46/46/46 431/431/431
f 372/372/372 432/432/432 433/433/433
f 372/372/372 433/433/433 373/373/373
f 432/432/432 41/41/41 44/44/44
f 432/432/432 44/44/44 433/433/433
f 374/374/374 434/434/434 435/435/435
f 374/374/374 435/435/435 375/375/375
f 434/434/434 436/436/436 437/437/437
f 434/434/434 437/437/437 435/435/435
f 377/377/377 438/438/438 439/439/439
f 377/377/377 439/439/439 378/378/378
f 438/438/438 243/243/243 242/242/242
f 438/438/438 242/242/242 439/439/439
f 380/380/380 440/440/440 441/441/441
f 380/380/380 441/441/441 381/381/381
f 440/440/440 442/442/442 443/443/443
f 440/440/440 443/443/443 441/441/441
f 375/375/375 435/435/435 440/440/440
f 375/375/375 440/440/440 380/380/380
f 435/435/435 437/437/437 442/442/442
f 435/435/435 442/442/442 440/440/440
f 383/383/383 444/444/444 438/438/438
f 383/383/383 438/438/438 377/377/377
f 444/444/444 294/294/294 243/243/243
f 444/444/444 243/243/243 438/438/438
f 385/385/385 445/445/445 444/444/444
f 385/385/385 444/444/444 383/383/383
f 445/445/445 295/295/295 294/294/294
f 445/445/445 294/294/294 444/444/444
f 47/47/47 446/446/446 447/447/447
f 47/47/47 447/447/447 48/48/48
f 43/43/43 448/448/448 449/449/449
f 43/43/43 449/449/449 44/44/44
f 244/244/244 450/450/450 451/451/451
f 244/244/244 451/451/451 245/245/245
f 436/436/436 452/452/452 453/453/453
f 436/436/436 453/453/453 437/437/437
f 296/296/296 454/454/454 450/450/450
f 296/296/296 450/450/450 244/244/244
f 297/297/297 455/455/455 454/454/454
f 297/297/297 454/454/454 296/296/296
f 442/442/442 456/456/456 457/457/457
f 442/442/442 457/457/457 443/443/443
f 437/437/437 453/453/453 456/456/456
f 437/437/437 456/456/456 442/442/442
f 446/446/446 458/458/458 459/459/459
f 446/446/446 459/459/459 447/447/447
f 458/458/458 30/30/30 29/29/29
f 458/458/458 29/29/29 459/459/459
f 448/448/448 460/460/460 461/461/461
f 448/448/448 461/461/461 449/449/449
f 460/460/460 26/26/26 25/25/25
f 460/460/460 25/25/25 461/461/461
f 450/450/450 462/462/462 463/463/463
f 450/450/450 463/463/463 451/451/451
f 462/462/462 231/231/231 230/230/230
f 462/462/462 230/230/230 463/463/463
f 452/452/452 464/464/464 465/465/465
f 452/452/452 465/465/465 453/453/453
f 464/464/464 466/466/466 467/467/467
f 464/464/464 467/467/467 465/465/465
f 454/454/454 468/468/468 462/462/462
f 454/454/454 462/462/462 450/450/450
f 468/468/468 282/282/282 231/231/231
f 468/468/468 231/231/231 462/462/462
f 455/455/455 469/469/469 468/468/468
f 455/455/455 468/468/468 454/454/454
f 469/469/469 284/284/284 282/282/282
f 469/469/469 282/282/282 468/468/468
f 456/456/456 470/470/470 471/471/471
f 456/456/456 471/471/471 457/457/457
f 470/470/470 472/472/472 473/473/473
f 470/470/470 473/473/473 471/471/471
f 453/453/453 465/465/465 470/470/470
f 453/453/453 470/470/470 456/456/456
f 465/465/465 467/467/467 472/472/472
f 465/465/465 472/472/472 470/470/470
f 474/474/474 31/31/31 30/30/30
f 474/474/474 30/30/30 475/475/475
f 476/476/476 25/25/25 28/28/28
f 476/476/476 28/28/28 477/477/477
f 478/478/478 251/251/251 250/250/250
f 478/478/478 250/250/250 479/479/479
f 480/480/480 467/467/467 466/466/466
f 480/480/480 466/466/466 481/481/481
f 482/482/482 303/303/303 302/302/302
f 482/482/482 302/302/302 483/483/483
f 479/479/479 250/250/250 303/303/303
f 479/479/479 303/303/303 482/482/482
f 484/484/484 472/472/472 467/467/467
f 484/484/484 467/467/467 480/480/480
f 485/485/485 473/473/473 472/472/472
f 485/485/485 472/472/472 484/484/484
f 23/23/23 486/486/486 487/487/487
f 23/23/23 487/487/487 24/24/24
f 486/486/486 474/474/474 475/475/475
f 486/486/486 475/475/475 487/487/487
f 19/19/19 488/488/488 489/489/489
f 19/19/19 489/489/489 20/20/20
f 488/488/488 476/476/476 477/477/477
f 488/488/488 477/477/477 489/489/489
f 490/490/490 491/491/491 492/492/492
f 490/490/490 492/492/492 493/493/493
f 491/491/491 478/478/478 479/479/479
f 491/491/491 479/479/479 492/492/492
f 252/252/252 494/494/494 495/495/495
f 252/252/252 495/495/495 253/253/253
f 494/494/494 480/480/480 481/481/481
f 494/494/494 481/481/481 495/495/495
f 496/496/496 497/497/497 498/498/498
f 496/496/496 498/498/498 499/499/499
f 497/497/497 482/482/482 483/483/483
f 497/497/497 483/483/483 498/498/498
f 493/493/493 492/492/492 497/497/497
f 493/493/493 497/497/497 496/496/496
f 492/492/492 479/479/479 482/482/482
f 492/492/492 482/482/482 497/497/497
f 304/304/304 500/500/500 494/494/494
f 304/304/304 494/494/494 252/252/252
f 500/500/500 484/484/484 480/480/480
f 500/500/500 480/480/480 494/494/494
f 305/305/305 501/501/501 500/500/500
f 305/305/305 500/500/500 304/304/304
f 501/501/501 485/485/485 484/484/484
f 501/501/501 484/484/484 500/500/500
f 20/20/20 502/502/502 503/503/503
f 20/20/20 503/503/503 17/17/17
f 22/22/22 504/504/504 505/505/505
f 22/22/22 505/505/505 23/23/23
f 228/228/228 506/506/506 507/507/507
f 228/228/228 507/507/507 229/229/229
f 493/493/493 508/508/508 509/509/509
f 493/493/493 509/509/509 490/490/490
f 280/280/280 510/510/510 511/511/511
f 280/280/280 511/511/511 281/281/281
f 229/229/229 507/507/507 510/510/510
f 229/229/229 510/510/510 280/280/280
f 496/496/496 512/512/512 508/508/508
f 496/496/496 508/508/508 493/493/493
f 499/499/499 513/513/513 512/512/512
f 499/499/499 512/512/512 496/496/496
f 502/502/502 514/514/514 515/515/515
f 502/502/502 515/515/515 503/503/503
f 514/514/514 15/15/15 14/14/14
f 514/514/514 14/14/14 515/515/515
f 504/504/504 516/516/516 517/517/517
f 504/504/504 517/517/517 505/505/505
f 516/516/516 9/9/9 12/12/12
f 516/516/516 12/12/12 517/517/517
f 506/506/506 518/518/518 519/519/519
f 506/506/506 519/519/519 507/507/507
f 518/518/518 225/225/225 224/224/224
f 518/518/518 224/224/224 519/519/519
f 508/508/508 520/520/520 521/521/521
f 508/508/508 521/521/521 509/509/509
f 520/520/520 522/522/522 523/523/523
f 520/520/520 523/523/523 521/521/521
f 510/510/510 524/524/524 525/525/525
f 510/510/510 525/525/525 511/511/511
f 524/524/524 277/277/277 276/276/276
f 524/524/524 276/276/276 525/525/525
f 507/507/507 519/519/519 524/524/524
f 507/507/507 524/524/524 510/510/510
f 519/519/519 224/224/224 277/277/277
f 519/519/519 277/277/277 524/524/524
f 512/512/512 526/526/526 520/520/520
f 512/512/512 520/520/520 508/508/508
f 526/526/526 527/527/527 522/522/522
f 526/526/526 522/522/522 520/520/520
f 513/513/513 528/528/528 526/526/526
f 513/513/513 526/526/526 512/512/512
f 528/528/528 529/529/529 527/527/527
f 528/528/528 527/527/527 526/526/526
f 15/15/15 530/530/530 531/531/531
f 15/15/15 531/531/531 16/16/16
f 11/11/11 532/532/532 533/533/533
f 11/11/11 533/533/533 12/12/12
f 522/522/522 534/534/534 535/535/535
f 522/522/522 535/535/535 523/523/523
f 222/222/222 536/536/536 537/537/537
f 222/222/222 537/537/537 223/223/223
f 527/527/527 538/538/538 534/534/534
f 527/527/527 534/534/534 522/522/522
f 529/529/529 539/539/539 538/538/538
f 529/529/529 538/538/538 527/527/527
f 274/274/274 540/540/540 541/541/541
f 274/274/274 541/541/541 275/275/275
f 223/223/223 537/537/537 540/540/540
f 223/223/223 540/540/540 274/274/274
f 530/530/530 542/542/542 543/543/543
f 530/530/530 543/543/543 531/531/531
f 542/542/542 5/5/5 8/8/8
f 542/542/542 8/8/8 543/543/543
f 532/532/532 544/544/544 545/545/545
f 532/532/532 545/545/545 533/533/533
f 544/544/544 3/3/3 2/2/2
f 544/544/544 2/2/2 545/545/545
f 534/534/534 546/546/546 547/547/547
f 534/534/534 547/547/547 535/535/535
f 546/546/546 219/219/219 218/218/218
f 546/546/546 218/218/218 547/547/547
f 536/536/536 548/548/548 549/549/549
f 536/536/536 549/549/549 537/537/537
f 548/548/548 550/550/550 551/551/551
f 548/548/548 551/551/551 549/549/549
f 538/538/538 552/552/552 546/546/546
f 538/538/538 546/546/546 534/534/534
f 552/552/552 270/270/270 219/219/219
f 552/552/552 219/219/219 546/546/546
f 539/539/539 553/553/553 552/552/552
f 539/539/539 552/552/552 538/538/538
f 553/553/553 271/271/271 270/270/270
f 553/553/553 270/270/270 552/552/552
f 540/540/540 554/554/554 555/555/555
f 540/540/540 555/555/555 541/541/541
f 554/554/554 556/556/556 557/557/557
f 554/554/554 557/557/557 555/555/555
f 537/537/537 549/549/549 554/554/554
f 537/537/537 554/554/554 540/540/540
f 549/549/549 551/551/551 556/556/556
f 549/549/549 556/556/556 554/554/554
f 7/7/7 558/558/558 559/559/559
f 7/7/7 559/559/559 8/8/8
f 3/3/3 560/560/560 561/561/561
f 3/3/3 561/561/561 4/4/4
f 550/550/550 562/562/562 563/563/563
f 550/550/550 563/563/563 551/551/551
f 216/216/216 564/564/564 565/565/565
f 216/216/216 565/565/565 217/217/217
f 556/556/556 566/566/566 567/567/567
f 556/556/556 567/567/567 557/557/557
f 551/551/551 563/563/563 566/566/566
f 551/551/551 566/566/566 556/556/556
f 267/267/267 568/568/568 564/564/564
f 267/267/267 564/564/564 216/216/216
f 269/269/269 569/569/569 568/568/568
f 269/269/269 568/568/568 267/267/267
f 558/558/558 570/570/570 571/571/571
f 558/558/558 571/571/571 559/559/559
f 570/570/570 572/572/572 573/573/573
f 570/570/570 573/573/573 571/571/571
f 560/560/560 574/574/574 575/575/575
f 560/560/560 575/575/575 561/561/561
f 574/574/574 576/576/576 577/577/577
f 574/574/574 577/577/577 575/575/575
f 562/562/562 578/578/578 579/579/579
f 562/562/562 579/579/579 563/563/563
f 578/578/578 580/580/580 581/581/581
f 578/578/578 581/581/581 579/579/579
f 564/564/564 582/582/582 583/583/583
f 564/564/564 583/583/583 565/565/565
f 582/582/582 584/584/584 585/585/585
f 582/582/582 585/585/585 583/583/583
f 566/566/566 586/586/586 587/587/587
f 566/566/566 587/587/587 567/567/567
f 586/586/586 588/588/588 589/589/589
f 586/586/586 589/589/589 587/587/587
f 563/563/563 579/579/579 586/586/586
f 563/563/563 586/586/586 566/566/566
f 579/579/579 581/581/581 588/588/588
f 579/579/579 588/588/588 586/586/586
f 568/568/568 590/590/590 582/582/582
f 568/568/568 582/582/582 564/564/564
f 590/590/590 591/591/591 584/584/584
f 590/590/590 584/584/584 582/582/582
f 569/569/569 592/592/592 590/590/590
f 569/569/569 590/590/590 568/568/568
f 592/592/592 593/593/593 591/591/591
f 592/592/592 591/591/591 590/590/590
f 594/594/594 211/211/211 210/210/210
f 594/594/594 210/210/210 595/595/595
f 596/596/596 581/581/581 580/580/580
f 596/596/596 580/580/580 597/597/597
f 598/598/598 263/263/263 262/262/262
f 598/598/598 262/262/262 599/599/599
f 595/595/595 210/210/210 263/263/263
f 595/595/595 263/263/263 598/598/598
f 600/600/600 588/588/588 581/581/581
f 600/600/600 581/581/581 596/596/596
f 601/601/601 589/589/589 588/588/588
f 601/601/601 588/588/588 600/600/600
f 602/602/602 603/603/603 604/604/604
f 602/602/602 604/604/604 605/605/605
f 603/603/603 594/594/594 595/595/595
f 603/603/603 595/595/595 604/604/604
f 606/606/606 607/607/607 608/608/608
f 606/606/606 608/608/608 609/609/609
f 607/607/607 596/596/596 597/597/597
f 607/607/607 597/597/597 608/608/608
f 610/610/610 611/611/611 612/612/612
f 610/610/610 612/612/612 613/613/613
f 611/611/611 598/598/598 599/599/599
f 611/611/611 599/599/599 612/612/612
f 605/605/605 604/604/604 611/611/611
f 605/605/605 611/611/611 610/610/610
f 604/604/604 595/595/595 598/598/598
f 604/604/604 598/598/598 611/611/611
f 614/614/614 615/615/615 607/607/607
f 614/614/614 607/607/607 606/606/606
f 615/615/615 600/600/600 596/596/596
f 615/615/615 596/596/596 607/607/607
f 616/616/616 617/617/617 615/615/615
f 616/616/616 615/615/615 614/614/614
f 617/617/617 601/601/601 600/600/600
f 617/617/617 600/600/600 615/615/615
f 618/618/618 619/619/619 620/620/620
f 618/618/618 620/620/620 621/621/621
f 622/622/622 623/623/623 624/624/624
f 622/622/622 624/624/624 625/625/625
f 626/626/626 213/213/213 212/212/212
f 626/626/626 212/212/212 627/627/627
f 628/628/628 629/629/629 630/630/630
f 628/628/628 630/630/630 631/631/631
f 632/632/632 264/264/264 213/213/213
f 632/632/632 213/213/213 626/626/626
f 633/633/633 265/265/265 264/264/264
f 633/633/633 264/264/264 632/632/632
f 634/634/634 635/635/635 636/636/636
f 634/634/634 636/636/636 637/637/637
f 631/631/631 630/630/630 635/635/635
f 631/631/631 635/635/635 634/634/634
f 638/638/638 639/639/639 619/619/619
f 638/638/638 619/619/619 618/618/618
f 623/623/623 622/622/622 640/640/640
f 623/623/623 640/640/640 641/641/641
f 642/642/642 643/643/643 639/639/639
f 642/642/642 639/639/639 638/638/638
f 644/644/644 645/645/645 643/643/643
f 644/644/644 643/643/643 642/642/642
f 646/646/646 647/647/647 648/648/648
f 646/646/646 648/648/648 649/649/649
f 641/641/641 640/640/640 647/647/647
f 641/641/641 647/647/647 646/646/646
f 576/576/576 650/650/650 651/651/651
f 576/576/576 651/651/651 577/577/577
f 650/650/650 618/618/618 621/621/621
f 650/650/650 621/621/621 651/651/651
f 623/623/623 652/652/652 653/653/653
f 623/623/623 653/653/653 624/624/624
f 652/652/652 573/573/573 572/572/572
f 652/652/652 572/572/572 653/653/653
f 584/584/584 654/654/654 655/655/655
f 584/584/584 655/655/655 585/585/585
f 654/654/654 626/626/626 627/627/627
f 654/654/654 627/627/627 655/655/655
f 609/609/609 656/656/656 657/657/657
f 609/609/609 657/657/657 606/606/606
f 656/656/656 628/628/628 631/631/631
f 656/656/656 631/631/631 657/657/657
f 591/591/591 658/658/658 654/654/654
f 591/591/591 654/654/654 584/584/584
f 658/658/658 632/632/632 626/626/626
f 658/658/658 626/626/626 654/654/654
f 593/593/593 659/659/659 658/658/658
f 593/593/593 658/658/658 591/591/591
f 659/659/659 633/633/633 632/632/632
f 659/659/659 632/632/632 658/658/658
f 614/614/614 660/660/660 661/661/661
f 614/614/614 661/661/661 616/616/616
f 660/660/660 634/634/634 637/637/637
f 660/660/660 637/637/637 661/661/661
f 606/606/606 657/657/657 660/660/660
f 606/606/606 660/660/660 614/614/614
f 657/657/657 631/631/631 634/634/634
f 657/657/657 634/634/634 660/660/660
f 662/662/662 663/663/663 650/650/650
f 662/662/662 650/650/650 576/576/576
f 663/663/663 638/638/638 618/618/618
f 663/663/663 618/618/618 650/650/650
f 573/573/573 652/652/652 664/664/664
f 573/573/573 664/664/664 665/665/665
f 652/652/652 623/623/623 641/641/641
f 652/652/652 641/641/641 664/664/664
f 666/666/666 667/667/667 663/663/663
f 666/666/666 663/663/663 662/662/662
f 667/667/667 642/642/642 638/638/638
f 667/667/667 638/638/638 663/663/663
f 668/668/668 669/669/669 667/667/667
f 668/668/668 667/667/667 666/666/666
f 669/669/669 644/644/644 642/642/642
f 669/669/669 642/642/642 667/667/667
f 670/670/670 671/671/671 672/672/672
f 670/670/670 672/672/672 673/673/673
f 671/671/671 646/646/646 649/649/649
f 671/671/671 649/649/649 672/672/672
f 665/665/665 664/664/664 671/671/671
f 665/665/665 671/671/671 670/670/670
f 664/664/664 641/641/641 646/646/646
f 664/664/664 646/646/646 671/671/671
f 674/674/674 675/675/675 676/676/676
f 674/674/674 676/676/676 677/677/677
f 678/678/678 679/679/679 675/675/675
f 678/678/678 675/675/675 674/674/674
f 680/680/680 681/681/681 679/679/679
f 680/680/680 679/679/679 678/678/678
f 682/682/682 683/683/683 681/681/681
f 682/682/682 681/681/681 680/680/680
f 684/684/684 685/685/685 683/683/683
f 684/684/684 683/683/683 682/682/682
f 686/686/686 687/687/687 685/685/685
f 686/686/686 685/685/685 684/684/684
f 688/688/688 689/689/689 687/687/687
f 688/688/688 687/687/687 686/686/686
f 677/677/677 676/676/676 689/689/689
f 677/677/677 689/689/689 688/688/688
f 64/64/64 690/690/690 691/691/691
f 64/64/64 691/691/691 50/50/50
f 690/690/690 674/674/674 677/677/677
f 690/690/690 677/677/677 691/691/691
f 62/62/62 692/692/692 690/690/690
f 62/62/62 690/690/690 64/64/64
f 692/692/692 678/678/678 674/674/674
f 692/692/692 674/674/674 690/690/690
f 59/59/59 693/693/693 692/692/692
f 59/59/59 692/692/692 62/62/62
f 693/693/693 680/680/680 678/678/678
f 693/693/693 678/678/678 692/692/692
f 58/58/58 694/694/694 693/693/693
f 58/58/58 693/693/693 59/59/59
f 694/694/694 682/682/682 680/680/680
f 694/694/694 680/680/680 693/693/693
f 55/55/55 695/695/695 694/694/694
f 55/55/55 694/694/694 58/58/58
f 695/695/695 684/684/684 682/682/682
f 695/695/695 682/682/682 694/694/694
f 54/54/54 696/696/696 695/695/695
f 54/54/54 695/695/695 55/55/55
f 696/696/696 686/686/686 684/684/684
f 696/696/696 684/684/684 695/695/695
f 51/51/51 697/697/697 696/696/696
f 51/51/51 696/696/696 54/54/54
f 697/697/697 688/688/688 686/686/686
f 697/697/697 686/686/686 696/696/696
f 50/50/50 691/691/691 697/697/697
f 50/50/50 697/697/697 51/51/51
f 691/691/691 677/677/677 688/688/688
f 691/691/691 688/688/688 697/697/697
f 698/698/698 699/699/699 700/700/700
f 698/698/698 700/700/700 701/701/701
f 699/699/699 702/702/702 703/703/703
f 699/699/699 703/703/703 700/700/700
f 704/704/704 705/705/705 699/699/699
f 704/704/704 699/699/699 698/698/698
f 705/705/705 706/706/706 702/702/702
f 705/705/705 702/702/702 699/699/699
f 707/707/707 708/708/708 705/705/705
f 707/707/707 705/705/705 704/704/704
f 708/708/708 709/709/709 706/706/706
f 708/708/708 706/706/706 705/705/705
f 710/710/710 711/711/711 708/708/708
f 710/710/710 708/708/708 707/707/707
f 711/711/711 712/712/712 709/709/709
f 711/711/711 709/709/709 708/708/708
f 713/713/713 714/714/714 711/711/711
f 713/713/713 711/711/711 710/710/710
f 714/714/714 715/715/715 712/712/712
f 714/714/714 712/712/712 711/711/711
f 716/716/716 717/717/717 714/714/714
f 716/716/716 714/714/714 713/713/713
f 717/717/717 718/718/718 715/715/715
f 717/717/717 715/715/715 714/714/714
f 719/719/719 720/720/720 717/717/717
f 719/719/719 717/717/717 716/716/716
f 720/720/720 721/721/721 718/718/718
f 720/720/720 718/718/718 717/717/717
f 701/701/701 700/700/700 720/720/720
f 701/701/701 720/720/720 719/719/719
f 700/700/700 703/703/703 721/721/721
f 700/700/700 721/721/721 720/720/720
f 722/722/722 676/676/676 675/675/675
f 722/722/722 675/675/675 723/723/723
f 723/723/723 675/675/675 679/679/679
f 723/723/723 679/679/679 724/724/724
f 724/724/724 679/679/679 681/681/681
f 724/724/724 681/681/681 725/725/725
f 725/725/725 681/681/681 683/683/683
f 725/725/725 683/683/683 726/726/726
f 726/726/726 683/683/683 685/685/685
f 726/726/726 685/685/685 727/727/727
f 727/727/727 685/685/685 687/687/687
f 727/727/727 687/687/687 728/728/728
f 728/728/728 687/687/687 689/689/689
f 728/728/728 689/689/689 729/729/729
f 729/729/729 689/689/689 676/676/676
f 729/729/729 676/676/676 722/722/722
f 703/703/703 730/730/730 731/731/731
f 703/703/703 731/731/731 721/721/721
f 730/730/730 722/722/722 723/723/723
f 730/730/730 723/723/723 731/731/731
f 721/721/721 731/731/731 732/732/732
f 721/721/721 732/732/732 718/718/718
f 731/731/731 723/723/723 724/724/724
f 731/731/731 724/724/724 732/732/732
f 718/718/718 732/732/732 733/733/733
f 718/718/718 733/733/733 715/715/715
f 732/732/732 724/724/724 725/725/725
f 732/732/732 725/725/725 733/733/733
f 715/715/715 733/733/733 734/734/734
f 715/715/715 734/734/734 712/712/712
f 733/733/733 725/725/725 726/726/726
f 733/733/733 726/726/726 734/734/734
f 712/712/712 734/734/734 735/735/735
f 712/712/712 735/735/735 709/709/709
f 734/734/734 726/726/726 727/727/727
f 734/734/734 727/727/727 735/735/735
f 709/709/709 735/735/735 736/736/736
f 709/709/709 736/736/736 706/706/706
f 735/735/735 727/727/727 728/728/728
f 735/735/735 728/728/728 736/736/736
f 706/706/706 736/736/736 737/737/737
f 706/706/706 737/737/737 702/702/702
f 736/736/736 728/728/728 729/729/729
f 736/736/736 729/729/729 737/737/737
f 702/702/702 737/737/737 730/730/730
f 702/702/702 730/730/730 703/703/703
f 737/737/737 729/729/729 722/722/722
f 737/737/737 722/722/722 730/730/730
f 738/738/738 739/739/739 740/740/740
f 738/738/738 740/740/740 741/741/741
f 741/741/741 740/740/740 742/742/742
f 741/741/741 742/742/742 743/743/743
f 743/743/743 742/742/742 744/744/744
f 743/743/743 744/744/744 745/745/745
f 745/745/745 744/744/744 746/746/746
f 745/745/745 746/746/746 747/747/747
f 747/747/747 746/746/746 748/748/748
f 747/747/747 748/748/748 749/749/749
f 749/749/749 748/748/748 750/750/750
f 749/749/749 750/750/750 751/751/751
f 751/751/751 750/750/750 752/752/752
f 751/751/751 752/752/752 753/753/753
f 753/753/753 752/752/752 739/739/739
f 753/753/753 739/739/739 738/738/738
f 76/76/76 754/754/754 755/755/755
f 76/76/76 755/755/755 82/82/82
f 754/754/754 738/738/738 741/741/741
f 754/754/754 741/741/741 755/755/755
f 82/82/82 755/755/755 756/756/756
f 82/82/82 756/756/756 81/81/81
f 755/755/755 741/741/741 743/743/743
f 755/755/755 743/743/743 756/756/756
f 81/81/81 756/756/756 757/757/757
f 81/81/81 757/757/757 80/80/80
f 756/756/756 743/743/743 745/745/745
f 756/756/756 745/745/745 757/757/757
f 80/80/80 757/757/757 758/758/758
f 80/80/80 758/758/758 79/79/79
f 757/757/757 745/745/745 747/747/747
f 757/757/757 747/747/747 758/758/758
f 79/79/79 758/758/758 759/759/759
f 79/79/79 759/759/759 78/78/78
f 758/758/758 747/747/747 749/749/749
f 758/758/758 749/749/749 759/759/759
f 78/78/78 759/759/759 760/760/760
f 78/78/78 760/760/760 77/77/77
f 759/759/759 749/749/749 751/751/751
f 759/759/759 751/751/751 760/760/760
f 77/77/77 760/760/760 761/761/761
f 77/77/77 761/761/761 75/75/75
f 760/760/760 751/751/751 753/753/753
f 760/760/760 753/753/753 761/761/761
f 75/75/75 761/761/761 754/754/754
f 75/75/75 754/754/754 76/76/76
f 761/761/761 753/753/753 738/738/738
f 761/761/761 738/738/738 754/754/754
f 762/762/762 763/763/763 764/764/764
f 762/762/762 764/764/764 765/765/765
f 766/766/766 767/767/767 763/763/763
f 766/766/766 763/763/763 762/762/762
f 768/768/768 769/769/769 767/767/767
f 768/768/768 767/767/767 766/766/766
f 770/770/770 771/771/771 769/769/769
f 770/770/770 769/769/769 768/768/768
f 772/772/772 773/773/773 771/771/771
f 772/772/772 771/771/771 770/770/770
f 774/774/774 775/775/775 773/773/773
f 774/774/774 773/773/773 772/772/772
f 776/776/776 777/777/777 775/775/775
f 776/776/776 775/775/775 774/774/774
f 765/765/765 764/764/764 777/777/777
f 765/765/765 777/777/777 776/776/776
f 763/763/763 778/778/778 779/779/779
f 763/763/763 779/779/779 764/764/764
f 778/778/778 740/740/740 739/739/739
f 778/778/778 739/739/739 779/779/779
f 767/767/767 780/780/780 778/778/778
f 767/767/767 778/778/778 763/763/763
f 780/780/780 742/742/742 740/740/740
f 780/780/780 740/740/740 778/778/778
f 769/769/769 781/781/781 780/780/780
f 769/769/769 780/780/780 767/767/767
f 781/781/781 744/744/744 742/742/742
f 781/781/781 742/742/742 780/780/780
f 771/771/771 782/782/782 781/781/781
f 771/771/771 781/781/781 769/769/769
f 782/782/782 746/746/746 744/744/744
f 782/782/782 744/744/744 781/781/781
f 773/773/773 783/783/783 782/782/782
f 773/773/773 782/782/782 771/771/771
f 783/783/783 748/748/748 746/746/746
f 783/783/783 746/746/746 782/782/782
f 775/775/775 784/784/784 783/783/783
f 775/775/775 783/783/783 773/773/773
f 784/784/784 750/750/750 748/748/748
f 784/784/784 748/748/748 783/783/783
f 777/777/777 785/785/785 784/784/784
f 777/777/777 784/784/784 775/775/775
f 785/785/785 752/752/752 750/750/750
f 785/785/785 750/750/750 784/784/784
f 764/764/764 779/779/779 785/785/785
f 764/764/764 785/785/785 777/777/777
f 779/779/779 739/739/739 752/752/752
f 779/779/779 752/752/752 785/785/785
f 786/786/786 787/787/787 788/788/788
f 786/786/786 788/788/788 789/789/789
f 787/787/787 765/765/765 776/776/776
f 787/787/787 776/776/776 788/788/788
f 789/789/789 788/788/788 790/790/790
f 789/789/789 790/790/790 791/791/791
f 788/788/788 776/776/776 774/774/774
f 788/788/788 774/774/774 790/790/790
f 791/791/791 790/790/790 792/792/792
f 791/791/791 792/792/792 793/793/793
f 790/790/790 774/774/774 772/772/772
f 790/790/790 772/772/772 792/792/792
f 793/793/793 792/792/792 794/794/794
f 793/793/793 794/794/794 795/795/795
f 792/792/792 772/772/772 770/770/770
f 792/792/792 770/770/770 794/794/794
f 795/795/795 794/794/794 796/796/796
f 795/795/795 796/796/796 797/797/797
f 794/794/794 770/770/770 768/768/768
f 794/794/794 768/768/768 796/796/796
f 797/797/797 796/796/796 798/798/798
f 797/797/797 798/798/798 799/799/799
f 796/796/796 768/768/768 766/766/766
f 796/796/796 766/766/766 798/798/798
f 799/799/799 798/798/798 800/800/800
f 799/799/799 800/800/800 801/801/801
f 798/798/798 766/766/766 762/762/762
f 798/798/798 762/762/762 800/800/800
f 801/801/801 800/800/800 787/787/787
f 801/801/801 787/787/787 786/786/786
f 800/800/800 762/762/762 765/765/765
f 800/800/800 765/765/765 787/787/787
f 802/802/802 803/803/803 804/804/804
f 802/802/802 804/804/804 805/805/805
f 806/806/806 802/802/802 805/805/805
f 806/806/806 805/805/805 807/807/807
f 808/808/808 809/809/809 803/803/803
f 808/808/808 803/803/803 802/802/802
f 810/810/810 808/808/808 802/802/802
f 810/810/810 802/802/802 806/806/806
f 811/811/811 812/812/812 809/809/809
f 811/811/811 809/809/809 808/808/808
f 813/813/813 811/811/811 808/808/808
f 813/813/813 808/808/808 810/810/810
f 814/814/814 815/815/815 812/812/812
f 814/814/814 812/812/812 811/811/811
f 816/816/816 814/814/814 811/811/811
f 816/816/816 811/811/811 813/813/813
f 817/817/817 818/818/818 815/815/815
f 817/817/817 815/815/815 814/814/814
f 819/819/819 817/817/817 814/814/814
f 819/819/819 814/814/814 816/816/816
f 820/820/820 821/821/821 818/818/818
f 820/820/820 818/818/818 817/817/817
f 822/822/822 820/820/820 817/817/817
f 822/822/822 817/817/817 819/819/819
f 823/823/823 824/824/824 821/821/821
f 823/823/823 821/821/821 820/820/820
f 825/825/825 823/823/823 820/820/820
f 825/825/825 820/820/820 822/822/822
f 805/805/805 804/804/804 824/824/824
f 805/805/805 824/824/824 823/823/823
f 807/807/807 805/805/805 823/823/823
f 807/807/807 823/823/823 825/825/825
f 826/826/826 827/827/827 828/828/828
f 826/826/826 828/828/828 829/829/829
f 830/830/830 826/826/826 829/829/829
f 830/830/830 829/829/829 831/831/831
f 829/829/829 828/828/828 832/832/832
f 829/829/829 832/832/832 833/833/833
f 831/831/831 829/829/829 833/833/833
f 831/831/831 833/833/833 834/834/834
f 833/833/833 832/832/832 835/835/835
f 833/833/833 835/835/835 836/836/836
f 834/834/834 833/833/833 836/836/836
f 834/834/834 836/836/836 837/837/837
f 836/836/836 835/835/835 838/838/838
f 836/836/836 838/838/838 839/839/839
f 837/837/837 836/836/836 839/839/839
f 837/837/837 839/839/839 840/840/840
f 839/839/839 838/838/838 841/841/841
f 839/839/839 841/841/841 842/842/842
f 840/840/840 839/839/839 842/842/842
f 840/840/840 842/842/842 843/843/843
f 842/842/842 841/841/841 844/844/844
f 842/842/842 844/844/844 845/845/845
f 843/843/843 842/842/842 845/845/845
f 843/843/843 845/845/845 846/846/846
f 845/845/845 844/844/844 847/847/847
f 845/845/845 847/847/847 848/848/848
f 846/846/846 845/845/845 848/848/848
f 846/846/846 848/848/848 849/849/849
f 848/848/848 847/847/847 827/827/827
f 848/848/848 827/827/827 826/826/826
f 849/849/849 848/848/848 826/826/826
f 849/849/849 826/826/826 830/830/830
f 804/804/804 830/830/830 831/831/831
f 804/804/804 831/831/831 824/824/824
f 824/824/824 831/831/831 834/834/834
f 824/824/824 834/834/834 821/821/821
f 821/821/821 834/834/834 837/837/837
f 821/821/821 837/837/837 818/818/818
f 818/818/818 837/837/837 840/840/840
f 818/818/818 840/840/840 815/815/815
f 815/815/815 840/840/840 843/843/843
f 815/815/815 843/843/843 812/812/812
f 812/812/812 843/843/843 846/846/846
f 812/812/812 846/846/846 809/809/809
f 809/809/809 846/846/846 849/849/849
f 809/809/809 849/849/849 803/803/803
f 803/803/803 849/849/849 830/830/830
f 803/803/803 830/830/830 804/804/804
f 850/850/850 851/851/851 852/852/852
f 850/850/850 852/852/852 853/853/853
f 854/854/854 850/850/850 853/853/853
f 854/854/854 853/853/853 855/855/855
f 856/856/856 857/857/857 851/851/851
f 856/856/856 851/851/851 850/850/850
f 858/858/858 856/856/856 850/850/850
f 858/858/858 850/850/850 854/854/854
f 859/859/859 860/860/860 857/857/857
f 859/859/859 857/857/857 856/856/856
f 861/861/861 859/859/859 856/856/856
f 861/861/861 856/856/856 858/858/858
f 862/862/862 863/863/863 860/860/860
f 862/862/862 860/860/860 859/859/859
f 864/864/864 862/862/862 859/859/859
f 864/864/864 859/859/859 861/861/861
f 865/865/865 866/866/866 863/863/863
f 865/865/865 863/863/863 862/862/862
f 867/867/867 865/865/865 862/862/862
f 867/867/867 862/862/862 864/864/864
f 868/868/868 869/869/869 866/866/866
f 868/868/868 866/866/866 865/865/865
f 870/870/870 868/868/868 865/865/865
f 870/870/870 865/865/865 867/867/867
f 871/871/871 872/872/872 869/869/869
f 871/871/871 869/869/869 868/868/868
f 873/873/873 871/871/871 868/868/868
f 873/873/873 868/868/868 870/870/870
f 853/853/853 852/852/852 872/872/872
f 853/853/853 872/872/872 871/871/871
f 855/855/855 853/853/853 871/871/871
f 855/855/855 871/871/871 873/873/873
f 851/851/851 828/828/828 827/827/827
f 851/851/851 827/827/827 852/852/852
f 857/857/857 832/832/832 828/828/828
f 857/857/857 828/828/828 851/851/851
f 860/860/860 835/835/835 832/832/832
f 860/860/860 832/832/832 857/857/857
f 863/863/863 838/838/838 835/835/835
f 863/863/863 835/835/835 860/860/860
f 866/866/866 841/841/841 838/838/838
f 866/866/866 838/838/838 863/863/863
f 869/869/869 844/844/844 841/841/841
f 869/869/869 841/841/841 866/866/866
f 872/872/872 847/847/847 844/844/844
f 872/872/872 844/844/844 869/869/869
f 852/852/852 827/827/827 847/847/847
f 852/852/852 847/847/847 872/872/872
f 874/874/874 875/875/875 876/876/876
f 874/874/874 876/876/876 877/877/877
f 878/878/878 874/874/874 877/877/877
f 878/878/878 877/877/877 879/879/879
f 880/880/880 881/881/881 875/875/875
f 880/880/880 875/875/875 874/874/874
f 882/882/882 880/880/880 874/874/874
f 882/882/882 874/874/874 878/878/878
f 883/883/883 884/884/884 881/881/881
f 883/883/883 881/881/881 880/880/880
f 885/885/885 883/883/883 880/880/880
f 885/885/885 880/880/880 882/882/882
f 886/886/886 887/887/887 884/884/884
f 886/886/886 884/884/884 883/883/883
f 888/888/888 886/886/886 883/883/883
f 888/888/888 883/883/883 885/885/885
f 889/889/889 890/890/890 887/887/887
f 889/889/889 887/887/887 886/886/886
f 891/891/891 889/889/889 886/886/886
f 891/891/891 886/886/886 888/888/888
f 892/892/892 893/893/893 890/890/890
f 892/892/892 890/890/890 889/889/889
f 894/894/894 892/892/892 889/889/889
f 894/894/894 889/889/889 891/891/891
f 895/895/895 896/896/896 893/893/893
f 895/895/895 893/893/893 892/892/892
f 897/897/897 895/895/895 892/892/892
f 897/897/897 892/892/892 894/894/894
f 877/877/877 876/876/876 896/896/896
f 877/877/877 896/896/896 895/895/895
f 879/879/879 877/877/877 895/895/895
f 879/879/879 895/895/895 897/897/897
f 875/875/875 898/898/898 899/899/899
f 875/875/875 899/899/899 876/876/876
f 881/881/881 900/900/900 898/898/898
f 881/881/881 898/898/898 875/875/875
f 884/884/884 901/901/901 900/900/900
f 884/884/884 900/900/900 881/881/881
f 887/887/887 902/902/902 901/901/901
f 887/887/887 901/901/901 884/884/884
f 890/890/890 903/903/903 902/902/902
f 890/890/890 902/902/902 887/887/887
f 893/893/893 904/904/904 903/903/903
f 893/893/893 903/903/903 890/890/890
f 896/896/896 905/905/905 904/904/904
f 896/896/896 904/904/904 893/893/893
f 876/876/876 899/899/899 905/905/905
f 876/876/876 905/905/905 896/896/896
f 906/906/906 879/879/879 897/897/897
f 906/906/906 897/897/897 907/907/907
f 908/908/908 906/906/906 907/907/907
f 908/908/908 907/907/907 909/909/909
f 907/907/907 897/897/897 894/894/894
f 907/907/907 894/894/894 910/910/910
f 909/909/909 907/907/907 910/910/910
f 909/909/909 910/910/910 911/911/911
f 910/910/910 894/894/894 891/891/891
f 910/910/910 891/891/891 912/912/912
f 911/911/911 910/910/910 912/912/912
f 911/911/911 912/912/912 913/913/913
f 912/912/912 891/891/891 888/888/888
f 912/912/912 888/888/888 914/914/914
f 913/913/913 912/912/912 914/914/914
f 913/913/913 914/914/914 915/915/915
f 914/914/914 888/888/888 885/885/885
f 914/914/914 885/885/885 916/916/916
f 915/915/915 914/914/914 916/916/916
f 915/915/915 916/916/916 917/917/917
f 916/916/916 885/885/885 882/882/882
f 916/916/916 882/882/882 918/918/918
f 917/917/917 916/916/916 918/918/918
f 917/917/917 918/918/918 919/919/919
f 918/918/918 882/882/882 878/878/878
f 918/918/918 878/878/878 920/920/920
f 919/919/919 918/918/918 920/920/920
f 919/919/919 920/920/920 921/921/921
f 920/920/920 878/878/878 879/879/879
f 920/920/920 879/879/879 906/906/906
f 921/921/921 920/920/920 906/906/906
f 921/921/921 906/906/906 908/908/908
f 922/922/922 923/923/923 924/924/924
f 922/922/922 924/924/924 925/925/925
f 926/926/926 922/922/922 925/925/925
f 926/926/926 925/925/925 927/927/927
f 925/925/925 924/924/924 928/928/928
f 925/925/925 928/928/928 929/929/929
f 927/927/927 925/925/925 929/929/929
f 927/927/927 929/929/929 930/930/930
f 929/929/929 928/928/928 931/931/931
f 929/929/929 931/931/931 932/932/932
f 930/930/930 929/929/929 932/932/932
f 930/930/930 932/932/932 933/933/933
f 932/932/932 931/931/931 934/934/934
f 932/932/932 934/934/934 935/935/935
f 933/933/933 932/932/932 935/935/935
f 933/933/933 935/935/935 936/936/936
f 935/935/935 934/934/934 937/937/937
f 935/935/935 937/937/937 938/938/938
f 936/936/936 935/935/935 938/938/938
f 936/936/936 938/938/938 939/939/939
f 938/938/938 937/937/937 940/940/940
f 938/938/938 940/940/940 941/941/941
f 939/939/939 938/938/938 941/941/941
f 939/939/939 941/941/941 942/942/942
f 941/941/941 940/940/940 943/943/943
f 941/941/941 943/943/943 944/944/944
f 942/942/942 941/941/941 944/944/944
f 942/942/942 944/944/944 945/945/945
f 944/944/944 943/943/943 923/923/923
f 944/944/944 923/923/923 922/922/922
f 945/945/945 944/944/944 922/922/922
f 945/945/945 922/922/922 926/926/926
f 923/923/923 899/899/899 898/898/898
f 923/923/923 898/898/898 924/924/924
f 924/924/924 898/898/898 900/900/900
f 924/924/924 900/900/900 928/928/928
f 928/928/928 900/900/900 901/901/901
f 928/928/928 901/901/901 931/931/931
f 931/931/931 901/901/901 902/902/902
f 931/931/931 902/902/902 934/934/934
f 934/934/934 902/902/902 903/903/903
f 934/934/934 903/903/903 937/937/937
f 937/937/937 903/903/903 904/904/904
f 937/937/937 904/904/904 940/940/940
f 940/940/940 904/904/904 905/905/905
f 940/940/940 905/905/905 943/943/943
f 943/943/943 905/905/905 899/899/899
f 943/943/943 899/899/899 923/923/923
f 946/946/946 947/947/947 948/948/948
f 946/946/946 948/948/948 949/949/949
f 950/950/950 946/946/946 949/949/949
f 950/950/950 949/949/949 951/951/951
f 949/949/949 948/948/948 952/952/952
f 949/949/949 952/952/952 953/953/953
f 951/951/951 949/949/949 953/953/953
f 951/951/951 953/953/953 954/954/954
f 955/955/955 956/956/956 957/957/957
f 955/955/955 957/957/957 958/958/958
f 959/959/959 955/955/955 958/958/958
f 959/959/959 958/958/958 960/960/960
f 958/958/958 957/957/957 961/961/961
f 958/958/958 961/961/961 962/962/962
f 960/960/960 958/958/958 962/962/962
f 960/960/960 962/962/962 963/963/963
f 964/964/964 965/965/965 947/947/947
f 964/964/964 947/947/947 946/946/946
f 966/966/966 964/964/964 946/946/946
f 966/966/966 946/946/946 950/950/950
f 962/962/962 961/961/961 967/967/967
f 962/962/962 967/967/967 968/968/968
f 963/963/963 962/962/962 968/968/968
f 963/963/963 968/968/968 969/969/969
f 970/970/970 971/971/971 972/972/972
f 970/970/970 972/972/972 973/973/973
f 974/974/974 970/970/970 973/973/973
f 974/974/974 973/973/973 975/975/975
f 973/973/973 972/972/972 976/976/976
f 973/973/973 976/976/976 977/977/977
f 975/975/975 973/973/973 977/977/977
f 975/975/975 977/977/977 978/978/978
f 979/979/979 980/980/980 981/981/981
f 979/979/979 981/981/981 982/982/982
f 983/983/983 979/979/979 982/982/982
f 983/983/983 982/982/982 984/984/984
f 982/982/982 981/981/981 985/985/985
f 982/982/982 985/985/985 986/986/986
f 984/984/984 982/982/982 986/986/986
f 984/984/984 986/986/986 987/987/987
f 988/988/988 989/989/989 971/971/971
f 988/988/988 971/971/971 970/970/970
f 990/990/990 988/988/988 970/970/970
f 990/990/990 970/970/970 974/974/974
f 986/986/986 985/985/985 991/991/991
f 986/986/986 991/991/991 992/992/992
f 987/987/987 986/986/986 992/992/992
f 987/987/987 992/992/992 993/993/993
f 964/964/964 966/966/966 994/994/994
f 964/964/964 994/994/994 995/995/995
f 965/965/965 964/964/964 995/995/995
f 965/965/965 995/995/995 996/996/996
f 968/968/968 967/967/967 997/997/997
f 968/968/968 997/997/997 998/998/998
f 969/969/969 968/968/968 998/998/998
f 969/969/969 998/998/998 999/999/999
f 947/947/947 1000/1000/1000 1001/1001/1001
f 947/947/947 1001/1001/1001 948/948/948
f 948/948/948 1001/1001/1001 1002/1002/1002
f 948/948/948 1002/1002/1002 952/952/952
f 956/956/956 1003/1003/1003 1004/1004/1004
f 956/956/956 1004/1004/1004 957/957/957
f 957/957/957 1004/1004/1004 1005/1005/1005
f 957/957/957 1005/1005/1005 961/961/961
f 965/965/965 1006/1006/1006 1000/1000/1000
f 965/965/965 1000/1000/1000 947/947/947
f 961/961/961 1005/1005/1005 1007/1007/1007
f 961/961/961 1007/1007/1007 967/967/967
f 971/971/971 1008/1008/1008 1009/1009/1009
f 971/971/971 1009/1009/1009 972/972/972
f 972/972/972 1009/1009/1009 1010/1010/1010
f 972/972/972 1010/1010/1010 976/976/976
f 980/980/980 1011/1011/1011 1012/1012/1012
f 980/980/980 1012/1012/1012 981/981/981
f 981/981/981 1012/1012/1012 1013/1013/1013
f 981/981/981 1013/1013/1013 985/985/985
f 989/989/989 1014/1014/1014 1008/1008/1008
f 989/989/989 1008/1008/1008 971/971/971
f 985/985/985 1013/1013/1013 1015/1015/1015
f 985/985/985 1015/1015/1015 991/991/991
f 1006/1006/1006 965/965/965 996/996/996
f 1006/1006/1006 996/996/996 1016/1016/1016
f 967/967/967 1007/1007/1007 1017/1017/1017
f 967/967/967 1017/1017/1017 997/997/997
f 1018/1018/1018 1019/1019/1019 1020/1020/1020
f 1018/1018/1018 1020/1020/1020 1021/1021/1021
f 978/978/978 1018/1018/1018 1021/1021/1021
f 978/978/978 1021/1021/1021 975/975/975
f 1021/1021/1021 1020/1020/1020 1022/1022/1022
f 1021/1021/1021 1022/1022/1022 1023/1023/1023
f 975/975/975 1021/1021/1021 1023/1023/1023
f 975/975/975 1023/1023/1023 974/974/974
f 1024/1024/1024 1025/1025/1025 1026/1026/1026
f 1024/1024/1024 1026/1026/1026 1027/1027/1027
f 1028/1028/1028 1024/1024/1024 1027/1027/1027
f 1028/1028/1028 1027/1027/1027 1029/1029/1029
f 1027/1027/1027 1026/1026/1026 1030/1030/1030
f 1027/1027/1027 1030/1030/1030 1031/1031/1031
f 1029/1029/1029 1027/1027/1027 1031/1031/1031
f 1029/1029/1029 1031/1031/1031 1032/1032/1032
f 1023/1023/1023 1022/1022/1022 1033/1033/1033
f 1023/1023/1023 1033/1033/1033 1034/1034/1034
f 974/974/974 1023/1023/1023 1034/1034/1034
f 974/974/974 1034/1034/1034 990/990/990
f 1035/1035/1035 1036/1036/1036 1025/1025/1025
f 1035/1035/1035 1025/1025/1025 1024/1024/1024
f 1037/1037/1037 1035/1035/1035 1024/1024/1024
f 1037/1037/1037 1024/1024/1024 1028/1028/1028
f 1019/1019/1019 1038/1038/1038 1039/1039/1039
f 1019/1019/1019 1039/1039/1039 1020/1020/1020
f 1020/1020/1020 1039/1039/1039 1040/1040/1040
f 1020/1020/1020 1040/1040/1040 1022/1022/1022
f 1025/1025/1025 1041/1041/1041 1042/1042/1042
f 1025/1025/1025 1042/1042/1042 1026/1026/1026
f 1026/1026/1026 1042/1042/1042 1043/1043/1043
f 1026/1026/1026 1043/1043/1043 1030/1030/1030
f 1022/1022/1022 1040/1040/1040 1044/1044/1044
f 1022/1022/1022 1044/1044/1044 1033/1033/1033
f 1036/1036/1036 1045/1045/1045 1041/1041/1041
f 1036/1036/1036 1041/1041/1041 1025/1025/1025
f 1046/1046/1046 983/983/983 984/984/984
f 1046/1046/1046 984/984/984 1047/1047/1047
f 1048/1048/1048 1046/1046/1046 1047/1047/1047
f 1048/1048/1048 1047/1047/1047 1049/1049/1049
f 1047/1047/1047 984/984/984 987/987/987
f 1047/1047/1047 987/987/987 1050/1050/1050
f 1049/1049/1049 1047/1047/1047 1050/1050/1050
f 1049/1049/1049 1050/1050/1050 1051/1051/1051
f 1052/1052/1052 1040/1040/1040 1039/1039/1039
f 1052/1052/1052 1039/1039/1039 1053/1053/1053
f 1054/1054/1054 1052/1052/1052 1053/1053/1053
f 1054/1054/1054 1053/1053/1053 1055/1055/1055
f 1053/1053/1053 1039/1039/1039 1038/1038/1038
f 1053/1053/1053 1038/1038/1038 1056/1056/1056
f 1055/1055/1055 1053/1053/1053 1056/1056/1056
f 1055/1055/1055 1056/1056/1056 1057/1057/1057
f 1050/1050/1050 987/987/987 993/993/993
f 1050/1050/1050 993/993/993 1058/1058/1058
f 1051/1051/1051 1050/1050/1050 1058/1058/1058
f 1051/1051/1051 1058/1058/1058 1059/1059/1059
f 1060/1060/1060 1044/1044/1044 1040/1040/1040
f 1060/1060/1060 1040/1040/1040 1052/1052/1052
f 1061/1061/1061 1060/1060/1060 1052/1052/1052
f 1061/1061/1061 1052/1052/1052 1054/1054/1054
f 1062/1062/1062 969/969/969 999/999/999
f 1062/1062/1062 999/999/999 1063/1063/1063
f 1064/1064/1064 1062/1062/1062 1063/1063/1063
f 1064/1064/1064 1063/1063/1063 1065/1065/1065
f 1066/1066/1066 994/994/994 966/966/966
f 1066/1066/1066 966/966/966 1067/1067/1067
f 1068/1068/1068 1066/1066/1066 1067/1067/1067
f 1068/1068/1068 1067/1067/1067 1069/1069/1069
f 1070/1070/1070 1048/1048/1048 1049/1049/1049
f 1070/1070/1070 1049/1049/1049 1071/1071/1071
f 1071/1071/1071 1049/1049/1049 1051/1051/1051
f 1071/1071/1071 1051/1051/1051 1072/1072/1072
f 1073/1073/1073 1054/1054/1054 1055/1055/1055
f 1073/1073/1073 1055/1055/1055 1074/1074/1074
f 1074/1074/1074 1055/1055/1055 1057/1057/1057
f 1074/1074/1074 1057/1057/1057 1075/1075/1075
f 1072/1072/1072 1051/1051/1051 1059/1059/1059
f 1072/1072/1072 1059/1059/1059 1076/1076/1076
f 1077/1077/1077 1061/1061/1061 1054/1054/1054
f 1077/1077/1077 1054/1054/1054 1073/1073/1073
f 1078/1078/1078 1064/1064/1064 1065/1065/1065
f 1078/1078/1078 1065/1065/1065 1079/1079/1079
f 1080/1080/1080 1068/1068/1068 1069/1069/1069
f 1080/1080/1080 1069/1069/1069 1081/1081/1081
f 1082/1082/1082 1073/1073/1073 1074/1074/1074
f 1082/1082/1082 1074/1074/1074 1083/1083/1083
f 1084/1084/1084 1082/1082/1082 1083/1083/1083
f 1084/1084/1084 1083/1083/1083 1085/1085/1085
f 1083/1083/1083 1074/1074/1074 1075/1075/1075
f 1083/1083/1083 1075/1075/1075 1086/1086/1086
f 1085/1085/1085 1083/1083/1083 1086/1086/1086
f 1085/1085/1085 1086/1086/1086 1087/1087/1087
f 1088/1088/1088 1089/1089/1089 1090/1090/1090
f 1088/1088/1088 1090/1090/1090 1091/1091/1091
f 1092/1092/1092 1088/1088/1088 1091/1091/1091
f 1092/1092/1092 1091/1091/1091 1093/1093/1093
f 1091/1091/1091 1090/1090/1090 1094/1094/1094
f 1091/1091/1091 1094/1094/1094 1095/1095/1095
f 1093/1093/1093 1091/1091/1091 1095/1095/1095
f 1093/1093/1093 1095/1095/1095 1096/1096/1096
f 1097/1097/1097 1077/1077/1077 1073/1073/1073
f 1097/1097/1097 1073/1073/1073 1082/1082/1082
f 1098/1098/1098 1097/1097/1097 1082/1082/1082
f 1098/1098/1098 1082/1082/1082 1084/1084/1084
f 1095/1095/1095 1094/1094/1094 1099/1099/1099
f 1095/1095/1095 1099/1099/1099 1100/1100/1100
f 1096/1096/1096 1095/1095/1095 1100/1100/1100
f 1096/1096/1096 1100/1100/1100 1101/1101/1101
f 1102/1102/1102 1078/1078/1078 1103/1103/1103
f 1102/1102/1102 1103/1103/1103 1104/1104/1104
f 1105/1105/1105 1102/1102/1102 1104/1104/1104
f 1105/1105/1105 1104/1104/1104 1106/1106/1106
f 1107/1107/1107 1108/1108/1108 1081/1081/1081
f 1107/1107/1107 1081/1081/1081 1109/1109/1109
f 1110/1110/1110 1107/1107/1107 1109/1109/1109
f 1110/1110/1110 1109/1109/1109 1111/1111/1111
f 1112/1112/1112 1084/1084/1084 1085/1085/1085
f 1112/1112/1112 1085/1085/1085 1113/1113/1113
f 1113/1113/1113 1085/1085/1085 1087/1087/1087
f 1113/1113/1113 1087/1087/1087 1114/1114/1114
f 1115/1115/1115 1092/1092/1092 1093/1093/1093
f 1115/1115/1115 1093/1093/1093 1116/1116/1116
f 1116/1116/1116 1093/1093/1093 1096/1096/1096
f 1116/1116/1116 1096/1096/1096 1117/1117/1117
f 1118/1118/1118 1098/1098/1098 1084/1084/1084
f 1118/1118/1118 1084/1084/1084 1112/1112/1112
f 1117/1117/1117 1096/1096/1096 1101/1101/1101
f 1117/1117/1117 1101/1101/1101 1119/1119/1119
f 1120/1120/1120 1105/1105/1105 1106/1106/1106
f 1120/1120/1120 1106/1106/1106 1121/1121/1121
f 1122/1122/1122 1110/1110/1110 1111/1111/1111
f 1122/1122/1122 1111/1111/1111 1123/1123/1123
f 1124/1124/1124 1115/1115/1115 1116/1116/1116
f 1124/1124/1124 1116/1116/1116 1125/1125/1125
f 1126/1126/1126 1124/1124/1124 1125/1125/1125
f 1126/1126/1126 1125/1125/1125 1127/1127/1127
f 1125/1125/1125 1116/1116/1116 1117/1117/1117
f 1125/1125/1125 1117/1117/1117 1128/1128/1128
f 1127/1127/1127 1125/1125/1125 1128/1128/1128
f 1127/1127/1127 1128/1128/1128 1129/1129/1129
f 1130/1130/1130 1131/1131/1131 1132/1132/1132
f 1130/1130/1130 1132/1132/1132 1133/1133/1133
f 1134/1134/1134 1130/1130/1130 1133/1133/1133
f 1134/1134/1134 1133/1133/1133 1135/1135/1135
f 1133/1133/1133 1132/1132/1132 1136/1136/1136
f 1133/1133/1133 1136/1136/1136 1137/1137/1137
f 1135/1135/1135 1133/1133/1133 1137/1137/1137
f 1135/1135/1135 1137/1137/1137 1138/1138/1138
f 1128/1128/1128 1117/1117/1117 1119/1119/1119
f 1128/1128/1128 1119/1119/1119 1139/1139/1139
f 1129/1129/1129 1128/1128/1128 1139/1139/1139
f 1129/1129/1129 1139/1139/1139 1140/1140/1140
f 1141/1141/1141 1142/1142/1142 1131/1131/1131
f 1141/1141/1141 1131/1131/1131 1130/1130/1130
f 1143/1143/1143 1141/1141/1141 1130/1130/1130
f 1143/1143/1143 1130/1130/1130 1134/1134/1134
f 1144/1144/1144 1145/1145/1145 1121/1121/1121
f 1144/1144/1144 1121/1121/1121 1146/1146/1146
f 1147/1147/1147 1144/1144/1144 1146/1146/1146
f 1147/1147/1147 1146/1146/1146 1148/1148/1148
f 1149/1149/1149 1122/1122/1122 1150/1150/1150
f 1149/1149/1149 1150/1150/1150 1151/1151/1151
f 1152/1152/1152 1149/1149/1149 1151/1151/1151
f 1152/1152/1152 1151/1151/1151 1153/1153/1153
f 1154/1154/1154 1126/1126/1126 1127/1127/1127
f 1154/1154/1154 1127/1127/1127 1155/1155/1155
f 1155/1155/1155 1127/1127/1127 1129/1129/1129
f 1155/1155/1155 1129/1129/1129 1156/1156/1156
f 1157/1157/1157 1134/1134/1134 1135/1135/1135
f 1157/1157/1157 1135/1135/1135 1158/1158/1158
f 1158/1158/1158 1135/1135/1135 1138/1138/1138
f 1158/1158/1158 1138/1138/1138 1159/1159/1159
f 1156/1156/1156 1129/1129/1129 1140/1140/1140
f 1156/1156/1156 1140/1140/1140 1160/1160/1160
f 1161/1161/1161 1143/1143/1143 1134/1134/1134
f 1161/1161/1161 1134/1134/1134 1157/1157/1157
f 1162/1162/1162 1147/1147/1147 1148/1148/1148
f 1162/1162/1162 1148/1148/1148 1163/1163/1163
f 1164/1164/1164 1152/1152/1152 1153/1153/1153
f 1164/1164/1164 1153/1153/1153 1165/1165/1165
f 1166/1166/1166 1167/1167/1167 1168/1168/1168
f 1166/1166/1166 1168/1168/1168 1169/1169/1169
f 1170/1170/1170 1166/1166/1166 1169/1169/1169
f 1170/1170/1170 1169/1169/1169 1171/1171/1171
f 1169/1169/1169 1168/1168/1168 1172/1172/1172
f 1169/1169/1169 1172/1172/1172 1173/1173/1173
f 1171/1171/1171 1169/1169/1169 1173/1173/1173
f 1171/1171/1171 1173/1173/1173 1174/1174/1174
f 1175/1175/1175 1176/1176/1176 1177/1177/1177
f 1175/1175/1175 1177/1177/1177 1178/1178/1178
f 1156/1156/1156 1175/1175/1175 1178/1178/1178
f 1156/1156/1156 1178/1178/1178 1155/1155/1155
f 1178/1178/1178 1177/1177/1177 1179/1179/1179
f 1178/1178/1178 1179/1179/1179 1180/1180/1180
f 1155/1155/1155 1178/1178/1178 1180/1180/1180
f 1155/1155/1155 1180/1180/1180 1154/1154/1154
f 1173/1173/1173 1172/1172/1172 1181/1181/1181
f 1173/1173/1173 1181/1181/1181 1182/1182/1182
f 1174/1174/1174 1173/1173/1173 1182/1182/1182
f 1174/1174/1174 1182/1182/1182 1183/1183/1183
f 1184/1184/1184 1185/1185/1185 1176/1176/1176
f 1184/1184/1184 1176/1176/1176 1175/1175/1175
f 1160/1160/1160 1184/1184/1184 1175/1175/1175
f 1160/1160/1160 1175/1175/1175 1156/1156/1156
f 1186/1186/1186 1187/1187/1187 1188/1188/1188
f 1186/1186/1186 1188/1188/1188 1189/1189/1189
f 1190/1190/1190 1186/1186/1186 1189/1189/1189
f 1190/1190/1190 1189/1189/1189 1164/1164/1164
f 1191/1191/1191 1192/1192/1192 1193/1193/1193
f 1191/1191/1191 1193/1193/1193 1194/1194/1194
f 1163/1163/1163 1191/1191/1191 1194/1194/1194
f 1163/1163/1163 1194/1194/1194 1195/1195/1195
f 1167/1167/1167 1196/1196/1196 1197/1197/1197
f 1167/1167/1167 1197/1197/1197 1168/1168/1168
f 1168/1168/1168 1197/1197/1197 1198/1198/1198
f 1168/1168/1168 1198/1198/1198 1172/1172/1172
f 1176/1176/1176 1199/1199/1199 1200/1200/1200
f 1176/1176/1176 1200/1200/1200 1177/1177/1177
f 1177/1177/1177 1200/1200/1200 1201/1201/1201
f 1177/1177/1177 1201/1201/1201 1179/1179/1179
f 1172/1172/1172 1198/1198/1198 1202/1202/1202
f 1172/1172/1172 1202/1202/1202 1181/1181/1181
f 1185/1185/1185 1203/1203/1203 1199/1199/1199
f 1185/1185/1185 1199/1199/1199 1176/1176/1176
f 1187/1187/1187 1204/1204/1204 1205/1205/1205
f 1187/1187/1187 1205/1205/1205 1188/1188/1188
f 1192/1192/1192 1206/1206/1206 1207/1207/1207
f 1192/1192/1192 1207/1207/1207 1193/1193/1193
f 1208/1208/1208 1198/1198/1198 1197/1197/1197
f 1208/1208/1208 1197/1197/1197 1209/1209/1209
f 1210/1210/1210 1208/1208/1208 1209/1209/1209
f 1210/1210/1210 1209/1209/1209 1211/1211/1211
f 1209/1209/1209 1197/1197/1197 1196/1196/1196
f 1209/1209/1209 1196/1196/1196 1212/1212/1212
f 1211/1211/1211 1209/1209/1209 1212/1212/1212
f 1211/1211/1211 1212/1212/1212 1213/1213/1213
f 1214/1214/1214 1215/1215/1215 1216/1216/1216
f 1214/1214/1214 1216/1216/1216 1217/1217/1217
f 1218/1218/1218 1214/1214/1214 1217/1217/1217
f 1218/1218/1218 1217/1217/1217 1219/1219/1219
f 1217/1217/1217 1216/1216/1216 1220/1220/1220
f 1217/1217/1217 1220/1220/1220 1221/1221/1221
f 1219/1219/1219 1217/1217/1217 1221/1221/1221
f 1219/1219/1219 1221/1221/1221 1222/1222/1222
f 1223/1223/1223 1202/1202/1202 1198/1198/1198
f 1223/1223/1223 1198/1198/1198 1208/1208/1208
f 1224/1224/1224 1223/1223/1223 1208/1208/1208
f 1224/1224/1224 1208/1208/1208 1210/1210/1210
f 1221/1221/1221 1220/1220/1220 1225/1225/1225
f 1221/1221/1221 1225/1225/1225 1226/1226/1226
f 1222/1222/1222 1221/1221/1221 1226/1226/1226
f 1222/1222/1222 1226/1226/1226 1227/1227/1227
f 1228/1228/1228 1229/1229/1229 1204/1204/1204
f 1228/1228/1228 1204/1204/1204 1230/1230/1230
f 1231/1231/1231 1228/1228/1228 1230/1230/1230
f 1231/1231/1231 1230/1230/1230 1232/1232/1232
f 1233/1233/1233 1207/1207/1207 1234/1234/1234
f 1233/1233/1233 1234/1234/1234 1235/1235/1235
f 1236/1236/1236 1233/1233/1233 1235/1235/1235
f 1236/1236/1236 1235/1235/1235 1237/1237/1237
f 1238/1238/1238 1210/1210/1210 1211/1211/1211
f 1238/1238/1238 1211/1211/1211 1239/1239/1239
f 1239/1239/1239 1211/1211/1211 1213/1213/1213
f 1239/1239/1239 1213/1213/1213 1240/1240/1240
f 1241/1241/1241 1218/1218/1218 1219/1219/1219
f 1241/1241/1241 1219/1219/1219 1242/1242/1242
f 1242/1242/1242 1219/1219/1219 1222/1222/1222
f 1242/1242/1242 1222/1222/1222 1243/1243/1243
f 1244/1244/1244 1224/1224/1224 1210/1210/1210
f 1244/1244/1244 1210/1210/1210 1238/1238/1238
f 1243/1243/1243 1222/1222/1222 1227/1227/1227
f 1243/1243/1243 1227/1227/1227 1245/1245/1245
f 1246/1246/1246 1231/1231/1231 1232/1232/1232
f 1246/1246/1246 1232/1232/1232 1247/1247/1247
f 1248/1248/1248 1236/1236/1236 1237/1237/1237
f 1248/1248/1248 1237/1237/1237 1249/1249/1249
f 1250/1250/1250 1251/1251/1251 1252/1252/1252
f 1250/1250/1250 1252/1252/1252 1253/1253/1253
f 1254/1254/1254 1250/1250/1250 1253/1253/1253
f 1254/1254/1254 1253/1253/1253 1255/1255/1255
f 1253/1253/1253 1252/1252/1252 1256/1256/1256
f 1253/1253/1253 1256/1256/1256 1257/1257/1257
f 1255/1255/1255 1253/1253/1253 1257/1257/1257
f 1255/1255/1255 1257/1257/1257 1258/1258/1258
f 1259/1259/1259 1238/1238/1238 1239/1239/1239
f 1259/1259/1259 1239/1239/1239 1260/1260/1260
f 1261/1261/1261 1259/1259/1259 1260/1260/1260
f 1261/1261/1261 1260/1260/1260 1262/1262/1262
f 1260/1260/1260 1239/1239/1239 1240/1240/1240
f 1260/1260/1260 1240/1240/1240 1263/1263/1263
f 1262/1262/1262 1260/1260/1260 1263/1263/1263
f 1262/1262/1262 1263/1263/1263 1264/1264/1264
f 1257/1257/1257 1256/1256/1256 1265/1265/1265
f 1257/1257/1257 1265/1265/1265 1266/1266/1266
f 1258/1258/1258 1257/1257/1257 1266/1266/1266
f 1258/1258/1258 1266/1266/1266 1267/1267/1267
f 1268/1268/1268 1244/1244/1244 1238/1238/1238
f 1268/1268/1268 1238/1238/1238 1259/1259/1259
f 1269/1269/1269 1268/1268/1268 1259/1259/1259
f 1269/1269/1269 1259/1259/1259 1261/1261/1261
f 1270/1270/1270 1271/1271/1271 1247/1247/1247
f 1270/1270/1270 1247/1247/1247 1272/1272/1272
f 1273/1273/1273 1270/1270/1270 1272/1272/1272
f 1273/1273/1273 1272/1272/1272 1274/1274/1274
f 1275/1275/1275 1248/1248/1248 1276/1276/1276
f 1275/1275/1275 1276/1276/1276 1277/1277/1277
f 1278/1278/1278 1275/1275/1275 1277/1277/1277
f 1278/1278/1278 1277/1277/1277 1279/1279/1279
f 1280/1280/1280 1281/1281/1281 1282/1282/1282
f 1280/1280/1280 1282/1282/1282 1283/1283/1283
f 1284/1284/1284 1280/1280/1280 1283/1283/1283
f 1284/1284/1284 1283/1283/1283 1285/1285/1285
f 1283/1283/1283 1282/1282/1282 1286/1286/1286
f 1283/1283/1283 1286/1286/1286 1287/1287/1287
f 1285/1285/1285 1283/1283/1283 1287/1287/1287
f 1285/1285/1285 1287/1287/1287 1288/1288/1288
f 1289/1289/1289 1290/1290/1290 1291/1291/1291
f 1289/1289/1289 1291/1291/1291 1292/1292/1292
f 1293/1293/1293 1289/1289/1289 1292/1292/1292
f 1293/1293/1293 1292/1292/1292 1294/1294/1294
f 1292/1292/1292 1291/1291/1291 1295/1295/1295
f 1292/1292/1292 1295/1295/1295 1296/1296/1296
f 1294/1294/1294 1292/1292/1292 1296/1296/1296
f 1294/1294/1294 1296/1296/1296 1297/1297/1297
f 1298/1298/1298 1299/1299/1299 1281/1281/1281
f 1298/1298/1298 1281/1281/1281 1280/1280/1280
f 1300/1300/1300 1298/1298/1298 1280/1280/1280
f 1300/1300/1300 1280/1280/1280 1284/1284/1284
f 1296/1296/1296 1295/1295/1295 1301/1301/1301
f 1296/1296/1296 1301/1301/1301 1302/1302/1302
f 1297/1297/1297 1296/1296/1296 1302/1302/1302
f 1297/1297/1297 1302/1302/1302 1303/1303/1303
f 1304/1304/1304 1305/1305/1305 1306/1306/1306
f 1304/1304/1304 1306/1306/1306 1307/1307/1307
f 1308/1308/1308 1304/1304/1304 1307/1307/1307
f 1308/1308/1308 1307/1307/1307 1309/1309/1309
f 1310/1310/1310 1311/1311/1311 1312/1312/1312
f 1310/1310/1310 1312/1312/1312 1313/1313/1313
f 1314/1314/1314 1310/1310/1310 1313/1313/1313
f 1314/1314/1314 1313/1313/1313 1315/1315/1315
f 1316/1316/1316 1284/1284/1284 1285/1285/1285
f 1316/1316/1316 1285/1285/1285 1317/1317/1317
f 1317/1317/1317 1285/1285/1285 1288/1288/1288
f 1317/1317/1317 1288/1288/1288 1318/1318/1318
f 1319/1319/1319 1293/1293/1293 1294/1294/1294
f 1319/1319/1319 1294/1294/1294 1320/1320/1320
f 1320/1320/1320 1294/1294/1294 1297/1297/1297
f 1320/1320/1320 1297/1297/1297 1321/1321/1321
f 1322/1322/1322 1300/1300/1300 1284/1284/1284
f 1322/1322/1322 1284/1284/1284 1316/1316/1316
f 1321/1321/1321 1297/1297/1297 1303/1303/1303
f 1321/1321/1321 1303/1303/1303 1323/1323/1323
f 1324/1324/1324 1308/1308/1308 1309/1309/1309
f 1324/1324/1324 1309/1309/1309 1325/1325/1325
f 1326/1326/1326 1314/1314/1314 1315/1315/1315
f 1326/1326/1326 1315/1315/1315 1327/1327/1327
f 1328/1328/1328 1329/1329/1329 1330/1330/1330
f 1328/1328/1328 1330/1330/1330 1331/1331/1331
f 1332/1332/1332 1328/1328/1328 1331/1331/1331
f 1332/1332/1332 1331/1331/1331 1333/1333/1333
f 1331/1331/1331 1330/1330/1330 1334/1334/1334
f 1331/1331/1331 1334/1334/1334 1335/1335/1335
f 1333/1333/1333 1331/1331/1331 1335/1335/1335
f 1333/1333/1333 1335/1335/1335 1336/1336/1336
f 1337/1337/1337 1338/1338/1338 1339/1339/1339
f 1337/1337/1337 1339/1339/1339 1340/1340/1340
f 1341/1341/1341 1337/1337/1337 1340/1340/1340
f 1341/1341/1341 1340/1340/1340 1342/1342/1342
f 1340/1340/1340 1339/1339/1339 1343/1343/1343
f 1340/1340/1340 1343/1343/1343 1344/1344/1344
f 1342/1342/1342 1340/1340/1340 1344/1344/1344
f 1342/1342/1342 1344/1344/1344 1345/1345/1345
f 1335/1335/1335 1334/1334/1334 1327/1327/1327
f 1335/1335/1335 1327/1327/1327 1346/1346/1346
f 1336/1336/1336 1335/1335/1335 1346/1346/1346
f 1336/1336/1336 1346/1346/1346 1347/1347/1347
f 1348/1348/1348 1324/1324/1324 1338/1338/1338
f 1348/1348/1348 1338/1338/1338 1337/1337/1337
f 1349/1349/1349 1348/1348/1348 1337/1337/1337
f 1349/1349/1349 1337/1337/1337 1341/1341/1341
f 1350/1350/1350 1319/1319/1319 1320/1320/1320
f 1350/1350/1350 1320/1320/1320 1351/1351/1351
f 1352/1352/1352 1350/1350/1350 1351/1351/1351
f 1352/1352/1352 1351/1351/1351 1353/1353/1353
f 1351/1351/1351 1320/1320/1320 1321/1321/1321
f 1351/1351/1351 1321/1321/1321 1354/1354/1354
f 1353/1353/1353 1351/1351/1351 1354/1354/1354
f 1353/1353/1353 1354/1354/1354 1355/1355/1355
f 1356/1356/1356 1357/1357/1357 1358/1358/1358
f 1356/1356/1356 1358/1358/1358 1359/1359/1359
f 1360/1360/1360 1356/1356/1356 1359/1359/1359
f 1360/1360/1360 1359/1359/1359 1361/1361/1361
f 1359/1359/1359 1358/1358/1358 1362/1362/1362
f 1359/1359/1359 1362/1362/1362 1363/1363/1363
f 1361/1361/1361 1359/1359/1359 1363/1363/1363
f 1361/1361/1361 1363/1363/1363 1364/1364/1364
f 1354/1354/1354 1321/1321/1321 1323/1323/1323
f 1354/1354/1354 1323/1323/1323 1365/1365/1365
f 1355/1355/1355 1354/1354/1354 1365/1365/1365
f 1355/1355/1355 1365/1365/1365 1366/1366/1366
f 1367/1367/1367 1368/1368/1368 1357/1357/1357
f 1367/1367/1367 1357/1357/1357 1356/1356/1356
f 1369/1369/1369 1367/1367/1367 1356/1356/1356
f 1369/1369/1369 1356/1356/1356 1360/1360/1360
f 1290/1290/1290 1254/1254/1254 1255/1255/1255
f 1290/1290/1290 1255/1255/1255 1291/1291/1291
f 1291/1291/1291 1255/1255/1255 1258/1258/1258
f 1291/1291/1291 1258/1258/1258 1295/1295/1295
f 1370/1370/1370 1261/1261/1261 1262/1262/1262
f 1370/1370/1370 1262/1262/1262 1371/1371/1371
f 1371/1371/1371 1262/1262/1262 1264/1264/1264
f 1371/1371/1371 1264/1264/1264 1372/1372/1372
f 1295/1295/1295 1258/1258/1258 1267/1267/1267
f 1295/1295/1295 1267/1267/1267 1301/1301/1301
f 1373/1373/1373 1269/1269/1269 1261/1261/1261
f 1373/1373/1373 1261/1261/1261 1370/1370/1370
f 1305/1305/1305 1273/1273/1273 1274/1274/1274
f 1305/1305/1305 1274/1274/1274 1374/1374/1374
f 1375/1375/1375 1278/1278/1278 1279/1279/1279
f 1375/1375/1375 1279/1279/1279 1312/1312/1312
f 1376/1376/1376 1377/1377/1377 1378/1378/1378
f 1376/1376/1376 1378/1378/1378 1379/1379/1379
f 1380/1380/1380 1376/1376/1376 1379/1379/1379
f 1380/1380/1380 1379/1379/1379 1381/1381/1381
f 1379/1379/1379 1378/1378/1378 1382/1382/1382
f 1379/1379/1379 1382/1382/1382 1383/1383/1383
f 1381/1381/1381 1379/1379/1379 1383/1383/1383
f 1381/1381/1381 1383/1383/1383 1384/1384/1384
f 1385/1385/1385 1386/1386/1386 1387/1387/1387
f 1385/1385/1385 1387/1387/1387 1388/1388/1388
f 1389/1389/1389 1385/1385/1385 1388/1388/1388
f 1389/1389/1389 1388/1388/1388 1390/1390/1390
f 1388/1388/1388 1387/1387/1387 1391/1391/1391
f 1388/1388/1388 1391/1391/1391 1392/1392/1392
f 1390/1390/1390 1388/1388/1388 1392/1392/1392
f 1390/1390/1390 1392/1392/1392 1393/1393/1393
f 1394/1394/1394 1395/1395/1395 1377/1377/1377
f 1394/1394/1394 1377/1377/1377 1376/1376/1376
f 1396/1396/1396 1394/1394/1394 1376/1376/1376
f 1396/1396/1396 1376/1376/1376 1380/1380/1380
f 1392/1392/1392 1391/1391/1391 1397/1397/1397
f 1392/1392/1392 1397/1397/1397 1398/1398/1398
f 1393/1393/1393 1392/1392/1392 1398/1398/1398
f 1393/1393/1393 1398/1398/1398 1399/1399/1399
f 1400/1400/1400 1401/1401/1401 1332/1332/1332
f 1400/1400/1400 1332/1332/1332 1333/1333/1333
f 1402/1402/1402 1400/1400/1400 1333/1333/1333
f 1402/1402/1402 1333/1333/1333 1336/1336/1336
f 1403/1403/1403 1404/1404/1404 1341/1341/1341
f 1403/1403/1403 1341/1341/1341 1342/1342/1342
f 1405/1405/1405 1403/1403/1403 1342/1342/1342
f 1405/1405/1405 1342/1342/1342 1345/1345/1345
f 1406/1406/1406 1407/1407/1407 1343/1343/1343
f 1406/1406/1406 1343/1343/1343 1339/1339/1339
f 1408/1408/1408 1406/1406/1406 1339/1339/1339
f 1408/1408/1408 1339/1339/1339 1338/1338/1338
f 1409/1409/1409 1410/1410/1410 1334/1334/1334
f 1409/1409/1409 1334/1334/1334 1330/1330/1330
f 1411/1411/1411 1409/1409/1409 1330/1330/1330
f 1411/1411/1411 1330/1330/1330 1329/1329/1329
f 1377/1377/1377 1316/1316/1316 1317/1317/1317
f 1377/1377/1377 1317/1317/1317 1378/1378/1378
f 1378/1378/1378 1317/1317/1317 1318/1318/1318
f 1378/1378/1378 1318/1318/1318 1382/1382/1382
f 1386/1386/1386 1412/1412/1412 1413/1413/1413
f 1386/1386/1386 1413/1413/1413 1387/1387/1387
f 1387/1387/1387 1413/1413/1413 1414/1414/1414
f 1387/1387/1387 1414/1414/1414 1391/1391/1391
f 1395/1395/1395 1322/1322/1322 1316/1316/1316
f 1395/1395/1395 1316/1316/1316 1377/1377/1377
f 1391/1391/1391 1414/1414/1414 1415/1415/1415
f 1391/1391/1391 1415/1415/1415 1397/1397/1397
f 1416/1416/1416 1402/1402/1402 1336/1336/1336
f 1416/1416/1416 1336/1336/1336 1347/1347/1347
f 1404/1404/1404 1417/1417/1417 1349/1349/1349
f 1404/1404/1404 1349/1349/1349 1341/1341/1341
f 1325/1325/1325 1408/1408/1408 1338/1338/1338
f 1325/1325/1325 1338/1338/1338 1324/1324/1324
f 1410/1410/1410 1326/1326/1326 1327/1327/1327
f 1410/1410/1410 1327/1327/1327 1334/1334/1334
f 1418/1418/1418 1419/1419/1419 1352/1352/1352
f 1418/1418/1418 1352/1352/1352 1353/1353/1353
f 1420/1420/1420 1418/1418/1418 1353/1353/1353
f 1420/1420/1420 1353/1353/1353 1355/1355/1355
f 1390/1390/1390 1393/1393/1393 1360/1360/1360
f 1390/1390/1390 1360/1360/1360 1361/1361/1361
f 1389/1389/1389 1390/1390/1390 1361/1361/1361
f 1389/1389/1389 1361/1361/1361 1364/1364/1364
f 1421/1421/1421 1422/1422/1422 1170/1170/1170
f 1421/1421/1421 1170/1170/1170 1171/1171/1171
f 1423/1423/1423 1421/1421/1421 1171/1171/1171
f 1423/1423/1423 1171/1171/1171 1174/1174/1174
f 1200/1200/1200 1199/1199/1199 1424/1424/1424
f 1200/1200/1200 1424/1424/1424 1425/1425/1425
f 1201/1201/1201 1200/1200/1200 1425/1425/1425
f 1201/1201/1201 1425/1425/1425 1426/1426/1426
f 1381/1381/1381 1384/1384/1384 1362/1362/1362
f 1381/1381/1381 1362/1362/1362 1358/1358/1358
f 1380/1380/1380 1381/1381/1381 1358/1358/1358
f 1380/1380/1380 1358/1358/1358 1357/1357/1357
f 1427/1427/1427 1428/1428/1428 1241/1241/1241
f 1427/1427/1427 1241/1241/1241 1242/1242/1242
f 1429/1429/1429 1427/1427/1427 1242/1242/1242
f 1429/1429/1429 1242/1242/1242 1243/1243/1243
f 1427/1427/1427 1429/1429/1429 1256/1256/1256
f 1427/1427/1427 1256/1256/1256 1252/1252/1252
f 1428/1428/1428 1427/1427/1427 1252/1252/1252
f 1428/1428/1428 1252/1252/1252 1251/1251/1251
f 1430/1430/1430 1431/1431/1431 1370/1370/1370
f 1430/1430/1430 1370/1370/1370 1371/1371/1371
f 1432/1432/1432 1430/1430/1430 1371/1371/1371
f 1432/1432/1432 1371/1371/1371 1372/1372/1372
f 1282/1282/1282 1281/1281/1281 1431/1431/1431
f 1282/1282/1282 1431/1431/1431 1430/1430/1430
f 1286/1286/1286 1282/1282/1282 1430/1430/1430
f 1286/1286/1286 1430/1430/1430 1432/1432/1432
f 1216/1216/1216 1215/1215/1215 1426/1426/1426
f 1216/1216/1216 1426/1426/1426 1425/1425/1425
f 1220/1220/1220 1216/1216/1216 1425/1425/1425
f 1220/1220/1220 1425/1425/1425 1424/1424/1424
f 1421/1421/1421 1423/1423/1423 1157/1157/1157
f 1421/1421/1421 1157/1157/1157 1158/1158/1158
f 1422/1422/1422 1421/1421/1421 1158/1158/1158
f 1422/1422/1422 1158/1158/1158 1159/1159/1159
f 1132/1132/1132 1131/1131/1131 1433/1433/1433
f 1132/1132/1132 1433/1433/1433 1434/1434/1434
f 1136/1136/1136 1132/1132/1132 1434/1434/1434
f 1136/1136/1136 1434/1434/1434 1435/1435/1435
f 1434/1434/1434 1433/1433/1433 1112/1112/1112
f 1434/1434/1434 1112/1112/1112 1113/1113/1113
f 1435/1435/1435 1434/1434/1434 1113/1113/1113
f 1435/1435/1435 1113/1113/1113 1114/1114/1114
f 1436/1436/1436 1437/1437/1437 1094/1094/1094
f 1436/1436/1436 1094/1094/1094 1090/1090/1090
f 1438/1438/1438 1436/1436/1436 1090/1090/1090
f 1438/1438/1438 1090/1090/1090 1089/1089/1089
f 1436/1436/1436 1438/1438/1438 1070/1070/1070
f 1436/1436/1436 1070/1070/1070 1071/1071/1071
f 1437/1437/1437 1436/1436/1436 1071/1071/1071
f 1437/1437/1437 1071/1071/1071 1072/1072/1072
f 1042/1042/1042 1041/1041/1041 1013/1013/1013
f 1042/1042/1042 1013/1013/1013 1012/1012/1012
f 1043/1043/1043 1042/1042/1042 1012/1012/1012
f 1043/1043/1043 1012/1012/1012 1011/1011/1011
f 1439/1439/1439 1420/1420/1420 1355/1355/1355
f 1439/1439/1439 1355/1355/1355 1366/1366/1366
f 1393/1393/1393 1399/1399/1399 1369/1369/1369
f 1393/1393/1393 1369/1369/1369 1360/1360/1360
f 1440/1440/1440 1423/1423/1423 1174/1174/1174
f 1440/1440/1440 1174/1174/1174 1183/1183/1183
f 1199/1199/1199 1203/1203/1203 1441/1441/1441
f 1199/1199/1199 1441/1441/1441 1424/1424/1424
f 1396/1396/1396 1380/1380/1380 1357/1357/1357
f 1396/1396/1396 1357/1357/1357 1368/1368/1368
f 1442/1442/1442 1429/1429/1429 1243/1243/1243
f 1442/1442/1442 1243/1243/1243 1245/1245/1245
f 1429/1429/1429 1442/1442/1442 1265/1265/1265
f 1429/1429/1429 1265/1265/1265 1256/1256/1256
f 1431/1431/1431 1443/1443/1443 1373/1373/1373
f 1431/1431/1431 1373/1373/1373 1370/1370/1370
f 1281/1281/1281 1299/1299/1299 1443/1443/1443
f 1281/1281/1281 1443/1443/1443 1431/1431/1431
f 1225/1225/1225 1220/1220/1220 1424/1424/1424
f 1225/1225/1225 1424/1424/1424 1441/1441/1441
f 1423/1423/1423 1440/1440/1440 1161/1161/1161
f 1423/1423/1423 1161/1161/1161 1157/1157/1157
f 1131/1131/1131 1142/1142/1142 1444/1444/1444
f 1131/1131/1131 1444/1444/1444 1433/1433/1433
f 1433/1433/1433 1444/1444/1444 1118/1118/1118
f 1433/1433/1433 1118/1118/1118 1112/1112/1112
f 1437/1437/1437 1445/1445/1445 1099/1099/1099
f 1437/1437/1437 1099/1099/1099 1094/1094/1094
f 1445/1445/1445 1437/1437/1437 1072/1072/1072
f 1445/1445/1445 1072/1072/1072 1076/1076/1076
f 1041/1041/1041 1045/1045/1045 1015/1015/1015
f 1041/1041/1041 1015/1015/1015 1013/1013/1013
f 1446/1446/1446 855/855/855 873/873/873
f 1446/1446/1446 873/873/873 1447/1447/1447
f 1448/1448/1448 1447/1447/1447 873/873/873
f 1448/1448/1448 873/873/873 870/870/870
f 1448/1448/1448 870/870/870 867/867/867
f 1448/1448/1448 867/867/867 1449/1449/1449
f 1450/1450/1450 1449/1449/1449 867/867/867
f 1450/1450/1450 867/867/867 864/864/864
f 1450/1450/1450 864/864/864 861/861/861
f 1450/1450/1450 861/861/861 1451/1451/1451
f 1452/1452/1452 1451/1451/1451 861/861/861
f 1452/1452/1452 861/861/861 858/858/858
f 1453/1453/1453 1452/1452/1452 858/858/858
f 1453/1453/1453 858/858/858 854/854/854
f 1453/1453/1453 854/854/854 855/855/855
f 1453/1453/1453 855/855/855 1446/1446/1446
f 1447/1447/1447 1454/1454/1454 1453/1453/1453
f 1447/1447/1447 1453/1453/1453 1446/1446/1446
f 1447/1447/1447 1448/1448/1448 1449/1449/1449
f 1447/1447/1447 1449/1449/1449 1454/1454/1454
f 1449/1449/1449 1450/1450/1450 1451/1451/1451
f 1449/1449/1449 1451/1451/1451 1454/1454/1454
f 1451/1451/1451 1452/1452/1452 1453/1453/1453
f 1451/1451/1451 1453/1453/1453 1454/1454/1454
f 1455/1455/1455 1456/1456/1456 1457/1457/1457
f 1455/1455/1455 1457/1457/1457 1458/1458/1458
f 1459/1459/1459 1460/1460/1460 1455/1455/1455
f 1459/1459/1459 1455/1455/1455 1458/1458/1458
f 1461/1461/1461 1462/1462/1462 1459/1459/1459
f 1461/1461/1461 1459/1459/1459 1458/1458/1458
f 1461/1461/1461 1458/1458/1458 1457/1457/1457
f 1461/1461/1461 1457/1457/1457 1463/1463/1463
f 1457/1457/1457 945/945/945 926/926/926
f 1457/1457/1457 926/926/926 1463/1463/1463
f 1457/1457/1457 1456/1456/1456 942/942/942
f 1457/1457/1457 942/942/942 945/945/945
f 1456/1456/1456 1455/1455/1455 939/939/939
f 1456/1456/1456 939/939/939 942/942/942
f 1460/1460/1460 936/936/936 939/939/939
f 1460/1460/1460 939/939/939 1455/1455/1455
f 1460/1460/1460 1459/1459/1459 933/933/933
f 1460/1460/1460 933/933/933 936/936/936
f 1462/1462/1462 930/930/930 933/933/933
f 1462/1462/1462 933/933/933 1459/1459/1459
f 1462/1462/1462 1461/1461/1461 927/927/927
f 1462/1462/1462 927/927/927 930/930/930
f 1463/1463/1463 926/926/926 927/927/927
f 1463/1463/1463 927/927/927 1461/1461/1461
f 1464/1464/1464 1276/1276/1276 1248/1248/1248
f 1464/1464/1464 1248/1248/1248 1249/1249/1249
f 1271/1271/1271 1465/1465/1465 1246/1246/1246
f 1271/1271/1271 1246/1246/1246 1247/1247/1247
f 1311/1311/1311 1466/1466/1466 1375/1375/1375
f 1311/1311/1311 1375/1375/1375 1312/1312/1312
f 1467/1467/1467 1306/1306/1306 1305/1305/1305
f 1467/1467/1467 1305/1305/1305 1374/1374/1374
f 1234/1234/1234 1207/1207/1207 1206/1206/1206
f 1234/1234/1234 1206/1206/1206 1468/1468/1468
f 1204/1204/1204 1229/1229/1229 1469/1469/1469
f 1204/1204/1204 1469/1469/1469 1205/1205/1205
f 1470/1470/1470 1162/1162/1162 1163/1163/1163
f 1470/1470/1470 1163/1163/1163 1195/1195/1195
f 1165/1165/1165 1471/1471/1471 1190/1190/1190
f 1165/1165/1165 1190/1190/1190 1164/1164/1164
f 1472/1472/1472 1150/1150/1150 1122/1122/1122
f 1472/1472/1472 1122/1122/1122 1123/1123/1123
f 1145/1145/1145 1473/1473/1473 1120/1120/1120
f 1145/1145/1145 1120/1120/1120 1121/1121/1121
f 1108/1108/1108 1474/1474/1474 1080/1080/1080
f 1108/1108/1108 1080/1080/1080 1081/1081/1081
f 1475/1475/1475 1103/1103/1103 1078/1078/1078
f 1475/1475/1475 1078/1078/1078 1079/1079/1079
